n_candidates,n_rooftop,n_ground,n_clusters,total_population,total_demand,ip_status,ip_n_sites_all,ip_n_sites,ip_cost,ip_n_core_unreachable,pareto_size,elapsed_s,pop_size,n_gen,seed,pareto_unserved_min,pareto_unserved_max,pareto_time_min,pareto_inequity_min,pareto_inequity_max,pareto_cost_min,pareto_cost_max,equity_gap_ratio,knee_sel,knee_n_sites,knee_total_cost_cny,knee_demand_coverage_pct,knee_population_coverage_pct,knee_mean_access_time_min,knee_worst_group_access_time_min,knee_equity_gini,knee_group_gap_min,knee_group_gap_served_min,knee_n_groups_unserved,knee_groups_all_served,knee_worst_group_access_time_served_min,elapsed_s_sd,elapsed_s_n,pareto_unserved_min_sd,pareto_unserved_min_n,pareto_unserved_max_sd,pareto_unserved_max_n,pareto_time_min_sd,pareto_time_min_n,pareto_inequity_min_sd,pareto_inequity_min_n,pareto_inequity_max_sd,pareto_inequity_max_n,pareto_cost_min_sd,pareto_cost_min_n,pareto_cost_max_sd,pareto_cost_max_n,equity_gap_ratio_sd,equity_gap_ratio_n,knee_n_sites_sd,knee_n_sites_n,knee_total_cost_cny_sd,knee_total_cost_cny_n,knee_demand_coverage_pct_sd,knee_demand_coverage_pct_n,knee_population_coverage_pct_sd,knee_population_coverage_pct_n,knee_mean_access_time_min_sd,knee_mean_access_time_min_n,knee_worst_group_access_time_min_sd,knee_worst_group_access_time_min_n,knee_equity_gini_sd,knee_equity_gini_n,knee_group_gap_min_sd,knee_group_gap_min_n,knee_group_gap_served_min_sd,knee_group_gap_served_min_n,knee_n_groups_unserved_sd,knee_n_groups_unserved_n,knee_worst_group_access_time_served_min_sd,knee_worst_group_access_time_served_min_n,n_reps,parameter,value,ok,run_fingerprint
1275.0,329.0,946.0,5.0,7712263.157209304,50336.68439047781,"{'cost_priority': 'Optimal', 'coverage_priority': 'Optimal'}","{'cost_priority': 10, 'coverage_priority': 10}","[10, 10]","[253717542.6374217, 459173345.28176427]","{'cost_priority': 0, 'coverage_priority': 0}",80.0,56.25,80.0,60.0,46.5,6.06135792694622,1829.0109480438,284729.140182319,5.972889917574317,10.358303255497502,253717542.6374217,19917380971.73577,1.7347201148140168,"[3, 33, 34, 41, 46, 54, 63, 65, 66, 75, 76, 99, 108, 110, 119, 120, 123, 124, 125, 126, 127, 137, 138, 141, 156, 158, 165, 169, 170, 182, 185, 192, 197, 198, 199, 224, 237, 240, 244, 248, 252, 255, 259, 262, 264, 268, 270, 278, 282, 287, 321, 333, 335, 343, 358, 363, 367, 375, 385, 392, 402, 403, 406, 408, 418, 421, 451, 453, 454, 461, 465, 475, 482, 483, 510, 516, 523, 525, 530, 540, 553, 554, 556, 559, 560, 562, 569, 578, 603, 614, 616, 619, 621, 622, 646, 649, 652, 665, 668, 672, 674, 676, 682, 689, 692, 697, 701, 706, 715, 716, 733, 735, 737, 748, 754, 767, 770, 778, 782, 793, 812, 821, 854, 855, 858, 877, 879, 882, 883, 887, 891, 896, 900, 911, 915, 916, 918, 920, 922, 923, 932, 947, 951, 975, 976, 984, 1005, 1020, 1026, 1048, 1071, 1087, 1094, 1110, 1121, 1123, 1125, 1134, 1136, 1142, 1143, 1146, 1152, 1161, 1163, 1166, 1167, 1175, 1182, 1188, 1194, 1202, 1213, 1216, 1226, 1227, 1231, 1236, 1246, 1248, 1251, 1255, 1260, 1266, 1271]",49.1,2255215459.248989,99.54578406077007,99.4957435185721,8.887285804748535,9.541919347760029,0.0287539399410041,1.2304358040524797,1.2304358040524797,0.0,True,9.541919347760029,44.3387528015843,10.0,3.441681222234532,10.0,3.757594112127524e-12,10.0,3930.467554072346,10.0,0.0865046515181287,10.0,0.2205036157572206,10.0,0.0,10.0,894183086.4071169,10.0,0.0515929055131403,10.0,55.378395305991546,10.0,2954388735.164277,10.0,0.3395197530466938,10.0,0.3788414251291498,10.0,1.367736567692536,10.0,0.6520483217951374,10.0,0.0139317197714109,10.0,0.4884735804828694,10.0,0.4884735804828694,10.0,0.0,10.0,0.6520483217951374,10.0,10.0,roof_area,1400.0,True,9d6952da805aec74
1315.0,264.0,1051.0,5.0,7712263.157209304,50336.68439047781,"{'cost_priority': 'Optimal', 'coverage_priority': 'Optimal'}","{'cost_priority': 11, 'coverage_priority': 10}","[11, 10]","[314333127.3849533, 544668670.7712152]","{'cost_priority': 0, 'coverage_priority': 0}",80.0,41.34,80.0,60.0,46.5,3.2047726099299325,1948.5913095842184,284466.2509234097,6.004299450835323,10.202536518158194,314333127.3849534,20608126964.612907,1.6997169508381045,"[0, 87, 178, 196, 556, 748, 789, 1081, 1162, 1251, 1252, 1257, 1266, 1289]",25.1,1129775334.0383344,99.01903635767988,98.90461005690037,9.347831392288208,9.745095722110005,0.0241428078339529,1.163686740831425,1.163686740831425,0.0,True,9.745095722110005,2.4851559307214512,10.0,4.016092961698092,10.0,0.1931579803248698,10.0,4090.863443283946,10.0,0.1361169911692191,10.0,0.1608577807186408,10.0,6.282881220516323e-08,10.0,1254579039.9883757,10.0,0.0344092632238838,10.0,20.046889478863744,10.0,1120626590.0235522,10.0,0.7669450132599271,10.0,0.8473740966052734,10.0,0.7575241646914945,10.0,0.5761826330516947,10.0,0.0081125780438503,10.0,0.4094437753441698,10.0,0.4094437753441698,10.0,0.0,10.0,0.5761826330516947,10.0,10.0,roof_area,1600.0,True,9d6952da805aec74
1356.0,204.0,1152.0,5.0,7712263.157209304,50336.68439047781,"{'cost_priority': 'Optimal', 'coverage_priority': 'Optimal'}","{'cost_priority': 11, 'coverage_priority': 9}","[11, 9]","[360388020.2548871, 424441481.5515714]","{'cost_priority': 0, 'coverage_priority': 0}",80.0,41.74,80.0,60.0,46.5,7.714087815192033,1795.0789718996348,281977.2247876763,5.939921660276691,10.36795506517185,360388020.2548871,21335970575.6678,1.7460010133806851,"[90, 171, 479, 1005, 1105, 1153, 1167, 1183, 1187, 1263, 1280, 1281, 1312, 1319, 1321, 1329, 1339, 1354]",35.7,1856151534.7569675,99.25130515999848,99.1546098862249,8.779781913757324,9.075707896533071,0.0211788950891594,0.94143561282975,0.94143561282975,0.0,True,9.075707896533071,1.951181977958773,10.0,6.3813066429834,10.0,0.1931579803233359,10.0,3658.4843372678206,10.0,0.1375076513132657,10.0,0.1837261160419219,10.0,0.0,10.0,670798311.2115362,10.0,0.0366059603992303,10.0,25.897447321652724,10.0,1516230978.2538905,10.0,0.3508504091251139,10.0,0.3947410651968237,10.0,1.1537188256031354,10.0,1.0054130338430465,10.0,0.0119379683116001,10.0,0.5432413589411802,10.0,0.5432413589411802,10.0,0.0,10.0,1.0054130338430465,10.0,10.0,roof_area,1800.0,True,9d6952da805aec74
1373.0,170.0,1203.0,5.0,7712263.157209304,50336.68439047781,"{'cost_priority': 'Optimal', 'coverage_priority': 'Optimal'}","{'cost_priority': 10, 'coverage_priority': 9}","[10, 9]","[402877711.1268131, 484036503.15692556]","{'cost_priority': 0, 'coverage_priority': 0}",80.0,42.53,80.0,60.0,46.5,14.38836816264229,2197.354216510684,281007.6600375085,5.913898321885625,10.573261125747816,402877711.12681305,21856477214.66629,1.788284010425958,"[4, 25, 41, 49, 60, 66, 72, 74, 82, 86, 109, 119, 121, 124, 129, 137, 140, 141, 146, 157, 167, 179, 198, 225, 231, 254, 258, 270, 275, 291, 294, 301, 302, 305, 344, 352, 373, 378, 381, 393, 413, 419, 424, 427, 430, 448, 484, 489, 499, 510, 515, 520, 522, 524, 539, 563, 574, 579, 598, 600, 611, 613, 622, 635, 640, 641, 643, 659, 686, 714, 717, 722, 732, 734, 738, 742, 745, 768, 771, 779, 786, 794, 795, 804, 819, 830, 835, 848, 852, 856, 861, 869, 880, 893, 899, 901, 905, 908, 909, 935, 947, 948, 949, 981, 982, 1007, 1017, 1019, 1034, 1054, 1086, 1094, 1119, 1144, 1158, 1173, 1185, 1186, 1187, 1225, 1227, 1236, 1239, 1250, 1251, 1276, 1278, 1290, 1301, 1316, 1322, 1341, 1367]",53.5,2917018432.561666,99.33073286061244,99.23508459371224,8.237991857528687,8.827077928539977,0.024332502458836,1.032336576737179,1.032336576737179,0.0,True,8.827077928539977,1.978242766812113,10.0,10.388463860131486,10.0,0.1931579803248699,10.0,3501.056525554263,10.0,0.0982956595379071,10.0,0.0387615087879584,10.0,6.282881220516323e-08,10.0,603835436.3829324,10.0,0.0285949199368472,10.0,43.19529295343804,10.0,2470423172.35718,10.0,0.4322810108192054,10.0,0.4943749001721357,10.0,1.426673720079907,10.0,1.328691067772154,10.0,0.0155123098274247,10.0,0.6224493852589628,10.0,0.6224493852589628,10.0,0.0,10.0,1.328691067772154,10.0,10.0,roof_area,2000.0,True,9d6952da805aec74
1392.0,152.0,1240.0,5.0,7712263.157209304,50336.68439047781,"{'cost_priority': 'Optimal', 'coverage_priority': 'Optimal'}","{'cost_priority': 10, 'coverage_priority': 9}","[10, 9]","[418220555.62064093, 488059908.8354256]","{'cost_priority': 0, 'coverage_priority': 0}",80.0,42.09,80.0,60.0,46.5,11.86104087903732,2056.7803961344207,281526.7592464602,5.943930040248498,10.235381624640498,418220555.6206409,21749808716.62392,1.7225866310794136,"[365, 437, 459, 478, 483, 632, 725, 905, 914, 1055, 1089, 1128, 1264, 1309, 1313, 1338, 1347, 1369, 1371, 1384]",56.1,3101248580.859073,99.33172745549402,99.24632896774644,8.290180110931397,8.70027819758803,0.0187342174455561,0.7866770565379423,0.7866770565379423,0.0,True,8.70027819758803,2.0528841500029493,10.0,7.984520414285789,10.0,0.1931579803235916,10.0,2529.8833344674003,10.0,0.0977967808748671,10.0,0.1064689924693159,10.0,6.282881220516323e-08,10.0,764997151.9932998,10.0,0.0425833638579675,10.0,50.86681957163563,10.0,2904618655.8345323,10.0,0.3321478051530118,10.0,0.3676453419366186,10.0,1.4534887361709323,10.0,1.1623526843338132,10.0,0.0151182618286783,10.0,0.5866402276349437,10.0,0.5866402276349437,10.0,0.0,10.0,1.1623526843338132,10.0,10.0,roof_area,2200.0,True,9d6952da805aec74
1408.0,135.0,1273.0,5.0,7712263.157209304,50336.68439047781,"{'cost_priority': 'Optimal', 'coverage_priority': 'Optimal'}","{'cost_priority': 10, 'coverage_priority': 9}","[10, 9]","[427006043.52322733, 513000000.0]","{'cost_priority': 0, 'coverage_priority': 0}",80.0,44.42,80.0,60.0,46.5,2.116059547467012,1928.628557796324,279517.26202494674,5.879807230929353,10.471647355714367,427006043.5232273,22247740272.020863,1.7811422676830044,"[111, 147, 239, 276, 419, 430, 445, 476, 500, 539, 666, 690, 704, 711, 712, 814, 835, 878, 880, 895, 907, 952, 995, 1064, 1068, 1077, 1094, 1230, 1308, 1378, 1388, 1407]",23.1,1244987166.1817136,99.25757794612797,99.1596028714361,9.136368131637573,9.370038004838332,0.0175008660434002,0.8330045885094943,0.8330045885094943,0.0,True,9.370038004838332,1.7974055376198956,10.0,2.731821128974313,10.0,0.1931579803235916,10.0,3834.968353277838,10.0,0.0737308737741235,10.0,0.0630363733194823,10.0,0.0,10.0,783905728.47925,10.0,0.0193503943615949,10.0,13.54375624903717,10.0,774706524.8033118,10.0,0.3327240207798134,10.0,0.371923315825401,10.0,0.7000150701551607,10.0,0.6714800321200557,10.0,0.0055300183676635,10.0,0.3029391558351121,10.0,0.3029391558351121,10.0,0.0,10.0,0.6714800321200557,10.0,10.0,roof_area,2500.0,True,9d6952da805aec74
1865.0,435.0,1430.0,5.0,7712263.157209304,50336.68439047781,"{'cost_priority': 'Optimal', 'coverage_priority': 'Optimal'}","{'cost_priority': 10, 'coverage_priority': 9}","[10, 9]","[254482691.1808687, 461740739.4536029]","{'cost_priority': 0, 'coverage_priority': 0}",80.0,47.17,80.0,60.0,46.5,0.0,1703.6063076289895,217315.16126153985,4.617394782317507,10.560904298747214,254482691.1808687,20746603893.26201,2.288132734191885,"[58, 91, 177, 277, 279, 392, 408, 409, 476, 671, 756, 782, 852, 892, 927, 1166, 1197, 1341, 1386, 1415, 1461, 1480, 1527, 1618, 1646, 1674, 1689, 1711, 1786, 1814, 1854]",43.6,2074157403.724472,99.6488272128622,99.60350320195336,8.348510503768921,9.534563872318312,0.0388985284354922,1.6738096775462783,1.6738096775462783,0.0,True,9.534563872318312,2.152027467813136,10.0,0.0,10.0,6.437940836184333,10.0,2313.68120060088,10.0,0.1143191266898601,10.0,0.1951824997955209,10.0,0.0,10.0,434837178.517251,10.0,0.0578227590869977,10.0,46.914105909985466,10.0,2493612815.0825715,10.0,0.4289955072064556,10.0,0.4937279804605908,10.0,1.4592350718934128,10.0,1.220413503372943,10.0,0.0199469763691656,10.0,0.7138604216031218,10.0,0.7138604216031218,10.0,0.0,10.0,1.220413503372943,10.0,10.0,airport_buffer,0.0,True,9d6952da805aec74
1684.0,389.0,1295.0,5.0,7712263.157209304,50336.68439047781,"{'cost_priority': 'Optimal', 'coverage_priority': 'Optimal'}","{'cost_priority': 10, 'coverage_priority': 9}","[10, 9]","[258374047.66107136, 405194919.48323995]","{'cost_priority': 0, 'coverage_priority': 0}",80.0,45.21,80.0,60.0,46.5,0.0,1910.3035343721824,222295.7344225804,4.612607432915111,10.621758258765135,258374047.66107136,19975764229.56428,2.3038750847644467,"[6, 11, 32, 43, 74, 79, 87, 95, 98, 99, 100, 152, 192, 196, 200, 228, 244, 247, 248, 251, 303, 311, 315, 323, 344, 345, 347, 376, 377, 396, 409, 424, 431, 441, 450, 454, 457, 459, 465, 467, 469, 471, 480, 486, 493, 509, 557, 569, 581, 587, 603, 612, 652, 660, 684, 728, 739, 747, 770, 778, 779, 802, 808, 812, 821, 844, 852, 868, 874, 959, 982, 996, 1022, 1036, 1041, 1093, 1100, 1158, 1165, 1187, 1195, 1203, 1207, 1236, 1241, 1251, 1274, 1309, 1326, 1327, 1343, 1351, 1390, 1392, 1429, 1455, 1467, 1469, 1481, 1484, 1485, 1486, 1499, 1546, 1553, 1560, 1574, 1618, 1630, 1636, 1667]",42.4,2139393108.7379544,99.55398346616197,99.5071144890192,8.416580820083619,8.980106646251718,0.0282311995973936,1.2015614350595174,1.2015614350595174,0.0,True,8.980106646251718,2.227330240444825,10.0,0.0,10.0,0.1931579803233359,10.0,2504.0047036011733,10.0,0.1060671129008159,10.0,0.0728810484988161,10.0,0.0,10.0,1402326362.5214293,10.0,0.0558589230245754,10.0,41.82290706724671,10.0,2313926651.2361083,10.0,0.5450994219448284,10.0,0.5962909597931115,10.0,1.6071576290756258,10.0,1.458172002727023,10.0,0.0102043001389285,10.0,0.4564752410880313,10.0,0.4564752410880313,10.0,0.0,10.0,1.458172002727023,10.0,10.0,airport_buffer,2000.0,True,9d6952da805aec74
1315.0,264.0,1051.0,5.0,7712263.157209304,50336.68439047781,"{'cost_priority': 'Optimal', 'coverage_priority': 'Optimal'}","{'cost_priority': 11, 'coverage_priority': 10}","[11, 10]","[314333127.3849533, 544668670.7712152]","{'cost_priority': 0, 'coverage_priority': 0}",80.0,44.52,80.0,60.0,46.5,3.2047726099299325,1948.5913095842184,284466.2509234097,6.004299450835323,10.202536518158194,314333127.3849534,20608126964.612907,1.6997169508381045,"[0, 87, 178, 196, 556, 748, 789, 1081, 1162, 1251, 1252, 1257, 1266, 1289]",25.1,1129775334.0383344,99.01903635767988,98.90461005690037,9.347831392288208,9.745095722110005,0.0241428078339529,1.163686740831425,1.163686740831425,0.0,True,9.745095722110005,3.0338094864378022,10.0,4.016092961698092,10.0,0.1931579803248698,10.0,4090.863443283946,10.0,0.1361169911692191,10.0,0.1608577807186408,10.0,6.282881220516323e-08,10.0,1254579039.9883757,10.0,0.0344092632238838,10.0,20.046889478863744,10.0,1120626590.0235522,10.0,0.7669450132599271,10.0,0.8473740966052734,10.0,0.7575241646914945,10.0,0.5761826330516947,10.0,0.0081125780438503,10.0,0.4094437753441698,10.0,0.4094437753441698,10.0,0.0,10.0,0.5761826330516947,10.0,10.0,airport_buffer,4000.0,True,9d6952da805aec74
1002.0,155.0,847.0,5.0,7712263.157209304,50336.68439047781,"{'cost_priority': 'Infeasible', 'coverage_priority': 'Infeasible'}","{'cost_priority': 0, 'coverage_priority': 0}",[],[],"{'cost_priority': 0, 'coverage_priority': 0}",80.0,64.97999999999999,80.0,60.0,46.5,12174.733325664976,13090.126984223694,264866.9074680133,7.897939723404948,9.938357234310162,498638853.1500348,21207459308.0235,1.2583640805934897,"[31, 41, 89, 180, 224, 256, 287, 296, 320, 334, 339, 443, 528, 542, 590, 615, 638, 674, 708, 749, 751, 847, 859, 862, 900, 913, 958, 961, 965, 966, 968, 969, 982, 985]",24.4,1080060616.759266,75.47313779455632,76.04863087850653,9.114051580429075,9.619526806209308,0.0155577884239886,0.7623221956673579,0.7623221956673579,0.0,True,9.619526806209308,1.9458217344408044,10.0,7.569003034326262,10.0,125.70275265546368,10.0,1197.8510365057384,10.0,0.0541426355205242,10.0,0.1293834821414405,10.0,24257145.672175787,10.0,955177945.501016,10.0,0.0154376691328339,10.0,17.07629936490925,10.0,927193891.7725352,10.0,0.1541062893571836,10.0,0.1741011407924716,10.0,0.8245843900759877,10.0,0.6371605006410982,10.0,0.0044003685244393,10.0,0.2051470489366885,10.0,0.2051470489366885,10.0,0.0,10.0,0.6371605006410982,10.0,10.0,airport_buffer,6000.0,True,9d6952da805aec74
809.0,85.0,724.0,5.0,7712263.157209304,50336.68439047781,"{'cost_priority': 'Optimal', 'coverage_priority': 'Optimal'}","{'cost_priority': 10, 'coverage_priority': 10}","[10, 10]","[449191736.6098625, 512076705.89654416]","{'cost_priority': 531, 'coverage_priority': 531}",80.0,65.78999999999999,80.0,60.0,46.5,25096.683751823635,25967.23242344666,171410.83623876958,8.795799397138676,10.513281993953807,449191736.6098625,21620388698.06801,1.1952749822987645,"[63, 127, 146, 160, 206, 286, 299, 324, 737, 754, 755, 767]",19.0,927684436.3043288,49.85573815214028,49.79564095616918,8.943786764144898,9.968215338739215,0.0359371037904091,1.5774991410231756,1.5774991410231756,0.0,True,9.968215338739215,3.798084312445478,10.0,5.312084462733314,10.0,37.06077911809098,10.0,730.1236179406802,10.0,0.0568970520412359,10.0,0.1156260008009761,10.0,0.0,10.0,682082230.710146,10.0,0.0122295579563495,10.0,6.912147117775907,10.0,377986678.31406206,10.0,0.1799192358338497,10.0,0.1951279786652455,10.0,0.6646628513533452,10.0,0.4371776356775492,10.0,0.0123123989103461,10.0,0.4343455610281622,10.0,0.4343455610281622,10.0,0.0,10.0,0.4371776356775492,10.0,10.0,airport_buffer,8000.0,True,9d6952da805aec74
411.0,33.0,378.0,5.0,7712263.157209304,50336.68439047781,"{'cost_priority': 'Optimal', 'coverage_priority': 'Optimal'}","{'cost_priority': 10, 'coverage_priority': 10}","[10, 10]","[508012893.3896893, 508012893.3896893]","{'cost_priority': 785, 'coverage_priority': 785}",80.0,58.48999999999999,80.0,60.0,46.5,38100.1859432184,38559.397724920345,101672.316509623,10.937711811824984,11.161744915454332,508012893.3896893,21444179854.4396,1.0204832336096756,"[0, 21, 24, 36, 38, 42, 45, 47, 56, 60, 61, 65, 68, 75, 77, 86, 87, 89, 97, 98, 104, 108, 114, 124, 127, 134, 139, 143, 159, 162, 185, 198, 199, 202, 206, 208, 209, 227, 236, 238, 248, 252, 269, 270, 273, 274, 292, 299, 302, 312, 316, 319, 323, 325, 331, 337, 361, 370, 382, 386, 387, 397, 400, 404, 405]",73.4,3965631396.523332,24.04974269335986,25.09985704613104,7.550821208953858,11.028486505001728,0.0777735937871803,3.676609724462005,3.676609724462005,0.0,True,11.028486505001728,1.2931013537658635,10.0,0.9986723082178532,10.0,13.766912311411632,10.0,254.84584743955844,10.0,0.014443909388996,10.0,0.0113873595696201,10.0,0.0,10.0,533010093.7321624,10.0,0.0007999714056715,10.0,37.99181198334423,10.0,2129192741.756348,10.0,0.050574155094999,10.0,0.0558692887509966,10.0,0.8150737144960603,10.0,0.0751294772127184,10.0,0.0141362860927019,10.0,0.5198407240128885,10.0,0.5198407240128885,10.0,0.0,10.0,0.0751294772127184,10.0,10.0,airport_buffer,12000.0,True,9d6952da805aec74
1315.0,264.0,1051.0,3.0,7712263.157209304,54321.42336360223,"{'cost_priority': 'Optimal', 'coverage_priority': 'Optimal'}","{'cost_priority': 12, 'coverage_priority': 10}","[12, 10]","[339582727.22020304, 517985835.8054077]","{'cost_priority': 0, 'coverage_priority': 0}",80.0,43.87,80.0,60.0,46.5,3.824403774397069,1472.6908095419908,306101.47855130857,5.890855649538628,10.152316714817731,339582727.22020304,20560750391.012665,1.7237648916936916,"[0, 11, 37, 54, 64, 105, 110, 114, 118, 199, 221, 258, 322, 368, 398, 472, 487, 516, 521, 540, 561, 638, 639, 704, 749, 788, 815, 826, 836, 838, 938, 968, 980, 1004, 1035, 1129, 1131, 1188, 1206, 1208, 1243, 1245, 1248, 1262, 1263, 1269, 1276, 1279]",37.0,1806122628.7666173,99.41887098936564,99.31196140258852,8.60481767654419,8.835039761942902,0.0127926449643187,0.498301886767703,0.498301886767703,0.0,True,8.835039761942902,1.986649888072324,10.0,3.988088884854875,10.0,165.7675160929255,10.0,4323.739403742482,10.0,0.0859869976874516,10.0,0.1463443344480038,10.0,0.0,10.0,1168284183.7778068,10.0,0.0371435791217382,10.0,23.25701805668321,10.0,1273625548.4056768,10.0,0.7342347083822851,10.0,0.8653436874929591,10.0,0.995168220710534,10.0,0.9527006660486024,10.0,0.0068409782212587,10.0,0.2875875675574642,10.0,0.2875875675574642,10.0,0.0,10.0,0.9527006660486024,10.0,10.0,n_clusters,3,True,9d6952da805aec74
1315.0,264.0,1051.0,4.0,7712263.157209304,50494.79216888399,"{'cost_priority': 'Optimal', 'coverage_priority': 'Optimal'}","{'cost_priority': 12, 'coverage_priority': 10}","[12, 10]","[339178326.100481, 534554071.72341394]","{'cost_priority': 0, 'coverage_priority': 0}",80.0,44.85,80.0,60.0,46.5,3.2354294249758824,1872.9261471674988,285378.9360381307,5.965703492827713,10.315925930888628,326755726.74271715,20553411548.30655,1.729517563189069,"[2, 18, 31, 61, 65, 87, 88, 104, 113, 116, 118, 119, 130, 141, 147, 169, 182, 224, 234, 240, 249, 266, 268, 272, 282, 293, 310, 321, 329, 341, 345, 352, 372, 376, 389, 414, 424, 426, 431, 435, 445, 453, 463, 471, 477, 483, 507, 514, 515, 516, 521, 523, 576, 606, 630, 632, 661, 678, 688, 695, 711, 779, 792, 793, 798, 803, 824, 849, 851, 888, 907, 910, 935, 940, 960, 974, 988, 1008, 1015, 1016, 1021, 1026, 1031, 1032, 1055, 1058, 1059, 1068, 1075, 1077, 1097, 1117, 1122, 1124, 1138, 1152, 1153, 1178, 1179, 1202, 1204, 1206, 1214, 1229, 1243, 1249, 1252, 1260, 1274, 1285, 1286, 1297, 1304, 1307, 1314]",27.7,1273922232.9558954,99.1362782308361,99.0579641833201,9.273803186416623,9.436652107924022,0.0154664974465514,0.6820905752541966,0.6820905752541966,0.0,True,9.436652107924022,2.216729322422765,10.0,4.054510857167659,10.0,109.40870070580112,10.0,4061.356034073316,10.0,0.1133819455790976,10.0,0.2340078836601519,10.0,13094569.476759536,10.0,1242440363.547583,10.0,0.0404286709276728,10.0,30.85827819780833,10.0,1644320412.6779785,10.0,0.4360767170026651,10.0,0.46720143735812,10.0,1.0298462977883809,10.0,0.960893241903469,10.0,0.0084014163474584,10.0,0.3798366512973339,10.0,0.3798366512973339,10.0,0.0,10.0,0.960893241903469,10.0,10.0,n_clusters,4,True,9d6952da805aec74
1315.0,264.0,1051.0,5.0,7712263.157209304,50336.68439047781,"{'cost_priority': 'Optimal', 'coverage_priority': 'Optimal'}","{'cost_priority': 11, 'coverage_priority': 10}","[11, 10]","[314333127.3849533, 544668670.7712152]","{'cost_priority': 0, 'coverage_priority': 0}",80.0,44.510000000000005,80.0,60.0,46.5,3.2047726099299325,1948.5913095842184,284466.2509234097,6.004299450835323,10.202536518158194,314333127.3849534,20608126964.612907,1.6997169508381045,"[0, 87, 178, 196, 556, 748, 789, 1081, 1162, 1251, 1252, 1257, 1266, 1289]",25.1,1129775334.0383344,99.01903635767988,98.90461005690037,9.347831392288208,9.745095722110005,0.0241428078339529,1.163686740831425,1.163686740831425,0.0,True,9.745095722110005,2.9938640954829974,10.0,4.016092961698092,10.0,0.1931579803248698,10.0,4090.863443283946,10.0,0.1361169911692191,10.0,0.1608577807186408,10.0,6.282881220516323e-08,10.0,1254579039.9883757,10.0,0.0344092632238838,10.0,20.046889478863744,10.0,1120626590.0235522,10.0,0.7669450132599271,10.0,0.8473740966052734,10.0,0.7575241646914945,10.0,0.5761826330516947,10.0,0.0081125780438503,10.0,0.4094437753441698,10.0,0.4094437753441698,10.0,0.0,10.0,0.5761826330516947,10.0,10.0,n_clusters,5,True,9d6952da805aec74
1315.0,264.0,1051.0,6.0,7712263.157209304,50668.71729631916,"{'cost_priority': 'Optimal', 'coverage_priority': 'Optimal'}","{'cost_priority': 12, 'coverage_priority': 10}","[12, 10]","[355553915.6150745, 543287947.8934598]","{'cost_priority': 0, 'coverage_priority': 0}",80.0,45.63000000000001,80.0,60.0,46.5,3.1831992956365864,1547.2322991809524,286029.6931068973,6.0683421438206855,10.629903599214575,355553915.6150745,20627808228.1376,1.7519666945679966,"[12, 23, 33, 436, 525, 881, 1094, 1133, 1205, 1231, 1243, 1298, 1304, 1305]",32.0,1546798944.4268453,99.16442651395762,99.08429296095056,9.331925916671754,9.577430633926731,0.0198365002505157,0.9793511899195316,0.9793511899195316,0.0,True,9.577430633926731,1.9883270466511391,10.0,3.989058146364798,10.0,135.13887448758967,10.0,3905.063546263394,10.0,0.1203672411114897,10.0,0.1996242823785811,10.0,0.0,10.0,1183005265.8455102,10.0,0.0298115109056506,10.0,49.98888765404656,10.0,2716536802.4088645,10.0,0.610199210751806,10.0,0.6701556129751786,10.0,1.1601588069843904,10.0,1.0089902814419631,10.0,0.0079041979707243,10.0,0.3772343004806046,10.0,0.3772343004806046,10.0,0.0,10.0,1.0089902814419631,10.0,10.0,n_clusters,6,True,9d6952da805aec74
1315.0,264.0,1051.0,7.0,7712263.157209304,50634.10699163607,"{'cost_priority': 'Optimal', 'coverage_priority': 'Optimal'}","{'cost_priority': 12, 'coverage_priority': 10}","[12, 10]","[355553915.6150745, 543408693.5364882]","{'cost_priority': 0, 'coverage_priority': 0}",80.0,45.32,80.0,60.0,46.5,3.166735450520355,1540.684605101662,286344.23524092673,6.098087395719339,10.66176791149724,355553915.6150745,20604072723.98869,1.7485868338216228,"[14, 46, 266, 402, 404, 424, 438, 764, 911, 1011, 1085, 1097, 1167, 1171, 1215, 1243, 1244, 1259, 1272, 1282, 1291, 1303, 1305, 1312]",39.2,1887695648.228272,99.449082744121,99.37703497002084,8.984584522247314,9.416165157550315,0.0220637925205049,1.1469647485310968,1.1469647485310968,0.0,True,9.416165157550315,2.4634212884613222,10.0,3.968426313613684,10.0,133.70825447509694,10.0,4067.56411869467,10.0,0.1010297182017993,10.0,0.2188908334774683,10.0,0.0,10.0,1166485722.3840575,10.0,0.0350067895529615,10.0,43.56808209891477,10.0,2335081646.5374947,10.0,0.3007667354740501,10.0,0.3459264472836136,10.0,1.303237741530507,10.0,1.0705763633692742,10.0,0.0082492605768899,10.0,0.4448535922246828,10.0,0.4448535922246828,10.0,0.0,10.0,1.0705763633692742,10.0,10.0,n_clusters,7,True,9d6952da805aec74
1315.0,264.0,1051.0,8.0,7712263.157209304,50273.49763109269,"{'cost_priority': 'Optimal', 'coverage_priority': 'Optimal'}","{'cost_priority': 12, 'coverage_priority': 10}","[12, 10]","[338975774.7071854, 578284644.7490577]","{'cost_priority': 0, 'coverage_priority': 0}",80.0,45.85,80.0,60.0,46.5,3.153677918185713,1619.9439003998573,284085.98784223443,6.283191723307715,11.310859900725951,338975774.7071854,20608153203.757145,1.8009951073590902,"[32, 53, 194, 231, 465, 467, 536, 549, 566, 593, 610, 700, 768, 812, 854, 934, 1074, 1138, 1157, 1193, 1198, 1207, 1243, 1289, 1299]",35.8,1753235546.0686538,99.41373316634188,99.35536970227872,8.842595100402832,10.045307617102653,0.0357643428813276,1.9936708590469008,1.9936708590469008,0.0,True,10.045307617102653,2.728552729928451,10.0,3.952063135915294,10.0,133.98833088175925,10.0,4265.456346667367,10.0,0.1885028490917298,10.0,0.5179248557121088,10.0,0.0,10.0,1251770518.4705932,10.0,0.0849879480119855,10.0,30.21331568107752,10.0,1672298619.4300935,10.0,0.3847811018120509,10.0,0.4073666669013591,10.0,1.1631701646790085,10.0,1.03006787204306,10.0,0.0130929080153843,10.0,0.8782178101866328,10.0,0.8782178101866328,10.0,0.0,10.0,1.03006787204306,10.0,10.0,n_clusters,8,True,9d6952da805aec74
1315.0,264.0,1051.0,5.0,7712263.157209304,50336.68439047781,"{'cost_priority': 'Infeasible', 'coverage_priority': 'Infeasible'}","{'cost_priority': 0, 'coverage_priority': 0}",[],[],"{'cost_priority': 0, 'coverage_priority': 0}",80.0,133.15,80.0,60.0,46.5,0.5290148868669349,149.09370038566485,270395.99024227494,5.630501675166938,7.324860718043007,2420167413.549337,21410381781.95291,1.301088379462918,"[9, 14, 19, 25, 38, 52, 61, 69, 75, 80, 86, 87, 145, 181, 217, 226, 231, 245, 266, 289, 435, 439, 477, 484, 487, 514, 567, 585, 608, 668, 739, 759, 833, 834, 871, 877, 882, 925, 1010, 1037, 1055, 1060, 1065, 1077, 1082, 1123, 1124, 1133, 1141, 1162, 1173, 1184, 1198, 1207, 1214, 1223, 1243, 1248, 1250, 1252, 1255, 1297, 1298]",88.8,4474980898.167527,99.88842966286406,99.89578533679273,6.744519329071045,6.772982664524996,0.0203764537431974,0.7551981156431732,0.7551981156431732,0.0,True,6.772982664524996,3.976947461447173,10.0,1.6728919586358106,10.0,24.536454695301604,10.0,2455.4322452835227,10.0,0.0543285374203954,10.0,0.0631059572658193,10.0,78956244.1968774,10.0,945766042.7390146,10.0,0.0210585758725641,10.0,37.75888416430408,10.0,2027796355.757194,10.0,0.1201897066590809,10.0,0.1075799994295199,10.0,0.4389365293955163,10.0,0.3860480022907381,10.0,0.0079047552316815,10.0,0.3168993548225465,10.0,0.3168993548225465,10.0,0.0,10.0,0.3860480022907381,10.0,10.0,access_budget,8.0,True,9d6952da805aec74
1315.0,264.0,1051.0,5.0,7712263.157209304,50336.68439047781,"{'cost_priority': 'Infeasible', 'coverage_priority': 'Optimal'}","{'cost_priority': 0, 'coverage_priority': 27}",[27],[1391297900.9595575],"{'cost_priority': 0, 'coverage_priority': 53}",80.0,74.55000000000001,80.0,60.0,46.5,0.5290148868669349,648.4693372741531,273135.91050536686,5.675176957983183,8.628195943608205,1391297900.9595573,21324039768.850742,1.5204573306957407,"[8, 14, 40, 52, 69, 75, 86, 87, 217, 223, 231, 245, 289, 358, 439, 477, 484, 487, 510, 535, 542, 567, 585, 608, 674, 718, 821, 833, 834, 871, 922, 925, 928, 1010, 1037, 1055, 1056, 1082, 1087, 1124, 1133, 1141, 1146, 1185, 1198, 1210, 1214, 1228, 1243, 1250, 1253, 1262, 1296]",62.5,3189019671.157609,99.90406144872034,99.89216328511708,7.3489457130432125,7.565080295075674,0.0252835003514385,0.9550430661768482,0.9550430661768482,0.0,True,7.565080295075674,4.079828427765071,10.0,1.6728919586358106,10.0,0.0,10.0,2250.332439437631,10.0,0.0528431688937587,10.0,0.0029260841854672,10.0,2.513152488206529e-07,10.0,1169006098.8855896,10.0,0.0140662926733987,10.0,45.04133903673627,10.0,2371850885.281724,10.0,0.0904449992217809,10.0,0.1021615275584288,10.0,0.6910861368342789,10.0,0.7339834236248198,10.0,0.0128164008514727,10.0,0.5479411993646516,10.0,0.5479411993646516,10.0,0.0,10.0,0.7339834236248198,10.0,10.0,access_budget,10.0,True,9d6952da805aec74
1315.0,264.0,1051.0,5.0,7712263.157209304,50336.68439047781,"{'cost_priority': 'Optimal', 'coverage_priority': 'Optimal'}","{'cost_priority': 19, 'coverage_priority': 18}","[19, 18]","[673418755.8086627, 929758243.0821906]","{'cost_priority': 8, 'coverage_priority': 8}",80.0,53.8,80.0,60.0,46.5,0.5290148868669349,894.6193172977124,280679.8354756845,5.876221505232197,9.085458028211509,673418755.8086627,20677368521.12328,1.5463498049091386,"[14, 47, 144, 223, 289, 346, 397, 403, 404, 464, 529, 558, 764, 819, 846, 938, 991, 1050, 1056, 1077, 1120, 1142, 1207, 1215, 1222, 1223, 1230, 1243, 1248, 1252, 1255, 1306]",34.1,1624297814.5986097,99.74217428264464,99.7255630266154,8.229754304885864,8.265108857577193,0.0256583320984613,0.9850057375956546,0.9850057375956546,0.0,True,8.265108857577193,3.011828532820405,10.0,1.6728919586358106,10.0,4.91095558264878e-12,10.0,2984.5526673064387,10.0,0.0720098664247009,10.0,0.0267077784376129,10.0,0.0,10.0,1022442948.2906876,10.0,0.0196261895313173,10.0,10.91838408882519,10.0,582343380.1670953,10.0,0.3721670092967811,10.0,0.3913114371565238,10.0,0.3996403569821774,10.0,0.4558040180807664,10.0,0.0128175084014205,10.0,0.5345334425730603,10.0,0.5345334425730603,10.0,0.0,10.0,0.4558040180807664,10.0,10.0,access_budget,12.0,True,9d6952da805aec74
1315.0,264.0,1051.0,5.0,7712263.157209304,50336.68439047781,"{'cost_priority': 'Optimal', 'coverage_priority': 'Optimal'}","{'cost_priority': 11, 'coverage_priority': 10}","[11, 10]","[314333127.3849533, 544668670.7712152]","{'cost_priority': 0, 'coverage_priority': 0}",80.0,48.22,80.0,60.0,46.5,3.2047726099299325,1948.5913095842184,284466.2509234097,6.004299450835323,10.202536518158194,314333127.3849534,20608126964.612907,1.6997169508381045,"[0, 87, 178, 196, 556, 748, 789, 1081, 1162, 1251, 1252, 1257, 1266, 1289]",25.1,1129775334.0383344,99.01903635767988,98.90461005690037,9.347831392288208,9.745095722110005,0.0241428078339529,1.163686740831425,1.163686740831425,0.0,True,9.745095722110005,3.29437230574944,10.0,4.016092961698092,10.0,0.1931579803248698,10.0,4090.863443283946,10.0,0.1361169911692191,10.0,0.1608577807186408,10.0,6.282881220516323e-08,10.0,1254579039.9883757,10.0,0.0344092632238838,10.0,20.046889478863744,10.0,1120626590.0235522,10.0,0.7669450132599271,10.0,0.8473740966052734,10.0,0.7575241646914945,10.0,0.5761826330516947,10.0,0.0081125780438503,10.0,0.4094437753441698,10.0,0.4094437753441698,10.0,0.0,10.0,0.5761826330516947,10.0,10.0,access_budget,15.0,True,9d6952da805aec74
1315.0,264.0,1051.0,5.0,7712263.157209304,50336.68439047781,"{'cost_priority': 'Optimal', 'coverage_priority': 'Optimal'}","{'cost_priority': 11, 'coverage_priority': 10}","[11, 10]","[314333127.3849533, 544668670.7712152]","{'cost_priority': 0, 'coverage_priority': 0}",80.0,48.78,80.0,60.0,46.5,3.2047726099299325,1948.5913095842184,284466.2509234097,6.004299450835323,10.202536518158194,314333127.3849534,20608126964.612907,1.6997169508381045,"[0, 87, 178, 196, 556, 748, 789, 1081, 1162, 1251, 1252, 1257, 1266, 1289]",25.1,1129775334.0383344,99.01903635767988,98.90461005690037,9.347831392288208,9.745095722110005,0.0241428078339529,1.163686740831425,1.163686740831425,0.0,True,9.745095722110005,3.062243186511049,10.0,4.016092961698092,10.0,0.1931579803248698,10.0,4090.863443283946,10.0,0.1361169911692191,10.0,0.1608577807186408,10.0,6.282881220516323e-08,10.0,1254579039.9883757,10.0,0.0344092632238838,10.0,20.046889478863744,10.0,1120626590.0235522,10.0,0.7669450132599271,10.0,0.8473740966052734,10.0,0.7575241646914945,10.0,0.5761826330516947,10.0,0.0081125780438503,10.0,0.4094437753441698,10.0,0.4094437753441698,10.0,0.0,10.0,0.5761826330516947,10.0,10.0,access_budget,18.0,True,9d6952da805aec74
1315.0,264.0,1051.0,5.0,7712263.157209304,11568.394735813956,"{'cost_priority': 'Optimal', 'coverage_priority': 'Optimal'}","{'cost_priority': 12, 'coverage_priority': 10}","[12, 10]","[369115460.58295774, 536009649.5078008]","{'cost_priority': 0, 'coverage_priority': 0}",80.0,48.87,80.0,60.0,46.5,0.8515781957306899,348.06411954445576,65056.88012868393,6.005180977397591,10.57807290815625,369115460.58295774,20576476580.36126,1.7622807746811602,"[0, 525, 568, 597, 682, 901, 1081, 1100, 1111, 1195, 1243, 1255, 1276, 1279, 1289, 1291, 1307]",18.0,772207350.2669653,99.07547581988166,99.07547581988167,9.55822401046753,9.670187640750948,0.0207168685901924,1.009917184186254,1.009917184186254,0.0,True,9.670187640750948,2.546042680972441,10.0,1.067163763073132,10.0,45.414986886781286,10.0,928.6938546955896,10.0,0.1355152819109208,10.0,0.0080391422709495,10.0,0.0,10.0,1245223294.868968,10.0,0.0389032221670472,10.0,3.620926830400072,10.0,236324305.99080485,10.0,0.726024995857977,10.0,0.7260249958579812,10.0,0.3527961862306222,10.0,0.2449388089675344,10.0,0.0088007998906051,10.0,0.4218346216356575,10.0,0.4218346216356575,10.0,0.0,10.0,0.2449388089675344,10.0,10.0,trip_rate_ratio,1.0,True,9d6952da805aec74
1315.0,264.0,1051.0,5.0,7712263.157209304,16340.947432656394,"{'cost_priority': 'Optimal', 'coverage_priority': 'Optimal'}","{'cost_priority': 11, 'coverage_priority': 10}","[11, 10]","[317210191.5286311, 547745467.7611868]","{'cost_priority': 0, 'coverage_priority': 0}",80.0,49.91,80.0,60.0,46.5,0.9921490248358168,475.2636608011122,92758.89565401548,6.004581644198355,10.280298270153931,317210191.5286311,20304318003.63236,1.7125215958113664,"[88, 231, 531, 1060, 1081, 1159, 1188, 1199, 1200, 1207, 1210, 1243, 1278, 1309]",17.7,815273497.431542,99.01975614148532,98.75159433415442,9.438470697402954,9.764588665334037,0.0245022190962797,1.138576506656682,1.138576506656682,0.0,True,9.764588665334037,3.3570655175150934,10.0,1.0346131662553777,10.0,36.28998450985789,10.0,1374.7423035611057,10.0,0.1359593270562241,10.0,0.2147312229396545,10.0,0.0,10.0,1134724937.285643,10.0,0.0386699571414613,10.0,7.008724721532601,10.0,420673698.414258,10.0,0.7825927922669496,10.0,0.9487787928118038,10.0,0.552769033823713,10.0,0.5360771318601868,10.0,0.0113607535132901,10.0,0.5503768405127776,10.0,0.5503768405127776,10.0,0.0,10.0,0.5360771318601868,10.0,10.0,trip_rate_ratio,2.0,True,9d6952da805aec74
1315.0,264.0,1051.0,5.0,7712263.157209304,21113.50012949883,"{'cost_priority': 'Optimal', 'coverage_priority': 'Optimal'}","{'cost_priority': 11, 'coverage_priority': 10}","[11, 10]","[316003572.08528656, 549545645.2487507]","{'cost_priority': 0, 'coverage_priority': 0}",80.0,50.84,80.0,60.0,46.5,0.9921490248339978,499.6983700442135,120465.71135739663,6.00424026396119,10.389691917386177,316003572.08528656,20501216785.40184,1.7309421385737545,"[41, 53, 143, 413, 824, 1076, 1081, 1100, 1120, 1155, 1207, 1215, 1243, 1252]",38.5,1910207338.7324028,99.2473167266882,98.71016040017764,8.941929006576538,9.525528244423564,0.0288608058635325,1.3563195868643296,1.3563195868643296,0.0,True,9.525528244423564,3.130211210481207,10.0,1.0346131662537357,10.0,42.63421720886566,10.0,1902.8381795142643,10.0,0.1355098936527054,10.0,0.1820570981875412,10.0,0.0,10.0,1180070250.8970954,10.0,0.0389922342642181,10.0,44.21977938534846,10.0,2304411706.269482,10.0,0.9433370082034792,10.0,1.6363086351610312,10.0,1.3048825515670237,10.0,1.3530060810273663,10.0,0.0149679259936269,10.0,0.8301560466126865,10.0,0.8301560466126865,10.0,0.0,10.0,1.3530060810273663,10.0,10.0,trip_rate_ratio,3.0,True,9d6952da805aec74
1315.0,264.0,1051.0,5.0,7712263.157209304,30658.60552318371,"{'cost_priority': 'Optimal', 'coverage_priority': 'Optimal'}","{'cost_priority': 11, 'coverage_priority': 10}","[11, 10]","[316003572.08528656, 549426151.1111219]","{'cost_priority': 0, 'coverage_priority': 0}",80.0,51.15,80.0,60.0,46.5,0.9921490248347254,538.5909269974916,175787.2374453753,6.004451197436447,10.49537927100983,316003572.08528656,20517423493.225178,1.7486671755065657,"[0, 41, 143, 413, 824, 1076, 1081, 1100, 1120, 1155, 1207, 1215, 1243, 1252]",30.9,1463575693.9408574,99.3896282000448,98.58397110495584,9.12126965522766,9.671324241354466,0.0244760441058682,1.1801069414573222,1.1801069414573222,0.0,True,9.671324241354466,3.009706519468856,10.0,1.0346131662544171,10.0,44.52701381653205,10.0,2920.3765934101298,10.0,0.1358061762956589,10.0,0.2351633755268788,10.0,0.0,10.0,1183392029.243745,10.0,0.0533639376451183,10.0,29.37667252921761,10.0,1591495226.6573246,10.0,0.7076978167043885,10.0,1.6953768187026326,10.0,1.1135688333892444,10.0,1.0243570756843514,10.0,0.0141817982065419,10.0,0.7191643610322149,10.0,0.7191643610322149,10.0,0.0,10.0,1.0243570756843514,10.0,10.0,trip_rate_ratio,5.0,True,9d6952da805aec74
1315.0,264.0,1051.0,5.0,7712263.157209304,44976.26361371102,"{'cost_priority': 'Optimal', 'coverage_priority': 'Optimal'}","{'cost_priority': 11, 'coverage_priority': 10}","[11, 10]","[316003572.08528656, 507326762.50907767]","{'cost_priority': 0, 'coverage_priority': 0}",80.0,52.21,80.0,60.0,46.5,0.9921490248307236,601.3686444180305,258813.32063602447,6.004003695292145,10.492817406286497,316003572.08528656,20273753005.98271,1.7482639624372225,"[88, 231, 379, 531, 556, 1060, 1081, 1159, 1188, 1207, 1210, 1243, 1260, 1278, 1283, 1297, 1309]",38.5,1831641500.256228,99.5755513641291,98.69770663048236,9.047275018692016,9.579787193389905,0.0264982501976291,1.315456082058984,1.315456082058984,0.0,True,9.579787193389905,2.4351363183380297,10.0,1.0346131662516254,10.0,43.07789363824401,10.0,4359.602664476726,10.0,0.1357450207913798,10.0,0.2246780635659441,10.0,0.0,10.0,1206857138.9278011,10.0,0.0480663076898384,10.0,42.74537011965936,10.0,2266892507.850736,10.0,0.4607266608362542,10.0,1.4712381836862554,10.0,1.3316186218587034,10.0,1.353264696846749,10.0,0.0145382554739796,10.0,0.8160417269182729,10.0,0.8160417269182729,10.0,0.0,10.0,1.353264696846749,10.0,10.0,trip_rate_ratio,8.0,True,9d6952da805aec74
1315.0,264.0,1051.0,5.0,7712263.157209304,54521.36900739589,"{'cost_priority': 'Optimal', 'coverage_priority': 'Optimal'}","{'cost_priority': 11, 'coverage_priority': 10}","[11, 10]","[317588493.4512929, 497533021.0122589]","{'cost_priority': 0, 'coverage_priority': 0}",80.0,51.82000000000001,80.0,60.0,46.5,0.992149024829996,616.2828177315926,314169.8396546565,6.003729740656323,10.442693742123456,317588493.4512929,20507209411.323097,1.7398203107443095,"[12, 13, 58, 61, 74, 87, 99, 128, 129, 134, 151, 176, 183, 193, 220, 227, 229, 268, 341, 361, 377, 411, 447, 448, 455, 505, 511, 520, 531, 558, 583, 589, 590, 595, 638, 641, 644, 662, 663, 668, 679, 716, 722, 729, 737, 743, 767, 769, 860, 896, 925, 982, 1020, 1046, 1062, 1081, 1100, 1125, 1133, 1173, 1178, 1186, 1232, 1243, 1252, 1303]",31.9,1556333112.1702714,99.71275573859889,98.95915820102304,8.9564799785614,9.579810276509424,0.0251996299967936,1.201007996305971,1.201007996305971,0.0,True,9.579810276509424,2.780807236916808,10.0,1.034613166251772,10.0,49.07980599188622,10.0,5473.168550141829,10.0,0.1358015812780789,10.0,0.1837054498895253,10.0,0.0,10.0,1175427574.4423552,10.0,0.0339940695120994,10.0,29.77489621215235,10.0,1611275522.3534276,10.0,0.2944831315727665,10.0,1.0182300036094891,10.0,1.0776718836813457,10.0,0.998990715518645,10.0,0.0078883213149651,10.0,0.4175261571972,10.0,0.4175261571972,10.0,0.0,10.0,0.998990715518645,10.0,10.0,trip_rate_ratio,10.0,True,9d6952da805aec74
1262.0,442.0,820.0,5.0,7712263.157209304,50336.68439047781,"{'cost_priority': 'Optimal', 'coverage_priority': 'Optimal'}","{'cost_priority': 11, 'coverage_priority': 10}","[11, 10]","[312355931.7806285, 551467192.2710835]","{'cost_priority': 0, 'coverage_priority': 0}",80.0,24.72,80.0,60.0,46.5,2.2231262365683504,1847.854541880056,283308.20133006654,5.9205575487727895,10.253697695235443,312355931.78062856,22785191577.374023,1.732164863477567,"[83, 287, 458, 769, 826, 862, 871, 877, 900, 1034, 1037, 1048, 1114, 1122, 1200, 1238, 1258]",28.2,1305600996.4989295,99.15607217761296,99.0599807512212,9.064644861221314,9.436973089817393,0.0223232027756024,1.0604313138853505,1.0604313138853505,0.0,True,9.436973089817393,18.91559027774591,10.0,3.9762269139229423,10.0,115.70780956262418,10.0,3000.419171984094,10.0,0.069809640496595,10.0,0.2260032574181973,10.0,6.282881220516323e-08,10.0,1136280427.0251253,10.0,0.046139249696205,10.0,23.827155376446708,10.0,1236580337.6288314,10.0,0.6297494751831907,10.0,0.7015386978857682,10.0,0.9589484721129256,10.0,0.8706604121065792,10.0,0.0062463244849425,10.0,0.3024358398476819,10.0,0.3024358398476819,10.0,0.0,10.0,0.8706604121065792,10.0,10.0,roof_height,15.0,True,9d6952da805aec74
1315.0,264.0,1051.0,5.0,7712263.157209304,50336.68439047781,"{'cost_priority': 'Optimal', 'coverage_priority': 'Optimal'}","{'cost_priority': 11, 'coverage_priority': 10}","[11, 10]","[314333127.3849533, 544668670.7712152]","{'cost_priority': 0, 'coverage_priority': 0}",80.0,18.12,80.0,60.0,46.5,3.2047726099299325,1948.5913095842184,284466.2509234097,6.004299450835323,10.202536518158194,314333127.3849534,20608126964.612907,1.6997169508381045,"[0, 87, 178, 196, 556, 748, 789, 1081, 1162, 1251, 1252, 1257, 1266, 1289]",25.1,1129775334.0383344,99.01903635767988,98.90461005690037,9.347831392288208,9.745095722110005,0.0241428078339529,1.163686740831425,1.163686740831425,0.0,True,9.745095722110005,1.0891382934330345,10.0,4.016092961698092,10.0,0.1931579803248698,10.0,4090.863443283946,10.0,0.1361169911692191,10.0,0.1608577807186408,10.0,6.282881220516323e-08,10.0,1254579039.9883757,10.0,0.0344092632238838,10.0,20.046889478863744,10.0,1120626590.0235522,10.0,0.7669450132599271,10.0,0.8473740966052734,10.0,0.7575241646914945,10.0,0.5761826330516947,10.0,0.0081125780438503,10.0,0.4094437753441698,10.0,0.4094437753441698,10.0,0.0,10.0,0.5761826330516947,10.0,10.0,roof_height,20.0,True,9d6952da805aec74
1386.0,153.0,1233.0,5.0,7712263.157209304,50336.68439047781,"{'cost_priority': 'Optimal', 'coverage_priority': 'Optimal'}","{'cost_priority': 12, 'coverage_priority': 9}","[12, 9]","[375704306.22305673, 516978274.2561735]","{'cost_priority': 0, 'coverage_priority': 0}",80.0,19.55,80.0,60.0,46.5,14.547105355017994,1765.013302904398,284217.0089601559,6.067283596798264,10.455453912813748,375704306.22305673,21487708691.117847,1.72417223996842,"[14, 96, 398, 663, 740, 743, 816, 896, 1044, 1130, 1258, 1356, 1375]",37.2,1925115359.743136,99.08965857770744,98.98293257657214,8.885147142410279,9.125797002028962,0.0196937672189315,0.8861237057514177,0.8861237057514177,0.0,True,9.125797002028962,0.8436033823229178,10.0,10.198052868378875,10.0,70.79009063098309,10.0,4492.611557292205,10.0,0.1455039141320165,10.0,0.0348439600927652,10.0,0.0,10.0,570356978.49443,10.0,0.0430238687031321,10.0,33.0245699778547,10.0,1853163544.286786,10.0,0.7019321185123003,10.0,0.7831991889751839,10.0,1.2527372114559303,10.0,1.0198642602619992,10.0,0.0066388399620332,10.0,0.2577401967058184,10.0,0.2577401967058184,10.0,0.0,10.0,1.0198642602619992,10.0,10.0,roof_height,25.0,True,9d6952da805aec74
1448.0,90.0,1358.0,5.0,7712263.157209304,50336.68439047781,"{'cost_priority': 'Optimal', 'coverage_priority': 'Optimal'}","{'cost_priority': 10, 'coverage_priority': 9}","[10, 9]","[384048858.2448242, 481384955.79114735]","{'cost_priority': 0, 'coverage_priority': 0}",80.0,18.94,80.0,60.0,46.5,6.663522122030554,1889.6872173919328,279997.2412709125,5.8752146157342375,10.515385770654058,384048858.2448242,21681664157.746635,1.7901870251230274,"[1, 3, 21, 40, 49, 51, 72, 77, 88, 102, 105, 109, 119, 130, 161, 177, 179, 187, 191, 227, 232, 255, 269, 290, 301, 302, 304, 308, 337, 360, 377, 390, 393, 396, 404, 416, 433, 439, 456, 457, 472, 476, 488, 495, 512, 522, 525, 530, 538, 545, 550, 566, 579, 580, 600, 620, 638, 661, 676, 701, 712, 715, 741, 757, 758, 762, 764, 771, 774, 791, 796, 819, 821, 830, 840, 852, 857, 872, 879, 891, 904, 940, 954, 959, 992, 994, 999, 1007, 1040, 1045, 1046, 1060, 1061, 1065, 1072, 1076, 1082, 1087, 1094, 1114, 1157, 1163, 1166, 1186, 1202, 1203, 1210, 1212, 1213, 1219, 1224, 1234, 1236, 1246, 1247, 1265, 1282, 1283, 1315, 1320, 1321, 1331, 1344, 1345, 1352, 1358, 1359, 1370, 1373, 1374, 1375, 1399, 1419, 1430, 1438]",53.0,2870250363.693141,99.10015927513824,98.99506022651153,8.38965482711792,8.976990926789806,0.025775454929783,1.0548731608337298,1.0548731608337298,0.0,True,8.976990926789806,0.6275171533733379,10.0,7.8292863833024064,10.0,78.21077075357942,10.0,5289.536850610017,10.0,0.0989917730373382,10.0,0.0828649586600836,10.0,6.282881220516323e-08,10.0,862420554.0554874,10.0,0.0295438717724664,10.0,50.27922035990614,10.0,2828049175.6715627,10.0,0.915951796863768,10.0,1.0150168965872497,10.0,1.4899329231096377,10.0,1.1652507291985503,10.0,0.0154429363237815,10.0,0.5106467190262748,10.0,0.5106467190262748,10.0,0.0,10.0,1.1652507291985503,10.0,10.0,roof_height,30.0,True,9d6952da805aec74
1520.0,27.0,1493.0,5.0,7712263.157209304,50336.68439047781,"{'cost_priority': 'Optimal', 'coverage_priority': 'Optimal'}","{'cost_priority': 10, 'coverage_priority': 9}","[10, 9]","[442467711.5826345, 513000000.0]","{'cost_priority': 0, 'coverage_priority': 0}",80.0,18.9,80.0,60.0,46.5,16.118326571759827,1855.7280384384528,274711.49040376744,5.760580517084899,10.515281385125594,442467711.58263457,21382805786.289707,1.8262076307961543,"[47, 128, 267, 420, 611, 637, 685, 799, 868, 1229, 1294, 1325, 1493, 1508]",31.0,1721259570.0984015,99.33831390305537,99.2594253535548,8.87156662940979,9.146022018491342,0.014164504263429,0.628087208705094,0.628087208705094,0.0,True,9.146022018491342,0.5185449728701346,10.0,10.865677599112592,10.0,52.9362090928412,10.0,4567.082098357096,10.0,0.1188935913368511,10.0,0.1154001963723179,10.0,6.282881220516323e-08,10.0,1155113780.6822505,10.0,0.0482336527803967,10.0,27.86475272534182,10.0,1557392089.7786531,10.0,0.3376112614631709,10.0,0.3673846140276257,10.0,1.0757556357742653,10.0,1.0600699160722171,10.0,0.0065930270106914,10.0,0.2358311321451904,10.0,0.2358311321451904,10.0,0.0,10.0,1.0600699160722171,10.0,10.0,roof_height,40.0,True,9d6952da805aec74
1314.0,264.0,1050.0,5.0,7712263.157209304,50336.68439047781,"{'cost_priority': 'Optimal', 'coverage_priority': 'Optimal'}","{'cost_priority': 11, 'coverage_priority': 10}","[11, 10]","[314333127.3849533, 498125691.3413459]","{'cost_priority': 0, 'coverage_priority': 0}",80.0,18.76,80.0,60.0,46.5,5.527017790506943,1948.5913095842184,285594.5142926567,5.990815022819521,10.332107657197174,314333127.3849534,21207033881.562923,1.7249817489145745,"[22, 131, 219, 303, 371, 380, 388, 448, 459, 536, 760, 1226, 1242, 1248, 1290]",41.5,2103800593.6300485,99.37209317085362,99.3036289641666,8.623651123046875,9.13869713001359,0.0228258053583848,0.9819231087369978,0.9819231087369978,0.0,True,9.13869713001359,0.6915361322607971,10.0,5.446818975696314,10.0,0.1931579803248698,10.0,4304.975688573838,10.0,0.1218200860470981,10.0,0.2049200047733986,10.0,6.282881220516323e-08,10.0,527318762.5762952,10.0,0.034403191322865,10.0,38.30361166609053,10.0,2138438453.5681188,10.0,0.4200989813120158,10.0,0.4642295752022982,10.0,1.363058808623876,10.0,1.155408233270261,10.0,0.0162736745652388,10.0,0.7245355666700477,10.0,0.7245355666700477,10.0,0.0,10.0,1.155408233270261,10.0,10.0,building_coverage,0.4,True,9d6952da805aec74
1315.0,264.0,1051.0,5.0,7712263.157209304,50336.68439047781,"{'cost_priority': 'Optimal', 'coverage_priority': 'Optimal'}","{'cost_priority': 11, 'coverage_priority': 10}","[11, 10]","[314333127.3849533, 544668670.7712152]","{'cost_priority': 0, 'coverage_priority': 0}",80.0,19.15,80.0,60.0,46.5,3.2047726099299325,1948.5913095842184,284466.2509234097,6.004299450835323,10.202536518158194,314333127.3849534,20608126964.612907,1.6997169508381045,"[0, 87, 178, 196, 556, 748, 789, 1081, 1162, 1251, 1252, 1257, 1266, 1289]",25.1,1129775334.0383344,99.01903635767988,98.90461005690037,9.347831392288208,9.745095722110005,0.0241428078339529,1.163686740831425,1.163686740831425,0.0,True,9.745095722110005,1.152051310585697,10.0,4.016092961698092,10.0,0.1931579803248698,10.0,4090.863443283946,10.0,0.1361169911692191,10.0,0.1608577807186408,10.0,6.282881220516323e-08,10.0,1254579039.9883757,10.0,0.0344092632238838,10.0,20.046889478863744,10.0,1120626590.0235522,10.0,0.7669450132599271,10.0,0.8473740966052734,10.0,0.7575241646914945,10.0,0.5761826330516947,10.0,0.0081125780438503,10.0,0.4094437753441698,10.0,0.4094437753441698,10.0,0.0,10.0,0.5761826330516947,10.0,10.0,building_coverage,0.5,True,9d6952da805aec74
1315.0,264.0,1051.0,5.0,7712263.157209304,50336.68439047781,"{'cost_priority': 'Optimal', 'coverage_priority': 'Optimal'}","{'cost_priority': 11, 'coverage_priority': 10}","[11, 10]","[314333127.3849533, 544668670.7712152]","{'cost_priority': 0, 'coverage_priority': 0}",80.0,19.46,80.0,60.0,46.5,3.2047726099299325,1948.5913095842184,284466.2509234097,6.004299450835323,10.202536518158194,314333127.3849534,20608126964.612907,1.6997169508381045,"[0, 87, 178, 196, 556, 748, 789, 1081, 1162, 1251, 1252, 1257, 1266, 1289]",25.1,1129775334.0383344,99.01903635767988,98.90461005690037,9.347831392288208,9.745095722110005,0.0241428078339529,1.163686740831425,1.163686740831425,0.0,True,9.745095722110005,1.187153458207208,10.0,4.016092961698092,10.0,0.1931579803248698,10.0,4090.863443283946,10.0,0.1361169911692191,10.0,0.1608577807186408,10.0,6.282881220516323e-08,10.0,1254579039.9883757,10.0,0.0344092632238838,10.0,20.046889478863744,10.0,1120626590.0235522,10.0,0.7669450132599271,10.0,0.8473740966052734,10.0,0.7575241646914945,10.0,0.5761826330516947,10.0,0.0081125780438503,10.0,0.4094437753441698,10.0,0.4094437753441698,10.0,0.0,10.0,0.5761826330516947,10.0,10.0,building_coverage,0.55,True,9d6952da805aec74
1315.0,263.0,1052.0,5.0,7712263.157209304,50336.68439047781,"{'cost_priority': 'Optimal', 'coverage_priority': 'Optimal'}","{'cost_priority': 11, 'coverage_priority': 10}","[11, 10]","[314333127.3849533, 542244148.8762939]","{'cost_priority': 0, 'coverage_priority': 0}",80.0,19.130000000000003,80.0,60.0,46.5,2.48144407328,1948.5913095842184,285477.8671642585,5.982213592086556,10.40884158620935,314333127.3849534,20153115028.251976,1.740189944749036,"[0, 2, 18, 31, 61, 65, 88, 104, 113, 116, 118, 119, 130, 141, 147, 169, 182, 224, 234, 240, 249, 266, 268, 272, 282, 293, 310, 321, 341, 345, 352, 372, 376, 389, 414, 424, 426, 431, 435, 445, 453, 463, 471, 477, 483, 507, 514, 515, 516, 521, 523, 576, 606, 630, 632, 661, 678, 688, 695, 711, 779, 792, 793, 798, 803, 824, 849, 851, 888, 907, 910, 935, 940, 960, 974, 988, 1008, 1015, 1016, 1021, 1026, 1055, 1058, 1059, 1068, 1075, 1077, 1097, 1117, 1122, 1124, 1138, 1152, 1153, 1178, 1179, 1202, 1204, 1206, 1214, 1229, 1243, 1249, 1252, 1260, 1274, 1285, 1286, 1297, 1304, 1307, 1314]",72.8,3730450332.82594,99.54979656168942,99.49165148320002,7.953382921218872,8.415075823594213,0.0191029222564476,0.7980274361854285,0.7980274361854285,0.0,True,8.415075823594213,0.9499122766515512,10.0,4.285771520390233,10.0,0.1931579803248698,10.0,4415.006638938622,10.0,0.1321298725245845,10.0,0.2384752260154887,10.0,6.282881220516323e-08,10.0,1152583690.4309518,10.0,0.031721906054041,10.0,60.60583030259272,10.0,3240113481.6543283,10.0,0.3936592884119063,10.0,0.4374798140901648,10.0,1.6269802940593836,10.0,1.558855450234648,10.0,0.0039377115461395,10.0,0.2009260221910289,10.0,0.2009260221910289,10.0,0.0,10.0,1.558855450234648,10.0,10.0,building_coverage,0.6,True,9d6952da805aec74
1315.0,263.0,1052.0,5.0,7712263.157209304,50336.68439047781,"{'cost_priority': 'Optimal', 'coverage_priority': 'Optimal'}","{'cost_priority': 11, 'coverage_priority': 10}","[11, 10]","[314333127.3849533, 542244148.8762939]","{'cost_priority': 0, 'coverage_priority': 0}",80.0,19.52,80.0,60.0,46.5,2.48144407328,1948.5913095842184,285477.8671642585,5.982213592086556,10.40884158620935,314333127.3849534,20153115028.251976,1.740189944749036,"[0, 2, 18, 31, 61, 65, 88, 104, 113, 116, 118, 119, 130, 141, 147, 169, 182, 224, 234, 240, 249, 266, 268, 272, 282, 293, 310, 321, 341, 345, 352, 372, 376, 389, 414, 424, 426, 431, 435, 445, 453, 463, 471, 477, 483, 507, 514, 515, 516, 521, 523, 576, 606, 630, 632, 661, 678, 688, 695, 711, 779, 792, 793, 798, 803, 824, 849, 851, 888, 907, 910, 935, 940, 960, 974, 988, 1008, 1015, 1016, 1021, 1026, 1055, 1058, 1059, 1068, 1075, 1077, 1097, 1117, 1122, 1124, 1138, 1152, 1153, 1178, 1179, 1202, 1204, 1206, 1214, 1229, 1243, 1249, 1252, 1260, 1274, 1285, 1286, 1297, 1304, 1307, 1314]",72.8,3730450332.82594,99.54979656168942,99.49165148320002,7.953382921218872,8.415075823594213,0.0191029222564476,0.7980274361854285,0.7980274361854285,0.0,True,8.415075823594213,1.0778579580713676,10.0,4.285771520390233,10.0,0.1931579803248698,10.0,4415.006638938622,10.0,0.1321298725245845,10.0,0.2384752260154887,10.0,6.282881220516323e-08,10.0,1152583690.4309518,10.0,0.031721906054041,10.0,60.60583030259272,10.0,3240113481.6543283,10.0,0.3936592884119063,10.0,0.4374798140901648,10.0,1.6269802940593836,10.0,1.558855450234648,10.0,0.0039377115461395,10.0,0.2009260221910289,10.0,0.2009260221910289,10.0,0.0,10.0,1.558855450234648,10.0,10.0,building_coverage,0.7,True,9d6952da805aec74
1650.0,397.0,1253.0,5.0,7712263.157209304,50336.68439047781,"{'cost_priority': 'Optimal', 'coverage_priority': 'Optimal'}","{'cost_priority': 11, 'coverage_priority': 9}","[11, 9]","[312037415.8786842, 494867998.95913213]","{'cost_priority': 0, 'coverage_priority': 0}",80.0,21.77,80.0,60.0,46.5,3.097705920829321,1661.4128546614106,277417.0740080157,5.769611486721826,10.396895044064028,312037415.87868416,21013838634.68627,1.8023773262419136,"[15, 509, 1142, 1286, 1288, 1416, 1430, 1442, 1446, 1523, 1541, 1569, 1620, 1632, 1633]",20.2,736388438.0124133,98.99631367411789,98.87052513880836,9.617000484466551,10.00035944637759,0.0248388309548206,1.1855736106278898,1.1855736106278898,0.0,True,10.00035944637759,0.5831904586934795,10.0,3.8939506023505857,10.0,74.14476085057278,10.0,2439.2112126479287,10.0,0.08930942639713,10.0,0.1171411481536427,10.0,6.282881220516323e-08,10.0,887206865.027193,10.0,0.0331545441983673,10.0,4.211096452627668,10.0,145855588.10577068,10.0,0.4133474951492876,10.0,0.4649961818588723,10.0,0.1679486368622029,10.0,0.2761408978783182,10.0,0.0089664834291562,10.0,0.44793580424614,10.0,0.44793580424614,10.0,0.0,10.0,0.2761408978783182,10.0,10.0,dilution,300.0,True,9d6952da805aec74
1462.0,323.0,1139.0,5.0,7712263.157209304,50336.68439047781,"{'cost_priority': 'Optimal', 'coverage_priority': 'Optimal'}","{'cost_priority': 11, 'coverage_priority': 10}","[11, 10]","[315092074.5329095, 419560989.5260331]","{'cost_priority': 0, 'coverage_priority': 0}",80.0,20.95,80.0,60.0,46.5,2.116059547467012,2029.2206591332133,280408.1407141726,5.855993318871851,10.611878199723296,315092074.5329095,20386904114.20634,1.8124423036516648,"[60, 85, 189, 295, 315, 436, 448, 478, 843, 1180, 1183, 1240, 1284, 1299, 1355, 1376, 1384, 1419, 1426]",33.3,1531905507.4526138,99.23780550695652,99.14036757887096,9.078544855117798,9.411066480774007,0.0234386613968632,1.0810298723429643,1.0810298723429643,0.0,True,9.411066480774007,0.8501633829904567,10.0,2.731821128972748,10.0,0.1931579803248698,10.0,3047.1924366184835,10.0,0.0788935616674011,10.0,0.0037661783011651,10.0,0.0,10.0,829330901.0924665,10.0,0.0249574165860506,10.0,29.66872652024912,10.0,1629297890.761917,10.0,0.4015526787293934,10.0,0.4437487517421402,10.0,1.107228340754702,10.0,1.0350855455977506,10.0,0.0086482437854343,10.0,0.481241220277118,10.0,0.481241220277118,10.0,0.0,10.0,1.0350855455977506,10.0,10.0,dilution,400.0,True,9d6952da805aec74
1315.0,264.0,1051.0,5.0,7712263.157209304,50336.68439047781,"{'cost_priority': 'Optimal', 'coverage_priority': 'Optimal'}","{'cost_priority': 11, 'coverage_priority': 10}","[11, 10]","[314333127.3849533, 544668670.7712152]","{'cost_priority': 0, 'coverage_priority': 0}",80.0,20.69,80.0,60.0,46.5,3.2047726099299325,1948.5913095842184,284466.2509234097,6.004299450835323,10.202536518158194,314333127.3849534,20608126964.612907,1.6997169508381045,"[0, 87, 178, 196, 556, 748, 789, 1081, 1162, 1251, 1252, 1257, 1266, 1289]",25.1,1129775334.0383344,99.01903635767988,98.90461005690037,9.347831392288208,9.745095722110005,0.0241428078339529,1.163686740831425,1.163686740831425,0.0,True,9.745095722110005,1.2792793110011422,10.0,4.016092961698092,10.0,0.1931579803248698,10.0,4090.863443283946,10.0,0.1361169911692191,10.0,0.1608577807186408,10.0,6.282881220516323e-08,10.0,1254579039.9883757,10.0,0.0344092632238838,10.0,20.046889478863744,10.0,1120626590.0235522,10.0,0.7669450132599271,10.0,0.8473740966052734,10.0,0.7575241646914945,10.0,0.5761826330516947,10.0,0.0081125780438503,10.0,0.4094437753441698,10.0,0.4094437753441698,10.0,0.0,10.0,0.5761826330516947,10.0,10.0,dilution,500.0,True,9d6952da805aec74
572.0,200.0,372.0,5.0,7712263.157209304,50336.68439047781,"{'cost_priority': 'Optimal', 'coverage_priority': 'Optimal'}","{'cost_priority': 11, 'coverage_priority': 10}","[11, 10]","[316248322.55450684, 514452020.4221088]","{'cost_priority': 0, 'coverage_priority': 0}",80.0,17.560000000000002,80.0,60.0,46.5,1.2080095657132914,1644.1030161694878,278162.50713761454,5.823756827042642,10.16464735152968,316248322.55450684,20408120443.278755,1.7454506121953235,"[0, 30, 33, 35, 36, 37, 39, 40, 42, 51, 75, 83, 119, 125, 126, 127, 132, 136, 141, 149, 150, 168, 170, 175, 178, 187, 191, 203, 218, 221, 225, 226, 240, 241, 245, 270, 290, 291, 293, 314, 320, 333, 335, 337, 340, 353, 358, 366, 368, 370, 373, 386, 387, 388, 392, 393, 403, 411, 417, 434, 437, 443, 447, 452, 465, 468, 469, 473, 476, 478, 482, 486, 489, 499, 500, 506, 511, 517, 519, 524, 526, 527, 529, 535, 543, 545, 552, 555]",39.9,1888716502.469256,99.00682920773502,98.89994887016384,8.672550773620605,8.946499071334905,0.0242237688624478,1.054292529020494,1.054292529020494,0.0,True,8.946499071334905,0.8154071920757676,10.0,3.722510805528709,10.0,137.38349483941218,10.0,1857.937984284605,10.0,0.0420480040188281,10.0,0.1319028846405388,10.0,0.0,10.0,795426941.1166077,10.0,0.025319297444643,10.0,33.344831350267434,10.0,1805777633.064257,10.0,1.225807800283981,10.0,1.3344091475501227,10.0,1.2826633135845589,10.0,1.2629261749691103,10.0,0.0115404551666774,10.0,0.578824390105684,10.0,0.578824390105684,10.0,0.0,10.0,1.2629261749691103,10.0,10.0,dilution,700.0,True,9d6952da805aec74
293.0,136.0,157.0,5.0,7712263.157209304,50336.68439047781,"{'cost_priority': 'Infeasible', 'coverage_priority': 'Infeasible'}","{'cost_priority': 0, 'coverage_priority': 0}",[],[],"{'cost_priority': 0, 'coverage_priority': 0}",80.0,13.49,80.0,60.0,46.5,11.79948772500138,1526.8985767069848,283728.047036933,5.794345085139723,10.293897039190943,491749274.5612927,14494776803.068014,1.7766062352553298,"[0, 49, 98, 165, 177, 207, 229, 231, 249, 254, 259, 270, 282, 286]",21.8,882828302.1441042,98.92127918490564,98.81034732006086,9.475186157226563,9.556105173959615,0.0197335872940727,0.9312876992236256,0.9312876992236256,0.0,True,9.556105173959615,0.363470921960906,10.0,2.300859943870364e-12,10.0,143.7920973603964,10.0,1717.5550763216484,10.0,0.0441756826767534,10.0,0.1263052229370632,10.0,31449441.43277028,10.0,699813631.5645895,10.0,0.0234346981881788,10.0,5.977736472389306,10.0,306974891.9662566,10.0,1.1447465399367192,10.0,1.2519793918000572,10.0,0.4027131342622526,10.0,0.4241675008213907,10.0,0.0086233407526624,10.0,0.425056626998844,10.0,0.425056626998844,10.0,0.0,10.0,0.4241675008213907,10.0,10.0,dilution,1000.0,True,9d6952da805aec74
1315.0,264.0,1051.0,5.0,7712263.157209304,50336.68439047781,"{'cost_priority': 'Optimal', 'coverage_priority': 'Optimal'}","{'cost_priority': 14, 'coverage_priority': 13}","[14, 13]","[438569792.47824234, 627041607.6204007]","{'cost_priority': 0, 'coverage_priority': 0}",80.0,30.22,80.0,60.0,46.5,0.0,157.22351662612346,283862.3243201686,5.978841275024127,10.234026540017826,438569792.4782423,20843041665.087227,1.7120848963789714,"[17, 21, 30, 35, 40, 53, 74, 88, 93, 124, 142, 147, 183, 217, 264, 312, 382, 397, 449, 458, 518, 656, 679, 774, 906, 948, 968, 1009, 1086, 1089, 1132, 1162, 1243, 1251, 1252, 1257]",23.0,1062119568.3731444,99.96492685102972,99.9603483413953,9.113487100601196,9.558466234475487,0.0234217153147638,1.099576745075286,1.099576745075286,0.0,True,9.558466234475487,1.2245634142646744,10.0,0.0,10.0,0.0,10.0,3102.8352772523413,10.0,0.1200073305759129,10.0,0.2422539272788945,10.0,6.282881220516323e-08,10.0,887390003.3164849,10.0,0.0438963694043736,10.0,8.32666399786453,10.0,512541138.01170886,10.0,0.0213919076892999,10.0,0.0230907294149966,10.0,0.5995070043496871,10.0,0.4536002336205219,10.0,0.0086478501184457,10.0,0.4419774379261126,10.0,0.4419774379261126,10.0,0.0,10.0,0.4536002336205219,10.0,10.0,core_demand,0.3,True,9d6952da805aec74
1315.0,264.0,1051.0,5.0,7712263.157209304,50336.68439047781,"{'cost_priority': 'Optimal', 'coverage_priority': 'Optimal'}","{'cost_priority': 14, 'coverage_priority': 12}","[14, 12]","[407459564.3986079, 544625085.2090844]","{'cost_priority': 0, 'coverage_priority': 0}",80.0,28.130000000000003,80.0,60.0,46.5,0.5290148868669349,225.44086238476376,283720.68433269457,5.977471396326552,10.360849158446458,407459564.3986079,20700391590.67528,1.7341224016116328,"[6, 11, 18, 26, 27, 32, 53, 76, 88, 97, 98, 127, 149, 158, 200, 223, 228, 231, 242, 270, 287, 315, 379, 412, 433, 456, 465, 482, 485, 531, 556, 613, 621, 635, 639, 647, 674, 703, 734, 749, 759, 791, 804, 835, 841, 847, 864, 889, 891, 900, 907, 941, 951, 973, 988, 995, 1001, 1018, 1044, 1054, 1056, 1060, 1066, 1067, 1081, 1102, 1121, 1144, 1159, 1162, 1179, 1188, 1193, 1197, 1199, 1200, 1207, 1210, 1212, 1224, 1243, 1252, 1260, 1276, 1278, 1283, 1297, 1309]",35.7,1771526433.1619265,99.89212403181604,99.8760643543766,8.722376012802124,9.527893381055524,0.0282643571330574,1.2832681200144953,1.2832681200144953,0.0,True,9.527893381055524,1.0914312723310715,10.0,1.6728919586358106,10.0,48.04055081580212,10.0,3164.3660783481782,10.0,0.1212756062864102,10.0,0.255346006721851,10.0,6.282881220516323e-08,10.0,987708627.0415288,10.0,0.061390953085401,10.0,26.00021367433566,10.0,1556098985.0483956,10.0,0.0876311260627475,10.0,0.1006925320671253,10.0,1.0318509860834848,10.0,0.92681719749053,10.0,0.014895418877229,10.0,0.6057935996060302,10.0,0.6057935996060302,10.0,0.0,10.0,0.92681719749053,10.0,10.0,core_demand,0.4,True,9d6952da805aec74
1315.0,264.0,1051.0,5.0,7712263.157209304,50336.68439047781,"{'cost_priority': 'Optimal', 'coverage_priority': 'Optimal'}","{'cost_priority': 14, 'coverage_priority': 12}","[14, 12]","[400717499.4553452, 628206367.1489066]","{'cost_priority': 0, 'coverage_priority': 0}",80.0,25.22,80.0,60.0,46.5,2.874060122200172,667.2314017706536,284094.54133474466,5.989584937401122,10.132800126326652,400717499.4553452,20468620225.60848,1.6921293423530126,"[19, 30, 56, 88, 231, 245, 248, 254, 357, 448, 451, 478, 521, 568, 624, 650, 680, 701, 721, 728, 862, 883, 1069, 1099, 1110, 1138, 1189, 1243, 1252, 1259, 1262]",44.9,2238711054.7951794,99.3152490200796,99.21868330827928,8.386145877838135,9.026162862471152,0.0271752100467141,1.179030892989119,1.179030892989119,0.0,True,9.026162862471152,1.423454327409988,10.0,4.12387387922801,10.0,122.68492151390048,10.0,3788.778449528627,10.0,0.1266778370632445,10.0,0.1608890557366937,10.0,0.0,10.0,1137397711.9229271,10.0,0.0305882896486988,10.0,37.409000699475165,10.0,2002111197.7278428,10.0,0.6979600126081685,10.0,0.7936347674622084,10.0,1.2229301354759534,10.0,1.1025269671200215,10.0,0.0118495200017606,10.0,0.5619095771545477,10.0,0.5619095771545477,10.0,0.0,10.0,1.1025269671200215,10.0,10.0,core_demand,0.5,True,9d6952da805aec74
1315.0,264.0,1051.0,5.0,7712263.157209304,50336.68439047781,"{'cost_priority': 'Optimal', 'coverage_priority': 'Optimal'}","{'cost_priority': 11, 'coverage_priority': 10}","[11, 10]","[314333127.3849533, 544668670.7712152]","{'cost_priority': 0, 'coverage_priority': 0}",80.0,21.94,80.0,60.0,46.5,3.2047726099299325,1948.5913095842184,284466.2509234097,6.004299450835323,10.202536518158194,314333127.3849534,20608126964.612907,1.6997169508381045,"[0, 87, 178, 196, 556, 748, 789, 1081, 1162, 1251, 1252, 1257, 1266, 1289]",25.1,1129775334.0383344,99.01903635767988,98.90461005690037,9.347831392288208,9.745095722110005,0.0241428078339529,1.163686740831425,1.163686740831425,0.0,True,9.745095722110005,1.2920268315067351,10.0,4.016092961698092,10.0,0.1931579803248698,10.0,4090.863443283946,10.0,0.1361169911692191,10.0,0.1608577807186408,10.0,6.282881220516323e-08,10.0,1254579039.9883757,10.0,0.0344092632238838,10.0,20.046889478863744,10.0,1120626590.0235522,10.0,0.7669450132599271,10.0,0.8473740966052734,10.0,0.7575241646914945,10.0,0.5761826330516947,10.0,0.0081125780438503,10.0,0.4094437753441698,10.0,0.4094437753441698,10.0,0.0,10.0,0.5761826330516947,10.0,10.0,core_demand,0.6,True,9d6952da805aec74
1315.0,264.0,1051.0,5.0,7712263.157209304,50336.68439047781,"{'cost_priority': 'Optimal', 'coverage_priority': 'Optimal'}","{'cost_priority': 10, 'coverage_priority': 9}","[10, 9]","[286876505.0924745, 416816078.39055544]","{'cost_priority': 0, 'coverage_priority': 0}",80.0,18.07,80.0,60.0,46.5,8.73358740627009,2586.995650397968,284895.83514386136,6.00989437931748,10.366561768350676,286875536.1119814,20487629877.49479,1.725556141052159,"[90, 114, 217, 454, 495, 625, 721, 958, 1089, 1142, 1176, 1184, 1207, 1245, 1252, 1263, 1266, 1296]",21.6,1011417573.3552356,98.7334163340711,98.61081039301652,9.397422122955325,9.714675471596872,0.0169150401951583,0.8442538429323522,0.8442538429323522,0.0,True,9.714675471596872,0.8895067297228406,10.0,8.274680548140477,10.0,74.06256620418677,10.0,3934.262416896855,10.0,0.1184908724755592,10.0,0.0682501013538717,10.0,3064.1853665774106,10.0,1308520301.502003,10.0,0.0377964462531064,10.0,5.719362823873924,10.0,305043890.36070144,10.0,0.6242138206333174,10.0,0.6740120326837119,10.0,0.2281631529632914,10.0,0.3508625369995934,10.0,0.0068642563564867,10.0,0.3921949017072442,10.0,0.3921949017072442,10.0,0.0,10.0,0.3508625369995934,10.0,10.0,core_demand,0.7,True,9d6952da805aec74
1315.0,264.0,1051.0,5.0,7712263.157209304,50336.68439047781,"{'cost_priority': 'Optimal', 'coverage_priority': 'Optimal'}","{'cost_priority': 9, 'coverage_priority': 8}","[9, 8]","[268378085.65920168, 363530084.6583677]","{'cost_priority': 0, 'coverage_priority': 0}",80.0,15.75,80.0,60.0,46.5,9.605119463583833,5057.700966268137,285200.87211081746,6.012785262220584,11.121265714372752,268378085.65920168,20508304348.41442,1.850326418870284,"[24, 81, 136, 215, 327, 341, 396, 413, 427, 495, 742, 856, 887, 894, 972, 1036, 1057, 1099, 1116, 1127, 1177, 1229, 1243, 1270, 1276, 1309]",23.0,1041385772.982074,98.25033122915428,98.078521151336,9.599282455444335,9.8268307298578,0.0166972295285074,0.820845447428771,0.820845447428771,0.0,True,9.8268307298578,0.6204836822995433,10.0,10.528153911995066,10.0,104.05140665187751,10.0,4165.607846955916,10.0,0.1307350581719474,10.0,0.0201364836235305,10.0,0.0,10.0,1335106919.2774804,10.0,0.037083650694982,10.0,9.237604307034012,10.0,432294713.0638855,10.0,0.7299528947854024,10.0,0.812413722226181,10.0,0.2413958048094764,10.0,0.1568617109668937,10.0,0.0099582707658579,10.0,0.4737873315687596,10.0,0.4737873315687596,10.0,0.0,10.0,0.1568617109668937,10.0,10.0,core_demand,0.8,True,9d6952da805aec74
1315.0,264.0,1051.0,5.0,7712263.157209304,50336.68439047781,"{'cost_priority': 'Optimal', 'coverage_priority': 'Optimal'}","{'cost_priority': 11, 'coverage_priority': 10}","[11, 10]","[157166563.69247666, 272334335.3856076]","{'cost_priority': 0, 'coverage_priority': 0}",80.0,22.52,80.0,60.0,46.5,3.2047726099299325,1948.5913095842184,284466.2509234097,6.004299450835323,10.202536518158194,157166563.6924767,10304063482.306454,1.6997169508381045,"[0, 87, 178, 196, 556, 748, 789, 1081, 1162, 1251, 1252, 1257, 1266, 1289]",25.1,564887667.0191672,99.01903635767988,98.90461005690037,9.347831392288208,9.745095722110005,0.0241428078339529,1.163686740831425,1.163686740831425,0.0,True,9.745095722110005,1.681137181262202,10.0,4.016092961698092,10.0,0.1931579803248698,10.0,4090.863443283946,10.0,0.1361169911692191,10.0,0.1608577807186408,10.0,3.1414406102581615e-08,10.0,627289519.9941878,10.0,0.0344092632238838,10.0,20.046889478863744,10.0,560313295.0117761,10.0,0.7669450132599271,10.0,0.8473740966052734,10.0,0.7575241646914945,10.0,0.5761826330516947,10.0,0.0081125780438503,10.0,0.4094437753441698,10.0,0.4094437753441698,10.0,0.0,10.0,0.5761826330516947,10.0,10.0,cost_scale,0.5,True,9d6952da805aec74
1315.0,264.0,1051.0,5.0,7712263.157209304,50336.68439047781,"{'cost_priority': 'Optimal', 'coverage_priority': 'Optimal'}","{'cost_priority': 11, 'coverage_priority': 10}","[11, 10]","[235749845.53871498, 408501503.0784114]","{'cost_priority': 0, 'coverage_priority': 0}",80.0,22.84,80.0,60.0,46.5,3.2047726099299325,1948.5913095842184,284466.2509234097,6.004299450835323,10.202536518158194,235749845.53871492,15456095223.45968,1.6997169508381045,"[0, 87, 178, 196, 556, 748, 789, 1081, 1162, 1251, 1252, 1257, 1266, 1289]",27.1,980885669.1447108,99.19019201654037,99.09988974292185,9.21452808380127,9.654635970582138,0.0233775024291641,1.097980582005618,1.097980582005618,0.0,True,9.654635970582138,1.5435888917281917,10.0,4.016092961698092,10.0,0.1931579803248698,10.0,4090.863443283946,10.0,0.1361169911692191,10.0,0.1608577807186408,10.0,0.0,10.0,940934279.9912816,10.0,0.0344092632238838,10.0,22.15826908602946,10.0,937428266.862162,10.0,0.7902052418060952,10.0,0.870622779123625,10.0,0.928872057603248,10.0,0.7696443594986734,10.0,0.0078446283018328,10.0,0.4114696015129805,10.0,0.4114696015129805,10.0,0.0,10.0,0.7696443594986734,10.0,10.0,cost_scale,0.75,True,9d6952da805aec74
1315.0,264.0,1051.0,5.0,7712263.157209304,50336.68439047781,"{'cost_priority': 'Optimal', 'coverage_priority': 'Optimal'}","{'cost_priority': 11, 'coverage_priority': 10}","[11, 10]","[314333127.3849533, 544668670.7712152]","{'cost_priority': 0, 'coverage_priority': 0}",80.0,23.36,80.0,60.0,46.5,3.2047726099299325,1948.5913095842184,284466.2509234097,6.004299450835323,10.202536518158194,314333127.3849534,20608126964.612907,1.6997169508381045,"[0, 87, 178, 196, 556, 748, 789, 1081, 1162, 1251, 1252, 1257, 1266, 1289]",25.1,1129775334.0383344,99.01903635767988,98.90461005690037,9.347831392288208,9.745095722110005,0.0241428078339529,1.163686740831425,1.163686740831425,0.0,True,9.745095722110005,1.6056843470066655,10.0,4.016092961698092,10.0,0.1931579803248698,10.0,4090.863443283946,10.0,0.1361169911692191,10.0,0.1608577807186408,10.0,6.282881220516323e-08,10.0,1254579039.9883757,10.0,0.0344092632238838,10.0,20.046889478863744,10.0,1120626590.0235522,10.0,0.7669450132599271,10.0,0.8473740966052734,10.0,0.7575241646914945,10.0,0.5761826330516947,10.0,0.0081125780438503,10.0,0.4094437753441698,10.0,0.4094437753441698,10.0,0.0,10.0,0.5761826330516947,10.0,10.0,cost_scale,1.0,True,9d6952da805aec74
1315.0,264.0,1051.0,5.0,7712263.157209304,50336.68439047781,"{'cost_priority': 'Optimal', 'coverage_priority': 'Optimal'}","{'cost_priority': 11, 'coverage_priority': 10}","[11, 10]","[392916409.23119164, 680835838.4640191]","{'cost_priority': 0, 'coverage_priority': 0}",80.0,23.48,80.0,60.0,46.5,3.2047726099299325,1948.5913095842184,284466.2509234097,6.004299450835323,10.202536518158194,392916409.2311917,25760158705.766136,1.6997169508381045,"[0, 87, 178, 196, 556, 748, 789, 1081, 1162, 1251, 1252, 1257, 1266, 1289]",24.4,1398698499.7567592,99.1401666588262,99.04287061907286,9.387098169326782,9.768130838791336,0.0233055595167943,1.1230779257414951,1.1230779257414951,0.0,True,9.768130838791336,1.4573949361789345,10.0,4.016092961698092,10.0,0.1931579803248698,10.0,4090.863443283946,10.0,0.1361169911692191,10.0,0.1608577807186408,10.0,0.0,10.0,1568223799.9854696,10.0,0.0344092632238838,10.0,20.211108056929703,10.0,1405995715.292615,10.0,0.7591813710907201,10.0,0.8359161156160956,10.0,0.7681821051805078,10.0,0.5918027798957234,10.0,0.0078641490345214,10.0,0.3931319328943319,10.0,0.3931319328943319,10.0,0.0,10.0,0.5918027798957234,10.0,10.0,cost_scale,1.25,True,9d6952da805aec74
1315.0,264.0,1051.0,5.0,7712263.157209304,50336.68439047781,"{'cost_priority': 'Optimal', 'coverage_priority': 'Optimal'}","{'cost_priority': 11, 'coverage_priority': 10}","[11, 10]","[471499691.07742995, 817003006.1568228]","{'cost_priority': 0, 'coverage_priority': 0}",80.0,25.12,80.0,60.0,46.5,3.2047726099299325,1948.5913095842184,284466.2509234097,6.004299450835323,10.202536518158194,471499691.07743,30912190446.91936,1.6997169508381045,"[0, 87, 178, 196, 556, 748, 789, 1081, 1162, 1251, 1252, 1257, 1266, 1289]",27.1,1961771338.2894216,99.19019201654037,99.09988974292185,9.21452808380127,9.654635970582138,0.0233775024291641,1.097980582005618,1.097980582005618,0.0,True,9.654635970582138,1.80357669337594,10.0,4.016092961698092,10.0,0.1931579803248698,10.0,4090.863443283946,10.0,0.1361169911692191,10.0,0.1608577807186408,10.0,0.0,10.0,1881868559.982563,10.0,0.0344092632238838,10.0,22.15826908602946,10.0,1874856533.724324,10.0,0.7902052418060952,10.0,0.870622779123625,10.0,0.928872057603248,10.0,0.7696443594986734,10.0,0.0078446283018328,10.0,0.4114696015129805,10.0,0.4114696015129805,10.0,0.0,10.0,0.7696443594986734,10.0,10.0,cost_scale,1.5,True,9d6952da805aec74
1315.0,264.0,1051.0,5.0,7712263.157209304,50336.68439047781,"{'cost_priority': 'Optimal', 'coverage_priority': 'Optimal'}","{'cost_priority': 11, 'coverage_priority': 10}","[11, 10]","[314333127.3849533, 544668670.7712152]","{'cost_priority': 0, 'coverage_priority': 0}",80.0,25.74,80.0,60.0,46.5,3.2047726099299325,1948.5913095842184,284466.2509234097,6.004299450835323,10.202536518158194,314333127.3849534,20608126964.612907,1.6997169508381045,"[0, 87, 178, 196, 556, 748, 789, 1081, 1162, 1251, 1252, 1257, 1266, 1289]",25.1,1129775334.0383344,99.01903635767988,98.90461005690037,9.347831392288208,9.745095722110005,0.0241428078339529,1.163686740831425,1.163686740831425,0.0,True,9.745095722110005,1.5784662034885504,10.0,4.016092961698092,10.0,0.1931579803248698,10.0,4090.863443283946,10.0,0.1361169911692191,10.0,0.1608577807186408,10.0,6.282881220516323e-08,10.0,1254579039.9883757,10.0,0.0344092632238838,10.0,20.046889478863744,10.0,1120626590.0235522,10.0,0.7669450132599271,10.0,0.8473740966052734,10.0,0.7575241646914945,10.0,0.5761826330516947,10.0,0.0081125780438503,10.0,0.4094437753441698,10.0,0.4094437753441698,10.0,0.0,10.0,0.5761826330516947,10.0,10.0,equity_measure,group_mean,True,9d6952da805aec74
1315.0,264.0,1051.0,5.0,7712263.157209304,50336.68439047781,"{'cost_priority': 'Optimal', 'coverage_priority': 'Optimal'}","{'cost_priority': 11, 'coverage_priority': 10}","[11, 10]","[314333127.3849533, 544668670.7712152]","{'cost_priority': 0, 'coverage_priority': 0}",80.0,26.6,80.0,60.0,46.5,3.2047726099299325,1948.5913095842184,284561.2273243576,14.85401029586792,15.0,314333127.3849534,20444201646.33535,1.0098343249718742,"[2, 18, 31, 61, 65, 88, 104, 113, 116, 118, 119, 130, 141, 147, 169, 182, 224, 234, 240, 246, 249, 266, 268, 272, 282, 293, 310, 321, 332, 341, 345, 352, 372, 376, 389, 414, 424, 426, 431, 435, 445, 453, 463, 471, 477, 483, 507, 514, 515, 516, 521, 523, 576, 606, 630, 632, 661, 678, 688, 695, 711, 779, 792, 793, 798, 803, 824, 849, 851, 888, 907, 910, 935, 940, 960, 974, 988, 1008, 1015, 1016, 1021, 1026, 1032, 1055, 1058, 1059, 1068, 1075, 1077, 1088, 1097, 1117, 1122, 1124, 1138, 1152, 1153, 1178, 1179, 1202, 1204, 1206, 1214, 1229, 1243, 1249, 1252, 1260, 1274, 1285, 1286, 1297, 1304, 1307, 1314]",31.2,1422915061.617722,99.46208841870886,99.39555314552926,9.179999542236327,9.48370369205624,0.0212496316081265,0.9986374149968392,0.9986374149968392,0.0,True,9.48370369205624,1.7262676501632068,10.0,4.016092961698092,10.0,0.1931579803248698,10.0,4063.949761225303,10.0,0.0382787287865624,10.0,0.0,10.0,6.282881220516323e-08,10.0,1146772697.2339892,10.0,0.0025967600670937,10.0,30.021473796082844,10.0,1593136980.5134976,10.0,0.2466933225290779,10.0,0.2746726260556926,10.0,0.9808261078483406,10.0,0.9676335953678056,10.0,0.006250555796425,10.0,0.3098404098146955,10.0,0.3098404098146955,10.0,0.0,10.0,0.9676335953678056,10.0,10.0,equity_measure,individual_max,True,9d6952da805aec74
1315.0,264.0,1051.0,5.0,7712263.157209304,50336.68439047781,"{'cost_priority': 'Optimal', 'coverage_priority': 'Optimal'}","{'cost_priority': 11, 'coverage_priority': 10}","[11, 10]","[314333127.3849533, 544668670.7712152]","{'cost_priority': 0, 'coverage_priority': 0}",80.0,26.48,80.0,60.0,46.5,3.2047726099299325,1948.5913095842184,284466.2509234097,6.004299450835323,10.202536518158194,314333127.3849534,20608126964.612907,1.6997169508381045,"[0, 87, 178, 196, 556, 748, 789, 1081, 1162, 1251, 1252, 1257, 1266, 1289]",25.1,1129775334.0383344,99.01903635767988,98.90461005690037,9.347831392288208,9.745095722110005,0.0241428078339529,1.163686740831425,1.163686740831425,0.0,True,9.745095722110005,1.7718791029738894,10.0,4.016092961698092,10.0,0.1931579803248698,10.0,4090.863443283946,10.0,0.1361169911692191,10.0,0.1608577807186408,10.0,6.282881220516323e-08,10.0,1254579039.9883757,10.0,0.0344092632238838,10.0,20.046889478863744,10.0,1120626590.0235522,10.0,0.7669450132599271,10.0,0.8473740966052734,10.0,0.7575241646914945,10.0,0.5761826330516947,10.0,0.0081125780438503,10.0,0.4094437753441698,10.0,0.4094437753441698,10.0,0.0,10.0,0.5761826330516947,10.0,10.0,trip_distance,fixed15,True,9d6952da805aec74
1315.0,264.0,1051.0,5.0,7712263.157209304,78427.10757178806,"{'cost_priority': 'Optimal', 'coverage_priority': 'Optimal'}","{'cost_priority': 12, 'coverage_priority': 10}","[12, 10]","[340924767.01638234, 460922333.33413154]","{'cost_priority': 0, 'coverage_priority': 0}",80.0,27.03,80.0,60.0,46.5,4.660890290678071,2900.148379067381,441684.55357369606,6.005246211191187,10.42492863605572,340924767.01638234,20551625955.819405,1.7370430524708669,"[88, 231, 531, 1060, 1081, 1159, 1188, 1200, 1207, 1243, 1276, 1278, 1297, 1309]",41.0,1960478342.154483,99.00453479563797,98.98427281206894,8.928802061080933,9.594436084381329,0.02648099407219,1.3104508941217854,1.3104508941217854,0.0,True,9.594436084381329,1.3055862880543578,10.0,7.070470608099879,10.0,124.15018294992063,10.0,6218.103957928478,10.0,0.1354970422935471,10.0,0.2626139878068994,10.0,0.0,10.0,1223628237.172666,10.0,0.0674496281010232,10.0,43.974740224107954,10.0,2374248828.028554,10.0,1.0578392393102585,10.0,1.0746591823451244,10.0,1.2469120677705816,10.0,1.2008828876985655,10.0,0.0105951549801188,10.0,0.5448740687845692,10.0,0.5448740687845692,10.0,0.0,10.0,1.2008828876985655,10.0,10.0,trip_distance,8.0,True,9d6952da805aec74
1315.0,264.0,1051.0,5.0,7712263.157209304,62609.77603006093,"{'cost_priority': 'Optimal', 'coverage_priority': 'Optimal'}","{'cost_priority': 12, 'coverage_priority': 10}","[12, 10]","[340874030.72955436, 454447354.4308024]","{'cost_priority': 0, 'coverage_priority': 0}",80.0,45.28,80.0,60.0,46.5,4.338697229800164,2217.075238445668,352764.2594768363,6.001492582239857,10.360922272460607,340874030.7295543,20590829965.15488,1.726945976201372,"[0, 471, 614, 682, 1081, 1100, 1111, 1195, 1243, 1255, 1262, 1276, 1279, 1291, 1293, 1307]",26.1,1210969563.7989202,99.1465500918014,99.09757126554211,9.304941987991333,9.763581422008132,0.0214051707154696,1.1288279051991332,1.1288279051991332,0.0,True,9.763581422008132,20.637064821443104,10.0,5.479999922994589,10.0,109.52567148610412,10.0,5272.551820322387,10.0,0.1331436879842776,10.0,0.2295055089480702,10.0,6.282881220516323e-08,10.0,1272926978.2787485,10.0,0.0462095363564122,10.0,27.11887411625589,10.0,1459341383.7581215,10.0,0.5049590569273029,10.0,0.5306670434643899,10.0,0.9472958758210128,10.0,0.9609540889996186,10.0,0.0059248510606926,10.0,0.383488702198289,10.0,0.383488702198289,10.0,0.0,10.0,0.9609540889996186,10.0,10.0,trip_distance,12.0,True,9d6952da805aec74
1315.0,264.0,1051.0,5.0,7712263.157209304,53538.06754400472,"{'cost_priority': 'Optimal', 'coverage_priority': 'Optimal'}","{'cost_priority': 11, 'coverage_priority': 10}","[11, 10]","[314333127.3849533, 494173051.2624849]","{'cost_priority': 0, 'coverage_priority': 0}",80.0,67.66,80.0,60.0,46.5,3.582873328834103,2130.935807604169,302204.7156253546,6.004277070247501,10.219523246186244,314333127.3849534,20618332497.84217,1.702556009765943,"[88, 231, 531, 1060, 1081, 1159, 1188, 1200, 1207, 1243, 1278, 1297, 1309]",34.8,1670809886.8786108,98.96525208610063,98.90030049401324,9.035952854156497,9.200617818422296,0.0189475377613663,0.9013684460521076,0.9013684460521076,0.0,True,9.200617818422296,4.306377699283806,10.0,4.489913672502493,10.0,0.1266257870980556,10.0,4255.490163807783,10.0,0.1361324087115741,10.0,0.2123612205146201,10.0,6.282881220516323e-08,10.0,1212172973.0886748,10.0,0.04157180865805,10.0,37.03991840643761,10.0,1969742643.3707693,10.0,1.1072068020490666,10.0,1.155188714919215,10.0,1.245047041155377,10.0,1.1316380496424732,10.0,0.0088130202190642,10.0,0.4657099523697736,10.0,0.4657099523697736,10.0,0.0,10.0,1.1316380496424732,10.0,10.0,trip_distance,15.0,True,9d6952da805aec74
1315.0,264.0,1051.0,5.0,7712263.157209304,42531.92092598417,"{'cost_priority': 'Optimal', 'coverage_priority': 'Optimal'}","{'cost_priority': 11, 'coverage_priority': 10}","[11, 10]","[317210191.5286311, 514549444.5592985]","{'cost_priority': 0, 'coverage_priority': 0}",80.0,67.32000000000001,80.0,60.0,46.5,2.7295919767115264,1390.9804218899328,240375.351912674,6.004478499597473,10.272053286355945,317210191.5286311,20574578720.322945,1.7112120385028846,"[88, 231, 531, 1060, 1081, 1159, 1188, 1199, 1200, 1207, 1210, 1243, 1278, 1309]",35.3,1713644508.111587,99.21536434529776,99.12902947306084,8.876505088806152,9.312889433108648,0.0248002148210238,1.1503151547725463,1.1503151547725463,0.0,True,9.312889433108648,3.464037464513852,10.0,3.420615581902364,10.0,87.12369702240628,10.0,3418.8270112113114,10.0,0.1363262741269693,10.0,0.2236737732621012,10.0,0.0,10.0,1253043228.2172484,10.0,0.0415312094973625,10.0,30.19952170335005,10.0,1706040851.368924,10.0,0.9895311791172652,10.0,1.0730128711500198,10.0,1.1897646632616654,10.0,0.9594264945315104,10.0,0.0131855554141131,10.0,0.5660479339804144,10.0,0.5660479339804144,10.0,0.0,10.0,0.9594264945315104,10.0,10.0,trip_distance,20.0,True,9d6952da805aec74
1315.0,264.0,1051.0,5.0,7712263.157209304,29835.47526081369,"{'cost_priority': 'Optimal', 'coverage_priority': 'Optimal'}","{'cost_priority': 11, 'coverage_priority': 10}","[11, 10]","[317800034.8684943, 544668670.7712152]","{'cost_priority': 0, 'coverage_priority': 0}",80.0,63.6,80.0,60.0,46.5,1.77582439749458,875.5848861134189,169107.91006348998,6.005425259953336,10.228614443460506,317800034.8684942,20601860971.126614,1.703831831988397,"[0, 87, 178, 196, 556, 748, 789, 1081, 1162, 1251, 1252, 1257, 1266, 1289]",24.4,1152594718.491795,99.22164252070938,99.0986942006472,9.21158151626587,9.592680714402672,0.0226602042849749,1.086832967228854,1.086832967228854,0.0,True,9.592680714402672,5.805170109479997,10.0,2.225392167261429,10.0,75.31409307048246,10.0,2392.394894380484,10.0,0.1357058933866099,10.0,0.1649632766291348,10.0,6.282881220516323e-08,10.0,1240599721.6778448,10.0,0.0395195427668354,10.0,14.953260514014996,10.0,786668973.8727278,10.0,0.7403888838588785,10.0,0.8474789818497923,10.0,0.7755314699818058,10.0,0.747063293093481,10.0,0.0103801973994889,10.0,0.4991543797210893,10.0,0.4991543797210893,10.0,0.0,10.0,0.747063293093481,10.0,10.0,trip_distance,30.0,True,9d6952da805aec74
1315.0,264.0,1051.0,5.0,7712263.157209304,47688.11710896959,"{'cost_priority': 'Optimal', 'coverage_priority': 'Optimal'}","{'cost_priority': 11, 'coverage_priority': 10}","[11, 10]","[314333127.3849533, 596113836.1438168]","{'cost_priority': 0, 'coverage_priority': 0}",80.0,41.98,80.0,60.0,46.5,3.1321046038952773,1877.24041389976,269133.2892714505,6.003988644258723,10.29627215339883,314333127.3849534,20376475590.92388,1.7154047145899043,"[88, 231, 531, 1060, 1081, 1159, 1188, 1200, 1207, 1243, 1278, 1297, 1309]",27.5,1275282642.9179018,98.9713511863295,98.88248907481888,9.305597639083862,9.611493160739462,0.0206781412232665,1.0021975536928154,1.0021975536928154,0.0,True,9.611493160739462,13.662991375732233,10.0,3.925028320583712,10.0,0.1483262515603723,10.0,3734.8928457157344,10.0,0.1357995507232793,10.0,0.2052668862080282,10.0,6.282881220516323e-08,10.0,1471147750.126076,10.0,0.0395391179506487,10.0,26.69685790916643,10.0,1428657654.739614,10.0,1.0804866660345145,10.0,1.1421642709850917,10.0,0.9164206951695978,10.0,0.8979926907288253,10.0,0.0102813881801506,10.0,0.5372635056882061,10.0,0.5372635056882061,10.0,0.0,10.0,0.8979926907288253,10.0,10.0,income_median,3239.2,True,9d6952da805aec74
1315.0,264.0,1051.0,5.0,7712263.157209304,50336.68439047781,"{'cost_priority': 'Optimal', 'coverage_priority': 'Optimal'}","{'cost_priority': 11, 'coverage_priority': 10}","[11, 10]","[314333127.3849533, 544668670.7712152]","{'cost_priority': 0, 'coverage_priority': 0}",80.0,48.45,80.0,60.0,46.5,3.2047726099299325,1948.5913095842184,284466.2509234097,6.004299450835323,10.202536518158194,314333127.3849534,20608126964.612907,1.6997169508381045,"[0, 87, 178, 196, 556, 748, 789, 1081, 1162, 1251, 1252, 1257, 1266, 1289]",25.1,1129775334.0383344,99.01903635767988,98.90461005690037,9.347831392288208,9.745095722110005,0.0241428078339529,1.163686740831425,1.163686740831425,0.0,True,9.745095722110005,12.586434496446296,10.0,4.016092961698092,10.0,0.1931579803248698,10.0,4090.863443283946,10.0,0.1361169911692191,10.0,0.1608577807186408,10.0,6.282881220516323e-08,10.0,1254579039.9883757,10.0,0.0344092632238838,10.0,20.046889478863744,10.0,1120626590.0235522,10.0,0.7669450132599271,10.0,0.8473740966052734,10.0,0.7575241646914945,10.0,0.5761826330516947,10.0,0.0081125780438503,10.0,0.4094437753441698,10.0,0.4094437753441698,10.0,0.0,10.0,0.5761826330516947,10.0,10.0,income_median,4049.0,True,9d6952da805aec74
1315.0,264.0,1051.0,5.0,7712263.157209304,53928.33226037093,"{'cost_priority': 'Optimal', 'coverage_priority': 'Optimal'}","{'cost_priority': 11, 'coverage_priority': 10}","[11, 10]","[317210191.5286311, 574428302.7269944]","{'cost_priority': 0, 'coverage_priority': 0}",80.0,26.4,80.0,60.0,46.5,3.2984462114611235,1735.6765770635946,305126.3887331391,6.004299450835323,10.269793249713109,317210191.5286311,20599485303.177868,1.7110395381682388,"[88, 231, 482, 531, 1060, 1081, 1159, 1188, 1199, 1200, 1207, 1210, 1243, 1278, 1309]",30.3,1406371480.1668985,99.03132877214566,98.89778578849166,9.036392498016358,9.26129175768813,0.0236321089892562,1.1034970611009398,1.1034970611009398,0.0,True,9.26129175768813,1.7204650534085255,10.0,4.133480975637853,10.0,158.9722357718662,10.0,4352.684370058591,10.0,0.1361169911692194,10.0,0.1612147400547605,10.0,0.0,10.0,1224862822.9553852,10.0,0.0405881458389254,10.0,29.24627231707392,10.0,1604635619.1012168,10.0,0.9927861092662084,10.0,1.0936931410731254,10.0,1.0156885150261905,10.0,0.9475091959304336,10.0,0.0118849312098822,10.0,0.5905215251401338,10.0,0.5905215251401338,10.0,0.0,10.0,0.9475091959304336,10.0,10.0,income_median,5061.2,True,9d6952da805aec74
1315.0,264.0,1051.0,5.0,7712263.157209304,57856.25066238728,"{'cost_priority': 'Optimal', 'coverage_priority': 'Optimal'}","{'cost_priority': 11, 'coverage_priority': 10}","[11, 10]","[317800034.8684943, 565674775.186456]","{'cost_priority': 0, 'coverage_priority': 0}",80.0,27.05,80.0,60.0,46.5,3.2058367287085274,1731.2046436398057,327571.3783572896,6.0038685341240745,10.140090447906696,317800034.8684942,20611153484.918785,1.6896322394534984,"[88, 231, 482, 531, 556, 1060, 1081, 1159, 1188, 1207, 1243, 1260, 1278, 1297, 1309]",41.1,2090444224.777647,99.35444154331488,99.25035893937896,8.681592845916748,9.118154443973742,0.0244060383208626,1.10620157701426,1.10620157701426,0.0,True,9.118154443973742,1.6426604437111567,10.0,3.824581763045349,10.0,197.39629842842845,10.0,4526.829852486997,10.0,0.1367519887382744,10.0,0.1228491734595043,10.0,6.282881220516323e-08,10.0,1236527402.2786229,10.0,0.0400745866846111,10.0,35.87153002963028,10.0,1932759170.9765944,10.0,0.7632282109925658,10.0,0.8489885845583025,10.0,1.1709399791744437,10.0,0.9750671978683952,10.0,0.0128267658886801,10.0,0.5132612429927712,10.0,0.5132612429927712,10.0,0.0,10.0,0.9750671978683952,10.0,10.0,income_median,6073.5,True,9d6952da805aec74
1315.0,264.0,1051.0,5.0,7712263.157209304,49787.61807602971,"{'cost_priority': 'Optimal', 'coverage_priority': 'Optimal'}","{'cost_priority': 11, 'coverage_priority': 10}","[11, 10]","[314333127.3849533, 523738022.3798051]","{'cost_priority': 0, 'coverage_priority': 0}",80.0,28.23,80.0,60.0,46.5,3.2554965207593343,1963.9682126724924,281080.44311315584,6.002998909914025,10.218461589691824,314333127.3849534,20624279518.01733,1.702839295024813,"[88, 231, 531, 1060, 1081, 1159, 1188, 1200, 1207, 1243, 1278, 1297, 1309]",27.6,1359578962.2517886,98.81238739651894,98.72566565396914,9.178924798965454,9.702685619195986,0.0234558957082266,1.0533252684398848,1.0533252684398848,0.0,True,9.702685619195986,2.047247474591732,10.0,4.097837102054305,10.0,0.1597726503927949,10.0,4170.36742029467,10.0,0.1363596865044218,10.0,0.1533984552639379,10.0,6.282881220516323e-08,10.0,1245703448.531213,10.0,0.0387326013995162,10.0,24.33652947046203,10.0,1435157898.657195,10.0,1.0691655971387934,10.0,1.1282528218357444,10.0,1.0555200333104902,10.0,0.4317257591083031,10.0,0.0192068709608563,10.0,0.745411059801355,10.0,0.745411059801355,10.0,0.0,10.0,0.4317257591083031,10.0,10.0,income_sigma,0.45,True,9d6952da805aec74
1315.0,264.0,1051.0,5.0,7712263.157209304,50336.68439047781,"{'cost_priority': 'Optimal', 'coverage_priority': 'Optimal'}","{'cost_priority': 11, 'coverage_priority': 10}","[11, 10]","[314333127.3849533, 544668670.7712152]","{'cost_priority': 0, 'coverage_priority': 0}",80.0,28.09,80.0,60.0,46.5,3.2047726099299325,1948.5913095842184,284466.2509234097,6.004299450835323,10.202536518158194,314333127.3849534,20608126964.612907,1.6997169508381045,"[0, 87, 178, 196, 556, 748, 789, 1081, 1162, 1251, 1252, 1257, 1266, 1289]",25.1,1129775334.0383344,99.01903635767988,98.90461005690037,9.347831392288208,9.745095722110005,0.0241428078339529,1.163686740831425,1.163686740831425,0.0,True,9.745095722110005,2.3004588914195168,10.0,4.016092961698092,10.0,0.1931579803248698,10.0,4090.863443283946,10.0,0.1361169911692191,10.0,0.1608577807186408,10.0,6.282881220516323e-08,10.0,1254579039.9883757,10.0,0.0344092632238838,10.0,20.046889478863744,10.0,1120626590.0235522,10.0,0.7669450132599271,10.0,0.8473740966052734,10.0,0.7575241646914945,10.0,0.5761826330516947,10.0,0.0081125780438503,10.0,0.4094437753441698,10.0,0.4094437753441698,10.0,0.0,10.0,0.5761826330516947,10.0,10.0,income_sigma,0.6,True,9d6952da805aec74
1315.0,264.0,1051.0,5.0,7712263.157209304,51269.1017609831,"{'cost_priority': 'Optimal', 'coverage_priority': 'Optimal'}","{'cost_priority': 11, 'coverage_priority': 10}","[11, 10]","[317210191.5286311, 528341276.2291715]","{'cost_priority': 0, 'coverage_priority': 0}",80.0,27.98,80.0,60.0,46.5,3.141188104650792,1582.671324429058,290395.0455942216,6.005425259953336,10.23831355278346,317210191.5286311,20665173805.12699,1.7052820507080153,"[0, 87, 178, 196, 789, 1081, 1200, 1248, 1251, 1252, 1266, 1280, 1289]",29.4,1358906394.6428342,99.01932376248504,98.87042556066652,9.057097578048706,9.415792516459058,0.0258234328369017,1.1862629334199828,1.1862629334199828,0.0,True,9.415792516459058,1.422673539502299,10.0,3.9364114007218864,10.0,114.83005611180872,10.0,4446.510212173512,10.0,0.1357058933866099,10.0,0.2007994962090906,10.0,0.0,10.0,1240252545.968067,10.0,0.0360315965150394,10.0,26.103213935793,10.0,1428361624.9681628,10.0,0.7528526715874101,10.0,0.8316630450904775,10.0,0.91999838012659,10.0,0.8576670484137712,10.0,0.0142896150896966,10.0,0.6674281996755573,10.0,0.6674281996755573,10.0,0.0,10.0,0.8576670484137712,10.0,10.0,income_sigma,0.75,True,9d6952da805aec74
1315.0,264.0,1051.0,5.0,7712263.157209304,50336.68439047781,"{'cost_priority': 'Optimal', 'coverage_priority': 'Optimal'}","{'cost_priority': 11, 'coverage_priority': 10}","[11, 10]","[314333127.3849533, 544668670.7712152]","{'cost_priority': 0, 'coverage_priority': 0}",80.0,54.85,80.0,60.0,46.5,3.2047726099299325,1948.5913095842184,284466.2509234097,6.004299450835323,10.202536518158194,314333127.3849534,20608126964.612907,1.6997169508381045,"[0, 87, 178, 196, 556, 748, 789, 1081, 1162, 1251, 1252, 1257, 1266, 1289]",25.1,1129775334.0383344,99.01903635767988,98.90461005690037,9.347831392288208,9.745095722110005,0.0241428078339529,1.163686740831425,1.163686740831425,0.0,True,9.745095722110005,10.65731360772185,10.0,4.016092961698092,10.0,0.1931579803248698,10.0,4090.863443283946,10.0,0.1361169911692191,10.0,0.1608577807186408,10.0,6.282881220516323e-08,10.0,1254579039.9883757,10.0,0.0344092632238838,10.0,20.046889478863744,10.0,1120626590.0235522,10.0,0.7669450132599271,10.0,0.8473740966052734,10.0,0.7575241646914945,10.0,0.5761826330516947,10.0,0.0081125780438503,10.0,0.4094437753441698,10.0,0.4094437753441698,10.0,0.0,10.0,0.5761826330516947,10.0,10.0,population,1.0,True,9d6952da805aec74
1315.0,264.0,1051.0,5.0,6169810.525767444,40269.34751238225,"{'cost_priority': 'Optimal', 'coverage_priority': 'Optimal'}","{'cost_priority': 11, 'coverage_priority': 10}","[11, 10]","[314333127.3849533, 544668670.7712152]","{'cost_priority': 0, 'coverage_priority': 0}",80.0,58.540000000000006,80.0,60.0,46.5,2.563818087941763,1558.8730476673677,227568.40154067607,6.001510096554457,10.202536518158192,314333127.3849534,20619526964.612907,1.700476730533633,"[0, 87, 178, 196, 556, 748, 789, 1081, 1162, 1251, 1252, 1257, 1266, 1289]",31.5,1578914392.3160653,99.20475618524289,99.1128146245796,8.964905500411987,9.579379409674443,0.0253570604519161,1.159998539933499,1.159998539933499,0.0,True,9.579379409674443,4.278681001326354,10.0,3.212874369356342,10.0,0.15452638425918,10.0,3267.280527190371,10.0,0.1331253923211993,10.0,0.1608577807186407,10.0,6.282881220516323e-08,10.0,1254463684.9162722,10.0,0.0336752817632503,10.0,26.41653522575081,10.0,1514760304.4327118,10.0,0.8287720831656681,10.0,0.9151265983535222,10.0,1.1257443294158158,10.0,0.7800103892659478,10.0,0.0141011880074022,10.0,0.5607602723935644,10.0,0.5607602723935644,10.0,0.0,10.0,0.7800103892659478,10.0,10.0,population,0.8,True,9d6952da805aec74
1315.0,264.0,1051.0,5.0,9254715.788651165,60404.02126857338,"{'cost_priority': 'Optimal', 'coverage_priority': 'Optimal'}","{'cost_priority': 11, 'coverage_priority': 10}","[11, 10]","[314333127.3849533, 544668670.7712152]","{'cost_priority': 0, 'coverage_priority': 0}",80.0,59.09,80.0,60.0,46.5,3.845727131913736,2338.309571501064,341368.93107480725,6.004478499597473,10.210893149197574,314333127.3849534,20632574891.176964,1.7010796615680657,"[0, 87, 178, 196, 556, 748, 789, 1081, 1162, 1251, 1252, 1257, 1266, 1289]",43.4,2189683738.842469,99.13372320364962,99.03123785579386,8.835754156112671,9.5167031527652,0.0272178133134478,1.2229635504352374,1.2229635504352374,0.0,True,9.5167031527652,4.331397003277349,10.0,4.819311554034671,10.0,0.2317895763920935,10.0,4920.263817129482,10.0,0.1363262741269698,10.0,0.1607777052321433,10.0,6.282881220516323e-08,10.0,1230220286.2512972,10.0,0.035495718626474,10.0,51.20373250283833,10.0,2803033958.4370427,10.0,0.831566476496889,10.0,0.918703301417207,10.0,1.3620546292969375,10.0,0.8871437617551952,10.0,0.0158104641476703,10.0,0.6199875091549756,10.0,0.6199875091549756,10.0,0.0,10.0,0.8871437617551952,10.0,10.0,population,1.2,True,9d6952da805aec74
1315.0,264.0,1051.0,5.0,3856131.578604652,25168.342195238907,"{'cost_priority': 'Optimal', 'coverage_priority': 'Optimal'}","{'cost_priority': 11, 'coverage_priority': 10}","[11, 10]","[314333127.3849533, 544668670.7712152]","{'cost_priority': 0, 'coverage_priority': 0}",80.0,61.74999999999999,80.0,60.0,46.5,1.6023863049649665,974.2956547921092,142233.12546170485,6.004299450835323,10.202536518158194,314333127.3849534,20608126964.612907,1.6997169508381045,"[0, 87, 178, 196, 556, 748, 789, 1081, 1162, 1251, 1252, 1257, 1266, 1289]",25.1,1129775334.0383344,99.01903635767988,98.90461005690037,9.347831392288208,9.745095722110005,0.0241428078339529,1.163686740831425,1.163686740831425,0.0,True,9.745095722110005,5.05244715184852,10.0,2.008046480849046,10.0,0.0965789901624349,10.0,2045.431721641973,10.0,0.1361169911692191,10.0,0.1608577807186408,10.0,6.282881220516323e-08,10.0,1254579039.9883757,10.0,0.0344092632238838,10.0,20.046889478863744,10.0,1120626590.0235522,10.0,0.7669450132599271,10.0,0.8473740966052734,10.0,0.7575241646914945,10.0,0.5761826330516947,10.0,0.0081125780438503,10.0,0.4094437753441698,10.0,0.4094437753441698,10.0,0.0,10.0,0.5761826330516947,10.0,10.0,population,0.5,True,9d6952da805aec74
1315.0,264.0,1051.0,5.0,11568394.735813951,75505.02658571673,"{'cost_priority': 'Optimal', 'coverage_priority': 'Optimal'}","{'cost_priority': 11, 'coverage_priority': 10}","[11, 10]","[314333127.3849533, 544668670.7712152]","{'cost_priority': 0, 'coverage_priority': 0}",80.0,60.46,80.0,60.0,46.5,4.807158914889442,2922.8869643763232,426690.7528887677,6.001510096554457,10.202536518158194,314333127.3849534,20619526964.612907,1.7004767305336332,"[0, 87, 178, 196, 556, 748, 789, 1081, 1162, 1251, 1252, 1257, 1266, 1289]",26.7,1308755229.0644677,99.07700449413998,98.97195297086432,9.101818609237672,9.627172415667436,0.0221786546953587,1.0477703832119865,1.0477703832119865,0.0,True,9.627172415667436,4.597873904800397,10.0,6.024139442544846,10.0,0.2897369704874326,10.0,6126.1509884819625,10.0,0.1331253923211989,10.0,0.1608577807186406,10.0,6.282881220516323e-08,10.0,1254463684.9162722,10.0,0.0336752817632503,10.0,21.26055293521575,10.0,1166858958.458319,10.0,0.7575403881273732,10.0,0.8365761795346421,10.0,0.9272040553229588,10.0,0.7957123112705651,10.0,0.0090432488319273,10.0,0.4517540415662756,10.0,0.4517540415662756,10.0,0.0,10.0,0.7957123112705651,10.0,10.0,population,1.5,True,9d6952da805aec74
1315.0,264.0,1051.0,5.0,8040821.201323326,54598.532503218565,"{'cost_priority': 'Optimal', 'coverage_priority': 'Optimal'}","{'cost_priority': 12, 'coverage_priority': 11}","[12, 11]","[406784642.9977787, 624838490.6462001]","{'cost_priority': 0, 'coverage_priority': 0}",80.0,49.620000000000005,80.0,60.0,46.5,-7.275957614183426e-13,160.3173519325086,312932.3240732055,5.962412090126679,10.613627829655178,406784642.9977788,20679872242.836094,1.780624767488058,"[88, 266, 366, 367, 399, 451, 535, 1086, 1094, 1116, 1121, 1159, 1167, 1169, 1198, 1223, 1243, 1252, 1256, 1259, 1272, 1278, 1311]",34.0,1648942579.7437603,99.93185186359136,99.9202471253898,8.960165643692017,9.45629139919178,0.0273915717938085,1.2657770899857783,1.2657770899857783,0.0,True,9.45629139919178,3.933841775047786,10.0,2.300859821966427e-12,10.0,10.2160453079789,10.0,4584.346707933864,10.0,0.1090464010833449,10.0,0.0151575762635875,10.0,6.282881220516323e-08,10.0,958300285.305137,10.0,0.0326207373307383,10.0,31.347514521356658,10.0,1687513734.7985008,10.0,0.0861756021663993,10.0,0.1027056260518759,10.0,1.1335417785677373,10.0,1.195479784185973,10.0,0.0128528286027478,10.0,0.6449932289304712,10.0,0.6449932289304712,10.0,0.0,10.0,1.195479784185973,10.0,10.0,population,building,True,9d6952da805aec74
