cell_id,centroid_x,centroid_y,population_source,population,income,poi_count,poi_density,income_source,cluster,monthly_income_cny,vot_cny_per_h,p_evtol,trip_rate,demand
0,398227.3738420745,3392981.7927185036,zonal_sum,284.00157465040684,0.0,0,0.0,poi_economic_index,3,1868.0,5.37,0.05642,0.005642,1.6023368841775956
1,398227.3738420745,3393481.7927185036,zonal_sum,1000.653959274292,0.0,0,0.0,poi_economic_index,3,1868.0,5.37,0.05642,0.005642,5.645689638225556
2,398227.3738420745,3393981.7927185036,zonal_sum,1094.5026082992554,0.0,0,0.0,poi_economic_index,3,1868.0,5.37,0.05642,0.005642,6.175183716024399
3,398227.3738420745,3394481.7927185036,zonal_sum,779.7229537963867,1.0986122886681098,1,4.0,poi_economic_index,0,2799.0,8.04,0.05974,0.005974,4.658064925979614
4,398727.3738420745,3391981.7927185036,zonal_sum,714.5042433738708,0.0,0,0.0,poi_economic_index,3,1868.0,5.37,0.05642,0.005642,4.0312329411153796
5,398727.3738420745,3392481.7927185036,zonal_sum,446.9756159186363,0.0,0,0.0,poi_economic_index,3,1868.0,5.37,0.05642,0.005642,2.521836425012946
6,398727.3738420745,3392981.7927185036,zonal_sum,1199.5315046310425,0.0,0,0.0,poi_economic_index,3,1868.0,5.37,0.05642,0.005642,6.767756749128342
7,398727.3738420745,3393481.7927185036,zonal_sum,1721.842206954956,1.33500106673234,1,4.0,poi_economic_index,0,2799.0,8.04,0.05974,0.005974,10.286285344348908
8,398727.3738420745,3393981.7927185036,zonal_sum,2019.1890258789062,0.0,0,0.0,poi_economic_index,3,1868.0,5.37,0.05642,0.005642,11.39226448400879
9,398727.3738420745,3394481.7927185036,zonal_sum,1768.4888820648193,0.0,0,0.0,poi_economic_index,3,1868.0,5.37,0.05642,0.005642,9.977814272609711
10,398727.3738420745,3394981.7927185036,zonal_sum,1355.9545469284058,0.0,0,0.0,poi_economic_index,3,1868.0,5.37,0.05642,0.005642,7.650295553770066
11,398727.3738420745,3395481.7927185036,zonal_sum,547.4461262226105,0.0,0,0.0,poi_economic_index,3,1868.0,5.37,0.05642,0.005642,3.0886910441479682
12,398727.3738420745,3395981.7927185036,zonal_sum,207.16023522615433,0.0,0,0.0,poi_economic_index,3,1868.0,5.37,0.05642,0.005642,1.1687980471459627
13,398727.3738420745,3396481.7927185036,zonal_sum,2306.7740852832794,0.0,0,0.0,poi_economic_index,3,1868.0,5.37,0.05642,0.005642,13.014819389168263
14,398727.3738420745,3396981.7927185036,zonal_sum,2567.421957015991,0.0,0,0.0,poi_economic_index,3,1868.0,5.37,0.05642,0.005642,14.485394681484223
15,398727.3738420745,3397481.7927185036,zonal_sum,937.1388607025146,0.0,0,0.0,poi_economic_index,3,1868.0,5.37,0.05642,0.005642,5.287337452083588
16,399227.3738420745,3390981.7927185036,zonal_sum,521.997437953949,0.0,0,0.0,poi_economic_index,3,1868.0,5.37,0.05642,0.005642,2.94510954493618
17,399227.3738420745,3391481.7927185036,zonal_sum,1600.3763575553894,0.0,0,0.0,poi_economic_index,3,1868.0,5.37,0.05642,0.005642,9.029323409327507
18,399227.3738420745,3391981.7927185036,zonal_sum,819.3383224010468,0.0,0,0.0,poi_economic_index,3,1868.0,5.37,0.05642,0.005642,4.622706814986706
19,399227.3738420745,3392481.7927185036,zonal_sum,1035.2049523293972,0.0,0,0.0,poi_economic_index,3,1868.0,5.37,0.05642,0.005642,5.8406263410424595
20,399227.3738420745,3392981.7927185036,zonal_sum,717.298900604248,1.33500106673234,1,4.0,poi_economic_index,0,2799.0,8.04,0.05974,0.005974,4.285143632209778
21,399227.3738420745,3393481.7927185036,zonal_sum,1033.6362104415894,0.0,0,0.0,poi_economic_index,3,1868.0,5.37,0.05642,0.005642,5.831775499311448
22,399227.3738420745,3393981.7927185036,zonal_sum,2900.9631786346436,0.0,0,0.0,poi_economic_index,3,1868.0,5.37,0.05642,0.005642,16.367234253856658
23,399227.3738420745,3394481.7927185036,zonal_sum,1601.1118545532227,0.0,0,0.0,poi_economic_index,3,1868.0,5.37,0.05642,0.005642,9.033473083389282
24,399227.3738420745,3394981.7927185036,zonal_sum,2750.386239051819,0.0,0,0.0,poi_economic_index,3,1868.0,5.37,0.05642,0.005642,15.517679160730363
25,399227.3738420745,3395481.7927185036,zonal_sum,2668.6668090820312,0.0,0,0.0,poi_economic_index,3,1868.0,5.37,0.05642,0.005642,15.056618136840822
26,399227.3738420745,3395981.7927185036,zonal_sum,1263.0032580792904,0.0,0,0.0,poi_economic_index,3,1868.0,5.37,0.05642,0.005642,7.125864382083357
27,399227.3738420745,3396481.7927185036,zonal_sum,135.49177554249763,0.0,0,0.0,poi_economic_index,3,1868.0,5.37,0.05642,0.005642,0.7644445976107717
28,399227.3738420745,3396981.7927185036,zonal_sum,101.95801210403442,0.0,0,0.0,poi_economic_index,3,1868.0,5.37,0.05642,0.005642,0.5752471042909623
29,399227.3738420745,3397481.7927185036,zonal_sum,385.46029138565063,0.0,0,0.0,poi_economic_index,3,1868.0,5.37,0.05642,0.005642,2.174766963997841
30,399227.3738420745,3397981.7927185036,zonal_sum,1153.1158292889595,0.0,0,0.0,poi_economic_index,3,1868.0,5.37,0.05642,0.005642,6.5058795088483095
31,399227.3738420745,3398481.7927185036,zonal_sum,835.9625153541565,0.0,0,0.0,poi_economic_index,3,1868.0,5.37,0.05642,0.005642,4.716500511628151
32,399227.3738420745,3398981.7927185036,zonal_sum,774.0341553688049,0.0,0,0.0,poi_economic_index,3,1868.0,5.37,0.05642,0.005642,4.367100704590798
33,399227.3738420745,3399481.7927185036,zonal_sum,865.0140750408173,0.0,0,0.0,poi_economic_index,3,1868.0,5.37,0.05642,0.005642,4.880409411380291
34,399727.3738420745,3389481.7927185036,zonal_sum,1222.425761282444,0.0,0,0.0,poi_economic_index,3,1868.0,5.37,0.05642,0.005642,6.8969261451555495
35,399727.3738420745,3389981.7927185036,zonal_sum,2353.061347723007,0.0,0,0.0,poi_economic_index,3,1868.0,5.37,0.05642,0.005642,13.275972123853208
36,399727.3738420745,3390481.7927185036,zonal_sum,1956.8659782409668,0.0,0,0.0,poi_economic_index,3,1868.0,5.37,0.05642,0.005642,11.040637849235535
37,399727.3738420745,3390981.7927185036,zonal_sum,2100.463050842285,2.1972245773362196,1,4.0,poi_economic_index,0,2799.0,8.04,0.05974,0.005974,12.548166265731812
38,399727.3738420745,3391481.7927185036,zonal_sum,2814.441963195801,0.0,0,0.0,poi_economic_index,3,1868.0,5.37,0.05642,0.005642,15.879081556350709
39,399727.3738420745,3391981.7927185036,zonal_sum,1311.6268682479858,0.0,0,0.0,poi_economic_index,3,1868.0,5.37,0.05642,0.005642,7.4001987906551365
40,399727.3738420745,3392481.7927185036,zonal_sum,802.4087252616882,0.0,0,0.0,poi_economic_index,3,1868.0,5.37,0.05642,0.005642,4.527190027926445
41,399727.3738420745,3392981.7927185036,zonal_sum,1007.3811120986938,0.0,0,0.0,poi_economic_index,3,1868.0,5.37,0.05642,0.005642,5.683644234460831
42,399727.3738420745,3393481.7927185036,zonal_sum,2035.083080291748,0.0,0,0.0,poi_economic_index,3,1868.0,5.37,0.05642,0.005642,11.481938739006043
43,399727.3738420745,3393981.7927185036,zonal_sum,5552.180358886719,0.0,0,0.0,poi_economic_index,3,1868.0,5.37,0.05642,0.005642,31.32540158483887
44,399727.3738420745,3394481.7927185036,zonal_sum,4431.637664794922,0.0,0,0.0,poi_economic_index,3,1868.0,5.37,0.05642,0.005642,25.00329970477295
45,399727.3738420745,3394981.7927185036,zonal_sum,4897.2923412323,1.33500106673234,1,4.0,poi_economic_index,0,2799.0,8.04,0.05974,0.005974,29.25642444652176
46,399727.3738420745,3395481.7927185036,zonal_sum,5046.68155670166,0.0,0,0.0,poi_economic_index,3,1868.0,5.37,0.05642,0.005642,28.47337734291077
47,399727.3738420745,3395981.7927185036,zonal_sum,2463.671272277832,0.0,0,0.0,poi_economic_index,3,1868.0,5.37,0.05642,0.005642,13.900033318191529
48,399727.3738420745,3396481.7927185036,zonal_sum,2424.5120244026184,0.0,0,0.0,poi_economic_index,3,1868.0,5.37,0.05642,0.005642,13.679096841679574
49,399727.3738420745,3396981.7927185036,zonal_sum,1650.3382387161255,2.70805020110221,5,20.0,poi_economic_index,5,3613.0,10.38,0.06283,0.006283,10.369075153853418
50,399727.3738420745,3397481.7927185036,zonal_sum,197.4686568081379,0.0,0,0.0,poi_economic_index,3,1868.0,5.37,0.05642,0.005642,1.1141181617115141
51,399727.3738420745,3397981.7927185036,zonal_sum,129.8895497173071,0.0,0,0.0,poi_economic_index,3,1868.0,5.37,0.05642,0.005642,0.7328368395050466
52,399727.3738420745,3398481.7927185036,zonal_sum,293.57816821336746,0.0,0,0.0,poi_economic_index,3,1868.0,5.37,0.05642,0.005642,1.6563680250598194
53,399727.3738420745,3398981.7927185036,zonal_sum,562.0099205970764,0.0,0,0.0,poi_economic_index,3,1868.0,5.37,0.05642,0.005642,3.170859972008705
54,399727.3738420745,3399481.7927185036,zonal_sum,556.5334753990173,2.3978952727983707,1,4.0,poi_economic_index,5,3613.0,10.38,0.06283,0.006283,3.4966998259320263
55,400227.3738420745,3388481.7927185036,zonal_sum,1550.7518734931946,0.0,0,0.0,poi_economic_index,3,1868.0,5.37,0.05642,0.005642,8.749342070248604
56,400227.3738420745,3388981.7927185036,zonal_sum,1466.11342471838,0.0,0,0.0,poi_economic_index,3,1868.0,5.37,0.05642,0.005642,8.2718119422611
57,400227.3738420745,3389481.7927185036,zonal_sum,1638.0567302703857,0.0,0,0.0,poi_economic_index,3,1868.0,5.37,0.05642,0.005642,9.241916072185516
58,400227.3738420745,3389981.7927185036,zonal_sum,2238.5561685562134,0.0,0,0.0,poi_economic_index,3,1868.0,5.37,0.05642,0.005642,12.629933902994157
59,400227.3738420745,3390481.7927185036,zonal_sum,2915.199020385742,0.0,0,0.0,poi_economic_index,3,1868.0,5.37,0.05642,0.005642,16.44755287301636
60,400227.3738420745,3390981.7927185036,zonal_sum,3217.186752319336,0.0,0,0.0,poi_economic_index,3,1868.0,5.37,0.05642,0.005642,18.151367656585695
61,400227.3738420745,3391481.7927185036,zonal_sum,2368.6259145736694,0.0,0,0.0,poi_economic_index,3,1868.0,5.37,0.05642,0.005642,13.363787410024644
62,400227.3738420745,3391981.7927185036,zonal_sum,609.4024715423584,0.0,0,0.0,poi_economic_index,3,1868.0,5.37,0.05642,0.005642,3.4382487444419865
63,400227.3738420745,3392481.7927185036,zonal_sum,1507.682373046875,0.0,0,0.0,poi_economic_index,3,1868.0,5.37,0.05642,0.005642,8.50634394873047
64,400227.3738420745,3392981.7927185036,zonal_sum,1653.1825037002563,0.0,0,0.0,poi_economic_index,3,1868.0,5.37,0.05642,0.005642,9.327255685876846
65,400227.3738420745,3393481.7927185036,zonal_sum,4075.8229789733887,1.33500106673234,1,4.0,poi_economic_index,0,2799.0,8.04,0.05974,0.005974,24.348966476387023
66,400227.3738420745,3393981.7927185036,zonal_sum,4616.532810211182,0.0,0,0.0,poi_economic_index,3,1868.0,5.37,0.05642,0.005642,26.04647811521149
67,400227.3738420745,3394481.7927185036,zonal_sum,4166.606842577457,0.0,0,0.0,poi_economic_index,3,1868.0,5.37,0.05642,0.005642,23.507995805822016
68,400227.3738420745,3394981.7927185036,zonal_sum,4278.756294250488,0.0,0,0.0,poi_economic_index,3,1868.0,5.37,0.05642,0.005642,24.140743012161256
69,400227.3738420745,3395481.7927185036,zonal_sum,5834.905891418457,0.0,0,0.0,poi_economic_index,3,1868.0,5.37,0.05642,0.005642,32.92053903938294
70,400227.3738420745,3395981.7927185036,zonal_sum,5709.520950317383,0.0,0,0.0,poi_economic_index,3,1868.0,5.37,0.05642,0.005642,32.21311720169068
71,400227.3738420745,3396481.7927185036,zonal_sum,4449.5153732299805,0.0,0,0.0,poi_economic_index,3,1868.0,5.37,0.05642,0.005642,25.10416573576355
72,400227.3738420745,3396981.7927185036,zonal_sum,3423.2616844177246,1.33500106673234,1,4.0,poi_economic_index,0,2799.0,8.04,0.05974,0.005974,20.45056530271149
73,400227.3738420745,3397481.7927185036,zonal_sum,1018.0426545143127,0.0,0,0.0,poi_economic_index,3,1868.0,5.37,0.05642,0.005642,5.743796656769753
74,400227.3738420745,3397981.7927185036,zonal_sum,676.2692883014679,0.0,0,0.0,poi_economic_index,3,1868.0,5.37,0.05642,0.005642,3.815511324596882
75,400227.3738420745,3398481.7927185036,zonal_sum,682.9903833866119,0.0,0,0.0,poi_economic_index,3,1868.0,5.37,0.05642,0.005642,3.8534317430672647
76,400227.3738420745,3398981.7927185036,zonal_sum,1026.7110452651978,0.0,0,0.0,poi_economic_index,3,1868.0,5.37,0.05642,0.005642,5.792703717386246
77,400227.3738420745,3399481.7927185036,zonal_sum,1080.8841309547424,0.0,0,0.0,poi_economic_index,3,1868.0,5.37,0.05642,0.005642,6.098348266846657
78,400227.3738420745,3399981.7927185036,zonal_sum,2021.8813819885254,2.3978952727983707,1,4.0,poi_economic_index,5,3613.0,10.38,0.06283,0.006283,12.703480723033906
79,400727.3738420745,3387481.7927185036,zonal_sum,3664.727319717407,0.0,0,0.0,poi_economic_index,3,1868.0,5.37,0.05642,0.005642,20.676391537845614
80,400727.3738420745,3387981.7927185036,zonal_sum,2384.8492107391357,0.0,0,0.0,poi_economic_index,3,1868.0,5.37,0.05642,0.005642,13.455319246990205
81,400727.3738420745,3388481.7927185036,zonal_sum,3648.5468215942383,0.0,0,0.0,poi_economic_index,3,1868.0,5.37,0.05642,0.005642,20.585101167434694
82,400727.3738420745,3388981.7927185036,zonal_sum,3785.3515434265137,0.0,0,0.0,poi_economic_index,3,1868.0,5.37,0.05642,0.005642,21.35695340801239
83,400727.3738420745,3389481.7927185036,zonal_sum,2531.709976196289,1.33500106673234,1,4.0,poi_economic_index,0,2799.0,8.04,0.05974,0.005974,15.124435397796631
84,400727.3738420745,3389981.7927185036,zonal_sum,2246.9080200195312,0.0,0,0.0,poi_economic_index,3,1868.0,5.37,0.05642,0.005642,12.677055048950196
85,400727.3738420745,3390481.7927185036,zonal_sum,1656.455675125122,0.0,0,0.0,poi_economic_index,3,1868.0,5.37,0.05642,0.005642,9.34572291905594
86,400727.3738420745,3390981.7927185036,zonal_sum,3052.7222213745117,0.0,0,0.0,poi_economic_index,3,1868.0,5.37,0.05642,0.005642,17.223458772994995
87,400727.3738420745,3391481.7927185036,zonal_sum,2536.275297164917,0.0,0,0.0,poi_economic_index,3,1868.0,5.37,0.05642,0.005642,14.309665226604462
88,400727.3738420745,3391981.7927185036,zonal_sum,2105.831516265869,0.0,0,0.0,poi_economic_index,3,1868.0,5.37,0.05642,0.005642,11.881101414772035
89,400727.3738420745,3392481.7927185036,zonal_sum,2607.1661338806152,0.0,0,0.0,poi_economic_index,3,1868.0,5.37,0.05642,0.005642,14.709631327354431
90,400727.3738420745,3392981.7927185036,zonal_sum,2711.7848167419434,0.0,0,0.0,poi_economic_index,3,1868.0,5.37,0.05642,0.005642,15.299889936058046
91,400727.3738420745,3393481.7927185036,zonal_sum,5933.279191970825,0.0,0,0.0,poi_economic_index,3,1868.0,5.37,0.05642,0.005642,33.475561201099396
92,400727.3738420745,3393981.7927185036,zonal_sum,6902.023376464844,0.0,0,0.0,poi_economic_index,3,1868.0,5.37,0.05642,0.005642,38.941215890014654
93,400727.3738420745,3394481.7927185036,zonal_sum,2595.662703514099,0.0,0,0.0,poi_economic_index,3,1868.0,5.37,0.05642,0.005642,14.644728973226549
94,400727.3738420745,3394981.7927185036,zonal_sum,1725.520950436592,0.0,0,0.0,poi_economic_index,3,1868.0,5.37,0.05642,0.005642,9.735389202363253
95,400727.3738420745,3395481.7927185036,zonal_sum,2416.430522918701,0.0,0,0.0,poi_economic_index,3,1868.0,5.37,0.05642,0.005642,13.633501010307313
96,400727.3738420745,3395981.7927185036,zonal_sum,4974.060878753662,1.33500106673234,1,4.0,poi_economic_index,0,2799.0,8.04,0.05974,0.005974,29.715039689674377
97,400727.3738420745,3396481.7927185036,zonal_sum,5604.747695922852,0.0,0,0.0,poi_economic_index,3,1868.0,5.37,0.05642,0.005642,31.62198650039673
98,400727.3738420745,3396981.7927185036,zonal_sum,4041.9148178100586,2.501435951739211,4,16.0,poi_economic_index,5,3613.0,10.38,0.06283,0.006283,25.3953508003006
99,400727.3738420745,3397481.7927185036,zonal_sum,981.0079298019409,1.33500106673234,1,4.0,poi_economic_index,0,2799.0,8.04,0.05974,0.005974,5.860541372636795
100,400727.3738420745,3397981.7927185036,zonal_sum,774.1784400939941,0.0,0,0.0,poi_economic_index,3,1868.0,5.37,0.05642,0.005642,4.367914759010315
101,400727.3738420745,3398481.7927185036,zonal_sum,799.6934925317764,0.0,0,0.0,poi_economic_index,3,1868.0,5.37,0.05642,0.005642,4.511870684864283
102,400727.3738420745,3398981.7927185036,zonal_sum,1304.2367884218693,1.8870696490323797,2,8.0,poi_economic_index,0,2799.0,8.04,0.05974,0.005974,7.791510574032247
103,400727.3738420745,3399481.7927185036,zonal_sum,1412.715124130249,0.0,0,0.0,poi_economic_index,3,1868.0,5.37,0.05642,0.005642,7.970538730342866
104,400727.3738420745,3399981.7927185036,zonal_sum,2302.6423168182373,1.4350845252893227,1,4.0,poi_economic_index,0,2799.0,8.04,0.05974,0.005974,13.75598520067215
105,401227.3738420745,3385981.7927185036,zonal_sum,2035.7818641662598,1.33500106673234,1,4.0,poi_economic_index,0,2799.0,8.04,0.05974,0.005974,12.161760856529236
106,401227.3738420745,3386481.7927185036,zonal_sum,4236.386005401611,0.0,0,0.0,poi_economic_index,3,1868.0,5.37,0.05642,0.005642,23.901689842475893
107,401227.3738420745,3386981.7927185036,zonal_sum,4523.185874938965,1.33500106673234,1,4.0,poi_economic_index,0,2799.0,8.04,0.05974,0.005974,27.021512416885376
108,401227.3738420745,3387481.7927185036,zonal_sum,4971.409969329834,0.0,0,0.0,poi_economic_index,3,1868.0,5.37,0.05642,0.005642,28.048695046958926
109,401227.3738420745,3387981.7927185036,zonal_sum,2209.890811443329,0.0,0,0.0,poi_economic_index,3,1868.0,5.37,0.05642,0.005642,12.468203958163262
110,401227.3738420745,3388481.7927185036,zonal_sum,3862.0255126953125,0.0,0,0.0,poi_economic_index,3,1868.0,5.37,0.05642,0.005642,21.789547942626953
111,401227.3738420745,3388981.7927185036,zonal_sum,3191.7981338500977,0.0,0,0.0,poi_economic_index,3,1868.0,5.37,0.05642,0.005642,18.008125071182253
112,401227.3738420745,3389481.7927185036,zonal_sum,2387.2275714874268,2.3978952727983707,1,4.0,poi_economic_index,5,3613.0,10.38,0.06283,0.006283,14.998950831655502
113,401227.3738420745,3389981.7927185036,zonal_sum,3046.6126670837402,0.0,0,0.0,poi_economic_index,3,1868.0,5.37,0.05642,0.005642,17.188988667686463
114,401227.3738420745,3390481.7927185036,zonal_sum,3199.5327224731445,0.0,0,0.0,poi_economic_index,3,1868.0,5.37,0.05642,0.005642,18.051763620193483
115,401227.3738420745,3390981.7927185036,zonal_sum,4436.313629150391,1.9459101490553132,2,8.0,poi_economic_index,0,2799.0,8.04,0.05974,0.005974,26.502537620544434
116,401227.3738420745,3391481.7927185036,zonal_sum,3223.6041831970215,0.0,0,0.0,poi_economic_index,3,1868.0,5.37,0.05642,0.005642,18.187574801597595
117,401227.3738420745,3391981.7927185036,zonal_sum,2654.040512084961,0.0,0,0.0,poi_economic_index,3,1868.0,5.37,0.05642,0.005642,14.97409656918335
118,401227.3738420745,3392481.7927185036,zonal_sum,3216.8153381347656,0.0,0,0.0,poi_economic_index,3,1868.0,5.37,0.05642,0.005642,18.14927213775635
119,401227.3738420745,3392981.7927185036,zonal_sum,2728.4573669433594,0.0,0,0.0,poi_economic_index,3,1868.0,5.37,0.05642,0.005642,15.393956464294435
120,401227.3738420745,3393481.7927185036,zonal_sum,4476.4272537231445,0.0,0,0.0,poi_economic_index,3,1868.0,5.37,0.05642,0.005642,25.256002565505984
121,401227.3738420745,3393981.7927185036,zonal_sum,5482.866477966309,2.468099531471619,2,8.0,poi_economic_index,5,3613.0,10.38,0.06283,0.006283,34.44885008106232
122,401227.3738420745,3394481.7927185036,zonal_sum,3191.9182000160217,3.632309102625542,6,24.0,poi_economic_index,2,4500.0,12.93,0.06638,0.006638,21.18795301170635
123,401227.3738420745,3394981.7927185036,zonal_sum,1731.61470079422,1.33500106673234,1,4.0,poi_economic_index,0,2799.0,8.04,0.05974,0.005974,10.34466622254467
124,401227.3738420745,3395481.7927185036,zonal_sum,2450.797315597534,0.0,0,0.0,poi_economic_index,3,1868.0,5.37,0.05642,0.005642,13.827398454601289
125,401227.3738420745,3395981.7927185036,zonal_sum,3621.0564041137695,0.0,0,0.0,poi_economic_index,3,1868.0,5.37,0.05642,0.005642,20.43000023200989
126,401227.3738420745,3396481.7927185036,zonal_sum,3675.0744800567627,0.0,0,0.0,poi_economic_index,3,1868.0,5.37,0.05642,0.005642,20.734770216480257
127,401227.3738420745,3396981.7927185036,zonal_sum,3616.011561393738,2.681021528714291,5,20.0,poi_economic_index,5,3613.0,10.38,0.06283,0.006283,22.719400640236856
128,401227.3738420745,3397481.7927185036,zonal_sum,1075.584413766861,1.33500106673234,1,4.0,poi_economic_index,0,2799.0,8.04,0.05974,0.005974,6.425541287843227
129,401227.3738420745,3397981.7927185036,zonal_sum,537.8965651988983,0.0,0,0.0,poi_economic_index,3,1868.0,5.37,0.05642,0.005642,3.0348124208521843
130,401227.3738420745,3398481.7927185036,zonal_sum,639.7860951423645,0.0,0,0.0,poi_economic_index,3,1868.0,5.37,0.05642,0.005642,3.6096731487932208
131,401227.3738420745,3398981.7927185036,zonal_sum,1206.6662766933441,0.0,0,0.0,poi_economic_index,3,1868.0,5.37,0.05642,0.005642,6.8080111331038475
132,401227.3738420745,3399481.7927185036,zonal_sum,3879.170021057129,0.0,0,0.0,poi_economic_index,3,1868.0,5.37,0.05642,0.005642,21.886277258804324
133,401227.3738420745,3399981.7927185036,zonal_sum,5143.616058349609,0.0,0,0.0,poi_economic_index,3,1868.0,5.37,0.05642,0.005642,29.020281801208498
134,401227.3738420745,3400481.7927185036,zonal_sum,3392.424816131592,3.169685580677429,3,12.0,poi_economic_index,5,3613.0,10.38,0.06283,0.006283,21.31460511975479
135,401727.3738420745,3384981.7927185036,zonal_sum,2541.408127307892,1.33500106673234,1,4.0,poi_economic_index,0,2799.0,8.04,0.05974,0.005974,15.182372152537345
136,401727.3738420745,3385481.7927185036,zonal_sum,867.904355764389,0.0,0,0.0,poi_economic_index,3,1868.0,5.37,0.05642,0.005642,4.896716375222684
137,401727.3738420745,3385981.7927185036,zonal_sum,3889.1280193328857,0.0,0,0.0,poi_economic_index,3,1868.0,5.37,0.05642,0.005642,21.94246028507614
138,401727.3738420745,3386481.7927185036,zonal_sum,2536.002435684204,0.0,0,0.0,poi_economic_index,3,1868.0,5.37,0.05642,0.005642,14.308125742130281
139,401727.3738420745,3386981.7927185036,zonal_sum,3263.180070877075,0.0,0,0.0,poi_economic_index,3,1868.0,5.37,0.05642,0.005642,18.41086195988846
140,401727.3738420745,3387481.7927185036,zonal_sum,3489.6774559020996,0.0,0,0.0,poi_economic_index,3,1868.0,5.37,0.05642,0.005642,19.688760206199646
141,401727.3738420745,3387981.7927185036,zonal_sum,3125.8615531921387,0.0,0,0.0,poi_economic_index,3,1868.0,5.37,0.05642,0.005642,17.636110883110046
142,401727.3738420745,3388481.7927185036,zonal_sum,3455.088207244873,1.33500106673234,1,4.0,poi_economic_index,0,2799.0,8.04,0.05974,0.005974,20.640696950080873
143,401727.3738420745,3388981.7927185036,zonal_sum,3536.89591217041,2.240709689275958,3,12.0,poi_economic_index,5,3613.0,10.38,0.06283,0.006283,22.222317016166688
144,401727.3738420745,3389481.7927185036,zonal_sum,2686.884195327759,0.0,0,0.0,poi_economic_index,3,1868.0,5.37,0.05642,0.005642,15.159400630039215
145,401727.3738420745,3389981.7927185036,zonal_sum,4370.80122756958,1.0986122886681098,1,4.0,poi_economic_index,0,2799.0,8.04,0.05974,0.005974,26.111166533500672
146,401727.3738420745,3390481.7927185036,zonal_sum,3620.320068359375,2.3978952727983707,1,4.0,poi_economic_index,5,3613.0,10.38,0.06283,0.006283,22.746470989501955
147,401727.3738420745,3390981.7927185036,zonal_sum,4613.630683898926,0.0,0,0.0,poi_economic_index,3,1868.0,5.37,0.05642,0.005642,26.03010431855774
148,401727.3738420745,3391481.7927185036,zonal_sum,3340.5779037475586,0.0,0,0.0,poi_economic_index,3,1868.0,5.37,0.05642,0.005642,18.847540532943725
149,401727.3738420745,3391981.7927185036,zonal_sum,3219.1667289733887,0.0,0,0.0,poi_economic_index,3,1868.0,5.37,0.05642,0.005642,18.16253868486786
150,401727.3738420745,3392481.7927185036,zonal_sum,4074.649785041809,2.4336133554004498,4,16.0,poi_economic_index,5,3613.0,10.38,0.06283,0.006283,25.601024599417688
151,401727.3738420745,3392981.7927185036,zonal_sum,3375.0475635528564,0.0,0,0.0,poi_economic_index,3,1868.0,5.37,0.05642,0.005642,19.04201835356522
152,401727.3738420745,3393481.7927185036,zonal_sum,6569.4714012146,1.6094379124341003,2,8.0,poi_economic_index,0,2799.0,8.04,0.05974,0.005974,39.24602215085602
153,401727.3738420745,3393981.7927185036,zonal_sum,4712.224880218506,2.5649493574615367,1,4.0,poi_economic_index,5,3613.0,10.38,0.06283,0.006283,29.606908922412874
154,401727.3738420745,3394481.7927185036,zonal_sum,1590.671344280243,3.1179499062782403,7,28.0,poi_economic_index,2,4500.0,12.93,0.06638,0.006638,10.558876383332253
155,401727.3738420745,3394981.7927185036,zonal_sum,4709.015275001526,4.669083511731744,37,148.0,poi_economic_index,1,10840.0,31.15,0.09879,0.009879,46.520361901740074
156,401727.3738420745,3395481.7927185036,zonal_sum,2154.1241478919983,2.151762203259462,3,12.0,poi_economic_index,5,3613.0,10.38,0.06283,0.006283,13.534362021205427
157,401727.3738420745,3395981.7927185036,zonal_sum,3979.8171310424805,0.0,0,0.0,poi_economic_index,3,1868.0,5.37,0.05642,0.005642,22.454128253341676
158,401727.3738420745,3396481.7927185036,zonal_sum,2314.2475748062134,0.0,0,0.0,poi_economic_index,3,1868.0,5.37,0.05642,0.005642,13.056984817056657
159,401727.3738420745,3396981.7927185036,zonal_sum,2070.3493242263794,0.0,0,0.0,poi_economic_index,3,1868.0,5.37,0.05642,0.005642,11.680910887285233
160,401727.3738420745,3397481.7927185036,zonal_sum,1408.594848871231,0.0,0,0.0,poi_economic_index,3,1868.0,5.37,0.05642,0.005642,7.947292137331486
161,401727.3738420745,3397981.7927185036,zonal_sum,1089.9754083156586,0.0,0,0.0,poi_economic_index,3,1868.0,5.37,0.05642,0.005642,6.149641253716946
162,401727.3738420745,3398481.7927185036,zonal_sum,692.9420132637024,0.0,0,0.0,poi_economic_index,3,1868.0,5.37,0.05642,0.005642,3.9095788388338093
163,401727.3738420745,3398981.7927185036,zonal_sum,2628.1319618225098,1.33500106673234,1,4.0,poi_economic_index,0,2799.0,8.04,0.05974,0.005974,15.700460339927673
164,401727.3738420745,3399481.7927185036,zonal_sum,5437.11360168457,1.6094379124341003,1,4.0,poi_economic_index,0,2799.0,8.04,0.05974,0.005974,32.481316656463626
165,401727.3738420745,3399981.7927185036,zonal_sum,4190.696826934814,1.4350845252893227,1,4.0,poi_economic_index,0,2799.0,8.04,0.05974,0.005974,25.03522284410858
166,401727.3738420745,3400481.7927185036,zonal_sum,5729.103302001953,0.0,0,0.0,poi_economic_index,3,1868.0,5.37,0.05642,0.005642,32.32360082989502
167,402227.3738420745,3383481.7927185036,zonal_sum,5837.892021179199,3.9627161197436642,19,76.0,poi_economic_index,4,5605.0,16.11,0.07112,0.007112,41.519088054626465
168,402227.3738420745,3383981.7927185036,zonal_sum,3775.400230407715,4.268297869345539,16,64.0,poi_economic_index,4,5605.0,16.11,0.07112,0.007112,26.85064643865967
169,402227.3738420745,3384481.7927185036,zonal_sum,2600.8113136291504,0.0,0,0.0,poi_economic_index,3,1868.0,5.37,0.05642,0.005642,14.673777431495667
170,402227.3738420745,3384981.7927185036,zonal_sum,449.947776556015,1.8870696490323797,2,8.0,poi_economic_index,0,2799.0,8.04,0.05974,0.005974,2.6879880171456336
171,402227.3738420745,3385481.7927185036,zonal_sum,1268.4228330850601,2.3608540011180215,3,12.0,poi_economic_index,5,3613.0,10.38,0.06283,0.006283,7.969500660273433
172,402227.3738420745,3385981.7927185036,zonal_sum,2286.6917419433594,0.0,0,0.0,poi_economic_index,3,1868.0,5.37,0.05642,0.005642,12.901514808044434
173,402227.3738420745,3386481.7927185036,zonal_sum,1918.7054424285889,1.0986122886681098,1,4.0,poi_economic_index,0,2799.0,8.04,0.05974,0.005974,11.462346313068391
174,402227.3738420745,3386981.7927185036,zonal_sum,3223.8577308654785,0.0,0,0.0,poi_economic_index,3,1868.0,5.37,0.05642,0.005642,18.18900531754303
175,402227.3738420745,3387481.7927185036,zonal_sum,4934.162338256836,0.0,0,0.0,poi_economic_index,3,1868.0,5.37,0.05642,0.005642,27.83854391244507
176,402227.3738420745,3387981.7927185036,zonal_sum,3212.795322418213,0.0,0,0.0,poi_economic_index,3,1868.0,5.37,0.05642,0.005642,18.126591209083557
177,402227.3738420745,3388481.7927185036,zonal_sum,3285.273971557617,3.9160150266976834,12,48.0,poi_economic_index,4,5605.0,16.11,0.07112,0.007112,23.364868485717775
178,402227.3738420745,3388981.7927185036,zonal_sum,3510.7993354797363,1.33500106673234,1,4.0,poi_economic_index,0,2799.0,8.04,0.05974,0.005974,20.973515230155947
179,402227.3738420745,3389481.7927185036,zonal_sum,2568.1513347625732,1.4350845252893227,1,4.0,poi_economic_index,0,2799.0,8.04,0.05974,0.005974,15.342136073871613
180,402227.3738420745,3389981.7927185036,zonal_sum,4254.7656173706055,2.3978952727983707,1,4.0,poi_economic_index,5,3613.0,10.38,0.06283,0.006283,26.732692373939514
181,402227.3738420745,3390481.7927185036,zonal_sum,5065.465225219727,0.0,0,0.0,poi_economic_index,3,1868.0,5.37,0.05642,0.005642,28.5793548006897
182,402227.3738420745,3390981.7927185036,zonal_sum,6135.286109924316,0.0,0,0.0,poi_economic_index,3,1868.0,5.37,0.05642,0.005642,34.615284232193
183,402227.3738420745,3391481.7927185036,zonal_sum,4887.689918518066,0.0,0,0.0,poi_economic_index,3,1868.0,5.37,0.05642,0.005642,27.576346520278932
184,402227.3738420745,3391981.7927185036,zonal_sum,2620.006422996521,0.0,0,0.0,poi_economic_index,3,1868.0,5.37,0.05642,0.005642,14.782076238546372
185,402227.3738420745,3392481.7927185036,zonal_sum,3770.414185523987,1.0986122886681098,1,4.0,poi_economic_index,0,2799.0,8.04,0.05974,0.005974,22.524454344320297
186,402227.3738420745,3392981.7927185036,zonal_sum,6437.915473937988,2.2823823856765264,4,16.0,poi_economic_index,5,3613.0,10.38,0.06283,0.006283,40.44942292275238
187,402227.3738420745,3393481.7927185036,zonal_sum,7191.427932739258,2.1972245773362196,3,12.0,poi_economic_index,5,3613.0,10.38,0.06283,0.006283,45.18374170140076
188,402227.3738420745,3393981.7927185036,zonal_sum,5273.096103668213,1.33500106673234,1,4.0,poi_economic_index,0,2799.0,8.04,0.05974,0.005974,31.501476123313903
189,402227.3738420745,3394481.7927185036,zonal_sum,1714.0237352848053,1.0986122886681098,1,4.0,poi_economic_index,0,2799.0,8.04,0.05974,0.005974,10.239577794591428
190,402227.3738420745,3394981.7927185036,zonal_sum,2497.952411979437,2.9856819377004893,7,28.0,poi_economic_index,2,4500.0,12.93,0.06638,0.006638,16.5814081107195
191,402227.3738420745,3395481.7927185036,zonal_sum,823.9089229106903,2.624668592163159,4,16.0,poi_economic_index,5,3613.0,10.38,0.06283,0.006283,5.176619762647867
192,402227.3738420745,3395981.7927185036,zonal_sum,1220.901399075985,1.33500106673234,1,4.0,poi_economic_index,0,2799.0,8.04,0.05974,0.005974,7.293664958079934
193,402227.3738420745,3396481.7927185036,zonal_sum,1547.4358744621277,0.0,0,0.0,poi_economic_index,3,1868.0,5.37,0.05642,0.005642,8.730633203715325
194,402227.3738420745,3396981.7927185036,zonal_sum,2565.595375061035,0.0,0,0.0,poi_economic_index,3,1868.0,5.37,0.05642,0.005642,14.47508910609436
195,402227.3738420745,3397481.7927185036,zonal_sum,2764.9296951293945,0.0,0,0.0,poi_economic_index,3,1868.0,5.37,0.05642,0.005642,15.599733339920045
196,402227.3738420745,3397981.7927185036,zonal_sum,2827.391326904297,0.0,0,0.0,poi_economic_index,3,1868.0,5.37,0.05642,0.005642,15.952141866394044
197,402227.3738420745,3398481.7927185036,zonal_sum,2933.2793350219727,0.0,0,0.0,poi_economic_index,3,1868.0,5.37,0.05642,0.005642,16.54956200819397
198,402227.3738420745,3398981.7927185036,zonal_sum,4350.241565704346,2.833213344056216,2,8.0,poi_economic_index,5,3613.0,10.38,0.06283,0.006283,27.332567757320405
199,402227.3738420745,3399481.7927185036,zonal_sum,4989.069591522217,1.33500106673234,1,4.0,poi_economic_index,0,2799.0,8.04,0.05974,0.005974,29.804701739753725
200,402227.3738420745,3399981.7927185036,zonal_sum,2901.048858642578,1.33500106673234,1,4.0,poi_economic_index,0,2799.0,8.04,0.05974,0.005974,17.330865881530762
201,402227.3738420745,3400481.7927185036,zonal_sum,5209.302007675171,0.0,0,0.0,poi_economic_index,3,1868.0,5.37,0.05642,0.005642,29.390881927303315
202,402227.3738420745,3400981.7927185036,zonal_sum,5681.477180480957,0.0,0,0.0,poi_economic_index,3,1868.0,5.37,0.05642,0.005642,32.05489425227356
203,402727.3738420745,3382481.7927185036,zonal_sum,6666.429008483887,3.3105430133940246,6,24.0,poi_economic_index,2,4500.0,12.93,0.06638,0.006638,44.25175575831604
204,402727.3738420745,3382981.7927185036,zonal_sum,5742.964878082275,3.832979798087693,12,48.0,poi_economic_index,4,5605.0,16.11,0.07112,0.007112,40.843966212921146
205,402727.3738420745,3383481.7927185036,zonal_sum,6998.795692443848,3.2503744919275714,9,36.0,poi_economic_index,2,4500.0,12.93,0.06638,0.006638,46.45800580644226
206,402727.3738420745,3383981.7927185036,zonal_sum,1766.8343976140022,1.33500106673234,1,4.0,poi_economic_index,0,2799.0,8.04,0.05974,0.005974,10.55506869134605
207,402727.3738420745,3384481.7927185036,zonal_sum,801.3005073070526,1.8870696490323797,2,8.0,poi_economic_index,0,2799.0,8.04,0.05974,0.005974,4.786969230652333
208,402727.3738420745,3384981.7927185036,zonal_sum,1137.7129139900208,2.856470206220483,5,20.0,poi_economic_index,5,3613.0,10.38,0.06283,0.006283,7.148250238599301
209,402727.3738420745,3385481.7927185036,zonal_sum,3764.850315093994,1.7578579175523736,2,8.0,poi_economic_index,0,2799.0,8.04,0.05974,0.005974,22.491215782371523
210,402727.3738420745,3385981.7927185036,zonal_sum,2836.303530931473,1.33500106673234,1,4.0,poi_economic_index,0,2799.0,8.04,0.05974,0.005974,16.94407729378462
211,402727.3738420745,3386481.7927185036,zonal_sum,4082.0347995758057,2.681021528714291,3,12.0,poi_economic_index,5,3613.0,10.38,0.06283,0.006283,25.647424645734787
212,402727.3738420745,3386981.7927185036,zonal_sum,4585.373353123665,0.0,0,0.0,poi_economic_index,3,1868.0,5.37,0.05642,0.005642,25.870676458323718
213,402727.3738420745,3387481.7927185036,zonal_sum,4945.45259475708,0.0,0,0.0,poi_economic_index,3,1868.0,5.37,0.05642,0.005642,27.902243539619448
214,402727.3738420745,3387981.7927185036,zonal_sum,3418.792957305908,0.0,0,0.0,poi_economic_index,3,1868.0,5.37,0.05642,0.005642,19.288829865119936
215,402727.3738420745,3388481.7927185036,zonal_sum,3932.190887451172,0.0,0,0.0,poi_economic_index,3,1868.0,5.37,0.05642,0.005642,22.185420986999514
216,402727.3738420745,3388981.7927185036,zonal_sum,5085.878372192383,0.0,0,0.0,poi_economic_index,3,1868.0,5.37,0.05642,0.005642,28.694525775909426
217,402727.3738420745,3389481.7927185036,zonal_sum,5317.2917404174805,0.0,0,0.0,poi_economic_index,3,1868.0,5.37,0.05642,0.005642,30.000159999435425
218,402727.3738420745,3389981.7927185036,zonal_sum,5002.8280029296875,0.0,0,0.0,poi_economic_index,3,1868.0,5.37,0.05642,0.005642,28.2259555925293
219,402727.3738420745,3390481.7927185036,zonal_sum,5819.311058044434,0.0,0,0.0,poi_economic_index,3,1868.0,5.37,0.05642,0.005642,32.83255298948669
220,402727.3738420745,3390981.7927185036,zonal_sum,3884.882843017578,0.0,0,0.0,poi_economic_index,3,1868.0,5.37,0.05642,0.005642,21.91850900030518
221,402727.3738420745,3391481.7927185036,zonal_sum,2936.545269012451,1.4350845252893227,1,4.0,poi_economic_index,0,2799.0,8.04,0.05974,0.005974,17.542921437080384
222,402727.3738420745,3391981.7927185036,zonal_sum,3256.197389125824,0.0,0,0.0,poi_economic_index,3,1868.0,5.37,0.05642,0.005642,18.3714656694479
223,402727.3738420745,3392481.7927185036,zonal_sum,1403.2879623174667,0.0,0,0.0,poi_economic_index,3,1868.0,5.37,0.05642,0.005642,7.9173506833951475
224,402727.3738420745,3392981.7927185036,zonal_sum,4023.343150138855,0.0,0,0.0,poi_economic_index,3,1868.0,5.37,0.05642,0.005642,22.69970205308342
225,402727.3738420745,3393481.7927185036,zonal_sum,5420.719384670258,2.501435951739211,4,16.0,poi_economic_index,5,3613.0,10.38,0.06283,0.006283,34.05837989388323
226,402727.3738420745,3393981.7927185036,zonal_sum,3513.2203545570374,1.6094379124341003,1,4.0,poi_economic_index,0,2799.0,8.04,0.05974,0.005974,20.98797839812374
227,402727.3738420745,3394481.7927185036,zonal_sum,7739.543692231178,3.3945083935113587,6,24.0,poi_economic_index,2,4500.0,12.93,0.06638,0.006638,51.37509102903056
228,402727.3738420745,3394981.7927185036,zonal_sum,4177.6219822615385,1.0986122886681098,1,4.0,poi_economic_index,0,2799.0,8.04,0.05974,0.005974,24.95711372203043
229,402727.3738420745,3395481.7927185036,zonal_sum,3199.7859992980957,0.0,0,0.0,poi_economic_index,3,1868.0,5.37,0.05642,0.005642,18.053192608039858
230,402727.3738420745,3395981.7927185036,zonal_sum,2670.204393386841,2.833213344056216,5,20.0,poi_economic_index,5,3613.0,10.38,0.06283,0.006283,16.776894203649523
231,402727.3738420745,3396481.7927185036,zonal_sum,789.4532775878906,0.0,0,0.0,poi_economic_index,3,1868.0,5.37,0.05642,0.005642,4.4540953921508795
232,402727.3738420745,3396981.7927185036,zonal_sum,1574.136646747589,0.0,0,0.0,poi_economic_index,3,1868.0,5.37,0.05642,0.005642,8.881278960949897
233,402727.3738420745,3397481.7927185036,zonal_sum,1061.2318494319916,1.33500106673234,1,4.0,poi_economic_index,0,2799.0,8.04,0.05974,0.005974,6.339799068506718
234,402727.3738420745,3397981.7927185036,zonal_sum,2923.744270324707,0.0,0,0.0,poi_economic_index,3,1868.0,5.37,0.05642,0.005642,16.495765173171996
235,402727.3738420745,3398481.7927185036,zonal_sum,3407.047134399414,3.2188758248682006,3,12.0,poi_economic_index,5,3613.0,10.38,0.06283,0.006283,21.40647714543152
236,402727.3738420745,3398981.7927185036,zonal_sum,1860.096028327942,4.04305126783455,7,28.0,poi_economic_index,2,4500.0,12.93,0.06638,0.006638,12.347317436040878
237,402727.3738420745,3399481.7927185036,zonal_sum,2361.7298336029053,0.0,0,0.0,poi_economic_index,3,1868.0,5.37,0.05642,0.005642,13.324879721187592
238,402727.3738420745,3399981.7927185036,zonal_sum,980.629355430603,0.0,0,0.0,poi_economic_index,3,1868.0,5.37,0.05642,0.005642,5.532710823339462
239,402727.3738420745,3400481.7927185036,zonal_sum,4836.950099945068,0.0,0,0.0,poi_economic_index,3,1868.0,5.37,0.05642,0.005642,27.290072463890077
240,402727.3738420745,3400981.7927185036,zonal_sum,5152.4091720581055,0.0,0,0.0,poi_economic_index,3,1868.0,5.37,0.05642,0.005642,29.06989254875183
241,403227.3738420745,3380981.7927185036,zonal_sum,4166.4853229522705,2.9856819377004897,6,24.0,poi_economic_index,2,4500.0,12.93,0.06638,0.006638,27.65712957375717
242,403227.3738420745,3381481.7927185036,zonal_sum,1074.0504040718079,1.33500106673234,1,4.0,poi_economic_index,0,2799.0,8.04,0.05974,0.005974,6.41637711392498
243,403227.3738420745,3381981.7927185036,zonal_sum,716.0439942479134,0.0,0,0.0,poi_economic_index,3,1868.0,5.37,0.05642,0.005642,4.0399202155467275
244,403227.3738420745,3382481.7927185036,zonal_sum,7535.0164794921875,0.0,0,0.0,poi_economic_index,3,1868.0,5.37,0.05642,0.005642,42.51256297729493
245,403227.3738420745,3382981.7927185036,zonal_sum,5104.162147521973,1.9459101490553132,2,8.0,poi_economic_index,0,2799.0,8.04,0.05974,0.005974,30.492264669296265
246,403227.3738420745,3383481.7927185036,zonal_sum,5739.328880310059,3.044522437723423,4,16.0,poi_economic_index,5,3613.0,10.38,0.06283,0.006283,36.0602033549881
247,403227.3738420745,3383981.7927185036,zonal_sum,1780.8907070159912,0.0,0,0.0,poi_economic_index,3,1868.0,5.37,0.05642,0.005642,10.047785368984224
248,403227.3738420745,3384481.7927185036,zonal_sum,536.1411771774292,0.0,0,0.0,poi_economic_index,3,1868.0,5.37,0.05642,0.005642,3.0249085216350555
249,403227.3738420745,3384981.7927185036,zonal_sum,2294.7494621276855,1.33500106673234,1,4.0,poi_economic_index,0,2799.0,8.04,0.05974,0.005974,13.708833286750794
250,403227.3738420745,3385481.7927185036,zonal_sum,4097.511367797852,2.9444389791664403,5,20.0,poi_economic_index,5,3613.0,10.38,0.06283,0.006283,25.744663923873905
251,403227.3738420745,3385981.7927185036,zonal_sum,6797.201446533203,2.3978952727983707,3,12.0,poi_economic_index,5,3613.0,10.38,0.06283,0.006283,42.70681668856812
252,403227.3738420745,3386481.7927185036,zonal_sum,6718.377899169922,1.7578579175523736,2,8.0,poi_economic_index,0,2799.0,8.04,0.05974,0.005974,40.13558956964111
253,403227.3738420745,3386981.7927185036,zonal_sum,7452.4954833984375,0.0,0,0.0,poi_economic_index,3,1868.0,5.37,0.05642,0.005642,42.04697951733399
254,403227.3738420745,3387481.7927185036,zonal_sum,4522.486709594727,0.0,0,0.0,poi_economic_index,3,1868.0,5.37,0.05642,0.005642,25.515870015533448
255,403227.3738420745,3387981.7927185036,zonal_sum,1920.070791721344,0.0,0,0.0,poi_economic_index,3,1868.0,5.37,0.05642,0.005642,10.833039406891823
256,403227.3738420745,3388481.7927185036,zonal_sum,5751.640480041504,0.0,0,0.0,poi_economic_index,3,1868.0,5.37,0.05642,0.005642,32.450755588394166
257,403227.3738420745,3388981.7927185036,zonal_sum,3718.4620990753174,0.0,0,0.0,poi_economic_index,3,1868.0,5.37,0.05642,0.005642,20.97956316298294
258,403227.3738420745,3389481.7927185036,zonal_sum,4973.984298706055,0.0,0,0.0,poi_economic_index,3,1868.0,5.37,0.05642,0.005642,28.063219413299564
259,403227.3738420745,3389981.7927185036,zonal_sum,4408.218830108643,0.0,0,0.0,poi_economic_index,3,1868.0,5.37,0.05642,0.005642,24.871170639472965
260,403227.3738420745,3390481.7927185036,zonal_sum,4916.016342163086,0.0,0,0.0,poi_economic_index,3,1868.0,5.37,0.05642,0.005642,27.736164202484133
261,403227.3738420745,3390981.7927185036,zonal_sum,5715.708671569824,0.0,0,0.0,poi_economic_index,3,1868.0,5.37,0.05642,0.005642,32.24802832499695
262,403227.3738420745,3391481.7927185036,zonal_sum,4320.5592212677,0.0,0,0.0,poi_economic_index,3,1868.0,5.37,0.05642,0.005642,24.376595126392367
263,403227.3738420745,3391981.7927185036,zonal_sum,4218.753859877586,0.0,0,0.0,poi_economic_index,3,1868.0,5.37,0.05642,0.005642,23.802209277429345
264,403227.3738420745,3392481.7927185036,zonal_sum,2201.272116601467,0.0,0,0.0,poi_economic_index,3,1868.0,5.37,0.05642,0.005642,12.419577281865479
265,403227.3738420745,3392981.7927185036,zonal_sum,6008.16500377655,2.4336133554004498,4,16.0,poi_economic_index,5,3613.0,10.38,0.06283,0.006283,37.749300718728065
266,403227.3738420745,3393481.7927185036,zonal_sum,8046.888286590576,3.0252910757955354,5,20.0,poi_economic_index,5,3613.0,10.38,0.06283,0.006283,50.55859910464859
267,403227.3738420745,3393981.7927185036,zonal_sum,5083.046348571777,2.833213344056216,5,20.0,poi_economic_index,5,3613.0,10.38,0.06283,0.006283,31.936780208076478
268,403227.3738420745,3394481.7927185036,zonal_sum,3271.102638244629,0.0,0,0.0,poi_economic_index,3,1868.0,5.37,0.05642,0.005642,18.455561084976196
269,403227.3738420745,3394981.7927185036,zonal_sum,5255.195789337158,2.3978952727983707,3,12.0,poi_economic_index,5,3613.0,10.38,0.06283,0.006283,33.01839514440537
270,403227.3738420745,3395481.7927185036,zonal_sum,6543.344646453857,3.2347491740244907,5,20.0,poi_economic_index,2,4500.0,12.93,0.06638,0.006638,43.4347217631607
271,403227.3738420745,3395981.7927185036,zonal_sum,1805.0130424499512,1.7578579175523736,2,8.0,poi_economic_index,0,2799.0,8.04,0.05974,0.005974,10.78314791559601
272,403227.3738420745,3396481.7927185036,zonal_sum,399.4678044319153,0.0,0,0.0,poi_economic_index,3,1868.0,5.37,0.05642,0.005642,2.2537973526048662
273,403227.3738420745,3396981.7927185036,zonal_sum,290.90073585510254,0.0,0,0.0,poi_economic_index,3,1868.0,5.37,0.05642,0.005642,1.6412619516944886
274,403227.3738420745,3397481.7927185036,zonal_sum,1316.2606739997864,0.0,0,0.0,poi_economic_index,3,1868.0,5.37,0.05642,0.005642,7.426342722706795
275,403227.3738420745,3397981.7927185036,zonal_sum,4646.405792236328,0.0,0,0.0,poi_economic_index,3,1868.0,5.37,0.05642,0.005642,26.215021479797365
276,403227.3738420745,3398481.7927185036,zonal_sum,2993.7199058532715,4.04305126783455,7,28.0,poi_economic_index,2,4500.0,12.93,0.06638,0.006638,19.872312735054017
277,403227.3738420745,3398981.7927185036,zonal_sum,2974.108238220215,2.5649493574615367,1,4.0,poi_economic_index,5,3613.0,10.38,0.06283,0.006283,18.68632206073761
278,403227.3738420745,3399481.7927185036,zonal_sum,3084.1426525115967,0.0,0,0.0,poi_economic_index,3,1868.0,5.37,0.05642,0.005642,17.40073284547043
279,403227.3738420745,3399981.7927185036,zonal_sum,2967.7972621917725,0.0,0,0.0,poi_economic_index,3,1868.0,5.37,0.05642,0.005642,16.744312153285982
280,403227.3738420745,3400481.7927185036,zonal_sum,5940.770467758179,0.0,0,0.0,poi_economic_index,3,1868.0,5.37,0.05642,0.005642,33.517826979091645
281,403227.3738420745,3400981.7927185036,zonal_sum,2502.135152757168,0.0,0,0.0,poi_economic_index,3,1868.0,5.37,0.05642,0.005642,14.11704653185594
282,403227.3738420745,3401481.7927185036,zonal_sum,3524.386505126953,0.0,0,0.0,poi_economic_index,3,1868.0,5.37,0.05642,0.005642,19.88458866192627
283,403727.3738420745,3378481.7927185036,zonal_sum,319.19331312179565,0.0,0,0.0,poi_economic_index,3,1868.0,5.37,0.05642,0.005642,1.8008886726331712
284,403727.3738420745,3378981.7927185036,zonal_sum,777.5407387316227,0.0,0,0.0,poi_economic_index,3,1868.0,5.37,0.05642,0.005642,4.386884847923816
285,403727.3738420745,3379481.7927185036,zonal_sum,1283.749587714672,0.0,0,0.0,poi_economic_index,3,1868.0,5.37,0.05642,0.005642,7.24291517388618
286,403727.3738420745,3379981.7927185036,zonal_sum,2291.4203124046326,0.0,0,0.0,poi_economic_index,3,1868.0,5.37,0.05642,0.005642,12.928193402586938
287,403727.3738420745,3380481.7927185036,zonal_sum,2249.913742184639,0.0,0,0.0,poi_economic_index,3,1868.0,5.37,0.05642,0.005642,12.694013333405733
288,403727.3738420745,3380981.7927185036,zonal_sum,973.0959403514862,1.33500106673234,1,4.0,poi_economic_index,0,2799.0,8.04,0.05974,0.005974,5.813275147659779
289,403727.3738420745,3381481.7927185036,zonal_sum,702.1605690829456,0.0,0,0.0,poi_economic_index,3,1868.0,5.37,0.05642,0.005642,3.9615899307659794
290,403727.3738420745,3381981.7927185036,zonal_sum,2477.459196329117,0.0,0,0.0,poi_economic_index,3,1868.0,5.37,0.05642,0.005642,13.977824785688878
291,403727.3738420745,3382481.7927185036,zonal_sum,6825.858917236328,1.33500106673234,1,4.0,poi_economic_index,0,2799.0,8.04,0.05974,0.005974,40.777681171569824
292,403727.3738420745,3382981.7927185036,zonal_sum,5107.367832183838,0.0,0,0.0,poi_economic_index,3,1868.0,5.37,0.05642,0.005642,28.815769309181213
293,403727.3738420745,3383481.7927185036,zonal_sum,6329.8600997924805,2.9652730660692823,6,24.0,poi_economic_index,2,4500.0,12.93,0.06638,0.006638,42.017611342422484
294,403727.3738420745,3383981.7927185036,zonal_sum,2642.602056503296,0.0,0,0.0,poi_economic_index,3,1868.0,5.37,0.05642,0.005642,14.909560802791596
295,403727.3738420745,3384481.7927185036,zonal_sum,1354.3937768936157,0.0,0,0.0,poi_economic_index,3,1868.0,5.37,0.05642,0.005642,7.64148968923378
296,403727.3738420745,3384981.7927185036,zonal_sum,3237.230224609375,0.0,0,0.0,poi_economic_index,3,1868.0,5.37,0.05642,0.005642,18.264452927246094
297,403727.3738420745,3385481.7927185036,zonal_sum,4478.013290405273,1.7578579175523736,2,8.0,poi_economic_index,0,2799.0,8.04,0.05974,0.005974,26.751651396881105
298,403727.3738420745,3385981.7927185036,zonal_sum,5807.569034576416,0.0,0,0.0,poi_economic_index,3,1868.0,5.37,0.05642,0.005642,32.76630449308014
299,403727.3738420745,3386481.7927185036,zonal_sum,5241.938018798828,0.0,0,0.0,poi_economic_index,3,1868.0,5.37,0.05642,0.005642,29.57501430206299
300,403727.3738420745,3386981.7927185036,zonal_sum,4653.838134765625,0.0,0,0.0,poi_economic_index,3,1868.0,5.37,0.05642,0.005642,26.256954756347657
301,403727.3738420745,3387481.7927185036,zonal_sum,1640.0494985580444,0.0,0,0.0,poi_economic_index,3,1868.0,5.37,0.05642,0.005642,9.253159270864487
302,403727.3738420745,3387981.7927185036,zonal_sum,1772.1768426895142,0.0,0,0.0,poi_economic_index,3,1868.0,5.37,0.05642,0.005642,9.998621746454239
303,403727.3738420745,3388481.7927185036,zonal_sum,5576.686756134033,0.0,0,0.0,poi_economic_index,3,1868.0,5.37,0.05642,0.005642,31.46366667810822
304,403727.3738420745,3388981.7927185036,zonal_sum,6714.095184326172,0.0,0,0.0,poi_economic_index,3,1868.0,5.37,0.05642,0.005642,37.88092502996826
305,403727.3738420745,3389481.7927185036,zonal_sum,6172.875537872314,0.0,0,0.0,poi_economic_index,3,1868.0,5.37,0.05642,0.005642,34.8273637846756
306,403727.3738420745,3389981.7927185036,zonal_sum,5674.745414733887,0.0,0,0.0,poi_economic_index,3,1868.0,5.37,0.05642,0.005642,32.01691362992859
307,403727.3738420745,3390481.7927185036,zonal_sum,5326.671501159668,0.0,0,0.0,poi_economic_index,3,1868.0,5.37,0.05642,0.005642,30.05308060954285
308,403727.3738420745,3390981.7927185036,zonal_sum,4812.040111541748,0.0,0,0.0,poi_economic_index,3,1868.0,5.37,0.05642,0.005642,27.149530309318543
309,403727.3738420745,3391481.7927185036,zonal_sum,4746.828351974487,1.8870696490323797,2,8.0,poi_economic_index,0,2799.0,8.04,0.05974,0.005974,28.35755257469559
310,403727.3738420745,3391981.7927185036,zonal_sum,4446.579558372498,1.6094379124341003,1,4.0,poi_economic_index,0,2799.0,8.04,0.05974,0.005974,26.563866281717303
311,403727.3738420745,3392481.7927185036,zonal_sum,3366.4323172569275,2.5649493574615367,2,8.0,poi_economic_index,5,3613.0,10.38,0.06283,0.006283,21.151294249325275
312,403727.3738420745,3392981.7927185036,zonal_sum,7094.302494049072,2.468099531471619,3,12.0,poi_economic_index,5,3613.0,10.38,0.06283,0.006283,44.57350257011032
313,403727.3738420745,3393481.7927185036,zonal_sum,6766.151817321777,3.7612001156935624,9,36.0,poi_economic_index,2,4500.0,12.93,0.06638,0.006638,44.91371576338196
314,403727.3738420745,3393981.7927185036,zonal_sum,6816.513397216797,1.9459101490553132,2,8.0,poi_economic_index,0,2799.0,8.04,0.05974,0.005974,40.72185103497315
315,403727.3738420745,3394481.7927185036,zonal_sum,8050.313217163086,3.367295829986474,7,28.0,poi_economic_index,2,4500.0,12.93,0.06638,0.006638,53.437979135528565
316,403727.3738420745,3394981.7927185036,zonal_sum,4859.387504577637,2.2823823856765264,3,12.0,poi_economic_index,5,3613.0,10.38,0.06283,0.006283,30.531531691261293
317,403727.3738420745,3395481.7927185036,zonal_sum,4362.619607925415,0.0,0,0.0,poi_economic_index,3,1868.0,5.37,0.05642,0.005642,24.613899827915194
318,403727.3738420745,3395981.7927185036,zonal_sum,623.0477015972137,0.0,0,0.0,poi_economic_index,3,1868.0,5.37,0.05642,0.005642,3.51523513241148
319,403727.3738420745,3396481.7927185036,zonal_sum,1200.938669681549,0.0,0,0.0,poi_economic_index,3,1868.0,5.37,0.05642,0.005642,6.7756959743433
320,403727.3738420745,3396981.7927185036,zonal_sum,1859.0974025726318,0.0,0,0.0,poi_economic_index,3,1868.0,5.37,0.05642,0.005642,10.489027545314789
321,403727.3738420745,3397481.7927185036,zonal_sum,3682.9435424804688,0.0,0,0.0,poi_economic_index,3,1868.0,5.37,0.05642,0.005642,20.779167466674807
322,403727.3738420745,3397981.7927185036,zonal_sum,5774.558010101318,1.0986122886681098,1,4.0,poi_economic_index,0,2799.0,8.04,0.05974,0.005974,34.497209552345275
323,403727.3738420745,3398481.7927185036,zonal_sum,4477.161468505859,3.4965075614664802,4,16.0,poi_economic_index,2,4500.0,12.93,0.06638,0.006638,29.719397827941894
324,403727.3738420745,3398981.7927185036,zonal_sum,3502.6904106140137,0.0,0,0.0,poi_economic_index,3,1868.0,5.37,0.05642,0.005642,19.762179296684266
325,403727.3738420745,3399481.7927185036,zonal_sum,2660.0881366729736,0.0,0,0.0,poi_economic_index,3,1868.0,5.37,0.05642,0.005642,15.008217267108918
326,403727.3738420745,3399981.7927185036,zonal_sum,1773.738130569458,0.0,0,0.0,poi_economic_index,3,1868.0,5.37,0.05642,0.005642,10.007430532672883
327,403727.3738420745,3400481.7927185036,zonal_sum,2847.57826423645,0.0,0,0.0,poi_economic_index,3,1868.0,5.37,0.05642,0.005642,16.066036566822053
328,403727.3738420745,3400981.7927185036,zonal_sum,4094.5011978149414,0.0,0,0.0,poi_economic_index,3,1868.0,5.37,0.05642,0.005642,23.1011757580719
329,403727.3738420745,3401481.7927185036,zonal_sum,5664.361251831055,0.0,0,0.0,poi_economic_index,3,1868.0,5.37,0.05642,0.005642,31.958326182830813
330,403727.3738420745,3401981.7927185036,zonal_sum,2470.1012058258057,0.0,0,0.0,poi_economic_index,3,1868.0,5.37,0.05642,0.005642,13.936311003269196
331,404227.3738420745,3375981.7927185036,zonal_sum,849.7950863838196,0.0,0,0.0,poi_economic_index,3,1868.0,5.37,0.05642,0.005642,4.79454387737751
332,404227.3738420745,3376481.7927185036,zonal_sum,1325.9973721504211,0.0,0,0.0,poi_economic_index,3,1868.0,5.37,0.05642,0.005642,7.481277173672677
333,404227.3738420745,3376981.7927185036,zonal_sum,1859.9235076904297,0.0,0,0.0,poi_economic_index,3,1868.0,5.37,0.05642,0.005642,10.493688430389405
334,404227.3738420745,3377481.7927185036,zonal_sum,895.8033308386803,0.0,0,0.0,poi_economic_index,3,1868.0,5.37,0.05642,0.005642,5.054122392591834
335,404227.3738420745,3377981.7927185036,zonal_sum,186.85752968490124,0.0,0,0.0,poi_economic_index,3,1868.0,5.37,0.05642,0.005642,1.0542501824822128
336,404227.3738420745,3378481.7927185036,zonal_sum,1160.3647401332855,0.0,0,0.0,poi_economic_index,3,1868.0,5.37,0.05642,0.005642,6.546777863831998
337,404227.3738420745,3378981.7927185036,zonal_sum,235.45641107857227,0.0,0,0.0,poi_economic_index,3,1868.0,5.37,0.05642,0.005642,1.3284450713053049
338,404227.3738420745,3379481.7927185036,zonal_sum,2533.039493560791,0.0,0,0.0,poi_economic_index,3,1868.0,5.37,0.05642,0.005642,14.291408822669984
339,404227.3738420745,3379981.7927185036,zonal_sum,4574.692943572998,1.33500106673234,1,4.0,poi_economic_index,0,2799.0,8.04,0.05974,0.005974,27.32921564490509
340,404227.3738420745,3380481.7927185036,zonal_sum,3688.4815616607666,0.0,0,0.0,poi_economic_index,3,1868.0,5.37,0.05642,0.005642,20.810412970890045
341,404227.3738420745,3380981.7927185036,zonal_sum,1444.1545934677124,1.7578579175523736,2,8.0,poi_economic_index,0,2799.0,8.04,0.05974,0.005974,8.627379541376115
342,404227.3738420745,3381481.7927185036,zonal_sum,2763.0204753875732,2.4336133554004498,4,16.0,poi_economic_index,5,3613.0,10.38,0.06283,0.006283,17.360057646860124
343,404227.3738420745,3381981.7927185036,zonal_sum,4059.382595062256,1.33500106673234,1,4.0,poi_economic_index,0,2799.0,8.04,0.05974,0.005974,24.250751622901916
344,404227.3738420745,3382481.7927185036,zonal_sum,8970.846267700195,2.0541237336955462,2,8.0,poi_economic_index,0,2799.0,8.04,0.05974,0.005974,53.591835603240966
345,404227.3738420745,3382981.7927185036,zonal_sum,4879.490898132324,2.8791984572980396,6,24.0,poi_economic_index,2,4500.0,12.93,0.06638,0.006638,32.390060581802366
346,404227.3738420745,3383481.7927185036,zonal_sum,6578.891117095947,2.2823823856765264,3,12.0,poi_economic_index,5,3613.0,10.38,0.06283,0.006283,41.33517288871384
347,404227.3738420745,3383981.7927185036,zonal_sum,3375.2539596557617,0.0,0,0.0,poi_economic_index,3,1868.0,5.37,0.05642,0.005642,19.04318284037781
348,404227.3738420745,3384481.7927185036,zonal_sum,2112.165172100067,0.0,0,0.0,poi_economic_index,3,1868.0,5.37,0.05642,0.005642,11.916835900988579
349,404227.3738420745,3384981.7927185036,zonal_sum,2363.0322761535645,0.0,0,0.0,poi_economic_index,3,1868.0,5.37,0.05642,0.005642,13.332228102058412
350,404227.3738420745,3385481.7927185036,zonal_sum,2777.658473968506,1.33500106673234,1,4.0,poi_economic_index,0,2799.0,8.04,0.05974,0.005974,16.593731723487853
351,404227.3738420745,3385981.7927185036,zonal_sum,4357.888801574707,0.0,0,0.0,poi_economic_index,3,1868.0,5.37,0.05642,0.005642,24.5872086184845
352,404227.3738420745,3386481.7927185036,zonal_sum,3267.4122257232666,0.0,0,0.0,poi_economic_index,3,1868.0,5.37,0.05642,0.005642,18.43473977753067
353,404227.3738420745,3386981.7927185036,zonal_sum,4816.08171081543,0.0,0,0.0,poi_economic_index,3,1868.0,5.37,0.05642,0.005642,27.172333012420655
354,404227.3738420745,3387481.7927185036,zonal_sum,2954.488006591797,2.3978952727983707,1,4.0,poi_economic_index,5,3613.0,10.38,0.06283,0.006283,18.56304814541626
355,404227.3738420745,3387981.7927185036,zonal_sum,2888.3586235046387,0.0,0,0.0,poi_economic_index,3,1868.0,5.37,0.05642,0.005642,16.29611935381317
356,404227.3738420745,3388481.7927185036,zonal_sum,3025.6829347610474,0.0,0,0.0,poi_economic_index,3,1868.0,5.37,0.05642,0.005642,17.07090311792183
357,404227.3738420745,3388981.7927185036,zonal_sum,4932.254493713379,0.0,0,0.0,poi_economic_index,3,1868.0,5.37,0.05642,0.005642,27.827779853530885
358,404227.3738420745,3389481.7927185036,zonal_sum,6527.22696685791,0.0,0,0.0,poi_economic_index,3,1868.0,5.37,0.05642,0.005642,36.82661454701233
359,404227.3738420745,3389981.7927185036,zonal_sum,4298.886543273926,0.0,0,0.0,poi_economic_index,3,1868.0,5.37,0.05642,0.005642,24.25431787715149
360,404227.3738420745,3390481.7927185036,zonal_sum,6091.880935668945,3.250374491927572,5,20.0,poi_economic_index,2,4500.0,12.93,0.06638,0.006638,40.43790565097046
361,404227.3738420745,3390981.7927185036,zonal_sum,7091.705139160156,2.151762203259462,3,12.0,poi_economic_index,5,3613.0,10.38,0.06283,0.006283,44.557183389343265
362,404227.3738420745,3391481.7927185036,zonal_sum,6621.885269165039,0.0,0,0.0,poi_economic_index,3,1868.0,5.37,0.05642,0.005642,37.360676688629155
363,404227.3738420745,3391981.7927185036,zonal_sum,7356.203777313232,2.70805020110221,3,12.0,poi_economic_index,5,3613.0,10.38,0.06283,0.006283,46.21902833285904
364,404227.3738420745,3392481.7927185036,zonal_sum,4181.045363068581,2.3978952727983707,4,16.0,poi_economic_index,5,3613.0,10.38,0.06283,0.006283,26.269508016159893
365,404227.3738420745,3392981.7927185036,zonal_sum,6982.315780639648,3.7232808808312687,7,28.0,poi_economic_index,2,4500.0,12.93,0.06638,0.006638,46.34861215188599
366,404227.3738420745,3393481.7927185036,zonal_sum,5819.860771179199,3.8416005411316,6,24.0,poi_economic_index,2,4500.0,12.93,0.06638,0.006638,38.632235799087525
367,404227.3738420745,3393981.7927185036,zonal_sum,4769.961559295654,3.5890591188317256,11,44.0,poi_economic_index,4,5605.0,16.11,0.07112,0.007112,33.923966609710696
368,404227.3738420745,3394481.7927185036,zonal_sum,8033.080520629883,3.2188758248682006,5,20.0,poi_economic_index,2,4500.0,12.93,0.06638,0.006638,53.32358849594116
369,404227.3738420745,3394981.7927185036,zonal_sum,6350.847763061523,3.4965075614664802,4,16.0,poi_economic_index,2,4500.0,12.93,0.06638,0.006638,42.15692745120239
370,404227.3738420745,3395481.7927185036,zonal_sum,4266.992699623108,2.70805020110221,5,20.0,poi_economic_index,5,3613.0,10.38,0.06283,0.006283,26.809515131731988
371,404227.3738420745,3395981.7927185036,zonal_sum,2344.4262084960938,1.6094379124341003,1,4.0,poi_economic_index,0,2799.0,8.04,0.05974,0.005974,14.005602169555665
372,404227.3738420745,3396481.7927185036,zonal_sum,2186.6027755737305,0.0,0,0.0,poi_economic_index,3,1868.0,5.37,0.05642,0.005642,12.336812859786988
373,404227.3738420745,3396981.7927185036,zonal_sum,4610.4511795043945,0.0,0,0.0,poi_economic_index,3,1868.0,5.37,0.05642,0.005642,26.012165554763797
374,404227.3738420745,3397481.7927185036,zonal_sum,4211.573310852051,2.3978952727983707,1,4.0,poi_economic_index,5,3613.0,10.38,0.06283,0.006283,26.461315112083437
375,404227.3738420745,3397981.7927185036,zonal_sum,4796.599033355713,2.1972245773362196,1,4.0,poi_economic_index,0,2799.0,8.04,0.05974,0.005974,28.654882625267028
376,404227.3738420745,3398481.7927185036,zonal_sum,4106.295715332031,0.0,0,0.0,poi_economic_index,3,1868.0,5.37,0.05642,0.005642,23.167720425903322
377,404227.3738420745,3398981.7927185036,zonal_sum,4052.545738220215,0.0,0,0.0,poi_economic_index,3,1868.0,5.37,0.05642,0.005642,22.864463055038453
378,404227.3738420745,3399481.7927185036,zonal_sum,3110.3977127075195,1.6094379124341003,1,4.0,poi_economic_index,0,2799.0,8.04,0.05974,0.005974,18.581515935714723
379,404227.3738420745,3399981.7927185036,zonal_sum,2486.72762298584,0.0,0,0.0,poi_economic_index,3,1868.0,5.37,0.05642,0.005642,14.030117248886109
380,404227.3738420745,3400481.7927185036,zonal_sum,2566.5721473693848,0.0,0,0.0,poi_economic_index,3,1868.0,5.37,0.05642,0.005642,14.48060005545807
381,404227.3738420745,3400981.7927185036,zonal_sum,3125.5331382751465,0.0,0,0.0,poi_economic_index,3,1868.0,5.37,0.05642,0.005642,17.63425796614838
382,404227.3738420745,3401481.7927185036,zonal_sum,3172.272075653076,0.0,0,0.0,poi_economic_index,3,1868.0,5.37,0.05642,0.005642,17.897959050834658
383,404227.3738420745,3401981.7927185036,zonal_sum,2510.413848876953,0.0,0,0.0,poi_economic_index,3,1868.0,5.37,0.05642,0.005642,14.16375493536377
384,404727.3738420745,3373981.7927185036,zonal_sum,678.1287460327148,0.0,0,0.0,poi_economic_index,3,1868.0,5.37,0.05642,0.005642,3.826002385116577
385,404727.3738420745,3374481.7927185036,zonal_sum,270.84915113449097,0.0,0,0.0,poi_economic_index,3,1868.0,5.37,0.05642,0.005642,1.528130910700798
386,404727.3738420745,3374981.7927185036,zonal_sum,267.1615946292877,0.0,0,0.0,poi_economic_index,3,1868.0,5.37,0.05642,0.005642,1.5073257168984413
387,404727.3738420745,3375481.7927185036,zonal_sum,280.6078164577484,0.0,0,0.0,poi_economic_index,3,1868.0,5.37,0.05642,0.005642,1.5831893004546167
388,404727.3738420745,3375981.7927185036,zonal_sum,562.4973709583282,0.0,0,0.0,poi_economic_index,3,1868.0,5.37,0.05642,0.005642,3.1736101669468884
389,404727.3738420745,3376481.7927185036,zonal_sum,894.2912402153015,0.0,0,0.0,poi_economic_index,3,1868.0,5.37,0.05642,0.005642,5.045591177294732
390,404727.3738420745,3376981.7927185036,zonal_sum,1210.5694675445557,0.0,0,0.0,poi_economic_index,3,1868.0,5.37,0.05642,0.005642,6.830032935886384
391,404727.3738420745,3377481.7927185036,zonal_sum,316.4884287118912,0.0,0,0.0,poi_economic_index,3,1868.0,5.37,0.05642,0.005642,1.7856277147924902
392,404727.3738420745,3377981.7927185036,zonal_sum,158.51758930832148,0.0,0,0.0,poi_economic_index,3,1868.0,5.37,0.05642,0.005642,0.8943562388775498
393,404727.3738420745,3378481.7927185036,zonal_sum,765.5080635920167,0.0,0,0.0,poi_economic_index,3,1868.0,5.37,0.05642,0.005642,4.318996494786158
394,404727.3738420745,3378981.7927185036,zonal_sum,892.6941632628441,0.0,0,0.0,poi_economic_index,3,1868.0,5.37,0.05642,0.005642,5.036580469128967
395,404727.3738420745,3379481.7927185036,zonal_sum,1335.2092418670654,0.0,0,0.0,poi_economic_index,3,1868.0,5.37,0.05642,0.005642,7.533250542613984
396,404727.3738420745,3379981.7927185036,zonal_sum,4474.905193328857,0.0,0,0.0,poi_economic_index,3,1868.0,5.37,0.05642,0.005642,25.247415100761415
397,404727.3738420745,3380481.7927185036,zonal_sum,4131.980823516846,1.7578579175523736,2,8.0,poi_economic_index,0,2799.0,8.04,0.05974,0.005974,24.684453439689637
398,404727.3738420745,3380981.7927185036,zonal_sum,1846.2468814849854,0.0,0,0.0,poi_economic_index,3,1868.0,5.37,0.05642,0.005642,10.416524905338289
399,404727.3738420745,3381481.7927185036,zonal_sum,1639.33620595932,0.0,0,0.0,poi_economic_index,3,1868.0,5.37,0.05642,0.005642,9.249134874022484
400,404727.3738420745,3381981.7927185036,zonal_sum,2465.380699157715,0.0,0,0.0,poi_economic_index,3,1868.0,5.37,0.05642,0.005642,13.909677904647827
401,404727.3738420745,3382481.7927185036,zonal_sum,3710.1161880493164,1.4350845252893227,1,4.0,poi_economic_index,0,2799.0,8.04,0.05974,0.005974,22.164234107406617
402,404727.3738420745,3382981.7927185036,zonal_sum,3986.187816619873,0.0,0,0.0,poi_economic_index,3,1868.0,5.37,0.05642,0.005642,22.490071661369324
403,404727.3738420745,3383481.7927185036,zonal_sum,5710.531661987305,0.0,0,0.0,poi_economic_index,3,1868.0,5.37,0.05642,0.005642,32.21881963693237
404,404727.3738420745,3383981.7927185036,zonal_sum,4209.474895477295,0.0,0,0.0,poi_economic_index,3,1868.0,5.37,0.05642,0.005642,23.7498573602829
405,404727.3738420745,3384481.7927185036,zonal_sum,1919.398009300232,1.33500106673234,1,4.0,poi_economic_index,0,2799.0,8.04,0.05974,0.005974,11.466483707559586
406,404727.3738420745,3384981.7927185036,zonal_sum,2919.6497955322266,0.0,0,0.0,poi_economic_index,3,1868.0,5.37,0.05642,0.005642,16.472664146392823
407,404727.3738420745,3385481.7927185036,zonal_sum,2637.7446336746216,0.0,0,0.0,poi_economic_index,3,1868.0,5.37,0.05642,0.005642,14.882155223192216
408,404727.3738420745,3385981.7927185036,zonal_sum,3959.125862121582,0.0,0,0.0,poi_economic_index,3,1868.0,5.37,0.05642,0.005642,22.33738811408997
409,404727.3738420745,3386481.7927185036,zonal_sum,3052.6167335510254,0.0,0,0.0,poi_economic_index,3,1868.0,5.37,0.05642,0.005642,17.222863610694887
410,404727.3738420745,3386981.7927185036,zonal_sum,2977.1794204711914,0.0,0,0.0,poi_economic_index,3,1868.0,5.37,0.05642,0.005642,16.797246290298464
411,404727.3738420745,3387481.7927185036,zonal_sum,2738.28892326355,2.879198457298039,6,24.0,poi_economic_index,2,4500.0,12.93,0.06638,0.006638,18.176761872623445
412,404727.3738420745,3387981.7927185036,zonal_sum,2520.7489585876465,1.33500106673234,1,4.0,poi_economic_index,0,2799.0,8.04,0.05974,0.005974,15.0589542786026
413,404727.3738420745,3388481.7927185036,zonal_sum,3901.11372756958,2.4336133554004498,4,16.0,poi_economic_index,5,3613.0,10.38,0.06283,0.006283,24.510697550319673
414,404727.3738420745,3388981.7927185036,zonal_sum,3844.785877227783,0.0,0,0.0,poi_economic_index,3,1868.0,5.37,0.05642,0.005642,21.692281919319154
415,404727.3738420745,3389481.7927185036,zonal_sum,5757.33544921875,0.0,0,0.0,poi_economic_index,3,1868.0,5.37,0.05642,0.005642,32.48288660449219
416,404727.3738420745,3389981.7927185036,zonal_sum,5087.553443908691,2.240709689275958,3,12.0,poi_economic_index,5,3613.0,10.38,0.06283,0.006283,31.96509828807831
417,404727.3738420745,3390481.7927185036,zonal_sum,6639.587585449219,0.0,0,0.0,poi_economic_index,3,1868.0,5.37,0.05642,0.005642,37.46055315710449
418,404727.3738420745,3390981.7927185036,zonal_sum,5256.004398345947,2.240709689275958,3,12.0,poi_economic_index,5,3613.0,10.38,0.06283,0.006283,33.02347563480759
419,404727.3738420745,3391481.7927185036,zonal_sum,5723.475433349609,2.9856819377004897,3,12.0,poi_economic_index,5,3613.0,10.38,0.06283,0.006283,35.9605961477356
420,404727.3738420745,3391981.7927185036,zonal_sum,4513.502468585968,0.0,0,0.0,poi_economic_index,3,1868.0,5.37,0.05642,0.005642,25.465180927762034
421,404727.3738420745,3392481.7927185036,zonal_sum,4070.372880458832,1.33500106673234,1,4.0,poi_economic_index,0,2799.0,8.04,0.05974,0.005974,24.31640758786106
422,404727.3738420745,3392981.7927185036,zonal_sum,9246.158294677734,3.8066624897703196,8,32.0,poi_economic_index,2,4500.0,12.93,0.06638,0.006638,61.3759987600708
423,404727.3738420745,3393481.7927185036,zonal_sum,6917.211452484131,0.0,0,0.0,poi_economic_index,3,1868.0,5.37,0.05642,0.005642,39.026907014915466
424,404727.3738420745,3393981.7927185036,zonal_sum,6476.588949203491,2.240709689275958,3,12.0,poi_economic_index,5,3613.0,10.38,0.06283,0.006283,40.69240836784554
425,404727.3738420745,3394481.7927185036,zonal_sum,8983.940963745117,4.204692619390966,11,44.0,poi_economic_index,4,5605.0,16.11,0.07112,0.007112,63.89378813415527
426,404727.3738420745,3394981.7927185036,zonal_sum,6472.855514526367,3.5553480614894135,5,20.0,poi_economic_index,2,4500.0,12.93,0.06638,0.006638,42.96681490542603
427,404727.3738420745,3395481.7927185036,zonal_sum,5521.221567153931,0.0,0,0.0,poi_economic_index,3,1868.0,5.37,0.05642,0.005642,31.150732081882477
428,404727.3738420745,3395981.7927185036,zonal_sum,4938.186347961426,0.0,0,0.0,poi_economic_index,3,1868.0,5.37,0.05642,0.005642,27.861247375198367
429,404727.3738420745,3396481.7927185036,zonal_sum,4799.498344421387,2.533696813957432,4,16.0,poi_economic_index,5,3613.0,10.38,0.06283,0.006283,30.155248097999575
430,404727.3738420745,3396981.7927185036,zonal_sum,3983.2878637313843,0.0,0,0.0,poi_economic_index,3,1868.0,5.37,0.05642,0.005642,22.47371012717247
431,404727.3738420745,3397481.7927185036,zonal_sum,4779.505500793457,0.0,0,0.0,poi_economic_index,3,1868.0,5.37,0.05642,0.005642,26.965970035476687
432,404727.3738420745,3397981.7927185036,zonal_sum,5661.747589111328,0.0,0,0.0,poi_economic_index,3,1868.0,5.37,0.05642,0.005642,31.943579897766114
433,404727.3738420745,3398481.7927185036,zonal_sum,5227.223655700684,0.0,0,0.0,poi_economic_index,3,1868.0,5.37,0.05642,0.005642,29.49199586546326
434,404727.3738420745,3398981.7927185036,zonal_sum,4357.112339019775,0.0,0,0.0,poi_economic_index,3,1868.0,5.37,0.05642,0.005642,24.582827816749575
435,404727.3738420745,3399481.7927185036,zonal_sum,2401.610549926758,1.6094379124341003,2,8.0,poi_economic_index,0,2799.0,8.04,0.05974,0.005974,14.347221425262452
436,404727.3738420745,3399981.7927185036,zonal_sum,918.3560321331024,0.0,0,0.0,poi_economic_index,3,1868.0,5.37,0.05642,0.005642,5.181364733294964
437,404727.3738420745,3400481.7927185036,zonal_sum,2323.5211143493652,0.0,0,0.0,poi_economic_index,3,1868.0,5.37,0.05642,0.005642,13.109306127159119
438,404727.3738420745,3400981.7927185036,zonal_sum,2838.1756019592285,0.0,0,0.0,poi_economic_index,3,1868.0,5.37,0.05642,0.005642,16.01298674625397
439,404727.3738420745,3401481.7927185036,zonal_sum,2954.9423027038574,0.0,0,0.0,poi_economic_index,3,1868.0,5.37,0.05642,0.005642,16.671784471855165
440,404727.3738420745,3401981.7927185036,zonal_sum,3009.263334274292,0.0,0,0.0,poi_economic_index,3,1868.0,5.37,0.05642,0.005642,16.978263731975556
441,404727.3738420745,3402481.7927185036,zonal_sum,3365.727123260498,0.0,0,0.0,poi_economic_index,3,1868.0,5.37,0.05642,0.005642,18.98943242943573
442,405227.3738420745,3372481.7927185036,zonal_sum,178.29648982733488,0.0,0,0.0,poi_economic_index,3,1868.0,5.37,0.05642,0.005642,1.0059487956058235
443,405227.3738420745,3372981.7927185036,zonal_sum,171.22883685678244,0.0,0,0.0,poi_economic_index,3,1868.0,5.37,0.05642,0.005642,0.9660730975459666
444,405227.3738420745,3373481.7927185036,zonal_sum,198.55224984884262,0.0,0,0.0,poi_economic_index,3,1868.0,5.37,0.05642,0.005642,1.1202317936471702
445,405227.3738420745,3373981.7927185036,zonal_sum,616.3338796496391,0.0,0,0.0,poi_economic_index,3,1868.0,5.37,0.05642,0.005642,3.477355748983264
446,405227.3738420745,3374481.7927185036,zonal_sum,1083.4047269821167,0.0,0,0.0,poi_economic_index,3,1868.0,5.37,0.05642,0.005642,6.112569469633103
447,405227.3738420745,3374981.7927185036,zonal_sum,525.4071931838989,0.0,0,0.0,poi_economic_index,3,1868.0,5.37,0.05642,0.005642,2.964347383943558
448,405227.3738420745,3375481.7927185036,zonal_sum,527.5888953208923,0.0,0,0.0,poi_economic_index,3,1868.0,5.37,0.05642,0.005642,2.976656547400475
449,405227.3738420745,3375981.7927185036,zonal_sum,329.8248403072357,0.0,0,0.0,poi_economic_index,3,1868.0,5.37,0.05642,0.005642,1.8608717490134241
450,405227.3738420745,3376481.7927185036,zonal_sum,1833.3096179962158,0.0,0,0.0,poi_economic_index,3,1868.0,5.37,0.05642,0.005642,10.34353286473465
451,405227.3738420745,3376981.7927185036,zonal_sum,1180.0868883132935,0.0,0,0.0,poi_economic_index,3,1868.0,5.37,0.05642,0.005642,6.658050223863602
452,405227.3738420745,3377481.7927185036,zonal_sum,535.7848680019379,0.0,0,0.0,poi_economic_index,3,1868.0,5.37,0.05642,0.005642,3.0228982252669336
453,405227.3738420745,3377981.7927185036,zonal_sum,286.40123641490936,0.0,0,0.0,poi_economic_index,3,1868.0,5.37,0.05642,0.005642,1.6158757758529187
454,405227.3738420745,3378481.7927185036,zonal_sum,205.61930084228516,0.0,0,0.0,poi_economic_index,3,1868.0,5.37,0.05642,0.005642,1.1601040953521728
455,405227.3738420745,3378981.7927185036,zonal_sum,226.4086787700653,0.0,0,0.0,poi_economic_index,3,1868.0,5.37,0.05642,0.005642,1.2773977656207085
456,405227.3738420745,3379481.7927185036,zonal_sum,1186.08056640625,0.0,0,0.0,poi_economic_index,3,1868.0,5.37,0.05642,0.005642,6.691866555664063
457,405227.3738420745,3379981.7927185036,zonal_sum,2448.001174926758,0.0,0,0.0,poi_economic_index,3,1868.0,5.37,0.05642,0.005642,13.81162262893677
458,405227.3738420745,3380481.7927185036,zonal_sum,3351.3154439926147,0.0,0,0.0,poi_economic_index,3,1868.0,5.37,0.05642,0.005642,18.908121735006333
459,405227.3738420745,3380981.7927185036,zonal_sum,2810.277307510376,0.0,0,0.0,poi_economic_index,3,1868.0,5.37,0.05642,0.005642,15.855584568973542
460,405227.3738420745,3381481.7927185036,zonal_sum,1463.8857507705688,0.0,0,0.0,poi_economic_index,3,1868.0,5.37,0.05642,0.005642,8.259243405847549
461,405227.3738420745,3381981.7927185036,zonal_sum,2579.349916934967,0.0,0,0.0,poi_economic_index,3,1868.0,5.37,0.05642,0.005642,14.552692231347084
462,405227.3738420745,3382481.7927185036,zonal_sum,2911.2961654663086,0.0,0,0.0,poi_economic_index,3,1868.0,5.37,0.05642,0.005642,16.425532965560915
463,405227.3738420745,3382981.7927185036,zonal_sum,2963.8272666931152,0.0,0,0.0,poi_economic_index,3,1868.0,5.37,0.05642,0.005642,16.721913438682556
464,405227.3738420745,3383481.7927185036,zonal_sum,3811.096781730652,1.33500106673234,1,4.0,poi_economic_index,0,2799.0,8.04,0.05974,0.005974,22.767492174058916
465,405227.3738420745,3383981.7927185036,zonal_sum,2349.063904799521,0.0,0,0.0,poi_economic_index,3,1868.0,5.37,0.05642,0.005642,13.253418550878898
466,405227.3738420745,3384481.7927185036,zonal_sum,1458.3529148101807,0.0,0,0.0,poi_economic_index,3,1868.0,5.37,0.05642,0.005642,8.22802714535904
467,405227.3738420745,3384981.7927185036,zonal_sum,2027.6863775253296,1.8870696490323797,2,8.0,poi_economic_index,0,2799.0,8.04,0.05974,0.005974,12.113398419336319
468,405227.3738420745,3385481.7927185036,zonal_sum,1126.8052718639374,0.0,0,0.0,poi_economic_index,3,1868.0,5.37,0.05642,0.005642,6.357435343856335
469,405227.3738420745,3385981.7927185036,zonal_sum,1605.8904931545258,1.33500106673234,1,4.0,poi_economic_index,0,2799.0,8.04,0.05974,0.005974,9.593589806105138
470,405227.3738420745,3386481.7927185036,zonal_sum,1145.7791584283113,0.0,0,0.0,poi_economic_index,3,1868.0,5.37,0.05642,0.005642,6.464486011852533
471,405227.3738420745,3386981.7927185036,zonal_sum,1563.972668647766,1.33500106673234,1,4.0,poi_economic_index,0,2799.0,8.04,0.05974,0.005974,9.343172722501755
472,405227.3738420745,3387481.7927185036,zonal_sum,1996.1083574295044,3.9550824948885928,15,60.0,poi_economic_index,4,5605.0,16.11,0.07112,0.007112,14.196322638038636
473,405227.3738420745,3387981.7927185036,zonal_sum,2472.4832286834717,3.367295829986474,10,40.0,poi_economic_index,2,4500.0,12.93,0.06638,0.006638,16.412343672000883
474,405227.3738420745,3388481.7927185036,zonal_sum,3295.9355697631836,2.624668592163159,2,8.0,poi_economic_index,5,3613.0,10.38,0.06283,0.006283,20.708363184822083
475,405227.3738420745,3388981.7927185036,zonal_sum,4066.395839691162,2.501435951739211,4,16.0,poi_economic_index,5,3613.0,10.38,0.06283,0.006283,25.549165060779572
476,405227.3738420745,3389481.7927185036,zonal_sum,5259.989646911621,1.8870696490323797,2,8.0,poi_economic_index,0,2799.0,8.04,0.05974,0.005974,31.423178150650024
477,405227.3738420745,3389981.7927185036,zonal_sum,5353.159240722656,2.468099531471619,3,12.0,poi_economic_index,5,3613.0,10.38,0.06283,0.006283,33.63389950946045
478,405227.3738420745,3390481.7927185036,zonal_sum,7023.647239685059,0.0,0,0.0,poi_economic_index,3,1868.0,5.37,0.05642,0.005642,39.6274177263031
479,405227.3738420745,3390981.7927185036,zonal_sum,6573.027542114258,2.1041341542702074,2,8.0,poi_economic_index,0,2799.0,8.04,0.05974,0.005974,39.267266536590576
480,405227.3738420745,3391481.7927185036,zonal_sum,6171.220031738281,2.5649493574615367,4,16.0,poi_economic_index,5,3613.0,10.38,0.06283,0.006283,38.773775459411624
481,405227.3738420745,3391981.7927185036,zonal_sum,4462.368733406067,1.6094379124341003,1,4.0,poi_economic_index,0,2799.0,8.04,0.05974,0.005974,26.658190813367845
482,405227.3738420745,3392481.7927185036,zonal_sum,5997.49887752533,1.33500106673234,1,4.0,poi_economic_index,0,2799.0,8.04,0.05974,0.005974,35.82905829433632
483,405227.3738420745,3392981.7927185036,zonal_sum,7170.066047668457,2.533696813957432,4,16.0,poi_economic_index,5,3613.0,10.38,0.06283,0.006283,45.049524977500916
484,405227.3738420745,3393481.7927185036,zonal_sum,5093.216400146484,1.8870696490323797,2,8.0,poi_economic_index,0,2799.0,8.04,0.05974,0.005974,30.4268747744751
485,405227.3738420745,3393981.7927185036,zonal_sum,5987.23991394043,3.0252910757955354,7,28.0,poi_economic_index,2,4500.0,12.93,0.06638,0.006638,39.74329854873657
486,405227.3738420745,3394481.7927185036,zonal_sum,6964.369087219238,3.339321977944068,6,24.0,poi_economic_index,2,4500.0,12.93,0.06638,0.006638,46.229482000961305
487,405227.3738420745,3394981.7927185036,zonal_sum,2369.25728225708,1.8870696490323797,2,8.0,poi_economic_index,0,2799.0,8.04,0.05974,0.005974,14.153943004203796
488,405227.3738420745,3395481.7927185036,zonal_sum,6433.078876495361,2.833213344056216,4,16.0,poi_economic_index,5,3613.0,10.38,0.06283,0.006283,40.419034581020355
489,405227.3738420745,3395981.7927185036,zonal_sum,7073.087860107422,2.5649493574615367,1,4.0,poi_economic_index,5,3613.0,10.38,0.06283,0.006283,44.440211025054936
490,405227.3738420745,3396481.7927185036,zonal_sum,7651.196678161621,4.23410650459726,14,56.0,poi_economic_index,4,5605.0,16.11,0.07112,0.007112,54.41531077508545
491,405227.3738420745,3396981.7927185036,zonal_sum,5119.963813781738,1.6094379124341003,1,4.0,poi_economic_index,0,2799.0,8.04,0.05974,0.005974,30.586663823532106
492,405227.3738420745,3397481.7927185036,zonal_sum,3517.274953842163,1.6094379124341003,2,8.0,poi_economic_index,0,2799.0,8.04,0.05974,0.005974,21.012200574253082
493,405227.3738420745,3397981.7927185036,zonal_sum,7424.5086669921875,4.050044303325521,11,44.0,poi_economic_index,4,5605.0,16.11,0.07112,0.007112,52.803105639648436
494,405227.3738420745,3398481.7927185036,zonal_sum,3131.7736167907715,2.760009940032921,3,12.0,poi_economic_index,5,3613.0,10.38,0.06283,0.006283,19.676933634296418
495,405227.3738420745,3398981.7927185036,zonal_sum,3500.8972244262695,2.3978952727983707,1,4.0,poi_economic_index,5,3613.0,10.38,0.06283,0.006283,21.996137261070253
496,405227.3738420745,3399481.7927185036,zonal_sum,1438.3813650608063,0.0,0,0.0,poi_economic_index,3,1868.0,5.37,0.05642,0.005642,8.11534766167307
497,405227.3738420745,3399981.7927185036,zonal_sum,1140.1786270141602,0.0,0,0.0,poi_economic_index,3,1868.0,5.37,0.05642,0.005642,6.432887813613892
498,405227.3738420745,3400481.7927185036,zonal_sum,4351.475204467773,0.0,0,0.0,poi_economic_index,3,1868.0,5.37,0.05642,0.005642,24.55102310360718
499,405227.3738420745,3400981.7927185036,zonal_sum,3410.3174057006836,0.0,0,0.0,poi_economic_index,3,1868.0,5.37,0.05642,0.005642,19.24101080296326
500,405227.3738420745,3401481.7927185036,zonal_sum,2538.019313812256,0.0,0,0.0,poi_economic_index,3,1868.0,5.37,0.05642,0.005642,14.319504968528749
501,405227.3738420745,3401981.7927185036,zonal_sum,2231.5683727264404,0.0,0,0.0,poi_economic_index,3,1868.0,5.37,0.05642,0.005642,12.590508758922578
502,405227.3738420745,3402481.7927185036,zonal_sum,1290.582389831543,0.0,0,0.0,poi_economic_index,3,1868.0,5.37,0.05642,0.005642,7.281465843429566
503,405727.3738420745,3370981.7927185036,zonal_sum,61.4025514125824,0.0,0,0.0,poi_economic_index,3,1868.0,5.37,0.05642,0.005642,0.3464331950697899
504,405727.3738420745,3371481.7927185036,zonal_sum,96.60242081433535,0.0,0,0.0,poi_economic_index,3,1868.0,5.37,0.05642,0.005642,0.54503085823448
505,405727.3738420745,3371981.7927185036,zonal_sum,64.74437260255218,0.0,0,0.0,poi_economic_index,3,1868.0,5.37,0.05642,0.005642,0.3652877502235994
506,405727.3738420745,3372481.7927185036,zonal_sum,192.60816314816475,0.0,0,0.0,poi_economic_index,3,1868.0,5.37,0.05642,0.005642,1.0866952564819456
507,405727.3738420745,3372981.7927185036,zonal_sum,257.3387600183487,0.0,0,0.0,poi_economic_index,3,1868.0,5.37,0.05642,0.005642,1.4519052840235234
508,405727.3738420745,3373481.7927185036,zonal_sum,1468.6122562885284,0.0,0,0.0,poi_economic_index,3,1868.0,5.37,0.05642,0.005642,8.285910349979877
509,405727.3738420745,3373981.7927185036,zonal_sum,2472.6340408325195,0.0,0,0.0,poi_economic_index,3,1868.0,5.37,0.05642,0.005642,13.950601258377075
510,405727.3738420745,3374481.7927185036,zonal_sum,1728.736671447754,0.0,0,0.0,poi_economic_index,3,1868.0,5.37,0.05642,0.005642,9.753532300308228
511,405727.3738420745,3374981.7927185036,zonal_sum,848.968316078186,0.0,0,0.0,poi_economic_index,3,1868.0,5.37,0.05642,0.005642,4.789879239313126
512,405727.3738420745,3375481.7927185036,zonal_sum,754.1995062828064,0.0,0,0.0,poi_economic_index,3,1868.0,5.37,0.05642,0.005642,4.255193614447594
513,405727.3738420745,3375981.7927185036,zonal_sum,1765.4855692386627,0.0,0,0.0,poi_economic_index,3,1868.0,5.37,0.05642,0.005642,9.960869581644536
514,405727.3738420745,3376481.7927185036,zonal_sum,237.47744326293468,0.0,0,0.0,poi_economic_index,3,1868.0,5.37,0.05642,0.005642,1.3398477348894775
515,405727.3738420745,3376981.7927185036,zonal_sum,269.1820410192013,0.0,0,0.0,poi_economic_index,3,1868.0,5.37,0.05642,0.005642,1.5187250754303336
516,405727.3738420745,3377481.7927185036,zonal_sum,613.881337761879,0.0,0,0.0,poi_economic_index,3,1868.0,5.37,0.05642,0.005642,3.4635185076525214
517,405727.3738420745,3377981.7927185036,zonal_sum,457.4147536382079,0.0,0,0.0,poi_economic_index,3,1868.0,5.37,0.05642,0.005642,2.580734040026769
518,405727.3738420745,3378481.7927185036,zonal_sum,279.13089069724083,0.0,0,0.0,poi_economic_index,3,1868.0,5.37,0.05642,0.005642,1.574856485313833
519,405727.3738420745,3378981.7927185036,zonal_sum,736.3754621744156,0.0,0,0.0,poi_economic_index,3,1868.0,5.37,0.05642,0.005642,4.1546303575880525
520,405727.3738420745,3379481.7927185036,zonal_sum,2122.495198249817,0.0,0,0.0,poi_economic_index,3,1868.0,5.37,0.05642,0.005642,11.975117908525467
521,405727.3738420745,3379981.7927185036,zonal_sum,2188.7456436157227,0.0,0,0.0,poi_economic_index,3,1868.0,5.37,0.05642,0.005642,12.348902921279908
522,405727.3738420745,3380481.7927185036,zonal_sum,2187.419912815094,0.0,0,0.0,poi_economic_index,3,1868.0,5.37,0.05642,0.005642,12.341423148102761
523,405727.3738420745,3380981.7927185036,zonal_sum,4043.192409515381,0.0,0,0.0,poi_economic_index,3,1868.0,5.37,0.05642,0.005642,22.81169157448578
524,405727.3738420745,3381481.7927185036,zonal_sum,3655.6178970336914,1.33500106673234,1,4.0,poi_economic_index,0,2799.0,8.04,0.05974,0.005974,21.83866131687927
525,405727.3738420745,3381981.7927185036,zonal_sum,3108.185211658478,2.70805020110221,5,20.0,poi_economic_index,5,3613.0,10.38,0.06283,0.006283,19.528727684850217
526,405727.3738420745,3382481.7927185036,zonal_sum,2244.213988304138,0.0,0,0.0,poi_economic_index,3,1868.0,5.37,0.05642,0.005642,12.661855322011949
527,405727.3738420745,3382981.7927185036,zonal_sum,3044.1664428710938,0.0,0,0.0,poi_economic_index,3,1868.0,5.37,0.05642,0.005642,17.17518707067871
528,405727.3738420745,3383481.7927185036,zonal_sum,2085.47026014328,0.0,0,0.0,poi_economic_index,3,1868.0,5.37,0.05642,0.005642,11.766223207728386
529,405727.3738420745,3383981.7927185036,zonal_sum,959.5866150856018,0.0,0,0.0,poi_economic_index,3,1868.0,5.37,0.05642,0.005642,5.413987682312966
530,405727.3738420745,3384481.7927185036,zonal_sum,1950.6240882873535,1.33500106673234,1,4.0,poi_economic_index,0,2799.0,8.04,0.05974,0.005974,11.65302830342865
531,405727.3738420745,3384981.7927185036,zonal_sum,1815.090368270874,0.0,0,0.0,poi_economic_index,3,1868.0,5.37,0.05642,0.005642,10.240739857784272
532,405727.3738420745,3385481.7927185036,zonal_sum,49.70911109447479,0.0,0,0.0,poi_economic_index,3,1868.0,5.37,0.05642,0.005642,0.2804588047950268
533,405727.3738420745,3385981.7927185036,zonal_sum,0.0,0.0,0,0.0,poi_economic_index,3,1868.0,5.37,0.05642,0.005642,0.0
534,405727.3738420745,3386481.7927185036,zonal_sum,0.5930709987878799,0.0,0,0.0,poi_economic_index,3,1868.0,5.37,0.05642,0.005642,0.0033461065751612187
535,405727.3738420745,3386981.7927185036,zonal_sum,1285.883781194687,0.0,0,0.0,poi_economic_index,3,1868.0,5.37,0.05642,0.005642,7.254956293500424
536,405727.3738420745,3387481.7927185036,zonal_sum,1659.5713520050049,1.8870696490323797,2,8.0,poi_economic_index,0,2799.0,8.04,0.05974,0.005974,9.914279256877899
537,405727.3738420745,3387981.7927185036,zonal_sum,3243.662759780884,3.4468078929142076,10,40.0,poi_economic_index,2,4500.0,12.93,0.06638,0.006638,21.531433399425506
538,405727.3738420745,3388481.7927185036,zonal_sum,3550.6505813598633,2.70805020110221,5,20.0,poi_economic_index,5,3613.0,10.38,0.06283,0.006283,22.308737602684023
539,405727.3738420745,3388981.7927185036,zonal_sum,3934.2278785705566,1.6094379124341003,1,4.0,poi_economic_index,0,2799.0,8.04,0.05974,0.005974,23.503077346580508
540,405727.3738420745,3389481.7927185036,zonal_sum,5781.3903884887695,1.6094379124341003,1,4.0,poi_economic_index,0,2799.0,8.04,0.05974,0.005974,34.53802618083191
541,405727.3738420745,3389981.7927185036,zonal_sum,6410.308380126953,3.970291913552122,12,48.0,poi_economic_index,4,5605.0,16.11,0.07112,0.007112,45.59011319946289
542,405727.3738420745,3390481.7927185036,zonal_sum,8185.623260498047,3.250374491927572,5,20.0,poi_economic_index,2,4500.0,12.93,0.06638,0.006638,54.33616720318604
543,405727.3738420745,3390981.7927185036,zonal_sum,5610.728454589844,2.9444389791664403,4,16.0,poi_economic_index,5,3613.0,10.38,0.06283,0.006283,35.25220688018799
544,405727.3738420745,3391481.7927185036,zonal_sum,5957.147674560547,3.2188758248682006,5,20.0,poi_economic_index,2,4500.0,12.93,0.06638,0.006638,39.54354626373291
545,405727.3738420745,3391981.7927185036,zonal_sum,6166.153618812561,2.4336133554004498,4,16.0,poi_economic_index,5,3613.0,10.38,0.06283,0.006283,38.74194318699932
546,405727.3738420745,3392481.7927185036,zonal_sum,5634.587577223778,2.1972245773362196,2,8.0,poi_economic_index,5,3613.0,10.38,0.06283,0.006283,35.402113747697
547,405727.3738420745,3392981.7927185036,zonal_sum,7425.19976764638,0.0,0,0.0,poi_economic_index,3,1868.0,5.37,0.05642,0.005642,41.89297708906088
548,405727.3738420745,3393481.7927185036,zonal_sum,5146.358291625977,3.169685580677429,7,28.0,poi_economic_index,2,4500.0,12.93,0.06638,0.006638,34.16152633981323
549,405727.3738420745,3393981.7927185036,zonal_sum,8267.28125,3.770459441106359,8,32.0,poi_economic_index,2,4500.0,12.93,0.06638,0.006638,54.878212937499995
550,405727.3738420745,3394481.7927185036,zonal_sum,6722.459808349609,3.169685580677429,7,28.0,poi_economic_index,2,4500.0,12.93,0.06638,0.006638,44.623688207824706
551,405727.3738420745,3394981.7927185036,zonal_sum,6885.876770019531,3.751854253275325,7,28.0,poi_economic_index,2,4500.0,12.93,0.06638,0.006638,45.70844999938965
552,405727.3738420745,3395481.7927185036,zonal_sum,7336.786178588867,0.0,0,0.0,poi_economic_index,3,1868.0,5.37,0.05642,0.005642,41.39414761959839
553,405727.3738420745,3395981.7927185036,zonal_sum,6197.463851928711,3.3250360206965914,4,16.0,poi_economic_index,5,3613.0,10.38,0.06283,0.006283,38.938665381668095
554,405727.3738420745,3396481.7927185036,zonal_sum,6742.323806762695,2.833213344056216,6,24.0,poi_economic_index,2,4500.0,12.93,0.06638,0.006638,44.75554542929077
555,405727.3738420745,3396981.7927185036,zonal_sum,5625.978591918945,2.5952547069568657,4,16.0,poi_economic_index,5,3613.0,10.38,0.06283,0.006283,35.34802349302674
556,405727.3738420745,3397481.7927185036,zonal_sum,3676.4607152938843,2.0541237336955462,2,8.0,poi_economic_index,0,2799.0,8.04,0.05974,0.005974,21.963176313165665
557,405727.3738420745,3397981.7927185036,zonal_sum,4528.405594825745,2.1972245773362196,3,12.0,poi_economic_index,5,3613.0,10.38,0.06283,0.006283,28.451972352290156
558,405727.3738420745,3398481.7927185036,zonal_sum,1513.6953620910645,0.0,0,0.0,poi_economic_index,3,1868.0,5.37,0.05642,0.005642,8.540269232917787
559,405727.3738420745,3398981.7927185036,zonal_sum,2671.4546670913696,0.0,0,0.0,poi_economic_index,3,1868.0,5.37,0.05642,0.005642,15.072347231729509
560,405727.3738420745,3399481.7927185036,zonal_sum,3218.4904022216797,0.0,0,0.0,poi_economic_index,3,1868.0,5.37,0.05642,0.005642,18.15872284933472
561,405727.3738420745,3399981.7927185036,zonal_sum,2576.996908187866,0.0,0,0.0,poi_economic_index,3,1868.0,5.37,0.05642,0.005642,14.539416555995942
562,405727.3738420745,3400481.7927185036,zonal_sum,3782.8275871276855,0.0,0,0.0,poi_economic_index,3,1868.0,5.37,0.05642,0.005642,21.3427132465744
563,405727.3738420745,3400981.7927185036,zonal_sum,2398.647903442383,0.0,0,0.0,poi_economic_index,3,1868.0,5.37,0.05642,0.005642,13.533171471221925
564,405727.3738420745,3401481.7927185036,zonal_sum,3256.6459770202637,0.0,0,0.0,poi_economic_index,3,1868.0,5.37,0.05642,0.005642,18.373996602348328
565,405727.3738420745,3401981.7927185036,zonal_sum,1448.649356842041,0.0,0,0.0,poi_economic_index,3,1868.0,5.37,0.05642,0.005642,8.173279671302796
566,405727.3738420745,3402481.7927185036,zonal_sum,527.0006396770477,0.0,0,0.0,poi_economic_index,3,1868.0,5.37,0.05642,0.005642,2.9733376090579036
567,405727.3738420745,3402981.7927185036,zonal_sum,400.25324058532715,0.0,0,0.0,poi_economic_index,3,1868.0,5.37,0.05642,0.005642,2.2582287833824157
568,406227.3738420745,3369981.7927185036,zonal_sum,183.01871076226234,0.0,0,0.0,poi_economic_index,3,1868.0,5.37,0.05642,0.005642,1.0325915661206841
569,406227.3738420745,3370481.7927185036,zonal_sum,24.687809355556965,0.0,0,0.0,poi_economic_index,3,1868.0,5.37,0.05642,0.005642,0.1392886203840524
570,406227.3738420745,3370981.7927185036,zonal_sum,105.0201882570982,0.0,0,0.0,poi_economic_index,3,1868.0,5.37,0.05642,0.005642,0.592523902146548
571,406227.3738420745,3371481.7927185036,zonal_sum,150.91008470207453,0.0,0,0.0,poi_economic_index,3,1868.0,5.37,0.05642,0.005642,0.8514346978891045
572,406227.3738420745,3371981.7927185036,zonal_sum,124.59363488852978,0.0,0,0.0,poi_economic_index,3,1868.0,5.37,0.05642,0.005642,0.702957288041085
573,406227.3738420745,3372481.7927185036,zonal_sum,115.63648731820285,0.0,0,0.0,poi_economic_index,3,1868.0,5.37,0.05642,0.005642,0.6524210614493006
574,406227.3738420745,3372981.7927185036,zonal_sum,370.2635099887848,0.0,0,0.0,poi_economic_index,3,1868.0,5.37,0.05642,0.005642,2.089026723356724
575,406227.3738420745,3373481.7927185036,zonal_sum,1451.2399751469493,0.0,0,0.0,poi_economic_index,3,1868.0,5.37,0.05642,0.005642,8.187895939779088
576,406227.3738420745,3373981.7927185036,zonal_sum,3053.0735125541687,0.0,0,0.0,poi_economic_index,3,1868.0,5.37,0.05642,0.005642,17.225440757830622
577,406227.3738420745,3374481.7927185036,zonal_sum,2941.715227365494,0.0,0,0.0,poi_economic_index,3,1868.0,5.37,0.05642,0.005642,16.597157312796117
578,406227.3738420745,3374981.7927185036,zonal_sum,2852.3299617767334,0.0,0,0.0,poi_economic_index,3,1868.0,5.37,0.05642,0.005642,16.09284564434433
579,406227.3738420745,3375481.7927185036,zonal_sum,791.3787118196487,0.0,0,0.0,poi_economic_index,3,1868.0,5.37,0.05642,0.005642,4.464958692086459
580,406227.3738420745,3375981.7927185036,zonal_sum,733.9751536846161,0.0,0,0.0,poi_economic_index,3,1868.0,5.37,0.05642,0.005642,4.1410878170886045
581,406227.3738420745,3376481.7927185036,zonal_sum,637.1424241289496,0.0,0,0.0,poi_economic_index,3,1868.0,5.37,0.05642,0.005642,3.594757556935534
582,406227.3738420745,3376981.7927185036,zonal_sum,2194.0318569242954,0.0,0,0.0,poi_economic_index,3,1868.0,5.37,0.05642,0.005642,12.378727736766875
583,406227.3738420745,3377481.7927185036,zonal_sum,1094.3255758285522,0.0,0,0.0,poi_economic_index,3,1868.0,5.37,0.05642,0.005642,6.174184898824692
584,406227.3738420745,3377981.7927185036,zonal_sum,563.4457268714905,0.0,0,0.0,poi_economic_index,3,1868.0,5.37,0.05642,0.005642,3.1789607910089495
585,406227.3738420745,3378481.7927185036,zonal_sum,166.88326215744019,0.0,0,0.0,poi_economic_index,3,1868.0,5.37,0.05642,0.005642,0.9415553650922776
586,406227.3738420745,3378981.7927185036,zonal_sum,324.5665440559387,0.0,0,0.0,poi_economic_index,3,1868.0,5.37,0.05642,0.005642,1.8312044415636064
587,406227.3738420745,3379481.7927185036,zonal_sum,1206.7683954238892,0.0,0,0.0,poi_economic_index,3,1868.0,5.37,0.05642,0.005642,6.808587286981583
588,406227.3738420745,3379981.7927185036,zonal_sum,2817.7572021484375,0.0,0,0.0,poi_economic_index,3,1868.0,5.37,0.05642,0.005642,15.897786134521485
589,406227.3738420745,3380481.7927185036,zonal_sum,1381.2569379806519,0.0,0,0.0,poi_economic_index,3,1868.0,5.37,0.05642,0.005642,7.793051644086838
590,406227.3738420745,3380981.7927185036,zonal_sum,1611.4139490127563,0.0,0,0.0,poi_economic_index,3,1868.0,5.37,0.05642,0.005642,9.091597500329971
591,406227.3738420745,3381481.7927185036,zonal_sum,755.6178624629974,0.0,0,0.0,poi_economic_index,3,1868.0,5.37,0.05642,0.005642,4.263195980016231
592,406227.3738420745,3381981.7927185036,zonal_sum,2604.888334274292,1.8870696490323797,2,8.0,poi_economic_index,0,2799.0,8.04,0.05974,0.005974,15.56160290895462
593,406227.3738420745,3382481.7927185036,zonal_sum,3809.8877716064453,2.833213344056216,2,8.0,poi_economic_index,5,3613.0,10.38,0.06283,0.006283,23.937524869003298
594,406227.3738420745,3382981.7927185036,zonal_sum,3630.3849873542786,0.0,0,0.0,poi_economic_index,3,1868.0,5.37,0.05642,0.005642,20.48263209865284
595,406227.3738420745,3383481.7927185036,zonal_sum,945.5659577846527,0.0,0,0.0,poi_economic_index,3,1868.0,5.37,0.05642,0.005642,5.334883133821011
596,406227.3738420745,3383981.7927185036,zonal_sum,1383.116991519928,1.33500106673234,1,4.0,poi_economic_index,0,2799.0,8.04,0.05974,0.005974,8.26274090734005
597,406227.3738420745,3384481.7927185036,zonal_sum,2142.675380706787,2.9444389791664403,2,8.0,poi_economic_index,5,3613.0,10.38,0.06283,0.006283,13.462429416980743
598,406227.3738420745,3384981.7927185036,zonal_sum,2220.392740249634,0.0,0,0.0,poi_economic_index,3,1868.0,5.37,0.05642,0.005642,12.527455840488434
599,406227.3738420745,3385481.7927185036,zonal_sum,276.07633876800537,0.0,0,0.0,poi_economic_index,3,1868.0,5.37,0.05642,0.005642,1.5576227033290864
600,406227.3738420745,3385981.7927185036,zonal_sum,431.2941134572029,0.0,0,0.0,poi_economic_index,3,1868.0,5.37,0.05642,0.005642,2.433361388125539
601,406227.3738420745,3386481.7927185036,zonal_sum,1272.8557638972998,1.33500106673234,1,4.0,poi_economic_index,0,2799.0,8.04,0.05974,0.005974,7.604040333522469
602,406227.3738420745,3386981.7927185036,zonal_sum,1517.3359773159027,2.624668592163159,2,8.0,poi_economic_index,5,3613.0,10.38,0.06283,0.006283,9.533421945475817
603,406227.3738420745,3387481.7927185036,zonal_sum,3175.3651542663574,3.3250360206965914,4,16.0,poi_economic_index,5,3613.0,10.38,0.06283,0.006283,19.950819264255525
604,406227.3738420745,3387981.7927185036,zonal_sum,2086.5718746185303,0.0,0,0.0,poi_economic_index,3,1868.0,5.37,0.05642,0.005642,11.772438516597749
605,406227.3738420745,3388481.7927185036,zonal_sum,4080.3017044067383,0.0,0,0.0,poi_economic_index,3,1868.0,5.37,0.05642,0.005642,23.02106221626282
606,406227.3738420745,3388981.7927185036,zonal_sum,4978.169891357422,3.7232808808312687,8,32.0,poi_economic_index,2,4500.0,12.93,0.06638,0.006638,33.045091738830564
607,406227.3738420745,3389481.7927185036,zonal_sum,6602.572006225586,3.6109179126442243,8,32.0,poi_economic_index,2,4500.0,12.93,0.06638,0.006638,43.82787297732544
608,406227.3738420745,3389981.7927185036,zonal_sum,4816.8147048950195,2.760009940032921,5,20.0,poi_economic_index,5,3613.0,10.38,0.06283,0.006283,30.26404679085541
609,406227.3738420745,3390481.7927185036,zonal_sum,6241.005233764648,2.879198457298039,6,24.0,poi_economic_index,2,4500.0,12.93,0.06638,0.006638,41.42779274172973
610,406227.3738420745,3390981.7927185036,zonal_sum,7107.770095825195,2.856470206220483,6,24.0,poi_economic_index,2,4500.0,12.93,0.06638,0.006638,47.181377896087646
611,406227.3738420745,3391481.7927185036,zonal_sum,8539.434299945831,2.0541237336955462,3,12.0,poi_economic_index,5,3613.0,10.38,0.06283,0.006283,53.65326570655966
612,406227.3738420745,3391981.7927185036,zonal_sum,4390.127782821655,1.6094379124341003,1,4.0,poi_economic_index,0,2799.0,8.04,0.05974,0.005974,26.22662337457657
613,406227.3738420745,3392481.7927185036,zonal_sum,5784.591003417969,1.8870696490323797,2,8.0,poi_economic_index,0,2799.0,8.04,0.05974,0.005974,34.55714665441894
614,406227.3738420745,3392981.7927185036,zonal_sum,7838.962900161743,4.31748811353631,14,56.0,poi_economic_index,4,5605.0,16.11,0.07112,0.007112,55.75070414595032
615,406227.3738420745,3393481.7927185036,zonal_sum,6134.139869689941,2.5952547069568657,4,16.0,poi_economic_index,5,3613.0,10.38,0.06283,0.006283,38.5408008012619
616,406227.3738420745,3393981.7927185036,zonal_sum,5363.581207275391,3.7977338590260183,9,36.0,poi_economic_index,2,4500.0,12.93,0.06638,0.006638,35.60345205389404
617,406227.3738420745,3394481.7927185036,zonal_sum,6255.17204284668,2.5952547069568657,4,16.0,poi_economic_index,5,3613.0,10.38,0.06283,0.006283,39.30124594520569
618,406227.3738420745,3394981.7927185036,zonal_sum,6201.9388427734375,3.0633909220278057,4,16.0,poi_economic_index,5,3613.0,10.38,0.06283,0.006283,38.96678174914551
619,406227.3738420745,3395481.7927185036,zonal_sum,8049.23518371582,3.380994674344636,5,20.0,poi_economic_index,2,4500.0,12.93,0.06638,0.006638,53.43082314950561
620,406227.3738420745,3395981.7927185036,zonal_sum,5273.319778442383,3.751854253275325,8,32.0,poi_economic_index,2,4500.0,12.93,0.06638,0.006638,35.00429668930054
621,406227.3738420745,3396481.7927185036,zonal_sum,4591.169139862061,2.2823823856765264,3,12.0,poi_economic_index,5,3613.0,10.38,0.06283,0.006283,28.846315705753327
622,406227.3738420745,3396981.7927185036,zonal_sum,5739.412330627441,1.4350845252893227,1,4.0,poi_economic_index,0,2799.0,8.04,0.05974,0.005974,34.287249263168334
623,406227.3738420745,3397481.7927185036,zonal_sum,4374.015228271484,3.0819099697950434,7,28.0,poi_economic_index,2,4500.0,12.93,0.06638,0.006638,29.034713085266112
624,406227.3738420745,3397981.7927185036,zonal_sum,4761.190379142761,1.8870696490323797,2,8.0,poi_economic_index,0,2799.0,8.04,0.05974,0.005974,28.443351324998858
625,406227.3738420745,3398481.7927185036,zonal_sum,1667.8379311263561,2.468099531471619,3,12.0,poi_economic_index,5,3613.0,10.38,0.06283,0.006283,10.479025721266897
626,406227.3738420745,3398981.7927185036,zonal_sum,2950.261062145233,0.0,0,0.0,poi_economic_index,3,1868.0,5.37,0.05642,0.005642,16.645372912623408
627,406227.3738420745,3399481.7927185036,zonal_sum,3584.243766784668,0.0,0,0.0,poi_economic_index,3,1868.0,5.37,0.05642,0.005642,20.222303332199097
628,406227.3738420745,3399981.7927185036,zonal_sum,3682.5794019699097,0.0,0,0.0,poi_economic_index,3,1868.0,5.37,0.05642,0.005642,20.777112985914233
629,406227.3738420745,3400481.7927185036,zonal_sum,4194.343168258667,0.0,0,0.0,poi_economic_index,3,1868.0,5.37,0.05642,0.005642,23.6644841553154
630,406227.3738420745,3400981.7927185036,zonal_sum,3443.654457092285,0.0,0,0.0,poi_economic_index,3,1868.0,5.37,0.05642,0.005642,19.429098446914676
631,406227.3738420745,3401481.7927185036,zonal_sum,1727.3202389478683,0.0,0,0.0,poi_economic_index,3,1868.0,5.37,0.05642,0.005642,9.745540788143874
632,406227.3738420745,3401981.7927185036,zonal_sum,487.63819536566734,0.0,0,0.0,poi_economic_index,3,1868.0,5.37,0.05642,0.005642,2.751254698253095
633,406227.3738420745,3402481.7927185036,zonal_sum,398.26618364453316,0.0,0,0.0,poi_economic_index,3,1868.0,5.37,0.05642,0.005642,2.247017808122456
634,406227.3738420745,3402981.7927185036,zonal_sum,1403.4158697128296,0.0,0,0.0,poi_economic_index,3,1868.0,5.37,0.05642,0.005642,7.918072336919785
635,406727.3738420745,3368481.7927185036,zonal_sum,168.85320026427507,0.0,0,0.0,poi_economic_index,3,1868.0,5.37,0.05642,0.005642,0.95266975589104
636,406727.3738420745,3368981.7927185036,zonal_sum,230.91081888973713,0.0,0,0.0,poi_economic_index,3,1868.0,5.37,0.05642,0.005642,1.302798840175897
637,406727.3738420745,3369481.7927185036,zonal_sum,0.08562099933624268,0.0,0,0.0,poi_economic_index,3,1868.0,5.37,0.05642,0.005642,0.0004830736782550812
638,406727.3738420745,3369981.7927185036,zonal_sum,73.37240612506866,0.0,0,0.0,poi_economic_index,3,1868.0,5.37,0.05642,0.005642,0.4139671153576374
639,406727.3738420745,3370481.7927185036,zonal_sum,176.28548431396484,0.0,0,0.0,poi_economic_index,3,1868.0,5.37,0.05642,0.005642,0.9946027024993898
640,406727.3738420745,3370981.7927185036,zonal_sum,176.43628764152527,0.0,0,0.0,poi_economic_index,3,1868.0,5.37,0.05642,0.005642,0.9954535348734856
641,406727.3738420745,3371481.7927185036,zonal_sum,413.2140259742737,0.0,0,0.0,poi_economic_index,3,1868.0,5.37,0.05642,0.005642,2.331353534546852
642,406727.3738420745,3371981.7927185036,zonal_sum,758.9984143972397,0.0,0,0.0,poi_economic_index,3,1868.0,5.37,0.05642,0.005642,4.282269054029227
643,406727.3738420745,3372481.7927185036,zonal_sum,761.5595824867487,0.0,0,0.0,poi_economic_index,3,1868.0,5.37,0.05642,0.005642,4.296719164390236
644,406727.3738420745,3372981.7927185036,zonal_sum,352.05914153158665,0.0,0,0.0,poi_economic_index,3,1868.0,5.37,0.05642,0.005642,1.986317676521212
645,406727.3738420745,3373481.7927185036,zonal_sum,144.22435262054205,0.0,0,0.0,poi_economic_index,3,1868.0,5.37,0.05642,0.005642,0.8137137974850983
646,406727.3738420745,3373981.7927185036,zonal_sum,1761.5483352020383,0.0,0,0.0,poi_economic_index,3,1868.0,5.37,0.05642,0.005642,9.9386557072099
647,406727.3738420745,3374481.7927185036,zonal_sum,3334.094705581665,0.0,0,0.0,poi_economic_index,3,1868.0,5.37,0.05642,0.005642,18.810962328891755
648,406727.3738420745,3374981.7927185036,zonal_sum,2082.2805976867676,0.0,0,0.0,poi_economic_index,3,1868.0,5.37,0.05642,0.005642,11.748227132148743
649,406727.3738420745,3375481.7927185036,zonal_sum,765.7927732467651,0.0,0,0.0,poi_economic_index,3,1868.0,5.37,0.05642,0.005642,4.3206028266582495
650,406727.3738420745,3375981.7927185036,zonal_sum,845.4215621650219,0.0,0,0.0,poi_economic_index,3,1868.0,5.37,0.05642,0.005642,4.769868453735054
651,406727.3738420745,3376481.7927185036,zonal_sum,925.2899016141891,0.0,0,0.0,poi_economic_index,3,1868.0,5.37,0.05642,0.005642,5.220485624907256
652,406727.3738420745,3376981.7927185036,zonal_sum,1632.288219988346,0.0,0,0.0,poi_economic_index,3,1868.0,5.37,0.05642,0.005642,9.209370137174249
653,406727.3738420745,3377481.7927185036,zonal_sum,2236.8831310272217,0.0,0,0.0,poi_economic_index,3,1868.0,5.37,0.05642,0.005642,12.620494625255585
654,406727.3738420745,3377981.7927185036,zonal_sum,1219.6338248252869,0.0,0,0.0,poi_economic_index,3,1868.0,5.37,0.05642,0.005642,6.881174039664269
655,406727.3738420745,3378481.7927185036,zonal_sum,883.2322444915771,0.0,0,0.0,poi_economic_index,3,1868.0,5.37,0.05642,0.005642,4.9831963234214784
656,406727.3738420745,3378981.7927185036,zonal_sum,288.8649706840515,0.0,0,0.0,poi_economic_index,3,1868.0,5.37,0.05642,0.005642,1.6297761645994187
657,406727.3738420745,3379481.7927185036,zonal_sum,1827.984766960144,2.0541237336955462,3,12.0,poi_economic_index,5,3613.0,10.38,0.06283,0.006283,11.485228290810586
658,406727.3738420745,3379981.7927185036,zonal_sum,2307.745204925537,2.5649493574615367,1,4.0,poi_economic_index,5,3613.0,10.38,0.06283,0.006283,14.499563122547151
659,406727.3738420745,3380481.7927185036,zonal_sum,2012.6278018951416,2.468099531471619,4,16.0,poi_economic_index,5,3613.0,10.38,0.06283,0.006283,12.645340479307176
660,406727.3738420745,3380981.7927185036,zonal_sum,3506.459310531616,2.8791984572980396,5,20.0,poi_economic_index,5,3613.0,10.38,0.06283,0.006283,22.031083848070146
661,406727.3738420745,3381481.7927185036,zonal_sum,735.1413004398346,0.0,0,0.0,poi_economic_index,3,1868.0,5.37,0.05642,0.005642,4.147667217081547
662,406727.3738420745,3381981.7927185036,zonal_sum,3274.376884460449,1.33500106673234,1,4.0,poi_economic_index,0,2799.0,8.04,0.05974,0.005974,19.561127507766724
663,406727.3738420745,3382481.7927185036,zonal_sum,2158.071708679199,0.0,0,0.0,poi_economic_index,3,1868.0,5.37,0.05642,0.005642,12.175840580368043
664,406727.3738420745,3382981.7927185036,zonal_sum,1272.0055718421936,0.0,0,0.0,poi_economic_index,3,1868.0,5.37,0.05642,0.005642,7.1766554363336565
665,406727.3738420745,3383481.7927185036,zonal_sum,1391.6149287223816,2.0541237336955462,2,8.0,poi_economic_index,0,2799.0,8.04,0.05974,0.005974,8.313507584187509
666,406727.3738420745,3383981.7927185036,zonal_sum,4649.219924926758,0.0,0,0.0,poi_economic_index,3,1868.0,5.37,0.05642,0.005642,26.23089881643677
667,406727.3738420745,3384481.7927185036,zonal_sum,2978.48166847229,0.0,0,0.0,poi_economic_index,3,1868.0,5.37,0.05642,0.005642,16.804593573520663
668,406727.3738420745,3384981.7927185036,zonal_sum,2159.6732864379883,0.0,0,0.0,poi_economic_index,3,1868.0,5.37,0.05642,0.005642,12.18487668208313
669,406727.3738420745,3385481.7927185036,zonal_sum,1961.8579177856445,1.33500106673234,1,4.0,poi_economic_index,0,2799.0,8.04,0.05974,0.005974,11.72013920085144
670,406727.3738420745,3385981.7927185036,zonal_sum,3143.646379470825,0.0,0,0.0,poi_economic_index,3,1868.0,5.37,0.05642,0.005642,17.736452872974397
671,406727.3738420745,3386481.7927185036,zonal_sum,3738.669725418091,2.468099531471619,3,12.0,poi_economic_index,5,3613.0,10.38,0.06283,0.006283,23.490061884801865
672,406727.3738420745,3386981.7927185036,zonal_sum,1533.918462753296,3.295836866004329,3,12.0,poi_economic_index,5,3613.0,10.38,0.06283,0.006283,9.637609701478958
673,406727.3738420745,3387481.7927185036,zonal_sum,1051.4595835208893,2.0541237336955462,2,8.0,poi_economic_index,0,2799.0,8.04,0.05974,0.005974,6.2814195519537925
674,406727.3738420745,3387981.7927185036,zonal_sum,3045.2454147338867,2.0541237336955462,2,8.0,poi_economic_index,0,2799.0,8.04,0.05974,0.005974,18.19229610762024
675,406727.3738420745,3388481.7927185036,zonal_sum,4967.804882049561,2.0014800002101243,2,8.0,poi_economic_index,0,2799.0,8.04,0.05974,0.005974,29.677666365364075
676,406727.3738420745,3388981.7927185036,zonal_sum,4700.8127365112305,1.9459101490553132,2,8.0,poi_economic_index,0,2799.0,8.04,0.05974,0.005974,28.08265528791809
677,406727.3738420745,3389481.7927185036,zonal_sum,6706.731727600098,3.520460802488973,9,36.0,poi_economic_index,2,4500.0,12.93,0.06638,0.006638,44.519285207809446
678,406727.3738420745,3389981.7927185036,zonal_sum,5726.005264282227,3.632309102625542,10,40.0,poi_economic_index,2,4500.0,12.93,0.06638,0.006638,38.00922294430542
679,406727.3738420745,3390481.7927185036,zonal_sum,6608.999008178711,3.5667118201397288,11,44.0,poi_economic_index,4,5605.0,16.11,0.07112,0.007112,47.00320094616699
680,406727.3738420745,3390981.7927185036,zonal_sum,6246.66471862793,2.681021528714291,4,16.0,poi_economic_index,5,3613.0,10.38,0.06283,0.006283,39.24779442713928
681,406727.3738420745,3391481.7927185036,zonal_sum,7469.947509765625,1.33500106673234,1,4.0,poi_economic_index,0,2799.0,8.04,0.05974,0.005974,44.625466423339844
682,406727.3738420745,3391981.7927185036,zonal_sum,2911.511724472046,2.3608540011180215,3,12.0,poi_economic_index,5,3613.0,10.38,0.06283,0.006283,18.293028164857866
683,406727.3738420745,3392481.7927185036,zonal_sum,1293.8771561533213,3.0252910757955354,7,28.0,poi_economic_index,2,4500.0,12.93,0.06638,0.006638,8.588756562545747
684,406727.3738420745,3392981.7927185036,zonal_sum,5790.353734970093,4.29592393562047,20,80.0,poi_economic_index,6,7236.0,20.79,0.07876,0.007876,45.60482601662444
685,406727.3738420745,3393481.7927185036,zonal_sum,7960.886947631836,3.5667118201397288,8,32.0,poi_economic_index,2,4500.0,12.93,0.06638,0.006638,52.84436755838013
686,406727.3738420745,3393981.7927185036,zonal_sum,9324.92586517334,3.4468078929142076,7,28.0,poi_economic_index,2,4500.0,12.93,0.06638,0.006638,61.898857893020626
687,406727.3738420745,3394481.7927185036,zonal_sum,7651.031379699707,4.23410650459726,15,60.0,poi_economic_index,4,5605.0,16.11,0.07112,0.007112,54.41413517242432
688,406727.3738420745,3394981.7927185036,zonal_sum,7576.957946777344,3.0633909220278057,7,28.0,poi_economic_index,2,4500.0,12.93,0.06638,0.006638,50.29584685070801
689,406727.3738420745,3395481.7927185036,zonal_sum,9375.762329101562,3.7796338173824005,7,28.0,poi_economic_index,2,4500.0,12.93,0.06638,0.006638,62.23631034057617
690,406727.3738420745,3395981.7927185036,zonal_sum,4907.731864929199,2.2823823856765264,3,12.0,poi_economic_index,5,3613.0,10.38,0.06283,0.006283,30.83527930735016
691,406727.3738420745,3396481.7927185036,zonal_sum,5350.976943969727,2.3978952727983707,4,16.0,poi_economic_index,5,3613.0,10.38,0.06283,0.006283,33.620188138961794
692,406727.3738420745,3396981.7927185036,zonal_sum,3702.1494674682617,3.367295829986474,9,36.0,poi_economic_index,2,4500.0,12.93,0.06638,0.006638,24.57486816505432
693,406727.3738420745,3397481.7927185036,zonal_sum,5192.019973754883,0.0,0,0.0,poi_economic_index,3,1868.0,5.37,0.05642,0.005642,29.29337669192505
694,406727.3738420745,3397981.7927185036,zonal_sum,2692.524260520935,1.7578579175523736,2,8.0,poi_economic_index,0,2799.0,8.04,0.05974,0.005974,16.085139932352067
695,406727.3738420745,3398481.7927185036,zonal_sum,3310.479574203491,3.742420221041966,8,32.0,poi_economic_index,2,4500.0,12.93,0.06638,0.006638,21.974963413562772
696,406727.3738420745,3398981.7927185036,zonal_sum,4625.354930877686,1.6094379124341003,1,4.0,poi_economic_index,0,2799.0,8.04,0.05974,0.005974,27.631870357063296
697,406727.3738420745,3399481.7927185036,zonal_sum,3025.5577754974365,2.2823823856765264,3,12.0,poi_economic_index,5,3613.0,10.38,0.06283,0.006283,19.009579503450396
698,406727.3738420745,3399981.7927185036,zonal_sum,4321.992259979248,3.0819099697950434,4,16.0,poi_economic_index,5,3613.0,10.38,0.06283,0.006283,27.155077369449618
699,406727.3738420745,3400481.7927185036,zonal_sum,3070.67427778244,1.0986122886681098,1,4.0,poi_economic_index,0,2799.0,8.04,0.05974,0.005974,18.344208135472297
700,406727.3738420745,3400981.7927185036,zonal_sum,1276.4055176377296,0.0,0,0.0,poi_economic_index,3,1868.0,5.37,0.05642,0.005642,7.201479930512071
701,406727.3738420745,3401481.7927185036,zonal_sum,1067.3344062566757,2.3978952727983707,1,4.0,poi_economic_index,5,3613.0,10.38,0.06283,0.006283,6.706062074510694
702,406727.3738420745,3401981.7927185036,zonal_sum,3235.029273033142,0.0,0,0.0,poi_economic_index,3,1868.0,5.37,0.05642,0.005642,18.252035158452987
703,406727.3738420745,3402481.7927185036,zonal_sum,4012.2044134140015,0.0,0,0.0,poi_economic_index,3,1868.0,5.37,0.05642,0.005642,22.636857300481797
704,406727.3738420745,3402981.7927185036,zonal_sum,4096.16828918457,0.0,0,0.0,poi_economic_index,3,1868.0,5.37,0.05642,0.005642,23.110581487579346
705,407227.3738420745,3367981.7927185036,zonal_sum,652.1230525374413,0.0,0,0.0,poi_economic_index,3,1868.0,5.37,0.05642,0.005642,3.679278262416244
706,407227.3738420745,3368481.7927185036,zonal_sum,524.8092101961374,0.0,0,0.0,poi_economic_index,3,1868.0,5.37,0.05642,0.005642,2.9609735639266077
707,407227.3738420745,3368981.7927185036,zonal_sum,302.6879681944847,0.0,0,0.0,poi_economic_index,3,1868.0,5.37,0.05642,0.005642,1.7077655165532828
708,407227.3738420745,3369481.7927185036,zonal_sum,98.32916736602783,0.0,0,0.0,poi_economic_index,3,1868.0,5.37,0.05642,0.005642,0.5547731622791291
709,407227.3738420745,3369981.7927185036,zonal_sum,66.87478855624795,0.0,0,0.0,poi_economic_index,3,1868.0,5.37,0.05642,0.005642,0.3773075570343509
710,407227.3738420745,3370481.7927185036,zonal_sum,394.01751974225044,0.0,0,0.0,poi_economic_index,3,1868.0,5.37,0.05642,0.005642,2.223046846385777
711,407227.3738420745,3370981.7927185036,zonal_sum,116.59168538451195,0.0,0,0.0,poi_economic_index,3,1868.0,5.37,0.05642,0.005642,0.6578102889394164
712,407227.3738420745,3371481.7927185036,zonal_sum,478.7222524881363,0.0,0,0.0,poi_economic_index,3,1868.0,5.37,0.05642,0.005642,2.700950948538065
713,407227.3738420745,3371981.7927185036,zonal_sum,688.4443862140179,0.0,0,0.0,poi_economic_index,3,1868.0,5.37,0.05642,0.005642,3.884203227019489
714,407227.3738420745,3372481.7927185036,zonal_sum,988.6793751949444,0.0,0,0.0,poi_economic_index,3,1868.0,5.37,0.05642,0.005642,5.578129034849876
715,407227.3738420745,3372981.7927185036,zonal_sum,1169.6857290267944,0.0,0,0.0,poi_economic_index,3,1868.0,5.37,0.05642,0.005642,6.599366883169175
716,407227.3738420745,3373481.7927185036,zonal_sum,1820.0333852767944,0.0,0,0.0,poi_economic_index,3,1868.0,5.37,0.05642,0.005642,10.268628359731675
717,407227.3738420745,3373981.7927185036,zonal_sum,655.7791423797607,0.0,0,0.0,poi_economic_index,3,1868.0,5.37,0.05642,0.005642,3.6999059213066103
718,407227.3738420745,3374481.7927185036,zonal_sum,993.2657112181187,0.0,0,0.0,poi_economic_index,3,1868.0,5.37,0.05642,0.005642,5.604005142692626
719,407227.3738420745,3374981.7927185036,zonal_sum,1663.7983493804932,0.0,0,0.0,poi_economic_index,3,1868.0,5.37,0.05642,0.005642,9.387150287204744
720,407227.3738420745,3375481.7927185036,zonal_sum,1733.9382591247559,0.0,0,0.0,poi_economic_index,3,1868.0,5.37,0.05642,0.005642,9.782879657981873
721,407227.3738420745,3375981.7927185036,zonal_sum,2681.0704758167267,0.0,0,0.0,poi_economic_index,3,1868.0,5.37,0.05642,0.005642,15.126599624557972
722,407227.3738420745,3376481.7927185036,zonal_sum,3453.550849914551,0.0,0,0.0,poi_economic_index,3,1868.0,5.37,0.05642,0.005642,19.484933895217896
723,407227.3738420745,3376981.7927185036,zonal_sum,2657.2420921325684,0.0,0,0.0,poi_economic_index,3,1868.0,5.37,0.05642,0.005642,14.99215988381195
724,407227.3738420745,3377481.7927185036,zonal_sum,4154.193355560303,3.589059118831725,10,40.0,poi_economic_index,2,4500.0,12.93,0.06638,0.006638,27.575535494209287
725,407227.3738420745,3377981.7927185036,zonal_sum,2409.2125692367554,0.0,0,0.0,poi_economic_index,3,1868.0,5.37,0.05642,0.005642,13.592777315633775
726,407227.3738420745,3378481.7927185036,zonal_sum,1130.0258512496948,0.0,0,0.0,poi_economic_index,3,1868.0,5.37,0.05642,0.005642,6.375605852750779
727,407227.3738420745,3378981.7927185036,zonal_sum,372.9948499202728,0.0,0,0.0,poi_economic_index,3,1868.0,5.37,0.05642,0.005642,2.1044369432501795
728,407227.3738420745,3379481.7927185036,zonal_sum,1951.488754272461,0.0,0,0.0,poi_economic_index,3,1868.0,5.37,0.05642,0.005642,11.010299551605225
729,407227.3738420745,3379981.7927185036,zonal_sum,2140.6990070343018,4.097672352314776,17,68.0,poi_economic_index,4,5605.0,16.11,0.07112,0.007112,15.224651338027954
730,407227.3738420745,3380481.7927185036,zonal_sum,4694.869152069092,3.0633909220278057,6,24.0,poi_economic_index,2,4500.0,12.93,0.06638,0.006638,31.164541431434632
731,407227.3738420745,3380981.7927185036,zonal_sum,5702.653202056885,3.742420221041966,10,40.0,poi_economic_index,2,4500.0,12.93,0.06638,0.006638,37.8542119552536
732,407227.3738420745,3381481.7927185036,zonal_sum,4495.764003753662,2.70805020110221,2,8.0,poi_economic_index,5,3613.0,10.38,0.06283,0.006283,28.246885235584262
733,407227.3738420745,3381981.7927185036,zonal_sum,2949.115222930908,0.0,0,0.0,poi_economic_index,3,1868.0,5.37,0.05642,0.005642,16.638908087776183
734,407227.3738420745,3382481.7927185036,zonal_sum,854.0657455325127,0.0,0,0.0,poi_economic_index,3,1868.0,5.37,0.05642,0.005642,4.818638936294437
735,407227.3738420745,3382981.7927185036,zonal_sum,478.0840387046337,1.33500106673234,1,4.0,poi_economic_index,0,2799.0,8.04,0.05974,0.005974,2.856074047221482
736,407227.3738420745,3383481.7927185036,zonal_sum,3024.882677078247,0.0,0,0.0,poi_economic_index,3,1868.0,5.37,0.05642,0.005642,17.066388064075472
737,407227.3738420745,3383981.7927185036,zonal_sum,3436.582103729248,3.4210000089583352,8,32.0,poi_economic_index,2,4500.0,12.93,0.06638,0.006638,22.812032004554748
738,407227.3738420745,3384481.7927185036,zonal_sum,3199.2085933685303,3.169685580677429,4,16.0,poi_economic_index,5,3613.0,10.38,0.06283,0.006283,20.100627592134476
739,407227.3738420745,3384981.7927185036,zonal_sum,2428.5472297668457,3.339321977944068,6,24.0,poi_economic_index,2,4500.0,12.93,0.06638,0.006638,16.12069651119232
740,407227.3738420745,3385481.7927185036,zonal_sum,3785.0541038513184,2.5649493574615367,2,8.0,poi_economic_index,5,3613.0,10.38,0.06283,0.006283,23.781494934497836
741,407227.3738420745,3385981.7927185036,zonal_sum,2981.2074451446533,2.760009940032921,4,16.0,poi_economic_index,5,3613.0,10.38,0.06283,0.006283,18.730926377843858
742,407227.3738420745,3386481.7927185036,zonal_sum,3061.2779693603516,1.33500106673234,1,4.0,poi_economic_index,0,2799.0,8.04,0.05974,0.005974,18.28807458895874
743,407227.3738420745,3386981.7927185036,zonal_sum,3110.802990913391,1.33500106673234,1,4.0,poi_economic_index,0,2799.0,8.04,0.05974,0.005974,18.583937067716597
744,407227.3738420745,3387481.7927185036,zonal_sum,1051.702581167221,0.0,0,0.0,poi_economic_index,3,1868.0,5.37,0.05642,0.005642,5.933705962945462
745,407227.3738420745,3387981.7927185036,zonal_sum,4595.786897659302,0.0,0,0.0,poi_economic_index,3,1868.0,5.37,0.05642,0.005642,25.92942967659378
746,407227.3738420745,3388481.7927185036,zonal_sum,5861.509071350098,3.9396381724611196,8,32.0,poi_economic_index,2,4500.0,12.93,0.06638,0.006638,38.90869721562195
747,407227.3738420745,3388981.7927185036,zonal_sum,6163.0214920043945,1.8870696490323797,2,8.0,poi_economic_index,0,2799.0,8.04,0.05974,0.005974,36.81789039323425
748,407227.3738420745,3389481.7927185036,zonal_sum,4004.6740341186523,4.257030144499196,14,56.0,poi_economic_index,4,5605.0,16.11,0.07112,0.007112,28.481241730651856
749,407227.3738420745,3389981.7927185036,zonal_sum,5558.9536056518555,2.760009940032921,3,12.0,poi_economic_index,5,3613.0,10.38,0.06283,0.006283,34.92690550431061
750,407227.3738420745,3390481.7927185036,zonal_sum,6868.7412109375,3.1354942159291497,4,16.0,poi_economic_index,5,3613.0,10.38,0.06283,0.006283,43.156301028320314
751,407227.3738420745,3390981.7927185036,zonal_sum,6036.538726806641,1.9459101490553132,2,8.0,poi_economic_index,0,2799.0,8.04,0.05974,0.005974,36.06228235394287
752,407227.3738420745,3391481.7927185036,zonal_sum,7372.699813842773,2.5649493574615367,1,4.0,poi_economic_index,5,3613.0,10.38,0.06283,0.006283,46.32267293037415
753,407227.3738420745,3391981.7927185036,zonal_sum,4664.533338546753,0.0,0,0.0,poi_economic_index,3,1868.0,5.37,0.05642,0.005642,26.317297096080782
754,407227.3738420745,3392481.7927185036,zonal_sum,4059.4806022644043,3.152736022363656,6,24.0,poi_economic_index,2,4500.0,12.93,0.06638,0.006638,26.946832237831114
755,407227.3738420745,3392981.7927185036,zonal_sum,6491.764179229736,3.7232808808312687,13,52.0,poi_economic_index,4,5605.0,16.11,0.07112,0.007112,46.16942684268189
756,407227.3738420745,3393481.7927185036,zonal_sum,7001.652984619141,3.6635616461296463,9,36.0,poi_economic_index,2,4500.0,12.93,0.06638,0.006638,46.476972511901856
757,407227.3738420745,3393981.7927185036,zonal_sum,7286.821517944336,3.770459441106359,12,48.0,poi_economic_index,4,5605.0,16.11,0.07112,0.007112,51.82387463562012
758,407227.3738420745,3394481.7927185036,zonal_sum,5859.457824707031,3.9852734671677386,12,48.0,poi_economic_index,4,5605.0,16.11,0.07112,0.007112,41.67246404931641
759,407227.3738420745,3394981.7927185036,zonal_sum,7043.169830322266,3.407841924380824,8,32.0,poi_economic_index,2,4500.0,12.93,0.06638,0.006638,46.752561333679196
760,407227.3738420745,3395481.7927185036,zonal_sum,7579.552459716797,3.86702563949741,13,52.0,poi_economic_index,4,5605.0,16.11,0.07112,0.007112,53.90577709350586
761,407227.3738420745,3395981.7927185036,zonal_sum,6103.422470092773,3.280911215787653,10,40.0,poi_economic_index,2,4500.0,12.93,0.06638,0.006638,40.514518356475826
762,407227.3738420745,3396481.7927185036,zonal_sum,6139.391868591309,3.8416005411316,12,48.0,poi_economic_index,4,5605.0,16.11,0.07112,0.007112,43.66335496942139
763,407227.3738420745,3396981.7927185036,zonal_sum,4908.1511306762695,4.104294893075269,13,52.0,poi_economic_index,4,5605.0,16.11,0.07112,0.007112,34.90677084136963
764,407227.3738420745,3397481.7927185036,zonal_sum,6557.847412109375,3.5667118201397288,12,48.0,poi_economic_index,4,5605.0,16.11,0.07112,0.007112,46.63941079492188
765,407227.3738420745,3397981.7927185036,zonal_sum,4084.473286628723,2.9652730660692823,7,28.0,poi_economic_index,2,4500.0,12.93,0.06638,0.006638,27.112733676641465
766,407227.3738420745,3398481.7927185036,zonal_sum,3187.4641494750977,3.0252910757955354,7,28.0,poi_economic_index,2,4500.0,12.93,0.06638,0.006638,21.1583870242157
767,407227.3738420745,3398981.7927185036,zonal_sum,2293.8977518081665,4.136765278106052,11,44.0,poi_economic_index,4,5605.0,16.11,0.07112,0.007112,16.31420081085968
768,407227.3738420745,3399481.7927185036,zonal_sum,2409.1863020062447,1.33500106673234,1,4.0,poi_economic_index,0,2799.0,8.04,0.05974,0.005974,14.392478968185307
769,407227.3738420745,3399981.7927185036,zonal_sum,2946.612633705139,0.0,0,0.0,poi_economic_index,3,1868.0,5.37,0.05642,0.005642,16.624788479364398
770,407227.3738420745,3400481.7927185036,zonal_sum,2477.31729221344,0.0,0,0.0,poi_economic_index,3,1868.0,5.37,0.05642,0.005642,13.97702416266823
771,407227.3738420745,3400981.7927185036,zonal_sum,2407.584261894226,1.33500106673234,1,4.0,poi_economic_index,0,2799.0,8.04,0.05974,0.005974,14.382908380556106
772,407227.3738420745,3401481.7927185036,zonal_sum,3036.3375282287598,0.0,0,0.0,poi_economic_index,3,1868.0,5.37,0.05642,0.005642,17.131016334266665
773,407227.3738420745,3401981.7927185036,zonal_sum,3420.1142349243164,0.0,0,0.0,poi_economic_index,3,1868.0,5.37,0.05642,0.005642,19.296284513442995
774,407227.3738420745,3402481.7927185036,zonal_sum,5125.828121185303,0.0,0,0.0,poi_economic_index,3,1868.0,5.37,0.05642,0.005642,28.91992225972748
775,407227.3738420745,3402981.7927185036,zonal_sum,2997.9424591064453,0.0,0,0.0,poi_economic_index,3,1868.0,5.37,0.05642,0.005642,16.914391354278564
776,407727.3738420745,3367981.7927185036,zonal_sum,1012.8415112495422,0.0,0,0.0,poi_economic_index,3,1868.0,5.37,0.05642,0.005642,5.714451806469918
777,407727.3738420745,3368481.7927185036,zonal_sum,392.9481419995427,0.0,0,0.0,poi_economic_index,3,1868.0,5.37,0.05642,0.005642,2.21701341716142
778,407727.3738420745,3368981.7927185036,zonal_sum,305.0958819501102,0.0,0,0.0,poi_economic_index,3,1868.0,5.37,0.05642,0.005642,1.721350965962522
779,407727.3738420745,3369481.7927185036,zonal_sum,162.3686003126204,0.0,0,0.0,poi_economic_index,3,1868.0,5.37,0.05642,0.005642,0.9160836429638044
780,407727.3738420745,3369981.7927185036,zonal_sum,440.86386657878757,0.0,0,0.0,poi_economic_index,3,1868.0,5.37,0.05642,0.005642,2.4873539352375196
781,407727.3738420745,3370481.7927185036,zonal_sum,222.13721746951342,0.0,0,0.0,poi_economic_index,3,1868.0,5.37,0.05642,0.005642,1.2532981809629948
782,407727.3738420745,3370981.7927185036,zonal_sum,291.70215295255184,0.0,0,0.0,poi_economic_index,3,1868.0,5.37,0.05642,0.005642,1.6457835469582975
783,407727.3738420745,3371481.7927185036,zonal_sum,332.30373668670654,0.0,0,0.0,poi_economic_index,3,1868.0,5.37,0.05642,0.005642,1.8748576823863985
784,407727.3738420745,3371981.7927185036,zonal_sum,1178.5733261108398,0.0,0,0.0,poi_economic_index,3,1868.0,5.37,0.05642,0.005642,6.649510705917359
785,407727.3738420745,3372481.7927185036,zonal_sum,1346.4711465835571,0.0,0,0.0,poi_economic_index,3,1868.0,5.37,0.05642,0.005642,7.59679020902443
786,407727.3738420745,3372981.7927185036,zonal_sum,731.0557899475098,0.0,0,0.0,poi_economic_index,3,1868.0,5.37,0.05642,0.005642,4.12461676688385
787,407727.3738420745,3373481.7927185036,zonal_sum,1440.80073595047,0.0,0,0.0,poi_economic_index,3,1868.0,5.37,0.05642,0.005642,8.128997752232552
788,407727.3738420745,3373981.7927185036,zonal_sum,569.5018444359303,0.0,0,0.0,poi_economic_index,3,1868.0,5.37,0.05642,0.005642,3.2131294063075186
789,407727.3738420745,3374481.7927185036,zonal_sum,3260.7110920250416,2.468099531471619,3,12.0,poi_economic_index,5,3613.0,10.38,0.06283,0.006283,20.487047791193337
790,407727.3738420745,3374981.7927185036,zonal_sum,2925.479153215885,1.2237754316221157,1,4.0,poi_economic_index,0,2799.0,8.04,0.05974,0.005974,17.4768124613117
791,407727.3738420745,3375481.7927185036,zonal_sum,2125.7060940265656,0.0,0,0.0,poi_economic_index,3,1868.0,5.37,0.05642,0.005642,11.993233782497883
792,407727.3738420745,3375981.7927185036,zonal_sum,3807.950410604477,1.6094379124341003,1,4.0,poi_economic_index,0,2799.0,8.04,0.05974,0.005974,22.748695752951146
793,407727.3738420745,3376481.7927185036,zonal_sum,4323.173873901367,2.8094026953624978,3,12.0,poi_economic_index,5,3613.0,10.38,0.06283,0.006283,27.162501449722292
794,407727.3738420745,3376981.7927185036,zonal_sum,4908.208381652832,0.0,0,0.0,poi_economic_index,3,1868.0,5.37,0.05642,0.005642,27.69211168928528
795,407727.3738420745,3377481.7927185036,zonal_sum,4101.847789764404,3.3250360206965914,5,20.0,poi_economic_index,2,4500.0,12.93,0.06638,0.006638,27.228065628456115
796,407727.3738420745,3377981.7927185036,zonal_sum,1488.5360556840897,2.5649493574615367,3,12.0,poi_economic_index,5,3613.0,10.38,0.06283,0.006283,9.352472037863135
797,407727.3738420745,3378481.7927185036,zonal_sum,196.69276276230812,0.0,0,0.0,poi_economic_index,3,1868.0,5.37,0.05642,0.005642,1.1097405675049425
798,407727.3738420745,3378981.7927185036,zonal_sum,151.18933391571045,0.0,0,0.0,poi_economic_index,3,1868.0,5.37,0.05642,0.005642,0.8530102219524384
799,407727.3738420745,3379481.7927185036,zonal_sum,2545.3769340515137,1.33500106673234,1,4.0,poi_economic_index,0,2799.0,8.04,0.05974,0.005974,15.206081804023743
800,407727.3738420745,3379981.7927185036,zonal_sum,2563.526114463806,3.6635616461296463,9,36.0,poi_economic_index,2,4500.0,12.93,0.06638,0.006638,17.016686347810744
801,407727.3738420745,3380481.7927185036,zonal_sum,3471.176730155945,0.0,0,0.0,poi_economic_index,3,1868.0,5.37,0.05642,0.005642,19.584379111539842
802,407727.3738420745,3380981.7927185036,zonal_sum,4010.041816711426,3.0252910757955354,6,24.0,poi_economic_index,2,4500.0,12.93,0.06638,0.006638,26.618657579330442
803,407727.3738420745,3381481.7927185036,zonal_sum,2997.880060195923,2.760009940032921,2,8.0,poi_economic_index,5,3613.0,10.38,0.06283,0.006283,18.835680418210984
804,407727.3738420745,3381981.7927185036,zonal_sum,1963.764165878296,2.5649493574615367,4,16.0,poi_economic_index,5,3613.0,10.38,0.06283,0.006283,12.338330254213334
805,407727.3738420745,3382481.7927185036,zonal_sum,629.8271582610905,2.3978952727983707,1,4.0,poi_economic_index,5,3613.0,10.38,0.06283,0.006283,3.9572040353544318
806,407727.3738420745,3382981.7927185036,zonal_sum,459.8126669675112,0.0,0,0.0,poi_economic_index,3,1868.0,5.37,0.05642,0.005642,2.594263067030698
807,407727.3738420745,3383481.7927185036,zonal_sum,2781.7771606445312,2.240709689275958,3,12.0,poi_economic_index,5,3613.0,10.38,0.06283,0.006283,17.477905900329592
808,407727.3738420745,3383981.7927185036,zonal_sum,1781.932349205017,0.0,0,0.0,poi_economic_index,3,1868.0,5.37,0.05642,0.005642,10.053662314214707
809,407727.3738420745,3384481.7927185036,zonal_sum,3883.9855461120605,0.0,0,0.0,poi_economic_index,3,1868.0,5.37,0.05642,0.005642,21.913446451164248
810,407727.3738420745,3384981.7927185036,zonal_sum,4487.940116882324,3.4468078929142076,6,24.0,poi_economic_index,2,4500.0,12.93,0.06638,0.006638,29.790946495864866
811,407727.3738420745,3385481.7927185036,zonal_sum,3817.685464322567,3.4210000089583352,5,20.0,poi_economic_index,2,4500.0,12.93,0.06638,0.006638,25.3417961121732
812,407727.3738420745,3385981.7927185036,zonal_sum,3697.2623767852783,3.543853682063679,10,40.0,poi_economic_index,2,4500.0,12.93,0.06638,0.006638,24.542427657100678
813,407727.3738420745,3386481.7927185036,zonal_sum,5834.770580291748,4.110873864173311,14,56.0,poi_economic_index,4,5605.0,16.11,0.07112,0.007112,41.49688836703491
814,407727.3738420745,3386981.7927185036,zonal_sum,4949.79801940918,3.0633909220278057,5,20.0,poi_economic_index,5,3613.0,10.38,0.06283,0.006283,31.09958095594788
815,407727.3738420745,3387481.7927185036,zonal_sum,3798.985376358032,0.0,0,0.0,poi_economic_index,3,1868.0,5.37,0.05642,0.005642,21.433875493412017
816,407727.3738420745,3387981.7927185036,zonal_sum,5235.049694061279,0.0,0,0.0,poi_economic_index,3,1868.0,5.37,0.05642,0.005642,29.53615037389374
817,407727.3738420745,3388481.7927185036,zonal_sum,5503.524078369141,4.841032509710076,14,56.0,poi_economic_index,4,5605.0,16.11,0.07112,0.007112,39.14106324536133
818,407727.3738420745,3388981.7927185036,zonal_sum,6898.519790649414,3.4339872044851463,3,12.0,poi_economic_index,5,3613.0,10.38,0.06283,0.006283,43.34339984465027
819,407727.3738420745,3389481.7927185036,zonal_sum,6837.035736083984,2.9652730660692823,6,24.0,poi_economic_index,2,4500.0,12.93,0.06638,0.006638,45.38424321612548
820,407727.3738420745,3389981.7927185036,zonal_sum,6505.469287872314,4.123903364463645,12,48.0,poi_economic_index,4,5605.0,16.11,0.07112,0.007112,46.266897575347905
821,407727.3738420745,3390481.7927185036,zonal_sum,8489.489028930664,3.353406717825807,7,28.0,poi_economic_index,2,4500.0,12.93,0.06638,0.006638,56.353228174041746
822,407727.3738420745,3390981.7927185036,zonal_sum,7009.048049926758,3.407841924380824,4,16.0,poi_economic_index,5,3613.0,10.38,0.06283,0.006283,44.03784889768982
823,407727.3738420745,3391481.7927185036,zonal_sum,7608.862075805664,2.856470206220483,4,16.0,poi_economic_index,5,3613.0,10.38,0.06283,0.006283,47.80648042228699
824,407727.3738420745,3391981.7927185036,zonal_sum,5871.268720626831,3.6938669956249757,9,36.0,poi_economic_index,2,4500.0,12.93,0.06638,0.006638,38.9734817675209
825,407727.3738420745,3392481.7927185036,zonal_sum,3751.843659758568,4.198704577546343,16,64.0,poi_economic_index,4,5605.0,16.11,0.07112,0.007112,26.683112108202934
826,407727.3738420745,3392981.7927185036,zonal_sum,7212.937698364258,4.399375273008495,15,60.0,poi_economic_index,4,5605.0,16.11,0.07112,0.007112,51.2984129107666
827,407727.3738420745,3393481.7927185036,zonal_sum,6047.281921386719,4.056988775678332,13,52.0,poi_economic_index,4,5605.0,16.11,0.07112,0.007112,43.00826902490235
828,407727.3738420745,3393981.7927185036,zonal_sum,7063.476150512695,3.4719664525503626,8,32.0,poi_economic_index,2,4500.0,12.93,0.06638,0.006638,46.88735468710327
829,407727.3738420745,3394481.7927185036,zonal_sum,5591.18440246582,4.523960130562548,22,88.0,poi_economic_index,6,7236.0,20.79,0.07876,0.007876,44.0361683538208
830,407727.3738420745,3394981.7927185036,zonal_sum,7456.588897705078,2.9652730660692823,7,28.0,poi_economic_index,2,4500.0,12.93,0.06638,0.006638,49.49683710296631
831,407727.3738420745,3395481.7927185036,zonal_sum,6904.886764526367,3.8066624897703196,14,56.0,poi_economic_index,4,5605.0,16.11,0.07112,0.007112,49.107554669311526
832,407727.3738420745,3395981.7927185036,zonal_sum,5493.069728851318,4.021773869387265,14,56.0,poi_economic_index,4,5605.0,16.11,0.07112,0.007112,39.06671191159058
833,407727.3738420745,3396481.7927185036,zonal_sum,8563.330307006836,3.6216707044204863,14,56.0,poi_economic_index,4,5605.0,16.11,0.07112,0.007112,60.90240514343262
834,407727.3738420745,3396981.7927185036,zonal_sum,6343.643951416016,4.343805421853684,17,68.0,poi_economic_index,4,5605.0,16.11,0.07112,0.007112,45.115995782470705
835,407727.3738420745,3397481.7927185036,zonal_sum,7124.071098327637,4.014579593753238,16,64.0,poi_economic_index,4,5605.0,16.11,0.07112,0.007112,50.66639365130615
836,407727.3738420745,3397981.7927185036,zonal_sum,6333.3349609375,3.484312288372662,8,32.0,poi_economic_index,2,4500.0,12.93,0.06638,0.006638,42.04067747070312
837,407727.3738420745,3398481.7927185036,zonal_sum,7152.091979980469,3.883623530906448,17,68.0,poi_economic_index,4,5605.0,16.11,0.07112,0.007112,50.8656781616211
838,407727.3738420745,3398981.7927185036,zonal_sum,4834.797716140747,3.7612001156935624,14,56.0,poi_economic_index,4,5605.0,16.11,0.07112,0.007112,34.385081357192995
839,407727.3738420745,3399481.7927185036,zonal_sum,1999.7572494745255,0.0,0,0.0,poi_economic_index,3,1868.0,5.37,0.05642,0.005642,11.282630401535274
840,407727.3738420745,3399981.7927185036,zonal_sum,2883.762143611908,1.33500106673234,1,4.0,poi_economic_index,0,2799.0,8.04,0.05974,0.005974,17.227595045937537
841,407727.3738420745,3400481.7927185036,zonal_sum,1021.817685842514,0.0,0,0.0,poi_economic_index,3,1868.0,5.37,0.05642,0.005642,5.765095383523464
842,407727.3738420745,3400981.7927185036,zonal_sum,1506.6678686141968,0.0,0,0.0,poi_economic_index,3,1868.0,5.37,0.05642,0.005642,8.500620114721299
843,407727.3738420745,3401481.7927185036,zonal_sum,2286.468403816223,0.0,0,0.0,poi_economic_index,3,1868.0,5.37,0.05642,0.005642,12.900254734331131
844,407727.3738420745,3401981.7927185036,zonal_sum,2998.5632514953613,0.0,0,0.0,poi_economic_index,3,1868.0,5.37,0.05642,0.005642,16.91789386493683
845,407727.3738420745,3402481.7927185036,zonal_sum,4743.3936767578125,0.0,0,0.0,poi_economic_index,3,1868.0,5.37,0.05642,0.005642,26.76222712426758
846,407727.3738420745,3402981.7927185036,zonal_sum,2972.097225189209,0.0,0,0.0,poi_economic_index,3,1868.0,5.37,0.05642,0.005642,16.768572544517518
847,408227.3738420745,3367981.7927185036,zonal_sum,1320.8471685796976,0.0,0,0.0,poi_economic_index,3,1868.0,5.37,0.05642,0.005642,7.452219725126654
848,408227.3738420745,3368481.7927185036,zonal_sum,655.1924920082092,0.0,0,0.0,poi_economic_index,3,1868.0,5.37,0.05642,0.005642,3.696596039910317
849,408227.3738420745,3368981.7927185036,zonal_sum,959.4596109390259,0.0,0,0.0,poi_economic_index,3,1868.0,5.37,0.05642,0.005642,5.413271124917984
850,408227.3738420745,3369481.7927185036,zonal_sum,547.6252846717834,0.0,0,0.0,poi_economic_index,3,1868.0,5.37,0.05642,0.005642,3.0897018561182024
851,408227.3738420745,3369981.7927185036,zonal_sum,1054.0316977500916,0.0,0,0.0,poi_economic_index,3,1868.0,5.37,0.05642,0.005642,5.9468468387060165
852,408227.3738420745,3370481.7927185036,zonal_sum,214.30036766827106,0.0,0,0.0,poi_economic_index,3,1868.0,5.37,0.05642,0.005642,1.2090826743843854
853,408227.3738420745,3370981.7927185036,zonal_sum,60.40517731383443,1.33500106673234,1,4.0,poi_economic_index,0,2799.0,8.04,0.05974,0.005974,0.3608605292728469
854,408227.3738420745,3371481.7927185036,zonal_sum,73.18163902312517,0.0,0,0.0,poi_economic_index,3,1868.0,5.37,0.05642,0.005642,0.4128908073684722
855,408227.3738420745,3371981.7927185036,zonal_sum,339.17626136541367,0.0,0,0.0,poi_economic_index,3,1868.0,5.37,0.05642,0.005642,1.913632466623664
856,408227.3738420745,3372481.7927185036,zonal_sum,449.78871427476406,0.0,0,0.0,poi_economic_index,3,1868.0,5.37,0.05642,0.005642,2.537707925938219
857,408227.3738420745,3372981.7927185036,zonal_sum,525.178005695343,0.0,0,0.0,poi_economic_index,3,1868.0,5.37,0.05642,0.005642,2.9630543081331253
858,408227.3738420745,3373481.7927185036,zonal_sum,3102.075216293335,0.0,0,0.0,poi_economic_index,3,1868.0,5.37,0.05642,0.005642,17.501908370326998
859,408227.3738420745,3373981.7927185036,zonal_sum,636.8961333334446,0.0,0,0.0,poi_economic_index,3,1868.0,5.37,0.05642,0.005642,3.5933679842672945
860,408227.3738420745,3374481.7927185036,zonal_sum,2123.787721604109,2.0541237336955462,2,8.0,poi_economic_index,0,2799.0,8.04,0.05974,0.005974,12.687507848862946
861,408227.3738420745,3374981.7927185036,zonal_sum,1390.6247894912958,3.0633909220278057,7,28.0,poi_economic_index,2,4500.0,12.93,0.06638,0.006638,9.230967352643221
862,408227.3738420745,3375481.7927185036,zonal_sum,2579.995009690523,1.8870696490323797,2,8.0,poi_economic_index,0,2799.0,8.04,0.05974,0.005974,15.412890187891186
863,408227.3738420745,3375981.7927185036,zonal_sum,7652.563903808594,1.33500106673234,1,4.0,poi_economic_index,0,2799.0,8.04,0.05974,0.005974,45.71641676135254
864,408227.3738420745,3376481.7927185036,zonal_sum,6205.906631469727,0.0,0,0.0,poi_economic_index,3,1868.0,5.37,0.05642,0.005642,35.0137252147522
865,408227.3738420745,3376981.7927185036,zonal_sum,7219.5819091796875,2.9652730660692823,6,24.0,poi_economic_index,2,4500.0,12.93,0.06638,0.006638,47.923584713134765
866,408227.3738420745,3377481.7927185036,zonal_sum,5498.815124511719,0.0,0,0.0,poi_economic_index,3,1868.0,5.37,0.05642,0.005642,31.02431493249512
867,408227.3738420745,3377981.7927185036,zonal_sum,4053.9465589523315,1.33500106673234,1,4.0,poi_economic_index,0,2799.0,8.04,0.05974,0.005974,24.218276743181228
868,408227.3738420745,3378481.7927185036,zonal_sum,3869.7201013565063,0.0,0,0.0,poi_economic_index,3,1868.0,5.37,0.05642,0.005642,21.83296081185341
869,408227.3738420745,3378981.7927185036,zonal_sum,1199.2020809650421,0.0,0,0.0,poi_economic_index,3,1868.0,5.37,0.05642,0.005642,6.765898140804768
870,408227.3738420745,3379481.7927185036,zonal_sum,4052.4198427200317,2.3978952727983707,3,12.0,poi_economic_index,5,3613.0,10.38,0.06283,0.006283,25.461353871809962
871,408227.3738420745,3379981.7927185036,zonal_sum,3095.1634855270386,2.833213344056216,3,12.0,poi_economic_index,5,3613.0,10.38,0.06283,0.006283,19.446912179566386
872,408227.3738420745,3380481.7927185036,zonal_sum,4222.182052612305,4.279440045898781,15,60.0,poi_economic_index,4,5605.0,16.11,0.07112,0.007112,30.028158758178712
873,408227.3738420745,3380981.7927185036,zonal_sum,4735.156074523926,2.0541237336955462,3,12.0,poi_economic_index,5,3613.0,10.38,0.06283,0.006283,29.750985616233827
874,408227.3738420745,3381481.7927185036,zonal_sum,1564.2073221206665,2.760009940032921,2,8.0,poi_economic_index,5,3613.0,10.38,0.06283,0.006283,9.827914604884148
875,408227.3738420745,3381981.7927185036,zonal_sum,2460.102270126343,1.33500106673234,1,4.0,poi_economic_index,0,2799.0,8.04,0.05974,0.005974,14.696650961734772
876,408227.3738420745,3382481.7927185036,zonal_sum,496.04784048348665,0.0,0,0.0,poi_economic_index,3,1868.0,5.37,0.05642,0.005642,2.7987019160078317
877,408227.3738420745,3382981.7927185036,zonal_sum,894.782015459612,0.0,0,0.0,poi_economic_index,3,1868.0,5.37,0.05642,0.005642,5.048360131223132
878,408227.3738420745,3383481.7927185036,zonal_sum,3703.981201171875,0.0,0,0.0,poi_economic_index,3,1868.0,5.37,0.05642,0.005642,20.89786193701172
879,408227.3738420745,3383981.7927185036,zonal_sum,2241.7199306488037,2.0541237336955462,2,8.0,poi_economic_index,0,2799.0,8.04,0.05974,0.005974,13.392034865695953
880,408227.3738420745,3384481.7927185036,zonal_sum,2856.468222618103,3.5553480614894135,7,28.0,poi_economic_index,2,4500.0,12.93,0.06638,0.006638,18.96123606173897
881,408227.3738420745,3384981.7927185036,zonal_sum,3553.868667602539,1.8245492920510458,2,8.0,poi_economic_index,0,2799.0,8.04,0.05974,0.005974,21.23081142025757
882,408227.3738420745,3385481.7927185036,zonal_sum,3401.946334838867,2.1972245773362196,1,4.0,poi_economic_index,0,2799.0,8.04,0.05974,0.005974,20.323227404327394
883,408227.3738420745,3385981.7927185036,zonal_sum,1627.2023754119873,2.468099531471619,2,8.0,poi_economic_index,5,3613.0,10.38,0.06283,0.006283,10.223712524713516
884,408227.3738420745,3386481.7927185036,zonal_sum,4883.589504241943,2.2823823856765264,3,12.0,poi_economic_index,5,3613.0,10.38,0.06283,0.006283,30.68359285515213
885,408227.3738420745,3386981.7927185036,zonal_sum,2723.640573501587,2.0014800002101243,2,8.0,poi_economic_index,0,2799.0,8.04,0.05974,0.005974,16.27102878609848
886,408227.3738420745,3387481.7927185036,zonal_sum,5439.5155029296875,2.653241964607215,4,16.0,poi_economic_index,5,3613.0,10.38,0.06283,0.006283,34.17647590490723
887,408227.3738420745,3387981.7927185036,zonal_sum,6990.828273773193,3.186352633162641,5,20.0,poi_economic_index,2,4500.0,12.93,0.06638,0.006638,46.405118081306455
888,408227.3738420745,3388481.7927185036,zonal_sum,4894.465648651123,4.123903364463645,8,32.0,poi_economic_index,2,4500.0,12.93,0.06638,0.006638,32.48946297574616
889,408227.3738420745,3388981.7927185036,zonal_sum,6541.041484832764,2.3978952727983707,1,4.0,poi_economic_index,5,3613.0,10.38,0.06283,0.006283,41.097363649204254
890,408227.3738420745,3389481.7927185036,zonal_sum,4979.161865234375,3.005682604407159,4,16.0,poi_economic_index,5,3613.0,10.38,0.06283,0.006283,31.28407399926758
891,408227.3738420745,3389981.7927185036,zonal_sum,4688.5056076049805,3.520460802488973,8,32.0,poi_economic_index,2,4500.0,12.93,0.06638,0.006638,31.122300223281858
892,408227.3738420745,3390481.7927185036,zonal_sum,6778.461372375488,4.014579593753238,12,48.0,poi_economic_index,4,5605.0,16.11,0.07112,0.007112,48.20841728033447
893,408227.3738420745,3390981.7927185036,zonal_sum,3839.2847957611084,3.520460802488973,10,40.0,poi_economic_index,2,4500.0,12.93,0.06638,0.006638,25.485172474262235
894,408227.3738420745,3391481.7927185036,zonal_sum,6036.330791473389,2.1972245773362196,1,4.0,poi_economic_index,0,2799.0,8.04,0.05974,0.005974,36.06104014826202
895,408227.3738420745,3391981.7927185036,zonal_sum,5838.491518974304,2.879198457298039,6,24.0,poi_economic_index,2,4500.0,12.93,0.06638,0.006638,38.75590670295143
896,408227.3738420745,3392481.7927185036,zonal_sum,5156.208542585373,4.312140507209715,22,88.0,poi_economic_index,6,7236.0,20.79,0.07876,0.007876,40.610298481402396
897,408227.3738420745,3392981.7927185036,zonal_sum,7213.842193603516,4.638604962074329,24,96.0,poi_economic_index,6,7236.0,20.79,0.07876,0.007876,56.81622111682128
898,408227.3738420745,3393481.7927185036,zonal_sum,6175.847717285156,3.2347491740244907,10,40.0,poi_economic_index,2,4500.0,12.93,0.06638,0.006638,40.99527714733887
899,408227.3738420745,3393981.7927185036,zonal_sum,6588.298515319824,3.2809112157876537,4,16.0,poi_economic_index,5,3613.0,10.38,0.06283,0.006283,41.39427957175446
900,408227.3738420745,3394481.7927185036,zonal_sum,5855.3111572265625,4.442651256490317,18,72.0,poi_economic_index,4,5605.0,16.11,0.07112,0.007112,41.642972950195315
901,408227.3738420745,3394981.7927185036,zonal_sum,6086.105827331543,4.155753190350744,16,64.0,poi_economic_index,4,5605.0,16.11,0.07112,0.007112,43.28438464398194
902,408227.3738420745,3395481.7927185036,zonal_sum,6057.372528076172,3.703768066607687,14,56.0,poi_economic_index,4,5605.0,16.11,0.07112,0.007112,43.08003341967773
903,408227.3738420745,3395981.7927185036,zonal_sum,5970.368179321289,4.574710978503383,28,112.0,poi_economic_index,6,7236.0,20.79,0.07876,0.007876,47.022619780334466
904,408227.3738420745,3396481.7927185036,zonal_sum,7042.03200340271,4.69866052907543,31,124.0,poi_economic_index,6,7236.0,20.79,0.07876,0.007876,55.46304405879974
905,408227.3738420745,3396981.7927185036,zonal_sum,6191.888137817383,4.28496492183075,23,92.0,poi_economic_index,6,7236.0,20.79,0.07876,0.007876,48.7673109734497
906,408227.3738420745,3397481.7927185036,zonal_sum,5055.831820487976,3.86702563949741,14,56.0,poi_economic_index,4,5605.0,16.11,0.07112,0.007112,35.95707590731049
907,408227.3738420745,3397981.7927185036,zonal_sum,5932.869491577148,3.520460802488973,9,36.0,poi_economic_index,2,4500.0,12.93,0.06638,0.006638,39.38238768508911
908,408227.3738420745,3398481.7927185036,zonal_sum,6977.083236694336,1.33500106673234,1,4.0,poi_economic_index,0,2799.0,8.04,0.05974,0.005974,41.681095256011965
909,408227.3738420745,3398981.7927185036,zonal_sum,6928.170471191406,3.367295829986474,8,32.0,poi_economic_index,2,4500.0,12.93,0.06638,0.006638,45.989195587768556
910,408227.3738420745,3399481.7927185036,zonal_sum,1111.5396529436111,1.33500106673234,1,4.0,poi_economic_index,0,2799.0,8.04,0.05974,0.005974,6.640337886685133
911,408227.3738420745,3399981.7927185036,zonal_sum,3847.5375080108643,0.0,0,0.0,poi_economic_index,3,1868.0,5.37,0.05642,0.005642,21.707806620197296
912,408227.3738420745,3400481.7927185036,zonal_sum,3027.8968238830566,0.0,0,0.0,poi_economic_index,3,1868.0,5.37,0.05642,0.005642,17.083393880348208
913,408227.3738420745,3400981.7927185036,zonal_sum,3485.436326980591,0.0,0,0.0,poi_economic_index,3,1868.0,5.37,0.05642,0.005642,19.664831756824494
914,408227.3738420745,3401481.7927185036,zonal_sum,1992.5597553253174,0.0,0,0.0,poi_economic_index,3,1868.0,5.37,0.05642,0.005642,11.24202213954544
915,408227.3738420745,3401981.7927185036,zonal_sum,2175.8601608276367,0.0,0,0.0,poi_economic_index,3,1868.0,5.37,0.05642,0.005642,12.276203027389528
916,408227.3738420745,3402481.7927185036,zonal_sum,4048.3348503112793,0.0,0,0.0,poi_economic_index,3,1868.0,5.37,0.05642,0.005642,22.84070522545624
917,408227.3738420745,3402981.7927185036,zonal_sum,2239.853247642517,1.0986122886681098,1,4.0,poi_economic_index,0,2799.0,8.04,0.05974,0.005974,13.380883301416397
918,408727.3738420745,3367481.7927185036,zonal_sum,1898.1225586682558,0.0,0,0.0,poi_economic_index,3,1868.0,5.37,0.05642,0.005642,10.7092074760063
919,408727.3738420745,3367981.7927185036,zonal_sum,650.5438284873962,0.0,0,0.0,poi_economic_index,3,1868.0,5.37,0.05642,0.005642,3.67036828032589
920,408727.3738420745,3368481.7927185036,zonal_sum,956.5711522102356,0.0,0,0.0,poi_economic_index,3,1868.0,5.37,0.05642,0.005642,5.396974440770149
921,408727.3738420745,3368981.7927185036,zonal_sum,642.301666289568,1.33500106673234,1,4.0,poi_economic_index,0,2799.0,8.04,0.05974,0.005974,3.837110154413879
922,408727.3738420745,3369481.7927185036,zonal_sum,1161.713583946228,0.0,0,0.0,poi_economic_index,3,1868.0,5.37,0.05642,0.005642,6.554388040624619
923,408727.3738420745,3369981.7927185036,zonal_sum,910.1267757415771,0.0,0,0.0,poi_economic_index,3,1868.0,5.37,0.05642,0.005642,5.134935268733979
924,408727.3738420745,3370481.7927185036,zonal_sum,528.8584594726562,1.33500106673234,1,4.0,poi_economic_index,0,2799.0,8.04,0.05974,0.005974,3.1594004368896487
925,408727.3738420745,3370981.7927185036,zonal_sum,57.646246779710054,0.0,0,0.0,poi_economic_index,3,1868.0,5.37,0.05642,0.005642,0.32524012433112415
926,408727.3738420745,3371481.7927185036,zonal_sum,167.55719536542892,0.0,0,0.0,poi_economic_index,3,1868.0,5.37,0.05642,0.005642,0.94535769625175
927,408727.3738420745,3371981.7927185036,zonal_sum,196.49601532518864,0.0,0,0.0,poi_economic_index,3,1868.0,5.37,0.05642,0.005642,1.1086305184647143
928,408727.3738420745,3372481.7927185036,zonal_sum,70.386329267174,0.0,0,0.0,poi_economic_index,3,1868.0,5.37,0.05642,0.005642,0.39711966972539575
929,408727.3738420745,3372981.7927185036,zonal_sum,261.84248873591423,0.0,0,0.0,poi_economic_index,3,1868.0,5.37,0.05642,0.005642,1.4773153214480281
930,408727.3738420745,3373481.7927185036,zonal_sum,3132.887948989868,2.151762203259462,3,12.0,poi_economic_index,5,3613.0,10.38,0.06283,0.006283,19.68393498350334
931,408727.3738420745,3373981.7927185036,zonal_sum,2922.7295122146606,0.0,0,0.0,poi_economic_index,3,1868.0,5.37,0.05642,0.005642,16.490039907915115
932,408727.3738420745,3374481.7927185036,zonal_sum,1141.7132382914424,2.0541237336955462,2,8.0,poi_economic_index,0,2799.0,8.04,0.05974,0.005974,6.820594885553077
933,408727.3738420745,3374981.7927185036,zonal_sum,1123.8359463959932,2.1041341542702074,3,12.0,poi_economic_index,5,3613.0,10.38,0.06283,0.006283,7.061061251206026
934,408727.3738420745,3375481.7927185036,zonal_sum,7507.755261003971,3.883623530906448,8,32.0,poi_economic_index,2,4500.0,12.93,0.06638,0.006638,49.83647942254436
935,408727.3738420745,3375981.7927185036,zonal_sum,5143.927441596985,2.9231615807191558,5,20.0,poi_economic_index,5,3613.0,10.38,0.06283,0.006283,32.31929611555386
936,408727.3738420745,3376481.7927185036,zonal_sum,4825.955487668514,0.0,0,0.0,poi_economic_index,3,1868.0,5.37,0.05642,0.005642,27.228040861425757
937,408727.3738420745,3376981.7927185036,zonal_sum,6391.575040966272,1.33500106673234,1,4.0,poi_economic_index,0,2799.0,8.04,0.05974,0.005974,38.18326929473251
938,408727.3738420745,3377481.7927185036,zonal_sum,5670.31428527832,0.0,0,0.0,poi_economic_index,3,1868.0,5.37,0.05642,0.005642,31.991913197540285
939,408727.3738420745,3377981.7927185036,zonal_sum,7228.162002563477,0.0,0,0.0,poi_economic_index,3,1868.0,5.37,0.05642,0.005642,40.78129001846314
940,408727.3738420745,3378481.7927185036,zonal_sum,4015.6021060943604,1.8870696490323797,2,8.0,poi_economic_index,0,2799.0,8.04,0.05974,0.005974,23.98920698180771
941,408727.3738420745,3378981.7927185036,zonal_sum,1783.764211654663,1.33500106673234,1,4.0,poi_economic_index,0,2799.0,8.04,0.05974,0.005974,10.656207400424957
942,408727.3738420745,3379481.7927185036,zonal_sum,2241.5408420562744,0.0,0,0.0,poi_economic_index,3,1868.0,5.37,0.05642,0.005642,12.6467734308815
943,408727.3738420745,3379981.7927185036,zonal_sum,1449.7360671758652,1.7578579175523736,2,8.0,poi_economic_index,0,2799.0,8.04,0.05974,0.005974,8.660723265308619
944,408727.3738420745,3380481.7927185036,zonal_sum,3447.2876430153847,1.33500106673234,1,4.0,poi_economic_index,0,2799.0,8.04,0.05974,0.005974,20.59409637937391
945,408727.3738420745,3380981.7927185036,zonal_sum,5072.8377685546875,3.7977338590260183,13,52.0,poi_economic_index,4,5605.0,16.11,0.07112,0.007112,36.07802220996094
946,408727.3738420745,3381481.7927185036,zonal_sum,2665.557991027832,4.333361462692601,21,84.0,poi_economic_index,6,7236.0,20.79,0.07876,0.007876,20.993934737335202
947,408727.3738420745,3381981.7927185036,zonal_sum,1483.147737532854,2.1972245773362196,1,4.0,poi_economic_index,0,2799.0,8.04,0.05974,0.005974,8.86032458402127
948,408727.3738420745,3382481.7927185036,zonal_sum,90.21861154586077,1.33500106673234,1,4.0,poi_economic_index,0,2799.0,8.04,0.05974,0.005974,0.5389659853749722
949,408727.3738420745,3382981.7927185036,zonal_sum,3160.9960872530937,1.6094379124341003,2,8.0,poi_economic_index,0,2799.0,8.04,0.05974,0.005974,18.883790625249983
950,408727.3738420745,3383481.7927185036,zonal_sum,4389.319751739502,2.1972245773362196,1,4.0,poi_economic_index,0,2799.0,8.04,0.05974,0.005974,26.221796196891784
951,408727.3738420745,3383981.7927185036,zonal_sum,4686.6325607299805,2.5649493574615367,1,4.0,poi_economic_index,5,3613.0,10.38,0.06283,0.006283,29.44611237906647
952,408727.3738420745,3384481.7927185036,zonal_sum,4192.240238189697,2.624668592163159,6,24.0,poi_economic_index,5,3613.0,10.38,0.06283,0.006283,26.33984541654587
953,408727.3738420745,3384981.7927185036,zonal_sum,6127.3065185546875,1.2237754316221157,2,8.0,poi_economic_index,0,2799.0,8.04,0.05974,0.005974,36.6045291418457
954,408727.3738420745,3385481.7927185036,zonal_sum,6556.795333862305,0.0,0,0.0,poi_economic_index,3,1868.0,5.37,0.05642,0.005642,36.99343927365113
955,408727.3738420745,3385981.7927185036,zonal_sum,4834.148643493652,1.6094379124341003,1,4.0,poi_economic_index,0,2799.0,8.04,0.05974,0.005974,28.87920399623108
956,408727.3738420745,3386481.7927185036,zonal_sum,3243.4031047821045,0.0,0,0.0,poi_economic_index,3,1868.0,5.37,0.05642,0.005642,18.299280317180635
957,408727.3738420745,3386981.7927185036,zonal_sum,3906.0088062286377,0.0,0,0.0,poi_economic_index,3,1868.0,5.37,0.05642,0.005642,22.037701684741975
958,408727.3738420745,3387481.7927185036,zonal_sum,5865.921310424805,4.104294893075269,11,44.0,poi_economic_index,4,5605.0,16.11,0.07112,0.007112,41.718432359741215
959,408727.3738420745,3387981.7927185036,zonal_sum,7203.881072998047,3.4965075614664802,10,40.0,poi_economic_index,2,4500.0,12.93,0.06638,0.006638,47.81936256256103
960,408727.3738420745,3388481.7927185036,zonal_sum,5720.115760803223,2.9856819377004897,3,12.0,poi_economic_index,5,3613.0,10.38,0.06283,0.006283,35.93948732512665
961,408727.3738420745,3388981.7927185036,zonal_sum,7278.224151611328,3.9396381724611196,9,36.0,poi_economic_index,2,4500.0,12.93,0.06638,0.006638,48.31285191839599
962,408727.3738420745,3389481.7927185036,zonal_sum,6089.805267333984,4.37449836825309,13,52.0,poi_economic_index,4,5605.0,16.11,0.07112,0.007112,43.3106950612793
963,408727.3738420745,3389981.7927185036,zonal_sum,5286.3818435668945,3.6216707044204863,7,28.0,poi_economic_index,2,4500.0,12.93,0.06638,0.006638,35.09100267759705
964,408727.3738420745,3390481.7927185036,zonal_sum,5001.98908996582,4.9459189793765646,21,84.0,poi_economic_index,6,7236.0,20.79,0.07876,0.007876,39.3956660725708
965,408727.3738420745,3390981.7927185036,zonal_sum,3174.530113220215,4.875197323201151,28,112.0,poi_economic_index,6,7236.0,20.79,0.07876,0.007876,25.00259917172241
966,408727.3738420745,3391481.7927185036,zonal_sum,3396.2065439224243,1.8870696490323797,2,8.0,poi_economic_index,0,2799.0,8.04,0.05974,0.005974,20.288937893392564
967,408727.3738420745,3391981.7927185036,zonal_sum,6721.838806152344,2.70805020110221,2,8.0,poi_economic_index,5,3613.0,10.38,0.06283,0.006283,42.23331321905518
968,408727.3738420745,3392481.7927185036,zonal_sum,6956.922477722168,3.543853682063679,11,44.0,poi_economic_index,4,5605.0,16.11,0.07112,0.007112,49.47763266156006
969,408727.3738420745,3392981.7927185036,zonal_sum,6399.366729736328,4.198704577546343,15,60.0,poi_economic_index,4,5605.0,16.11,0.07112,0.007112,45.512296181884764
970,408727.3738420745,3393481.7927185036,zonal_sum,5565.062644958496,3.6938669956249757,12,48.0,poi_economic_index,4,5605.0,16.11,0.07112,0.007112,39.57872553094482
971,408727.3738420745,3393981.7927185036,zonal_sum,7758.997032165527,3.858622228701031,15,60.0,poi_economic_index,4,5605.0,16.11,0.07112,0.007112,55.18198689276123
972,408727.3738420745,3394481.7927185036,zonal_sum,6711.956451416016,3.86702563949741,11,44.0,poi_economic_index,4,5605.0,16.11,0.07112,0.007112,47.735434282470706
973,408727.3738420745,3394981.7927185036,zonal_sum,7760.447536468506,3.169685580677429,7,28.0,poi_economic_index,2,4500.0,12.93,0.06638,0.006638,51.51385074707794
974,408727.3738420745,3395481.7927185036,zonal_sum,7595.816070556641,3.6000482404073204,10,40.0,poi_economic_index,2,4500.0,12.93,0.06638,0.006638,50.42102707635498
975,408727.3738420745,3395981.7927185036,zonal_sum,7641.984390258789,4.050044303325521,8,32.0,poi_economic_index,2,4500.0,12.93,0.06638,0.006638,50.72749238253784
976,408727.3738420745,3396481.7927185036,zonal_sum,6606.730907797813,3.100092288878234,5,20.0,poi_economic_index,5,3613.0,10.38,0.06283,0.006283,41.510090293693665
977,408727.3738420745,3396981.7927185036,zonal_sum,6691.826362609863,3.0633909220278057,5,20.0,poi_economic_index,5,3613.0,10.38,0.06283,0.006283,42.044745036277774
978,408727.3738420745,3397481.7927185036,zonal_sum,6938.033706665039,3.5779478934066544,10,40.0,poi_economic_index,2,4500.0,12.93,0.06638,0.006638,46.054667744842526
979,408727.3738420745,3397981.7927185036,zonal_sum,4802.720564842224,3.2809112157876537,6,24.0,poi_economic_index,2,4500.0,12.93,0.06638,0.006638,31.880459109422684
980,408727.3738420745,3398481.7927185036,zonal_sum,5640.290216445923,2.0541237336955462,2,8.0,poi_economic_index,0,2799.0,8.04,0.05974,0.005974,33.69509375304794
981,408727.3738420745,3398981.7927185036,zonal_sum,2399.612079143524,0.0,0,0.0,poi_economic_index,3,1868.0,5.37,0.05642,0.005642,13.538611350527765
982,408727.3738420745,3399481.7927185036,zonal_sum,2685.7992930412292,1.6094379124341003,1,4.0,poi_economic_index,0,2799.0,8.04,0.05974,0.005974,16.044964976628304
983,408727.3738420745,3399981.7927185036,zonal_sum,3940.7957706451416,0.0,0,0.0,poi_economic_index,3,1868.0,5.37,0.05642,0.005642,22.23396973797989
984,408727.3738420745,3400481.7927185036,zonal_sum,3536.809127807617,0.0,0,0.0,poi_economic_index,3,1868.0,5.37,0.05642,0.005642,19.954677099090578
985,408727.3738420745,3400981.7927185036,zonal_sum,3744.3336544036865,0.0,0,0.0,poi_economic_index,3,1868.0,5.37,0.05642,0.005642,21.1255304781456
986,408727.3738420745,3401481.7927185036,zonal_sum,2715.634532928467,0.0,0,0.0,poi_economic_index,3,1868.0,5.37,0.05642,0.005642,15.321610034782411
987,408727.3738420745,3401981.7927185036,zonal_sum,4116.531219482422,0.0,0,0.0,poi_economic_index,3,1868.0,5.37,0.05642,0.005642,23.225469140319827
988,408727.3738420745,3402481.7927185036,zonal_sum,3175.6601667404175,0.0,0,0.0,poi_economic_index,3,1868.0,5.37,0.05642,0.005642,17.917074660749435
989,408727.3738420745,3402981.7927185036,zonal_sum,3598.1886081695557,0.0,0,0.0,poi_economic_index,3,1868.0,5.37,0.05642,0.005642,20.300980127292632
990,409227.3738420745,3367481.7927185036,zonal_sum,96.48652340471745,0.0,0,0.0,poi_economic_index,3,1868.0,5.37,0.05642,0.005642,0.5443769650494159
991,409227.3738420745,3367981.7927185036,zonal_sum,229.85450759530067,0.0,0,0.0,poi_economic_index,3,1868.0,5.37,0.05642,0.005642,1.2968391318526864
992,409227.3738420745,3368481.7927185036,zonal_sum,194.47978055477142,1.33500106673234,1,4.0,poi_economic_index,0,2799.0,8.04,0.05974,0.005974,1.1618222090342045
993,409227.3738420745,3368981.7927185036,zonal_sum,71.12941443175077,0.0,0,0.0,poi_economic_index,3,1868.0,5.37,0.05642,0.005642,0.4013121562239379
994,409227.3738420745,3369481.7927185036,zonal_sum,150.36291670426726,2.240709689275958,3,12.0,poi_economic_index,5,3613.0,10.38,0.06283,0.006283,0.9447302056529113
995,409227.3738420745,3369981.7927185036,zonal_sum,253.09249556064606,2.151762203259462,3,12.0,poi_economic_index,5,3613.0,10.38,0.06283,0.006283,1.5901801496075392
996,409227.3738420745,3370481.7927185036,zonal_sum,584.641320316121,3.367295829986474,10,40.0,poi_economic_index,2,4500.0,12.93,0.06638,0.006638,3.880849084258411
997,409227.3738420745,3370981.7927185036,zonal_sum,788.5158615782857,3.367295829986474,10,40.0,poi_economic_index,2,4500.0,12.93,0.06638,0.006638,5.23416828915666
998,409227.3738420745,3371481.7927185036,zonal_sum,439.03057515621185,1.33500106673234,1,4.0,poi_economic_index,0,2799.0,8.04,0.05974,0.005974,2.6227686559832097
999,409227.3738420745,3371981.7927185036,zonal_sum,1102.2094995081425,0.0,0,0.0,poi_economic_index,3,1868.0,5.37,0.05642,0.005642,6.21866599622494
1000,409227.3738420745,3372481.7927185036,zonal_sum,903.7876318693161,0.0,0,0.0,poi_economic_index,3,1868.0,5.37,0.05642,0.005642,5.099169819006682
1001,409227.3738420745,3372981.7927185036,zonal_sum,456.0967938452959,0.0,0,0.0,poi_economic_index,3,1868.0,5.37,0.05642,0.005642,2.5732981108751596
1002,409227.3738420745,3373481.7927185036,zonal_sum,5119.069221496582,0.0,0,0.0,poi_economic_index,3,1868.0,5.37,0.05642,0.005642,28.88178854768372
1003,409227.3738420745,3373981.7927185036,zonal_sum,980.558585409075,0.0,0,0.0,poi_economic_index,3,1868.0,5.37,0.05642,0.005642,5.532311538878002
1004,409227.3738420745,3374481.7927185036,zonal_sum,2087.455325856805,0.0,0,0.0,poi_economic_index,3,1868.0,5.37,0.05642,0.005642,11.777422948484094
1005,409227.3738420745,3374981.7927185036,zonal_sum,3147.339060217142,0.0,0,0.0,poi_economic_index,3,1868.0,5.37,0.05642,0.005642,17.757286977745117
1006,409227.3738420745,3375481.7927185036,zonal_sum,8102.084129333496,1.33500106673234,1,4.0,poi_economic_index,0,2799.0,8.04,0.05974,0.005974,48.401850588638304
1007,409227.3738420745,3375981.7927185036,zonal_sum,6638.156478881836,0.0,0,0.0,poi_economic_index,3,1868.0,5.37,0.05642,0.005642,37.45247885385132
1008,409227.3738420745,3376481.7927185036,zonal_sum,5153.562424659729,0.0,0,0.0,poi_economic_index,3,1868.0,5.37,0.05642,0.005642,29.076399199930194
1009,409227.3738420745,3376981.7927185036,zonal_sum,3752.1941571831703,2.785011242238338,2,8.0,poi_economic_index,5,3613.0,10.38,0.06283,0.006283,23.575035889581862
1010,409227.3738420745,3377481.7927185036,zonal_sum,5301.587684631348,3.6216707044204863,10,40.0,poi_economic_index,2,4500.0,12.93,0.06638,0.006638,35.19193905058288
1011,409227.3738420745,3377981.7927185036,zonal_sum,7596.616249084473,3.202746442938317,8,32.0,poi_economic_index,2,4500.0,12.93,0.06638,0.006638,50.426338661422726
1012,409227.3738420745,3378481.7927185036,zonal_sum,4891.508506774902,1.8870696490323797,2,8.0,poi_economic_index,0,2799.0,8.04,0.05974,0.005974,29.221871819473268
1013,409227.3738420745,3378981.7927185036,zonal_sum,1149.871171951294,3.1354942159291497,9,36.0,poi_economic_index,2,4500.0,12.93,0.06638,0.006638,7.632844839412689
1014,409227.3738420745,3379481.7927185036,zonal_sum,1442.9972643852234,2.8791984572980396,3,12.0,poi_economic_index,5,3613.0,10.38,0.06283,0.006283,9.066351812132359
1015,409227.3738420745,3379981.7927185036,zonal_sum,1754.414216041565,0.0,0,0.0,poi_economic_index,3,1868.0,5.37,0.05642,0.005642,9.89840500690651
1016,409227.3738420745,3380481.7927185036,zonal_sum,2847.800042003393,3.407841924380824,5,20.0,poi_economic_index,2,4500.0,12.93,0.06638,0.006638,18.903696678818523
1017,409227.3738420745,3380981.7927185036,zonal_sum,3956.921232966706,4.279440045898781,18,72.0,poi_economic_index,4,5605.0,16.11,0.07112,0.007112,28.141623808859215
1018,409227.3738420745,3381481.7927185036,zonal_sum,4046.6818504333496,3.4210000089583352,6,24.0,poi_economic_index,2,4500.0,12.93,0.06638,0.006638,26.861874123176573
1019,409227.3738420745,3381981.7927185036,zonal_sum,349.79707439243793,1.8870696490323797,2,8.0,poi_economic_index,0,2799.0,8.04,0.05974,0.005974,2.0896877224204244
1020,409227.3738420745,3382481.7927185036,zonal_sum,197.79361267387867,0.0,0,0.0,poi_economic_index,3,1868.0,5.37,0.05642,0.005642,1.1159515627060235
1021,409227.3738420745,3382981.7927185036,zonal_sum,3380.4437170028687,1.8870696490323797,2,8.0,poi_economic_index,0,2799.0,8.04,0.05974,0.005974,20.19477076537514
1022,409227.3738420745,3383481.7927185036,zonal_sum,4093.605701446533,1.7578579175523736,2,8.0,poi_economic_index,0,2799.0,8.04,0.05974,0.005974,24.45520046044159
1023,409227.3738420745,3383981.7927185036,zonal_sum,5023.29620552063,2.468099531471619,2,8.0,poi_economic_index,5,3613.0,10.38,0.06283,0.006283,31.56137005928612
1024,409227.3738420745,3384481.7927185036,zonal_sum,3157.0739612579346,3.152736022363656,4,16.0,poi_economic_index,5,3613.0,10.38,0.06283,0.006283,19.835895698583606
1025,409227.3738420745,3384981.7927185036,zonal_sum,3041.7432708740234,2.653241964607215,2,8.0,poi_economic_index,5,3613.0,10.38,0.06283,0.006283,19.111272970901492
1026,409227.3738420745,3385481.7927185036,zonal_sum,4603.695709228516,2.760009940032921,2,8.0,poi_economic_index,5,3613.0,10.38,0.06283,0.006283,28.925020141082765
1027,409227.3738420745,3385981.7927185036,zonal_sum,4643.435657501221,2.785011242238338,2,8.0,poi_economic_index,5,3613.0,10.38,0.06283,0.006283,29.174706236080173
1028,409227.3738420745,3386481.7927185036,zonal_sum,3436.786024093628,1.6094379124341003,1,4.0,poi_economic_index,0,2799.0,8.04,0.05974,0.005974,20.531359707935334
1029,409227.3738420745,3386981.7927185036,zonal_sum,6141.973197937012,2.624668592163159,5,20.0,poi_economic_index,5,3613.0,10.38,0.06283,0.006283,38.59001760263825
1030,409227.3738420745,3387481.7927185036,zonal_sum,6889.8684158325195,4.9141243937154115,28,112.0,poi_economic_index,6,7236.0,20.79,0.07876,0.007876,54.26460364309692
1031,409227.3738420745,3387981.7927185036,zonal_sum,7763.766081370413,3.713572066704308,7,28.0,poi_economic_index,2,4500.0,12.93,0.06638,0.006638,51.5358792481368
1032,409227.3738420745,3388481.7927185036,zonal_sum,6985.309066772461,4.097672352314776,16,64.0,poi_economic_index,4,5605.0,16.11,0.07112,0.007112,49.67951808288574
1033,409227.3738420745,3388981.7927185036,zonal_sum,7974.829345703125,4.484131857611035,22,88.0,poi_economic_index,6,7236.0,20.79,0.07876,0.007876,62.80975592675781
1034,409227.3738420745,3389481.7927185036,zonal_sum,6404.4500732421875,4.186619838331271,11,44.0,poi_economic_index,4,5605.0,16.11,0.07112,0.007112,45.54844892089844
1035,409227.3738420745,3389981.7927185036,zonal_sum,7758.081832885742,2.9652730660692823,6,24.0,poi_economic_index,2,4500.0,12.93,0.06638,0.006638,51.498147206695556
1036,409227.3738420745,3390481.7927185036,zonal_sum,6458.232864379883,4.192680462942962,8,32.0,poi_economic_index,2,4500.0,12.93,0.06638,0.006638,42.86974975375366
1037,409227.3738420745,3390981.7927185036,zonal_sum,5784.45768737793,4.014579593753238,12,48.0,poi_economic_index,4,5605.0,16.11,0.07112,0.007112,41.139063072631835
1038,409227.3738420745,3391481.7927185036,zonal_sum,4763.389992594719,3.202746442938317,6,24.0,poi_economic_index,2,4500.0,12.93,0.06638,0.006638,31.619382770843742
1039,409227.3738420745,3391981.7927185036,zonal_sum,7113.463134765625,3.7232808808312687,11,44.0,poi_economic_index,4,5605.0,16.11,0.07112,0.007112,50.590949814453126
1040,409227.3738420745,3392481.7927185036,zonal_sum,7325.139297485352,5.113191882421348,42,168.0,poi_economic_index,1,10840.0,31.15,0.09879,0.009879,72.3650511198578
1041,409227.3738420745,3392981.7927185036,zonal_sum,4965.014621734619,4.532599493153256,22,88.0,poi_economic_index,6,7236.0,20.79,0.07876,0.007876,39.10445516078186
1042,409227.3738420745,3393481.7927185036,zonal_sum,7365.559494018555,4.713127327493184,21,84.0,poi_economic_index,6,7236.0,20.79,0.07876,0.007876,58.011146574890134
1043,409227.3738420745,3393981.7927185036,zonal_sum,7225.633407592773,4.155753190350744,16,64.0,poi_economic_index,4,5605.0,16.11,0.07112,0.007112,51.38870479479981
1044,409227.3738420745,3394481.7927185036,zonal_sum,7033.005081176758,4.070734696582967,9,36.0,poi_economic_index,2,4500.0,12.93,0.06638,0.006638,46.685087728851315
1045,409227.3738420745,3394981.7927185036,zonal_sum,7365.975875854492,2.5649493574615367,4,16.0,poi_economic_index,5,3613.0,10.38,0.06283,0.006283,46.280426427993774
1046,409227.3738420745,3395481.7927185036,zonal_sum,6077.603698730469,3.86702563949741,13,52.0,poi_economic_index,4,5605.0,16.11,0.07112,0.007112,43.2239175053711
1047,409227.3738420745,3395981.7927185036,zonal_sum,7371.735565185547,3.339321977944068,7,28.0,poi_economic_index,2,4500.0,12.93,0.06638,0.006638,48.933580681701656
1048,409227.3738420745,3396481.7927185036,zonal_sum,6174.777044296265,3.8416005411316,11,44.0,poi_economic_index,4,5605.0,16.11,0.07112,0.007112,43.91501433903504
1049,409227.3738420745,3396981.7927185036,zonal_sum,6034.852890014648,0.0,0,0.0,poi_economic_index,3,1868.0,5.37,0.05642,0.005642,34.04864000546265
1050,409227.3738420745,3397481.7927185036,zonal_sum,6008.7028522491455,3.770459441106359,8,32.0,poi_economic_index,2,4500.0,12.93,0.06638,0.006638,39.885769533229826
1051,409227.3738420745,3397981.7927185036,zonal_sum,3452.0808374881744,1.33500106673234,1,4.0,poi_economic_index,0,2799.0,8.04,0.05974,0.005974,20.622730923154354
1052,409227.3738420745,3398481.7927185036,zonal_sum,4039.6087608337402,0.0,0,0.0,poi_economic_index,3,1868.0,5.37,0.05642,0.005642,22.791472628623964
1053,409227.3738420745,3398981.7927185036,zonal_sum,2054.002532839775,2.8791984572980396,4,16.0,poi_economic_index,5,3613.0,10.38,0.06283,0.006283,12.905297913832309
1054,409227.3738420745,3399481.7927185036,zonal_sum,4796.461769104004,3.005682604407159,7,28.0,poi_economic_index,2,4500.0,12.93,0.06638,0.006638,31.838913223312378
1055,409227.3738420745,3399981.7927185036,zonal_sum,4638.266189575195,0.0,0,0.0,poi_economic_index,3,1868.0,5.37,0.05642,0.005642,26.169097841583252
1056,409227.3738420745,3400481.7927185036,zonal_sum,3917.8425216674805,0.0,0,0.0,poi_economic_index,3,1868.0,5.37,0.05642,0.005642,22.104467507247925
1057,409227.3738420745,3400981.7927185036,zonal_sum,3975.6487312316895,1.33500106673234,1,4.0,poi_economic_index,0,2799.0,8.04,0.05974,0.005974,23.750525520378112
1058,409227.3738420745,3401481.7927185036,zonal_sum,2489.3211421966553,0.0,0,0.0,poi_economic_index,3,1868.0,5.37,0.05642,0.005642,14.04474988427353
1059,409227.3738420745,3401981.7927185036,zonal_sum,3455.5068435668945,0.0,0,0.0,poi_economic_index,3,1868.0,5.37,0.05642,0.005642,19.49596961140442
1060,409227.3738420745,3402481.7927185036,zonal_sum,2905.6546714305878,0.0,0,0.0,poi_economic_index,3,1868.0,5.37,0.05642,0.005642,16.393703656211375
1061,409227.3738420745,3402981.7927185036,zonal_sum,1820.4472732543945,0.0,0,0.0,poi_economic_index,3,1868.0,5.37,0.05642,0.005642,10.270963515701295
1062,409727.3738420745,3367481.7927185036,zonal_sum,417.90569657832384,1.33500106673234,1,4.0,poi_economic_index,0,2799.0,8.04,0.05974,0.005974,2.496568631358907
1063,409727.3738420745,3367981.7927185036,zonal_sum,594.3859543800354,0.0,0,0.0,poi_economic_index,3,1868.0,5.37,0.05642,0.005642,3.35352555461216
1064,409727.3738420745,3368481.7927185036,zonal_sum,434.31144861876965,2.240709689275958,3,12.0,poi_economic_index,5,3613.0,10.38,0.06283,0.006283,2.72877883167173
1065,409727.3738420745,3368981.7927185036,zonal_sum,66.91206151247025,1.8870696490323797,2,8.0,poi_economic_index,0,2799.0,8.04,0.05974,0.005974,0.39973265547549724
1066,409727.3738420745,3369481.7927185036,zonal_sum,29.386969346553087,0.0,0,0.0,poi_economic_index,3,1868.0,5.37,0.05642,0.005642,0.16580128105325254
1067,409727.3738420745,3369981.7927185036,zonal_sum,108.54494409635663,2.240709689275958,3,12.0,poi_economic_index,5,3613.0,10.38,0.06283,0.006283,0.6819878837574087
1068,409727.3738420745,3370481.7927185036,zonal_sum,534.4074028134346,2.240709689275958,3,12.0,poi_economic_index,5,3613.0,10.38,0.06283,0.006283,3.35768171187681
1069,409727.3738420745,3370981.7927185036,zonal_sum,1408.6063243448734,2.879198457298039,6,24.0,poi_economic_index,2,4500.0,12.93,0.06638,0.006638,9.35032878100127
1070,409727.3738420745,3371481.7927185036,zonal_sum,869.6994557380676,2.734367509419583,5,20.0,poi_economic_index,5,3613.0,10.38,0.06283,0.006283,5.464321680402279
1071,409727.3738420745,3371981.7927185036,zonal_sum,2974.1936016082764,0.0,0,0.0,poi_economic_index,3,1868.0,5.37,0.05642,0.005642,16.780400300273897
1072,409727.3738420745,3372481.7927185036,zonal_sum,1025.6322661042213,0.0,0,0.0,poi_economic_index,3,1868.0,5.37,0.05642,0.005642,5.786617245360017
1073,409727.3738420745,3372981.7927185036,zonal_sum,560.3370468728244,0.0,0,0.0,poi_economic_index,3,1868.0,5.37,0.05642,0.005642,3.1614216184564756
1074,409727.3738420745,3373481.7927185036,zonal_sum,1830.8254683315754,0.0,0,0.0,poi_economic_index,3,1868.0,5.37,0.05642,0.005642,10.329517292326749
1075,409727.3738420745,3373981.7927185036,zonal_sum,1935.9613315984607,1.33500106673234,1,4.0,poi_economic_index,0,2799.0,8.04,0.05974,0.005974,11.565432994969205
1076,409727.3738420745,3374481.7927185036,zonal_sum,7317.373725891113,0.0,0,0.0,poi_economic_index,3,1868.0,5.37,0.05642,0.005642,41.28462256147766
1077,409727.3738420745,3374981.7927185036,zonal_sum,6589.829498291016,0.0,0,0.0,poi_economic_index,3,1868.0,5.37,0.05642,0.005642,37.17981802935791
1078,409727.3738420745,3375481.7927185036,zonal_sum,8129.0419921875,0.0,0,0.0,poi_economic_index,3,1868.0,5.37,0.05642,0.005642,45.86405491992188
1079,409727.3738420745,3375981.7927185036,zonal_sum,6289.452011108398,0.0,0,0.0,poi_economic_index,3,1868.0,5.37,0.05642,0.005642,35.485088246673584
1080,409727.3738420745,3376481.7927185036,zonal_sum,2757.912277162075,0.0,0,0.0,poi_economic_index,3,1868.0,5.37,0.05642,0.005642,15.560141067748429
1081,409727.3738420745,3376981.7927185036,zonal_sum,6012.368217468262,4.056988775678332,13,52.0,poi_economic_index,4,5605.0,16.11,0.07112,0.007112,42.75996276263428
1082,409727.3738420745,3377481.7927185036,zonal_sum,4081.072945535183,3.265759410767051,9,36.0,poi_economic_index,2,4500.0,12.93,0.06638,0.006638,27.090162212462545
1083,409727.3738420745,3377981.7927185036,zonal_sum,3922.9405660629272,2.70805020110221,2,8.0,poi_economic_index,5,3613.0,10.38,0.06283,0.006283,24.647835576573375
1084,409727.3738420745,3378481.7927185036,zonal_sum,3561.561243057251,2.240709689275958,3,12.0,poi_economic_index,5,3613.0,10.38,0.06283,0.006283,22.377289290128708
1085,409727.3738420745,3378981.7927185036,zonal_sum,2571.8949432373047,1.33500106673234,1,4.0,poi_economic_index,0,2799.0,8.04,0.05974,0.005974,15.364500390899659
1086,409727.3738420745,3379481.7927185036,zonal_sum,1175.986136674881,3.0252910757955354,7,28.0,poi_economic_index,2,4500.0,12.93,0.06638,0.006638,7.80619597524786
1087,409727.3738420745,3379981.7927185036,zonal_sum,2124.068349838257,3.5322256440685593,12,48.0,poi_economic_index,4,5605.0,16.11,0.07112,0.007112,15.106374104049683
1088,409727.3738420745,3380481.7927185036,zonal_sum,5810.370223999023,2.785011242238338,6,24.0,poi_economic_index,2,4500.0,12.93,0.06638,0.006638,38.56923754690552
1089,409727.3738420745,3380981.7927185036,zonal_sum,2195.7064056396484,2.681021528714291,4,16.0,poi_economic_index,5,3613.0,10.38,0.06283,0.006283,13.795623346633912
1090,409727.3738420745,3381481.7927185036,zonal_sum,1890.3372333049774,3.2188758248682006,8,32.0,poi_economic_index,2,4500.0,12.93,0.06638,0.006638,12.54805855467844
1091,409727.3738420745,3381981.7927185036,zonal_sum,313.39729845151305,2.879198457298039,6,24.0,poi_economic_index,2,4500.0,12.93,0.06638,0.006638,2.0803312671211436
1092,409727.3738420745,3382481.7927185036,zonal_sum,1272.4464688301086,3.1354942159291497,6,24.0,poi_economic_index,2,4500.0,12.93,0.06638,0.006638,8.446499660094261
1093,409727.3738420745,3382981.7927185036,zonal_sum,2174.8653440475464,2.501435951739211,4,16.0,poi_economic_index,5,3613.0,10.38,0.06283,0.006283,13.664678956650734
1094,409727.3738420745,3383481.7927185036,zonal_sum,3629.159327030182,1.33500106673234,1,4.0,poi_economic_index,0,2799.0,8.04,0.05974,0.005974,21.680597819678308
1095,409727.3738420745,3383981.7927185036,zonal_sum,4681.391060829163,3.4339872044851463,7,28.0,poi_economic_index,2,4500.0,12.93,0.06638,0.006638,31.07507386178398
1096,409727.3738420745,3384481.7927185036,zonal_sum,4283.123500823975,2.70805020110221,5,20.0,poi_economic_index,5,3613.0,10.38,0.06283,0.006283,26.910864955677035
1097,409727.3738420745,3384981.7927185036,zonal_sum,5217.522659301758,2.5649493574615367,3,12.0,poi_economic_index,5,3613.0,10.38,0.06283,0.006283,32.78169486839295
1098,409727.3738420745,3385481.7927185036,zonal_sum,5131.056316375732,0.0,0,0.0,poi_economic_index,3,1868.0,5.37,0.05642,0.005642,28.949419736991885
1099,409727.3738420745,3385981.7927185036,zonal_sum,2294.836105823517,4.180522258463153,18,72.0,poi_economic_index,4,5605.0,16.11,0.07112,0.007112,16.320874384616854
1100,409727.3738420745,3386481.7927185036,zonal_sum,5120.004547119141,2.785011242238338,5,20.0,poi_economic_index,5,3613.0,10.38,0.06283,0.006283,32.16898856954956
1101,409727.3738420745,3386981.7927185036,zonal_sum,6229.416107177734,3.520460802488973,8,32.0,poi_economic_index,2,4500.0,12.93,0.06638,0.006638,41.3508641194458
1102,409727.3738420745,3387481.7927185036,zonal_sum,8093.637908935547,3.2809112157876537,8,32.0,poi_economic_index,2,4500.0,12.93,0.06638,0.006638,53.725568439514156
1103,409727.3738420745,3387981.7927185036,zonal_sum,5951.411611557007,3.8753590210565547,10,40.0,poi_economic_index,2,4500.0,12.93,0.06638,0.006638,39.50547027751541
1104,409727.3738420745,3388481.7927185036,zonal_sum,6926.9683837890625,4.301358731606427,18,72.0,poi_economic_index,4,5605.0,16.11,0.07112,0.007112,49.264599145507816
1105,409727.3738420745,3388981.7927185036,zonal_sum,7049.535049438477,4.104294893075268,17,68.0,poi_economic_index,4,5605.0,16.11,0.07112,0.007112,50.13629327160645
1106,409727.3738420745,3389481.7927185036,zonal_sum,6355.0604248046875,3.5667118201397288,12,48.0,poi_economic_index,4,5605.0,16.11,0.07112,0.007112,45.19718974121094
1107,409727.3738420745,3389981.7927185036,zonal_sum,9280.816604614258,3.7612001156935624,11,44.0,poi_economic_index,4,5605.0,16.11,0.07112,0.007112,66.0051676920166
1108,409727.3738420745,3390481.7927185036,zonal_sum,7838.3850173950195,2.70805020110221,5,20.0,poi_economic_index,5,3613.0,10.38,0.06283,0.006283,49.24857306429291
1109,409727.3738420745,3390981.7927185036,zonal_sum,6136.190971255302,4.2626798770413155,13,52.0,poi_economic_index,4,5605.0,16.11,0.07112,0.007112,43.64059018756771
1110,409727.3738420745,3391481.7927185036,zonal_sum,10256.114199638367,4.007333185232471,15,60.0,poi_economic_index,4,5605.0,16.11,0.07112,0.007112,72.94148418782807
1111,409727.3738420745,3391981.7927185036,zonal_sum,6521.862531661987,4.808927023502111,28,112.0,poi_economic_index,6,7236.0,20.79,0.07876,0.007876,51.36618929936981
1112,409727.3738420745,3392481.7927185036,zonal_sum,7882.435604095459,4.8629083820668,28,112.0,poi_economic_index,6,7236.0,20.79,0.07876,0.007876,62.08206281785583
1113,409727.3738420745,3392981.7927185036,zonal_sum,7438.34880065918,5.376203905205108,26,104.0,poi_economic_index,6,7236.0,20.79,0.07876,0.007876,58.58443515399169
1114,409727.3738420745,3393481.7927185036,zonal_sum,7996.722747802734,4.973971309724664,41,164.0,poi_economic_index,1,10840.0,31.15,0.09879,0.009879,78.99962402554321
1115,409727.3738420745,3393981.7927185036,zonal_sum,7499.576484680176,4.506454213048934,20,80.0,poi_economic_index,6,7236.0,20.79,0.07876,0.007876,59.06666439334106
1116,409727.3738420745,3394481.7927185036,zonal_sum,6553.999969482422,3.9550824948885928,9,36.0,poi_economic_index,2,4500.0,12.93,0.06638,0.006638,43.505451797424314
1117,409727.3738420745,3394981.7927185036,zonal_sum,7015.873194694519,3.9160150266976834,12,48.0,poi_economic_index,4,5605.0,16.11,0.07112,0.007112,49.89689016066742
1118,409727.3738420745,3395481.7927185036,zonal_sum,5346.699306488037,3.169685580677429,5,20.0,poi_economic_index,2,4500.0,12.93,0.06638,0.006638,35.49138999646759
1119,409727.3738420745,3395981.7927185036,zonal_sum,5458.804401397705,2.8094026953624978,5,20.0,poi_economic_index,5,3613.0,10.38,0.06283,0.006283,34.29766805398178
1120,409727.3738420745,3396481.7927185036,zonal_sum,4871.838663101196,2.653241964607215,5,20.0,poi_economic_index,5,3613.0,10.38,0.06283,0.006283,30.609762320264817
1121,409727.3738420745,3396981.7927185036,zonal_sum,4082.6494522094727,0.0,0,0.0,poi_economic_index,3,1868.0,5.37,0.05642,0.005642,23.034308209365847
1122,409727.3738420745,3397481.7927185036,zonal_sum,4433.698826789856,1.8870696490323797,2,8.0,poi_economic_index,0,2799.0,8.04,0.05974,0.005974,26.4869167912426
1123,409727.3738420745,3397981.7927185036,zonal_sum,2884.0355110168457,0.7884573603642702,1,4.0,poi_economic_index,0,2799.0,8.04,0.05974,0.005974,17.229228142814637
1124,409727.3738420745,3398481.7927185036,zonal_sum,4315.023309707642,2.0541237336955462,2,8.0,poi_economic_index,0,2799.0,8.04,0.05974,0.005974,25.77794925219345
1125,409727.3738420745,3398981.7927185036,zonal_sum,1728.7068214416504,2.3978952727983707,1,4.0,poi_economic_index,5,3613.0,10.38,0.06283,0.006283,10.86146495911789
1126,409727.3738420745,3399481.7927185036,zonal_sum,5116.507022857666,3.6109179126442243,9,36.0,poi_economic_index,2,4500.0,12.93,0.06638,0.006638,33.96337361772919
1127,409727.3738420745,3399981.7927185036,zonal_sum,5976.75944519043,0.0,0,0.0,poi_economic_index,3,1868.0,5.37,0.05642,0.005642,33.720876789764404
1128,409727.3738420745,3400481.7927185036,zonal_sum,4608.742546081543,0.0,0,0.0,poi_economic_index,3,1868.0,5.37,0.05642,0.005642,26.002525444992067
1129,409727.3738420745,3400981.7927185036,zonal_sum,3336.723970413208,0.0,0,0.0,poi_economic_index,3,1868.0,5.37,0.05642,0.005642,18.82579664107132
1130,409727.3738420745,3401481.7927185036,zonal_sum,2310.9782218933105,0.0,0,0.0,poi_economic_index,3,1868.0,5.37,0.05642,0.005642,13.038539127922059
1131,409727.3738420745,3401981.7927185036,zonal_sum,3537.460156440735,0.0,0,0.0,poi_economic_index,3,1868.0,5.37,0.05642,0.005642,19.958350202638627
1132,409727.3738420745,3402481.7927185036,zonal_sum,3215.2889366149902,1.0986122886681098,1,4.0,poi_economic_index,0,2799.0,8.04,0.05974,0.005974,19.208136107337953
1133,409727.3738420745,3402981.7927185036,zonal_sum,3269.7485961914062,0.0,0,0.0,poi_economic_index,3,1868.0,5.37,0.05642,0.005642,18.447921579711917
1134,410227.3738420745,3366981.7927185036,zonal_sum,140.23153314739466,2.240709689275958,3,12.0,poi_economic_index,5,3613.0,10.38,0.06283,0.006283,0.8810747227650807
1135,410227.3738420745,3367481.7927185036,zonal_sum,228.2657589018345,2.240709689275958,3,12.0,poi_economic_index,5,3613.0,10.38,0.06283,0.006283,1.4341937631802262
1136,410227.3738420745,3367981.7927185036,zonal_sum,166.18714874610305,2.501435951739211,4,16.0,poi_economic_index,5,3613.0,10.38,0.06283,0.006283,1.0441538555717655
1137,410227.3738420745,3368481.7927185036,zonal_sum,503.67092429846525,1.8870696490323797,2,8.0,poi_economic_index,0,2799.0,8.04,0.05974,0.005974,3.0089301017590313
1138,410227.3738420745,3368981.7927185036,zonal_sum,38.588588148355484,0.0,0,0.0,poi_economic_index,3,1868.0,5.37,0.05642,0.005642,0.21771681433302165
1139,410227.3738420745,3369481.7927185036,zonal_sum,62.02612079679966,0.0,0,0.0,poi_economic_index,3,1868.0,5.37,0.05642,0.005642,0.3499513735355437
1140,410227.3738420745,3369981.7927185036,zonal_sum,122.46039874479175,3.543853682063679,9,36.0,poi_economic_index,2,4500.0,12.93,0.06638,0.006638,0.8128921268679276
1141,410227.3738420745,3370481.7927185036,zonal_sum,1188.3899602591991,2.9231615807191558,5,20.0,poi_economic_index,5,3613.0,10.38,0.06283,0.006283,7.466654120308549
1142,410227.3738420745,3370981.7927185036,zonal_sum,1241.6387067437172,3.265759410767051,9,36.0,poi_economic_index,2,4500.0,12.93,0.06638,0.006638,8.241997735364794
1143,410227.3738420745,3371481.7927185036,zonal_sum,818.8894538879395,3.202746442938317,8,32.0,poi_economic_index,2,4500.0,12.93,0.06638,0.006638,5.435788194908142
1144,410227.3738420745,3371981.7927185036,zonal_sum,4606.986141204834,0.0,0,0.0,poi_economic_index,3,1868.0,5.37,0.05642,0.005642,25.992615808677673
1145,410227.3738420745,3372481.7927185036,zonal_sum,3744.5185364484787,1.33500106673234,1,4.0,poi_economic_index,0,2799.0,8.04,0.05974,0.005974,22.369753736743213
1146,410227.3738420745,3372981.7927185036,zonal_sum,4531.374733686447,0.0,0,0.0,poi_economic_index,3,1868.0,5.37,0.05642,0.005642,25.566016247458936
1147,410227.3738420745,3373481.7927185036,zonal_sum,2587.147048443556,0.0,0,0.0,poi_economic_index,3,1868.0,5.37,0.05642,0.005642,14.596683647318542
1148,410227.3738420745,3373981.7927185036,zonal_sum,3674.7356815338135,0.0,0,0.0,poi_economic_index,3,1868.0,5.37,0.05642,0.005642,20.732858715213776
1149,410227.3738420745,3374481.7927185036,zonal_sum,8177.839656829834,0.0,0,0.0,poi_economic_index,3,1868.0,5.37,0.05642,0.005642,46.13937134383393
1150,410227.3738420745,3374981.7927185036,zonal_sum,5219.061141967773,3.044522437723423,2,8.0,poi_economic_index,5,3613.0,10.38,0.06283,0.006283,32.79136115498352
1151,410227.3738420745,3375481.7927185036,zonal_sum,7578.445770263672,0.0,0,0.0,poi_economic_index,3,1868.0,5.37,0.05642,0.005642,42.75759103582764
1152,410227.3738420745,3375981.7927185036,zonal_sum,5781.3106689453125,0.0,0,0.0,poi_economic_index,3,1868.0,5.37,0.05642,0.005642,32.61815479418946
1153,410227.3738420745,3376481.7927185036,zonal_sum,5228.672427803278,0.0,0,0.0,poi_economic_index,3,1868.0,5.37,0.05642,0.005642,29.500169837666096
1154,410227.3738420745,3376981.7927185036,zonal_sum,3030.7362284958363,3.044522437723423,6,24.0,poi_economic_index,2,4500.0,12.93,0.06638,0.006638,20.11802708475536
1155,410227.3738420745,3377481.7927185036,zonal_sum,2251.36739179492,0.0,0,0.0,poi_economic_index,3,1868.0,5.37,0.05642,0.005642,12.702214824506939
1156,410227.3738420745,3377981.7927185036,zonal_sum,4732.696134805679,3.632309102625542,8,32.0,poi_economic_index,2,4500.0,12.93,0.06638,0.006638,31.4156369428401
1157,410227.3738420745,3378481.7927185036,zonal_sum,2362.0143082141876,3.152736022363656,8,32.0,poi_economic_index,2,4500.0,12.93,0.06638,0.006638,15.679050977925778
1158,410227.3738420745,3378981.7927185036,zonal_sum,3120.373941421509,3.407841924380824,5,20.0,poi_economic_index,2,4500.0,12.93,0.06638,0.006638,20.713042223155973
1159,410227.3738420745,3379481.7927185036,zonal_sum,3509.445869445801,2.240709689275958,3,12.0,poi_economic_index,5,3613.0,10.38,0.06283,0.006283,22.049848397727967
1160,410227.3738420745,3379981.7927185036,zonal_sum,4955.677879333496,4.493120682179469,25,100.0,poi_economic_index,6,7236.0,20.79,0.07876,0.007876,39.03091897763061
1161,410227.3738420745,3380481.7927185036,zonal_sum,4707.743854522705,3.5085558999826545,6,24.0,poi_economic_index,2,4500.0,12.93,0.06638,0.006638,31.250003706321717
1162,410227.3738420745,3380981.7927185036,zonal_sum,2989.805932998657,3.100092288878234,7,28.0,poi_economic_index,2,4500.0,12.93,0.06638,0.006638,19.846331783245088
1163,410227.3738420745,3381481.7927185036,zonal_sum,1634.1228966712952,1.0986122886681098,1,4.0,poi_economic_index,0,2799.0,8.04,0.05974,0.005974,9.762250184714318
1164,410227.3738420745,3381981.7927185036,zonal_sum,349.230829000473,2.833213344056216,6,24.0,poi_economic_index,2,4500.0,12.93,0.06638,0.006638,2.3181942429051396
1165,410227.3738420745,3382481.7927185036,zonal_sum,1652.871096611023,3.770459441106359,11,44.0,poi_economic_index,4,5605.0,16.11,0.07112,0.007112,11.755219239097595
1166,410227.3738420745,3382981.7927185036,zonal_sum,1888.0337181091309,0.0,0,0.0,poi_economic_index,3,1868.0,5.37,0.05642,0.005642,10.652286237571717
1167,410227.3738420745,3383481.7927185036,zonal_sum,3636.210418701172,2.501435951739211,4,16.0,poi_economic_index,5,3613.0,10.38,0.06283,0.006283,22.846310060699466
1168,410227.3738420745,3383981.7927185036,zonal_sum,3152.0624107718468,2.240709689275958,3,12.0,poi_economic_index,5,3613.0,10.38,0.06283,0.006283,19.804408126879515
1169,410227.3738420745,3384481.7927185036,zonal_sum,4950.283092498779,4.465908118654584,16,64.0,poi_economic_index,4,5605.0,16.11,0.07112,0.007112,35.20641335385132
1170,410227.3738420745,3384981.7927185036,zonal_sum,6295.743896484375,4.050044303325521,11,44.0,poi_economic_index,4,5605.0,16.11,0.07112,0.007112,44.77533059179687
1171,410227.3738420745,3385481.7927185036,zonal_sum,3577.5290036201477,1.8870696490323797,2,8.0,poi_economic_index,0,2799.0,8.04,0.05974,0.005974,21.372158267626762
1172,410227.3738420745,3385981.7927185036,zonal_sum,1106.7990312576294,2.1972245773362196,2,8.0,poi_economic_index,5,3613.0,10.38,0.06283,0.006283,6.9540183133916855
1173,410227.3738420745,3386481.7927185036,zonal_sum,2911.534762263298,1.8870696490323797,2,8.0,poi_economic_index,0,2799.0,8.04,0.05974,0.005974,17.393508669760944
1174,410227.3738420745,3386981.7927185036,zonal_sum,5308.713653564453,2.533696813957432,7,28.0,poi_economic_index,2,4500.0,12.93,0.06638,0.006638,35.23924123236084
1175,410227.3738420745,3387481.7927185036,zonal_sum,8161.08610534668,3.3105430133940246,6,24.0,poi_economic_index,2,4500.0,12.93,0.06638,0.006638,54.173289567291256
1176,410227.3738420745,3387981.7927185036,zonal_sum,5531.647521972656,3.6216707044204863,9,36.0,poi_economic_index,2,4500.0,12.93,0.06638,0.006638,36.71907625085449
1177,410227.3738420745,3388481.7927185036,zonal_sum,6391.301330566406,4.279440045898781,14,56.0,poi_economic_index,4,5605.0,16.11,0.07112,0.007112,45.454935062988284
1178,410227.3738420745,3388981.7927185036,zonal_sum,7389.938659667969,4.222444564849416,18,72.0,poi_economic_index,4,5605.0,16.11,0.07112,0.007112,52.557243747558594
1179,410227.3738420745,3389481.7927185036,zonal_sum,4601.992933273315,3.5085558999826545,11,44.0,poi_economic_index,4,5605.0,16.11,0.07112,0.007112,32.72937374143982
1180,410227.3738420745,3389981.7927185036,zonal_sum,6675.483594894409,2.760009940032921,2,8.0,poi_economic_index,5,3613.0,10.38,0.06283,0.006283,41.942063426721575
1181,410227.3738420745,3390481.7927185036,zonal_sum,5138.315450668335,3.4965075614664802,11,44.0,poi_economic_index,4,5605.0,16.11,0.07112,0.007112,36.5436994851532
1182,410227.3738420745,3390981.7927185036,zonal_sum,4865.170831382275,3.4719664525503626,9,36.0,poi_economic_index,2,4500.0,12.93,0.06638,0.006638,32.295003978715535
1183,410227.3738420745,3391481.7927185036,zonal_sum,10304.867683410645,4.29592393562047,16,64.0,poi_economic_index,4,5605.0,16.11,0.07112,0.007112,73.2882189644165
1184,410227.3738420745,3391981.7927185036,zonal_sum,6771.24906539917,4.359269647551265,18,72.0,poi_economic_index,4,5605.0,16.11,0.07112,0.007112,48.1571233531189
1185,410227.3738420745,3392481.7927185036,zonal_sum,9076.754028320312,4.097672352314775,14,56.0,poi_economic_index,4,5605.0,16.11,0.07112,0.007112,64.55387464941407
1186,410227.3738420745,3392981.7927185036,zonal_sum,6282.104470640421,0.0,0,0.0,poi_economic_index,3,1868.0,5.37,0.05642,0.005642,35.443633423353255
1187,410227.3738420745,3393481.7927185036,zonal_sum,9602.835121154785,5.407171771460119,54,216.0,poi_economic_index,1,10840.0,31.15,0.09879,0.009879,94.86640816188813
1188,410227.3738420745,3393981.7927185036,zonal_sum,7838.2003173828125,5.014627315365793,26,104.0,poi_economic_index,6,7236.0,20.79,0.07876,0.007876,61.733665699707025
1189,410227.3738420745,3394481.7927185036,zonal_sum,4543.361576080322,1.33500106673234,1,4.0,poi_economic_index,0,2799.0,8.04,0.05974,0.005974,27.142042055503847
1190,410227.3738420745,3394981.7927185036,zonal_sum,5614.236344337463,2.8094026953624978,3,12.0,poi_economic_index,5,3613.0,10.38,0.06283,0.006283,35.274246951472286
1191,410227.3738420745,3395481.7927185036,zonal_sum,6171.479400634766,3.8155121050473024,12,48.0,poi_economic_index,4,5605.0,16.11,0.07112,0.007112,43.891561497314456
1192,410227.3738420745,3395981.7927185036,zonal_sum,6668.080848693848,3.1354942159291497,4,16.0,poi_economic_index,5,3613.0,10.38,0.06283,0.006283,41.89555197234345
1193,410227.3738420745,3396481.7927185036,zonal_sum,4852.606986999512,2.3978952727983707,1,4.0,poi_economic_index,5,3613.0,10.38,0.06283,0.006283,30.488929699317936
1194,410227.3738420745,3396981.7927185036,zonal_sum,5057.416046142578,2.653241964607215,3,12.0,poi_economic_index,5,3613.0,10.38,0.06283,0.006283,31.77574501791382
1195,410227.3738420745,3397481.7927185036,zonal_sum,7162.763427734375,4.31748811353631,27,108.0,poi_economic_index,6,7236.0,20.79,0.07876,0.007876,56.41392475683593
1196,410227.3738420745,3397981.7927185036,zonal_sum,2634.768901824951,3.86702563949741,15,60.0,poi_economic_index,4,5605.0,16.11,0.07112,0.007112,18.738476429779052
1197,410227.3738420745,3398481.7927185036,zonal_sum,2890.3693952560425,2.624668592163159,4,16.0,poi_economic_index,5,3613.0,10.38,0.06283,0.006283,18.160190910393716
1198,410227.3738420745,3398981.7927185036,zonal_sum,1020.4388184547424,0.0,0,0.0,poi_economic_index,3,1868.0,5.37,0.05642,0.005642,5.757315813721657
1199,410227.3738420745,3399481.7927185036,zonal_sum,2955.4228587150574,2.624668592163159,4,16.0,poi_economic_index,5,3613.0,10.38,0.06283,0.006283,18.568921821306706
1200,410227.3738420745,3399981.7927185036,zonal_sum,2419.9904823303223,0.0,0,0.0,poi_economic_index,3,1868.0,5.37,0.05642,0.005642,13.653586301307678
1201,410227.3738420745,3400481.7927185036,zonal_sum,2105.3650884628296,0.0,0,0.0,poi_economic_index,3,1868.0,5.37,0.05642,0.005642,11.878469829107285
1202,410227.3738420745,3400981.7927185036,zonal_sum,3734.5848388671875,0.0,0,0.0,poi_economic_index,3,1868.0,5.37,0.05642,0.005642,21.070527660888672
1203,410227.3738420745,3401481.7927185036,zonal_sum,3175.1692996025085,0.0,0,0.0,poi_economic_index,3,1868.0,5.37,0.05642,0.005642,17.914305188357353
1204,410227.3738420745,3401981.7927185036,zonal_sum,4456.735485076904,1.0986122886681098,1,4.0,poi_economic_index,0,2799.0,8.04,0.05974,0.005974,26.624537787849427
1205,410227.3738420745,3402481.7927185036,zonal_sum,2872.9662132263184,0.0,0,0.0,poi_economic_index,3,1868.0,5.37,0.05642,0.005642,16.20927537502289
1206,410227.3738420745,3402981.7927185036,zonal_sum,2919.1918754577637,0.0,0,0.0,poi_economic_index,3,1868.0,5.37,0.05642,0.005642,16.470080561332704
1207,410727.3738420745,3366981.7927185036,zonal_sum,16.02242026478052,2.240709689275958,3,12.0,poi_economic_index,5,3613.0,10.38,0.06283,0.006283,0.10066886652361602
1208,410727.3738420745,3367481.7927185036,zonal_sum,134.79321317002177,0.0,0,0.0,poi_economic_index,3,1868.0,5.37,0.05642,0.005642,0.7605033087052628
1209,410727.3738420745,3367981.7927185036,zonal_sum,180.62575343251228,1.33500106673234,1,4.0,poi_economic_index,0,2799.0,8.04,0.05974,0.005974,1.0790582510058284
1210,410727.3738420745,3368481.7927185036,zonal_sum,257.39969420433044,0.0,0,0.0,poi_economic_index,3,1868.0,5.37,0.05642,0.005642,1.4522490747008325
1211,410727.3738420745,3368981.7927185036,zonal_sum,258.18136344850063,0.0,0,0.0,poi_economic_index,3,1868.0,5.37,0.05642,0.005642,1.4566592525764406
1212,410727.3738420745,3369481.7927185036,zonal_sum,372.37938845157623,0.0,0,0.0,poi_economic_index,3,1868.0,5.37,0.05642,0.005642,2.100964509643793
1213,410727.3738420745,3369981.7927185036,zonal_sum,135.80688765645027,0.0,0,0.0,poi_economic_index,3,1868.0,5.37,0.05642,0.005642,0.7662224601576925
1214,410727.3738420745,3370481.7927185036,zonal_sum,363.82277631014585,0.0,0,0.0,poi_economic_index,3,1868.0,5.37,0.05642,0.005642,2.052688103941843
1215,410727.3738420745,3370981.7927185036,zonal_sum,493.5648274421692,2.624668592163159,2,8.0,poi_economic_index,5,3613.0,10.38,0.06283,0.006283,3.101067810819149
1216,410727.3738420745,3371481.7927185036,zonal_sum,312.21910858154297,2.501435951739211,4,16.0,poi_economic_index,5,3613.0,10.38,0.06283,0.006283,1.9616726592178346
1217,410727.3738420745,3371981.7927185036,zonal_sum,1775.5316548347473,0.0,0,0.0,poi_economic_index,3,1868.0,5.37,0.05642,0.005642,10.017549596577645
1218,410727.3738420745,3372481.7927185036,zonal_sum,2962.6840324401855,1.8870696490323797,2,8.0,poi_economic_index,0,2799.0,8.04,0.05974,0.005974,17.699074409797667
1219,410727.3738420745,3372981.7927185036,zonal_sum,4235.272109985352,0.0,0,0.0,poi_economic_index,3,1868.0,5.37,0.05642,0.005642,23.895405244537354
1220,410727.3738420745,3373481.7927185036,zonal_sum,2238.4591841697693,0.0,0,0.0,poi_economic_index,3,1868.0,5.37,0.05642,0.005642,12.62938671708584
1221,410727.3738420745,3373981.7927185036,zonal_sum,4180.040658950806,2.879198457298039,6,24.0,poi_economic_index,2,4500.0,12.93,0.06638,0.006638,27.747109894115447
1222,410727.3738420745,3374481.7927185036,zonal_sum,2859.875991821289,2.3608540011180215,3,12.0,poi_economic_index,5,3613.0,10.38,0.06283,0.006283,17.96860085661316
1223,410727.3738420745,3374981.7927185036,zonal_sum,3053.3022785186768,0.0,0,0.0,poi_economic_index,3,1868.0,5.37,0.05642,0.005642,17.226731455402376
1224,410727.3738420745,3375481.7927185036,zonal_sum,6507.4860191345215,0.0,0,0.0,poi_economic_index,3,1868.0,5.37,0.05642,0.005642,36.71523611995697
1225,410727.3738420745,3375981.7927185036,zonal_sum,6454.549427032471,0.0,0,0.0,poi_economic_index,3,1868.0,5.37,0.05642,0.005642,36.4165678673172
1226,410727.3738420745,3376481.7927185036,zonal_sum,4918.783857345581,0.0,0,0.0,poi_economic_index,3,1868.0,5.37,0.05642,0.005642,27.75177852314377
1227,410727.3738420745,3376981.7927185036,zonal_sum,3326.975052833557,0.0,0,0.0,poi_economic_index,3,1868.0,5.37,0.05642,0.005642,18.77079324808693
1228,410727.3738420745,3377481.7927185036,zonal_sum,3577.092144012451,0.0,0,0.0,poi_economic_index,3,1868.0,5.37,0.05642,0.005642,20.18195387651825
1229,410727.3738420745,3377981.7927185036,zonal_sum,5096.4141845703125,0.0,0,0.0,poi_economic_index,3,1868.0,5.37,0.05642,0.005642,28.753968829345705
1230,410727.3738420745,3378481.7927185036,zonal_sum,3750.3113590180874,0.0,0,0.0,poi_economic_index,3,1868.0,5.37,0.05642,0.005642,21.15925668758005
1231,410727.3738420745,3378981.7927185036,zonal_sum,1398.8182024657726,3.265759410767051,9,36.0,poi_economic_index,2,4500.0,12.93,0.06638,0.006638,9.285355227967798
1232,410727.3738420745,3379481.7927185036,zonal_sum,2347.9826793670654,3.3105430133940246,9,36.0,poi_economic_index,2,4500.0,12.93,0.06638,0.006638,15.58590902563858
1233,410727.3738420745,3379981.7927185036,zonal_sum,3199.1978286504745,2.5952547069568657,5,20.0,poi_economic_index,5,3613.0,10.38,0.06283,0.006283,20.100559957410933
1234,410727.3738420745,3380481.7927185036,zonal_sum,5325.143863201141,2.240709689275958,3,12.0,poi_economic_index,5,3613.0,10.38,0.06283,0.006283,33.45787889249277
1235,410727.3738420745,3380981.7927185036,zonal_sum,4231.433698654175,2.624668592163159,5,20.0,poi_economic_index,5,3613.0,10.38,0.06283,0.006283,26.586097928644183
1236,410727.3738420745,3381481.7927185036,zonal_sum,2612.5242245197296,3.202746442938317,7,28.0,poi_economic_index,2,4500.0,12.93,0.06638,0.006638,17.341935802361963
1237,410727.3738420745,3381981.7927185036,zonal_sum,337.49192667007446,2.9444389791664403,6,24.0,poi_economic_index,2,4500.0,12.93,0.06638,0.006638,2.2402714092359544
1238,410727.3738420745,3382481.7927185036,zonal_sum,1209.9584687948227,2.3978952727983707,1,4.0,poi_economic_index,5,3613.0,10.38,0.06283,0.006283,7.6021690594378715
1239,410727.3738420745,3382981.7927185036,zonal_sum,1753.2009422779083,2.70805020110221,3,12.0,poi_economic_index,5,3613.0,10.38,0.06283,0.006283,11.015361520332098
1240,410727.3738420745,3383481.7927185036,zonal_sum,2949.214942932129,0.0,0,0.0,poi_economic_index,3,1868.0,5.37,0.05642,0.005642,16.639470708023072
1241,410727.3738420745,3383981.7927185036,zonal_sum,2083.8797602653503,2.240709689275958,3,12.0,poi_economic_index,5,3613.0,10.38,0.06283,0.006283,13.093016533747196
1242,410727.3738420745,3384481.7927185036,zonal_sum,4766.923974990845,2.240709689275958,3,12.0,poi_economic_index,5,3613.0,10.38,0.06283,0.006283,29.950583334867478
1243,410727.3738420745,3384981.7927185036,zonal_sum,8090.4617919921875,2.760009940032921,3,12.0,poi_economic_index,5,3613.0,10.38,0.06283,0.006283,50.83237143908692
1244,410727.3738420745,3385481.7927185036,zonal_sum,4684.9967176914215,0.0,0,0.0,poi_economic_index,3,1868.0,5.37,0.05642,0.005642,26.432751481215
1245,410727.3738420745,3385981.7927185036,zonal_sum,3947.8471488952637,3.202746442938317,6,24.0,poi_economic_index,2,4500.0,12.93,0.06638,0.006638,26.20580937436676
1246,410727.3738420745,3386481.7927185036,zonal_sum,6293.375664681196,2.681021528714291,5,20.0,poi_economic_index,5,3613.0,10.38,0.06283,0.006283,39.541279301191956
1247,410727.3738420745,3386981.7927185036,zonal_sum,6007.53938293457,2.1972245773362196,2,8.0,poi_economic_index,5,3613.0,10.38,0.06283,0.006283,37.74536994297791
1248,410727.3738420745,3387481.7927185036,zonal_sum,8265.529891967773,4.931592086755803,27,108.0,poi_economic_index,6,7236.0,20.79,0.07876,0.007876,65.09931342913818
1249,410727.3738420745,3387981.7927185036,zonal_sum,5420.712867736816,3.339321977944068,7,28.0,poi_economic_index,2,4500.0,12.93,0.06638,0.006638,35.982692016036985
1250,410727.3738420745,3388481.7927185036,zonal_sum,6006.322212219238,3.713572066704308,11,44.0,poi_economic_index,4,5605.0,16.11,0.07112,0.007112,42.716963573303225
1251,410727.3738420745,3388981.7927185036,zonal_sum,7786.383377075195,2.2407096892759584,3,12.0,poi_economic_index,5,3613.0,10.38,0.06283,0.006283,48.921846758163454
1252,410727.3738420745,3389481.7927185036,zonal_sum,5924.676696777344,1.33500106673234,1,4.0,poi_economic_index,0,2799.0,8.04,0.05974,0.005974,35.39401858654785
1253,410727.3738420745,3389981.7927185036,zonal_sum,7314.227973937988,0.0,0,0.0,poi_economic_index,3,1868.0,5.37,0.05642,0.005642,41.26687422895813
1254,410727.3738420745,3390481.7927185036,zonal_sum,4701.983112335205,3.8155121050473024,9,36.0,poi_economic_index,2,4500.0,12.93,0.06638,0.006638,31.21176389968109
1255,410727.3738420745,3390981.7927185036,zonal_sum,5687.867899119854,2.760009940032921,3,12.0,poi_economic_index,5,3613.0,10.38,0.06283,0.006283,35.73687401017005
1256,410727.3738420745,3391481.7927185036,zonal_sum,8408.27180480957,3.713572066704308,11,44.0,poi_economic_index,4,5605.0,16.11,0.07112,0.007112,59.79962907580567
1257,410727.3738420745,3391981.7927185036,zonal_sum,3288.762689590454,4.607168188650764,20,80.0,poi_economic_index,6,7236.0,20.79,0.07876,0.007876,25.902294943214415
1258,410727.3738420745,3392481.7927185036,zonal_sum,7870.938373565674,3.543853682063679,8,32.0,poi_economic_index,2,4500.0,12.93,0.06638,0.006638,52.24728892372894
1259,410727.3738420745,3392981.7927185036,zonal_sum,6927.788986206055,4.021773869387265,11,44.0,poi_economic_index,4,5605.0,16.11,0.07112,0.007112,49.27043526989746
1260,410727.3738420745,3393481.7927185036,zonal_sum,8477.615905761719,4.364371699435161,15,60.0,poi_economic_index,4,5605.0,16.11,0.07112,0.007112,60.292804321777346
1261,410727.3738420745,3393981.7927185036,zonal_sum,6569.811000823975,4.875197323201151,35,140.0,poi_economic_index,1,10840.0,31.15,0.09879,0.009879,64.90316287714005
1262,410727.3738420745,3394481.7927185036,zonal_sum,5851.1433346271515,3.8753590210565547,14,56.0,poi_economic_index,4,5605.0,16.11,0.07112,0.007112,41.6133313958683
1263,410727.3738420745,3394981.7927185036,zonal_sum,8746.942939281464,3.7232808808312687,8,32.0,poi_economic_index,2,4500.0,12.93,0.06638,0.006638,58.06220723095036
1264,410727.3738420745,3395481.7927185036,zonal_sum,5048.446201324463,3.4468078929142076,9,36.0,poi_economic_index,2,4500.0,12.93,0.06638,0.006638,33.511585884391785
1265,410727.3738420745,3395981.7927185036,zonal_sum,7901.136253356934,2.240709689275958,3,12.0,poi_economic_index,5,3613.0,10.38,0.06283,0.006283,49.642839079841615
1266,410727.3738420745,3396481.7927185036,zonal_sum,6002.3316650390625,0.0,0,0.0,poi_economic_index,3,1868.0,5.37,0.05642,0.005642,33.865155254150395
1267,410727.3738420745,3396981.7927185036,zonal_sum,6570.5764083862305,2.1972245773362196,3,12.0,poi_economic_index,5,3613.0,10.38,0.06283,0.006283,41.282931573890686
1268,410727.3738420745,3397481.7927185036,zonal_sum,7984.648849487305,3.280911215787653,9,36.0,poi_economic_index,2,4500.0,12.93,0.06638,0.006638,53.002099062896725
1269,410727.3738420745,3397981.7927185036,zonal_sum,6279.0468826293945,3.202746442938317,7,28.0,poi_economic_index,2,4500.0,12.93,0.06638,0.006638,41.68031320689392
1270,410727.3738420745,3398481.7927185036,zonal_sum,2946.170530319214,2.785011242238338,5,20.0,poi_economic_index,5,3613.0,10.38,0.06283,0.006283,18.510789441995623
1271,410727.3738420745,3398981.7927185036,zonal_sum,3217.0564098358154,0.0,0,0.0,poi_economic_index,3,1868.0,5.37,0.05642,0.005642,18.150632264293673
1272,410727.3738420745,3399481.7927185036,zonal_sum,2028.6835236549377,0.0,0,0.0,poi_economic_index,3,1868.0,5.37,0.05642,0.005642,11.44583244046116
1273,410727.3738420745,3399981.7927185036,zonal_sum,1022.1214246749878,0.0,0,0.0,poi_economic_index,3,1868.0,5.37,0.05642,0.005642,5.766809078016282
1274,410727.3738420745,3400481.7927185036,zonal_sum,833.9719228744507,0.0,0,0.0,poi_economic_index,3,1868.0,5.37,0.05642,0.005642,4.705269588857651
1275,410727.3738420745,3400981.7927185036,zonal_sum,928.1997661590576,2.3978952727983707,1,4.0,poi_economic_index,5,3613.0,10.38,0.06283,0.006283,5.831879130777359
1276,410727.3738420745,3401481.7927185036,zonal_sum,1143.9651947021484,0.0,0,0.0,poi_economic_index,3,1868.0,5.37,0.05642,0.005642,6.454251628509522
1277,410727.3738420745,3401981.7927185036,zonal_sum,3722.6997394561768,0.0,0,0.0,poi_economic_index,3,1868.0,5.37,0.05642,0.005642,21.00347193001175
1278,410727.3738420745,3402481.7927185036,zonal_sum,2291.4431743621826,0.0,0,0.0,poi_economic_index,3,1868.0,5.37,0.05642,0.005642,12.928322389751434
1279,410727.3738420745,3402981.7927185036,zonal_sum,2733.448905944824,0.0,0,0.0,poi_economic_index,3,1868.0,5.37,0.05642,0.005642,15.422118727340699
1280,411227.3738420745,3366981.7927185036,zonal_sum,388.0647278726101,2.240709689275958,3,12.0,poi_economic_index,5,3613.0,10.38,0.06283,0.006283,2.438210685223609
1281,411227.3738420745,3367481.7927185036,zonal_sum,436.39590978622437,0.0,0,0.0,poi_economic_index,3,1868.0,5.37,0.05642,0.005642,2.462145723013878
1282,411227.3738420745,3367981.7927185036,zonal_sum,214.03079684078693,1.33500106673234,1,4.0,poi_economic_index,0,2799.0,8.04,0.05974,0.005974,1.2786199803268612
1283,411227.3738420745,3368481.7927185036,zonal_sum,451.17361056804657,0.0,0,0.0,poi_economic_index,3,1868.0,5.37,0.05642,0.005642,2.5455215108249187
1284,411227.3738420745,3368981.7927185036,zonal_sum,247.97124169021845,0.0,0,0.0,poi_economic_index,3,1868.0,5.37,0.05642,0.005642,1.3990537456162127
1285,411227.3738420745,3369481.7927185036,zonal_sum,98.4508455041796,0.0,0,0.0,poi_economic_index,3,1868.0,5.37,0.05642,0.005642,0.5554596703345813
1286,411227.3738420745,3369981.7927185036,zonal_sum,736.3142957687378,1.33500106673234,1,4.0,poi_economic_index,0,2799.0,8.04,0.05974,0.005974,4.398741602922439
1287,411227.3738420745,3370481.7927185036,zonal_sum,1457.0591297149658,1.33500106673234,1,4.0,poi_economic_index,0,2799.0,8.04,0.05974,0.005974,8.704471240917206
1288,411227.3738420745,3370981.7927185036,zonal_sum,364.0408160686493,0.0,0,0.0,poi_economic_index,3,1868.0,5.37,0.05642,0.005642,2.0539182842593195
1289,411227.3738420745,3371481.7927185036,zonal_sum,255.54993987083435,1.33500106673234,1,4.0,poi_economic_index,0,2799.0,8.04,0.05974,0.005974,1.5266553407883645
1290,411227.3738420745,3371981.7927185036,zonal_sum,1349.7381502389908,0.0,0,0.0,poi_economic_index,3,1868.0,5.37,0.05642,0.005642,7.615222643648386
1291,411227.3738420745,3372481.7927185036,zonal_sum,2440.376229286194,0.0,0,0.0,poi_economic_index,3,1868.0,5.37,0.05642,0.005642,13.768602685632706
1292,411227.3738420745,3372981.7927185036,zonal_sum,6429.342910766602,0.0,0,0.0,poi_economic_index,3,1868.0,5.37,0.05642,0.005642,36.274352702545166
1293,411227.3738420745,3373481.7927185036,zonal_sum,4783.605880737305,0.0,0,0.0,poi_economic_index,3,1868.0,5.37,0.05642,0.005642,26.989104379119876
1294,411227.3738420745,3373981.7927185036,zonal_sum,5486.372283577919,0.0,0,0.0,poi_economic_index,3,1868.0,5.37,0.05642,0.005642,30.954112423946622
1295,411227.3738420745,3374481.7927185036,zonal_sum,2613.4986114501953,0.0,0,0.0,poi_economic_index,3,1868.0,5.37,0.05642,0.005642,14.745359165802002
1296,411227.3738420745,3374981.7927185036,zonal_sum,3731.6944427490234,0.0,0,0.0,poi_economic_index,3,1868.0,5.37,0.05642,0.005642,21.054220045989993
1297,411227.3738420745,3375481.7927185036,zonal_sum,4645.624496459961,0.0,0,0.0,poi_economic_index,3,1868.0,5.37,0.05642,0.005642,26.2106134090271
1298,411227.3738420745,3375981.7927185036,zonal_sum,3642.816909790039,0.0,0,0.0,poi_economic_index,3,1868.0,5.37,0.05642,0.005642,20.5527730050354
1299,411227.3738420745,3376481.7927185036,zonal_sum,1982.065697133541,0.0,0,0.0,poi_economic_index,3,1868.0,5.37,0.05642,0.005642,11.18281466322744
1300,411227.3738420745,3376981.7927185036,zonal_sum,2515.036297082901,2.240709689275958,3,12.0,poi_economic_index,5,3613.0,10.38,0.06283,0.006283,15.801973054571867
1301,411227.3738420745,3377481.7927185036,zonal_sum,4416.412395477295,1.33500106673234,1,4.0,poi_economic_index,0,2799.0,8.04,0.05974,0.005974,26.38364765058136
1302,411227.3738420745,3377981.7927185036,zonal_sum,5210.065395355225,0.0,0,0.0,poi_economic_index,3,1868.0,5.37,0.05642,0.005642,29.39518896059418
1303,411227.3738420745,3378481.7927185036,zonal_sum,4246.269344329834,1.33500106673234,1,4.0,poi_economic_index,0,2799.0,8.04,0.05974,0.005974,25.36721306302643
1304,411227.3738420745,3378981.7927185036,zonal_sum,1135.8930820822716,1.8870696490323797,2,8.0,poi_economic_index,0,2799.0,8.04,0.05974,0.005974,6.7858252723594905
1305,411227.3738420745,3379481.7927185036,zonal_sum,1540.086788803339,2.0541237336955462,3,12.0,poi_economic_index,5,3613.0,10.38,0.06283,0.006283,9.67636529405138
1306,411227.3738420745,3379981.7927185036,zonal_sum,1902.6355829238892,2.833213344056216,2,8.0,poi_economic_index,5,3613.0,10.38,0.06283,0.006283,11.954259367510796
1307,411227.3738420745,3380481.7927185036,zonal_sum,3340.0126538574696,0.0,0,0.0,poi_economic_index,3,1868.0,5.37,0.05642,0.005642,18.844351393063846
1308,411227.3738420745,3380981.7927185036,zonal_sum,2004.6616312265396,0.0,0,0.0,poi_economic_index,3,1868.0,5.37,0.05642,0.005642,11.310300923380137
1309,411227.3738420745,3381481.7927185036,zonal_sum,2852.27198600024,0.0,0,0.0,poi_economic_index,3,1868.0,5.37,0.05642,0.005642,16.092518545013355
1310,411227.3738420745,3381981.7927185036,zonal_sum,211.0154486298561,1.7578579175523736,2,8.0,poi_economic_index,0,2799.0,8.04,0.05974,0.005974,1.2606062901147603
1311,411227.3738420745,3382481.7927185036,zonal_sum,690.4957344159484,0.0,0,0.0,poi_economic_index,3,1868.0,5.37,0.05642,0.005642,3.895776933574781
1312,411227.3738420745,3382981.7927185036,zonal_sum,1991.4533541202545,0.0,0,0.0,poi_economic_index,3,1868.0,5.37,0.05642,0.005642,11.235779823946476
1313,411227.3738420745,3383481.7927185036,zonal_sum,489.196643454954,0.0,0,0.0,poi_economic_index,3,1868.0,5.37,0.05642,0.005642,2.760047462372851
1314,411227.3738420745,3383981.7927185036,zonal_sum,1393.8933884426951,1.8870696490323797,2,8.0,poi_economic_index,0,2799.0,8.04,0.05974,0.005974,8.327119102556662
1315,411227.3738420745,3384481.7927185036,zonal_sum,2238.454727128148,0.0,0,0.0,poi_economic_index,3,1868.0,5.37,0.05642,0.005642,12.629361570457013
1316,411227.3738420745,3384981.7927185036,zonal_sum,6170.5695786476135,1.6094379124341003,2,8.0,poi_economic_index,0,2799.0,8.04,0.05974,0.005974,36.86298266284084
1317,411227.3738420745,3385481.7927185036,zonal_sum,3539.133472442627,1.2237754316221157,1,4.0,poi_economic_index,0,2799.0,8.04,0.05974,0.005974,21.142783364372253
1318,411227.3738420745,3385981.7927185036,zonal_sum,4393.085494995117,3.5322256440685598,10,40.0,poi_economic_index,2,4500.0,12.93,0.06638,0.006638,29.161301515777588
1319,411227.3738420745,3386481.7927185036,zonal_sum,5944.8686447143555,0.0,0,0.0,poi_economic_index,3,1868.0,5.37,0.05642,0.005642,33.540948893478394
1320,411227.3738420745,3386981.7927185036,zonal_sum,6423.323776245117,2.833213344056216,6,24.0,poi_economic_index,2,4500.0,12.93,0.06638,0.006638,42.638023226715084
1321,411227.3738420745,3387481.7927185036,zonal_sum,8221.060760498047,4.104294893075268,17,68.0,poi_economic_index,4,5605.0,16.11,0.07112,0.007112,58.46818412866211
1322,411227.3738420745,3387981.7927185036,zonal_sum,5737.6843185424805,3.883623530906448,8,32.0,poi_economic_index,2,4500.0,12.93,0.06638,0.006638,38.08674850648499
1323,411227.3738420745,3388481.7927185036,zonal_sum,7481.823829650879,4.92870191133357,29,116.0,poi_economic_index,6,7236.0,20.79,0.07876,0.007876,58.92684448233032
1324,411227.3738420745,3388981.7927185036,zonal_sum,7006.943077087402,2.9444389791664403,4,16.0,poi_economic_index,5,3613.0,10.38,0.06283,0.006283,44.024623353340154
1325,411227.3738420745,3389481.7927185036,zonal_sum,5464.14860534668,3.4210000089583352,7,28.0,poi_economic_index,2,4500.0,12.93,0.06638,0.006638,36.27101844229126
1326,411227.3738420745,3389981.7927185036,zonal_sum,6678.101593017578,2.8094026953624978,5,20.0,poi_economic_index,5,3613.0,10.38,0.06283,0.006283,41.95851230892944
1327,411227.3738420745,3390481.7927185036,zonal_sum,6870.880599975586,3.6838669122903918,8,32.0,poi_economic_index,2,4500.0,12.93,0.06638,0.006638,45.60890542263794
1328,411227.3738420745,3390981.7927185036,zonal_sum,7769.132848978043,3.4965075614664802,5,20.0,poi_economic_index,2,4500.0,12.93,0.06638,0.006638,51.57150385151625
1329,411227.3738420745,3391481.7927185036,zonal_sum,8455.831848144531,4.162003210695915,18,72.0,poi_economic_index,4,5605.0,16.11,0.07112,0.007112,60.13787610400391
1330,411227.3738420745,3391981.7927185036,zonal_sum,4282.283031463623,4.948759890378168,28,112.0,poi_economic_index,6,7236.0,20.79,0.07876,0.007876,33.72726115580749
1331,411227.3738420745,3392481.7927185036,zonal_sum,7896.956269741058,4.484131857611035,15,60.0,poi_economic_index,4,5605.0,16.11,0.07112,0.007112,56.16315299039841
1332,411227.3738420745,3392981.7927185036,zonal_sum,6838.255336761475,3.899950424193877,16,64.0,poi_economic_index,4,5605.0,16.11,0.07112,0.007112,48.63367195504761
1333,411227.3738420745,3393481.7927185036,zonal_sum,8923.4052734375,5.132262782217954,41,164.0,poi_economic_index,1,10840.0,31.15,0.09879,0.009879,88.15432069628906
1334,411227.3738420745,3393981.7927185036,zonal_sum,6350.281944274902,5.75890177387728,82,328.0,poi_economic_index,1,10840.0,31.15,0.09879,0.009879,62.73443532749177
1335,411227.3738420745,3394481.7927185036,zonal_sum,4830.956739425659,4.8629083820668,35,140.0,poi_economic_index,1,10840.0,31.15,0.09879,0.009879,47.72502162878609
1336,411227.3738420745,3394981.7927185036,zonal_sum,7707.703170776367,3.7328963395307104,12,48.0,poi_economic_index,4,5605.0,16.11,0.07112,0.007112,54.817184950561526
1337,411227.3738420745,3395481.7927185036,zonal_sum,5196.555332183838,4.050044303325521,17,68.0,poi_economic_index,4,5605.0,16.11,0.07112,0.007112,36.957901522491454
1338,411227.3738420745,3395981.7927185036,zonal_sum,5281.456073760986,4.091005660956586,21,84.0,poi_economic_index,6,7236.0,20.79,0.07876,0.007876,41.59674803694153
1339,411227.3738420745,3396481.7927185036,zonal_sum,4937.195466995239,3.152736022363656,8,32.0,poi_economic_index,2,4500.0,12.93,0.06638,0.006638,32.7731035099144
1340,411227.3738420745,3396981.7927185036,zonal_sum,8390.54759979248,2.681021528714291,4,16.0,poi_economic_index,5,3613.0,10.38,0.06283,0.006283,52.71781056949616
1341,411227.3738420745,3397481.7927185036,zonal_sum,9136.831146240234,3.1696855806774287,8,32.0,poi_economic_index,2,4500.0,12.93,0.06638,0.006638,60.650285148742675
1342,411227.3738420745,3397981.7927185036,zonal_sum,5998.7858328819275,3.5322256440685598,5,20.0,poi_economic_index,2,4500.0,12.93,0.06638,0.006638,39.81994035867023
1343,411227.3738420745,3398481.7927185036,zonal_sum,3778.1073036193848,1.33500106673234,1,4.0,poi_economic_index,0,2799.0,8.04,0.05974,0.005974,22.570413031822206
1344,411227.3738420745,3398981.7927185036,zonal_sum,3665.1534538269043,0.0,0,0.0,poi_economic_index,3,1868.0,5.37,0.05642,0.005642,20.678795786491396
1345,411227.3738420745,3399481.7927185036,zonal_sum,626.6648105084896,2.468099531471619,3,12.0,poi_economic_index,5,3613.0,10.38,0.06283,0.006283,3.9373350044248405
1346,411227.3738420745,3399981.7927185036,zonal_sum,182.75535729527473,0.0,0,0.0,poi_economic_index,3,1868.0,5.37,0.05642,0.005642,1.03110572585994
1347,411227.3738420745,3400481.7927185036,zonal_sum,134.75918273627758,0.0,0,0.0,poi_economic_index,3,1868.0,5.37,0.05642,0.005642,0.7603113089980782
1348,411227.3738420745,3400981.7927185036,zonal_sum,336.888334274292,1.33500106673234,1,4.0,poi_economic_index,0,2799.0,8.04,0.05974,0.005974,2.01257090895462
1349,411227.3738420745,3401481.7927185036,zonal_sum,210.65728163719177,0.0,0,0.0,poi_economic_index,3,1868.0,5.37,0.05642,0.005642,1.1885283829970361
1350,411227.3738420745,3401981.7927185036,zonal_sum,406.14197185635567,0.0,0,0.0,poi_economic_index,3,1868.0,5.37,0.05642,0.005642,2.2914530052135587
1351,411227.3738420745,3402481.7927185036,zonal_sum,319.6504414975643,0.0,0,0.0,poi_economic_index,3,1868.0,5.37,0.05642,0.005642,1.803467790929258
1352,411227.3738420745,3402981.7927185036,zonal_sum,983.3516845703125,2.833213344056216,2,8.0,poi_economic_index,5,3613.0,10.38,0.06283,0.006283,6.178398634155274
1353,411727.3738420745,3366981.7927185036,zonal_sum,266.3864731788635,0.0,0,0.0,poi_economic_index,3,1868.0,5.37,0.05642,0.005642,1.502952481675148
1354,411727.3738420745,3367481.7927185036,zonal_sum,427.0329357236624,2.1972245773362196,1,4.0,poi_economic_index,0,2799.0,8.04,0.05974,0.005974,2.551094758013159
1355,411727.3738420745,3367981.7927185036,zonal_sum,549.7070202976465,0.0,0,0.0,poi_economic_index,3,1868.0,5.37,0.05642,0.005642,3.101447008519322
1356,411727.3738420745,3368481.7927185036,zonal_sum,515.1621561050415,0.0,0,0.0,poi_economic_index,3,1868.0,5.37,0.05642,0.005642,2.9065448847446445
1357,411727.3738420745,3368981.7927185036,zonal_sum,37.58305526524782,0.0,0,0.0,poi_economic_index,3,1868.0,5.37,0.05642,0.005642,0.21204359780652823
1358,411727.3738420745,3369481.7927185036,zonal_sum,36.583687007427216,0.0,0,0.0,poi_economic_index,3,1868.0,5.37,0.05642,0.005642,0.20640516209590437
1359,411727.3738420745,3369981.7927185036,zonal_sum,458.9230057001114,0.0,0,0.0,poi_economic_index,3,1868.0,5.37,0.05642,0.005642,2.589243598160029
1360,411727.3738420745,3370481.7927185036,zonal_sum,1195.518099308014,0.0,0,0.0,poi_economic_index,3,1868.0,5.37,0.05642,0.005642,6.745113116295815
1361,411727.3738420745,3370981.7927185036,zonal_sum,708.8445869237185,0.0,0,0.0,poi_economic_index,3,1868.0,5.37,0.05642,0.005642,3.9993011594236196
1362,411727.3738420745,3371481.7927185036,zonal_sum,226.84911131858826,0.0,0,0.0,poi_economic_index,3,1868.0,5.37,0.05642,0.005642,1.279882686059475
1363,411727.3738420745,3371981.7927185036,zonal_sum,1289.314895965159,0.0,0,0.0,poi_economic_index,3,1868.0,5.37,0.05642,0.005642,7.274314643035427
1364,411727.3738420745,3372481.7927185036,zonal_sum,1840.3596277236938,0.0,0,0.0,poi_economic_index,3,1868.0,5.37,0.05642,0.005642,10.383309019617082
1365,411727.3738420745,3372981.7927185036,zonal_sum,3795.266737103462,0.0,0,0.0,poi_economic_index,3,1868.0,5.37,0.05642,0.005642,21.412894930737735
1366,411727.3738420745,3373481.7927185036,zonal_sum,2804.6007966399193,2.240709689275958,3,12.0,poi_economic_index,5,3613.0,10.38,0.06283,0.006283,17.621306805288615
1367,411727.3738420745,3373981.7927185036,zonal_sum,3786.7488651275635,0.0,0,0.0,poi_economic_index,3,1868.0,5.37,0.05642,0.005642,21.364837097049715
1368,411727.3738420745,3374481.7927185036,zonal_sum,1317.9301385432482,1.33500106673234,1,4.0,poi_economic_index,0,2799.0,8.04,0.05974,0.005974,7.873314647657365
1369,411727.3738420745,3374981.7927185036,zonal_sum,2341.542547225952,0.0,0,0.0,poi_economic_index,3,1868.0,5.37,0.05642,0.005642,13.210983051448823
1370,411727.3738420745,3375481.7927185036,zonal_sum,1837.8632117696106,2.3978952727983707,1,4.0,poi_economic_index,5,3613.0,10.38,0.06283,0.006283,11.547294559548464
1371,411727.3738420745,3375981.7927185036,zonal_sum,1190.1564614474773,0.0,0,0.0,poi_economic_index,3,1868.0,5.37,0.05642,0.005642,6.714862755486667
1372,411727.3738420745,3376481.7927185036,zonal_sum,417.6520350575447,1.33500106673234,1,4.0,poi_economic_index,0,2799.0,8.04,0.05974,0.005974,2.495053257433772
1373,411727.3738420745,3376981.7927185036,zonal_sum,1331.1039972305298,0.0,0,0.0,poi_economic_index,3,1868.0,5.37,0.05642,0.005642,7.510088752374649
1374,411727.3738420745,3377481.7927185036,zonal_sum,2687.4647254943848,0.0,0,0.0,poi_economic_index,3,1868.0,5.37,0.05642,0.005642,15.16267598123932
1375,411727.3738420745,3377981.7927185036,zonal_sum,4048.8251876831055,0.0,0,0.0,poi_economic_index,3,1868.0,5.37,0.05642,0.005642,22.843471708908083
1376,411727.3738420745,3378481.7927185036,zonal_sum,2639.575343132019,0.0,0,0.0,poi_economic_index,3,1868.0,5.37,0.05642,0.005642,14.892484085950851
1377,411727.3738420745,3378981.7927185036,zonal_sum,1830.0820291638374,1.0986122886681098,1,4.0,poi_economic_index,0,2799.0,8.04,0.05974,0.005974,10.932910042224766
1378,411727.3738420745,3379481.7927185036,zonal_sum,1596.0964873433113,0.0,0,0.0,poi_economic_index,3,1868.0,5.37,0.05642,0.005642,9.005176381590964
1379,411727.3738420745,3379981.7927185036,zonal_sum,6996.351089477539,2.468099531471619,2,8.0,poi_economic_index,5,3613.0,10.38,0.06283,0.006283,43.95807389518738
1380,411727.3738420745,3380481.7927185036,zonal_sum,2097.4848070144653,0.0,0,0.0,poi_economic_index,3,1868.0,5.37,0.05642,0.005642,11.834009281175614
1381,411727.3738420745,3380981.7927185036,zonal_sum,947.8978232219815,3.152736022363656,8,32.0,poi_economic_index,2,4500.0,12.93,0.06638,0.006638,6.292145750547514
1382,411727.3738420745,3381481.7927185036,zonal_sum,2977.608945399523,2.9652730660692823,7,28.0,poi_economic_index,2,4500.0,12.93,0.06638,0.006638,19.76536817956203
1383,411727.3738420745,3381981.7927185036,zonal_sum,692.1814201921225,0.0,0,0.0,poi_economic_index,3,1868.0,5.37,0.05642,0.005642,3.9052875727239553
1384,411727.3738420745,3382481.7927185036,zonal_sum,258.0082946866751,1.33500106673234,1,4.0,poi_economic_index,0,2799.0,8.04,0.05974,0.005974,1.5413415524581968
1385,411727.3738420745,3382981.7927185036,zonal_sum,305.63551008701324,0.0,0,0.0,poi_economic_index,3,1868.0,5.37,0.05642,0.005642,1.7243955479109287
1386,411727.3738420745,3383481.7927185036,zonal_sum,342.8846700191498,0.0,0,0.0,poi_economic_index,3,1868.0,5.37,0.05642,0.005642,1.9345553082480431
1387,411727.3738420745,3383981.7927185036,zonal_sum,1130.4313588440418,1.8870696490323797,2,8.0,poi_economic_index,0,2799.0,8.04,0.05974,0.005974,6.753196937734306
1388,411727.3738420745,3384481.7927185036,zonal_sum,2284.194792151451,0.0,0,0.0,poi_economic_index,3,1868.0,5.37,0.05642,0.005642,12.887427017318489
1389,411727.3738420745,3384981.7927185036,zonal_sum,2187.670055374503,2.0541237336955462,2,8.0,poi_economic_index,0,2799.0,8.04,0.05974,0.005974,13.069140910807283
1390,411727.3738420745,3385481.7927185036,zonal_sum,2825.4077886343002,2.240709689275958,3,12.0,poi_economic_index,5,3613.0,10.38,0.06283,0.006283,17.75203713598931
1391,411727.3738420745,3385981.7927185036,zonal_sum,3162.5070975720882,0.0,0,0.0,poi_economic_index,3,1868.0,5.37,0.05642,0.005642,17.84286504450172
1392,411727.3738420745,3386481.7927185036,zonal_sum,5890.930084228516,3.0633909220278057,6,24.0,poi_economic_index,2,4500.0,12.93,0.06638,0.006638,39.103993899108886
1393,411727.3738420745,3386981.7927185036,zonal_sum,6046.022216796875,2.8094026953624978,6,24.0,poi_economic_index,2,4500.0,12.93,0.06638,0.006638,40.133495475097654
1394,411727.3738420745,3387481.7927185036,zonal_sum,6497.7507247924805,3.92395157629342,14,56.0,poi_economic_index,4,5605.0,16.11,0.07112,0.007112,46.21200315472412
1395,411727.3738420745,3387981.7927185036,zonal_sum,5166.794731140137,3.152736022363656,8,32.0,poi_economic_index,2,4500.0,12.93,0.06638,0.006638,34.297183425308226
1396,411727.3738420745,3388481.7927185036,zonal_sum,8147.176918029785,3.6109179126442243,7,28.0,poi_economic_index,2,4500.0,12.93,0.06638,0.006638,54.08096038188171
1397,411727.3738420745,3388981.7927185036,zonal_sum,4921.740051269531,2.3978952727983707,3,12.0,poi_economic_index,5,3613.0,10.38,0.06283,0.006283,30.923292742126467
1398,411727.3738420745,3389481.7927185036,zonal_sum,2950.698513031006,2.70805020110221,5,20.0,poi_economic_index,5,3613.0,10.38,0.06283,0.006283,18.539238757373813
1399,411727.3738420745,3389981.7927185036,zonal_sum,8615.141204833984,3.4339872044851463,7,28.0,poi_economic_index,2,4500.0,12.93,0.06638,0.006638,57.18730731768799
1400,411727.3738420745,3390481.7927185036,zonal_sum,6883.730956077576,3.770459441106359,10,40.0,poi_economic_index,2,4500.0,12.93,0.06638,0.006638,45.69420608644295
1401,411727.3738420745,3390981.7927185036,zonal_sum,8874.324896812439,4.456670177669648,20,80.0,poi_economic_index,6,7236.0,20.79,0.07876,0.007876,69.89418288729476
1402,411727.3738420745,3391481.7927185036,zonal_sum,7806.521591186523,5.0912931971137105,36,144.0,poi_economic_index,1,10840.0,31.15,0.09879,0.009879,77.12062679933167
1403,411727.3738420745,3391981.7927185036,zonal_sum,3933.6946001052856,4.96563792816552,41,164.0,poi_economic_index,1,10840.0,31.15,0.09879,0.009879,38.86096895444012
1404,411727.3738420745,3392481.7927185036,zonal_sum,9603.395301818848,4.887337077751762,30,120.0,poi_economic_index,6,7236.0,20.79,0.07876,0.007876,75.63634139712524
1405,411727.3738420745,3392981.7927185036,zonal_sum,8441.468017578125,3.9396381724611196,12,48.0,poi_economic_index,4,5605.0,16.11,0.07112,0.007112,60.03572054101563
1406,411727.3738420745,3393481.7927185036,zonal_sum,9102.873474121094,4.578826210648489,22,88.0,poi_economic_index,6,7236.0,20.79,0.07876,0.007876,71.69423148217773
1407,411727.3738420745,3393981.7927185036,zonal_sum,5614.955059051514,2.681021528714291,4,16.0,poi_economic_index,5,3613.0,10.38,0.06283,0.006283,35.278762636020666
1408,411727.3738420745,3394481.7927185036,zonal_sum,6832.515357971191,4.775756486563625,24,96.0,poi_economic_index,6,7236.0,20.79,0.07876,0.007876,53.8128909593811
1409,411727.3738420745,3394981.7927185036,zonal_sum,6232.336093902588,3.86702563949741,10,40.0,poi_economic_index,2,4500.0,12.93,0.06638,0.006638,41.370246991325374
1410,411727.3738420745,3395481.7927185036,zonal_sum,7120.973327636719,3.6000482404073204,6,24.0,poi_economic_index,2,4500.0,12.93,0.06638,0.006638,47.269020948852535
1411,411727.3738420745,3395981.7927185036,zonal_sum,6177.46919631958,4.136765278106052,22,88.0,poi_economic_index,6,7236.0,20.79,0.07876,0.007876,48.653747390213006
1412,411727.3738420745,3396481.7927185036,zonal_sum,4567.782863616943,4.130354999745133,22,88.0,poi_economic_index,6,7236.0,20.79,0.07876,0.007876,35.975857833847044
1413,411727.3738420745,3396981.7927185036,zonal_sum,6000.017904281616,2.9856819377004897,3,12.0,poi_economic_index,5,3613.0,10.38,0.06283,0.006283,37.698112492601396
1414,411727.3738420745,3397481.7927185036,zonal_sum,3534.8951036930084,0.0,0,0.0,poi_economic_index,3,1868.0,5.37,0.05642,0.005642,19.943878175035955
1415,411727.3738420745,3397981.7927185036,zonal_sum,597.3549585565925,0.0,0,0.0,poi_economic_index,3,1868.0,5.37,0.05642,0.005642,3.370276676176295
1416,411727.3738420745,3398481.7927185036,zonal_sum,3758.8662662506104,0.0,0,0.0,poi_economic_index,3,1868.0,5.37,0.05642,0.005642,21.207523474185944
1417,411727.3738420745,3398981.7927185036,zonal_sum,1693.3172597885132,1.33500106673234,1,4.0,poi_economic_index,0,2799.0,8.04,0.05974,0.005974,10.115877309976579
1418,411727.3738420745,3399481.7927185036,zonal_sum,1302.8829858265817,0.0,0,0.0,poi_economic_index,3,1868.0,5.37,0.05642,0.005642,7.350865806033575
1419,411727.3738420745,3399981.7927185036,zonal_sum,200.944529581815,1.33500106673234,1,4.0,poi_economic_index,0,2799.0,8.04,0.05974,0.005974,1.2004426197217628
1420,411727.3738420745,3400481.7927185036,zonal_sum,278.46358847618103,0.0,0,0.0,poi_economic_index,3,1868.0,5.37,0.05642,0.005642,1.5710915661826135
1421,411727.3738420745,3400981.7927185036,zonal_sum,203.21728992462158,0.0,0,0.0,poi_economic_index,3,1868.0,5.37,0.05642,0.005642,1.146551949754715
1422,411727.3738420745,3401481.7927185036,zonal_sum,112.91795136034489,1.33500106673234,1,4.0,poi_economic_index,0,2799.0,8.04,0.05974,0.005974,0.6745718414267003
1423,411727.3738420745,3401981.7927185036,zonal_sum,252.24779224395752,0.0,0,0.0,poi_economic_index,3,1868.0,5.37,0.05642,0.005642,1.4231820438404084
1424,411727.3738420745,3402481.7927185036,zonal_sum,127.07733118534088,0.0,0,0.0,poi_economic_index,3,1868.0,5.37,0.05642,0.005642,0.7169703025476933
1425,411727.3738420745,3402981.7927185036,zonal_sum,2072.879198074341,0.0,0,0.0,poi_economic_index,3,1868.0,5.37,0.05642,0.005642,11.695184435535431
1426,412227.3738420745,3366481.7927185036,zonal_sum,415.5641462802887,0.0,0,0.0,poi_economic_index,3,1868.0,5.37,0.05642,0.005642,2.344612913313389
1427,412227.3738420745,3366981.7927185036,zonal_sum,319.3710769414902,0.0,0,0.0,poi_economic_index,3,1868.0,5.37,0.05642,0.005642,1.8018916161038876
1428,412227.3738420745,3367481.7927185036,zonal_sum,224.1401397883892,0.0,0,0.0,poi_economic_index,3,1868.0,5.37,0.05642,0.005642,1.264598668686092
1429,412227.3738420745,3367981.7927185036,zonal_sum,438.1527062356472,0.0,0,0.0,poi_economic_index,3,1868.0,5.37,0.05642,0.005642,2.472057568581522
1430,412227.3738420745,3368481.7927185036,zonal_sum,494.91001749038696,0.0,0,0.0,poi_economic_index,3,1868.0,5.37,0.05642,0.005642,2.7922823186807633
1431,412227.3738420745,3368981.7927185036,zonal_sum,164.78998221457005,0.0,0,0.0,poi_economic_index,3,1868.0,5.37,0.05642,0.005642,0.9297450796546043
1432,412227.3738420745,3369481.7927185036,zonal_sum,87.95991492271423,0.0,0,0.0,poi_economic_index,3,1868.0,5.37,0.05642,0.005642,0.49626983999395374
1433,412227.3738420745,3369981.7927185036,zonal_sum,200.9838547706604,0.0,0,0.0,poi_economic_index,3,1868.0,5.37,0.05642,0.005642,1.133950908616066
1434,412227.3738420745,3370481.7927185036,zonal_sum,474.8324408531189,0.0,0,0.0,poi_economic_index,3,1868.0,5.37,0.05642,0.005642,2.679004631293297
1435,412227.3738420745,3370981.7927185036,zonal_sum,1249.4961066246033,1.33500106673234,1,4.0,poi_economic_index,0,2799.0,8.04,0.05974,0.005974,7.46448974097538
1436,412227.3738420745,3371481.7927185036,zonal_sum,528.7617421150208,0.0,0,0.0,poi_economic_index,3,1868.0,5.37,0.05642,0.005642,2.9832737490129473
1437,412227.3738420745,3371981.7927185036,zonal_sum,903.0937004089355,0.0,0,0.0,poi_economic_index,3,1868.0,5.37,0.05642,0.005642,5.095254657707215
1438,412227.3738420745,3372481.7927185036,zonal_sum,1057.4484691619873,0.0,0,0.0,poi_economic_index,3,1868.0,5.37,0.05642,0.005642,5.966124263011933
1439,412227.3738420745,3372981.7927185036,zonal_sum,2114.310908317566,1.33500106673234,1,4.0,poi_economic_index,0,2799.0,8.04,0.05974,0.005974,12.63089336628914
1440,412227.3738420745,3373481.7927185036,zonal_sum,2208.059314750135,0.0,0,0.0,poi_economic_index,3,1868.0,5.37,0.05642,0.005642,12.457870653820262
1441,412227.3738420745,3373981.7927185036,zonal_sum,2580.982905626297,0.0,0,0.0,poi_economic_index,3,1868.0,5.37,0.05642,0.005642,14.561905553543568
1442,412227.3738420745,3374481.7927185036,zonal_sum,180.79778876900673,0.0,0,0.0,poi_economic_index,3,1868.0,5.37,0.05642,0.005642,1.020061124234736
1443,412227.3738420745,3374981.7927185036,zonal_sum,282.594975233078,0.0,0,0.0,poi_economic_index,3,1868.0,5.37,0.05642,0.005642,1.5944008502650262
1444,412227.3738420745,3375481.7927185036,zonal_sum,561.4607667922974,0.0,0,0.0,poi_economic_index,3,1868.0,5.37,0.05642,0.005642,3.167761646242142
1445,412227.3738420745,3375981.7927185036,zonal_sum,459.4302390217781,0.0,0,0.0,poi_economic_index,3,1868.0,5.37,0.05642,0.005642,2.5921054085608723
1446,412227.3738420745,3376481.7927185036,zonal_sum,115.66130469366908,0.0,0,0.0,poi_economic_index,3,1868.0,5.37,0.05642,0.005642,0.652561081081681
1447,412227.3738420745,3376981.7927185036,zonal_sum,375.5465798377991,0.0,0,0.0,poi_economic_index,3,1868.0,5.37,0.05642,0.005642,2.1188338034448626
1448,412227.3738420745,3377481.7927185036,zonal_sum,1728.7463002204895,0.0,0,0.0,poi_economic_index,3,1868.0,5.37,0.05642,0.005642,9.753586625844003
1449,412227.3738420745,3377981.7927185036,zonal_sum,1994.3445825576782,0.0,0,0.0,poi_economic_index,3,1868.0,5.37,0.05642,0.005642,11.252092134790422
1450,412227.3738420745,3378481.7927185036,zonal_sum,2882.397436141968,0.0,0,0.0,poi_economic_index,3,1868.0,5.37,0.05642,0.005642,16.26248633471298
1451,412227.3738420745,3378981.7927185036,zonal_sum,4663.178723335266,2.0541237336955462,2,8.0,poi_economic_index,0,2799.0,8.04,0.05974,0.005974,27.85782969320488
1452,412227.3738420745,3379481.7927185036,zonal_sum,2146.732672214508,2.1972245773362196,1,4.0,poi_economic_index,0,2799.0,8.04,0.05974,0.005974,12.824580983809472
1453,412227.3738420745,3379981.7927185036,zonal_sum,5398.537307739258,2.760009940032921,2,8.0,poi_economic_index,5,3613.0,10.38,0.06283,0.006283,33.91900990452576
1454,412227.3738420745,3380481.7927185036,zonal_sum,5734.885391235352,0.0,0,0.0,poi_economic_index,3,1868.0,5.37,0.05642,0.005642,32.356223377349856
1455,412227.3738420745,3380981.7927185036,zonal_sum,4996.572547912598,0.0,0,0.0,poi_economic_index,3,1868.0,5.37,0.05642,0.005642,28.19066231532288
1456,412227.3738420745,3381481.7927185036,zonal_sum,6259.424293518066,3.005682604407159,6,24.0,poi_economic_index,2,4500.0,12.93,0.06638,0.006638,41.550058460372924
1457,412227.3738420745,3381981.7927185036,zonal_sum,1292.828916311264,1.33500106673234,1,4.0,poi_economic_index,0,2799.0,8.04,0.05974,0.005974,7.723359946043492
1458,412227.3738420745,3382481.7927185036,zonal_sum,1056.821494102478,0.0,0,0.0,poi_economic_index,3,1868.0,5.37,0.05642,0.005642,5.962586869726182
1459,412227.3738420745,3382981.7927185036,zonal_sum,942.885847568512,0.0,0,0.0,poi_economic_index,3,1868.0,5.37,0.05642,0.005642,5.319761951981545
1460,412227.3738420745,3383481.7927185036,zonal_sum,981.856035232544,0.0,0,0.0,poi_economic_index,3,1868.0,5.37,0.05642,0.005642,5.539631750782013
1461,412227.3738420745,3383981.7927185036,zonal_sum,641.0924892425537,0.0,0,0.0,poi_economic_index,3,1868.0,5.37,0.05642,0.005642,3.617043824306488
1462,412227.3738420745,3384481.7927185036,zonal_sum,3882.248017311096,3.3945083935113587,8,32.0,poi_economic_index,2,4500.0,12.93,0.06638,0.006638,25.770362338911056
1463,412227.3738420745,3384981.7927185036,zonal_sum,1951.8008375167847,3.380994674344636,9,36.0,poi_economic_index,2,4500.0,12.93,0.06638,0.006638,12.956053959436415
1464,412227.3738420745,3385481.7927185036,zonal_sum,2586.678828716278,2.240709689275958,3,12.0,poi_economic_index,5,3613.0,10.38,0.06283,0.006283,16.252103080824376
1465,412227.3738420745,3385981.7927185036,zonal_sum,4873.185616791248,0.0,0,0.0,poi_economic_index,3,1868.0,5.37,0.05642,0.005642,27.494513249936226
1466,412227.3738420745,3386481.7927185036,zonal_sum,1985.1854940354824,1.33500106673234,1,4.0,poi_economic_index,0,2799.0,8.04,0.05974,0.005974,11.859498141367972
1467,412227.3738420745,3386981.7927185036,zonal_sum,3005.3864235281944,2.3978952727983707,3,12.0,poi_economic_index,5,3613.0,10.38,0.06283,0.006283,18.882842899027647
1468,412227.3738420745,3387481.7927185036,zonal_sum,2075.1093334555626,2.0541237336955462,2,8.0,poi_economic_index,0,2799.0,8.04,0.05974,0.005974,12.39670315806353
1469,412227.3738420745,3387981.7927185036,zonal_sum,2273.6610654890537,1.33500106673234,1,4.0,poi_economic_index,0,2799.0,8.04,0.05974,0.005974,13.582851205231607
1470,412227.3738420745,3388481.7927185036,zonal_sum,6721.365076005459,2.856470206220483,5,20.0,poi_economic_index,5,3613.0,10.38,0.06283,0.006283,42.2303367725423
1471,412227.3738420745,3388981.7927185036,zonal_sum,3295.988403439522,2.0541237336955462,2,8.0,poi_economic_index,0,2799.0,8.04,0.05974,0.005974,19.690234722147704
1472,412227.3738420745,3389481.7927185036,zonal_sum,3179.8819484710693,2.3608540011180215,3,12.0,poi_economic_index,5,3613.0,10.38,0.06283,0.006283,19.97919828224373
1473,412227.3738420745,3389981.7927185036,zonal_sum,7487.072540283203,3.295836866004329,5,20.0,poi_economic_index,2,4500.0,12.93,0.06638,0.006638,49.6991875223999
1474,412227.3738420745,3390481.7927185036,zonal_sum,3669.7539637088776,4.168214410788556,11,44.0,poi_economic_index,4,5605.0,16.11,0.07112,0.007112,26.099290189897538
1475,412227.3738420745,3390981.7927185036,zonal_sum,7285.098094940186,4.91705694713669,38,152.0,poi_economic_index,1,10840.0,31.15,0.09879,0.009879,71.9694840799141
1476,412227.3738420745,3391481.7927185036,zonal_sum,6567.610065460205,4.549657476057832,20,80.0,poi_economic_index,6,7236.0,20.79,0.07876,0.007876,51.72649687556457
1477,412227.3738420745,3391981.7927185036,zonal_sum,7566.7789096832275,4.180522258463153,19,76.0,poi_economic_index,6,7236.0,20.79,0.07876,0.007876,59.59595069266509
1478,412227.3738420745,3392481.7927185036,zonal_sum,12360.63752746582,4.59511985013459,29,116.0,poi_economic_index,6,7236.0,20.79,0.07876,0.007876,97.3523811663208
1479,412227.3738420745,3392981.7927185036,zonal_sum,9960.90495300293,4.642465970731788,30,120.0,poi_economic_index,6,7236.0,20.79,0.07876,0.007876,78.45208740985107
1480,412227.3738420745,3393481.7927185036,zonal_sum,9280.567907810211,4.470495282661489,22,88.0,poi_economic_index,6,7236.0,20.79,0.07876,0.007876,73.09375284191321
1481,412227.3738420745,3393981.7927185036,zonal_sum,5761.307685375214,3.6109179126442243,9,36.0,poi_economic_index,2,4500.0,12.93,0.06638,0.006638,38.24356041552067
1482,412227.3738420745,3394481.7927185036,zonal_sum,9128.779788970947,3.250374491927572,8,32.0,poi_economic_index,2,4500.0,12.93,0.06638,0.006638,60.59684023918915
1483,412227.3738420745,3394981.7927185036,zonal_sum,6717.493606567383,2.681021528714291,3,12.0,poi_economic_index,5,3613.0,10.38,0.06283,0.006283,42.20601233006287
1484,412227.3738420745,3395481.7927185036,zonal_sum,7102.40998840332,3.6838669122903918,9,36.0,poi_economic_index,2,4500.0,12.93,0.06638,0.006638,47.145797503021235
1485,412227.3738420745,3395981.7927185036,zonal_sum,8516.386222839355,3.3250360206965914,9,36.0,poi_economic_index,2,4500.0,12.93,0.06638,0.006638,56.53177174720764
1486,412227.3738420745,3396481.7927185036,zonal_sum,4553.201385498047,3.632309102625542,10,40.0,poi_economic_index,2,4500.0,12.93,0.06638,0.006638,30.224150796936033
1487,412227.3738420745,3396981.7927185036,zonal_sum,4655.664840698242,0.0,0,0.0,poi_economic_index,3,1868.0,5.37,0.05642,0.005642,26.267261031219483
1488,412227.3738420745,3397481.7927185036,zonal_sum,2565.57351757586,0.0,0,0.0,poi_economic_index,3,1868.0,5.37,0.05642,0.005642,14.474965786163002
1489,412227.3738420745,3397981.7927185036,zonal_sum,1121.581456258893,0.0,0,0.0,poi_economic_index,3,1868.0,5.37,0.05642,0.005642,6.327962576212674
1490,412227.3738420745,3398481.7927185036,zonal_sum,2994.650161743164,0.0,0,0.0,poi_economic_index,3,1868.0,5.37,0.05642,0.005642,16.895816212554934
1491,412227.3738420745,3398981.7927185036,zonal_sum,340.8899085521698,0.0,0,0.0,poi_economic_index,3,1868.0,5.37,0.05642,0.005642,1.923300864051342
1492,412227.3738420745,3399481.7927185036,zonal_sum,321.1146378517151,0.0,0,0.0,poi_economic_index,3,1868.0,5.37,0.05642,0.005642,1.8117287867593765
1493,412227.3738420745,3399981.7927185036,zonal_sum,431.7924566268921,0.0,0,0.0,poi_economic_index,3,1868.0,5.37,0.05642,0.005642,2.4361730402889252
1494,412227.3738420745,3400481.7927185036,zonal_sum,208.25572443008423,1.33500106673234,1,4.0,poi_economic_index,0,2799.0,8.04,0.05974,0.005974,1.2441196977453233
1495,412227.3738420745,3400981.7927185036,zonal_sum,122.29113030433655,1.33500106673234,1,4.0,poi_economic_index,0,2799.0,8.04,0.05974,0.005974,0.7305672124381065
1496,412227.3738420745,3401481.7927185036,zonal_sum,119.96539830416441,0.0,0,0.0,poi_economic_index,3,1868.0,5.37,0.05642,0.005642,0.6768447772320957
1497,412227.3738420745,3401981.7927185036,zonal_sum,688.534702539444,0.0,0,0.0,poi_economic_index,3,1868.0,5.37,0.05642,0.005642,3.884712791727543
1498,412227.3738420745,3402481.7927185036,zonal_sum,660.4296230077744,0.0,0,0.0,poi_economic_index,3,1868.0,5.37,0.05642,0.005642,3.726143933009863
1499,412727.3738420745,3366481.7927185036,zonal_sum,117.488499969244,0.0,0,0.0,poi_economic_index,3,1868.0,5.37,0.05642,0.005642,0.6628701168264747
1500,412727.3738420745,3366981.7927185036,zonal_sum,138.58903113007545,0.0,0,0.0,poi_economic_index,3,1868.0,5.37,0.05642,0.005642,0.7819193136358857
1501,412727.3738420745,3367481.7927185036,zonal_sum,292.05770444869995,0.0,0,0.0,poi_economic_index,3,1868.0,5.37,0.05642,0.005642,1.6477895684995651
1502,412727.3738420745,3367981.7927185036,zonal_sum,208.0858125090599,0.0,0,0.0,poi_economic_index,3,1868.0,5.37,0.05642,0.005642,1.1740201541761162
1503,412727.3738420745,3368481.7927185036,zonal_sum,158.2804857119918,0.0,0,0.0,poi_economic_index,3,1868.0,5.37,0.05642,0.005642,0.8930185003870577
1504,412727.3738420745,3368981.7927185036,zonal_sum,595.7068766802549,0.0,0,0.0,poi_economic_index,3,1868.0,5.37,0.05642,0.005642,3.3609781982299984
1505,412727.3738420745,3369481.7927185036,zonal_sum,949.8462495803833,0.0,0,0.0,poi_economic_index,3,1868.0,5.37,0.05642,0.005642,5.359032540132523
1506,412727.3738420745,3369981.7927185036,zonal_sum,175.2619869709015,0.0,0,0.0,poi_economic_index,3,1868.0,5.37,0.05642,0.005642,0.9888281304898262
1507,412727.3738420745,3370481.7927185036,zonal_sum,38.25930447131395,0.0,0,0.0,poi_economic_index,3,1868.0,5.37,0.05642,0.005642,0.21585899582715334
1508,412727.3738420745,3370981.7927185036,zonal_sum,149.35327299684286,0.0,0,0.0,poi_economic_index,3,1868.0,5.37,0.05642,0.005642,0.8426511662481875
1509,412727.3738420745,3371481.7927185036,zonal_sum,1240.0959758758545,0.0,0,0.0,poi_economic_index,3,1868.0,5.37,0.05642,0.005642,6.996621495891572
1510,412727.3738420745,3371981.7927185036,zonal_sum,1076.5928679704666,0.0,0,0.0,poi_economic_index,3,1868.0,5.37,0.05642,0.005642,6.074136961089373
1511,412727.3738420745,3372481.7927185036,zonal_sum,1770.6361520290375,1.8870696490323797,2,8.0,poi_economic_index,0,2799.0,8.04,0.05974,0.005974,10.57778037222147
1512,412727.3738420745,3372981.7927185036,zonal_sum,2594.468286514282,1.8870696490323797,2,8.0,poi_economic_index,0,2799.0,8.04,0.05974,0.005974,15.499353543636323
1513,412727.3738420745,3373481.7927185036,zonal_sum,1222.62761926651,0.0,0,0.0,poi_economic_index,3,1868.0,5.37,0.05642,0.005642,6.89806502790165
1514,412727.3738420745,3373981.7927185036,zonal_sum,1347.6752772331238,0.0,0,0.0,poi_economic_index,3,1868.0,5.37,0.05642,0.005642,7.603583914149285
1515,412727.3738420745,3374481.7927185036,zonal_sum,39.18835296481848,0.0,0,0.0,poi_economic_index,3,1868.0,5.37,0.05642,0.005642,0.22110068742750585
1516,412727.3738420745,3374981.7927185036,zonal_sum,99.4622628763318,0.0,0,0.0,poi_economic_index,3,1868.0,5.37,0.05642,0.005642,0.5611660871482641
1517,412727.3738420745,3375481.7927185036,zonal_sum,425.50307726860046,0.0,0,0.0,poi_economic_index,3,1868.0,5.37,0.05642,0.005642,2.400688361949444
1518,412727.3738420745,3375981.7927185036,zonal_sum,275.3024815618992,0.0,0,0.0,poi_economic_index,3,1868.0,5.37,0.05642,0.005642,1.5532566009722353
1519,412727.3738420745,3376481.7927185036,zonal_sum,208.81422320008278,0.0,0,0.0,poi_economic_index,3,1868.0,5.37,0.05642,0.005642,1.1781298472948671
1520,412727.3738420745,3376981.7927185036,zonal_sum,246.2491500377655,0.0,0,0.0,poi_economic_index,3,1868.0,5.37,0.05642,0.005642,1.389337704513073
1521,412727.3738420745,3377481.7927185036,zonal_sum,613.0691590309143,0.0,0,0.0,poi_economic_index,3,1868.0,5.37,0.05642,0.005642,3.4589361952524187
1522,412727.3738420745,3377981.7927185036,zonal_sum,330.84398770332336,0.0,0,0.0,poi_economic_index,3,1868.0,5.37,0.05642,0.005642,1.8666217786221506
1523,412727.3738420745,3378481.7927185036,zonal_sum,1115.211844921112,2.681021528714291,5,20.0,poi_economic_index,5,3613.0,10.38,0.06283,0.006283,7.006876021639347
1524,412727.3738420745,3378981.7927185036,zonal_sum,2853.3118267059326,0.0,0,0.0,poi_economic_index,3,1868.0,5.37,0.05642,0.005642,16.098385326274872
1525,412727.3738420745,3379481.7927185036,zonal_sum,2151.2427520751953,0.0,0,0.0,poi_economic_index,3,1868.0,5.37,0.05642,0.005642,12.137311607208252
1526,412727.3738420745,3379981.7927185036,zonal_sum,5347.336378097534,2.151762203259462,3,12.0,poi_economic_index,5,3613.0,10.38,0.06283,0.006283,33.59731446358681
1527,412727.3738420745,3380481.7927185036,zonal_sum,5835.713317871094,3.2188758248682006,4,16.0,poi_economic_index,5,3613.0,10.38,0.06283,0.006283,36.665786776184085
1528,412727.3738420745,3380981.7927185036,zonal_sum,6035.611755371094,2.760009940032921,4,16.0,poi_economic_index,5,3613.0,10.38,0.06283,0.006283,37.921748658996584
1529,412727.3738420745,3381481.7927185036,zonal_sum,6267.9622802734375,0.0,0,0.0,poi_economic_index,3,1868.0,5.37,0.05642,0.005642,35.363843185302734
1530,412727.3738420745,3381981.7927185036,zonal_sum,2106.6650643348694,3.5553480614894135,7,28.0,poi_economic_index,2,4500.0,12.93,0.06638,0.006638,13.984042697054862
1531,412727.3738420745,3382481.7927185036,zonal_sum,2245.008008956909,0.0,0,0.0,poi_economic_index,3,1868.0,5.37,0.05642,0.005642,12.666335186534882
1532,412727.3738420745,3382981.7927185036,zonal_sum,2989.607862472534,1.8870696490323797,2,8.0,poi_economic_index,0,2799.0,8.04,0.05974,0.005974,17.85991737041092
1533,412727.3738420745,3383481.7927185036,zonal_sum,2437.097900390625,0.0,0,0.0,poi_economic_index,3,1868.0,5.37,0.05642,0.005642,13.750106354003908
1534,412727.3738420745,3383981.7927185036,zonal_sum,2424.167229652405,0.0,0,0.0,poi_economic_index,3,1868.0,5.37,0.05642,0.005642,13.677151509698868
1535,412727.3738420745,3384481.7927185036,zonal_sum,4886.9320278167725,1.8870696490323797,2,8.0,poi_economic_index,0,2799.0,8.04,0.05974,0.005974,29.194531934177398
1536,412727.3738420745,3384981.7927185036,zonal_sum,4467.869886398315,1.33500106673234,1,4.0,poi_economic_index,0,2799.0,8.04,0.05974,0.005974,26.691054701343536
1537,412727.3738420745,3385481.7927185036,zonal_sum,2057.7570972442627,0.0,0,0.0,poi_economic_index,3,1868.0,5.37,0.05642,0.005642,11.60986554265213
1538,412727.3738420745,3385981.7927185036,zonal_sum,6555.040084838867,0.0,0,0.0,poi_economic_index,3,1868.0,5.37,0.05642,0.005642,36.98353615866089
1539,412727.3738420745,3386481.7927185036,zonal_sum,5319.141768455505,0.0,0,0.0,poi_economic_index,3,1868.0,5.37,0.05642,0.005642,30.010597857625964
1540,412727.3738420745,3386981.7927185036,zonal_sum,6264.93528175354,0.0,0,0.0,poi_economic_index,3,1868.0,5.37,0.05642,0.005642,35.346764859653476
1541,412727.3738420745,3387481.7927185036,zonal_sum,8193.507389068604,3.9550824948885928,14,56.0,poi_economic_index,4,5605.0,16.11,0.07112,0.007112,58.27222455105591
1542,412727.3738420745,3387981.7927185036,zonal_sum,5607.362403869629,1.0986122886681098,1,4.0,poi_economic_index,0,2799.0,8.04,0.05974,0.005974,33.49838300071716
1543,412727.3738420745,3388481.7927185036,zonal_sum,8973.081413269043,1.8245492920510458,2,8.0,poi_economic_index,0,2799.0,8.04,0.05974,0.005974,53.605188362869264
1544,412727.3738420745,3388981.7927185036,zonal_sum,1061.4707764983177,2.5952547069568657,4,16.0,poi_economic_index,5,3613.0,10.38,0.06283,0.006283,6.669220888738931
1545,412727.3738420745,3389481.7927185036,zonal_sum,1339.353866904974,1.33500106673234,1,4.0,poi_economic_index,0,2799.0,8.04,0.05974,0.005974,8.001300000890314
1546,412727.3738420745,3389981.7927185036,zonal_sum,5221.434508681297,0.0,0,0.0,poi_economic_index,3,1868.0,5.37,0.05642,0.005642,29.45933349797988
1547,412727.3738420745,3390481.7927185036,zonal_sum,7428.156200408936,3.5779478934066544,7,28.0,poi_economic_index,2,4500.0,12.93,0.06638,0.006638,49.30810085831451
1548,412727.3738420745,3390981.7927185036,zonal_sum,10011.432037353516,4.389498649512583,11,44.0,poi_economic_index,4,5605.0,16.11,0.07112,0.007112,71.20130464965821
1549,412727.3738420745,3391481.7927185036,zonal_sum,8570.087829589844,4.063885354737392,12,48.0,poi_economic_index,4,5605.0,16.11,0.07112,0.007112,60.950464644042974
1550,412727.3738420745,3391981.7927185036,zonal_sum,8261.772300720215,4.2456340097683265,16,64.0,poi_economic_index,4,5605.0,16.11,0.07112,0.007112,58.75772460272217
1551,412727.3738420745,3392481.7927185036,zonal_sum,6778.853586196899,3.265759410767051,8,32.0,poi_economic_index,2,4500.0,12.93,0.06638,0.006638,44.99803010517502
1552,412727.3738420745,3392981.7927185036,zonal_sum,7672.966714859009,4.29592393562047,19,76.0,poi_economic_index,6,7236.0,20.79,0.07876,0.007876,60.43228584622955
1553,412727.3738420745,3393481.7927185036,zonal_sum,6032.873785018921,4.104294893075269,16,64.0,poi_economic_index,4,5605.0,16.11,0.07112,0.007112,42.905798359054565
1554,412727.3738420745,3393981.7927185036,zonal_sum,6390.039581298828,2.3608540011180215,3,12.0,poi_economic_index,5,3613.0,10.38,0.06283,0.006283,40.14861868930054
1555,412727.3738420745,3394481.7927185036,zonal_sum,8898.620529174805,3.9550824948885928,15,60.0,poi_economic_index,4,5605.0,16.11,0.07112,0.007112,63.28698920349121
1556,412727.3738420745,3394981.7927185036,zonal_sum,9371.976501464844,3.353406717825807,10,40.0,poi_economic_index,2,4500.0,12.93,0.06638,0.006638,62.21118001672363
1557,412727.3738420745,3395481.7927185036,zonal_sum,7942.699264526367,2.0014800002101243,2,8.0,poi_economic_index,0,2799.0,8.04,0.05974,0.005974,47.449685406280516
1558,412727.3738420745,3395981.7927185036,zonal_sum,7594.174289703369,3.5322256440685593,8,32.0,poi_economic_index,2,4500.0,12.93,0.06638,0.006638,50.41012893505096
1559,412727.3738420745,3396481.7927185036,zonal_sum,4285.61657333374,2.501435951739211,4,16.0,poi_economic_index,5,3613.0,10.38,0.06283,0.006283,26.92652893025589
1560,412727.3738420745,3396981.7927185036,zonal_sum,6961.097564697266,0.0,0,0.0,poi_economic_index,3,1868.0,5.37,0.05642,0.005642,39.274512460021974
1561,412727.3738420745,3397481.7927185036,zonal_sum,4272.615388870239,1.6094379124341003,1,4.0,poi_economic_index,0,2799.0,8.04,0.05974,0.005974,25.52460433311081
1562,412727.3738420745,3397981.7927185036,zonal_sum,4689.108739852905,1.824549292051046,2,8.0,poi_economic_index,0,2799.0,8.04,0.05974,0.005974,28.012735611881258
1563,412727.3738420745,3398481.7927185036,zonal_sum,5847.066066741943,1.0986122886681098,1,4.0,poi_economic_index,0,2799.0,8.04,0.05974,0.005974,34.93037268271637
1564,412727.3738420745,3398981.7927185036,zonal_sum,678.5630700588226,0.0,0,0.0,poi_economic_index,3,1868.0,5.37,0.05642,0.005642,3.8284528412718775
1565,412727.3738420745,3399481.7927185036,zonal_sum,524.4502964019775,0.0,0,0.0,poi_economic_index,3,1868.0,5.37,0.05642,0.005642,2.9589485722999576
1566,412727.3738420745,3399981.7927185036,zonal_sum,778.46457862854,1.33500106673234,1,4.0,poi_economic_index,0,2799.0,8.04,0.05974,0.005974,4.6505473927268985
1567,412727.3738420745,3400481.7927185036,zonal_sum,678.7341256141663,0.0,0,0.0,poi_economic_index,3,1868.0,5.37,0.05642,0.005642,3.829417936715126
1568,412727.3738420745,3400981.7927185036,zonal_sum,262.1248047351837,0.0,0,0.0,poi_economic_index,3,1868.0,5.37,0.05642,0.005642,1.4789081483159066
1569,412727.3738420745,3401481.7927185036,zonal_sum,279.5251884460449,0.0,0,0.0,poi_economic_index,3,1868.0,5.37,0.05642,0.005642,1.5770811132125855
1570,412727.3738420745,3401981.7927185036,zonal_sum,2057.591682434082,0.0,0,0.0,poi_economic_index,3,1868.0,5.37,0.05642,0.005642,11.608932272293092
1571,412727.3738420745,3402481.7927185036,zonal_sum,1304.9973726272583,0.0,0,0.0,poi_economic_index,3,1868.0,5.37,0.05642,0.005642,7.362795176362992
1572,413227.3738420745,3366981.7927185036,zonal_sum,138.93715199828148,0.0,0,0.0,poi_economic_index,3,1868.0,5.37,0.05642,0.005642,0.7838834115743042
1573,413227.3738420745,3367481.7927185036,zonal_sum,48.038446582853794,0.0,0,0.0,poi_economic_index,3,1868.0,5.37,0.05642,0.005642,0.2710329156204611
1574,413227.3738420745,3367981.7927185036,zonal_sum,267.0687325447798,0.0,0,0.0,poi_economic_index,3,1868.0,5.37,0.05642,0.005642,1.5068017890176475
1575,413227.3738420745,3368481.7927185036,zonal_sum,376.7973349094391,0.0,0,0.0,poi_economic_index,3,1868.0,5.37,0.05642,0.005642,2.1258905635590555
1576,413227.3738420745,3368981.7927185036,zonal_sum,568.8249201178551,0.0,0,0.0,poi_economic_index,3,1868.0,5.37,0.05642,0.005642,3.2093101993049387
1577,413227.3738420745,3369481.7927185036,zonal_sum,416.2517532110214,0.0,0,0.0,poi_economic_index,3,1868.0,5.37,0.05642,0.005642,2.348492391616583
1578,413227.3738420745,3369981.7927185036,zonal_sum,271.0094848573208,0.0,0,0.0,poi_economic_index,3,1868.0,5.37,0.05642,0.005642,1.529035513565004
1579,413227.3738420745,3370481.7927185036,zonal_sum,156.70193778723478,0.0,0,0.0,poi_economic_index,3,1868.0,5.37,0.05642,0.005642,0.8841123329955787
1580,413227.3738420745,3370981.7927185036,zonal_sum,515.2548694610596,0.0,0,0.0,poi_economic_index,3,1868.0,5.37,0.05642,0.005642,2.907067973499298
1581,413227.3738420745,3371481.7927185036,zonal_sum,2294.6426458358765,0.0,0,0.0,poi_economic_index,3,1868.0,5.37,0.05642,0.005642,12.946373807806015
1582,413227.3738420745,3371981.7927185036,zonal_sum,1520.6666831970215,0.0,0,0.0,poi_economic_index,3,1868.0,5.37,0.05642,0.005642,8.579601426597595
1583,413227.3738420745,3372481.7927185036,zonal_sum,3097.329381942749,1.8870696490323797,2,8.0,poi_economic_index,0,2799.0,8.04,0.05974,0.005974,18.503445727725982
1584,413227.3738420745,3372981.7927185036,zonal_sum,3467.808525085449,0.0,0,0.0,poi_economic_index,3,1868.0,5.37,0.05642,0.005642,19.565375698532105
1585,413227.3738420745,3373481.7927185036,zonal_sum,743.2728281021118,0.0,0,0.0,poi_economic_index,3,1868.0,5.37,0.05642,0.005642,4.193545296152115
1586,413227.3738420745,3373981.7927185036,zonal_sum,1734.9583690166473,0.0,0,0.0,poi_economic_index,3,1868.0,5.37,0.05642,0.005642,9.788635117991925
1587,413227.3738420745,3374481.7927185036,zonal_sum,131.6420304775238,0.0,0,0.0,poi_economic_index,3,1868.0,5.37,0.05642,0.005642,0.7427243359541893
1588,413227.3738420745,3374981.7927185036,zonal_sum,261.9446167871356,0.0,0,0.0,poi_economic_index,3,1868.0,5.37,0.05642,0.005642,1.4778915279130191
1589,413227.3738420745,3375481.7927185036,zonal_sum,329.3249904513359,0.0,0,0.0,poi_economic_index,3,1868.0,5.37,0.05642,0.005642,1.8580515961264372
1590,413227.3738420745,3375981.7927185036,zonal_sum,475.829759567976,0.0,0,0.0,poi_economic_index,3,1868.0,5.37,0.05642,0.005642,2.6846315034825206
1591,413227.3738420745,3376481.7927185036,zonal_sum,372.9258191585541,0.0,0,0.0,poi_economic_index,3,1868.0,5.37,0.05642,0.005642,2.1040474716925623
1592,413227.3738420745,3376981.7927185036,zonal_sum,618.0487399101257,0.0,0,0.0,poi_economic_index,3,1868.0,5.37,0.05642,0.005642,3.4870309905729298
1593,413227.3738420745,3377481.7927185036,zonal_sum,505.7082916498184,0.0,0,0.0,poi_economic_index,3,1868.0,5.37,0.05642,0.005642,2.8532061814882757
1594,413227.3738420745,3377981.7927185036,zonal_sum,216.83180785179138,0.0,0,0.0,poi_economic_index,3,1868.0,5.37,0.05642,0.005642,1.2233650598998072
1595,413227.3738420745,3378481.7927185036,zonal_sum,2292.137331068516,0.0,0,0.0,poi_economic_index,3,1868.0,5.37,0.05642,0.005642,12.932238821888566
1596,413227.3738420745,3378981.7927185036,zonal_sum,1105.456042289734,0.0,0,0.0,poi_economic_index,3,1868.0,5.37,0.05642,0.005642,6.236982990598679
1597,413227.3738420745,3379481.7927185036,zonal_sum,1119.8632311820984,0.0,0,0.0,poi_economic_index,3,1868.0,5.37,0.05642,0.005642,6.318268350329399
1598,413227.3738420745,3379981.7927185036,zonal_sum,3493.608768939972,1.0986122886681098,1,4.0,poi_economic_index,0,2799.0,8.04,0.05974,0.005974,20.870818785647394
1599,413227.3738420745,3380481.7927185036,zonal_sum,2697.5170155763626,2.785011242238338,2,8.0,poi_economic_index,5,3613.0,10.38,0.06283,0.006283,16.948499408866287
1600,413227.3738420745,3380981.7927185036,zonal_sum,4537.881931304932,0.0,0,0.0,poi_economic_index,3,1868.0,5.37,0.05642,0.005642,25.602729856422425
1601,413227.3738420745,3381481.7927185036,zonal_sum,5817.961448669434,1.33500106673234,1,4.0,poi_economic_index,0,2799.0,8.04,0.05974,0.005974,34.7565016943512
1602,413227.3738420745,3381981.7927185036,zonal_sum,1901.4855666160583,1.8870696490323797,2,8.0,poi_economic_index,0,2799.0,8.04,0.05974,0.005974,11.359474774964333
1603,413227.3738420745,3382481.7927185036,zonal_sum,1228.787157535553,0.0,0,0.0,poi_economic_index,3,1868.0,5.37,0.05642,0.005642,6.9328171428155905
1604,413227.3738420745,3382981.7927185036,zonal_sum,2131.872664451599,0.0,0,0.0,poi_economic_index,3,1868.0,5.37,0.05642,0.005642,12.028025572835922
1605,413227.3738420745,3383481.7927185036,zonal_sum,2808.1581859588623,0.0,0,0.0,poi_economic_index,3,1868.0,5.37,0.05642,0.005642,15.843628485179902
1606,413227.3738420745,3383981.7927185036,zonal_sum,2604.515951156616,0.0,0,0.0,poi_economic_index,3,1868.0,5.37,0.05642,0.005642,14.69467899642563
1607,413227.3738420745,3384481.7927185036,zonal_sum,5012.217710494995,3.0819099697950434,4,16.0,poi_economic_index,5,3613.0,10.38,0.06283,0.006283,31.491763875040057
1608,413227.3738420745,3384981.7927185036,zonal_sum,3608.9815554618835,1.8870696490323797,2,8.0,poi_economic_index,0,2799.0,8.04,0.05974,0.005974,21.560055812329292
1609,413227.3738420745,3385481.7927185036,zonal_sum,3825.9412479400635,0.0,0,0.0,poi_economic_index,3,1868.0,5.37,0.05642,0.005642,21.58596052087784
1610,413227.3738420745,3385981.7927185036,zonal_sum,7777.513885498047,1.33500106673234,1,4.0,poi_economic_index,0,2799.0,8.04,0.05974,0.005974,46.462867951965336
1611,413227.3738420745,3386481.7927185036,zonal_sum,6623.73649597168,2.833213344056216,5,20.0,poi_economic_index,5,3613.0,10.38,0.06283,0.006283,41.616936404190064
1612,413227.3738420745,3386981.7927185036,zonal_sum,5490.956565856934,3.4210000089583352,6,24.0,poi_economic_index,2,4500.0,12.93,0.06638,0.006638,36.44896968415832
1613,413227.3738420745,3387481.7927185036,zonal_sum,7978.396766662598,2.5649493574615367,4,16.0,poi_economic_index,5,3613.0,10.38,0.06283,0.006283,50.128266884941105
1614,413227.3738420745,3387981.7927185036,zonal_sum,6717.508903503418,3.8155121050473024,8,32.0,poi_economic_index,2,4500.0,12.93,0.06638,0.006638,44.59082410145569
1615,413227.3738420745,3388481.7927185036,zonal_sum,10193.965240478516,2.9444389791664403,3,12.0,poi_economic_index,5,3613.0,10.38,0.06283,0.006283,64.04868360592651
1616,413227.3738420745,3388981.7927185036,zonal_sum,9099.99136376381,4.9082333604781745,31,124.0,poi_economic_index,6,7236.0,20.79,0.07876,0.007876,71.67153198100375
1617,413227.3738420745,3389481.7927185036,zonal_sum,9125.27386879921,3.265759410767051,8,32.0,poi_economic_index,2,4500.0,12.93,0.06638,0.006638,60.57356794108915
1618,413227.3738420745,3389981.7927185036,zonal_sum,10215.857025146484,3.9926809084456005,14,56.0,poi_economic_index,4,5605.0,16.11,0.07112,0.007112,72.6551751628418
1619,413227.3738420745,3390481.7927185036,zonal_sum,8581.697280883789,4.192680462942962,13,52.0,poi_economic_index,4,5605.0,16.11,0.07112,0.007112,61.03303106164551
1620,413227.3738420745,3390981.7927185036,zonal_sum,10244.684020996094,4.553876891600541,23,92.0,poi_economic_index,6,7236.0,20.79,0.07876,0.007876,80.68713134936523
1621,413227.3738420745,3391481.7927185036,zonal_sum,7359.904479980469,4.748404354073999,24,96.0,poi_economic_index,6,7236.0,20.79,0.07876,0.007876,57.96660768432616
1622,413227.3738420745,3391981.7927185036,zonal_sum,9080.95329284668,3.955082494888593,12,48.0,poi_economic_index,4,5605.0,16.11,0.07112,0.007112,64.58373981872559
1623,413227.3738420745,3392481.7927185036,zonal_sum,7650.482849121094,3.6838669122903918,5,20.0,poi_economic_index,2,4500.0,12.93,0.06638,0.006638,50.78390515246582
1624,413227.3738420745,3392981.7927185036,zonal_sum,4828.96683742851,2.9444389791664403,5,20.0,poi_economic_index,5,3613.0,10.38,0.06283,0.006283,30.340398639563332
1625,413227.3738420745,3393481.7927185036,zonal_sum,6557.220926761627,3.4965075614664802,7,28.0,poi_economic_index,2,4500.0,12.93,0.06638,0.006638,43.52683251184368
1626,413227.3738420745,3393981.7927185036,zonal_sum,6227.891201019287,3.4339872044851463,10,40.0,poi_economic_index,2,4500.0,12.93,0.06638,0.006638,41.340741792366025
1627,413227.3738420745,3394481.7927185036,zonal_sum,7745.200382232666,4.14946386144318,20,80.0,poi_economic_index,6,7236.0,20.79,0.07876,0.007876,61.00119821046447
1628,413227.3738420745,3394981.7927185036,zonal_sum,6828.482559204102,3.202746442938317,8,32.0,poi_economic_index,2,4500.0,12.93,0.06638,0.006638,45.32746722799683
1629,413227.3738420745,3395481.7927185036,zonal_sum,6483.9646072387695,1.8870696490323797,2,8.0,poi_economic_index,0,2799.0,8.04,0.05974,0.005974,38.73520456364441
1630,413227.3738420745,3395981.7927185036,zonal_sum,8975.868240356445,2.879198457298039,6,24.0,poi_economic_index,2,4500.0,12.93,0.06638,0.006638,59.581813379486086
1631,413227.3738420745,3396481.7927185036,zonal_sum,5881.019729614258,1.33500106673234,1,4.0,poi_economic_index,0,2799.0,8.04,0.05974,0.005974,35.13321186471558
1632,413227.3738420745,3396981.7927185036,zonal_sum,7502.267648696899,2.6246685921631587,5,20.0,poi_economic_index,5,3613.0,10.38,0.06283,0.006283,47.13674763676262
1633,413227.3738420745,3397481.7927185036,zonal_sum,8193.533813476562,4.442651256490317,19,76.0,poi_economic_index,6,7236.0,20.79,0.07876,0.007876,64.5322723149414
1634,413227.3738420745,3397981.7927185036,zonal_sum,9863.642395019531,3.6838669122903918,10,40.0,poi_economic_index,2,4500.0,12.93,0.06638,0.006638,65.47485821813964
1635,413227.3738420745,3398481.7927185036,zonal_sum,6317.90397644043,2.8094026953624978,5,20.0,poi_economic_index,5,3613.0,10.38,0.06283,0.006283,39.69539068397522
1636,413227.3738420745,3398981.7927185036,zonal_sum,2281.7182500362396,1.6094379124341003,1,4.0,poi_economic_index,0,2799.0,8.04,0.05974,0.005974,13.630984825716496
1637,413227.3738420745,3399481.7927185036,zonal_sum,936.9292514324188,0.0,0,0.0,poi_economic_index,3,1868.0,5.37,0.05642,0.005642,5.286154836581708
1638,413227.3738420745,3399981.7927185036,zonal_sum,307.4902466982603,0.0,0,0.0,poi_economic_index,3,1868.0,5.37,0.05642,0.005642,1.7348599718715847
1639,413227.3738420745,3400481.7927185036,zonal_sum,376.84335716068745,0.0,0,0.0,poi_economic_index,3,1868.0,5.37,0.05642,0.005642,2.1261502211005987
1640,413227.3738420745,3400981.7927185036,zonal_sum,346.7286823987961,1.33500106673234,1,4.0,poi_economic_index,0,2799.0,8.04,0.05974,0.005974,2.071357148650408
1641,413227.3738420745,3401481.7927185036,zonal_sum,397.6699426174164,0.0,0,0.0,poi_economic_index,3,1868.0,5.37,0.05642,0.005642,2.2436538162474635
1642,413227.3738420745,3401981.7927185036,zonal_sum,2192.2261247634888,0.0,0,0.0,poi_economic_index,3,1868.0,5.37,0.05642,0.005642,12.368539795915604
1643,413227.3738420745,3402481.7927185036,zonal_sum,1489.7888450622559,0.0,0,0.0,poi_economic_index,3,1868.0,5.37,0.05642,0.005642,8.405388663841247
1644,413727.3738420745,3367481.7927185036,zonal_sum,125.14344173669815,0.0,0,0.0,poi_economic_index,3,1868.0,5.37,0.05642,0.005642,0.706059298278451
1645,413727.3738420745,3367981.7927185036,zonal_sum,48.95597265660763,0.0,0,0.0,poi_economic_index,3,1868.0,5.37,0.05642,0.005642,0.2762095977285802
1646,413727.3738420745,3368481.7927185036,zonal_sum,149.05050119757652,0.0,0,0.0,poi_economic_index,3,1868.0,5.37,0.05642,0.005642,0.8409429277567267
1647,413727.3738420745,3368981.7927185036,zonal_sum,173.81760501861572,0.0,0,0.0,poi_economic_index,3,1868.0,5.37,0.05642,0.005642,0.9806789275150299
1648,413727.3738420745,3369481.7927185036,zonal_sum,121.65772268176079,0.0,0,0.0,poi_economic_index,3,1868.0,5.37,0.05642,0.005642,0.6863928713704944
1649,413727.3738420745,3369981.7927185036,zonal_sum,182.51757697016,0.0,0,0.0,poi_economic_index,3,1868.0,5.37,0.05642,0.005642,1.0297641692656427
1650,413727.3738420745,3370481.7927185036,zonal_sum,434.6885917186737,0.0,0,0.0,poi_economic_index,3,1868.0,5.37,0.05642,0.005642,2.452513034476757
1651,413727.3738420745,3370981.7927185036,zonal_sum,397.5587148666382,0.0,0,0.0,poi_economic_index,3,1868.0,5.37,0.05642,0.005642,2.2430262692775726
1652,413727.3738420745,3371481.7927185036,zonal_sum,1304.7099528312683,0.0,0,0.0,poi_economic_index,3,1868.0,5.37,0.05642,0.005642,7.361173553874016
1653,413727.3738420745,3371981.7927185036,zonal_sum,725.2054843902588,0.0,0,0.0,poi_economic_index,3,1868.0,5.37,0.05642,0.005642,4.09160934292984
1654,413727.3738420745,3372481.7927185036,zonal_sum,2127.1842670440674,0.0,0,0.0,poi_economic_index,3,1868.0,5.37,0.05642,0.005642,12.001573634662629
1655,413727.3738420745,3372981.7927185036,zonal_sum,3584.6546211242676,0.0,0,0.0,poi_economic_index,3,1868.0,5.37,0.05642,0.005642,20.22462137238312
1656,413727.3738420745,3373481.7927185036,zonal_sum,1654.3548840284348,0.0,0,0.0,poi_economic_index,3,1868.0,5.37,0.05642,0.005642,9.33387025568843
1657,413727.3738420745,3373981.7927185036,zonal_sum,260.1986613422632,0.0,0,0.0,poi_economic_index,3,1868.0,5.37,0.05642,0.005642,1.4680408472930493
1658,413727.3738420745,3374481.7927185036,zonal_sum,84.557119846344,0.0,0,0.0,poi_economic_index,3,1868.0,5.37,0.05642,0.005642,0.4770712701730728
1659,413727.3738420745,3374981.7927185036,zonal_sum,248.16615469753742,0.0,0,0.0,poi_economic_index,3,1868.0,5.37,0.05642,0.005642,1.4001534448035062
1660,413727.3738420745,3375481.7927185036,zonal_sum,476.9502499103546,0.0,0,0.0,poi_economic_index,3,1868.0,5.37,0.05642,0.005642,2.690953309994221
1661,413727.3738420745,3375981.7927185036,zonal_sum,452.03326319903135,0.0,0,0.0,poi_economic_index,3,1868.0,5.37,0.05642,0.005642,2.5503716709689352
1662,413727.3738420745,3376481.7927185036,zonal_sum,247.80991323292255,0.0,0,0.0,poi_economic_index,3,1868.0,5.37,0.05642,0.005642,1.398143530460149
1663,413727.3738420745,3376981.7927185036,zonal_sum,400.30117082595825,0.0,0,0.0,poi_economic_index,3,1868.0,5.37,0.05642,0.005642,2.2584992058000566
1664,413727.3738420745,3377481.7927185036,zonal_sum,338.49775314331055,0.0,0,0.0,poi_economic_index,3,1868.0,5.37,0.05642,0.005642,1.9098043232345583
1665,413727.3738420745,3377981.7927185036,zonal_sum,181.43475461006165,0.0,0,0.0,poi_economic_index,3,1868.0,5.37,0.05642,0.005642,1.0236548855099679
1666,413727.3738420745,3378481.7927185036,zonal_sum,549.4848480224609,0.0,0,0.0,poi_economic_index,3,1868.0,5.37,0.05642,0.005642,3.1001935125427247
1667,413727.3738420745,3378981.7927185036,zonal_sum,393.03863111138344,0.0,0,0.0,poi_economic_index,3,1868.0,5.37,0.05642,0.005642,2.2175239567304255
1668,413727.3738420745,3379481.7927185036,zonal_sum,666.6959971953183,0.0,0,0.0,poi_economic_index,3,1868.0,5.37,0.05642,0.005642,3.7614988161759864
1669,413727.3738420745,3379981.7927185036,zonal_sum,2587.022936820984,1.7578579175523736,2,8.0,poi_economic_index,0,2799.0,8.04,0.05974,0.005974,15.454875024568558
1670,413727.3738420745,3380481.7927185036,zonal_sum,1254.2993052005768,2.151762203259462,3,12.0,poi_economic_index,5,3613.0,10.38,0.06283,0.006283,7.880762534575225
1671,413727.3738420745,3380981.7927185036,zonal_sum,1767.4687428474426,0.0,0,0.0,poi_economic_index,3,1868.0,5.37,0.05642,0.005642,9.972058647145271
1672,413727.3738420745,3381481.7927185036,zonal_sum,3379.67289352417,0.0,0,0.0,poi_economic_index,3,1868.0,5.37,0.05642,0.005642,19.068114465263367
1673,413727.3738420745,3381981.7927185036,zonal_sum,2375.76743888855,1.8870696490323797,2,8.0,poi_economic_index,0,2799.0,8.04,0.05974,0.005974,14.192834679920196
1674,413727.3738420745,3382481.7927185036,zonal_sum,531.0349378585815,0.0,0,0.0,poi_economic_index,3,1868.0,5.37,0.05642,0.005642,2.9960991193981172
1675,413727.3738420745,3382981.7927185036,zonal_sum,897.2990665435791,0.0,0,0.0,poi_economic_index,3,1868.0,5.37,0.05642,0.005642,5.0625613334388735
1676,413727.3738420745,3383481.7927185036,zonal_sum,1139.4484853744507,0.0,0,0.0,poi_economic_index,3,1868.0,5.37,0.05642,0.005642,6.428768354482651
1677,413727.3738420745,3383981.7927185036,zonal_sum,1058.364921092987,0.0,0,0.0,poi_economic_index,3,1868.0,5.37,0.05642,0.005642,5.971294884806634
1678,413727.3738420745,3384481.7927185036,zonal_sum,2228.926221847534,3.1179499062782403,5,20.0,poi_economic_index,2,4500.0,12.93,0.06638,0.006638,14.795612260623932
1679,413727.3738420745,3384981.7927185036,zonal_sum,2486.6958961486816,0.0,0,0.0,poi_economic_index,3,1868.0,5.37,0.05642,0.005642,14.029938246070863
1680,413727.3738420745,3385481.7927185036,zonal_sum,3823.9041953086853,0.0,0,0.0,poi_economic_index,3,1868.0,5.37,0.05642,0.005642,21.574467469931605
1681,413727.3738420745,3385981.7927185036,zonal_sum,8255.109237670898,1.0986122886681098,1,4.0,poi_economic_index,0,2799.0,8.04,0.05974,0.005974,49.31602258584595
1682,413727.3738420745,3386481.7927185036,zonal_sum,6545.234756469727,1.33500106673234,1,4.0,poi_economic_index,0,2799.0,8.04,0.05974,0.005974,39.101232435150145
1683,413727.3738420745,3386981.7927185036,zonal_sum,6595.178421020508,3.044522437723423,5,20.0,poi_economic_index,5,3613.0,10.38,0.06283,0.006283,41.43750601927185
1684,413727.3738420745,3387481.7927185036,zonal_sum,6365.4689865112305,0.0,0,0.0,poi_economic_index,3,1868.0,5.37,0.05642,0.005642,35.91397602189637
1685,413727.3738420745,3387981.7927185036,zonal_sum,7105.332321166992,2.2823823856765264,3,12.0,poi_economic_index,5,3613.0,10.38,0.06283,0.006283,44.642802973892216
1686,413727.3738420745,3388481.7927185036,zonal_sum,9296.284118652344,1.7578579175523736,2,8.0,poi_economic_index,0,2799.0,8.04,0.05974,0.005974,55.5360013248291
1687,413727.3738420745,3388981.7927185036,zonal_sum,7894.609664916992,3.4965075614664802,9,36.0,poi_economic_index,2,4500.0,12.93,0.06638,0.006638,52.404418955718995
1688,413727.3738420745,3389481.7927185036,zonal_sum,9530.678356170654,3.4965075614664802,10,40.0,poi_economic_index,2,4500.0,12.93,0.06638,0.006638,63.2646429282608
1689,413727.3738420745,3389981.7927185036,zonal_sum,9641.667770385742,4.653960350157523,34,136.0,poi_economic_index,1,10840.0,31.15,0.09879,0.009879,95.25003590364075
1690,413727.3738420745,3390481.7927185036,zonal_sum,9667.757339477539,4.063885354737392,20,80.0,poi_economic_index,6,7236.0,20.79,0.07876,0.007876,76.14325680572509
1691,413727.3738420745,3390981.7927185036,zonal_sum,10934.260761260986,2.5649493574615367,1,4.0,poi_economic_index,5,3613.0,10.38,0.06283,0.006283,68.69996036300279
1692,413727.3738420745,3391481.7927185036,zonal_sum,9261.451187133789,4.180522258463153,16,64.0,poi_economic_index,4,5605.0,16.11,0.07112,0.007112,65.8674408428955
1693,413727.3738420745,3391981.7927185036,zonal_sum,10843.47998046875,3.407841924380824,8,32.0,poi_economic_index,2,4500.0,12.93,0.06638,0.006638,71.97902011035156
1694,413727.3738420745,3392481.7927185036,zonal_sum,8565.827545166016,3.3250360206965914,4,16.0,poi_economic_index,5,3613.0,10.38,0.06283,0.006283,53.81909446627808
1695,413727.3738420745,3392981.7927185036,zonal_sum,7676.20866394043,0.0,0,0.0,poi_economic_index,3,1868.0,5.37,0.05642,0.005642,43.30916928195191
1696,413727.3738420745,3393481.7927185036,zonal_sum,9267.469421386719,4.014579593753238,12,48.0,poi_economic_index,4,5605.0,16.11,0.07112,0.007112,65.91024252490234
1697,413727.3738420745,3393981.7927185036,zonal_sum,4680.345039367676,2.4336133554004498,4,16.0,poi_economic_index,5,3613.0,10.38,0.06283,0.006283,29.40660788234711
1698,413727.3738420745,3394481.7927185036,zonal_sum,6198.024208068848,3.653252276470785,12,48.0,poi_economic_index,4,5605.0,16.11,0.07112,0.007112,44.080348167785644
1699,413727.3738420745,3394981.7927185036,zonal_sum,7626.677024841309,2.760009940032921,4,16.0,poi_economic_index,5,3613.0,10.38,0.06283,0.006283,47.91841174707795
1700,413727.3738420745,3395481.7927185036,zonal_sum,6840.694396972656,0.0,0,0.0,poi_economic_index,3,1868.0,5.37,0.05642,0.005642,38.59519778771973
1701,413727.3738420745,3395981.7927185036,zonal_sum,6071.300994873047,0.0,0,0.0,poi_economic_index,3,1868.0,5.37,0.05642,0.005642,34.254280213073734
1702,413727.3738420745,3396481.7927185036,zonal_sum,5499.959991455078,1.33500106673234,1,4.0,poi_economic_index,0,2799.0,8.04,0.05974,0.005974,32.85676098895264
1703,413727.3738420745,3396981.7927185036,zonal_sum,8339.23607635498,0.0,0,0.0,poi_economic_index,3,1868.0,5.37,0.05642,0.005642,47.0499699427948
1704,413727.3738420745,3397481.7927185036,zonal_sum,5143.122817993164,3.970291913552122,12,48.0,poi_economic_index,4,5605.0,16.11,0.07112,0.007112,36.57788948156738
1705,413727.3738420745,3397981.7927185036,zonal_sum,4185.51110458374,3.4468078929142076,10,40.0,poi_economic_index,2,4500.0,12.93,0.06638,0.006638,27.783422712226866
1706,413727.3738420745,3398481.7927185036,zonal_sum,4556.688907623291,2.2823823856765264,3,12.0,poi_economic_index,5,3613.0,10.38,0.06283,0.006283,28.629676406597138
1707,413727.3738420745,3398981.7927185036,zonal_sum,2178.8761858940125,1.8870696490323797,2,8.0,poi_economic_index,0,2799.0,8.04,0.05974,0.005974,13.016606334530831
1708,413727.3738420745,3399481.7927185036,zonal_sum,1814.2348251342773,0.0,0,0.0,poi_economic_index,3,1868.0,5.37,0.05642,0.005642,10.235912883407593
1709,413727.3738420745,3399981.7927185036,zonal_sum,2035.7414445877075,2.624668592163159,2,8.0,poi_economic_index,5,3613.0,10.38,0.06283,0.006283,12.790563496344568
1710,413727.3738420745,3400481.7927185036,zonal_sum,911.0135774612427,1.8870696490323797,2,8.0,poi_economic_index,0,2799.0,8.04,0.05974,0.005974,5.442395111753464
1711,413727.3738420745,3400981.7927185036,zonal_sum,313.1265821456909,0.0,0,0.0,poi_economic_index,3,1868.0,5.37,0.05642,0.005642,1.7666601764659882
1712,413727.3738420745,3401481.7927185036,zonal_sum,293.7951970770955,0.0,0,0.0,poi_economic_index,3,1868.0,5.37,0.05642,0.005642,1.657592501908973
1713,413727.3738420745,3401981.7927185036,zonal_sum,1265.8021218776703,0.0,0,0.0,poi_economic_index,3,1868.0,5.37,0.05642,0.005642,7.141655571633816
1714,413727.3738420745,3402481.7927185036,zonal_sum,972.7687067985535,0.0,0,0.0,poi_economic_index,3,1868.0,5.37,0.05642,0.005642,5.488361043757439
1715,414227.3738420745,3367981.7927185036,zonal_sum,1.2560350000858307,0.0,0,0.0,poi_economic_index,3,1868.0,5.37,0.05642,0.005642,0.007086549470484257
1716,414227.3738420745,3368481.7927185036,zonal_sum,75.6099364310503,0.0,0,0.0,poi_economic_index,3,1868.0,5.37,0.05642,0.005642,0.42659126134398584
1717,414227.3738420745,3368981.7927185036,zonal_sum,79.20780763030052,0.0,0,0.0,poi_economic_index,3,1868.0,5.37,0.05642,0.005642,0.4468904506501556
1718,414227.3738420745,3369481.7927185036,zonal_sum,77.75872871279716,0.0,0,0.0,poi_economic_index,3,1868.0,5.37,0.05642,0.005642,0.43871474739760163
1719,414227.3738420745,3369981.7927185036,zonal_sum,79.20730969309807,0.0,0,0.0,poi_economic_index,3,1868.0,5.37,0.05642,0.005642,0.4468876412884593
1720,414227.3738420745,3370481.7927185036,zonal_sum,70.9112823009491,0.0,0,0.0,poi_economic_index,3,1868.0,5.37,0.05642,0.005642,0.40008145474195483
1721,414227.3738420745,3370981.7927185036,zonal_sum,523.0320816040039,0.0,0,0.0,poi_economic_index,3,1868.0,5.37,0.05642,0.005642,2.95094700440979
1722,414227.3738420745,3371481.7927185036,zonal_sum,356.22775530815125,0.0,0,0.0,poi_economic_index,3,1868.0,5.37,0.05642,0.005642,2.0098369954485893
1723,414227.3738420745,3371981.7927185036,zonal_sum,567.6447575092316,0.0,0,0.0,poi_economic_index,3,1868.0,5.37,0.05642,0.005642,3.2026517218670847
1724,414227.3738420745,3372481.7927185036,zonal_sum,1515.288577079773,0.0,0,0.0,poi_economic_index,3,1868.0,5.37,0.05642,0.005642,8.549258151884079
1725,414227.3738420745,3372981.7927185036,zonal_sum,1696.4003438949585,1.33500106673234,1,4.0,poi_economic_index,0,2799.0,8.04,0.05974,0.005974,10.134295654428483
1726,414227.3738420745,3373481.7927185036,zonal_sum,4577.277763366699,0.0,0,0.0,poi_economic_index,3,1868.0,5.37,0.05642,0.005642,25.825001140914917
1727,414227.3738420745,3373981.7927185036,zonal_sum,2392.53547000885,0.0,0,0.0,poi_economic_index,3,1868.0,5.37,0.05642,0.005642,13.498685121789933
1728,414227.3738420745,3374481.7927185036,zonal_sum,83.89297100901604,0.0,0,0.0,poi_economic_index,3,1868.0,5.37,0.05642,0.005642,0.4733241424328685
1729,414227.3738420745,3374981.7927185036,zonal_sum,129.09966026246548,0.0,0,0.0,poi_economic_index,3,1868.0,5.37,0.05642,0.005642,0.7283802832008303
1730,414227.3738420745,3375481.7927185036,zonal_sum,107.32903027534485,0.0,0,0.0,poi_economic_index,3,1868.0,5.37,0.05642,0.005642,0.6055503888134957
1731,414227.3738420745,3375981.7927185036,zonal_sum,250.06396102905273,0.0,0,0.0,poi_economic_index,3,1868.0,5.37,0.05642,0.005642,1.4108608681259156
1732,414227.3738420745,3376481.7927185036,zonal_sum,294.3231337070465,0.0,0,0.0,poi_economic_index,3,1868.0,5.37,0.05642,0.005642,1.6605711203751565
1733,414227.3738420745,3376981.7927185036,zonal_sum,150.8324823603034,0.0,0,0.0,poi_economic_index,3,1868.0,5.37,0.05642,0.005642,0.8509968654768318
1734,414227.3738420745,3377481.7927185036,zonal_sum,96.55558079481125,0.0,0,0.0,poi_economic_index,3,1868.0,5.37,0.05642,0.005642,0.5447665868443251
1735,414227.3738420745,3377981.7927185036,zonal_sum,148.82057940214872,0.0,0,0.0,poi_economic_index,3,1868.0,5.37,0.05642,0.005642,0.8396457089869231
1736,414227.3738420745,3378481.7927185036,zonal_sum,162.817791223526,0.0,0,0.0,poi_economic_index,3,1868.0,5.37,0.05642,0.005642,0.9186179780831337
1737,414227.3738420745,3378981.7927185036,zonal_sum,322.07836627960205,0.0,0,0.0,poi_economic_index,3,1868.0,5.37,0.05642,0.005642,1.817166142549515
1738,414227.3738420745,3379481.7927185036,zonal_sum,1378.332691192627,0.0,0,0.0,poi_economic_index,3,1868.0,5.37,0.05642,0.005642,7.776553043708802
1739,414227.3738420745,3379981.7927185036,zonal_sum,1161.3582782745361,0.0,0,0.0,poi_economic_index,3,1868.0,5.37,0.05642,0.005642,6.5523834060249335
1740,414227.3738420745,3380481.7927185036,zonal_sum,846.6603713035583,0.0,0,0.0,poi_economic_index,3,1868.0,5.37,0.05642,0.005642,4.776857814894677
1741,414227.3738420745,3380981.7927185036,zonal_sum,1575.303069114685,0.0,0,0.0,poi_economic_index,3,1868.0,5.37,0.05642,0.005642,8.887859915945054
1742,414227.3738420745,3381481.7927185036,zonal_sum,903.5584490299225,0.0,0,0.0,poi_economic_index,3,1868.0,5.37,0.05642,0.005642,5.097876769426823
1743,414227.3738420745,3381981.7927185036,zonal_sum,380.30402159690857,0.0,0,0.0,poi_economic_index,3,1868.0,5.37,0.05642,0.005642,2.145675289849758
1744,414227.3738420745,3382481.7927185036,zonal_sum,142.03631658107042,0.0,0,0.0,poi_economic_index,3,1868.0,5.37,0.05642,0.005642,0.8013688981503994
1745,414227.3738420745,3382981.7927185036,zonal_sum,526.721911907196,0.0,0,0.0,poi_economic_index,3,1868.0,5.37,0.05642,0.005642,2.9717650269804
1746,414227.3738420745,3383481.7927185036,zonal_sum,777.1826794147491,0.0,0,0.0,poi_economic_index,3,1868.0,5.37,0.05642,0.005642,4.384864677258015
1747,414227.3738420745,3383981.7927185036,zonal_sum,3438.418249130249,0.0,0,0.0,poi_economic_index,3,1868.0,5.37,0.05642,0.005642,19.399555761592865
1748,414227.3738420745,3384481.7927185036,zonal_sum,2326.3422451019287,0.0,0,0.0,poi_economic_index,3,1868.0,5.37,0.05642,0.005642,13.125222946865083
1749,414227.3738420745,3384981.7927185036,zonal_sum,7371.85391998291,3.1354942159291497,7,28.0,poi_economic_index,2,4500.0,12.93,0.06638,0.006638,48.93436632084656
1750,414227.3738420745,3385481.7927185036,zonal_sum,3878.3768920898438,1.0986122886681098,1,4.0,poi_economic_index,0,2799.0,8.04,0.05974,0.005974,23.16942355334473
1751,414227.3738420745,3385981.7927185036,zonal_sum,8270.865295410156,2.2823823856765264,3,12.0,poi_economic_index,5,3613.0,10.38,0.06283,0.006283,51.965846651062016
1752,414227.3738420745,3386481.7927185036,zonal_sum,3780.495635986328,2.624668592163159,2,8.0,poi_economic_index,5,3613.0,10.38,0.06283,0.006283,23.7528540809021
1753,414227.3738420745,3386981.7927185036,zonal_sum,5498.66898727417,1.0986122886681098,1,4.0,poi_economic_index,0,2799.0,8.04,0.05974,0.005974,32.84904852997589
1754,414227.3738420745,3387481.7927185036,zonal_sum,3243.4233474731445,2.70805020110221,5,20.0,poi_economic_index,5,3613.0,10.38,0.06283,0.006283,20.37842889217377
1755,414227.3738420745,3387981.7927185036,zonal_sum,5340.720097541809,2.468099531471619,3,12.0,poi_economic_index,5,3613.0,10.38,0.06283,0.006283,33.55574437285519
1756,414227.3738420745,3388481.7927185036,zonal_sum,7108.464246749878,2.4336133554004498,4,16.0,poi_economic_index,5,3613.0,10.38,0.06283,0.006283,44.66248086232949
1757,414227.3738420745,3388981.7927185036,zonal_sum,7207.441314697266,3.4468078929142076,7,28.0,poi_economic_index,2,4500.0,12.93,0.06638,0.006638,47.84299544696045
1758,414227.3738420745,3389481.7927185036,zonal_sum,6768.942211151123,2.1972245773362196,3,12.0,poi_economic_index,5,3613.0,10.38,0.06283,0.006283,42.52926391266251
1759,414227.3738420745,3389981.7927185036,zonal_sum,3604.5292682647705,3.9318256327243257,16,64.0,poi_economic_index,4,5605.0,16.11,0.07112,0.007112,25.635412155899047
1760,414227.3738420745,3390481.7927185036,zonal_sum,7073.492042541504,4.210645017918261,18,72.0,poi_economic_index,4,5605.0,16.11,0.07112,0.007112,50.30667540655518
1761,414227.3738420745,3390981.7927185036,zonal_sum,8908.98178100586,3.6109179126442243,12,48.0,poi_economic_index,4,5605.0,16.11,0.07112,0.007112,63.36067842651367
1762,414227.3738420745,3391481.7927185036,zonal_sum,8130.780517578125,4.257030144499196,20,80.0,poi_economic_index,6,7236.0,20.79,0.07876,0.007876,64.03802735644531
1763,414227.3738420745,3391981.7927185036,zonal_sum,7765.630523681641,3.7977338590260183,10,40.0,poi_economic_index,2,4500.0,12.93,0.06638,0.006638,51.54825541619873
1764,414227.3738420745,3392481.7927185036,zonal_sum,8495.878387451172,2.9652730660692823,3,12.0,poi_economic_index,5,3613.0,10.38,0.06283,0.006283,53.37960390835572
1765,414227.3738420745,3392981.7927185036,zonal_sum,8312.233924865723,3.5322256440685598,7,28.0,poi_economic_index,2,4500.0,12.93,0.06638,0.006638,55.176608793258666
1766,414227.3738420745,3393481.7927185036,zonal_sum,10120.066291809082,4.484131857611035,14,56.0,poi_economic_index,4,5605.0,16.11,0.07112,0.007112,71.9739114673462
1767,414227.3738420745,3393981.7927185036,zonal_sum,6925.138690948486,4.036008985209137,8,32.0,poi_economic_index,2,4500.0,12.93,0.06638,0.006638,45.96907063051605
1768,414227.3738420745,3394481.7927185036,zonal_sum,8644.410339355469,2.9652730660692823,7,28.0,poi_economic_index,2,4500.0,12.93,0.06638,0.006638,57.3815958326416
1769,414227.3738420745,3394981.7927185036,zonal_sum,9306.851722717285,3.6635616461296463,11,44.0,poi_economic_index,4,5605.0,16.11,0.07112,0.007112,66.19032945196534
1770,414227.3738420745,3395481.7927185036,zonal_sum,8866.51844406128,2.501435951739211,4,16.0,poi_economic_index,5,3613.0,10.38,0.06283,0.006283,55.70833538403702
1771,414227.3738420745,3395981.7927185036,zonal_sum,5506.159210205078,2.8094026953624978,3,12.0,poi_economic_index,5,3613.0,10.38,0.06283,0.006283,34.595198317718506
1772,414227.3738420745,3396481.7927185036,zonal_sum,4697.622619628906,2.624668592163159,2,8.0,poi_economic_index,5,3613.0,10.38,0.06283,0.006283,29.51516291912842
1773,414227.3738420745,3396981.7927185036,zonal_sum,7975.269805908203,3.858622228701031,7,28.0,poi_economic_index,2,4500.0,12.93,0.06638,0.006638,52.93984097161865
1774,414227.3738420745,3397481.7927185036,zonal_sum,3851.0708084106445,3.7232808808312687,13,52.0,poi_economic_index,4,5605.0,16.11,0.07112,0.007112,27.388815589416506
1775,414227.3738420745,3397981.7927185036,zonal_sum,3873.004192352295,4.239886867512759,25,100.0,poi_economic_index,6,7236.0,20.79,0.07876,0.007876,30.503781018966674
1776,414227.3738420745,3398481.7927185036,zonal_sum,6420.7747802734375,3.250374491927572,4,16.0,poi_economic_index,5,3613.0,10.38,0.06283,0.006283,40.34172794445801
1777,414227.3738420745,3398981.7927185036,zonal_sum,4015.2139830589294,2.468099531471619,3,12.0,poi_economic_index,5,3613.0,10.38,0.06283,0.006283,25.227589455559254
1778,414227.3738420745,3399481.7927185036,zonal_sum,4457.4736585617065,1.33500106673234,1,4.0,poi_economic_index,0,2799.0,8.04,0.05974,0.005974,26.628947636247634
1779,414227.3738420745,3399981.7927185036,zonal_sum,2082.317710876465,0.0,0,0.0,poi_economic_index,3,1868.0,5.37,0.05642,0.005642,11.748436524765015
1780,414227.3738420745,3400481.7927185036,zonal_sum,1007.4610118865967,0.0,0,0.0,poi_economic_index,3,1868.0,5.37,0.05642,0.005642,5.684095029064179
1781,414227.3738420745,3400981.7927185036,zonal_sum,1295.5404994487762,0.0,0,0.0,poi_economic_index,3,1868.0,5.37,0.05642,0.005642,7.309439497889996
1782,414227.3738420745,3401481.7927185036,zonal_sum,1464.476798772812,0.0,0,0.0,poi_economic_index,3,1868.0,5.37,0.05642,0.005642,8.262578098676205
1783,414227.3738420745,3401981.7927185036,zonal_sum,1695.8813633918762,0.0,0,0.0,poi_economic_index,3,1868.0,5.37,0.05642,0.005642,9.568162652256966
1784,414227.3738420745,3402481.7927185036,zonal_sum,1334.114516377449,0.0,0,0.0,poi_economic_index,3,1868.0,5.37,0.05642,0.005642,7.527074101401568
1785,414727.3738420745,3368481.7927185036,zonal_sum,165.8375165462494,0.0,0,0.0,poi_economic_index,3,1868.0,5.37,0.05642,0.005642,0.9356552683539391
1786,414727.3738420745,3368981.7927185036,zonal_sum,194.35159143805504,0.0,0,0.0,poi_economic_index,3,1868.0,5.37,0.05642,0.005642,1.0965316788935067
1787,414727.3738420745,3369481.7927185036,zonal_sum,212.82879209518433,0.0,0,0.0,poi_economic_index,3,1868.0,5.37,0.05642,0.005642,1.20078004500103
1788,414727.3738420745,3369981.7927185036,zonal_sum,174.8807110786438,0.0,0,0.0,poi_economic_index,3,1868.0,5.37,0.05642,0.005642,0.9866769719057084
1789,414727.3738420745,3370481.7927185036,zonal_sum,32.72415471076965,0.0,0,0.0,poi_economic_index,3,1868.0,5.37,0.05642,0.005642,0.1846296808781624
1790,414727.3738420745,3370981.7927185036,zonal_sum,103.40029709041119,0.0,0,0.0,poi_economic_index,3,1868.0,5.37,0.05642,0.005642,0.5833844761840999
1791,414727.3738420745,3371481.7927185036,zonal_sum,149.64024658501148,0.0,0,0.0,poi_economic_index,3,1868.0,5.37,0.05642,0.005642,0.8442702712326349
1792,414727.3738420745,3371981.7927185036,zonal_sum,158.56942336261272,0.0,0,0.0,poi_economic_index,3,1868.0,5.37,0.05642,0.005642,0.894648686611861
1793,414727.3738420745,3372481.7927185036,zonal_sum,778.4091353416443,0.0,0,0.0,poi_economic_index,3,1868.0,5.37,0.05642,0.005642,4.391784341597558
1794,414727.3738420745,3372981.7927185036,zonal_sum,492.5963635444641,0.0,0,0.0,poi_economic_index,3,1868.0,5.37,0.05642,0.005642,2.7792286831178665
1795,414727.3738420745,3373481.7927185036,zonal_sum,1712.4139246940613,0.0,0,0.0,poi_economic_index,3,1868.0,5.37,0.05642,0.005642,9.661439363123895
1796,414727.3738420745,3373981.7927185036,zonal_sum,1147.7092487812042,0.0,0,0.0,poi_economic_index,3,1868.0,5.37,0.05642,0.005642,6.475375581623554
1797,414727.3738420745,3374481.7927185036,zonal_sum,157.60724902153015,0.0,0,0.0,poi_economic_index,3,1868.0,5.37,0.05642,0.005642,0.8892200989794732
1798,414727.3738420745,3374981.7927185036,zonal_sum,284.3058965206146,0.0,0,0.0,poi_economic_index,3,1868.0,5.37,0.05642,0.005642,1.6040538681693077
1799,414727.3738420745,3375481.7927185036,zonal_sum,177.54602505266666,0.0,0,0.0,poi_economic_index,3,1868.0,5.37,0.05642,0.005642,1.0017146733471454
1800,414727.3738420745,3375981.7927185036,zonal_sum,163.03376650810242,0.0,0,0.0,poi_economic_index,3,1868.0,5.37,0.05642,0.005642,0.9198365106387139
1801,414727.3738420745,3376481.7927185036,zonal_sum,394.91656063497066,0.0,0,0.0,poi_economic_index,3,1868.0,5.37,0.05642,0.005642,2.2281192351025045
1802,414727.3738420745,3376981.7927185036,zonal_sum,735.279602766037,0.0,0,0.0,poi_economic_index,3,1868.0,5.37,0.05642,0.005642,4.148447518805981
1803,414727.3738420745,3377481.7927185036,zonal_sum,702.7321305721998,0.0,0,0.0,poi_economic_index,3,1868.0,5.37,0.05642,0.005642,3.9648146806883515
1804,414727.3738420745,3377981.7927185036,zonal_sum,432.61655855178833,0.0,0,0.0,poi_economic_index,3,1868.0,5.37,0.05642,0.005642,2.44082262334919
1805,414727.3738420745,3378481.7927185036,zonal_sum,758.4656662940979,0.0,0,0.0,poi_economic_index,3,1868.0,5.37,0.05642,0.005642,4.2792632892313005
1806,414727.3738420745,3378981.7927185036,zonal_sum,903.5879521369934,0.0,0,0.0,poi_economic_index,3,1868.0,5.37,0.05642,0.005642,5.098043225956917
1807,414727.3738420745,3379481.7927185036,zonal_sum,2637.2060108184814,0.0,0,0.0,poi_economic_index,3,1868.0,5.37,0.05642,0.005642,14.879116313037873
1808,414727.3738420745,3379981.7927185036,zonal_sum,1019.8471302986145,0.0,0,0.0,poi_economic_index,3,1868.0,5.37,0.05642,0.005642,5.753977509144783
1809,414727.3738420745,3380481.7927185036,zonal_sum,187.3497142791748,0.0,0,0.0,poi_economic_index,3,1868.0,5.37,0.05642,0.005642,1.0570270879631043
1810,414727.3738420745,3380981.7927185036,zonal_sum,2479.154541015625,0.0,0,0.0,poi_economic_index,3,1868.0,5.37,0.05642,0.005642,13.987389920410157
1811,414727.3738420745,3381481.7927185036,zonal_sum,1892.4972188472748,0.0,0,0.0,poi_economic_index,3,1868.0,5.37,0.05642,0.005642,10.677469308736326
1812,414727.3738420745,3381981.7927185036,zonal_sum,382.1143846511841,0.0,0,0.0,poi_economic_index,3,1868.0,5.37,0.05642,0.005642,2.1558893582019807
1813,414727.3738420745,3382481.7927185036,zonal_sum,373.30736044049263,2.240709689275958,3,12.0,poi_economic_index,5,3613.0,10.38,0.06283,0.006283,2.345490145647615
1814,414727.3738420745,3382981.7927185036,zonal_sum,391.51969838142395,0.0,0,0.0,poi_economic_index,3,1868.0,5.37,0.05642,0.005642,2.2089541382679942
1815,414727.3738420745,3383481.7927185036,zonal_sum,230.61018375307322,0.0,0,0.0,poi_economic_index,3,1868.0,5.37,0.05642,0.005642,1.3011026567348392
1816,414727.3738420745,3383981.7927185036,zonal_sum,233.47714595496655,2.1972245773362196,1,4.0,poi_economic_index,0,2799.0,8.04,0.05974,0.005974,1.39479246993497
1817,414727.3738420745,3384481.7927185036,zonal_sum,2681.4592583179474,3.2347491740244907,6,24.0,poi_economic_index,2,4500.0,12.93,0.06638,0.006638,17.799526556714536
1818,414727.3738420745,3384981.7927185036,zonal_sum,5764.907623291016,2.9652730660692823,7,28.0,poi_economic_index,2,4500.0,12.93,0.06638,0.006638,38.26745680340576
1819,414727.3738420745,3385481.7927185036,zonal_sum,1831.6727769374847,0.0,0,0.0,poi_economic_index,3,1868.0,5.37,0.05642,0.005642,10.33429780748129
1820,414727.3738420745,3385981.7927185036,zonal_sum,3651.6209087371826,0.0,0,0.0,poi_economic_index,3,1868.0,5.37,0.05642,0.005642,20.602445167095187
1821,414727.3738420745,3386481.7927185036,zonal_sum,2484.3682441711426,0.0,0,0.0,poi_economic_index,3,1868.0,5.37,0.05642,0.005642,14.016805633613588
1822,414727.3738420745,3386981.7927185036,zonal_sum,4517.369663238525,2.468099531471619,3,12.0,poi_economic_index,5,3613.0,10.38,0.06283,0.006283,28.382633594127658
1823,414727.3738420745,3387481.7927185036,zonal_sum,5781.535428464413,3.169685580677429,7,28.0,poi_economic_index,2,4500.0,12.93,0.06638,0.006638,38.37783217414677
1824,414727.3738420745,3387981.7927185036,zonal_sum,5733.586692810059,4.31748811353631,20,80.0,poi_economic_index,6,7236.0,20.79,0.07876,0.007876,45.157728792572016
1825,414727.3738420745,3388481.7927185036,zonal_sum,5733.257989883423,3.9080149840306073,15,60.0,poi_economic_index,4,5605.0,16.11,0.07112,0.007112,40.774930824050905
1826,414727.3738420745,3388981.7927185036,zonal_sum,5255.875217437744,2.468099531471619,2,8.0,poi_economic_index,5,3613.0,10.38,0.06283,0.006283,33.02266399116135
1827,414727.3738420745,3389481.7927185036,zonal_sum,4325.461933135986,3.5085558999826545,7,28.0,poi_economic_index,2,4500.0,12.93,0.06638,0.006638,28.712416312156677
1828,414727.3738420745,3389981.7927185036,zonal_sum,5534.665191650391,5.02256386496153,28,112.0,poi_economic_index,6,7236.0,20.79,0.07876,0.007876,43.591023049438476
1829,414727.3738420745,3390481.7927185036,zonal_sum,3409.963701248169,3.0252910757955354,7,28.0,poi_economic_index,2,4500.0,12.93,0.06638,0.006638,22.635339048885346
1830,414727.3738420745,3390981.7927185036,zonal_sum,5689.1746301651,4.32280727501391,14,56.0,poi_economic_index,4,5605.0,16.11,0.07112,0.007112,40.46140996973419
1831,414727.3738420745,3391481.7927185036,zonal_sum,7172.610898971558,3.100092288878234,6,24.0,poi_economic_index,2,4500.0,12.93,0.06638,0.006638,47.6117911473732
1832,414727.3738420745,3391981.7927185036,zonal_sum,9102.947402954102,3.186352633162641,5,20.0,poi_economic_index,2,4500.0,12.93,0.06638,0.006638,60.425364860809324
1833,414727.3738420745,3392481.7927185036,zonal_sum,6264.990165710449,1.33500106673234,1,4.0,poi_economic_index,0,2799.0,8.04,0.05974,0.005974,37.427051249954225
1834,414727.3738420745,3392981.7927185036,zonal_sum,5066.862791061401,2.833213344056216,2,8.0,poi_economic_index,5,3613.0,10.38,0.06283,0.006283,31.83509891623879
1835,414727.3738420745,3393481.7927185036,zonal_sum,6858.672622680664,4.279440045898781,15,60.0,poi_economic_index,4,5605.0,16.11,0.07112,0.007112,48.77887969250489
1836,414727.3738420745,3393981.7927185036,zonal_sum,8392.932983398438,4.384523514872469,14,56.0,poi_economic_index,4,5605.0,16.11,0.07112,0.007112,59.69053937792969
1837,414727.3738420745,3394481.7927185036,zonal_sum,8520.02978515625,3.970291913552122,10,40.0,poi_economic_index,2,4500.0,12.93,0.06638,0.006638,56.55595771386719
1838,414727.3738420745,3394981.7927185036,zonal_sum,8039.041641235352,3.5553480614894135,11,44.0,poi_economic_index,4,5605.0,16.11,0.07112,0.007112,57.173664152465825
1839,414727.3738420745,3395481.7927185036,zonal_sum,11177.640441894531,4.338597076746545,22,88.0,poi_economic_index,6,7236.0,20.79,0.07876,0.007876,88.03509612036132
1840,414727.3738420745,3395981.7927185036,zonal_sum,7127.460521697998,0.0,0,0.0,poi_economic_index,3,1868.0,5.37,0.05642,0.005642,40.21313226342011
1841,414727.3738420745,3396481.7927185036,zonal_sum,3797.2856407165527,0.0,0,0.0,poi_economic_index,3,1868.0,5.37,0.05642,0.005642,21.424285584922792
1842,414727.3738420745,3396981.7927185036,zonal_sum,9486.447769165039,3.0252910757955354,4,16.0,poi_economic_index,5,3613.0,10.38,0.06283,0.006283,59.603351333663944
1843,414727.3738420745,3397481.7927185036,zonal_sum,4177.28438949585,2.3978952727983707,3,12.0,poi_economic_index,5,3613.0,10.38,0.06283,0.006283,26.245877819202423
1844,414727.3738420745,3397981.7927185036,zonal_sum,3151.276796102524,3.2188758248682006,7,28.0,poi_economic_index,2,4500.0,12.93,0.06638,0.006638,20.91817537252855
1845,414727.3738420745,3398481.7927185036,zonal_sum,7021.933486938477,2.5649493574615367,4,16.0,poi_economic_index,5,3613.0,10.38,0.06283,0.006283,44.11880809843445
1846,414727.3738420745,3398981.7927185036,zonal_sum,4736.969879150391,0.0,0,0.0,poi_economic_index,3,1868.0,5.37,0.05642,0.005642,26.725984058166507
1847,414727.3738420745,3399481.7927185036,zonal_sum,5112.214984893799,0.0,0,0.0,poi_economic_index,3,1868.0,5.37,0.05642,0.005642,28.843116944770813
1848,414727.3738420745,3399981.7927185036,zonal_sum,3846.1103954315186,0.0,0,0.0,poi_economic_index,3,1868.0,5.37,0.05642,0.005642,21.69975485102463
1849,414727.3738420745,3400481.7927185036,zonal_sum,2048.538749694824,0.0,0,0.0,poi_economic_index,3,1868.0,5.37,0.05642,0.005642,11.557855625778199
1850,414727.3738420745,3400981.7927185036,zonal_sum,2515.5390434265137,0.0,0,0.0,poi_economic_index,3,1868.0,5.37,0.05642,0.005642,14.192671283012391
1851,414727.3738420745,3401481.7927185036,zonal_sum,2182.305995464325,0.0,0,0.0,poi_economic_index,3,1868.0,5.37,0.05642,0.005642,12.312570426409723
1852,414727.3738420745,3401981.7927185036,zonal_sum,3568.345634460449,1.6094379124341003,1,4.0,poi_economic_index,0,2799.0,8.04,0.05974,0.005974,21.317296820266723
1853,414727.3738420745,3402481.7927185036,zonal_sum,2490.6603775024414,0.0,0,0.0,poi_economic_index,3,1868.0,5.37,0.05642,0.005642,14.052305849868775
1854,415227.3738420745,3368981.7927185036,zonal_sum,126.61309313774109,0.0,0,0.0,poi_economic_index,3,1868.0,5.37,0.05642,0.005642,0.7143510714831353
1855,415227.3738420745,3369481.7927185036,zonal_sum,193.0428125858307,0.0,0,0.0,poi_economic_index,3,1868.0,5.37,0.05642,0.005642,1.0891475486092568
1856,415227.3738420745,3369981.7927185036,zonal_sum,102.76094675064087,0.0,0,0.0,poi_economic_index,3,1868.0,5.37,0.05642,0.005642,0.5797772615671158
1857,415227.3738420745,3370481.7927185036,zonal_sum,126.13091638684273,0.0,0,0.0,poi_economic_index,3,1868.0,5.37,0.05642,0.005642,0.7116306302545667
1858,415227.3738420745,3370981.7927185036,zonal_sum,123.93053787946701,0.0,0,0.0,poi_economic_index,3,1868.0,5.37,0.05642,0.005642,0.6992160947159529
1859,415227.3738420745,3371481.7927185036,zonal_sum,265.91692024469376,0.0,0,0.0,poi_economic_index,3,1868.0,5.37,0.05642,0.005642,1.5003032640205622
1860,415227.3738420745,3371981.7927185036,zonal_sum,167.9167594909668,0.0,0,0.0,poi_economic_index,3,1868.0,5.37,0.05642,0.005642,0.9473863570480348
1861,415227.3738420745,3372481.7927185036,zonal_sum,277.3422565460205,0.0,0,0.0,poi_economic_index,3,1868.0,5.37,0.05642,0.005642,1.564765011432648
1862,415227.3738420745,3372981.7927185036,zonal_sum,308.02279960364103,0.0,0,0.0,poi_economic_index,3,1868.0,5.37,0.05642,0.005642,1.7378646353637428
1863,415227.3738420745,3373481.7927185036,zonal_sum,264.43533059209585,0.0,0,0.0,poi_economic_index,3,1868.0,5.37,0.05642,0.005642,1.4919441352006049
1864,415227.3738420745,3373981.7927185036,zonal_sum,351.7501940727234,0.0,0,0.0,poi_economic_index,3,1868.0,5.37,0.05642,0.005642,1.9845745949583056
1865,415227.3738420745,3374481.7927185036,zonal_sum,223.1557161808014,0.0,0,0.0,poi_economic_index,3,1868.0,5.37,0.05642,0.005642,1.2590445506920815
1866,415227.3738420745,3374981.7927185036,zonal_sum,360.2884747982025,0.0,0,0.0,poi_economic_index,3,1868.0,5.37,0.05642,0.005642,2.0327475748114585
1867,415227.3738420745,3375481.7927185036,zonal_sum,223.3511606156826,0.0,0,0.0,poi_economic_index,3,1868.0,5.37,0.05642,0.005642,1.2601472481936813
1868,415227.3738420745,3375981.7927185036,zonal_sum,190.97755098342896,0.0,0,0.0,poi_economic_index,3,1868.0,5.37,0.05642,0.005642,1.0774953426485063
1869,415227.3738420745,3376481.7927185036,zonal_sum,257.8896335735917,0.0,0,0.0,poi_economic_index,3,1868.0,5.37,0.05642,0.005642,1.4550133126222045
1870,415227.3738420745,3376981.7927185036,zonal_sum,402.8985710144043,0.0,0,0.0,poi_economic_index,3,1868.0,5.37,0.05642,0.005642,2.2731537376632693
1871,415227.3738420745,3377481.7927185036,zonal_sum,602.0092641860247,0.0,0,0.0,poi_economic_index,3,1868.0,5.37,0.05642,0.005642,3.3965362685375515
1872,415227.3738420745,3377981.7927185036,zonal_sum,359.8867383003235,0.0,0,0.0,poi_economic_index,3,1868.0,5.37,0.05642,0.005642,2.0304809774904253
1873,415227.3738420745,3378481.7927185036,zonal_sum,683.3649458885193,0.0,0,0.0,poi_economic_index,3,1868.0,5.37,0.05642,0.005642,3.855545024703026
1874,415227.3738420745,3378981.7927185036,zonal_sum,736.0580859184265,0.0,0,0.0,poi_economic_index,3,1868.0,5.37,0.05642,0.005642,4.152839720751762
1875,415227.3738420745,3379481.7927185036,zonal_sum,897.293400645256,0.0,0,0.0,poi_economic_index,3,1868.0,5.37,0.05642,0.005642,5.062529366440535
1876,415227.3738420745,3379981.7927185036,zonal_sum,428.85661751776934,0.0,0,0.0,poi_economic_index,3,1868.0,5.37,0.05642,0.005642,2.4196090360352547
1877,415227.3738420745,3380481.7927185036,zonal_sum,670.8945412635803,0.0,0,0.0,poi_economic_index,3,1868.0,5.37,0.05642,0.005642,3.7851870018091205
1878,415227.3738420745,3380981.7927185036,zonal_sum,645.0156401097775,0.0,0,0.0,poi_economic_index,3,1868.0,5.37,0.05642,0.005642,3.6391782414993648
1879,415227.3738420745,3381481.7927185036,zonal_sum,788.0501756668091,0.0,0,0.0,poi_economic_index,3,1868.0,5.37,0.05642,0.005642,4.446179091112137
1880,415227.3738420745,3381981.7927185036,zonal_sum,116.81641760468483,0.0,0,0.0,poi_economic_index,3,1868.0,5.37,0.05642,0.005642,0.6590782281256319
1881,415227.3738420745,3382481.7927185036,zonal_sum,146.6476174518466,1.33500106673234,1,4.0,poi_economic_index,0,2799.0,8.04,0.05974,0.005974,0.8760728666573316
1882,415227.3738420745,3382981.7927185036,zonal_sum,119.65177588164806,0.0,0,0.0,poi_economic_index,3,1868.0,5.37,0.05642,0.005642,0.6750753195242584
1883,415227.3738420745,3383481.7927185036,zonal_sum,66.46138286590576,0.0,0,0.0,poi_economic_index,3,1868.0,5.37,0.05642,0.005642,0.37497512212944034
1884,415227.3738420745,3383981.7927185036,zonal_sum,711.5631132125854,0.0,0,0.0,poi_economic_index,3,1868.0,5.37,0.05642,0.005642,4.014639084745407
1885,415227.3738420745,3384481.7927185036,zonal_sum,942.5274982452393,0.0,0,0.0,poi_economic_index,3,1868.0,5.37,0.05642,0.005642,5.31774014509964
1886,415227.3738420745,3384981.7927185036,zonal_sum,1075.1254124641418,2.0541237336955462,2,8.0,poi_economic_index,0,2799.0,8.04,0.05974,0.005974,6.422799214060784
1887,415227.3738420745,3385481.7927185036,zonal_sum,1092.2761840820312,3.520460802488973,4,16.0,poi_economic_index,2,4500.0,12.93,0.06638,0.006638,7.250529309936523
1888,415227.3738420745,3385981.7927185036,zonal_sum,2673.51944732666,2.2823823856765264,3,12.0,poi_economic_index,5,3613.0,10.38,0.06283,0.006283,16.797722687553406
1889,415227.3738420745,3386481.7927185036,zonal_sum,3485.1026344299316,3.9473901492654373,16,64.0,poi_economic_index,4,5605.0,16.11,0.07112,0.007112,24.786049936065673
1890,415227.3738420745,3386981.7927185036,zonal_sum,7411.999526977539,4.123903364463645,17,68.0,poi_economic_index,4,5605.0,16.11,0.07112,0.007112,52.71414063586426
1891,415227.3738420745,3387481.7927185036,zonal_sum,5884.540512084961,3.295836866004329,7,28.0,poi_economic_index,2,4500.0,12.93,0.06638,0.006638,39.06157991921997
1892,415227.3738420745,3387981.7927185036,zonal_sum,6957.24600982666,4.48863636973214,25,100.0,poi_economic_index,6,7236.0,20.79,0.07876,0.007876,54.79526957339477
1893,415227.3738420745,3388481.7927185036,zonal_sum,6744.986171722412,2.879198457298039,6,24.0,poi_economic_index,2,4500.0,12.93,0.06638,0.006638,44.77321820789337
1894,415227.3738420745,3388981.7927185036,zonal_sum,4346.660080432892,2.5952547069568657,4,16.0,poi_economic_index,5,3613.0,10.38,0.06283,0.006283,27.31006528535986
1895,415227.3738420745,3389481.7927185036,zonal_sum,4234.118930339813,1.33500106673234,1,4.0,poi_economic_index,0,2799.0,8.04,0.05974,0.005974,25.294626489850046
1896,415227.3738420745,3389981.7927185036,zonal_sum,5360.190095901489,1.8870696490323797,2,8.0,poi_economic_index,0,2799.0,8.04,0.05974,0.005974,32.0217756329155
1897,415227.3738420745,3390481.7927185036,zonal_sum,5142.753036499023,4.192680462942962,12,48.0,poi_economic_index,4,5605.0,16.11,0.07112,0.007112,36.57525959558106
1898,415227.3738420745,3390981.7927185036,zonal_sum,6287.215280532837,4.95723451736914,23,92.0,poi_economic_index,6,7236.0,20.79,0.07876,0.007876,49.51810754947662
1899,415227.3738420745,3391481.7927185036,zonal_sum,6677.636908531189,4.578826210648489,21,84.0,poi_economic_index,6,7236.0,20.79,0.07876,0.007876,52.59306829159164
1900,415227.3738420745,3391981.7927185036,zonal_sum,9321.26530456543,4.036008985209137,9,36.0,poi_economic_index,2,4500.0,12.93,0.06638,0.006638,61.87455909170532
1901,415227.3738420745,3392481.7927185036,zonal_sum,8139.126052856445,4.7059200890882344,17,68.0,poi_economic_index,4,5605.0,16.11,0.07112,0.007112,57.885464487915044
1902,415227.3738420745,3392981.7927185036,zonal_sum,5468.75407075882,3.484312288372662,8,32.0,poi_economic_index,2,4500.0,12.93,0.06638,0.006638,36.301589521697046
1903,415227.3738420745,3393481.7927185036,zonal_sum,5293.786070823669,0.0,0,0.0,poi_economic_index,3,1868.0,5.37,0.05642,0.005642,29.867541011587143
1904,415227.3738420745,3393981.7927185036,zonal_sum,7000.758193969727,0.0,0,0.0,poi_economic_index,3,1868.0,5.37,0.05642,0.005642,39.4982777303772
1905,415227.3738420745,3394481.7927185036,zonal_sum,7879.870910644531,3.8416005411316,11,44.0,poi_economic_index,4,5605.0,16.11,0.07112,0.007112,56.041641916503906
1906,415227.3738420745,3394981.7927185036,zonal_sum,7986.4197998046875,3.3945083935113587,10,40.0,poi_economic_index,2,4500.0,12.93,0.06638,0.006638,53.01385463110351
1907,415227.3738420745,3395481.7927185036,zonal_sum,7319.774208068848,0.0,0,0.0,poi_economic_index,3,1868.0,5.37,0.05642,0.005642,41.29816608192444
1908,415227.3738420745,3395981.7927185036,zonal_sum,4036.061897277832,0.0,0,0.0,poi_economic_index,3,1868.0,5.37,0.05642,0.005642,22.77146122444153
1909,415227.3738420745,3396481.7927185036,zonal_sum,2103.8400897979736,0.0,0,0.0,poi_economic_index,3,1868.0,5.37,0.05642,0.005642,11.869865786640167
1910,415227.3738420745,3396981.7927185036,zonal_sum,5029.227710723877,3.380994674344636,9,36.0,poi_economic_index,2,4500.0,12.93,0.06638,0.006638,33.384013543785095
1911,415227.3738420745,3397481.7927185036,zonal_sum,3253.839527130127,0.0,0,0.0,poi_economic_index,3,1868.0,5.37,0.05642,0.005642,18.358162612068178
1912,415227.3738420745,3397981.7927185036,zonal_sum,1969.9808058738708,2.0541237336955462,3,12.0,poi_economic_index,5,3613.0,10.38,0.06283,0.006283,12.377389403305532
1913,415227.3738420745,3398481.7927185036,zonal_sum,5530.293006896973,2.5649493574615367,1,4.0,poi_economic_index,5,3613.0,10.38,0.06283,0.006283,34.74683096233368
1914,415227.3738420745,3398981.7927185036,zonal_sum,5515.18282699585,1.8870696490323797,2,8.0,poi_economic_index,0,2799.0,8.04,0.05974,0.005974,32.94770220847321
1915,415227.3738420745,3399481.7927185036,zonal_sum,3641.63896381855,2.240709689275958,3,12.0,poi_economic_index,5,3613.0,10.38,0.06283,0.006283,22.88041760967195
1916,415227.3738420745,3399981.7927185036,zonal_sum,2105.0275189876556,0.0,0,0.0,poi_economic_index,3,1868.0,5.37,0.05642,0.005642,11.876565262128354
1917,415227.3738420745,3400481.7927185036,zonal_sum,2185.0065343379974,0.0,0,0.0,poi_economic_index,3,1868.0,5.37,0.05642,0.005642,12.327806866734981
1918,415227.3738420745,3400981.7927185036,zonal_sum,1186.4583950042725,0.0,0,0.0,poi_economic_index,3,1868.0,5.37,0.05642,0.005642,6.693998264614105
1919,415227.3738420745,3401481.7927185036,zonal_sum,2178.6979789733887,0.0,0,0.0,poi_economic_index,3,1868.0,5.37,0.05642,0.005642,12.29221399736786
1920,415227.3738420745,3401981.7927185036,zonal_sum,2010.4026336669922,1.6094379124341003,2,8.0,poi_economic_index,0,2799.0,8.04,0.05974,0.005974,12.010145333526612
1921,415727.3738420745,3369481.7927185036,zonal_sum,119.14062947034836,0.0,0,0.0,poi_economic_index,3,1868.0,5.37,0.05642,0.005642,0.6721914314717055
1922,415727.3738420745,3369981.7927185036,zonal_sum,202.61662817001343,0.0,0,0.0,poi_economic_index,3,1868.0,5.37,0.05642,0.005642,1.1431630161352158
1923,415727.3738420745,3370481.7927185036,zonal_sum,96.917062997818,0.0,0,0.0,poi_economic_index,3,1868.0,5.37,0.05642,0.005642,0.5468060694336891
1924,415727.3738420745,3370981.7927185036,zonal_sum,88.508011251688,0.0,0,0.0,poi_economic_index,3,1868.0,5.37,0.05642,0.005642,0.49936219948202376
1925,415727.3738420745,3371481.7927185036,zonal_sum,102.52546238899231,0.0,0,0.0,poi_economic_index,3,1868.0,5.37,0.05642,0.005642,0.5784486587986947
1926,415727.3738420745,3371981.7927185036,zonal_sum,240.04894089698792,0.0,0,0.0,poi_economic_index,3,1868.0,5.37,0.05642,0.005642,1.3543561245408058
1927,415727.3738420745,3372481.7927185036,zonal_sum,318.2693549990654,0.0,0,0.0,poi_economic_index,3,1868.0,5.37,0.05642,0.005642,1.795675700904727
1928,415727.3738420745,3372981.7927185036,zonal_sum,295.17310616374016,0.0,0,0.0,poi_economic_index,3,1868.0,5.37,0.05642,0.005642,1.665366664975822
1929,415727.3738420745,3373481.7927185036,zonal_sum,101.73130142688751,0.0,0,0.0,poi_economic_index,3,1868.0,5.37,0.05642,0.005642,0.5739680026504994
1930,415727.3738420745,3373981.7927185036,zonal_sum,266.8410432487726,0.0,0,0.0,poi_economic_index,3,1868.0,5.37,0.05642,0.005642,1.5055171660095752
1931,415727.3738420745,3374481.7927185036,zonal_sum,357.74828016757965,0.0,0,0.0,poi_economic_index,3,1868.0,5.37,0.05642,0.005642,2.0184157967054843
1932,415727.3738420745,3374981.7927185036,zonal_sum,326.153147816658,0.0,0,0.0,poi_economic_index,3,1868.0,5.37,0.05642,0.005642,1.8401560599815847
1933,415727.3738420745,3375481.7927185036,zonal_sum,295.4665892124176,0.0,0,0.0,poi_economic_index,3,1868.0,5.37,0.05642,0.005642,1.6670224963364602
1934,415727.3738420745,3375981.7927185036,zonal_sum,384.8876976966858,0.0,0,0.0,poi_economic_index,3,1868.0,5.37,0.05642,0.005642,2.171536390404701
1935,415727.3738420745,3376481.7927185036,zonal_sum,187.60483780503273,0.0,0,0.0,poi_economic_index,3,1868.0,5.37,0.05642,0.005642,1.0584664948959948
1936,415727.3738420745,3376981.7927185036,zonal_sum,294.3624687194824,0.0,0,0.0,poi_economic_index,3,1868.0,5.37,0.05642,0.005642,1.66079304851532
1937,415727.3738420745,3377481.7927185036,zonal_sum,230.92456209659576,0.0,0,0.0,poi_economic_index,3,1868.0,5.37,0.05642,0.005642,1.3028763793489935
1938,415727.3738420745,3377981.7927185036,zonal_sum,247.9972393810749,0.0,0,0.0,poi_economic_index,3,1868.0,5.37,0.05642,0.005642,1.3992004245880247
1939,415727.3738420745,3378481.7927185036,zonal_sum,289.94116377830505,0.0,0,0.0,poi_economic_index,3,1868.0,5.37,0.05642,0.005642,1.6358480460371971
1940,415727.3738420745,3378981.7927185036,zonal_sum,591.2970485687256,0.0,0,0.0,poi_economic_index,3,1868.0,5.37,0.05642,0.005642,3.33609794802475
1941,415727.3738420745,3379481.7927185036,zonal_sum,300.442364692688,0.0,0,0.0,poi_economic_index,3,1868.0,5.37,0.05642,0.005642,1.6950958215961458
1942,415727.3738420745,3379981.7927185036,zonal_sum,711.9921875,0.0,0,0.0,poi_economic_index,3,1868.0,5.37,0.05642,0.005642,4.017059921875
1943,415727.3738420745,3380481.7927185036,zonal_sum,477.7889453470707,0.0,0,0.0,poi_economic_index,3,1868.0,5.37,0.05642,0.005642,2.695685229648173
1944,415727.3738420745,3380981.7927185036,zonal_sum,477.494236625731,0.0,0,0.0,poi_economic_index,3,1868.0,5.37,0.05642,0.005642,2.6940224830423745
1945,415727.3738420745,3381481.7927185036,zonal_sum,650.487241268158,0.0,0,0.0,poi_economic_index,3,1868.0,5.37,0.05642,0.005642,3.670049015234947
1946,415727.3738420745,3381981.7927185036,zonal_sum,275.4065736234188,0.7884573603642702,1,4.0,poi_economic_index,0,2799.0,8.04,0.05974,0.005974,1.645278870826304
1947,415727.3738420745,3382481.7927185036,zonal_sum,219.2745816782117,0.0,0,0.0,poi_economic_index,3,1868.0,5.37,0.05642,0.005642,1.2371471898284705
1948,415727.3738420745,3382981.7927185036,zonal_sum,93.88162472844124,0.0,0,0.0,poi_economic_index,3,1868.0,5.37,0.05642,0.005642,0.5296801267178655
1949,415727.3738420745,3383481.7927185036,zonal_sum,64.04998254776001,0.0,0,0.0,poi_economic_index,3,1868.0,5.37,0.05642,0.005642,0.36137000153446197
1950,415727.3738420745,3383981.7927185036,zonal_sum,573.2995879650116,0.0,0,0.0,poi_economic_index,3,1868.0,5.37,0.05642,0.005642,3.2345562752985955
1951,415727.3738420745,3384481.7927185036,zonal_sum,299.2596607208252,0.0,0,0.0,poi_economic_index,3,1868.0,5.37,0.05642,0.005642,1.6884230057868959
1952,415727.3738420745,3384981.7927185036,zonal_sum,227.344890832901,0.0,0,0.0,poi_economic_index,3,1868.0,5.37,0.05642,0.005642,1.2826798740792276
1953,415727.3738420745,3385481.7927185036,zonal_sum,2362.121416091919,2.9444389791664403,6,24.0,poi_economic_index,2,4500.0,12.93,0.06638,0.006638,15.679761960018158
1954,415727.3738420745,3385981.7927185036,zonal_sum,5393.245716094971,3.770459441106359,14,56.0,poi_economic_index,4,5605.0,16.11,0.07112,0.007112,38.35676353286743
1955,415727.3738420745,3386481.7927185036,zonal_sum,3327.217842102051,3.7977338590260183,14,56.0,poi_economic_index,4,5605.0,16.11,0.07112,0.007112,23.663173293029786
1956,415727.3738420745,3386981.7927185036,zonal_sum,6444.124176025391,3.8501476017100584,13,52.0,poi_economic_index,4,5605.0,16.11,0.07112,0.007112,45.83061113989258
1957,415727.3738420745,3387481.7927185036,zonal_sum,7002.603622436523,4.364371699435161,21,84.0,poi_economic_index,6,7236.0,20.79,0.07876,0.007876,55.15250613031005
1958,415727.3738420745,3387981.7927185036,zonal_sum,6256.930511474609,3.8066624897703196,13,52.0,poi_economic_index,4,5605.0,16.11,0.07112,0.007112,44.499289797607425
1959,415727.3738420745,3388481.7927185036,zonal_sum,3739.32047021389,4.028916756899646,16,64.0,poi_economic_index,4,5605.0,16.11,0.07112,0.007112,26.594047184161187
1960,415727.3738420745,3388981.7927185036,zonal_sum,4205.724334716797,4.050044303325521,18,72.0,poi_economic_index,4,5605.0,16.11,0.07112,0.007112,29.91111146850586
1961,415727.3738420745,3389481.7927185036,zonal_sum,3230.278272628784,3.1179499062782403,7,28.0,poi_economic_index,2,4500.0,12.93,0.06638,0.006638,21.442587173709867
1962,415727.3738420745,3389981.7927185036,zonal_sum,1026.697958946228,2.9856819377004893,7,28.0,poi_economic_index,2,4500.0,12.93,0.06638,0.006638,6.815221051485062
1963,415727.3738420745,3390481.7927185036,zonal_sum,6554.978857040405,2.1972245773362196,3,12.0,poi_economic_index,5,3613.0,10.38,0.06283,0.006283,41.18493215878487
1964,415727.3738420745,3390981.7927185036,zonal_sum,8645.914367675781,2.9444389791664403,7,28.0,poi_economic_index,2,4500.0,12.93,0.06638,0.006638,57.391579572631834
1965,415727.3738420745,3391481.7927185036,zonal_sum,7996.465682983398,4.050044303325521,17,68.0,poi_economic_index,4,5605.0,16.11,0.07112,0.007112,56.87086393737793
1966,415727.3738420745,3391981.7927185036,zonal_sum,9086.030410766602,2.9856819377004893,7,28.0,poi_economic_index,2,4500.0,12.93,0.06638,0.006638,60.3130698666687
1967,415727.3738420745,3392481.7927185036,zonal_sum,7172.473358154297,3.202746442938317,5,20.0,poi_economic_index,2,4500.0,12.93,0.06638,0.006638,47.610878151428224
1968,415727.3738420745,3392981.7927185036,zonal_sum,4495.106774330139,4.021773869387265,15,60.0,poi_economic_index,4,5605.0,16.11,0.07112,0.007112,31.969199379035953
1969,415727.3738420745,3393481.7927185036,zonal_sum,6827.021179199219,4.856706811803519,38,152.0,poi_economic_index,1,10840.0,31.15,0.09879,0.009879,67.44414222930908
1970,415727.3738420745,3393981.7927185036,zonal_sum,7806.77360534668,4.709530201312334,26,104.0,poi_economic_index,6,7236.0,20.79,0.07876,0.007876,61.486148915710444
1971,415727.3738420745,3394481.7927185036,zonal_sum,7725.273216247559,3.250374491927572,6,24.0,poi_economic_index,2,4500.0,12.93,0.06638,0.006638,51.28036360945129
1972,415727.3738420745,3394981.7927185036,zonal_sum,5916.029632568359,3.0633909220278057,4,16.0,poi_economic_index,5,3613.0,10.38,0.06283,0.006283,37.170414181427006
1973,415727.3738420745,3395481.7927185036,zonal_sum,5782.748565673828,3.4210000089583352,7,28.0,poi_economic_index,2,4500.0,12.93,0.06638,0.006638,38.38588497894287
1974,415727.3738420745,3395981.7927185036,zonal_sum,3282.6103858947754,0.0,0,0.0,poi_economic_index,3,1868.0,5.37,0.05642,0.005642,18.520487797218323
1975,415727.3738420745,3396481.7927185036,zonal_sum,2253.193260192871,0.0,0,0.0,poi_economic_index,3,1868.0,5.37,0.05642,0.005642,12.71251637400818
1976,415727.3738420745,3396981.7927185036,zonal_sum,2968.1734504699707,1.8870696490323797,2,8.0,poi_economic_index,0,2799.0,8.04,0.05974,0.005974,17.731868193107605
1977,415727.3738420745,3397481.7927185036,zonal_sum,2755.7222995758057,1.8245492920510458,2,8.0,poi_economic_index,0,2799.0,8.04,0.05974,0.005974,16.462685017665862
1978,415727.3738420745,3397981.7927185036,zonal_sum,1758.839340209961,3.8416005411316,16,64.0,poi_economic_index,4,5605.0,16.11,0.07112,0.007112,12.508865387573243
1979,415727.3738420745,3398481.7927185036,zonal_sum,829.9858727455139,0.0,0,0.0,poi_economic_index,3,1868.0,5.37,0.05642,0.005642,4.68278029403019
1980,415727.3738420745,3398981.7927185036,zonal_sum,3482.907636642456,2.501435951739211,4,16.0,poi_economic_index,5,3613.0,10.38,0.06283,0.006283,21.883108681024552
1981,415727.3738420745,3399481.7927185036,zonal_sum,2843.014872074127,0.0,0,0.0,poi_economic_index,3,1868.0,5.37,0.05642,0.005642,16.040289908242226
1982,415727.3738420745,3399981.7927185036,zonal_sum,624.6996498703957,0.0,0,0.0,poi_economic_index,3,1868.0,5.37,0.05642,0.005642,3.5245554245687725
1983,415727.3738420745,3400481.7927185036,zonal_sum,2131.1030139923096,0.0,0,0.0,poi_economic_index,3,1868.0,5.37,0.05642,0.005642,12.02368320494461
1984,415727.3738420745,3400981.7927185036,zonal_sum,3158.6790256500244,0.0,0,0.0,poi_economic_index,3,1868.0,5.37,0.05642,0.005642,17.82126706271744
1985,415727.3738420745,3401481.7927185036,zonal_sum,867.3621399402618,0.0,0,0.0,poi_economic_index,3,1868.0,5.37,0.05642,0.005642,4.893657193542958
1986,416227.3738420745,3369981.7927185036,zonal_sum,115.9530211687088,0.0,0,0.0,poi_economic_index,3,1868.0,5.37,0.05642,0.005642,0.654206945433855
1987,416227.3738420745,3370481.7927185036,zonal_sum,166.8765938282013,0.0,0,0.0,poi_economic_index,3,1868.0,5.37,0.05642,0.005642,0.9415177423787118
1988,416227.3738420745,3370981.7927185036,zonal_sum,144.01682195067406,0.0,0,0.0,poi_economic_index,3,1868.0,5.37,0.05642,0.005642,0.8125429094457031
1989,416227.3738420745,3371481.7927185036,zonal_sum,162.48792345821857,0.0,0,0.0,poi_economic_index,3,1868.0,5.37,0.05642,0.005642,0.9167568641512692
1990,416227.3738420745,3371981.7927185036,zonal_sum,296.0494353622198,0.0,0,0.0,poi_economic_index,3,1868.0,5.37,0.05642,0.005642,1.6703109143136443
1991,416227.3738420745,3372481.7927185036,zonal_sum,917.2048192024231,0.0,0,0.0,poi_economic_index,3,1868.0,5.37,0.05642,0.005642,5.174869589940071
1992,416227.3738420745,3372981.7927185036,zonal_sum,627.8122726380825,0.0,0,0.0,poi_economic_index,3,1868.0,5.37,0.05642,0.005642,3.5421168422240616
1993,416227.3738420745,3373481.7927185036,zonal_sum,140.37211564183235,0.0,0,0.0,poi_economic_index,3,1868.0,5.37,0.05642,0.005642,0.7919794764512181
1994,416227.3738420745,3373981.7927185036,zonal_sum,229.92186573892832,0.0,0,0.0,poi_economic_index,3,1868.0,5.37,0.05642,0.005642,1.2972191664990336
1995,416227.3738420745,3374481.7927185036,zonal_sum,141.12535466253757,0.0,0,0.0,poi_economic_index,3,1868.0,5.37,0.05642,0.005642,0.796229251006037
1996,416227.3738420745,3374981.7927185036,zonal_sum,235.2530221939087,0.0,0,0.0,poi_economic_index,3,1868.0,5.37,0.05642,0.005642,1.327297551218033
1997,416227.3738420745,3375481.7927185036,zonal_sum,187.23112764954567,0.0,0,0.0,poi_economic_index,3,1868.0,5.37,0.05642,0.005642,1.0563580221987368
1998,416227.3738420745,3375981.7927185036,zonal_sum,216.58384108543396,0.0,0,0.0,poi_economic_index,3,1868.0,5.37,0.05642,0.005642,1.2219660314040184
1999,416227.3738420745,3376481.7927185036,zonal_sum,124.09179639816284,0.0,0,0.0,poi_economic_index,3,1868.0,5.37,0.05642,0.005642,0.7001259152784348
2000,416227.3738420745,3376981.7927185036,zonal_sum,156.47005319595337,0.0,0,0.0,poi_economic_index,3,1868.0,5.37,0.05642,0.005642,0.882804040131569
2001,416227.3738420745,3377481.7927185036,zonal_sum,274.7445060759783,0.0,0,0.0,poi_economic_index,3,1868.0,5.37,0.05642,0.005642,1.5501085032806696
2002,416227.3738420745,3377981.7927185036,zonal_sum,134.39388113468885,0.0,0,0.0,poi_economic_index,3,1868.0,5.37,0.05642,0.005642,0.7582502773619145
2003,416227.3738420745,3378481.7927185036,zonal_sum,660.4960877895355,0.0,0,0.0,poi_economic_index,3,1868.0,5.37,0.05642,0.005642,3.7265189273085597
2004,416227.3738420745,3378981.7927185036,zonal_sum,364.32848596572876,0.0,0,0.0,poi_economic_index,3,1868.0,5.37,0.05642,0.005642,2.055541317818642
2005,416227.3738420745,3379481.7927185036,zonal_sum,244.9788686260581,0.0,0,0.0,poi_economic_index,3,1868.0,5.37,0.05642,0.005642,1.3821707767882199
2006,416227.3738420745,3379981.7927185036,zonal_sum,387.1828067302704,0.0,0,0.0,poi_economic_index,3,1868.0,5.37,0.05642,0.005642,2.1844853955721857
2007,416227.3738420745,3380481.7927185036,zonal_sum,46.980952739715576,0.0,0,0.0,poi_economic_index,3,1868.0,5.37,0.05642,0.005642,0.2650665353574753
2008,416227.3738420745,3380981.7927185036,zonal_sum,224.44185465574265,0.0,0,0.0,poi_economic_index,3,1868.0,5.37,0.05642,0.005642,1.2663009439677
2009,416227.3738420745,3381481.7927185036,zonal_sum,286.9496076107025,0.0,0,0.0,poi_economic_index,3,1868.0,5.37,0.05642,0.005642,1.6189696861395837
2010,416227.3738420745,3381981.7927185036,zonal_sum,46.37768400833011,1.33500106673234,1,4.0,poi_economic_index,0,2799.0,8.04,0.05974,0.005974,0.27706028426576407
2011,416227.3738420745,3382481.7927185036,zonal_sum,425.705575466156,0.0,0,0.0,poi_economic_index,3,1868.0,5.37,0.05642,0.005642,2.401830856780052
2012,416227.3738420745,3382981.7927185036,zonal_sum,272.85009002685547,0.0,0,0.0,poi_economic_index,3,1868.0,5.37,0.05642,0.005642,1.5394202079315187
2013,416227.3738420745,3383481.7927185036,zonal_sum,96.35872685909271,0.0,0,0.0,poi_economic_index,3,1868.0,5.37,0.05642,0.005642,0.5436559369390012
2014,416227.3738420745,3383981.7927185036,zonal_sum,728.0058736801147,0.0,0,0.0,poi_economic_index,3,1868.0,5.37,0.05642,0.005642,4.107409139303208
2015,416227.3738420745,3384481.7927185036,zonal_sum,800.0504227131605,2.760009940032921,3,12.0,poi_economic_index,5,3613.0,10.38,0.06283,0.006283,5.026716805906788
2016,416227.3738420745,3384981.7927185036,zonal_sum,1134.9445366859436,0.0,0,0.0,poi_economic_index,3,1868.0,5.37,0.05642,0.005642,6.403357075982094
2017,416227.3738420745,3385481.7927185036,zonal_sum,1998.5785007476807,0.0,0,0.0,poi_economic_index,3,1868.0,5.37,0.05642,0.005642,11.275979901218415
2018,416227.3738420745,3385981.7927185036,zonal_sum,3767.0916299819946,0.0,0,0.0,poi_economic_index,3,1868.0,5.37,0.05642,0.005642,21.253930976358415
2019,416227.3738420745,3386481.7927185036,zonal_sum,6532.573661804199,4.51085950651685,26,104.0,poi_economic_index,6,7236.0,20.79,0.07876,0.007876,51.45055016036987
2020,416227.3738420745,3386981.7927185036,zonal_sum,5129.162149429321,4.515245478460105,28,112.0,poi_economic_index,6,7236.0,20.79,0.07876,0.007876,40.39728108890533
2021,416227.3738420745,3387481.7927185036,zonal_sum,5659.61329460144,4.558078578454241,30,120.0,poi_economic_index,6,7236.0,20.79,0.07876,0.007876,44.57511430828094
2022,416227.3738420745,3387981.7927185036,zonal_sum,4139.419156551361,4.680277658474897,25,100.0,poi_economic_index,6,7236.0,20.79,0.07876,0.007876,32.602065276998516
2023,416227.3738420745,3388481.7927185036,zonal_sum,1460.1365551948547,2.322387720290225,3,12.0,poi_economic_index,5,3613.0,10.38,0.06283,0.006283,9.174037976289274
2024,416227.3738420745,3388981.7927185036,zonal_sum,1366.8499126434326,2.0541237336955462,2,8.0,poi_economic_index,0,2799.0,8.04,0.05974,0.005974,8.165561378131867
2025,416227.3738420745,3389481.7927185036,zonal_sum,2212.450708389282,1.7578579175523736,2,8.0,poi_economic_index,0,2799.0,8.04,0.05974,0.005974,13.217180531917572
2026,416227.3738420745,3389981.7927185036,zonal_sum,3635.32901763916,2.8791984572980396,6,24.0,poi_economic_index,2,4500.0,12.93,0.06638,0.006638,24.131314019088745
2027,416227.3738420745,3390481.7927185036,zonal_sum,4797.438472747803,3.169685580677429,5,20.0,poi_economic_index,2,4500.0,12.93,0.06638,0.006638,31.845396582099912
2028,416227.3738420745,3390981.7927185036,zonal_sum,3933.5242490768433,2.734367509419583,6,24.0,poi_economic_index,2,4500.0,12.93,0.06638,0.006638,26.110733965372084
2029,416227.3738420745,3391481.7927185036,zonal_sum,2771.0875363349915,2.533696813957432,4,16.0,poi_economic_index,5,3613.0,10.38,0.06283,0.006283,17.410742990792752
2030,416227.3738420745,3391981.7927185036,zonal_sum,3872.3211822509766,1.0986122886681098,1,4.0,poi_economic_index,0,2799.0,8.04,0.05974,0.005974,23.133246742767334
2031,416227.3738420745,3392481.7927185036,zonal_sum,2532.136001586914,3.3105430133940246,6,24.0,poi_economic_index,2,4500.0,12.93,0.06638,0.006638,16.808318778533934
2032,416227.3738420745,3392981.7927185036,zonal_sum,7050.640419006348,4.036008985209137,12,48.0,poi_economic_index,4,5605.0,16.11,0.07112,0.007112,50.14415465997315
2033,416227.3738420745,3393481.7927185036,zonal_sum,5767.112579345703,2.9856819377004897,5,20.0,poi_economic_index,5,3613.0,10.38,0.06283,0.006283,36.234768336029056
2034,416227.3738420745,3393981.7927185036,zonal_sum,7516.891883850098,3.3250360206965914,9,36.0,poi_economic_index,2,4500.0,12.93,0.06638,0.006638,49.89712832499695
2035,416227.3738420745,3394481.7927185036,zonal_sum,8280.086814880371,2.734367509419583,5,20.0,poi_economic_index,5,3613.0,10.38,0.06283,0.006283,52.023785457893375
2036,416227.3738420745,3394981.7927185036,zonal_sum,5502.2121925354,2.240709689275958,3,12.0,poi_economic_index,5,3613.0,10.38,0.06283,0.006283,34.57039920569992
2037,416227.3738420745,3395481.7927185036,zonal_sum,5490.017440795898,0.0,0,0.0,poi_economic_index,3,1868.0,5.37,0.05642,0.005642,30.97467840097046
2038,416227.3738420745,3395981.7927185036,zonal_sum,2539.928518295288,0.0,0,0.0,poi_economic_index,3,1868.0,5.37,0.05642,0.005642,14.330276700222017
2039,416227.3738420745,3396481.7927185036,zonal_sum,1221.0328521728516,0.0,0,0.0,poi_economic_index,3,1868.0,5.37,0.05642,0.005642,6.889067351959229
2040,416227.3738420745,3396981.7927185036,zonal_sum,767.1396598815918,1.6094379124341003,1,4.0,poi_economic_index,0,2799.0,8.04,0.05974,0.005974,4.58289232813263
2041,416227.3738420745,3397481.7927185036,zonal_sum,1589.191593170166,0.0,0,0.0,poi_economic_index,3,1868.0,5.37,0.05642,0.005642,8.966218968666077
2042,416227.3738420745,3397981.7927185036,zonal_sum,826.7982180118561,0.0,0,0.0,poi_economic_index,3,1868.0,5.37,0.05642,0.005642,4.6647955460228925
2043,416227.3738420745,3398481.7927185036,zonal_sum,2766.5700340270996,0.0,0,0.0,poi_economic_index,3,1868.0,5.37,0.05642,0.005642,15.608988131980897
2044,416227.3738420745,3398981.7927185036,zonal_sum,3087.4024810791016,2.70805020110221,5,20.0,poi_economic_index,5,3613.0,10.38,0.06283,0.006283,19.398149788619996
2045,416227.3738420745,3399481.7927185036,zonal_sum,2566.3015480041504,0.0,0,0.0,poi_economic_index,3,1868.0,5.37,0.05642,0.005642,14.479073333839418
2046,416227.3738420745,3399981.7927185036,zonal_sum,610.2815475463867,0.0,0,0.0,poi_economic_index,3,1868.0,5.37,0.05642,0.005642,3.4432084912567142
2047,416227.3738420745,3400481.7927185036,zonal_sum,1501.0143775939941,0.0,0,0.0,poi_economic_index,3,1868.0,5.37,0.05642,0.005642,8.468723118385315
2048,416227.3738420745,3400981.7927185036,zonal_sum,1790.0559215545654,0.0,0,0.0,poi_economic_index,3,1868.0,5.37,0.05642,0.005642,10.09949550941086
2049,416227.3738420745,3401481.7927185036,zonal_sum,693.4416375160217,1.33500106673234,1,4.0,poi_economic_index,0,2799.0,8.04,0.05974,0.005974,4.142620342520714
2050,416727.3738420745,3370481.7927185036,zonal_sum,160.54415798187256,0.0,0,0.0,poi_economic_index,3,1868.0,5.37,0.05642,0.005642,0.905790139333725
2051,416727.3738420745,3370981.7927185036,zonal_sum,120.77376028895378,0.0,0,0.0,poi_economic_index,3,1868.0,5.37,0.05642,0.005642,0.6814055555502773
2052,416727.3738420745,3371481.7927185036,zonal_sum,270.4422036129981,2.681021528714291,6,24.0,poi_economic_index,5,3613.0,10.38,0.06283,0.006283,1.6991883653004674
2053,416727.3738420745,3371981.7927185036,zonal_sum,1571.6394395828247,0.0,0,0.0,poi_economic_index,3,1868.0,5.37,0.05642,0.005642,8.867189718126298
2054,416727.3738420745,3372481.7927185036,zonal_sum,2697.356714248657,0.7884573603642702,1,4.0,poi_economic_index,0,2799.0,8.04,0.05974,0.005974,16.114009010921478
2055,416727.3738420745,3372981.7927185036,zonal_sum,1240.0109736323357,0.0,0,0.0,poi_economic_index,3,1868.0,5.37,0.05642,0.005642,6.996141913233638
2056,416727.3738420745,3373481.7927185036,zonal_sum,1074.4053147509694,2.4336133554004498,3,12.0,poi_economic_index,5,3613.0,10.38,0.06283,0.006283,6.750488592580341
2057,416727.3738420745,3373981.7927185036,zonal_sum,557.3223897069693,0.7884573603642702,1,4.0,poi_economic_index,0,2799.0,8.04,0.05974,0.005974,3.3294439561094347
2058,416727.3738420745,3374481.7927185036,zonal_sum,122.1062313169241,0.0,0,0.0,poi_economic_index,3,1868.0,5.37,0.05642,0.005642,0.6889233570900858
2059,416727.3738420745,3374981.7927185036,zonal_sum,91.1035446152091,0.0,0,0.0,poi_economic_index,3,1868.0,5.37,0.05642,0.005642,0.5140061987190098
2060,416727.3738420745,3375481.7927185036,zonal_sum,289.1005003452301,0.0,0,0.0,poi_economic_index,3,1868.0,5.37,0.05642,0.005642,1.6311050229477884
2061,416727.3738420745,3375981.7927185036,zonal_sum,291.9231963455677,0.0,0,0.0,poi_economic_index,3,1868.0,5.37,0.05642,0.005642,1.647030673781693
2062,416727.3738420745,3376481.7927185036,zonal_sum,154.51248049736023,0.0,0,0.0,poi_economic_index,3,1868.0,5.37,0.05642,0.005642,0.8717594149661064
2063,416727.3738420745,3376981.7927185036,zonal_sum,287.9536152854562,0.0,0,0.0,poi_economic_index,3,1868.0,5.37,0.05642,0.005642,1.6246342974405439
2064,416727.3738420745,3377481.7927185036,zonal_sum,155.27297285199165,0.0,0,0.0,poi_economic_index,3,1868.0,5.37,0.05642,0.005642,0.8760501128309369
2065,416727.3738420745,3377981.7927185036,zonal_sum,443.0948305130005,0.0,0,0.0,poi_economic_index,3,1868.0,5.37,0.05642,0.005642,2.499941033754349
2066,416727.3738420745,3378481.7927185036,zonal_sum,606.2768611907959,0.0,0,0.0,poi_economic_index,3,1868.0,5.37,0.05642,0.005642,3.420614050838471
2067,416727.3738420745,3378981.7927185036,zonal_sum,290.1036479473114,0.0,0,0.0,poi_economic_index,3,1868.0,5.37,0.05642,0.005642,1.636764781718731
2068,416727.3738420745,3379481.7927185036,zonal_sum,336.73912674188614,0.0,0,0.0,poi_economic_index,3,1868.0,5.37,0.05642,0.005642,1.8998821530777217
2069,416727.3738420745,3379981.7927185036,zonal_sum,105.05604973435402,0.0,0,0.0,poi_economic_index,3,1868.0,5.37,0.05642,0.005642,0.5927262326012254
2070,416727.3738420745,3380481.7927185036,zonal_sum,385.7539520263672,0.0,0,0.0,poi_economic_index,3,1868.0,5.37,0.05642,0.005642,2.1764237973327636
2071,416727.3738420745,3380981.7927185036,zonal_sum,315.66005301475525,0.0,0,0.0,poi_economic_index,3,1868.0,5.37,0.05642,0.005642,1.7809540191092492
2072,416727.3738420745,3381481.7927185036,zonal_sum,430.58621072769165,0.0,0,0.0,poi_economic_index,3,1868.0,5.37,0.05642,0.005642,2.4293674009256363
2073,416727.3738420745,3381981.7927185036,zonal_sum,736.8316030502319,0.7884573603642702,1,4.0,poi_economic_index,0,2799.0,8.04,0.05974,0.005974,4.401831996622086
2074,416727.3738420745,3382481.7927185036,zonal_sum,616.5809292793274,0.0,0,0.0,poi_economic_index,3,1868.0,5.37,0.05642,0.005642,3.4787496029939655
2075,416727.3738420745,3382981.7927185036,zonal_sum,681.6461296081543,2.322387720290225,3,12.0,poi_economic_index,5,3613.0,10.38,0.06283,0.006283,4.282782632328034
2076,416727.3738420745,3383481.7927185036,zonal_sum,813.7769165039062,0.0,0,0.0,poi_economic_index,3,1868.0,5.37,0.05642,0.005642,4.591329362915039
2077,416727.3738420745,3383981.7927185036,zonal_sum,687.7663808912039,3.0819099697950434,4,16.0,poi_economic_index,5,3613.0,10.38,0.06283,0.006283,4.321236171139434
2078,416727.3738420745,3384481.7927185036,zonal_sum,1489.5439249277115,2.70805020110221,4,16.0,poi_economic_index,5,3613.0,10.38,0.06283,0.006283,9.358804480320812
2079,416727.3738420745,3384981.7927185036,zonal_sum,1186.6079556941986,2.3608540011180215,3,12.0,poi_economic_index,5,3613.0,10.38,0.06283,0.006283,7.45545778562665
2080,416727.3738420745,3385481.7927185036,zonal_sum,4082.8030309677124,3.0819099697950434,4,16.0,poi_economic_index,5,3613.0,10.38,0.06283,0.006283,25.65225144357014
2081,416727.3738420745,3385981.7927185036,zonal_sum,5926.265731811523,2.70805020110221,5,20.0,poi_economic_index,5,3613.0,10.38,0.06283,0.006283,37.2347275929718
2082,416727.3738420745,3386481.7927185036,zonal_sum,4825.96150970459,3.2188758248682006,4,16.0,poi_economic_index,5,3613.0,10.38,0.06283,0.006283,30.32151616547394
2083,416727.3738420745,3386981.7927185036,zonal_sum,9182.839263916016,3.484312288372662,9,36.0,poi_economic_index,2,4500.0,12.93,0.06638,0.006638,60.95568703387451
2084,416727.3738420745,3387481.7927185036,zonal_sum,5305.982086181641,3.8501476017100584,9,36.0,poi_economic_index,2,4500.0,12.93,0.06638,0.006638,35.22110908807373
2085,416727.3738420745,3387981.7927185036,zonal_sum,2645.821994304657,2.734367509419583,5,20.0,poi_economic_index,5,3613.0,10.38,0.06283,0.006283,16.623699590216162
2086,416727.3738420745,3388481.7927185036,zonal_sum,1594.769862651825,3.9473901492654373,13,52.0,poi_economic_index,4,5605.0,16.11,0.07112,0.007112,11.34200326317978
2087,416727.3738420745,3388981.7927185036,zonal_sum,946.3864088058472,2.9856819377004897,5,20.0,poi_economic_index,5,3613.0,10.38,0.06283,0.006283,5.946145806527138
2088,416727.3738420745,3389481.7927185036,zonal_sum,1300.7240190505981,0.0,0,0.0,poi_economic_index,3,1868.0,5.37,0.05642,0.005642,7.3386849154834755
2089,416727.3738420745,3389981.7927185036,zonal_sum,4053.765396118164,0.0,0,0.0,poi_economic_index,3,1868.0,5.37,0.05642,0.005642,22.871344364898682
2090,416727.3738420745,3390481.7927185036,zonal_sum,2768.329294204712,0.0,0,0.0,poi_economic_index,3,1868.0,5.37,0.05642,0.005642,15.618913877902985
2091,416727.3738420745,3390981.7927185036,zonal_sum,3191.8849925994873,3.8416005411316,8,32.0,poi_economic_index,2,4500.0,12.93,0.06638,0.006638,21.187732580875394
2092,416727.3738420745,3391481.7927185036,zonal_sum,2253.640277862549,2.624668592163159,2,8.0,poi_economic_index,5,3613.0,10.38,0.06283,0.006283,14.159621865810395
2093,416727.3738420745,3391981.7927185036,zonal_sum,3206.1976833343506,3.3250360206965914,8,32.0,poi_economic_index,2,4500.0,12.93,0.06638,0.006638,21.28274022197342
2094,416727.3738420745,3392481.7927185036,zonal_sum,4861.387847900391,0.0,0,0.0,poi_economic_index,3,1868.0,5.37,0.05642,0.005642,27.427950237854006
2095,416727.3738420745,3392981.7927185036,zonal_sum,7261.808532714844,3.9160150266976834,12,48.0,poi_economic_index,4,5605.0,16.11,0.07112,0.007112,51.64598228466797
2096,416727.3738420745,3393481.7927185036,zonal_sum,4009.061492919922,0.0,0,0.0,poi_economic_index,3,1868.0,5.37,0.05642,0.005642,22.6191249430542
2097,416727.3738420745,3393981.7927185036,zonal_sum,6552.282806396484,3.977810745966149,11,44.0,poi_economic_index,4,5605.0,16.11,0.07112,0.007112,46.599835319091795
2098,416727.3738420745,3394481.7927185036,zonal_sum,5085.329658508301,2.9231615807191558,5,20.0,poi_economic_index,5,3613.0,10.38,0.06283,0.006283,31.951126244407657
2099,416727.3738420745,3394981.7927185036,zonal_sum,4815.740909576416,2.3978952727983707,1,4.0,poi_economic_index,5,3613.0,10.38,0.06283,0.006283,30.257300134868625
2100,416727.3738420745,3395481.7927185036,zonal_sum,4700.505077362061,1.33500106673234,1,4.0,poi_economic_index,0,2799.0,8.04,0.05974,0.005974,28.08081733216095
2101,416727.3738420745,3395981.7927185036,zonal_sum,1335.6895506381989,0.0,0,0.0,poi_economic_index,3,1868.0,5.37,0.05642,0.005642,7.535960444700718
2102,416727.3738420745,3396481.7927185036,zonal_sum,672.9642190933228,0.0,0,0.0,poi_economic_index,3,1868.0,5.37,0.05642,0.005642,3.7968641241245273
2103,416727.3738420745,3396981.7927185036,zonal_sum,488.80964255332947,0.0,0,0.0,poi_economic_index,3,1868.0,5.37,0.05642,0.005642,2.757864003285885
2104,416727.3738420745,3397481.7927185036,zonal_sum,329.18258990347385,0.0,0,0.0,poi_economic_index,3,1868.0,5.37,0.05642,0.005642,1.8572481722353995
2105,416727.3738420745,3397981.7927185036,zonal_sum,1990.1883654594421,0.0,0,0.0,poi_economic_index,3,1868.0,5.37,0.05642,0.005642,11.228642757922174
2106,416727.3738420745,3398481.7927185036,zonal_sum,3723.5236053466797,0.0,0,0.0,poi_economic_index,3,1868.0,5.37,0.05642,0.005642,21.008120181365967
2107,416727.3738420745,3398981.7927185036,zonal_sum,4394.073938369751,2.8094026953624978,3,12.0,poi_economic_index,5,3613.0,10.38,0.06283,0.006283,27.607966554777146
2108,416727.3738420745,3399481.7927185036,zonal_sum,2941.474277496338,3.5779478934066544,9,36.0,poi_economic_index,2,4500.0,12.93,0.06638,0.006638,19.52550625402069
2109,416727.3738420745,3399981.7927185036,zonal_sum,2130.105178833008,0.0,0,0.0,poi_economic_index,3,1868.0,5.37,0.05642,0.005642,12.01805341897583
2110,416727.3738420745,3400481.7927185036,zonal_sum,1485.1916818618774,0.0,0,0.0,poi_economic_index,3,1868.0,5.37,0.05642,0.005642,8.379451469064714
2111,416727.3738420745,3400981.7927185036,zonal_sum,922.8722224235535,1.33500106673234,1,4.0,poi_economic_index,0,2799.0,8.04,0.05974,0.005974,5.5132386567583085
2112,417227.3738420745,3371981.7927185036,zonal_sum,1871.4132080078125,0.0,0,0.0,poi_economic_index,3,1868.0,5.37,0.05642,0.005642,10.55851331958008
2113,417227.3738420745,3372481.7927185036,zonal_sum,3341.97806930542,0.0,0,0.0,poi_economic_index,3,1868.0,5.37,0.05642,0.005642,18.85544026702118
2114,417227.3738420745,3372981.7927185036,zonal_sum,1947.2509384155273,1.0986122886681098,1,4.0,poi_economic_index,0,2799.0,8.04,0.05974,0.005974,11.63287710609436
2115,417227.3738420745,3373481.7927185036,zonal_sum,2895.4911041259766,1.2237754316221157,1,4.0,poi_economic_index,0,2799.0,8.04,0.05974,0.005974,17.297663856048583
2116,417227.3738420745,3373981.7927185036,zonal_sum,883.3423363566399,0.0,0,0.0,poi_economic_index,3,1868.0,5.37,0.05642,0.005642,4.983817461724162
2117,417227.3738420745,3374481.7927185036,zonal_sum,142.17538118362427,0.0,0,0.0,poi_economic_index,3,1868.0,5.37,0.05642,0.005642,0.8021535006380082
2118,417227.3738420745,3374981.7927185036,zonal_sum,204.95924830436707,0.0,0,0.0,poi_economic_index,3,1868.0,5.37,0.05642,0.005642,1.156380078933239
2119,417227.3738420745,3375481.7927185036,zonal_sum,184.70569896697998,0.0,0,0.0,poi_economic_index,3,1868.0,5.37,0.05642,0.005642,1.042109553571701
2120,417227.3738420745,3375981.7927185036,zonal_sum,258.818678855896,0.0,0,0.0,poi_economic_index,3,1868.0,5.37,0.05642,0.005642,1.4602549861049652
2121,417227.3738420745,3376481.7927185036,zonal_sum,123.26562029123306,0.0,0,0.0,poi_economic_index,3,1868.0,5.37,0.05642,0.005642,0.6954646296831369
2122,417227.3738420745,3376981.7927185036,zonal_sum,224.95417934656143,0.0,0,0.0,poi_economic_index,3,1868.0,5.37,0.05642,0.005642,1.2691914798732997
2123,417227.3738420745,3377481.7927185036,zonal_sum,315.09402069449425,0.0,0,0.0,poi_economic_index,3,1868.0,5.37,0.05642,0.005642,1.7777604647583367
2124,417227.3738420745,3377981.7927185036,zonal_sum,1562.4059600830078,0.0,0,0.0,poi_economic_index,3,1868.0,5.37,0.05642,0.005642,8.815094426788331
2125,417227.3738420745,3378481.7927185036,zonal_sum,2100.7708468437195,0.0,0,0.0,poi_economic_index,3,1868.0,5.37,0.05642,0.005642,11.852549117892266
2126,417227.3738420745,3378981.7927185036,zonal_sum,138.11152920126915,0.0,0,0.0,poi_economic_index,3,1868.0,5.37,0.05642,0.005642,0.7792252477535606
2127,417227.3738420745,3379481.7927185036,zonal_sum,280.91709338128567,0.0,0,0.0,poi_economic_index,3,1868.0,5.37,0.05642,0.005642,1.5849342408572138
2128,417227.3738420745,3379981.7927185036,zonal_sum,399.3541755825281,0.0,0,0.0,poi_economic_index,3,1868.0,5.37,0.05642,0.005642,2.253156258636624
2129,417227.3738420745,3380481.7927185036,zonal_sum,1286.5816497802734,0.0,0,0.0,poi_economic_index,3,1868.0,5.37,0.05642,0.005642,7.258893668060304
2130,417227.3738420745,3380981.7927185036,zonal_sum,521.397746026516,0.0,0,0.0,poi_economic_index,3,1868.0,5.37,0.05642,0.005642,2.941726083081603
2131,417227.3738420745,3381481.7927185036,zonal_sum,1301.9356498718262,0.0,0,0.0,poi_economic_index,3,1868.0,5.37,0.05642,0.005642,7.345520936576843
2132,417227.3738420745,3381981.7927185036,zonal_sum,1145.3377685546875,0.0,0,0.0,poi_economic_index,3,1868.0,5.37,0.05642,0.005642,6.461995690185547
2133,417227.3738420745,3382481.7927185036,zonal_sum,220.81262254714966,1.33500106673234,1,4.0,poi_economic_index,0,2799.0,8.04,0.05974,0.005974,1.319134607096672
2134,417227.3738420745,3382981.7927185036,zonal_sum,786.1492524147034,1.8870696490323797,2,8.0,poi_economic_index,0,2799.0,8.04,0.05974,0.005974,4.696455633925438
2135,417227.3738420745,3383481.7927185036,zonal_sum,838.5235261917114,0.0,0,0.0,poi_economic_index,3,1868.0,5.37,0.05642,0.005642,4.7309497347736365
2136,417227.3738420745,3383981.7927185036,zonal_sum,1121.3995933532715,1.6094379124341003,1,4.0,poi_economic_index,0,2799.0,8.04,0.05974,0.005974,6.699241170692444
2137,417227.3738420745,3384481.7927185036,zonal_sum,3180.803410768509,0.0,0,0.0,poi_economic_index,3,1868.0,5.37,0.05642,0.005642,17.946092843555927
2138,417227.3738420745,3384981.7927185036,zonal_sum,4383.488849639893,0.0,0,0.0,poi_economic_index,3,1868.0,5.37,0.05642,0.005642,24.731644089668276
2139,417227.3738420745,3385481.7927185036,zonal_sum,6602.454452514648,2.681021528714291,4,16.0,poi_economic_index,5,3613.0,10.38,0.06283,0.006283,41.483221325149536
2140,417227.3738420745,3385981.7927185036,zonal_sum,3013.0033054351807,3.202746442938317,5,20.0,poi_economic_index,2,4500.0,12.93,0.06638,0.006638,20.00031594147873
2141,417227.3738420745,3386481.7927185036,zonal_sum,3082.244487762451,0.0,0,0.0,poi_economic_index,3,1868.0,5.37,0.05642,0.005642,17.39002339995575
2142,417227.3738420745,3386981.7927185036,zonal_sum,3979.7293906211853,2.9444389791664403,6,24.0,poi_economic_index,2,4500.0,12.93,0.06638,0.006638,26.417443694943426
2143,417227.3738420745,3387481.7927185036,zonal_sum,3395.171506881714,2.0541237336955462,3,12.0,poi_economic_index,5,3613.0,10.38,0.06283,0.006283,21.33186257773781
2144,417227.3738420745,3387981.7927185036,zonal_sum,4985.173812866211,2.856470206220483,6,24.0,poi_economic_index,2,4500.0,12.93,0.06638,0.006638,33.09158376980591
2145,417227.3738420745,3388481.7927185036,zonal_sum,1426.8108463287354,2.501435951739211,4,16.0,poi_economic_index,5,3613.0,10.38,0.06283,0.006283,8.964652547483444
2146,417227.3738420745,3388981.7927185036,zonal_sum,967.1678488175385,3.3250360206965914,6,24.0,poi_economic_index,2,4500.0,12.93,0.06638,0.006638,6.42006018045082
2147,417227.3738420745,3389481.7927185036,zonal_sum,1233.417000412941,3.169685580677429,6,24.0,poi_economic_index,2,4500.0,12.93,0.06638,0.006638,8.187422048741102
2148,417227.3738420745,3389981.7927185036,zonal_sum,3288.1686973571777,3.5779478934066544,9,36.0,poi_economic_index,2,4500.0,12.93,0.06638,0.006638,21.826863813056946
2149,417227.3738420745,3390481.7927185036,zonal_sum,7856.99787902832,4.097672352314775,10,40.0,poi_economic_index,4,5605.0,16.11,0.07112,0.007112,55.878968915649416
2150,417227.3738420745,3390981.7927185036,zonal_sum,3592.481081008911,4.523960130562548,25,100.0,poi_economic_index,6,7236.0,20.79,0.07876,0.007876,28.29438099402618
2151,417227.3738420745,3391481.7927185036,zonal_sum,4579.72084236145,2.151762203259462,3,12.0,poi_economic_index,5,3613.0,10.38,0.06283,0.006283,28.774386052556995
2152,417227.3738420745,3391981.7927185036,zonal_sum,2716.829637527466,1.33500106673234,1,4.0,poi_economic_index,0,2799.0,8.04,0.05974,0.005974,16.23034025458908
2153,417227.3738420745,3392481.7927185036,zonal_sum,3158.8387546539307,2.151762203259462,3,12.0,poi_economic_index,5,3613.0,10.38,0.06283,0.006283,19.84698389549065
2154,417227.3738420745,3392981.7927185036,zonal_sum,5880.290664672852,0.0,0,0.0,poi_economic_index,3,1868.0,5.37,0.05642,0.005642,33.17659993008423
2155,417227.3738420745,3393481.7927185036,zonal_sum,5639.189613342285,0.0,0,0.0,poi_economic_index,3,1868.0,5.37,0.05642,0.005642,31.816307798477176
2156,417227.3738420745,3393981.7927185036,zonal_sum,5772.73717880249,2.879198457298039,6,24.0,poi_economic_index,2,4500.0,12.93,0.06638,0.006638,38.31942939289093
2157,417227.3738420745,3394481.7927185036,zonal_sum,5761.55241394043,0.0,0,0.0,poi_economic_index,3,1868.0,5.37,0.05642,0.005642,32.506678719451905
2158,417227.3738420745,3394981.7927185036,zonal_sum,6126.427070617676,3.4965075614664802,11,44.0,poi_economic_index,4,5605.0,16.11,0.07112,0.007112,43.57114932623291
2159,417227.3738420745,3395481.7927185036,zonal_sum,4014.3454055786133,1.33500106673234,1,4.0,poi_economic_index,0,2799.0,8.04,0.05974,0.005974,23.981699452926637
2160,417227.3738420745,3395981.7927185036,zonal_sum,1200.3625206947327,2.734367509419583,5,20.0,poi_economic_index,5,3613.0,10.38,0.06283,0.006283,7.541877717525006
2161,417227.3738420745,3396481.7927185036,zonal_sum,821.5662848949432,0.0,0,0.0,poi_economic_index,3,1868.0,5.37,0.05642,0.005642,4.63527697937727
2162,417227.3738420745,3396981.7927185036,zonal_sum,470.50380516052246,0.0,0,0.0,poi_economic_index,3,1868.0,5.37,0.05642,0.005642,2.654582468715668
2163,417227.3738420745,3397481.7927185036,zonal_sum,149.3259401023388,0.0,0,0.0,poi_economic_index,3,1868.0,5.37,0.05642,0.005642,0.8424969540573956
2164,417227.3738420745,3397981.7927185036,zonal_sum,662.4107823371887,2.240709689275958,3,12.0,poi_economic_index,5,3613.0,10.38,0.06283,0.006283,4.161926945424557
2165,417227.3738420745,3398481.7927185036,zonal_sum,1632.6689310073853,0.0,0,0.0,poi_economic_index,3,1868.0,5.37,0.05642,0.005642,9.211518108743668
2166,417227.3738420745,3398981.7927185036,zonal_sum,2945.846996307373,1.33500106673234,1,4.0,poi_economic_index,0,2799.0,8.04,0.05974,0.005974,17.59848995594025
2167,417227.3738420745,3399481.7927185036,zonal_sum,2592.628973007202,0.0,0,0.0,poi_economic_index,3,1868.0,5.37,0.05642,0.005642,14.627612665706636
2168,417227.3738420745,3399981.7927185036,zonal_sum,3203.76997756958,3.543853682063679,6,24.0,poi_economic_index,2,4500.0,12.93,0.06638,0.006638,21.266625111106872
2169,417227.3738420745,3400481.7927185036,zonal_sum,1027.0991140455008,1.6094379124341003,2,8.0,poi_economic_index,0,2799.0,8.04,0.05974,0.005974,6.135890107307822
2170,417727.3738420745,3373981.7927185036,zonal_sum,101.37934970855713,0.0,0,0.0,poi_economic_index,3,1868.0,5.37,0.05642,0.005642,0.5719822910556793
2171,417727.3738420745,3374481.7927185036,zonal_sum,140.00710821151733,0.0,0,0.0,poi_economic_index,3,1868.0,5.37,0.05642,0.005642,0.7899201045293809
2172,417727.3738420745,3374981.7927185036,zonal_sum,97.66231620311737,0.0,0,0.0,poi_economic_index,3,1868.0,5.37,0.05642,0.005642,0.5510107880179882
2173,417727.3738420745,3375481.7927185036,zonal_sum,209.7292404472828,0.0,0,0.0,poi_economic_index,3,1868.0,5.37,0.05642,0.005642,1.1832923746035695
2174,417727.3738420745,3375981.7927185036,zonal_sum,301.7252151966095,0.0,0,0.0,poi_economic_index,3,1868.0,5.37,0.05642,0.005642,1.7023336641392708
2175,417727.3738420745,3376481.7927185036,zonal_sum,466.3928301334381,0.0,0,0.0,poi_economic_index,3,1868.0,5.37,0.05642,0.005642,2.631388347612858
2176,417727.3738420745,3376981.7927185036,zonal_sum,196.24302831292152,0.0,0,0.0,poi_economic_index,3,1868.0,5.37,0.05642,0.005642,1.1072031657415033
2177,417727.3738420745,3377481.7927185036,zonal_sum,393.6416120380163,0.0,0,0.0,poi_economic_index,3,1868.0,5.37,0.05642,0.005642,2.220925975118488
2178,417727.3738420745,3377981.7927185036,zonal_sum,962.3561511039734,0.0,0,0.0,poi_economic_index,3,1868.0,5.37,0.05642,0.005642,5.429613404528618
2179,417727.3738420745,3378481.7927185036,zonal_sum,733.8605213165283,0.0,0,0.0,poi_economic_index,3,1868.0,5.37,0.05642,0.005642,4.140441061267853
2180,417727.3738420745,3378981.7927185036,zonal_sum,546.1295399665833,0.0,0,0.0,poi_economic_index,3,1868.0,5.37,0.05642,0.005642,3.081262864491463
2181,417727.3738420745,3379481.7927185036,zonal_sum,627.3087882995605,0.0,0,0.0,poi_economic_index,3,1868.0,5.37,0.05642,0.005642,3.5392761835861206
2182,417727.3738420745,3379981.7927185036,zonal_sum,561.299090385437,0.0,0,0.0,poi_economic_index,3,1868.0,5.37,0.05642,0.005642,3.166849467954636
2183,417727.3738420745,3380481.7927185036,zonal_sum,2184.918581008911,0.0,0,0.0,poi_economic_index,3,1868.0,5.37,0.05642,0.005642,12.327310634052278
2184,417727.3738420745,3380981.7927185036,zonal_sum,2523.2954483032227,0.0,0,0.0,poi_economic_index,3,1868.0,5.37,0.05642,0.005642,14.236432919326782
2185,417727.3738420745,3381481.7927185036,zonal_sum,1579.1019716262817,0.0,0,0.0,poi_economic_index,3,1868.0,5.37,0.05642,0.005642,8.909293323915483
2186,417727.3738420745,3381981.7927185036,zonal_sum,255.93755216896534,0.0,0,0.0,poi_economic_index,3,1868.0,5.37,0.05642,0.005642,1.4439996693373025
2187,417727.3738420745,3382481.7927185036,zonal_sum,158.13678210228682,1.8870696490323797,2,8.0,poi_economic_index,0,2799.0,8.04,0.05974,0.005974,0.9447091362790615
2188,417727.3738420745,3382981.7927185036,zonal_sum,785.5629196166992,2.5649493574615367,2,8.0,poi_economic_index,5,3613.0,10.38,0.06283,0.006283,4.935691823951721
2189,417727.3738420745,3383481.7927185036,zonal_sum,925.9336323738098,2.3978952727983707,1,4.0,poi_economic_index,5,3613.0,10.38,0.06283,0.006283,5.817641012204647
2190,417727.3738420745,3383981.7927185036,zonal_sum,785.7463919520378,0.0,0,0.0,poi_economic_index,3,1868.0,5.37,0.05642,0.005642,4.433181143393398
2191,417727.3738420745,3384481.7927185036,zonal_sum,1736.2359375953674,1.9459101490553132,2,8.0,poi_economic_index,0,2799.0,8.04,0.05974,0.005974,10.372273491194726
2192,417727.3738420745,3384981.7927185036,zonal_sum,4242.23868560791,4.343805421853684,25,100.0,poi_economic_index,6,7236.0,20.79,0.07876,0.007876,33.411871887847894
2193,417727.3738420745,3385481.7927185036,zonal_sum,6537.620655059814,3.202746442938317,8,32.0,poi_economic_index,2,4500.0,12.93,0.06638,0.006638,43.396725908287046
2194,417727.3738420745,3385981.7927185036,zonal_sum,998.7710294723511,2.9444389791664403,4,16.0,poi_economic_index,5,3613.0,10.38,0.06283,0.006283,6.275278378174782
2195,417727.3738420745,3386481.7927185036,zonal_sum,3120.0747966766357,2.240709689275958,3,12.0,poi_economic_index,5,3613.0,10.38,0.06283,0.006283,19.603429947519302
2196,417727.3738420745,3386981.7927185036,zonal_sum,4139.490745544434,3.0633909220278057,4,16.0,poi_economic_index,5,3613.0,10.38,0.06283,0.006283,26.008420354255676
2197,417727.3738420745,3387481.7927185036,zonal_sum,1704.6475372314453,0.0,0,0.0,poi_economic_index,3,1868.0,5.37,0.05642,0.005642,9.617621405059815
2198,417727.3738420745,3387981.7927185036,zonal_sum,3560.322219848633,0.0,0,0.0,poi_economic_index,3,1868.0,5.37,0.05642,0.005642,20.087337964385988
2199,417727.3738420745,3388481.7927185036,zonal_sum,1896.2199363708496,0.0,0,0.0,poi_economic_index,3,1868.0,5.37,0.05642,0.005642,10.698472881004333
2200,417727.3738420745,3388981.7927185036,zonal_sum,1790.7944954894483,2.681021528714291,5,20.0,poi_economic_index,5,3613.0,10.38,0.06283,0.006283,11.251561815160205
2201,417727.3738420745,3389481.7927185036,zonal_sum,2940.8734737038612,2.653241964607215,3,12.0,poi_economic_index,5,3613.0,10.38,0.06283,0.006283,18.47750803528136
2202,417727.3738420745,3389981.7927185036,zonal_sum,2150.3768606185913,2.468099531471619,3,12.0,poi_economic_index,5,3613.0,10.38,0.06283,0.006283,13.51081781526661
2203,417727.3738420745,3390481.7927185036,zonal_sum,3902.699263572693,2.8094026953624978,5,20.0,poi_economic_index,5,3613.0,10.38,0.06283,0.006283,24.52065947302723
2204,417727.3738420745,3390981.7927185036,zonal_sum,4058.2515830993652,0.0,0,0.0,poi_economic_index,3,1868.0,5.37,0.05642,0.005642,22.89665543184662
2205,417727.3738420745,3391481.7927185036,zonal_sum,6711.617546081543,3.9852734671677386,18,72.0,poi_economic_index,4,5605.0,16.11,0.07112,0.007112,47.73302398773193
2206,417727.3738420745,3391981.7927185036,zonal_sum,5561.21110534668,3.742420221041966,14,56.0,poi_economic_index,4,5605.0,16.11,0.07112,0.007112,39.55133338122559
2207,417727.3738420745,3392481.7927185036,zonal_sum,1535.43111038208,3.5667118201397288,8,32.0,poi_economic_index,2,4500.0,12.93,0.06638,0.006638,10.192191710716248
2208,417727.3738420745,3392981.7927185036,zonal_sum,4334.258613586426,3.3105430133940246,9,36.0,poi_economic_index,2,4500.0,12.93,0.06638,0.006638,28.770808676986693
2209,417727.3738420745,3393481.7927185036,zonal_sum,5144.986473083496,2.0541237336955462,2,8.0,poi_economic_index,0,2799.0,8.04,0.05974,0.005974,30.736149190200805
2210,417727.3738420745,3393981.7927185036,zonal_sum,3781.0595750808716,3.152736022363656,8,32.0,poi_economic_index,2,4500.0,12.93,0.06638,0.006638,25.098673459386823
2211,417727.3738420745,3394481.7927185036,zonal_sum,2927.5909118652344,2.1041341542702074,3,12.0,poi_economic_index,5,3613.0,10.38,0.06283,0.006283,18.39405369924927
2212,417727.3738420745,3394981.7927185036,zonal_sum,4093.591075897217,2.0014800002101243,2,8.0,poi_economic_index,0,2799.0,8.04,0.05974,0.005974,24.455113087409973
2213,417727.3738420745,3395481.7927185036,zonal_sum,2792.6701555252075,1.7578579175523736,2,8.0,poi_economic_index,0,2799.0,8.04,0.05974,0.005974,16.68341150910759
2214,417727.3738420745,3395981.7927185036,zonal_sum,1688.7634449005127,0.0,0,0.0,poi_economic_index,3,1868.0,5.37,0.05642,0.005642,9.528003356128693
2215,417727.3738420745,3396481.7927185036,zonal_sum,1029.407943725586,0.0,0,0.0,poi_economic_index,3,1868.0,5.37,0.05642,0.005642,5.807919618499756
2216,417727.3738420745,3396981.7927185036,zonal_sum,297.4456539154053,0.0,0,0.0,poi_economic_index,3,1868.0,5.37,0.05642,0.005642,1.6781883793907166
2217,417727.3738420745,3397481.7927185036,zonal_sum,358.8024334907532,1.33500106673234,1,4.0,poi_economic_index,0,2799.0,8.04,0.05974,0.005974,2.1434857376737595
2218,417727.3738420745,3397981.7927185036,zonal_sum,280.3031611442566,0.0,0,0.0,poi_economic_index,3,1868.0,5.37,0.05642,0.005642,1.5814704351758957
2219,417727.3738420745,3398481.7927185036,zonal_sum,1189.0831978321075,2.3978952727983707,1,4.0,poi_economic_index,5,3613.0,10.38,0.06283,0.006283,7.471009731979132
2220,417727.3738420745,3398981.7927185036,zonal_sum,2129.71196269989,0.0,0,0.0,poi_economic_index,3,1868.0,5.37,0.05642,0.005642,12.01583489355278
2221,417727.3738420745,3399481.7927185036,zonal_sum,129.49016189575195,0.0,0,0.0,poi_economic_index,3,1868.0,5.37,0.05642,0.005642,0.7305834934158325
2222,417727.3738420745,3399981.7927185036,zonal_sum,229.58338141441345,0.0,0,0.0,poi_economic_index,3,1868.0,5.37,0.05642,0.005642,1.2953094379401209
2223,417727.3738420745,3400481.7927185036,zonal_sum,754.0977358818054,3.0819099697950434,8,32.0,poi_economic_index,2,4500.0,12.93,0.06638,0.006638,5.005700770783424
2224,418227.3738420745,3375981.7927185036,zonal_sum,192.89250338077545,0.0,0,0.0,poi_economic_index,3,1868.0,5.37,0.05642,0.005642,1.088299504074335
2225,418227.3738420745,3376481.7927185036,zonal_sum,237.87518706917763,0.0,0,0.0,poi_economic_index,3,1868.0,5.37,0.05642,0.005642,1.3420918054443003
2226,418227.3738420745,3376981.7927185036,zonal_sum,848.061149597168,0.0,0,0.0,poi_economic_index,3,1868.0,5.37,0.05642,0.005642,4.784761006027222
2227,418227.3738420745,3377481.7927185036,zonal_sum,2188.9222230911255,0.0,0,0.0,poi_economic_index,3,1868.0,5.37,0.05642,0.005642,12.349899182680131
2228,418227.3738420745,3377981.7927185036,zonal_sum,827.2189082950354,0.0,0,0.0,poi_economic_index,3,1868.0,5.37,0.05642,0.005642,4.66716908060059
2229,418227.3738420745,3378481.7927185036,zonal_sum,421.9279129654169,0.0,0,0.0,poi_economic_index,3,1868.0,5.37,0.05642,0.005642,2.380517284950882
2230,418227.3738420745,3378981.7927185036,zonal_sum,304.94360399246216,0.0,0,0.0,poi_economic_index,3,1868.0,5.37,0.05642,0.005642,1.7204918137254717
2231,418227.3738420745,3379481.7927185036,zonal_sum,499.8249373435974,0.0,0,0.0,poi_economic_index,3,1868.0,5.37,0.05642,0.005642,2.820012296492577
2232,418227.3738420745,3379981.7927185036,zonal_sum,262.11584451794624,0.0,0,0.0,poi_economic_index,3,1868.0,5.37,0.05642,0.005642,1.4788575947702527
2233,418227.3738420745,3380481.7927185036,zonal_sum,407.3698310852051,0.0,0,0.0,poi_economic_index,3,1868.0,5.37,0.05642,0.005642,2.298380586982727
2234,418227.3738420745,3380981.7927185036,zonal_sum,812.9419095516205,0.0,0,0.0,poi_economic_index,3,1868.0,5.37,0.05642,0.005642,4.586618253690243
2235,418227.3738420745,3381481.7927185036,zonal_sum,867.9405255317688,0.0,0,0.0,poi_economic_index,3,1868.0,5.37,0.05642,0.005642,4.89692044505024
2236,418227.3738420745,3381981.7927185036,zonal_sum,251.75688967108727,0.0,0,0.0,poi_economic_index,3,1868.0,5.37,0.05642,0.005642,1.4204123715242745
2237,418227.3738420745,3382481.7927185036,zonal_sum,230.9587513357401,1.33500106673234,1,4.0,poi_economic_index,0,2799.0,8.04,0.05974,0.005974,1.3797475804797112
2238,418227.3738420745,3382981.7927185036,zonal_sum,1042.594609260559,1.0986122886681098,1,4.0,poi_economic_index,0,2799.0,8.04,0.05974,0.005974,6.2284601957225805
2239,418227.3738420745,3383481.7927185036,zonal_sum,1791.8680725097656,0.0,0,0.0,poi_economic_index,3,1868.0,5.37,0.05642,0.005642,10.109719665100098
2240,418227.3738420745,3383981.7927185036,zonal_sum,3507.8040504455566,2.9231615807191558,6,24.0,poi_economic_index,2,4500.0,12.93,0.06638,0.006638,23.284803286857603
2241,418227.3738420745,3384481.7927185036,zonal_sum,2753.1687049865723,1.0986122886681098,1,4.0,poi_economic_index,0,2799.0,8.04,0.05974,0.005974,16.447429843589784
2242,418227.3738420745,3384981.7927185036,zonal_sum,2877.7311113476753,3.6838669122903918,11,44.0,poi_economic_index,4,5605.0,16.11,0.07112,0.007112,20.466423663904667
2243,418227.3738420745,3385481.7927185036,zonal_sum,3677.739164352417,3.0252910757955354,4,16.0,poi_economic_index,5,3613.0,10.38,0.06283,0.006283,23.107235169626236
2244,418227.3738420745,3385981.7927185036,zonal_sum,2981.478895187378,2.8094026953624978,6,24.0,poi_economic_index,2,4500.0,12.93,0.06638,0.006638,19.791056906253814
2245,418227.3738420745,3386481.7927185036,zonal_sum,2903.1074600219727,3.1179499062782403,8,32.0,poi_economic_index,2,4500.0,12.93,0.06638,0.006638,19.270827319625855
2246,418227.3738420745,3386981.7927185036,zonal_sum,2647.18088388443,0.0,0,0.0,poi_economic_index,3,1868.0,5.37,0.05642,0.005642,14.935394546875955
2247,418227.3738420745,3387481.7927185036,zonal_sum,3983.8695755004883,2.5649493574615367,1,4.0,poi_economic_index,5,3613.0,10.38,0.06283,0.006283,25.030652542869568
2248,418227.3738420745,3387981.7927185036,zonal_sum,5886.55867767334,0.0,0,0.0,poi_economic_index,3,1868.0,5.37,0.05642,0.005642,33.21196405943299
2249,418227.3738420745,3388481.7927185036,zonal_sum,4744.395288467407,1.2237754316221157,1,4.0,poi_economic_index,0,2799.0,8.04,0.05974,0.005974,28.34301745330429
2250,418227.3738420745,3388981.7927185036,zonal_sum,4552.350487709045,3.2503744919275714,8,32.0,poi_economic_index,2,4500.0,12.93,0.06638,0.006638,30.218502537412643
2251,418227.3738420745,3389481.7927185036,zonal_sum,3868.548969268799,3.459466289786131,5,20.0,poi_economic_index,2,4500.0,12.93,0.06638,0.006638,25.679428058006287
2252,418227.3738420745,3389981.7927185036,zonal_sum,2528.326428413391,0.0,0,0.0,poi_economic_index,3,1868.0,5.37,0.05642,0.005642,14.264817709108353
2253,418227.3738420745,3390481.7927185036,zonal_sum,2111.9451389312744,0.0,0,0.0,poi_economic_index,3,1868.0,5.37,0.05642,0.005642,11.91559447385025
2254,418227.3738420745,3390981.7927185036,zonal_sum,2345.17022895813,0.0,0,0.0,poi_economic_index,3,1868.0,5.37,0.05642,0.005642,13.23145043178177
2255,418227.3738420745,3391481.7927185036,zonal_sum,2340.2618923187256,1.8245492920510458,2,8.0,poi_economic_index,0,2799.0,8.04,0.05974,0.005974,13.980724544712068
2256,418227.3738420745,3391981.7927185036,zonal_sum,3290.5606689453125,3.6938669956249752,14,56.0,poi_economic_index,4,5605.0,16.11,0.07112,0.007112,23.402467477539062
2257,418227.3738420745,3392481.7927185036,zonal_sum,1087.102596282959,0.0,0,0.0,poi_economic_index,3,1868.0,5.37,0.05642,0.005642,6.133432848228455
2258,418227.3738420745,3392981.7927185036,zonal_sum,2558.1241643428802,3.5779478934066544,7,28.0,poi_economic_index,2,4500.0,12.93,0.06638,0.006638,16.98082820290804
2259,418227.3738420745,3393481.7927185036,zonal_sum,1207.348669052124,0.0,0,0.0,poi_economic_index,3,1868.0,5.37,0.05642,0.005642,6.811861190792084
2260,418227.3738420745,3393981.7927185036,zonal_sum,3465.0280141830444,2.0014800002101243,2,8.0,poi_economic_index,0,2799.0,8.04,0.05974,0.005974,20.70007735672951
2261,418227.3738420745,3394481.7927185036,zonal_sum,1720.127712726593,2.3608540011180215,3,12.0,poi_economic_index,5,3613.0,10.38,0.06283,0.006283,10.807562419061185
2262,418227.3738420745,3394981.7927185036,zonal_sum,794.7219128608704,0.0,0,0.0,poi_economic_index,3,1868.0,5.37,0.05642,0.005642,4.483821032361031
2263,418227.3738420745,3395481.7927185036,zonal_sum,1648.2416815757751,0.0,0,0.0,poi_economic_index,3,1868.0,5.37,0.05642,0.005642,9.299379567450524
2264,418227.3738420745,3395981.7927185036,zonal_sum,1913.2209749221802,0.0,0,0.0,poi_economic_index,3,1868.0,5.37,0.05642,0.005642,10.794392740510942
2265,418227.3738420745,3396481.7927185036,zonal_sum,1024.2872166633606,0.0,0,0.0,poi_economic_index,3,1868.0,5.37,0.05642,0.005642,5.77902847641468
2266,418227.3738420745,3396981.7927185036,zonal_sum,540.5535821914673,0.0,0,0.0,poi_economic_index,3,1868.0,5.37,0.05642,0.005642,3.0498033107242586
2267,418227.3738420745,3397481.7927185036,zonal_sum,416.3674808740616,0.0,0,0.0,poi_economic_index,3,1868.0,5.37,0.05642,0.005642,2.3491453270914557
2268,418227.3738420745,3397981.7927185036,zonal_sum,365.59840083122253,0.0,0,0.0,poi_economic_index,3,1868.0,5.37,0.05642,0.005642,2.0627061774897575
2269,418227.3738420745,3398481.7927185036,zonal_sum,916.7776066064835,1.33500106673234,1,4.0,poi_economic_index,0,2799.0,8.04,0.05974,0.005974,5.476829421867133
2270,418227.3738420745,3398981.7927185036,zonal_sum,1524.7302123904228,0.0,0,0.0,poi_economic_index,3,1868.0,5.37,0.05642,0.005642,8.602527858306766
2271,418227.3738420745,3399481.7927185036,zonal_sum,212.64719152450562,0.0,0,0.0,poi_economic_index,3,1868.0,5.37,0.05642,0.005642,1.1997554545812608
2272,418227.3738420745,3399981.7927185036,zonal_sum,161.63469971716404,0.0,0,0.0,poi_economic_index,3,1868.0,5.37,0.05642,0.005642,0.9119429758042396
2273,418727.3738420745,3377981.7927185036,zonal_sum,370.96678256988525,0.0,0,0.0,poi_economic_index,3,1868.0,5.37,0.05642,0.005642,2.0929945872592928
2274,418727.3738420745,3378481.7927185036,zonal_sum,273.3572611808777,0.0,0,0.0,poi_economic_index,3,1868.0,5.37,0.05642,0.005642,1.542281667582512
2275,418727.3738420745,3378981.7927185036,zonal_sum,501.6363363265991,0.0,0,0.0,poi_economic_index,3,1868.0,5.37,0.05642,0.005642,2.8302322095546724
2276,418727.3738420745,3379481.7927185036,zonal_sum,281.29473654925823,0.0,0,0.0,poi_economic_index,3,1868.0,5.37,0.05642,0.005642,1.587064903610915
2277,418727.3738420745,3379981.7927185036,zonal_sum,181.50529289245605,0.0,0,0.0,poi_economic_index,3,1868.0,5.37,0.05642,0.005642,1.024052862499237
2278,418727.3738420745,3380481.7927185036,zonal_sum,335.0248694419861,0.0,0,0.0,poi_economic_index,3,1868.0,5.37,0.05642,0.005642,1.8902103133916857
2279,418727.3738420745,3380981.7927185036,zonal_sum,1017.1614646911621,0.0,0,0.0,poi_economic_index,3,1868.0,5.37,0.05642,0.005642,5.738824983787537
2280,418727.3738420745,3381481.7927185036,zonal_sum,1222.5837473869324,1.6094379124341003,1,4.0,poi_economic_index,0,2799.0,8.04,0.05974,0.005974,7.303715306889534
2281,418727.3738420745,3381981.7927185036,zonal_sum,920.6485290527344,0.0,0,0.0,poi_economic_index,3,1868.0,5.37,0.05642,0.005642,5.194299000915527
2282,418727.3738420745,3382481.7927185036,zonal_sum,790.7593908309937,1.6094379124341003,1,4.0,poi_economic_index,0,2799.0,8.04,0.05974,0.005974,4.723996600824356
2283,418727.3738420745,3382981.7927185036,zonal_sum,889.9848746061325,0.0,0,0.0,poi_economic_index,3,1868.0,5.37,0.05642,0.005642,5.0212946625278
2284,418727.3738420745,3383481.7927185036,zonal_sum,1605.3664665222168,0.7884573603642702,1,4.0,poi_economic_index,0,2799.0,8.04,0.05974,0.005974,9.590459271003724
2285,418727.3738420745,3383981.7927185036,zonal_sum,3112.9234199523926,2.3978952727983707,3,12.0,poi_economic_index,5,3613.0,10.38,0.06283,0.006283,19.558497847560883
2286,418727.3738420745,3384481.7927185036,zonal_sum,2723.8386631011963,2.70805020110221,5,20.0,poi_economic_index,5,3613.0,10.38,0.06283,0.006283,17.113878320264817
2287,418727.3738420745,3384981.7927185036,zonal_sum,1257.38327562809,1.33500106673234,1,4.0,poi_economic_index,0,2799.0,8.04,0.05974,0.005974,7.51160768860221
2288,418727.3738420745,3385481.7927185036,zonal_sum,933.4299302101135,2.5649493574615367,3,12.0,poi_economic_index,5,3613.0,10.38,0.06283,0.006283,5.864740251510144
2289,418727.3738420745,3385981.7927185036,zonal_sum,3231.489797592163,4.2456340097683265,16,64.0,poi_economic_index,4,5605.0,16.11,0.07112,0.007112,22.982355440475466
2290,418727.3738420745,3386481.7927185036,zonal_sum,3105.6867141723633,3.92395157629342,14,56.0,poi_economic_index,4,5605.0,16.11,0.07112,0.007112,22.087643911193847
2291,418727.3738420745,3386981.7927185036,zonal_sum,2862.8200826644897,0.0,0,0.0,poi_economic_index,3,1868.0,5.37,0.05642,0.005642,16.15203090639305
2292,418727.3738420745,3387481.7927185036,zonal_sum,3790.2497425079346,0.0,0,0.0,poi_economic_index,3,1868.0,5.37,0.05642,0.005642,21.384589047229767
2293,418727.3738420745,3387981.7927185036,zonal_sum,5074.245079040527,0.0,0,0.0,poi_economic_index,3,1868.0,5.37,0.05642,0.005642,28.62889073594666
2294,418727.3738420745,3388481.7927185036,zonal_sum,6818.588973999023,2.9856819377004897,4,16.0,poi_economic_index,5,3613.0,10.38,0.06283,0.006283,42.84119452363587
2295,418727.3738420745,3388981.7927185036,zonal_sum,6964.499046325684,4.497584975308154,22,88.0,poi_economic_index,6,7236.0,20.79,0.07876,0.007876,54.85239448886108
2296,418727.3738420745,3389481.7927185036,zonal_sum,3046.292468547821,1.6863989535702288,2,8.0,poi_economic_index,0,2799.0,8.04,0.05974,0.005974,18.198551207104682
2297,418727.3738420745,3389981.7927185036,zonal_sum,1881.4244751930237,0.0,0,0.0,poi_economic_index,3,1868.0,5.37,0.05642,0.005642,10.61499688903904
2298,418727.3738420745,3390481.7927185036,zonal_sum,4468.641355514526,0.0,0,0.0,poi_economic_index,3,1868.0,5.37,0.05642,0.005642,25.21207452781296
2299,418727.3738420745,3390981.7927185036,zonal_sum,4486.385948181152,3.044522437723423,4,16.0,poi_economic_index,5,3613.0,10.38,0.06283,0.006283,28.187962912422183
2300,418727.3738420745,3391481.7927185036,zonal_sum,3076.5984859466553,0.0,0,0.0,poi_economic_index,3,1868.0,5.37,0.05642,0.005642,17.35816865771103
2301,418727.3738420745,3391981.7927185036,zonal_sum,1080.4989948272705,0.0,0,0.0,poi_economic_index,3,1868.0,5.37,0.05642,0.005642,6.096175328815461
2302,418727.3738420745,3392481.7927185036,zonal_sum,1328.7903327941895,0.0,0,0.0,poi_economic_index,3,1868.0,5.37,0.05642,0.005642,7.497035057624817
2303,418727.3738420745,3392981.7927185036,zonal_sum,1377.2990548610687,1.6094379124341003,1,4.0,poi_economic_index,0,2799.0,8.04,0.05974,0.005974,8.227984553740026
2304,418727.3738420745,3393481.7927185036,zonal_sum,467.48452711105347,0.0,0,0.0,poi_economic_index,3,1868.0,5.37,0.05642,0.005642,2.637547701960564
2305,418727.3738420745,3393981.7927185036,zonal_sum,740.7493844032288,0.0,0,0.0,poi_economic_index,3,1868.0,5.37,0.05642,0.005642,4.1793080268030165
2306,418727.3738420745,3394481.7927185036,zonal_sum,1063.3950290679932,1.33500106673234,1,4.0,poi_economic_index,0,2799.0,8.04,0.05974,0.005974,6.352721903652191
2307,418727.3738420745,3394981.7927185036,zonal_sum,1571.8205480575562,2.3608540011180215,3,12.0,poi_economic_index,5,3613.0,10.38,0.06283,0.006283,9.875748503445626
2308,418727.3738420745,3395481.7927185036,zonal_sum,848.4296951293945,0.0,0,0.0,poi_economic_index,3,1868.0,5.37,0.05642,0.005642,4.786840339920044
2309,418727.3738420745,3395981.7927185036,zonal_sum,962.9560713768005,0.0,0,0.0,poi_economic_index,3,1868.0,5.37,0.05642,0.005642,5.432998154707909
2310,418727.3738420745,3396481.7927185036,zonal_sum,790.1641113162041,0.0,0,0.0,poi_economic_index,3,1868.0,5.37,0.05642,0.005642,4.458105916046024
2311,418727.3738420745,3396981.7927185036,zonal_sum,1117.2609798908234,0.0,0,0.0,poi_economic_index,3,1868.0,5.37,0.05642,0.005642,6.303586448544026
2312,418727.3738420745,3397481.7927185036,zonal_sum,692.6195738315582,0.0,0,0.0,poi_economic_index,3,1868.0,5.37,0.05642,0.005642,3.907759635557652
2313,418727.3738420745,3397981.7927185036,zonal_sum,357.04182916879654,0.0,0,0.0,poi_economic_index,3,1868.0,5.37,0.05642,0.005642,2.0144300001703503
2314,418727.3738420745,3398481.7927185036,zonal_sum,118.65558317303658,0.0,0,0.0,poi_economic_index,3,1868.0,5.37,0.05642,0.005642,0.6694548002622724
2315,418727.3738420745,3398981.7927185036,zonal_sum,139.53388433158398,1.33500106673234,1,4.0,poi_economic_index,0,2799.0,8.04,0.05974,0.005974,0.8335754249968828
2316,418727.3738420745,3399481.7927185036,zonal_sum,73.46261496469378,0.0,0,0.0,poi_economic_index,3,1868.0,5.37,0.05642,0.005642,0.41447607363080236
2317,418727.3738420745,3399981.7927185036,zonal_sum,55.52769947052002,0.0,0,0.0,poi_economic_index,3,1868.0,5.37,0.05642,0.005642,0.31328728041267395
2318,419227.3738420745,3379981.7927185036,zonal_sum,328.1913049221039,0.0,0,0.0,poi_economic_index,3,1868.0,5.37,0.05642,0.005642,1.8516553423705102
2319,419227.3738420745,3380481.7927185036,zonal_sum,548.7281656265259,0.0,0,0.0,poi_economic_index,3,1868.0,5.37,0.05642,0.005642,3.0959243104648593
2320,419227.3738420745,3380981.7927185036,zonal_sum,369.808468580246,0.0,0,0.0,poi_economic_index,3,1868.0,5.37,0.05642,0.005642,2.0864593797297477
2321,419227.3738420745,3381481.7927185036,zonal_sum,1385.9608907699585,0.0,0,0.0,poi_economic_index,3,1868.0,5.37,0.05642,0.005642,7.819591345724106
2322,419227.3738420745,3381981.7927185036,zonal_sum,1501.323254585266,0.0,0,0.0,poi_economic_index,3,1868.0,5.37,0.05642,0.005642,8.470465802370072
2323,419227.3738420745,3382481.7927185036,zonal_sum,821.0751678943634,0.0,0,0.0,poi_economic_index,3,1868.0,5.37,0.05642,0.005642,4.6325060972599985
2324,419227.3738420745,3382981.7927185036,zonal_sum,373.08653497695923,1.0986122886681098,1,4.0,poi_economic_index,0,2799.0,8.04,0.05974,0.005974,2.2288189599523545
2325,419227.3738420745,3383481.7927185036,zonal_sum,1356.8988399505615,0.0,0,0.0,poi_economic_index,3,1868.0,5.37,0.05642,0.005642,7.6556232550010686
2326,419227.3738420745,3383981.7927185036,zonal_sum,2536.6451745033264,1.33500106673234,1,4.0,poi_economic_index,0,2799.0,8.04,0.05974,0.005974,15.153918272482873
2327,419227.3738420745,3384481.7927185036,zonal_sum,3281.091354370117,2.9231615807191558,5,20.0,poi_economic_index,5,3613.0,10.38,0.06283,0.006283,20.61509697950745
2328,419227.3738420745,3384981.7927185036,zonal_sum,778.3234648704529,0.0,0,0.0,poi_economic_index,3,1868.0,5.37,0.05642,0.005642,4.391300988799095
2329,419227.3738420745,3385481.7927185036,zonal_sum,1100.5976252555847,0.0,0,0.0,poi_economic_index,3,1868.0,5.37,0.05642,0.005642,6.209571801692009
2330,419227.3738420745,3385981.7927185036,zonal_sum,905.6961408853531,1.33500106673234,1,4.0,poi_economic_index,0,2799.0,8.04,0.05974,0.005974,5.4106287456491
2331,419227.3738420745,3386481.7927185036,zonal_sum,2077.531238079071,0.0,0,0.0,poi_economic_index,3,1868.0,5.37,0.05642,0.005642,11.721431245242119
2332,419227.3738420745,3386981.7927185036,zonal_sum,1749.044587135315,0.0,0,0.0,poi_economic_index,3,1868.0,5.37,0.05642,0.005642,9.868109560617448
2333,419227.3738420745,3387481.7927185036,zonal_sum,3528.1518478393555,0.0,0,0.0,poi_economic_index,3,1868.0,5.37,0.05642,0.005642,19.905832725509644
2334,419227.3738420745,3387981.7927185036,zonal_sum,2473.5670070648193,0.0,0,0.0,poi_economic_index,3,1868.0,5.37,0.05642,0.005642,13.95586505385971
2335,419227.3738420745,3388481.7927185036,zonal_sum,3180.5690412521362,3.3105430133940246,9,36.0,poi_economic_index,2,4500.0,12.93,0.06638,0.006638,21.11261729583168
2336,419227.3738420745,3388981.7927185036,zonal_sum,6192.325103759766,4.273884476054178,22,88.0,poi_economic_index,6,7236.0,20.79,0.07876,0.007876,48.77075251721191
2337,419227.3738420745,3389481.7927185036,zonal_sum,3322.373712539673,1.6094379124341003,1,4.0,poi_economic_index,0,2799.0,8.04,0.05974,0.005974,19.847860558712007
2338,419227.3738420745,3389981.7927185036,zonal_sum,3425.8799419403076,0.0,0,0.0,poi_economic_index,3,1868.0,5.37,0.05642,0.005642,19.328814632427218
2339,419227.3738420745,3390481.7927185036,zonal_sum,3555.9785232543945,0.0,0,0.0,poi_economic_index,3,1868.0,5.37,0.05642,0.005642,20.062830828201296
2340,419227.3738420745,3390981.7927185036,zonal_sum,3901.8814191818237,0.0,0,0.0,poi_economic_index,3,1868.0,5.37,0.05642,0.005642,22.01441496702385
2341,419227.3738420745,3391481.7927185036,zonal_sum,3618.715440750122,0.0,0,0.0,poi_economic_index,3,1868.0,5.37,0.05642,0.005642,20.41679251671219
2342,419227.3738420745,3391981.7927185036,zonal_sum,1462.0016570091248,1.33500106673234,1,4.0,poi_economic_index,0,2799.0,8.04,0.05974,0.005974,8.733997898972511
2343,419227.3738420745,3392481.7927185036,zonal_sum,2897.9029712677,0.0,0,0.0,poi_economic_index,3,1868.0,5.37,0.05642,0.005642,16.349968563892364
2344,419227.3738420745,3392981.7927185036,zonal_sum,2298.829433441162,0.0,0,0.0,poi_economic_index,3,1868.0,5.37,0.05642,0.005642,12.969995663475038
2345,419227.3738420745,3393481.7927185036,zonal_sum,1429.9287395477295,0.0,0,0.0,poi_economic_index,3,1868.0,5.37,0.05642,0.005642,8.067657948528291
2346,419227.3738420745,3393981.7927185036,zonal_sum,1039.354567527771,0.0,0,0.0,poi_economic_index,3,1868.0,5.37,0.05642,0.005642,5.8640384699916845
2347,419227.3738420745,3394481.7927185036,zonal_sum,936.3572082519531,0.0,0,0.0,poi_economic_index,3,1868.0,5.37,0.05642,0.005642,5.28292736895752
2348,419227.3738420745,3394981.7927185036,zonal_sum,1824.2284002304077,0.0,0,0.0,poi_economic_index,3,1868.0,5.37,0.05642,0.005642,10.29229663409996
2349,419227.3738420745,3395481.7927185036,zonal_sum,2361.948724746704,0.0,0,0.0,poi_economic_index,3,1868.0,5.37,0.05642,0.005642,13.326114705020906
2350,419227.3738420745,3395981.7927185036,zonal_sum,1263.1950073242188,0.0,0,0.0,poi_economic_index,3,1868.0,5.37,0.05642,0.005642,7.126946231323243
2351,419227.3738420745,3396481.7927185036,zonal_sum,1088.101842880249,0.0,0,0.0,poi_economic_index,3,1868.0,5.37,0.05642,0.005642,6.139070597530365
2352,419227.3738420745,3396981.7927185036,zonal_sum,1876.9328022003174,1.8870696490323797,2,8.0,poi_economic_index,0,2799.0,8.04,0.05974,0.005974,11.212796560344696
2353,419227.3738420745,3397481.7927185036,zonal_sum,1742.4524865150452,0.0,0,0.0,poi_economic_index,3,1868.0,5.37,0.05642,0.005642,9.830916928917885
2354,419227.3738420745,3397981.7927185036,zonal_sum,1316.757884502411,0.0,0,0.0,poi_economic_index,3,1868.0,5.37,0.05642,0.005642,7.4291479843626025
2355,419227.3738420745,3398481.7927185036,zonal_sum,284.4468637108803,1.6094379124341003,1,4.0,poi_economic_index,0,2799.0,8.04,0.05974,0.005974,1.699285563808799
2356,419227.3738420745,3398981.7927185036,zonal_sum,315.7391355447471,0.0,0,0.0,poi_economic_index,3,1868.0,5.37,0.05642,0.005642,1.7814002027434632
2357,419227.3738420745,3399481.7927185036,zonal_sum,221.74790066480637,0.0,0,0.0,poi_economic_index,3,1868.0,5.37,0.05642,0.005642,1.2511016555508376
2358,419727.3738420745,3381981.7927185036,zonal_sum,2489.2680683135986,0.0,0,0.0,poi_economic_index,3,1868.0,5.37,0.05642,0.005642,14.044450441425324
2359,419727.3738420745,3382481.7927185036,zonal_sum,2293.332456588745,1.33500106673234,1,4.0,poi_economic_index,0,2799.0,8.04,0.05974,0.005974,13.700368095661164
2360,419727.3738420745,3382981.7927185036,zonal_sum,588.117921590805,0.0,0,0.0,poi_economic_index,3,1868.0,5.37,0.05642,0.005642,3.3181613136153225
2361,419727.3738420745,3383481.7927185036,zonal_sum,460.5317755639553,0.7884573603642702,1,4.0,poi_economic_index,0,2799.0,8.04,0.05974,0.005974,2.751216827219069
2362,419727.3738420745,3383981.7927185036,zonal_sum,1101.0380086898804,0.0,0,0.0,poi_economic_index,3,1868.0,5.37,0.05642,0.005642,6.212056445028305
2363,419727.3738420745,3384481.7927185036,zonal_sum,1649.552391052246,2.1972245773362196,2,8.0,poi_economic_index,5,3613.0,10.38,0.06283,0.006283,10.364137672981263
2364,419727.3738420745,3384981.7927185036,zonal_sum,445.40395787358284,0.0,0,0.0,poi_economic_index,3,1868.0,5.37,0.05642,0.005642,2.5129691303227544
2365,419727.3738420745,3385481.7927185036,zonal_sum,2371.1567668914795,0.0,0,0.0,poi_economic_index,3,1868.0,5.37,0.05642,0.005642,13.378066478801728
2366,419727.3738420745,3385981.7927185036,zonal_sum,1100.2600841522217,0.0,0,0.0,poi_economic_index,3,1868.0,5.37,0.05642,0.005642,6.207667394786835
2367,419727.3738420745,3386481.7927185036,zonal_sum,1660.436912536621,0.0,0,0.0,poi_economic_index,3,1868.0,5.37,0.05642,0.005642,9.368185060531617
2368,419727.3738420745,3386981.7927185036,zonal_sum,2460.1087050437927,0.0,0,0.0,poi_economic_index,3,1868.0,5.37,0.05642,0.005642,13.87993331385708
2369,419727.3738420745,3387481.7927185036,zonal_sum,4300.906574249268,0.0,0,0.0,poi_economic_index,3,1868.0,5.37,0.05642,0.005642,24.265714891914367
2370,419727.3738420745,3387981.7927185036,zonal_sum,3582.219036102295,0.0,0,0.0,poi_economic_index,3,1868.0,5.37,0.05642,0.005642,20.21087980168915
2371,419727.3738420745,3388481.7927185036,zonal_sum,4957.288299560547,0.0,0,0.0,poi_economic_index,3,1868.0,5.37,0.05642,0.005642,27.969020586120607
2372,419727.3738420745,3388981.7927185036,zonal_sum,4046.389986038208,2.0541237336955462,2,8.0,poi_economic_index,0,2799.0,8.04,0.05974,0.005974,24.173133776592255
2373,419727.3738420745,3389481.7927185036,zonal_sum,981.5039310455322,0.0,0,0.0,poi_economic_index,3,1868.0,5.37,0.05642,0.005642,5.537645178958893
2374,419727.3738420745,3389981.7927185036,zonal_sum,1258.9301800727844,0.0,0,0.0,poi_economic_index,3,1868.0,5.37,0.05642,0.005642,7.10288407597065
2375,419727.3738420745,3390481.7927185036,zonal_sum,1366.5802116394043,0.0,0,0.0,poi_economic_index,3,1868.0,5.37,0.05642,0.005642,7.71024555406952
2376,419727.3738420745,3390981.7927185036,zonal_sum,3970.4861450195312,0.0,0,0.0,poi_economic_index,3,1868.0,5.37,0.05642,0.005642,22.401482830200198
2377,419727.3738420745,3391481.7927185036,zonal_sum,4890.232921600342,0.0,0,0.0,poi_economic_index,3,1868.0,5.37,0.05642,0.005642,27.59069414366913
2378,419727.3738420745,3391981.7927185036,zonal_sum,1018.7361087799072,0.0,0,0.0,poi_economic_index,3,1868.0,5.37,0.05642,0.005642,5.747709125736237
2379,419727.3738420745,3392481.7927185036,zonal_sum,1089.4060716629028,0.0,0,0.0,poi_economic_index,3,1868.0,5.37,0.05642,0.005642,6.1464290563220985
2380,419727.3738420745,3392981.7927185036,zonal_sum,2830.069808959961,0.0,0,0.0,poi_economic_index,3,1868.0,5.37,0.05642,0.005642,15.9672538621521
2381,419727.3738420745,3393481.7927185036,zonal_sum,1668.1690649986267,0.0,0,0.0,poi_economic_index,3,1868.0,5.37,0.05642,0.005642,9.411809864722253
2382,419727.3738420745,3393981.7927185036,zonal_sum,2693.5334911346436,1.33500106673234,1,4.0,poi_economic_index,0,2799.0,8.04,0.05974,0.005974,16.091169076038362
2383,419727.3738420745,3394481.7927185036,zonal_sum,726.7712650299072,0.0,0,0.0,poi_economic_index,3,1868.0,5.37,0.05642,0.005642,4.100443477298737
2384,419727.3738420745,3394981.7927185036,zonal_sum,1654.5409708023071,2.1972245773362196,1,4.0,poi_economic_index,0,2799.0,8.04,0.05974,0.005974,9.884227759572983
2385,419727.3738420745,3395481.7927185036,zonal_sum,1395.8638491630554,0.0,0,0.0,poi_economic_index,3,1868.0,5.37,0.05642,0.005642,7.875463836977959
2386,419727.3738420745,3395981.7927185036,zonal_sum,1639.4692668914795,0.0,0,0.0,poi_economic_index,3,1868.0,5.37,0.05642,0.005642,9.249885603801728
2387,419727.3738420745,3396481.7927185036,zonal_sum,5488.443487167358,0.0,0,0.0,poi_economic_index,3,1868.0,5.37,0.05642,0.005642,30.96579815459824
2388,419727.3738420745,3396981.7927185036,zonal_sum,3436.512125015259,0.0,0,0.0,poi_economic_index,3,1868.0,5.37,0.05642,0.005642,19.38880140933609
2389,419727.3738420745,3397481.7927185036,zonal_sum,3457.5364208221436,3.543853682063679,5,20.0,poi_economic_index,2,4500.0,12.93,0.06638,0.006638,22.951126761417388
2390,419727.3738420745,3397981.7927185036,zonal_sum,1595.1244869232178,0.0,0,0.0,poi_economic_index,3,1868.0,5.37,0.05642,0.005642,8.999692355220795
2391,419727.3738420745,3398481.7927185036,zonal_sum,1459.0566458702087,1.8870696490323797,2,8.0,poi_economic_index,0,2799.0,8.04,0.05974,0.005974,8.716404402428628
2392,419727.3738420745,3398981.7927185036,zonal_sum,1389.3547220230103,0.0,0,0.0,poi_economic_index,3,1868.0,5.37,0.05642,0.005642,7.838739341653825
2393,420227.3738420745,3383481.7927185036,zonal_sum,49.40662483870983,0.0,0,0.0,poi_economic_index,3,1868.0,5.37,0.05642,0.005642,0.2787521773400009
2394,420227.3738420745,3383981.7927185036,zonal_sum,961.1321500241756,0.0,0,0.0,poi_economic_index,3,1868.0,5.37,0.05642,0.005642,5.422707590436399
2395,420227.3738420745,3384481.7927185036,zonal_sum,1962.083236694336,0.0,0,0.0,poi_economic_index,3,1868.0,5.37,0.05642,0.005642,11.070073621429444
2396,420227.3738420745,3384981.7927185036,zonal_sum,1370.2533221244812,0.0,0,0.0,poi_economic_index,3,1868.0,5.37,0.05642,0.005642,7.7309692434263235
2397,420227.3738420745,3385481.7927185036,zonal_sum,1224.9175486564636,0.0,0,0.0,poi_economic_index,3,1868.0,5.37,0.05642,0.005642,6.910984809519769
2398,420227.3738420745,3385981.7927185036,zonal_sum,615.9733309745789,0.0,0,0.0,poi_economic_index,3,1868.0,5.37,0.05642,0.005642,3.4753215333585743
2399,420227.3738420745,3386481.7927185036,zonal_sum,609.1693280488253,0.0,0,0.0,poi_economic_index,3,1868.0,5.37,0.05642,0.005642,3.4369333488514724
2400,420227.3738420745,3386981.7927185036,zonal_sum,1563.6851897239685,1.33500106673234,1,4.0,poi_economic_index,0,2799.0,8.04,0.05974,0.005974,9.341455323410988
2401,420227.3738420745,3387481.7927185036,zonal_sum,3574.9680709838867,0.0,0,0.0,poi_economic_index,3,1868.0,5.37,0.05642,0.005642,20.16996985649109
2402,420227.3738420745,3387981.7927185036,zonal_sum,3392.8261432647705,0.0,0,0.0,poi_economic_index,3,1868.0,5.37,0.05642,0.005642,19.142325100299836
2403,420227.3738420745,3388481.7927185036,zonal_sum,2615.568423271179,0.0,0,0.0,poi_economic_index,3,1868.0,5.37,0.05642,0.005642,14.757037044095993
2404,420227.3738420745,3388981.7927185036,zonal_sum,1437.6307493001223,0.0,0,0.0,poi_economic_index,3,1868.0,5.37,0.05642,0.005642,8.111112687551291
2405,420227.3738420745,3389481.7927185036,zonal_sum,2046.8447818756104,1.9459101490553132,2,8.0,poi_economic_index,0,2799.0,8.04,0.05974,0.005974,12.227850726924897
2406,420227.3738420745,3389981.7927185036,zonal_sum,234.33170135319233,0.0,0,0.0,poi_economic_index,3,1868.0,5.37,0.05642,0.005642,1.3220994590347113
2407,420227.3738420745,3390481.7927185036,zonal_sum,706.4873404502869,0.0,0,0.0,poi_economic_index,3,1868.0,5.37,0.05642,0.005642,3.9860015748205186
2408,420227.3738420745,3390981.7927185036,zonal_sum,3538.5265312194824,0.0,0,0.0,poi_economic_index,3,1868.0,5.37,0.05642,0.005642,19.96436668914032
2409,420227.3738420745,3391481.7927185036,zonal_sum,4584.937580108643,0.0,0,0.0,poi_economic_index,3,1868.0,5.37,0.05642,0.005642,25.868217826972963
2410,420227.3738420745,3391981.7927185036,zonal_sum,2172.149048805237,0.0,0,0.0,poi_economic_index,3,1868.0,5.37,0.05642,0.005642,12.255264933359147
2411,420227.3738420745,3392481.7927185036,zonal_sum,3658.093460083008,0.0,0,0.0,poi_economic_index,3,1868.0,5.37,0.05642,0.005642,20.63896330178833
2412,420227.3738420745,3392981.7927185036,zonal_sum,3273.4528732299805,0.0,0,0.0,poi_economic_index,3,1868.0,5.37,0.05642,0.005642,18.46882111076355
2413,420227.3738420745,3393481.7927185036,zonal_sum,858.9333639144897,0.0,0,0.0,poi_economic_index,3,1868.0,5.37,0.05642,0.005642,4.846102039205552
2414,420227.3738420745,3393981.7927185036,zonal_sum,781.2777976989746,0.0,0,0.0,poi_economic_index,3,1868.0,5.37,0.05642,0.005642,4.407969334617615
2415,420227.3738420745,3394481.7927185036,zonal_sum,1056.2708897590637,0.0,0,0.0,poi_economic_index,3,1868.0,5.37,0.05642,0.005642,5.959480360020637
2416,420227.3738420745,3394981.7927185036,zonal_sum,2377.213709831238,3.295836866004329,3,12.0,poi_economic_index,5,3613.0,10.38,0.06283,0.006283,14.936033738869668
2417,420227.3738420745,3395481.7927185036,zonal_sum,2972.842029571533,0.0,0,0.0,poi_economic_index,3,1868.0,5.37,0.05642,0.005642,16.772774730842592
2418,420227.3738420745,3395981.7927185036,zonal_sum,4223.692270278931,2.624668592163159,2,8.0,poi_economic_index,5,3613.0,10.38,0.06283,0.006283,26.53745853416252
2419,420227.3738420745,3396481.7927185036,zonal_sum,8507.184127807617,0.0,0,0.0,poi_economic_index,3,1868.0,5.37,0.05642,0.005642,47.99753284909058
2420,420227.3738420745,3396981.7927185036,zonal_sum,3910.6935424804688,0.0,0,0.0,poi_economic_index,3,1868.0,5.37,0.05642,0.005642,22.064132966674805
2421,420227.3738420745,3397481.7927185036,zonal_sum,4794.85623550415,0.0,0,0.0,poi_economic_index,3,1868.0,5.37,0.05642,0.005642,27.052578880714417
2422,420227.3738420745,3397981.7927185036,zonal_sum,2030.4033660888672,0.0,0,0.0,poi_economic_index,3,1868.0,5.37,0.05642,0.005642,11.45553579147339
2423,420227.3738420745,3398481.7927185036,zonal_sum,5786.1269454956055,3.8066624897703196,15,60.0,poi_economic_index,4,5605.0,16.11,0.07112,0.007112,41.15093483636475
2424,420227.3738420745,3398981.7927185036,zonal_sum,3181.0502824783325,2.760009940032921,2,8.0,poi_economic_index,5,3613.0,10.38,0.06283,0.006283,19.986538924811363
2425,420727.3738420745,3384481.7927185036,zonal_sum,443.48664283007383,1.33500106673234,1,4.0,poi_economic_index,0,2799.0,8.04,0.05974,0.005974,2.649389204266861
2426,420727.3738420745,3384981.7927185036,zonal_sum,1260.597848892212,0.0,0,0.0,poi_economic_index,3,1868.0,5.37,0.05642,0.005642,7.11229306344986
2427,420727.3738420745,3385481.7927185036,zonal_sum,1216.2308750152588,0.0,0,0.0,poi_economic_index,3,1868.0,5.37,0.05642,0.005642,6.861974596836091
2428,420727.3738420745,3385981.7927185036,zonal_sum,492.70654344558716,0.0,0,0.0,poi_economic_index,3,1868.0,5.37,0.05642,0.005642,2.779850318120003
2429,420727.3738420745,3386481.7927185036,zonal_sum,359.60539481043816,0.0,0,0.0,poi_economic_index,3,1868.0,5.37,0.05642,0.005642,2.028893637520492
2430,420727.3738420745,3386981.7927185036,zonal_sum,322.5609103292227,0.0,0,0.0,poi_economic_index,3,1868.0,5.37,0.05642,0.005642,1.8198886560774745
2431,420727.3738420745,3387481.7927185036,zonal_sum,635.0142344534397,0.0,0,0.0,poi_economic_index,3,1868.0,5.37,0.05642,0.005642,3.5827503107863072
2432,420727.3738420745,3387981.7927185036,zonal_sum,3886.2985215187073,0.0,0,0.0,poi_economic_index,3,1868.0,5.37,0.05642,0.005642,21.926496258408548
2433,420727.3738420745,3388481.7927185036,zonal_sum,1448.6795537024736,0.0,0,0.0,poi_economic_index,3,1868.0,5.37,0.05642,0.005642,8.173450041989357
2434,420727.3738420745,3388981.7927185036,zonal_sum,69.60583432763815,0.0,0,0.0,poi_economic_index,3,1868.0,5.37,0.05642,0.005642,0.39271611727653444
2435,420727.3738420745,3389481.7927185036,zonal_sum,517.3509640693665,0.0,0,0.0,poi_economic_index,3,1868.0,5.37,0.05642,0.005642,2.9188941392793657
2436,420727.3738420745,3389981.7927185036,zonal_sum,303.328325510025,0.0,0,0.0,poi_economic_index,3,1868.0,5.37,0.05642,0.005642,1.7113784125275613
2437,420727.3738420745,3390481.7927185036,zonal_sum,707.9965677261353,1.33500106673234,1,4.0,poi_economic_index,0,2799.0,8.04,0.05974,0.005974,4.229571495595932
2438,420727.3738420745,3390981.7927185036,zonal_sum,2170.688567638397,1.33500106673234,1,4.0,poi_economic_index,0,2799.0,8.04,0.05974,0.005974,12.967693503071786
2439,420727.3738420745,3391481.7927185036,zonal_sum,6115.760612487793,1.33500106673234,1,4.0,poi_economic_index,0,2799.0,8.04,0.05974,0.005974,36.535553899002075
2440,420727.3738420745,3391981.7927185036,zonal_sum,5008.705619812012,0.0,0,0.0,poi_economic_index,3,1868.0,5.37,0.05642,0.005642,28.25911710697937
2441,420727.3738420745,3392481.7927185036,zonal_sum,3574.4676094055176,0.0,0,0.0,poi_economic_index,3,1868.0,5.37,0.05642,0.005642,20.16714625226593
2442,420727.3738420745,3392981.7927185036,zonal_sum,1791.7962312698364,0.0,0,0.0,poi_economic_index,3,1868.0,5.37,0.05642,0.005642,10.109314336824418
2443,420727.3738420745,3393481.7927185036,zonal_sum,568.3754620552063,0.0,0,0.0,poi_economic_index,3,1868.0,5.37,0.05642,0.005642,3.2067743569154743
2444,420727.3738420745,3393981.7927185036,zonal_sum,525.2586007118225,0.0,0,0.0,poi_economic_index,3,1868.0,5.37,0.05642,0.005642,2.9635090252161027
2445,420727.3738420745,3394481.7927185036,zonal_sum,230.92887026071548,0.0,0,0.0,poi_economic_index,3,1868.0,5.37,0.05642,0.005642,1.3029006860109569
2446,420727.3738420745,3394981.7927185036,zonal_sum,2537.624539375305,3.2188758248682006,3,12.0,poi_economic_index,5,3613.0,10.38,0.06283,0.006283,15.943894980895044
2447,420727.3738420745,3395481.7927185036,zonal_sum,2854.9860076904297,1.33500106673234,1,4.0,poi_economic_index,0,2799.0,8.04,0.05974,0.005974,17.055686409942627
2448,420727.3738420745,3395981.7927185036,zonal_sum,6162.761878967285,2.3978952727983707,1,4.0,poi_economic_index,5,3613.0,10.38,0.06283,0.006283,38.72063288555145
2449,420727.3738420745,3396481.7927185036,zonal_sum,6820.836074829102,0.0,0,0.0,poi_economic_index,3,1868.0,5.37,0.05642,0.005642,38.483157134185795
2450,420727.3738420745,3396981.7927185036,zonal_sum,3465.625478744507,0.0,0,0.0,poi_economic_index,3,1868.0,5.37,0.05642,0.005642,19.55305895107651
2451,420727.3738420745,3397481.7927185036,zonal_sum,6027.346603393555,2.3978952727983707,1,4.0,poi_economic_index,5,3613.0,10.38,0.06283,0.006283,37.86981870912171
2452,420727.3738420745,3397981.7927185036,zonal_sum,2229.14306640625,0.0,0,0.0,poi_economic_index,3,1868.0,5.37,0.05642,0.005642,12.576825180664063
2453,421227.3738420745,3384981.7927185036,zonal_sum,572.8551516532898,0.0,0,0.0,poi_economic_index,3,1868.0,5.37,0.05642,0.005642,3.2320487656278614
2454,421227.3738420745,3385481.7927185036,zonal_sum,657.4273915290833,0.0,0,0.0,poi_economic_index,3,1868.0,5.37,0.05642,0.005642,3.709205343007088
2455,421227.3738420745,3385981.7927185036,zonal_sum,404.722030878067,0.0,0,0.0,poi_economic_index,3,1868.0,5.37,0.05642,0.005642,2.2834416982140544
2456,421227.3738420745,3386481.7927185036,zonal_sum,422.30238914489746,0.0,0,0.0,poi_economic_index,3,1868.0,5.37,0.05642,0.005642,2.3826300795555118
2457,421227.3738420745,3386981.7927185036,zonal_sum,198.82005690038204,0.0,0,0.0,poi_economic_index,3,1868.0,5.37,0.05642,0.005642,1.1217427610319555
2458,421227.3738420745,3387481.7927185036,zonal_sum,179.78162097930908,0.0,0,0.0,poi_economic_index,3,1868.0,5.37,0.05642,0.005642,1.0143279055652619
2459,421227.3738420745,3387981.7927185036,zonal_sum,45.8103159442544,0.0,0,0.0,poi_economic_index,3,1868.0,5.37,0.05642,0.005642,0.25846180255748336
2460,421227.3738420745,3388481.7927185036,zonal_sum,24.365985967218876,0.0,0,0.0,poi_economic_index,3,1868.0,5.37,0.05642,0.005642,0.13747289282704891
2461,421227.3738420745,3388981.7927185036,zonal_sum,15.895067930221558,0.0,0,0.0,poi_economic_index,3,1868.0,5.37,0.05642,0.005642,0.08967997326231003
2462,421227.3738420745,3389481.7927185036,zonal_sum,123.4511039480567,1.33500106673234,1,4.0,poi_economic_index,0,2799.0,8.04,0.05974,0.005974,0.7374968949856907
2463,421227.3738420745,3389981.7927185036,zonal_sum,149.39251869916916,0.0,0,0.0,poi_economic_index,3,1868.0,5.37,0.05642,0.005642,0.8428725905007124
2464,421227.3738420745,3390481.7927185036,zonal_sum,47.199082009494305,1.8870696490323797,2,8.0,poi_economic_index,0,2799.0,8.04,0.05974,0.005974,0.28196731592471896
2465,421227.3738420745,3390981.7927185036,zonal_sum,1527.9849416166544,1.8870696490323797,2,8.0,poi_economic_index,0,2799.0,8.04,0.05974,0.005974,9.128182041217894
2466,421227.3738420745,3391481.7927185036,zonal_sum,7613.527885437012,0.0,0,0.0,poi_economic_index,3,1868.0,5.37,0.05642,0.005642,42.95552432963562
2467,421227.3738420745,3391981.7927185036,zonal_sum,5271.936187744141,0.0,0,0.0,poi_economic_index,3,1868.0,5.37,0.05642,0.005642,29.744263971252444
2468,421227.3738420745,3392481.7927185036,zonal_sum,3017.97882270813,0.0,0,0.0,poi_economic_index,3,1868.0,5.37,0.05642,0.005642,17.02743651771927
2469,421227.3738420745,3392981.7927185036,zonal_sum,923.1748180389404,0.0,0,0.0,poi_economic_index,3,1868.0,5.37,0.05642,0.005642,5.208552323375702
2470,421227.3738420745,3393481.7927185036,zonal_sum,1577.990322113037,0.0,0,0.0,poi_economic_index,3,1868.0,5.37,0.05642,0.005642,8.903021397361757
2471,421227.3738420745,3393981.7927185036,zonal_sum,538.4247407913208,0.0,0,0.0,poi_economic_index,3,1868.0,5.37,0.05642,0.005642,3.037792387544632
2472,421227.3738420745,3394481.7927185036,zonal_sum,526.8621096611023,0.0,0,0.0,poi_economic_index,3,1868.0,5.37,0.05642,0.005642,2.9725560227079395
2473,421227.3738420745,3394981.7927185036,zonal_sum,1879.4869842529297,0.0,0,0.0,poi_economic_index,3,1868.0,5.37,0.05642,0.005642,10.60406556515503
2474,421227.3738420745,3395481.7927185036,zonal_sum,3965.5341472625732,0.0,0,0.0,poi_economic_index,3,1868.0,5.37,0.05642,0.005642,22.37354365885544
2475,421227.3738420745,3395981.7927185036,zonal_sum,5396.390396118164,0.0,0,0.0,poi_economic_index,3,1868.0,5.37,0.05642,0.005642,30.446434614898685
2476,421227.3738420745,3396481.7927185036,zonal_sum,3920.8278198242188,0.0,0,0.0,poi_economic_index,3,1868.0,5.37,0.05642,0.005642,22.121310559448244
2477,421227.3738420745,3396981.7927185036,zonal_sum,3736.4697761535645,0.0,0,0.0,poi_economic_index,3,1868.0,5.37,0.05642,0.005642,21.081162477058413
2478,421727.3738420745,3385981.7927185036,zonal_sum,104.11725114285946,1.33500106673234,1,4.0,poi_economic_index,0,2799.0,8.04,0.05974,0.005974,0.6219964583274424
2479,421727.3738420745,3386481.7927185036,zonal_sum,198.83981037139893,0.0,0,0.0,poi_economic_index,3,1868.0,5.37,0.05642,0.005642,1.1218542101154327
2480,421727.3738420745,3386981.7927185036,zonal_sum,99.53207731246948,0.0,0,0.0,poi_economic_index,3,1868.0,5.37,0.05642,0.005642,0.5615599801969529
2481,421727.3738420745,3387481.7927185036,zonal_sum,124.49392139911652,0.0,0,0.0,poi_economic_index,3,1868.0,5.37,0.05642,0.005642,0.7023947045338155
2482,421727.3738420745,3387981.7927185036,zonal_sum,161.8667333126068,0.0,0,0.0,poi_economic_index,3,1868.0,5.37,0.05642,0.005642,0.9132521093497277
2483,421727.3738420745,3388481.7927185036,zonal_sum,4.889114856719971,0.0,0,0.0,poi_economic_index,3,1868.0,5.37,0.05642,0.005642,0.027584386021614078
2484,421727.3738420745,3388981.7927185036,zonal_sum,17.31417284347117,0.0,0,0.0,poi_economic_index,3,1868.0,5.37,0.05642,0.005642,0.09768656318286434
2485,421727.3738420745,3389481.7927185036,zonal_sum,5.024902105331421,0.0,0,0.0,poi_economic_index,3,1868.0,5.37,0.05642,0.005642,0.02835049767827988
2486,421727.3738420745,3389981.7927185036,zonal_sum,72.38080908358097,0.0,0,0.0,poi_economic_index,3,1868.0,5.37,0.05642,0.005642,0.4083725248495639
2487,421727.3738420745,3390481.7927185036,zonal_sum,16.645493358373642,0.0,0,0.0,poi_economic_index,3,1868.0,5.37,0.05642,0.005642,0.0939138735279441
2488,421727.3738420745,3390981.7927185036,zonal_sum,290.156831741333,1.33500106673234,1,4.0,poi_economic_index,0,2799.0,8.04,0.05974,0.005974,1.7333969128227233
2489,421727.3738420745,3391481.7927185036,zonal_sum,4680.804086685181,0.0,0,0.0,poi_economic_index,3,1868.0,5.37,0.05642,0.005642,26.40909665707779
2490,421727.3738420745,3391981.7927185036,zonal_sum,6076.969970703125,0.0,0,0.0,poi_economic_index,3,1868.0,5.37,0.05642,0.005642,34.28626457470703
2491,421727.3738420745,3392481.7927185036,zonal_sum,5745.8334884643555,0.0,0,0.0,poi_economic_index,3,1868.0,5.37,0.05642,0.005642,32.41799254191589
2492,421727.3738420745,3392981.7927185036,zonal_sum,2503.448558807373,0.0,0,0.0,poi_economic_index,3,1868.0,5.37,0.05642,0.005642,14.1244567687912
2493,421727.3738420745,3393481.7927185036,zonal_sum,932.5948309898376,0.0,0,0.0,poi_economic_index,3,1868.0,5.37,0.05642,0.005642,5.261700036444664
2494,421727.3738420745,3393981.7927185036,zonal_sum,560.4523918628693,0.0,0,0.0,poi_economic_index,3,1868.0,5.37,0.05642,0.005642,3.1620723948903087
2495,421727.3738420745,3394481.7927185036,zonal_sum,278.8592104315758,0.0,0,0.0,poi_economic_index,3,1868.0,5.37,0.05642,0.005642,1.5733236652549507
2496,421727.3738420745,3394981.7927185036,zonal_sum,1092.73526597023,0.0,0,0.0,poi_economic_index,3,1868.0,5.37,0.05642,0.005642,6.1652123706040385
2497,421727.3738420745,3395481.7927185036,zonal_sum,3129.372754096985,0.0,0,0.0,poi_economic_index,3,1868.0,5.37,0.05642,0.005642,17.65592107861519
2498,422227.3738420745,3386481.7927185036,zonal_sum,298.6553259193897,0.0,0,0.0,poi_economic_index,3,1868.0,5.37,0.05642,0.005642,1.685013348837197
2499,422227.3738420745,3386981.7927185036,zonal_sum,65.11551237106323,0.0,0,0.0,poi_economic_index,3,1868.0,5.37,0.05642,0.005642,0.3673817207975388
2500,422227.3738420745,3387481.7927185036,zonal_sum,19.499696850776672,0.0,0,0.0,poi_economic_index,3,1868.0,5.37,0.05642,0.005642,0.11001728963208199
2501,422227.3738420745,3387981.7927185036,zonal_sum,251.30469131469727,1.33500106673234,1,4.0,poi_economic_index,0,2799.0,8.04,0.05974,0.005974,1.5012942259140014
2502,422227.3738420745,3388481.7927185036,zonal_sum,53.168363094329834,1.33500106673234,1,4.0,poi_economic_index,0,2799.0,8.04,0.05974,0.005974,0.3176278011255264
2503,422227.3738420745,3388981.7927185036,zonal_sum,16.129504442214966,1.33500106673234,1,4.0,poi_economic_index,0,2799.0,8.04,0.05974,0.005974,0.09635765953779221
2504,422227.3738420745,3389481.7927185036,zonal_sum,0.0,0.0,0,0.0,poi_economic_index,3,1868.0,5.37,0.05642,0.005642,0.0
2505,422227.3738420745,3389981.7927185036,zonal_sum,43.73686493933201,0.0,0,0.0,poi_economic_index,3,1868.0,5.37,0.05642,0.005642,0.24676339198771122
2506,422227.3738420745,3390481.7927185036,zonal_sum,93.20277343690395,1.8870696490323797,2,8.0,poi_economic_index,0,2799.0,8.04,0.05974,0.005974,0.5567933685120642
2507,422227.3738420745,3390981.7927185036,zonal_sum,211.91110181808472,0.0,0,0.0,poi_economic_index,3,1868.0,5.37,0.05642,0.005642,1.195602436457634
2508,422227.3738420745,3391481.7927185036,zonal_sum,2043.1159229278564,0.0,0,0.0,poi_economic_index,3,1868.0,5.37,0.05642,0.005642,11.527260037158968
2509,422227.3738420745,3391981.7927185036,zonal_sum,2435.5637187957764,0.0,0,0.0,poi_economic_index,3,1868.0,5.37,0.05642,0.005642,13.74145050144577
2510,422227.3738420745,3392481.7927185036,zonal_sum,2962.649103164673,0.0,0,0.0,poi_economic_index,3,1868.0,5.37,0.05642,0.005642,16.715266240055087
2511,422227.3738420745,3392981.7927185036,zonal_sum,1165.0215091705322,0.0,0,0.0,poi_economic_index,3,1868.0,5.37,0.05642,0.005642,6.5730513547401435
2512,422227.3738420745,3393481.7927185036,zonal_sum,1363.6320066452026,0.0,0,0.0,poi_economic_index,3,1868.0,5.37,0.05642,0.005642,7.693611781492233
2513,422227.3738420745,3393981.7927185036,zonal_sum,573.7812852859497,0.0,0,0.0,poi_economic_index,3,1868.0,5.37,0.05642,0.005642,3.2372740115833283
2514,422727.3738420745,3390981.7927185036,zonal_sum,827.7809910103679,0.0,0,0.0,poi_economic_index,3,1868.0,5.37,0.05642,0.005642,4.670340351280496
2515,422727.3738420745,3391481.7927185036,zonal_sum,2092.9847707748413,1.33500106673234,1,4.0,poi_economic_index,0,2799.0,8.04,0.05974,0.005974,12.503491020608902
2516,422727.3738420745,3391981.7927185036,zonal_sum,860.5521059632301,0.0,0,0.0,poi_economic_index,3,1868.0,5.37,0.05642,0.005642,4.855234981844545
2517,422727.3738420745,3392481.7927185036,zonal_sum,683.2205516695976,0.0,0,0.0,poi_economic_index,3,1868.0,5.37,0.05642,0.005642,3.85473035251987
2518,422727.3738420745,3392981.7927185036,zonal_sum,703.0355596542358,0.0,0,0.0,poi_economic_index,3,1868.0,5.37,0.05642,0.005642,3.966526627569199
