20:42:13 INFO    root                       token 已写入 cesium_token.js（<已省略>…，181 字符）
20:42:13 INFO    export_3d                  运行阶段一：候选起降场筛选
20:42:14 INFO    evtol_siting.pipeline      ============================================================
20:42:14 INFO    evtol_siting.pipeline      阶段一：基于 GIS 的候选起降场筛选
20:42:14 INFO    evtol_siting.pipeline      ============================================================
20:42:14 WARNING evtol_siting.pipeline      ======================================================================
20:42:14 WARNING evtol_siting.pipeline        正在使用 SYNTHETIC 合成数据 —— 结果不可用于论文
20:42:14 WARNING evtol_siting.pipeline      ======================================================================
20:42:19 INFO    evtol_siting.data.synthetic 生成合成建筑 60000 栋（height 标签 5.4%，levels 标签 18.7%）
20:42:24 INFO    evtol_siting.data.synthetic 生成合成路网 52 条
20:42:24 INFO    evtol_siting.geo           栅格化完成: 单元边长 500 m, 单元数 2519, 覆盖 629.8 km²
20:42:24 INFO    evtol_siting.data.heights  分位数回归填补了 46217 栋建筑的高度（中位数 18.6 m）
20:42:24 INFO    evtol_siting.data.heights  高度融合结果（共 60000 栋）:
    imputed           77.0%
    osm_levels        17.5%
    osm_height         5.4%
20:42:24 INFO    evtol_siting.data.heights      有标签覆盖率: 23.0% -> 融合后覆盖率: 100.0%
20:42:24 INFO    evtol_siting.stage1_candidates 屋顶型筛选: 351 / 60000 栋建筑满足 h>=20m 且 A_roof>=1600m² (0.58%)
20:42:24 INFO    evtol_siting.stage1_candidates   排除 用地类型: 223 个单元（8.9%）
20:42:24 INFO    evtol_siting.stage1_candidates   建筑覆盖率判据 (max=0.55): 剔除 0 个单元（保留 2296）；覆盖率中位数 0.05
20:42:24 WARNING evtol_siting.stage1_candidates 未提供坡度栅格：地面型候选**未施加坡度判据**。成都平原坡度普遍 <5°，影响有限，但论文中必须说明。
20:42:24 INFO    evtol_siting.stage1_candidates 地面型筛选: 2296 个候选（用地排除 -223，坡度排除后）
20:42:24 INFO    evtol_siting.stage1_candidates 地面型候选已按路网可达性重新评分（中位距离 574 m）
20:42:25 INFO    evtol_siting.stage1_candidates 已为 351 个缺少 cell_id 的候选（屋顶型）补齐所属栅格单元（补齐后 2622/2647 有 cell_id）
20:42:25 INFO    evtol_siting.stage1_candidates   25 个候选落在栅格之外，改用坐标分桶作为 cell_id
20:42:25 INFO    evtol_siting.stage1_candidates   运输机场净空区 (r=8000m): 剔除 227 个候选
20:42:25 INFO    evtol_siting.stage1_candidates 安全排除后剩余 2420 个候选（原有 2647）
20:42:25 INFO    evtol_siting.stage1_candidates   [ground] 类别内稀释: 2077 -> 2077
20:42:25 INFO    evtol_siting.stage1_candidates   [rooftop] 类别内稀释: 340 -> 222
20:42:26 INFO    evtol_siting.stage1_candidates 密度稀释 (c_min=500m, 每栅格<=3): 2420 -> 1816 个候选 （配额 -3，类别内间距 -118，跨类别冲突 -483）；构成: {'ground': 1606, 'rooftop': 210}
20:42:26 INFO    evtol_siting.stage1_candidates 阶段一完成: 1816 个候选起降场（屋顶型 210，地面型 1606）
20:42:26 INFO    export_3d                  运行阶段二：K-Means 人群分类
20:42:26 INFO    evtol_siting.pipeline      ============================================================
20:42:26 INFO    evtol_siting.pipeline      阶段二：K-means 人群分类与需求空间化
20:42:26 INFO    evtol_siting.pipeline      ============================================================
20:42:26 WARNING evtol_siting.stage2_demand 未提供人口栅格，人口列置空（将由调用方回退）
20:42:26 INFO    evtol_siting.stage2_demand 未提供外部收入数据，将使用 OSM POI 构成的经济活动指数作为代理（见 data/rasters.py::build_poi_economic_index 的说明与局限）
20:42:26 INFO    evtol_siting.stage2_demand POI: 研究区内 18712 个，单元密度中位数 8 个/km²
20:42:27 INFO    evtol_siting.data.rasters  POI 经济活动指数: 范围 [0.000, 5.786]，中位数 2.398（加权 POI 总数 21175）
20:42:27 WARNING evtol_siting.stage2_demand 使用**合成**需求特征（人口/收入/POI）。仅用于流程验证，结果不可用于论文。请配置真实数据源后重跑。
20:42:33 INFO    evtol_siting.stage2_demand K 选择 (silhouette): K=3，得分 0.4559，各 K 得分 {3: 0.4559, 4: 0.3971, 5: 0.4032, 6: 0.3704, 7: 0.4018, 8: 0.4047}
20:42:33 INFO    evtol_siting.stage2_demand K-means 聚类完成: K=3，总需求 20063 次/日，总人口 4750090 人
20:42:33 INFO    evtol_siting.stage2_demand 类画像:
 cluster  n_cells   population  income_mean  poi_density_mean  trip_rate  demand_trips_per_day k_selection
       0     1286 1.589271e+06    -0.152714        176.896310     0.0015           2383.907061  silhouette
       1     1071 2.008950e+06     0.342065        228.234770     0.0045           9040.277034  silhouette
       2      162 1.151868e+06     0.513441       2684.767854     0.0075           8639.011614  silhouette
20:42:33 INFO    export_3d                  运行阶段三：0-1 整数规划
20:42:33 INFO    evtol_siting.pipeline      ============================================================
20:42:33 INFO    evtol_siting.pipeline      阶段三：0-1 整数规划选址
20:42:33 INFO    evtol_siting.pipeline      ============================================================
20:42:34 INFO    evtol_siting.stage3_ip     [cost_priority] 需求单元 2519 个（核心 1008 个，阈值 分位数 0.60（>=3.9 次/日）），候选 1816 个，接驳时间预算 15.0 分钟，设施上限 12
20:42:36 INFO    evtol_siting.stage3_ip     [cost_priority] 最优解: 10 个起降场，总成本 2.89 亿元，需求覆盖率 98.8%，人口覆盖率 97.9%（耗时 2.11s）
20:42:36 INFO    evtol_siting.stage3_ip     [coverage_priority] 需求单元 2519 个（核心 1008 个，阈值 分位数 0.60（>=3.9 次/日）），候选 1816 个，接驳时间预算 15.0 分钟，设施上限 20
20:42:38 INFO    evtol_siting.stage3_ip     [coverage_priority] 最优解: 8 个起降场，总成本 4.42 亿元，需求覆盖率 97.4%，人口覆盖率 95.7%（耗时 1.24s）
20:42:38 INFO    evtol_siting.stage3_ip     阶段三完成: 2 个情景求解成功（cost_priority=Optimal, coverage_priority=Optimal）
20:42:38 INFO    evtol_siting.viz3d         研究区边界已导出
20:42:38 INFO    evtol_siting.viz3d         候选点已导出: 屋顶型 210，地面型 1606
20:42:38 INFO    evtol_siting.viz3d         需求单元 2519 个、人群类 3 个已导出
20:42:38 WARNING export_3d                  ======================================================================
20:42:38 WARNING export_3d                    导出的是 **合成数据** 结果 —— 三维图仅供演示，非实证结论
20:42:38 WARNING export_3d                  ======================================================================
20:42:38 INFO    evtol_siting.viz3d         三维数据包已导出: evtol_siting\viz3d\evtol_data.js (0.37 MB)
20:42:38 INFO    export_3d                  ======================================================================
20:42:38 INFO    export_3d                   完成。打开三维视图：
20:42:38 INFO    export_3d                     evtol_siting\viz3d\chengdu_evtol_3d.html
20:42:38 INFO    export_3d                   数据: evtol_data.js
20:42:38 INFO    export_3d                  ======================================================================
23:18:32 INFO    root                       token 已写入 cesium_token.js（<已省略>…，181 字符）
23:18:33 INFO    export_3d                  运行阶段一：候选起降场筛选
23:18:33 INFO    evtol_siting.pipeline      ============================================================
23:18:33 INFO    evtol_siting.pipeline      阶段一：基于 GIS 的候选起降场筛选
23:18:33 INFO    evtol_siting.pipeline      ============================================================
23:18:33 INFO    evtol_siting.pipeline      解析 PBF 提取包: sichuan-latest.osm.pbf
23:18:45 INFO    evtol_siting.data.pbf        已扫描 200000 个候选要素…
23:18:56 INFO    evtol_siting.data.pbf        已扫描 400000 个候选要素…
23:19:07 INFO    evtol_siting.data.pbf        已扫描 600000 个候选要素…
23:19:19 INFO    evtol_siting.data.pbf        已扫描 800000 个候选要素…
23:19:26 INFO    evtol_siting.data.pbf        buildings          69675 个要素
23:19:27 INFO    evtol_siting.data.pbf        poi                 8159 个要素
23:19:27 INFO    evtol_siting.data.pbf        roads              42272 个要素
23:19:27 INFO    evtol_siting.data.pbf        landuse             8430 个要素
23:19:27 INFO    evtol_siting.data.pbf        water               2252 个要素
23:19:27 INFO    evtol_siting.data.pbf        airports            1364 个要素
23:19:27 INFO    evtol_siting.data.pbf      PBF 解析完成（扫描 921830 个候选要素，输出 6 个图层）
23:19:27 INFO    evtol_siting.data.rasters  建筑高度栅格已存在: evtol_siting\data\raw\height\chengdu_building_height_10m.tif
23:19:30 INFO    evtol_siting.data.heights  高度栅格提供了 49162 栋建筑的高度（覆盖 70.6%）
23:19:30 INFO    evtol_siting.data.heights  分位数回归填补了 14650 栋建筑的高度（中位数 18.6 m）
23:19:30 INFO    evtol_siting.data.heights  高度融合结果（共 69675 栋）:
    raster_height     70.6%
    imputed           21.0%
    osm_levels         7.3%
    osm_height         1.1%
23:19:30 INFO    evtol_siting.data.heights      有标签覆盖率: 8.4% -> 融合后覆盖率: 100.0%
23:19:30 INFO    evtol_siting.data.rasters  下载 https://data.worldpop.org/GIS/Population/Global_2015_2030/R2024B/2020/CHN/v1/100m/constrained/chn_pop_2020_CN_100m_R2024B_v1.tif -> chn_ppp_2020_constrained.tif
23:20:06 INFO    evtol_siting.data.rasters    2.3%  (21/920 MB)
23:20:31 INFO    evtol_siting.data.rasters    4.6%  (42/920 MB)
23:20:59 INFO    evtol_siting.data.rasters    6.8%  (63/920 MB)
23:21:25 INFO    evtol_siting.data.rasters    9.1%  (84/920 MB)
23:21:55 INFO    evtol_siting.data.rasters    11.4%  (105/920 MB)
23:22:20 INFO    evtol_siting.data.rasters    13.7%  (126/920 MB)
23:22:49 INFO    evtol_siting.data.rasters    16.0%  (147/920 MB)
23:23:11 INFO    evtol_siting.data.rasters    18.2%  (168/920 MB)
23:23:53 INFO    evtol_siting.data.rasters    20.5%  (189/920 MB)
23:24:33 INFO    evtol_siting.data.rasters    22.8%  (210/920 MB)
23:24:59 INFO    evtol_siting.data.rasters    25.1%  (231/920 MB)
23:25:29 INFO    evtol_siting.data.rasters    27.4%  (252/920 MB)
23:25:54 INFO    evtol_siting.data.rasters    29.6%  (273/920 MB)
23:26:29 INFO    evtol_siting.data.rasters    31.9%  (294/920 MB)
23:27:13 INFO    evtol_siting.data.rasters    34.2%  (315/920 MB)
23:27:44 INFO    evtol_siting.data.rasters    36.5%  (336/920 MB)
23:28:15 INFO    evtol_siting.data.rasters    38.7%  (357/920 MB)
23:28:42 INFO    evtol_siting.data.rasters    41.0%  (377/920 MB)
23:29:07 INFO    evtol_siting.data.rasters    43.3%  (398/920 MB)
23:29:44 INFO    evtol_siting.data.rasters    45.6%  (419/920 MB)
23:30:10 INFO    evtol_siting.data.rasters    47.9%  (440/920 MB)
23:30:50 INFO    evtol_siting.data.rasters    50.1%  (461/920 MB)
23:31:25 INFO    evtol_siting.data.rasters    52.4%  (482/920 MB)
23:31:58 INFO    evtol_siting.data.rasters    54.7%  (503/920 MB)
23:32:25 INFO    evtol_siting.data.rasters    57.0%  (524/920 MB)
23:32:55 INFO    evtol_siting.data.rasters    59.3%  (545/920 MB)
23:33:18 INFO    evtol_siting.data.rasters    61.5%  (566/920 MB)
23:33:51 INFO    evtol_siting.data.rasters    63.8%  (587/920 MB)
23:34:15 INFO    evtol_siting.data.rasters    66.1%  (608/920 MB)
23:34:46 INFO    evtol_siting.data.rasters    68.4%  (629/920 MB)
23:35:16 INFO    evtol_siting.data.rasters    70.7%  (650/920 MB)
23:35:38 INFO    evtol_siting.data.rasters    72.9%  (671/920 MB)
23:36:03 INFO    evtol_siting.data.rasters    75.2%  (692/920 MB)
23:36:37 INFO    evtol_siting.data.rasters    77.5%  (713/920 MB)
23:36:59 INFO    evtol_siting.data.rasters    79.8%  (734/920 MB)
23:37:29 INFO    evtol_siting.data.rasters    82.1%  (755/920 MB)
23:37:52 INFO    evtol_siting.data.rasters    84.3%  (776/920 MB)
23:38:15 INFO    evtol_siting.data.rasters    86.6%  (797/920 MB)
23:38:43 INFO    evtol_siting.data.rasters    88.9%  (818/920 MB)
23:39:06 INFO    evtol_siting.data.rasters    91.2%  (839/920 MB)
23:39:28 INFO    evtol_siting.data.rasters    93.5%  (860/920 MB)
23:39:51 INFO    evtol_siting.data.rasters    95.7%  (881/920 MB)
23:40:14 INFO    evtol_siting.data.rasters    98.0%  (902/920 MB)
23:40:40 INFO    evtol_siting.data.rasters  完成: chn_ppp_2020_constrained.tif (920.1 MB)
23:40:40 INFO    evtol_siting.data.rasters  人口栅格已裁剪: evtol_siting\data\raw\population\chengdu_population_100m.tif
23:40:40 INFO    evtol_siting.data.rasters  收入策略 = poi_index：经济活动指数将在阶段二由 OSM POI 构成计算（见 stage2_demand.build_poi_economic_index）
23:40:40 INFO    evtol_siting.data.rasters  DEM 已存在: evtol_siting\data\raw\dem\chengdu_dem_30m.tif
23:40:43 INFO    evtol_siting.data.rasters  坡度栅格已生成: evtol_siting\data\interim\slope.tif
23:40:43 INFO    evtol_siting.geo           栅格化完成: 单元边长 500 m, 单元数 2519, 覆盖 629.8 km²
23:40:43 INFO    evtol_siting.stage1_candidates 屋顶型筛选: 1430 / 69675 栋建筑满足 h>=20m 且 A_roof>=1600m² (2.05%)
23:40:44 INFO    evtol_siting.stage1_candidates   排除 用地类型: 30 个单元（1.2%）
23:40:44 INFO    evtol_siting.stage1_candidates   排除 水域: 55 个单元（2.2%）
23:40:44 INFO    evtol_siting.stage1_candidates   建筑覆盖率判据 (max=0.55): 剔除 4 个单元（保留 2430）；覆盖率中位数 0.05
23:40:44 INFO    evtol_siting.stage1_candidates 坡度判据: 2430 / 2430 单元满足 slope<=15° (剔除 0)
23:40:44 INFO    evtol_siting.stage1_candidates 地面型筛选: 2430 个候选（用地排除 -89，坡度排除后）
23:40:44 INFO    evtol_siting.stage1_candidates 地面型候选已按路网可达性重新评分（中位距离 91 m）
23:40:44 INFO    evtol_siting.stage1_candidates 已为 1430 个缺少 cell_id 的候选（屋顶型）补齐所属栅格单元（补齐后 3770/3860 有 cell_id）
23:40:44 INFO    evtol_siting.stage1_candidates   90 个候选落在栅格之外，改用坐标分桶作为 cell_id
23:40:44 INFO    evtol_siting.stage1_candidates   运输机场净空区 (r=8000m): 剔除 2776 个候选（占 71.9%）
23:40:44 INFO    evtol_siting.stage1_candidates   既有直升机场 (r=1000m): 剔除 178 个候选（占 4.6%）
23:40:44 INFO    evtol_siting.stage1_candidates 安全排除后剩余 1084 个候选（原有 3860）
23:40:44 INFO    evtol_siting.stage1_candidates   [ground] 类别内稀释: 914 -> 914
23:40:44 INFO    evtol_siting.stage1_candidates   [rooftop] 类别内稀释: 165 -> 81
23:40:44 INFO    evtol_siting.stage1_candidates 密度稀释 (c_min=500m, 每栅格<=3): 1084 -> 820 个候选 （配额 -5，类别内间距 -84，跨类别冲突 -175）；构成: {'ground': 740, 'rooftop': 80}
23:40:44 INFO    evtol_siting.stage1_candidates 阶段一完成: 820 个候选起降场（屋顶型 80，地面型 740）
23:40:44 INFO    export_3d                  运行阶段二：K-Means 人群分类
23:40:44 INFO    evtol_siting.pipeline      ============================================================
23:40:44 INFO    evtol_siting.pipeline      阶段二：K-means 人群分类与需求空间化
23:40:44 INFO    evtol_siting.pipeline      ============================================================
23:40:44 INFO    evtol_siting.data.dasymetric 人口栅格分辨率 0 m 细于需求格网 500 m —— 分区求和已是正确的格网人口总量，**体积重分配在此不产生作用**，直接使用分区求和。（体积权重的价值在于把人口摊到建筑上做更细的分析，需 force=True）
23:40:44 WARNING evtol_siting.stage2_demand dasymetric 重分配失败，回退到分区求和: _uniform_population() missing 1 required positional argument: 'fallback'
23:40:50 INFO    evtol_siting.stage2_demand 人口: 合计 0 人，单元中位数 0 人（来源: zonal_sum_uniform）
23:40:50 INFO    evtol_siting.stage2_demand 未提供外部收入数据，将使用 OSM POI 构成的经济活动指数作为代理（见 data/rasters.py::build_poi_economic_index 的说明与局限）
23:40:50 INFO    evtol_siting.stage2_demand POI: 研究区内 7442 个，单元密度中位数 0 个/km²
23:40:50 INFO    evtol_siting.data.rasters  POI 经济活动指数: 范围 [0.000, 5.759]，中位数 0.000（加权 POI 总数 7949）
23:40:58 INFO    evtol_siting.stage2_demand K 选择 (silhouette): K=7，得分 0.7798，各 K 得分 {3: 0.7395, 4: 0.7588, 5: 0.7733, 6: 0.7722, 7: 0.7798, 8: 0.7784}
23:40:58 INFO    evtol_siting.choice_model  收入阶梯（K=7）: 1,868  2,799  3,613  4,500  5,605  7,236  10,840
23:40:58 INFO    evtol_siting.choice_model  时间价值: 5.4  8.0  10.4  12.9  16.1  20.8  31.1 元/小时（对应月收入 1,868  2,799  3,613  4,500  5,605  7,236  10,840）
23:40:58 INFO    evtol_siting.choice_model  时间价值: 1.1  1.2  1.4  1.6  1.9  2.2  2.5  2.9  3.3  3.8  4.4  5.0  5.8  6.6  7.6  8.7  10.0  11.5  13.3  15.2  17.5  20.1  23.1  26.6 元/小时（对应月收入 377  433  498  573  658  756  869  999  1,148  1,319  1,516  1,743  2,003  2,302  2,645  3,040  3,494  4,015  4,615  5,304  6,095  7,005  8,051  9,253）
23:40:58 INFO    evtol_siting.choice_model  时间价值: 1.6  1.9  2.1  2.5  2.8  3.3  3.7  4.3  4.9  5.7  6.5  7.5  8.6  9.9  11.4  13.1  15.0  17.3  19.9  22.8  26.2  30.2  34.7  39.8 元/小时（对应月收入 565  649  746  858  986  1,133  1,302  1,496  1,720  1,976  2,271  2,610  3,000  3,448  3,963  4,554  5,234  6,015  6,913  7,945  9,131  10,494  12,061  13,861）
23:40:58 INFO    evtol_siting.choice_model  时间价值: 2.1  2.4  2.8  3.2  3.7  4.2  4.8  5.6  6.4  7.3  8.4  9.7  11.1  12.8  14.7  16.9  19.4  22.3  25.6  29.5  33.9  38.9  44.7  51.4 元/小时（对应月收入 729  838  963  1,107  1,272  1,462  1,681  1,932  2,220  2,551  2,932  3,370  3,873  4,451  5,115  5,879  6,756  7,765  8,924  10,256  11,787  13,547  15,569  17,893）
23:40:58 INFO    evtol_siting.choice_model  时间价值: 2.6  3.0  3.4  4.0  4.6  5.2  6.0  6.9  7.9  9.1  10.5  12.1  13.9  15.9  18.3  21.0  24.2  27.8  31.9  36.7  42.2  48.5  55.7  64.0 元/小时（对应月收入 909  1,044  1,200  1,379  1,585  1,822  2,094  2,406  2,765  3,178  3,652  4,198  4,824  5,544  6,372  7,323  8,416  9,673  11,116  12,776  14,683  16,875  19,394  22,289）
23:40:58 INFO    evtol_siting.choice_model  时间价值: 3.3  3.7  4.3  4.9  5.7  6.5  7.5  8.6  9.9  11.4  13.1  15.0  17.3  19.8  22.8  26.2  30.1  34.6  39.8  45.7  52.6  60.4  69.4  79.8 元/小时（对应月收入 1,132  1,301  1,495  1,718  1,974  2,269  2,608  2,997  3,445  3,959  4,550  5,229  6,009  6,906  7,937  9,122  10,484  12,049  13,847  15,914  18,290  21,020  24,158  27,764）
23:40:58 INFO    evtol_siting.choice_model  时间价值: 4.2  4.8  5.5  6.4  7.3  8.4  9.7  11.1  12.8  14.7  16.9  19.4  22.3  25.6  29.4  33.8  38.9  44.7  51.4  59.0  67.8  78.0  89.6  103.0 元/小时（对应月收入 1,461  1,679  1,930  2,218  2,549  2,929  3,366  3,869  4,446  5,110  5,873  6,750  7,757  8,915  10,246  11,775  13,533  15,553  17,875  20,543  23,610  27,134  31,185  35,840）
23:40:58 INFO    evtol_siting.choice_model  时间价值: 6.3  7.2  8.3  9.5  11.0  12.6  14.5  16.7  19.1  22.0  25.3  29.1  33.4  38.4  44.1  50.7  58.3  67.0  76.9  88.4  101.6  116.8  134.2  154.3 元/小时（对应月收入 2,189  2,515  2,891  3,322  3,818  4,388  5,043  5,796  6,661  7,655  8,798  10,111  11,621  13,355  15,349  17,640  20,273  23,300  26,778  30,775  35,369  40,648  46,716  53,690）
23:40:58 INFO    evtol_siting.choice_model  选择模型 [区域内积分（σ_within=0.4）]: 出行 15 km，地面 55 分钟 / 57 元，eVTOL 24 分钟 / 130 元，节省 31 分钟；采用概率 0.0564–0.0988（类间比 1.75）
23:40:58 INFO    evtol_siting.choice_model  各类人群采用概率:
 cluster  monthly_income_cny  vot_cny_per_h  p_evtol  demand_rate
       3              1868.0           5.37  0.05642     0.005642
       0              2799.0           8.04  0.05974     0.005974
       5              3613.0          10.38  0.06283     0.006283
       2              4500.0          12.93  0.06638     0.006638
       4              5605.0          16.11  0.07112     0.007112
       6              7236.0          20.79  0.07876     0.007876
       1             10840.0          31.15  0.09879     0.009879
23:40:58 INFO    evtol_siting.stage2_demand K-means 聚类完成: K=7，总需求 0 次/日，总人口 0 人
23:40:58 INFO    evtol_siting.stage2_demand 类画像:
 cluster  n_cells  population  income_mean  poi_density_mean  trip_rate  monthly_income_cny  vot_cny_per_h  p_evtol  demand_trips_per_day k_selection
       3     1391         0.0     0.000000          0.000000   0.005642              1868.0           5.37  0.05642                   0.0  silhouette
       0      327         0.0     1.533906          5.321101   0.005974              2799.0           8.04  0.05974                   0.0  silhouette
       5      321         0.0     2.598605         13.059190   0.006283              3613.0          10.38  0.06283                   0.0  silhouette
       2      260         0.0     3.361789         29.492308   0.006638              4500.0          12.93  0.06638                   0.0  silhouette
       4      145         0.0     4.000721         55.172414   0.007112              5605.0          16.11  0.07112                   0.0  silhouette
       6       62         0.0     4.560623         96.000000   0.007876              7236.0          20.79  0.07876                   0.0  silhouette
       1       13         0.0     5.021334        170.461538   0.009879             10840.0          31.15  0.09879                   0.0  silhouette
23:40:59 INFO    export_3d                  运行阶段三：0-1 整数规划
23:40:59 INFO    evtol_siting.pipeline      ============================================================
23:40:59 INFO    evtol_siting.pipeline      阶段三：0-1 整数规划选址
23:40:59 INFO    evtol_siting.pipeline      ============================================================
23:40:59 INFO    evtol_siting.stage3_ip     [cost_priority] 需求单元 2519 个（核心 2519 个，阈值 分位数 0.60（>=0.0 次/日）），候选 820 个，接驳时间预算 15.0 分钟，设施上限 20
23:40:59 WARNING evtol_siting.stage3_ip     [cost_priority] 有 998 个核心需求单元在接驳预算内无任何候选起降场可达。需要放宽接驳半径或增加候选点；本情景标记为 infeasible。
23:41:00 INFO    evtol_siting.stage3_ip     [cost_priority] 最优解: 16 个起降场，总成本 6.84 亿元，需求覆盖率 0.0%，人口覆盖率 0.0%（耗时 0.99s）
23:41:00 INFO    evtol_siting.stage3_ip     [coverage_priority] 需求单元 2519 个（核心 2519 个，阈值 分位数 0.60（>=0.0 次/日）），候选 820 个，接驳时间预算 15.0 分钟，设施上限 35
23:41:00 WARNING evtol_siting.stage3_ip     [coverage_priority] 有 998 个核心需求单元在接驳预算内无任何候选起降场可达。需要放宽接驳半径或增加候选点；本情景标记为 infeasible。
23:41:01 INFO    evtol_siting.stage3_ip     [coverage_priority] 最优解: 15 个起降场，总成本 7.67 亿元，需求覆盖率 0.0%，人口覆盖率 0.0%（耗时 0.71s）
23:41:01 INFO    evtol_siting.stage3_ip     阶段三完成: 2 个情景求解成功（cost_priority=Optimal, coverage_priority=Optimal）
23:41:01 INFO    export_3d                  运行阶段四：NSGA-II 多目标优化
23:41:01 INFO    evtol_siting.pipeline      ============================================================
23:41:01 INFO    evtol_siting.pipeline      阶段四：NSGA-II 多目标优化
23:41:01 INFO    evtol_siting.pipeline      ============================================================
23:41:01 INFO    evtol_siting.stage4_nsga2  问题实例: 2519 个需求单元（核心 2519），820 个候选；接驳预算 15.0 分钟；单点最大可覆盖 318 个核心单元（占核心 12.6%）
23:41:01 INFO    evtol_siting.pipeline      已注入 2 个 IP 最优解作为初始种群种子
23:41:03 INFO    evtol_siting.nsga2_core      第   0 代: 前沿   4 个解, HV=1e-18, 最优目标1=0, 累计评估 198
23:41:10 INFO    evtol_siting.nsga2_core      第   8 代: 前沿  12 个解, HV=1e-18, 最优目标1=0, 累计评估 781
23:41:15 INFO    evtol_siting.nsga2_core      第  16 代: 前沿  20 个解, HV=1e-18, 最优目标1=0, 累计评估 1196
23:41:18 INFO    evtol_siting.nsga2_core      第  24 代: 前沿  28 个解, HV=1e-18, 最优目标1=0, 累计评估 1490
23:41:21 INFO    evtol_siting.nsga2_core      第  32 代: 前沿  38 个解, HV=1e-18, 最优目标1=0, 累计评估 1700
23:41:23 INFO    evtol_siting.nsga2_core      第  40 代: 前沿  43 个解, HV=1e-18, 最优目标1=0, 累计评估 1797
23:41:24 INFO    evtol_siting.nsga2_core      第  48 代: 前沿  52 个解, HV=1e-18, 最优目标1=0, 累计评估 1849
23:41:26 INFO    evtol_siting.nsga2_core      第  56 代: 前沿  63 个解, HV=1e-18, 最优目标1=0, 累计评估 1904
23:41:27 INFO    evtol_siting.nsga2_core      第  64 代: 前沿  69 个解, HV=1e-18, 最优目标1=0, 累计评估 1961
23:41:28 INFO    evtol_siting.nsga2_core      第  72 代: 前沿  76 个解, HV=1e-18, 最优目标1=0, 累计评估 2019
23:41:29 INFO    evtol_siting.nsga2_core      第  79 代: 前沿  88 个解, HV=1e-18, 最优目标1=0, 累计评估 2083
23:41:29 WARNING evtol_siting.nsga2_core    帕累托前沿在 80 代内**没有改进**（HV 1e-18 -> 1e-18）。可能原因：(1) 初始种群已被 IP 解锚定在最优附近；(2) 修复算子过强，压制了搜索空间；(3) 目标间无实质权衡。建议检查目标值分布是否退化。
23:41:29 INFO    export_3d                  计算方案指标与单目标基线对比
23:41:29 INFO    evtol_siting.pipeline      ============================================================
23:41:29 INFO    evtol_siting.pipeline      评价：方案指标与基线对比
23:41:29 INFO    evtol_siting.pipeline      ============================================================
23:41:31 INFO    evtol_siting.baselines     [set_covering] -> 15 个设施，耗时 0.7s
23:41:32 INFO    evtol_siting.baselines     [p_median_p10] p=10: 2519 个需求单元 × 25 近邻 = 62975 个分配变量
23:41:37 ERROR   evtol_siting.baselines     solve_p_median (p=10) 求解失败: float() argument must be a string or a real number, not 'NoneType'
23:41:38 WARNING evtol_siting.baselines     [p_center_p10] 未找到可行解（p=10 过小？）
23:41:38 ERROR   evtol_siting.baselines     solve_max_coverage (p=10) 求解失败: float() argument must be a string or a real number, not 'NoneType'
23:41:40 INFO    evtol_siting.baselines     [p_median_p15] p=15: 2519 个需求单元 × 25 近邻 = 62975 个分配变量
23:41:51 ERROR   evtol_siting.baselines     solve_p_median (p=15) 求解失败: float() argument must be a string or a real number, not 'NoneType'
23:41:51 WARNING evtol_siting.baselines     [p_center_p15] 未找到可行解（p=15 过小？）
23:41:53 ERROR   evtol_siting.baselines     solve_max_coverage (p=15) 求解失败: float() argument must be a string or a real number, not 'NoneType'
23:41:57 INFO    evtol_siting.baselines     [p_median_p16] p=16: 2519 个需求单元 × 25 近邻 = 62975 个分配变量
23:42:03 ERROR   evtol_siting.baselines     solve_p_median (p=16) 求解失败: float() argument must be a string or a real number, not 'NoneType'
23:42:03 WARNING evtol_siting.baselines     [p_center_p16] 未找到可行解（p=16 过小？）
23:42:04 ERROR   evtol_siting.baselines     solve_max_coverage (p=16) 求解失败: float() argument must be a string or a real number, not 'NoneType'
23:42:05 INFO    evtol_siting.baselines     [p_median_p20] p=20: 2519 个需求单元 × 25 近邻 = 62975 个分配变量
23:42:11 ERROR   evtol_siting.baselines     solve_p_median (p=20) 求解失败: float() argument must be a string or a real number, not 'NoneType'
23:42:11 WARNING evtol_siting.baselines     [p_center_p20] 未找到可行解（p=20 过小？）
23:42:12 ERROR   evtol_siting.baselines     solve_max_coverage (p=20) 求解失败: float() argument must be a string or a real number, not 'NoneType'
23:42:12 INFO    evtol_siting.baselines     基线求解完成: 1/5 成功
23:42:12 INFO    evtol_siting.pipeline      方案对比表:
                         label  n_sites  n_rooftop  n_ground  total_cost_cny  mean_cost_per_site_cny  ...  group_3_access_time_min  group_4_access_time_min  group_5_access_time_min  group_6_access_time_min  income_quintile_gap_min  income_quintile_gini
              IP:cost_priority       16          8         8    6.838322e+08            4.273951e+07  ...                 8.731149                 9.339832                 8.841875                 9.427629                 0.211729              0.005320
          IP:coverage_priority       15          3        12    7.667703e+08            5.111802e+07  ...                 8.863007                 9.560404                 9.235338                 9.661289                 0.427813              0.010443
                  NSGA-II:knee       16          8         8    6.838322e+08            4.273951e+07  ...                 8.731149                 9.339832                 8.841875                 9.427629                 0.211729              0.005320
                NSGA-II:TOPSIS       16          8         8    6.838322e+08            4.273951e+07  ...                 8.731149                 9.339832                 8.841875                 9.427629                 0.211729              0.005320
  NSGA-II:best_unserved_demand       16          8         8    6.838322e+08            4.273951e+07  ...                 8.731149                 9.339832                 8.841875                 9.427629                 0.211729              0.005320
NSGA-II:best_total_access_time       16          8         8    6.838322e+08            4.273951e+07  ...                 8.731149                 9.339832                 8.841875                 9.427629                 0.211729              0.005320
         NSGA-II:best_inequity      358         37       321    1.946994e+10            5.438531e+07  ...                 4.138718                 8.600358                 6.752914                 8.015106                 3.471427              0.129951
       NSGA-II:best_total_cost       16          8         8    6.838322e+08            4.273951e+07  ...                 8.731149                 9.339832                 8.841875                 9.427629                 0.211729              0.005320
         Baseline:set_covering       15          3        12    7.667703e+08            5.111802e+07  ...                 8.954819                 9.619520                 8.994688                 9.680567                 0.224281              0.005548
23:42:12 INFO    evtol_siting.viz3d         研究区边界已导出
23:42:12 INFO    evtol_siting.viz3d         候选点已导出: 屋顶型 80，地面型 740
23:42:12 INFO    evtol_siting.viz3d         需求单元 2519 个、人群类 7 个已导出
23:42:12 INFO    evtol_siting.viz3d         帕累托前沿 88 个解已导出
23:42:12 INFO    evtol_siting.viz3d         三维数据包已导出: evtol_siting\viz3d\evtol_data.js (0.28 MB)
23:42:12 INFO    evtol_siting.pipeline      结果已保存到 evtol_siting\outputs\data
23:42:12 INFO    export_3d                  ======================================================================
23:42:12 INFO    export_3d                   完成。打开三维视图：
23:42:12 INFO    export_3d                     evtol_siting\viz3d\chengdu_evtol_3d.html
23:42:12 INFO    export_3d                   数据: evtol_data.js
23:42:12 INFO    export_3d                  ======================================================================
23:43:44 INFO    root                       token 已写入 cesium_token.js（<已省略>…，181 字符）
23:43:45 INFO    export_3d                  运行阶段一：候选起降场筛选
23:43:45 INFO    evtol_siting.pipeline      ============================================================
23:43:45 INFO    evtol_siting.pipeline      阶段一：基于 GIS 的候选起降场筛选
23:43:45 INFO    evtol_siting.pipeline      ============================================================
23:43:45 INFO    evtol_siting.pipeline      解析 PBF 提取包: sichuan-latest.osm.pbf
23:43:56 INFO    evtol_siting.data.pbf        已扫描 200000 个候选要素…
23:44:07 INFO    evtol_siting.data.pbf        已扫描 400000 个候选要素…
23:44:18 INFO    evtol_siting.data.pbf        已扫描 600000 个候选要素…
23:44:29 INFO    evtol_siting.data.pbf        已扫描 800000 个候选要素…
23:44:37 INFO    evtol_siting.data.pbf        buildings          69675 个要素
23:44:37 INFO    evtol_siting.data.pbf        poi                 8159 个要素
23:44:38 INFO    evtol_siting.data.pbf        roads              42272 个要素
23:44:38 INFO    evtol_siting.data.pbf        landuse             8430 个要素
23:44:38 INFO    evtol_siting.data.pbf        water               2252 个要素
23:44:38 INFO    evtol_siting.data.pbf        airports            1364 个要素
23:44:38 INFO    evtol_siting.data.pbf      PBF 解析完成（扫描 921830 个候选要素，输出 6 个图层）
23:44:38 INFO    evtol_siting.data.rasters  建筑高度栅格已存在: evtol_siting\data\raw\height\chengdu_building_height_10m.tif
23:44:41 INFO    evtol_siting.data.heights  高度栅格提供了 49162 栋建筑的高度（覆盖 70.6%）
23:44:41 INFO    evtol_siting.data.heights  分位数回归填补了 14650 栋建筑的高度（中位数 18.6 m）
23:44:41 INFO    evtol_siting.data.heights  高度融合结果（共 69675 栋）:
    raster_height     70.6%
    imputed           21.0%
    osm_levels         7.3%
    osm_height         1.1%
23:44:41 INFO    evtol_siting.data.heights      有标签覆盖率: 8.4% -> 融合后覆盖率: 100.0%
23:44:41 INFO    evtol_siting.data.rasters  人口栅格已存在: evtol_siting\data\raw\population\chengdu_population_100m.tif
23:44:41 INFO    evtol_siting.data.rasters  收入策略 = poi_index：经济活动指数将在阶段二由 OSM POI 构成计算（见 stage2_demand.build_poi_economic_index）
23:44:41 INFO    evtol_siting.data.rasters  DEM 已存在: evtol_siting\data\raw\dem\chengdu_dem_30m.tif
23:44:45 INFO    evtol_siting.data.rasters  坡度栅格已生成: evtol_siting\data\interim\slope.tif
23:44:45 INFO    evtol_siting.geo           栅格化完成: 单元边长 500 m, 单元数 2519, 覆盖 629.8 km²
23:44:45 INFO    evtol_siting.stage1_candidates 屋顶型筛选: 1430 / 69675 栋建筑满足 h>=20m 且 A_roof>=1600m² (2.05%)
23:44:45 INFO    evtol_siting.stage1_candidates   排除 用地类型: 30 个单元（1.2%）
23:44:45 INFO    evtol_siting.stage1_candidates   排除 水域: 55 个单元（2.2%）
23:44:45 INFO    evtol_siting.stage1_candidates   建筑覆盖率判据 (max=0.55): 剔除 4 个单元（保留 2430）；覆盖率中位数 0.05
23:44:45 INFO    evtol_siting.stage1_candidates 坡度判据: 2430 / 2430 单元满足 slope<=15° (剔除 0)
23:44:45 INFO    evtol_siting.stage1_candidates 地面型筛选: 2430 个候选（用地排除 -89，坡度排除后）
23:44:45 INFO    evtol_siting.stage1_candidates 地面型候选已按路网可达性重新评分（中位距离 91 m）
23:44:45 INFO    evtol_siting.stage1_candidates 已为 1430 个缺少 cell_id 的候选（屋顶型）补齐所属栅格单元（补齐后 3770/3860 有 cell_id）
23:44:45 INFO    evtol_siting.stage1_candidates   90 个候选落在栅格之外，改用坐标分桶作为 cell_id
23:44:46 INFO    evtol_siting.stage1_candidates   运输机场净空区 (r=8000m): 剔除 2776 个候选（占 71.9%）
23:44:46 INFO    evtol_siting.stage1_candidates   既有直升机场 (r=1000m): 剔除 178 个候选（占 4.6%）
23:44:46 INFO    evtol_siting.stage1_candidates 安全排除后剩余 1084 个候选（原有 3860）
23:44:46 INFO    evtol_siting.stage1_candidates   [ground] 类别内稀释: 914 -> 914
23:44:46 INFO    evtol_siting.stage1_candidates   [rooftop] 类别内稀释: 165 -> 81
23:44:46 INFO    evtol_siting.stage1_candidates 密度稀释 (c_min=500m, 每栅格<=3): 1084 -> 820 个候选 （配额 -5，类别内间距 -84，跨类别冲突 -175）；构成: {'ground': 740, 'rooftop': 80}
23:44:46 INFO    evtol_siting.stage1_candidates 阶段一完成: 820 个候选起降场（屋顶型 80，地面型 740）
23:44:46 INFO    export_3d                  运行阶段二：K-Means 人群分类
23:44:46 INFO    evtol_siting.pipeline      ============================================================
23:44:46 INFO    evtol_siting.pipeline      阶段二：K-means 人群分类与需求空间化
23:44:46 INFO    evtol_siting.pipeline      ============================================================
23:44:46 INFO    evtol_siting.data.dasymetric 人口栅格分辨率 80 m 细于需求格网 500 m —— 分区求和已是正确的格网人口总量，**体积重分配在此不产生作用**，直接使用分区求和。（体积权重的价值在于把人口摊到建筑上做更细的分析，需 force=True）
23:44:46 WARNING evtol_siting.data.dasymetric 退化为按分区求和（假设人口在格网内均匀分布）
23:44:53 INFO    evtol_siting.stage2_demand 人口分配方式对比（论文 Table 用）:
    method  total_population  n_nonzero_cells  mean_per_cell  std_per_cell       cv     max_cell  top1pct_share     gini
dasymetric      7.712263e+06             2517    3061.636823   2504.238782 0.817941 12360.637527       0.032418 0.458119
   uniform      7.712263e+06             2517    3061.636823   2504.238782 0.817941 12360.637527       0.032418 0.458119
23:44:53 INFO    evtol_siting.stage2_demand 人口: 合计 7712263 人，单元中位数 2567 人（来源: dasymetric_volume）
23:44:53 INFO    evtol_siting.stage2_demand 未提供外部收入数据，将使用 OSM POI 构成的经济活动指数作为代理（见 data/rasters.py::build_poi_economic_index 的说明与局限）
23:44:53 INFO    evtol_siting.stage2_demand POI: 研究区内 7442 个，单元密度中位数 0 个/km²
23:44:54 INFO    evtol_siting.data.rasters  POI 经济活动指数: 范围 [0.000, 5.759]，中位数 0.000（加权 POI 总数 7949）
23:44:59 INFO    evtol_siting.stage2_demand K 选择 (silhouette): K=7，得分 0.7798，各 K 得分 {3: 0.7395, 4: 0.7588, 5: 0.7733, 6: 0.7722, 7: 0.7798, 8: 0.7784}
23:44:59 INFO    evtol_siting.choice_model  收入阶梯（K=7）: 1,868  2,799  3,613  4,500  5,605  7,236  10,840
23:44:59 INFO    evtol_siting.choice_model  时间价值: 5.4  8.0  10.4  12.9  16.1  20.8  31.1 元/小时（对应月收入 1,868  2,799  3,613  4,500  5,605  7,236  10,840）
23:44:59 INFO    evtol_siting.choice_model  时间价值: 1.1  1.2  1.4  1.6  1.9  2.2  2.5  2.9  3.3  3.8  4.4  5.0  5.8  6.6  7.6  8.7  10.0  11.5  13.3  15.2  17.5  20.1  23.1  26.6 元/小时（对应月收入 377  433  498  573  658  756  869  999  1,148  1,319  1,516  1,743  2,003  2,302  2,645  3,040  3,494  4,015  4,615  5,304  6,095  7,005  8,051  9,253）
23:44:59 INFO    evtol_siting.choice_model  时间价值: 1.6  1.9  2.1  2.5  2.8  3.3  3.7  4.3  4.9  5.7  6.5  7.5  8.6  9.9  11.4  13.1  15.0  17.3  19.9  22.8  26.2  30.2  34.7  39.8 元/小时（对应月收入 565  649  746  858  986  1,133  1,302  1,496  1,720  1,976  2,271  2,610  3,000  3,448  3,963  4,554  5,234  6,015  6,913  7,945  9,131  10,494  12,061  13,861）
23:44:59 INFO    evtol_siting.choice_model  时间价值: 2.1  2.4  2.8  3.2  3.7  4.2  4.8  5.6  6.4  7.3  8.4  9.7  11.1  12.8  14.7  16.9  19.4  22.3  25.6  29.5  33.9  38.9  44.7  51.4 元/小时（对应月收入 729  838  963  1,107  1,272  1,462  1,681  1,932  2,220  2,551  2,932  3,370  3,873  4,451  5,115  5,879  6,756  7,765  8,924  10,256  11,787  13,547  15,569  17,893）
23:44:59 INFO    evtol_siting.choice_model  时间价值: 2.6  3.0  3.4  4.0  4.6  5.2  6.0  6.9  7.9  9.1  10.5  12.1  13.9  15.9  18.3  21.0  24.2  27.8  31.9  36.7  42.2  48.5  55.7  64.0 元/小时（对应月收入 909  1,044  1,200  1,379  1,585  1,822  2,094  2,406  2,765  3,178  3,652  4,198  4,824  5,544  6,372  7,323  8,416  9,673  11,116  12,776  14,683  16,875  19,394  22,289）
23:44:59 INFO    evtol_siting.choice_model  时间价值: 3.3  3.7  4.3  4.9  5.7  6.5  7.5  8.6  9.9  11.4  13.1  15.0  17.3  19.8  22.8  26.2  30.1  34.6  39.8  45.7  52.6  60.4  69.4  79.8 元/小时（对应月收入 1,132  1,301  1,495  1,718  1,974  2,269  2,608  2,997  3,445  3,959  4,550  5,229  6,009  6,906  7,937  9,122  10,484  12,049  13,847  15,914  18,290  21,020  24,158  27,764）
23:44:59 INFO    evtol_siting.choice_model  时间价值: 4.2  4.8  5.5  6.4  7.3  8.4  9.7  11.1  12.8  14.7  16.9  19.4  22.3  25.6  29.4  33.8  38.9  44.7  51.4  59.0  67.8  78.0  89.6  103.0 元/小时（对应月收入 1,461  1,679  1,930  2,218  2,549  2,929  3,366  3,869  4,446  5,110  5,873  6,750  7,757  8,915  10,246  11,775  13,533  15,553  17,875  20,543  23,610  27,134  31,185  35,840）
23:44:59 INFO    evtol_siting.choice_model  时间价值: 6.3  7.2  8.3  9.5  11.0  12.6  14.5  16.7  19.1  22.0  25.3  29.1  33.4  38.4  44.1  50.7  58.3  67.0  76.9  88.4  101.6  116.8  134.2  154.3 元/小时（对应月收入 2,189  2,515  2,891  3,322  3,818  4,388  5,043  5,796  6,661  7,655  8,798  10,111  11,621  13,355  15,349  17,640  20,273  23,300  26,778  30,775  35,369  40,648  46,716  53,690）
23:44:59 INFO    evtol_siting.choice_model  选择模型 [区域内积分（σ_within=0.4）]: 出行 15 km，地面 55 分钟 / 57 元，eVTOL 24 分钟 / 130 元，节省 31 分钟；采用概率 0.0564–0.0988（类间比 1.75）
23:44:59 INFO    evtol_siting.choice_model  各类人群采用概率:
 cluster  monthly_income_cny  vot_cny_per_h  p_evtol  demand_rate
       3              1868.0           5.37  0.05642     0.005642
       0              2799.0           8.04  0.05974     0.005974
       5              3613.0          10.38  0.06283     0.006283
       2              4500.0          12.93  0.06638     0.006638
       4              5605.0          16.11  0.07112     0.007112
       6              7236.0          20.79  0.07876     0.007876
       1             10840.0          31.15  0.09879     0.009879
23:44:59 INFO    evtol_siting.stage2_demand K-means 聚类完成: K=7，总需求 48720 次/日，总人口 7712263 人
23:44:59 INFO    evtol_siting.stage2_demand 类画像:
 cluster  n_cells   population  income_mean  poi_density_mean  trip_rate  monthly_income_cny  vot_cny_per_h  p_evtol  demand_trips_per_day k_selection
       3     1391 2.642034e+06     0.000000          0.000000   0.005642              1868.0           5.37  0.05642          14906.353102  silhouette
       0      327 9.403271e+05     1.533906          5.321101   0.005974              2799.0           8.04  0.05974           5617.513868  silhouette
       5      321 1.318767e+06     2.598605         13.059190   0.006283              3613.0          10.38  0.06283           8285.811407  silhouette
       2      260 1.389814e+06     3.361789         29.492308   0.006638              4500.0          12.93  0.06638           9225.585950  silhouette
       4      145 9.081153e+05     4.000721         55.172414   0.007112              5605.0          16.11  0.07112           6458.515785  silhouette
       6       62 4.214043e+05     4.560623         96.000000   0.007876              7236.0          20.79  0.07876           3318.980346  silhouette
       1       13 9.180217e+04     5.021334        170.461538   0.009879             10840.0          31.15  0.09879            906.913644  silhouette
23:45:00 INFO    export_3d                  运行阶段三：0-1 整数规划
23:45:00 INFO    evtol_siting.pipeline      ============================================================
23:45:00 INFO    evtol_siting.pipeline      阶段三：0-1 整数规划选址
23:45:00 INFO    evtol_siting.pipeline      ============================================================
23:45:00 INFO    evtol_siting.stage3_ip     [cost_priority] 需求单元 2519 个（核心 1008 个，阈值 分位数 0.60（>=20.0 次/日）），候选 820 个，接驳时间预算 15.0 分钟，设施上限 20
23:45:00 WARNING evtol_siting.stage3_ip     [cost_priority] 有 535 个核心需求单元在接驳预算内无任何候选起降场可达。需要放宽接驳半径或增加候选点；本情景标记为 infeasible。
23:45:00 INFO    evtol_siting.stage3_ip     [cost_priority] 容量约束: 11/820 个候选的（上界）负载超过日容量（336 架次/日），将被强制置 0。负载中位数 4.6，容量中位数 336.0
23:45:00 WARNING evtol_siting.stage3_ip     [cost_priority] 求解状态: Infeasible（耗时 0.19s）
23:45:00 INFO    evtol_siting.stage3_ip     [coverage_priority] 需求单元 2519 个（核心 1008 个，阈值 分位数 0.60（>=20.0 次/日）），候选 820 个，接驳时间预算 15.0 分钟，设施上限 35
23:45:00 WARNING evtol_siting.stage3_ip     [coverage_priority] 有 535 个核心需求单元在接驳预算内无任何候选起降场可达。需要放宽接驳半径或增加候选点；本情景标记为 infeasible。
23:45:00 INFO    evtol_siting.stage3_ip     [coverage_priority] 容量约束: 11/820 个候选的（上界）负载超过日容量（336 架次/日），将被强制置 0。负载中位数 4.6，容量中位数 336.0
23:45:00 WARNING evtol_siting.stage3_ip     [coverage_priority] 求解状态: Infeasible（耗时 0.19s）
23:45:00 INFO    evtol_siting.stage3_ip     阶段三完成: 0 个情景求解成功（cost_priority=Infeasible, coverage_priority=Infeasible）
23:45:00 INFO    export_3d                  运行阶段四：NSGA-II 多目标优化
23:45:00 INFO    evtol_siting.pipeline      ============================================================
23:45:00 INFO    evtol_siting.pipeline      阶段四：NSGA-II 多目标优化
23:45:00 INFO    evtol_siting.pipeline      ============================================================
23:45:00 INFO    evtol_siting.stage4_nsga2  问题实例: 2519 个需求单元（核心 1008），820 个候选；接驳预算 15.0 分钟；单点最大可覆盖 245 个核心单元（占核心 24.3%）
23:45:01 INFO    evtol_siting.nsga2_core      第   0 代: 前沿  53 个解, HV=5.588e+07, 最优目标1=2.421e+04, 累计评估 198
23:45:06 INFO    evtol_siting.nsga2_core      第  10 代: 前沿 100 个解, HV=5.731e+07, 最优目标1=2.421e+04, 累计评估 1175
23:45:10 INFO    evtol_siting.nsga2_core      第  20 代: 前沿 100 个解, HV=5.764e+07, 最优目标1=2.421e+04, 累计评估 2148
23:45:15 INFO    evtol_siting.nsga2_core      第  30 代: 前沿 100 个解, HV=5.9e+07, 最优目标1=2.421e+04, 累计评估 3126
23:45:22 INFO    evtol_siting.nsga2_core      第  40 代: 前沿 100 个解, HV=5.953e+07, 最优目标1=2.421e+04, 累计评估 4107
23:45:29 INFO    evtol_siting.nsga2_core      第  50 代: 前沿 100 个解, HV=5.991e+07, 最优目标1=2.421e+04, 累计评估 5087
23:45:34 INFO    evtol_siting.nsga2_core      第  60 代: 前沿 100 个解, HV=6.007e+07, 最优目标1=2.421e+04, 累计评估 6072
23:45:39 INFO    evtol_siting.nsga2_core      第  70 代: 前沿 100 个解, HV=6.097e+07, 最优目标1=2.421e+04, 累计评估 7048
23:45:44 INFO    evtol_siting.nsga2_core      第  80 代: 前沿 100 个解, HV=6.05e+07, 最优目标1=2.421e+04, 累计评估 8036
23:45:49 INFO    evtol_siting.nsga2_core      第  90 代: 前沿 100 个解, HV=6.034e+07, 最优目标1=2.421e+04, 累计评估 9011
23:45:53 INFO    evtol_siting.nsga2_core      第  99 代: 前沿 100 个解, HV=6.068e+07, 最优目标1=2.421e+04, 累计评估 9891
23:45:53 INFO    export_3d                  计算方案指标与单目标基线对比
23:45:53 INFO    evtol_siting.pipeline      ============================================================
23:45:53 INFO    evtol_siting.pipeline      评价：方案指标与基线对比
23:45:53 INFO    evtol_siting.pipeline      ============================================================
23:45:54 INFO    evtol_siting.baselines     [set_covering] -> 10 个设施，耗时 0.2s
23:45:56 INFO    evtol_siting.baselines     [p_median_p10] p=10: 2519 个需求单元 × 25 近邻 = 62975 个分配变量
23:46:01 INFO    evtol_siting.baselines     [p_median_p10] p=10 -> 10 个设施，目标 0.0，耗时 6.6s
23:46:48 INFO    evtol_siting.baselines     [p_center_p10] p=10 -> 1 个设施，最大接驳时间 16666666.50 分钟，耗时 46.7s
23:46:48 INFO    evtol_siting.baselines     [max_coverage_p10] p=10 -> 10 个设施，覆盖需求 24385，耗时 0.9s
23:46:50 INFO    evtol_siting.baselines     [p_median_p20] p=20: 2519 个需求单元 × 25 近邻 = 62975 个分配变量
23:46:55 INFO    evtol_siting.baselines     [p_median_p20] p=20 -> 20 个设施，目标 0.0，耗时 6.2s
23:47:45 INFO    evtol_siting.baselines     [p_center_p20] p=20 -> 1 个设施，最大接驳时间 16666666.50 分钟，耗时 50.2s
23:47:46 INFO    evtol_siting.baselines     [max_coverage_p20] p=20 -> 18 个设施，覆盖需求 24511，耗时 1.0s
23:47:49 INFO    evtol_siting.baselines     [p_median_p30] p=30: 2519 个需求单元 × 25 近邻 = 62975 个分配变量
23:47:54 INFO    evtol_siting.baselines     [p_median_p30] p=30 -> 30 个设施，目标 0.0，耗时 7.8s
23:48:39 INFO    evtol_siting.baselines     [p_center_p30] p=30 -> 1 个设施，最大接驳时间 16666666.50 分钟，耗时 45.2s
23:48:40 INFO    evtol_siting.baselines     [max_coverage_p30] p=30 -> 18 个设施，覆盖需求 24511，耗时 1.0s
23:48:43 INFO    evtol_siting.baselines     [p_median_p40] p=40: 2519 个需求单元 × 25 近邻 = 62975 个分配变量
23:48:48 INFO    evtol_siting.baselines     [p_median_p40] p=40 -> 40 个设施，目标 0.0，耗时 7.6s
23:50:17 INFO    root                       token 已写入 cesium_token.js（<已省略>…，181 字符）
23:50:18 INFO    export_3d                  运行阶段一：候选起降场筛选
23:50:18 INFO    evtol_siting.pipeline      ============================================================
23:50:18 INFO    evtol_siting.pipeline      阶段一：基于 GIS 的候选起降场筛选
23:50:18 INFO    evtol_siting.pipeline      ============================================================
23:50:18 INFO    evtol_siting.pipeline      解析 PBF 提取包: sichuan-latest.osm.pbf
23:50:38 INFO    evtol_siting.data.pbf        已扫描 200000 个候选要素…
23:51:02 INFO    evtol_siting.data.pbf        已扫描 400000 个候选要素…
23:51:23 INFO    evtol_siting.data.pbf        已扫描 600000 个候选要素…
23:51:48 INFO    evtol_siting.data.pbf        已扫描 800000 个候选要素…
23:52:03 INFO    evtol_siting.data.pbf        buildings          69675 个要素
23:52:03 INFO    evtol_siting.data.pbf        poi                 8159 个要素
23:52:04 INFO    evtol_siting.data.pbf        roads              42272 个要素
23:52:04 INFO    evtol_siting.data.pbf        landuse             8430 个要素
23:52:04 INFO    evtol_siting.data.pbf        water               2252 个要素
23:52:04 INFO    evtol_siting.data.pbf        airports            1364 个要素
23:52:04 INFO    evtol_siting.data.pbf      PBF 解析完成（扫描 921830 个候选要素，输出 6 个图层）
23:52:04 INFO    evtol_siting.data.rasters  建筑高度栅格已存在: evtol_siting\data\raw\height\chengdu_building_height_10m.tif
23:52:11 INFO    evtol_siting.data.heights  高度栅格提供了 49162 栋建筑的高度（覆盖 70.6%）
23:52:11 INFO    evtol_siting.data.heights  分位数回归填补了 14650 栋建筑的高度（中位数 18.6 m）
23:52:11 INFO    evtol_siting.data.heights  高度融合结果（共 69675 栋）:
    raster_height     70.6%
    imputed           21.0%
    osm_levels         7.3%
    osm_height         1.1%
23:52:11 INFO    evtol_siting.data.heights      有标签覆盖率: 8.4% -> 融合后覆盖率: 100.0%
23:52:11 INFO    evtol_siting.data.rasters  人口栅格已存在: evtol_siting\data\raw\population\chengdu_population_100m.tif
23:52:11 INFO    evtol_siting.data.rasters  收入策略 = poi_index：经济活动指数将在阶段二由 OSM POI 构成计算（见 stage2_demand.build_poi_economic_index）
23:52:11 INFO    evtol_siting.data.rasters  DEM 已存在: evtol_siting\data\raw\dem\chengdu_dem_30m.tif
23:52:17 INFO    evtol_siting.data.rasters  坡度栅格已生成: evtol_siting\data\interim\slope.tif
23:52:17 INFO    evtol_siting.geo           栅格化完成: 单元边长 500 m, 单元数 2519, 覆盖 629.8 km²
23:52:17 INFO    evtol_siting.stage1_candidates 屋顶型筛选: 1430 / 69675 栋建筑满足 h>=20m 且 A_roof>=1600m² (2.05%)
23:52:17 INFO    evtol_siting.stage1_candidates   排除 用地类型: 30 个单元（1.2%）
23:52:18 INFO    evtol_siting.stage1_candidates   排除 水域: 55 个单元（2.2%）
23:52:18 INFO    evtol_siting.stage1_candidates   建筑覆盖率判据 (max=0.55): 剔除 4 个单元（保留 2430）；覆盖率中位数 0.05
23:52:18 INFO    evtol_siting.stage1_candidates 坡度判据: 2430 / 2430 单元满足 slope<=15° (剔除 0)
23:52:18 INFO    evtol_siting.stage1_candidates 地面型筛选: 2430 个候选（用地排除 -89，坡度排除后）
23:52:18 INFO    evtol_siting.stage1_candidates 地面型候选已按路网可达性重新评分（中位距离 91 m）
23:52:18 INFO    evtol_siting.stage1_candidates 已为 1430 个缺少 cell_id 的候选（屋顶型）补齐所属栅格单元（补齐后 3770/3860 有 cell_id）
23:52:18 INFO    evtol_siting.stage1_candidates   90 个候选落在栅格之外，改用坐标分桶作为 cell_id
23:52:18 INFO    evtol_siting.stage1_candidates   运输机场净空区 (r=8000m): 剔除 2776 个候选（占 71.9%）
23:52:18 INFO    evtol_siting.stage1_candidates   既有直升机场 (r=1000m): 剔除 178 个候选（占 4.6%）
23:52:18 INFO    evtol_siting.stage1_candidates 安全排除后剩余 1084 个候选（原有 3860）
23:52:18 INFO    evtol_siting.stage1_candidates   [ground] 类别内稀释: 914 -> 914
23:52:18 INFO    evtol_siting.stage1_candidates   [rooftop] 类别内稀释: 165 -> 81
23:52:19 INFO    evtol_siting.stage1_candidates 密度稀释 (c_min=500m, 每栅格<=3): 1084 -> 820 个候选 （配额 -5，类别内间距 -84，跨类别冲突 -175）；构成: {'ground': 740, 'rooftop': 80}
23:52:19 INFO    evtol_siting.stage1_candidates 阶段一完成: 820 个候选起降场（屋顶型 80，地面型 740）
23:52:19 INFO    export_3d                  运行阶段二：K-Means 人群分类
23:52:19 INFO    evtol_siting.pipeline      ============================================================
23:52:19 INFO    evtol_siting.pipeline      阶段二：K-means 人群分类与需求空间化
23:52:19 INFO    evtol_siting.pipeline      ============================================================
23:52:19 INFO    evtol_siting.data.dasymetric 人口栅格分辨率 80 m 细于需求格网 500 m —— 分区求和已是正确的格网人口总量，**体积重分配在此不产生作用**，直接使用分区求和。（体积权重的价值在于把人口摊到建筑上做更细的分析，需 force=True）
23:52:19 WARNING evtol_siting.data.dasymetric 退化为按分区求和（假设人口在格网内均匀分布）
23:52:34 INFO    evtol_siting.stage2_demand 人口分配方式对比（论文 Table 用）:
    method  total_population  n_nonzero_cells  mean_per_cell  std_per_cell       cv     max_cell  top1pct_share     gini
dasymetric      7.712263e+06             2517    3061.636823   2504.238782 0.817941 12360.637527       0.032418 0.458119
   uniform      7.712263e+06             2517    3061.636823   2504.238782 0.817941 12360.637527       0.032418 0.458119
23:52:34 INFO    evtol_siting.stage2_demand 人口: 合计 7712263 人，单元中位数 2567 人（来源: dasymetric_volume）
23:52:34 INFO    evtol_siting.stage2_demand 未提供外部收入数据，将使用 OSM POI 构成的经济活动指数作为代理（见 data/rasters.py::build_poi_economic_index 的说明与局限）
23:52:34 INFO    evtol_siting.stage2_demand POI: 研究区内 7442 个，单元密度中位数 0 个/km²
23:52:34 INFO    evtol_siting.data.rasters  POI 经济活动指数: 范围 [0.000, 5.759]，中位数 0.000（加权 POI 总数 7949）
23:52:41 INFO    evtol_siting.stage2_demand K 选择 (silhouette): K=7，得分 0.7798，各 K 得分 {3: 0.7395, 4: 0.7588, 5: 0.7733, 6: 0.7722, 7: 0.7798, 8: 0.7784}
23:52:41 INFO    evtol_siting.choice_model  收入阶梯（K=7）: 1,868  2,799  3,613  4,500  5,605  7,236  10,840
23:52:41 INFO    evtol_siting.choice_model  时间价值: 5.4  8.0  10.4  12.9  16.1  20.8  31.1 元/小时（对应月收入 1,868  2,799  3,613  4,500  5,605  7,236  10,840）
23:52:41 INFO    evtol_siting.choice_model  时间价值: 1.1  1.2  1.4  1.6  1.9  2.2  2.5  2.9  3.3  3.8  4.4  5.0  5.8  6.6  7.6  8.7  10.0  11.5  13.3  15.2  17.5  20.1  23.1  26.6 元/小时（对应月收入 377  433  498  573  658  756  869  999  1,148  1,319  1,516  1,743  2,003  2,302  2,645  3,040  3,494  4,015  4,615  5,304  6,095  7,005  8,051  9,253）
23:52:41 INFO    evtol_siting.choice_model  时间价值: 1.6  1.9  2.1  2.5  2.8  3.3  3.7  4.3  4.9  5.7  6.5  7.5  8.6  9.9  11.4  13.1  15.0  17.3  19.9  22.8  26.2  30.2  34.7  39.8 元/小时（对应月收入 565  649  746  858  986  1,133  1,302  1,496  1,720  1,976  2,271  2,610  3,000  3,448  3,963  4,554  5,234  6,015  6,913  7,945  9,131  10,494  12,061  13,861）
23:52:41 INFO    evtol_siting.choice_model  时间价值: 2.1  2.4  2.8  3.2  3.7  4.2  4.8  5.6  6.4  7.3  8.4  9.7  11.1  12.8  14.7  16.9  19.4  22.3  25.6  29.5  33.9  38.9  44.7  51.4 元/小时（对应月收入 729  838  963  1,107  1,272  1,462  1,681  1,932  2,220  2,551  2,932  3,370  3,873  4,451  5,115  5,879  6,756  7,765  8,924  10,256  11,787  13,547  15,569  17,893）
23:52:41 INFO    evtol_siting.choice_model  时间价值: 2.6  3.0  3.4  4.0  4.6  5.2  6.0  6.9  7.9  9.1  10.5  12.1  13.9  15.9  18.3  21.0  24.2  27.8  31.9  36.7  42.2  48.5  55.7  64.0 元/小时（对应月收入 909  1,044  1,200  1,379  1,585  1,822  2,094  2,406  2,765  3,178  3,652  4,198  4,824  5,544  6,372  7,323  8,416  9,673  11,116  12,776  14,683  16,875  19,394  22,289）
23:52:41 INFO    evtol_siting.choice_model  时间价值: 3.3  3.7  4.3  4.9  5.7  6.5  7.5  8.6  9.9  11.4  13.1  15.0  17.3  19.8  22.8  26.2  30.1  34.6  39.8  45.7  52.6  60.4  69.4  79.8 元/小时（对应月收入 1,132  1,301  1,495  1,718  1,974  2,269  2,608  2,997  3,445  3,959  4,550  5,229  6,009  6,906  7,937  9,122  10,484  12,049  13,847  15,914  18,290  21,020  24,158  27,764）
23:52:41 INFO    evtol_siting.choice_model  时间价值: 4.2  4.8  5.5  6.4  7.3  8.4  9.7  11.1  12.8  14.7  16.9  19.4  22.3  25.6  29.4  33.8  38.9  44.7  51.4  59.0  67.8  78.0  89.6  103.0 元/小时（对应月收入 1,461  1,679  1,930  2,218  2,549  2,929  3,366  3,869  4,446  5,110  5,873  6,750  7,757  8,915  10,246  11,775  13,533  15,553  17,875  20,543  23,610  27,134  31,185  35,840）
23:52:41 INFO    evtol_siting.choice_model  时间价值: 6.3  7.2  8.3  9.5  11.0  12.6  14.5  16.7  19.1  22.0  25.3  29.1  33.4  38.4  44.1  50.7  58.3  67.0  76.9  88.4  101.6  116.8  134.2  154.3 元/小时（对应月收入 2,189  2,515  2,891  3,322  3,818  4,388  5,043  5,796  6,661  7,655  8,798  10,111  11,621  13,355  15,349  17,640  20,273  23,300  26,778  30,775  35,369  40,648  46,716  53,690）
23:52:41 INFO    evtol_siting.choice_model  选择模型 [区域内积分（σ_within=0.4）]: 出行 15 km，地面 55 分钟 / 57 元，eVTOL 24 分钟 / 130 元，节省 31 分钟；采用概率 0.0564–0.0988（类间比 1.75）
23:52:41 INFO    evtol_siting.choice_model  各类人群采用概率:
 cluster  monthly_income_cny  vot_cny_per_h  p_evtol  demand_rate
       3              1868.0           5.37  0.05642     0.005642
       0              2799.0           8.04  0.05974     0.005974
       5              3613.0          10.38  0.06283     0.006283
       2              4500.0          12.93  0.06638     0.006638
       4              5605.0          16.11  0.07112     0.007112
       6              7236.0          20.79  0.07876     0.007876
       1             10840.0          31.15  0.09879     0.009879
23:52:41 INFO    evtol_siting.stage2_demand K-means 聚类完成: K=7，总需求 48720 次/日，总人口 7712263 人
23:52:41 INFO    evtol_siting.stage2_demand 类画像:
 cluster  n_cells   population  income_mean  poi_density_mean  trip_rate  monthly_income_cny  vot_cny_per_h  p_evtol  demand_trips_per_day k_selection
       3     1391 2.642034e+06     0.000000          0.000000   0.005642              1868.0           5.37  0.05642          14906.353102  silhouette
       0      327 9.403271e+05     1.533906          5.321101   0.005974              2799.0           8.04  0.05974           5617.513868  silhouette
       5      321 1.318767e+06     2.598605         13.059190   0.006283              3613.0          10.38  0.06283           8285.811407  silhouette
       2      260 1.389814e+06     3.361789         29.492308   0.006638              4500.0          12.93  0.06638           9225.585950  silhouette
       4      145 9.081153e+05     4.000721         55.172414   0.007112              5605.0          16.11  0.07112           6458.515785  silhouette
       6       62 4.214043e+05     4.560623         96.000000   0.007876              7236.0          20.79  0.07876           3318.980346  silhouette
       1       13 9.180217e+04     5.021334        170.461538   0.009879             10840.0          31.15  0.09879            906.913644  silhouette
23:52:41 INFO    export_3d                  运行阶段三：0-1 整数规划
23:52:41 INFO    evtol_siting.pipeline      ============================================================
23:52:41 INFO    evtol_siting.pipeline      阶段三：0-1 整数规划选址
23:52:41 INFO    evtol_siting.pipeline      ============================================================
23:52:41 INFO    evtol_siting.stage3_ip     [cost_priority] 需求单元 2519 个（核心 1008 个，阈值 分位数 0.60（>=20.0 次/日）），候选 820 个，接驳时间预算 15.0 分钟，设施上限 20
23:52:41 WARNING evtol_siting.stage3_ip     [cost_priority] 有 535 个核心需求单元在接驳预算内无任何候选起降场可达。需要放宽接驳半径或增加候选点；本情景标记为 infeasible。
23:52:42 INFO    evtol_siting.stage3_ip     [cost_priority] 最优解: 11 个起降场，总成本 4.56 亿元，需求覆盖率 48.7%，人口覆盖率 48.4%（耗时 0.20s）
23:52:42 INFO    evtol_siting.stage3_ip     [coverage_priority] 需求单元 2519 个（核心 1008 个，阈值 分位数 0.60（>=20.0 次/日）），候选 820 个，接驳时间预算 15.0 分钟，设施上限 35
23:52:42 WARNING evtol_siting.stage3_ip     [coverage_priority] 有 535 个核心需求单元在接驳预算内无任何候选起降场可达。需要放宽接驳半径或增加候选点；本情景标记为 infeasible。
23:52:42 INFO    evtol_siting.stage3_ip     [coverage_priority] 最优解: 10 个起降场，总成本 4.76 亿元，需求覆盖率 49.5%，人口覆盖率 49.3%（耗时 0.18s）
23:52:42 INFO    evtol_siting.stage3_ip     阶段三完成: 2 个情景求解成功（cost_priority=Optimal, coverage_priority=Optimal）
23:52:42 INFO    export_3d                  运行阶段四：NSGA-II 多目标优化
23:52:42 INFO    evtol_siting.pipeline      ============================================================
23:52:42 INFO    evtol_siting.pipeline      阶段四：NSGA-II 多目标优化
23:52:42 INFO    evtol_siting.pipeline      ============================================================
23:52:42 INFO    evtol_siting.stage4_nsga2  问题实例: 2519 个需求单元（核心 1008），820 个候选；接驳预算 15.0 分钟；单点最大可覆盖 245 个核心单元（占核心 24.3%）
23:52:42 INFO    evtol_siting.pipeline      已注入 2 个 IP 最优解作为初始种群种子
23:52:43 INFO    evtol_siting.nsga2_core      第   0 代: 前沿  58 个解, HV=2.853e+08, 最优目标1=2.421e+04, 累计评估 197
23:52:50 INFO    evtol_siting.nsga2_core      第  10 代: 前沿 100 个解, HV=2.866e+08, 最优目标1=2.421e+04, 累计评估 1131
23:52:57 INFO    evtol_siting.nsga2_core      第  20 代: 前沿 100 个解, HV=2.869e+08, 最优目标1=2.421e+04, 累计评估 2051
23:53:04 INFO    evtol_siting.nsga2_core      第  30 代: 前沿 100 个解, HV=2.875e+08, 最优目标1=2.421e+04, 累计评估 2964
23:53:11 INFO    evtol_siting.nsga2_core      第  40 代: 前沿 100 个解, HV=2.877e+08, 最优目标1=2.421e+04, 累计评估 3881
23:53:19 INFO    evtol_siting.nsga2_core      第  50 代: 前沿 100 个解, HV=2.879e+08, 最优目标1=2.421e+04, 累计评估 4794
23:53:26 INFO    evtol_siting.nsga2_core      第  60 代: 前沿 100 个解, HV=2.882e+08, 最优目标1=2.421e+04, 累计评估 5709
23:53:34 INFO    evtol_siting.nsga2_core      第  70 代: 前沿 100 个解, HV=2.893e+08, 最优目标1=2.421e+04, 累计评估 6628
23:53:38 INFO    evtol_siting.nsga2_core      第  80 代: 前沿 100 个解, HV=2.894e+08, 最优目标1=2.421e+04, 累计评估 7545
23:53:41 INFO    evtol_siting.nsga2_core      第  90 代: 前沿 100 个解, HV=2.894e+08, 最优目标1=2.421e+04, 累计评估 8469
23:53:44 INFO    evtol_siting.nsga2_core      第  99 代: 前沿 100 个解, HV=2.894e+08, 最优目标1=2.421e+04, 累计评估 9315
23:53:44 INFO    export_3d                  计算方案指标与单目标基线对比
23:53:44 INFO    evtol_siting.pipeline      ============================================================
23:53:44 INFO    evtol_siting.pipeline      评价：方案指标与基线对比
23:53:44 INFO    evtol_siting.pipeline      ============================================================
23:53:45 INFO    evtol_siting.baselines     [set_covering] -> 10 个设施，耗时 0.1s
23:53:46 INFO    evtol_siting.baselines     [p_median_p10] p=10: 2519 个需求单元 × 25 近邻 = 62975 个分配变量
23:53:50 INFO    evtol_siting.baselines     [p_median_p10] p=10 -> 10 个设施，目标 0.0，耗时 4.8s
23:54:19 INFO    evtol_siting.baselines     [p_center_p10] p=10 -> 1 个设施，最大接驳时间 16666666.50 分钟，耗时 29.4s
23:54:20 INFO    evtol_siting.baselines     [max_coverage_p10] p=10 -> 10 个设施，覆盖需求 24385，耗时 0.7s
23:54:21 INFO    evtol_siting.baselines     [p_median_p11] p=11: 2519 个需求单元 × 25 近邻 = 62975 个分配变量
23:54:24 INFO    evtol_siting.baselines     [p_median_p11] p=11 -> 11 个设施，目标 0.0，耗时 4.5s
23:54:54 INFO    evtol_siting.baselines     [p_center_p11] p=11 -> 1 个设施，最大接驳时间 16666666.50 分钟，耗时 29.5s
23:54:55 INFO    evtol_siting.baselines     [max_coverage_p11] p=11 -> 11 个设施，覆盖需求 24451，耗时 0.7s
23:54:56 INFO    evtol_siting.baselines     [p_median_p20] p=20: 2519 个需求单元 × 25 近邻 = 62975 个分配变量
23:54:59 INFO    evtol_siting.baselines     [p_median_p20] p=20 -> 20 个设施，目标 0.0，耗时 4.6s
23:55:31 INFO    evtol_siting.baselines     [p_center_p20] p=20 -> 1 个设施，最大接驳时间 16666666.50 分钟，耗时 32.2s
23:55:32 INFO    evtol_siting.baselines     [max_coverage_p20] p=20 -> 18 个设施，覆盖需求 24511，耗时 0.9s
23:55:35 INFO    evtol_siting.baselines     [p_median_p30] p=30: 2519 个需求单元 × 25 近邻 = 62975 个分配变量
23:55:40 INFO    evtol_siting.baselines     [p_median_p30] p=30 -> 30 个设施，目标 0.0，耗时 7.8s
23:56:27 INFO    evtol_siting.baselines     [p_center_p30] p=30 -> 1 个设施，最大接驳时间 16666666.50 分钟，耗时 47.3s
23:56:29 INFO    evtol_siting.baselines     [max_coverage_p30] p=30 -> 18 个设施，覆盖需求 24511，耗时 1.1s
23:56:29 INFO    evtol_siting.baselines     基线求解完成: 13/13 成功
23:56:29 INFO    evtol_siting.pipeline      方案对比表:
                         label  n_sites  n_rooftop  n_ground  total_cost_cny  mean_cost_per_site_cny  ...  group_3_access_time_min  group_4_access_time_min  group_5_access_time_min  group_6_access_time_min  income_quintile_gap_min  income_quintile_gini
     Baseline:max_coverage_p30       18          5        13    8.761199e+08            4.867333e+07  ...                 8.759173                 9.318380                 8.814287                 8.906727                 0.376141              0.009463
     Baseline:max_coverage_p20       18          5        13    8.761199e+08            4.867333e+07  ...                 8.759173                 9.318380                 8.814287                 8.906727                 0.376141              0.009463
  NSGA-II:best_unserved_demand      419         45       374    2.289853e+10            5.465042e+07  ...                 3.956944                 8.543474                 6.513247                 7.773026                 3.486643              0.134598
         NSGA-II:best_inequity      419         45       374    2.289853e+10            5.465042e+07  ...                 3.956944                 8.543474                 6.513247                 7.773026                 3.486643              0.134598
                  NSGA-II:knee      444         55       389    2.410237e+10            5.428462e+07  ...                 3.811895                 8.406598                 6.594280                 7.657811                 3.592156              0.139418
NSGA-II:best_total_access_time      444         55       389    2.410237e+10            5.428462e+07  ...                 3.811895                 8.406598                 6.594280                 7.657811                 3.592156              0.139418
     Baseline:max_coverage_p11       11          2         9    5.690767e+08            5.173425e+07  ...                 9.501663                 9.735450                 9.105342                 9.606432                 0.362098              0.008649
     Baseline:max_coverage_p10       10          2         8    5.120767e+08            5.120767e+07  ...                 9.528893                 9.662930                 9.338102                 9.513413                 0.249990              0.005900
          IP:coverage_priority       10          4         6    4.755312e+08            4.755312e+07  ...                 9.739227                 9.695500                 9.716838                 9.724618                 0.256085              0.005917
         Baseline:set_covering       10          3         7    4.947544e+08            4.947544e+07  ...                 9.543474                 9.554492                 9.223727                 9.469001                 0.322252              0.007639
              IP:cost_priority       11          6         5    4.556467e+08            4.142242e+07  ...                 9.731153                 9.330956                 8.811646                 9.273605                 0.699185              0.016800
       NSGA-II:best_total_cost       11          6         5    4.556467e+08            4.142242e+07  ...                 9.731153                 9.330956                 8.811646                 9.273605                 0.699185              0.016800
                NSGA-II:TOPSIS       11          6         5    4.556467e+08            4.142242e+07  ...                 9.731153                 9.330956                 8.811646                 9.273605                 0.699185              0.016800
         Baseline:p_median_p30       30          0        30    1.710000e+09            5.700000e+07  ...                 7.900028                11.812479                 9.317392                 9.969464                 1.643494              0.046054
         Baseline:p_median_p20       20          0        20    1.140000e+09            5.700000e+07  ...                 8.133540                11.886518                 9.561699                 9.969464                 1.670859              0.045437
         Baseline:p_median_p11       11          0        11    6.270000e+08            5.700000e+07  ...                 8.750950                11.987836                 9.731819                 9.969464                 1.209205              0.031782
         Baseline:p_median_p10       10         10         0    2.837732e+08            2.837732e+07  ...                12.690680                      NaN                12.531653                      NaN                 0.000000              0.000000
         Baseline:p_center_p11        1          0         1    5.700000e+07            5.700000e+07  ...                10.684240                      NaN                13.252805                      NaN                 0.000000              0.000000
         Baseline:p_center_p20        1          0         1    5.700000e+07            5.700000e+07  ...                10.684240                      NaN                13.252805                      NaN                 0.000000              0.000000
         Baseline:p_center_p30        1          0         1    5.700000e+07            5.700000e+07  ...                10.684240                      NaN                13.252805                      NaN                 0.000000              0.000000
         Baseline:p_center_p10        1          0         1    5.700000e+07            5.700000e+07  ...                10.684240                      NaN                13.252805                      NaN                 0.000000              0.000000
23:56:29 INFO    evtol_siting.viz3d         研究区边界已导出
23:56:29 INFO    evtol_siting.viz3d         候选点已导出: 屋顶型 80，地面型 740
23:56:29 INFO    evtol_siting.viz3d         需求单元 2519 个、人群类 7 个已导出
23:56:29 INFO    evtol_siting.viz3d         帕累托前沿 100 个解已导出
23:56:29 INFO    evtol_siting.viz3d         三维数据包已导出: evtol_siting\viz3d\evtol_data.js (0.43 MB)
23:56:29 INFO    evtol_siting.pipeline      结果已保存到 evtol_siting\outputs\data
23:56:29 INFO    export_3d                  ======================================================================
23:56:29 INFO    export_3d                   完成。打开三维视图：
23:56:29 INFO    export_3d                     evtol_siting\viz3d\chengdu_evtol_3d.html
23:56:29 INFO    export_3d                   数据: evtol_data.js
23:56:29 INFO    export_3d                  ======================================================================
01:08:10 INFO    root                       token 已写入 cesium_token.js（<已省略>…，181 字符）
01:08:11 INFO    export_3d                  运行阶段一：候选起降场筛选
01:08:11 INFO    evtol_siting.pipeline      ============================================================
01:08:11 INFO    evtol_siting.pipeline      阶段一：基于 GIS 的候选起降场筛选
01:08:11 INFO    evtol_siting.pipeline      ============================================================
01:08:11 INFO    evtol_siting.pipeline      解析 PBF 提取包: sichuan-latest.osm.pbf
01:08:19 INFO    evtol_siting.data.pbf        已扫描 200000 个候选要素…
01:08:28 INFO    evtol_siting.data.pbf        已扫描 400000 个候选要素…
01:08:36 INFO    evtol_siting.data.pbf        已扫描 600000 个候选要素…
01:08:45 INFO    evtol_siting.data.pbf        已扫描 800000 个候选要素…
01:08:51 INFO    evtol_siting.data.pbf        buildings          69675 个要素
01:08:52 INFO    evtol_siting.data.pbf        poi                 8159 个要素
01:08:52 INFO    evtol_siting.data.pbf        roads              42272 个要素
01:08:52 INFO    evtol_siting.data.pbf        landuse             8430 个要素
01:08:52 INFO    evtol_siting.data.pbf        water               2252 个要素
01:08:52 INFO    evtol_siting.data.pbf        airports            1364 个要素
01:08:52 INFO    evtol_siting.data.pbf      PBF 解析完成（扫描 921830 个候选要素，输出 6 个图层）
01:08:52 INFO    evtol_siting.data.rasters  建筑高度栅格已存在: evtol_siting\data\raw\height\chengdu_building_height_10m.tif
01:08:54 INFO    evtol_siting.data.heights  高度栅格提供了 49162 栋建筑的高度（覆盖 70.6%）
01:08:54 INFO    evtol_siting.data.heights  分位数回归填补了 14650 栋建筑的高度（中位数 18.6 m）
01:08:54 INFO    evtol_siting.data.heights  高度融合结果（共 69675 栋）:
    raster_height     70.6%
    imputed           21.0%
    osm_levels         7.3%
    osm_height         1.1%
01:08:54 INFO    evtol_siting.data.heights      有标签覆盖率: 8.4% -> 融合后覆盖率: 100.0%
01:08:54 INFO    evtol_siting.data.rasters  人口栅格已存在: evtol_siting\data\raw\population\chengdu_population_100m.tif
01:08:54 INFO    evtol_siting.data.rasters  收入策略 = poi_index：经济活动指数将在阶段二由 OSM POI 构成计算（见 stage2_demand.build_poi_economic_index）
01:08:54 INFO    evtol_siting.data.rasters  DEM 已存在: evtol_siting\data\raw\dem\chengdu_dem_30m.tif
01:08:57 INFO    evtol_siting.data.rasters  坡度栅格已生成: evtol_siting\data\interim\slope.tif
01:08:57 INFO    evtol_siting.geo           栅格化完成: 单元边长 500 m, 单元数 2519, 覆盖 629.8 km²
01:08:57 INFO    evtol_siting.stage1_candidates 屋顶型筛选: 1430 / 69675 栋建筑满足 h>=20m 且 A_roof>=1600m² (2.05%)
01:08:57 INFO    evtol_siting.stage1_candidates   排除 用地类型: 30 个单元（1.2%）
01:08:57 INFO    evtol_siting.stage1_candidates   排除 水域: 55 个单元（2.2%）
01:08:57 INFO    evtol_siting.stage1_candidates   建筑覆盖率判据 (max=0.55): 剔除 4 个单元（保留 2430）；覆盖率中位数 0.05
01:08:57 INFO    evtol_siting.stage1_candidates 坡度判据: 2430 / 2430 单元满足 slope<=15° (剔除 0)
01:08:57 INFO    evtol_siting.stage1_candidates 地面型筛选: 2430 个候选（用地排除 -89，坡度排除后）
01:08:58 INFO    evtol_siting.stage1_candidates 地面型候选已按路网可达性重新评分（中位距离 91 m）
01:08:58 INFO    evtol_siting.stage1_candidates 已为 1430 个缺少 cell_id 的候选（屋顶型）补齐所属栅格单元（补齐后 3770/3860 有 cell_id）
01:08:58 INFO    evtol_siting.stage1_candidates   90 个候选落在栅格之外，改用坐标分桶作为 cell_id
01:08:58 INFO    evtol_siting.stage1_candidates   运输机场净空区 (r=4000m): 剔除 1472 个候选（占 38.1%）
01:08:58 INFO    evtol_siting.stage1_candidates   既有直升机场 (r=1000m): 剔除 178 个候选（占 4.6%）
01:08:58 INFO    evtol_siting.stage1_candidates 安全排除后剩余 2344 个候选（原有 3860）
01:08:58 INFO    evtol_siting.stage1_candidates   [ground] 类别内稀释: 1581 -> 1581
01:08:58 INFO    evtol_siting.stage1_candidates   [rooftop] 类别内稀释: 693 -> 258
01:08:58 INFO    evtol_siting.stage1_candidates 密度稀释 (c_min=500m, 每栅格<=3): 2344 -> 1332 个候选 （配额 -70，类别内间距 -435，跨类别冲突 -507）；构成: {'ground': 1076, 'rooftop': 256}
01:08:58 INFO    evtol_siting.stage1_candidates 阶段一完成: 1332 个候选起降场（屋顶型 256，地面型 1076）
01:08:58 INFO    export_3d                  运行阶段二：K-Means 人群分类
01:08:58 INFO    evtol_siting.pipeline      ============================================================
01:08:58 INFO    evtol_siting.pipeline      阶段二：K-means 人群分类与需求空间化
01:08:58 INFO    evtol_siting.pipeline      ============================================================
01:08:58 INFO    evtol_siting.data.dasymetric 人口栅格分辨率 80 m 细于需求格网 500 m —— 分区求和已是正确的格网人口总量，**体积重分配在此不产生作用**，直接使用分区求和。（体积权重的价值在于把人口摊到建筑上做更细的分析，需 force=True）
01:08:58 WARNING evtol_siting.data.dasymetric 退化为按分区求和（假设人口在格网内均匀分布）
01:09:03 INFO    evtol_siting.stage2_demand 人口分配方式对比（论文 Table 用）:
    method  total_population  n_nonzero_cells  mean_per_cell  std_per_cell       cv     max_cell  top1pct_share     gini
dasymetric      7.712263e+06             2517    3061.636823   2504.238782 0.817941 12360.637527       0.032418 0.458119
   uniform      7.712263e+06             2517    3061.636823   2504.238782 0.817941 12360.637527       0.032418 0.458119
01:09:03 INFO    evtol_siting.stage2_demand 人口: 合计 7712263 人，单元中位数 2567 人（来源: dasymetric_volume）
01:09:03 INFO    evtol_siting.stage2_demand 未提供外部收入数据，将使用 OSM POI 构成的经济活动指数作为代理（见 data/rasters.py::build_poi_economic_index 的说明与局限）
01:09:03 INFO    evtol_siting.stage2_demand POI: 研究区内 7442 个，单元密度中位数 0 个/km²
01:09:03 INFO    evtol_siting.data.rasters  POI 经济活动指数: 范围 [0.000, 5.759]，中位数 0.000（加权 POI 总数 7949）
01:09:07 INFO    evtol_siting.stage2_demand K 选择 (silhouette): K=7，得分 0.7798，各 K 得分 {3: 0.7395, 4: 0.7588, 5: 0.7733, 6: 0.7722, 7: 0.7798, 8: 0.7784}
01:09:08 INFO    evtol_siting.choice_model  收入阶梯（K=7）: 1,868  2,799  3,613  4,500  5,605  7,236  10,840
01:09:08 INFO    evtol_siting.choice_model  时间价值: 5.4  8.0  10.4  12.9  16.1  20.8  31.1 元/小时（对应月收入 1,868  2,799  3,613  4,500  5,605  7,236  10,840）
01:09:08 INFO    evtol_siting.choice_model  时间价值: 1.1  1.2  1.4  1.6  1.9  2.2  2.5  2.9  3.3  3.8  4.4  5.0  5.8  6.6  7.6  8.7  10.0  11.5  13.3  15.2  17.5  20.1  23.1  26.6 元/小时（对应月收入 377  433  498  573  658  756  869  999  1,148  1,319  1,516  1,743  2,003  2,302  2,645  3,040  3,494  4,015  4,615  5,304  6,095  7,005  8,051  9,253）
01:09:08 INFO    evtol_siting.choice_model  时间价值: 1.6  1.9  2.1  2.5  2.8  3.3  3.7  4.3  4.9  5.7  6.5  7.5  8.6  9.9  11.4  13.1  15.0  17.3  19.9  22.8  26.2  30.2  34.7  39.8 元/小时（对应月收入 565  649  746  858  986  1,133  1,302  1,496  1,720  1,976  2,271  2,610  3,000  3,448  3,963  4,554  5,234  6,015  6,913  7,945  9,131  10,494  12,061  13,861）
01:09:08 INFO    evtol_siting.choice_model  时间价值: 2.1  2.4  2.8  3.2  3.7  4.2  4.8  5.6  6.4  7.3  8.4  9.7  11.1  12.8  14.7  16.9  19.4  22.3  25.6  29.5  33.9  38.9  44.7  51.4 元/小时（对应月收入 729  838  963  1,107  1,272  1,462  1,681  1,932  2,220  2,551  2,932  3,370  3,873  4,451  5,115  5,879  6,756  7,765  8,924  10,256  11,787  13,547  15,569  17,893）
01:09:08 INFO    evtol_siting.choice_model  时间价值: 2.6  3.0  3.4  4.0  4.6  5.2  6.0  6.9  7.9  9.1  10.5  12.1  13.9  15.9  18.3  21.0  24.2  27.8  31.9  36.7  42.2  48.5  55.7  64.0 元/小时（对应月收入 909  1,044  1,200  1,379  1,585  1,822  2,094  2,406  2,765  3,178  3,652  4,198  4,824  5,544  6,372  7,323  8,416  9,673  11,116  12,776  14,683  16,875  19,394  22,289）
01:09:08 INFO    evtol_siting.choice_model  时间价值: 3.3  3.7  4.3  4.9  5.7  6.5  7.5  8.6  9.9  11.4  13.1  15.0  17.3  19.8  22.8  26.2  30.1  34.6  39.8  45.7  52.6  60.4  69.4  79.8 元/小时（对应月收入 1,132  1,301  1,495  1,718  1,974  2,269  2,608  2,997  3,445  3,959  4,550  5,229  6,009  6,906  7,937  9,122  10,484  12,049  13,847  15,914  18,290  21,020  24,158  27,764）
01:09:08 INFO    evtol_siting.choice_model  时间价值: 4.2  4.8  5.5  6.4  7.3  8.4  9.7  11.1  12.8  14.7  16.9  19.4  22.3  25.6  29.4  33.8  38.9  44.7  51.4  59.0  67.8  78.0  89.6  103.0 元/小时（对应月收入 1,461  1,679  1,930  2,218  2,549  2,929  3,366  3,869  4,446  5,110  5,873  6,750  7,757  8,915  10,246  11,775  13,533  15,553  17,875  20,543  23,610  27,134  31,185  35,840）
01:09:08 INFO    evtol_siting.choice_model  时间价值: 6.3  7.2  8.3  9.5  11.0  12.6  14.5  16.7  19.1  22.0  25.3  29.1  33.4  38.4  44.1  50.7  58.3  67.0  76.9  88.4  101.6  116.8  134.2  154.3 元/小时（对应月收入 2,189  2,515  2,891  3,322  3,818  4,388  5,043  5,796  6,661  7,655  8,798  10,111  11,621  13,355  15,349  17,640  20,273  23,300  26,778  30,775  35,369  40,648  46,716  53,690）
01:09:08 INFO    evtol_siting.choice_model  选择模型 [区域内积分（σ_within=0.4）]: 出行 15 km，地面 55 分钟 / 57 元，eVTOL 24 分钟 / 130 元，节省 31 分钟；采用概率 0.0564–0.0988（类间比 1.75）
01:09:08 INFO    evtol_siting.choice_model  各类人群采用概率:
 cluster  monthly_income_cny  vot_cny_per_h  p_evtol  demand_rate
       3              1868.0           5.37  0.05642     0.005642
       0              2799.0           8.04  0.05974     0.005974
       5              3613.0          10.38  0.06283     0.006283
       2              4500.0          12.93  0.06638     0.006638
       4              5605.0          16.11  0.07112     0.007112
       6              7236.0          20.79  0.07876     0.007876
       1             10840.0          31.15  0.09879     0.009879
01:09:08 INFO    evtol_siting.stage2_demand K-means 聚类完成: K=7，总需求 48720 次/日，总人口 7712263 人
01:09:08 INFO    evtol_siting.stage2_demand 类画像:
 cluster  n_cells   population  income_mean  poi_density_mean  trip_rate  monthly_income_cny  vot_cny_per_h  p_evtol  demand_trips_per_day k_selection
       3     1391 2.642034e+06     0.000000          0.000000   0.005642              1868.0           5.37  0.05642          14906.353102  silhouette
       0      327 9.403271e+05     1.533906          5.321101   0.005974              2799.0           8.04  0.05974           5617.513868  silhouette
       5      321 1.318767e+06     2.598605         13.059190   0.006283              3613.0          10.38  0.06283           8285.811407  silhouette
       2      260 1.389814e+06     3.361789         29.492308   0.006638              4500.0          12.93  0.06638           9225.585950  silhouette
       4      145 9.081153e+05     4.000721         55.172414   0.007112              5605.0          16.11  0.07112           6458.515785  silhouette
       6       62 4.214043e+05     4.560623         96.000000   0.007876              7236.0          20.79  0.07876           3318.980346  silhouette
       1       13 9.180217e+04     5.021334        170.461538   0.009879             10840.0          31.15  0.09879            906.913644  silhouette
01:09:08 INFO    export_3d                  运行阶段三：0-1 整数规划
01:09:08 INFO    evtol_siting.pipeline      ============================================================
01:09:08 INFO    evtol_siting.pipeline      阶段三：0-1 整数规划选址
01:09:08 INFO    evtol_siting.pipeline      ============================================================
01:09:08 INFO    evtol_siting.stage3_ip     [cost_priority] 需求单元 2519 个（核心 1008 个，阈值 分位数 0.60（>=20.0 次/日）），候选 1332 个，接驳时间预算 15.0 分钟，设施上限 20
01:09:08 INFO    evtol_siting.stage3_ip     [cost_priority] 最优解: 11 个起降场，总成本 3.48 亿元，需求覆盖率 97.1%，人口覆盖率 96.8%（耗时 0.40s）
01:09:08 INFO    evtol_siting.stage3_ip     [coverage_priority] 需求单元 2519 个（核心 1008 个，阈值 分位数 0.60（>=20.0 次/日）），候选 1332 个，接驳时间预算 15.0 分钟，设施上限 35
01:09:09 INFO    evtol_siting.stage3_ip     [coverage_priority] 最优解: 10 个起降场，总成本 5.14 亿元，需求覆盖率 96.5%，人口覆盖率 96.2%（耗时 0.39s）
01:09:09 INFO    evtol_siting.stage3_ip     阶段三完成: 2 个情景求解成功（cost_priority=Optimal, coverage_priority=Optimal）
01:09:09 INFO    export_3d                  运行阶段四：NSGA-II 多目标优化
01:09:09 INFO    evtol_siting.pipeline      ============================================================
01:09:09 INFO    evtol_siting.pipeline      阶段四：NSGA-II 多目标优化
01:09:09 INFO    evtol_siting.pipeline      ============================================================
01:09:09 INFO    evtol_siting.stage4_nsga2  问题实例: 2519 个需求单元（核心 1008），1332 个候选；接驳预算 15.0 分钟；单点最大可覆盖 307 个核心单元（占核心 30.5%）
01:09:09 INFO    evtol_siting.pipeline      已注入 2 个 IP 最优解作为初始种群种子
01:09:09 INFO    evtol_siting.nsga2_core    初始种群: 100 个个体 × 1332 维，期望站点数 20（稀疏初始化）
01:09:09 INFO    evtol_siting.nsga2_core      第   0 代: 前沿  66 个解, HV=1.046e+08, 最优目标1=198.8, 累计评估 157
01:09:10 INFO    evtol_siting.nsga2_core      第  10 代: 前沿 100 个解, HV=1.047e+08, 最优目标1=198.8, 累计评估 496
01:09:12 INFO    evtol_siting.nsga2_core      第  20 代: 前沿 100 个解, HV=1.047e+08, 最优目标1=198.8, 累计评估 845
01:09:13 INFO    evtol_siting.nsga2_core      第  30 代: 前沿 100 个解, HV=1.047e+08, 最优目标1=198.8, 累计评估 1210
01:09:14 INFO    evtol_siting.nsga2_core      第  40 代: 前沿 100 个解, HV=9.961e+07, 最优目标1=143.6, 累计评估 1616
01:09:15 INFO    evtol_siting.nsga2_core      第  50 代: 前沿 100 个解, HV=1.084e+08, 最优目标1=143.6, 累计评估 2028
01:09:16 INFO    evtol_siting.nsga2_core      第  60 代: 前沿 100 个解, HV=1.086e+08, 最优目标1=143.6, 累计评估 2487
01:09:17 INFO    evtol_siting.nsga2_core      第  70 代: 前沿 100 个解, HV=1.101e+08, 最优目标1=143.6, 累计评估 2998
01:09:18 INFO    evtol_siting.nsga2_core      第  80 代: 前沿 100 个解, HV=1.104e+08, 最优目标1=143.6, 累计评估 3530
01:09:20 INFO    evtol_siting.nsga2_core      第  90 代: 前沿 100 个解, HV=1.117e+08, 最优目标1=143.6, 累计评估 4089
01:09:21 INFO    evtol_siting.nsga2_core      第  99 代: 前沿 100 个解, HV=1.124e+08, 最优目标1=143.6, 累计评估 4625
01:09:21 INFO    export_3d                  计算方案指标与单目标基线对比
01:09:21 INFO    evtol_siting.pipeline      ============================================================
01:09:21 INFO    evtol_siting.pipeline      评价：方案指标与基线对比
01:09:21 INFO    evtol_siting.pipeline      ============================================================
01:09:21 INFO    evtol_siting.baselines     [set_covering] -> 10 个设施，耗时 0.4s
01:09:23 INFO    evtol_siting.baselines     [p_median_p10] p=10: 2519 个需求单元 × 25 近邻 = 62975 个分配变量
01:09:25 INFO    evtol_siting.baselines     [p_median_p10] p=10 -> 10 个设施，目标 0.0，耗时 3.2s
01:09:25 WARNING evtol_siting.baselines     [p_center_p10] 未找到可行解（p=10 过小？）
01:14:21 INFO    root                       token 已写入 cesium_token.js（<已省略>…，181 字符）
01:14:21 INFO    export_3d                  运行阶段一：候选起降场筛选
01:14:21 INFO    evtol_siting.pipeline      ============================================================
01:14:21 INFO    evtol_siting.pipeline      阶段一：基于 GIS 的候选起降场筛选
01:14:21 INFO    evtol_siting.pipeline      ============================================================
01:14:21 INFO    evtol_siting.pipeline      解析 PBF 提取包: sichuan-latest.osm.pbf
01:14:30 INFO    evtol_siting.data.pbf        已扫描 200000 个候选要素…
01:14:39 INFO    evtol_siting.data.pbf        已扫描 400000 个候选要素…
01:14:47 INFO    evtol_siting.data.pbf        已扫描 600000 个候选要素…
01:14:56 INFO    evtol_siting.data.pbf        已扫描 800000 个候选要素…
01:15:02 INFO    evtol_siting.data.pbf        buildings          69675 个要素
01:15:02 INFO    evtol_siting.data.pbf        poi                 8159 个要素
01:15:03 INFO    evtol_siting.data.pbf        roads              42272 个要素
01:15:03 INFO    evtol_siting.data.pbf        landuse             8430 个要素
01:15:03 INFO    evtol_siting.data.pbf        water               2252 个要素
01:15:03 INFO    evtol_siting.data.pbf        airports            1364 个要素
01:15:03 INFO    evtol_siting.data.pbf      PBF 解析完成（扫描 921830 个候选要素，输出 6 个图层）
01:15:03 INFO    evtol_siting.data.rasters  建筑高度栅格已存在: evtol_siting\data\raw\height\chengdu_building_height_10m.tif
01:15:05 INFO    evtol_siting.data.heights  高度栅格提供了 49162 栋建筑的高度（覆盖 70.6%）
01:15:05 INFO    evtol_siting.data.heights  分位数回归填补了 14650 栋建筑的高度（中位数 18.6 m）
01:15:05 INFO    evtol_siting.data.heights  高度融合结果（共 69675 栋）:
    raster_height     70.6%
    imputed           21.0%
    osm_levels         7.3%
    osm_height         1.1%
01:15:05 INFO    evtol_siting.data.heights      有标签覆盖率: 8.4% -> 融合后覆盖率: 100.0%
01:15:05 INFO    evtol_siting.data.rasters  人口栅格已存在: evtol_siting\data\raw\population\chengdu_population_100m.tif
01:15:05 INFO    evtol_siting.data.rasters  收入策略 = poi_index：经济活动指数将在阶段二由 OSM POI 构成计算（见 stage2_demand.build_poi_economic_index）
01:15:05 INFO    evtol_siting.data.rasters  DEM 已存在: evtol_siting\data\raw\dem\chengdu_dem_30m.tif
01:15:08 INFO    evtol_siting.data.rasters  坡度栅格已生成: evtol_siting\data\interim\slope.tif
01:15:08 INFO    evtol_siting.geo           栅格化完成: 单元边长 500 m, 单元数 2519, 覆盖 629.8 km²
01:15:08 INFO    evtol_siting.stage1_candidates 屋顶型筛选: 1430 / 69675 栋建筑满足 h>=20m 且 A_roof>=1600m² (2.05%)
01:15:08 INFO    evtol_siting.stage1_candidates   排除 用地类型: 30 个单元（1.2%）
01:15:08 INFO    evtol_siting.stage1_candidates   排除 水域: 55 个单元（2.2%）
01:15:08 INFO    evtol_siting.stage1_candidates   建筑覆盖率判据 (max=0.55): 剔除 4 个单元（保留 2430）；覆盖率中位数 0.05
01:15:08 INFO    evtol_siting.stage1_candidates 坡度判据: 2430 / 2430 单元满足 slope<=15° (剔除 0)
01:15:08 INFO    evtol_siting.stage1_candidates 地面型筛选: 2430 个候选（用地排除 -89，坡度排除后）
01:15:08 INFO    evtol_siting.stage1_candidates 地面型候选已按路网可达性重新评分（中位距离 91 m）
01:15:08 INFO    evtol_siting.stage1_candidates 已为 1430 个缺少 cell_id 的候选（屋顶型）补齐所属栅格单元（补齐后 3770/3860 有 cell_id）
01:15:08 INFO    evtol_siting.stage1_candidates   90 个候选落在栅格之外，改用坐标分桶作为 cell_id
01:15:08 INFO    evtol_siting.stage1_candidates   运输机场净空区 (r=4000m): 剔除 1472 个候选（占 38.1%）
01:15:08 INFO    evtol_siting.stage1_candidates   既有直升机场 (r=1000m): 剔除 178 个候选（占 4.6%）
01:15:08 INFO    evtol_siting.stage1_candidates 安全排除后剩余 2344 个候选（原有 3860）
01:15:09 INFO    evtol_siting.stage1_candidates   [ground] 类别内稀释: 1581 -> 1581
01:15:09 INFO    evtol_siting.stage1_candidates   [rooftop] 类别内稀释: 693 -> 258
01:15:09 INFO    evtol_siting.stage1_candidates 密度稀释 (c_min=500m, 每栅格<=3): 2344 -> 1332 个候选 （配额 -70，类别内间距 -435，跨类别冲突 -507）；构成: {'ground': 1076, 'rooftop': 256}
01:15:09 INFO    evtol_siting.stage1_candidates 阶段一完成: 1332 个候选起降场（屋顶型 256，地面型 1076）
01:15:09 INFO    export_3d                  运行阶段二：K-Means 人群分类
01:15:09 INFO    evtol_siting.pipeline      ============================================================
01:15:09 INFO    evtol_siting.pipeline      阶段二：K-means 人群分类与需求空间化
01:15:09 INFO    evtol_siting.pipeline      ============================================================
01:15:09 INFO    evtol_siting.data.dasymetric 人口栅格分辨率 80 m 细于需求格网 500 m —— 分区求和已是正确的格网人口总量，**体积重分配在此不产生作用**，直接使用分区求和。（体积权重的价值在于把人口摊到建筑上做更细的分析，需 force=True）
01:15:09 WARNING evtol_siting.data.dasymetric 退化为按分区求和（假设人口在格网内均匀分布）
01:15:14 INFO    evtol_siting.stage2_demand 人口分配方式对比（论文 Table 用）:
    method  total_population  n_nonzero_cells  mean_per_cell  std_per_cell       cv     max_cell  top1pct_share     gini
dasymetric      7.712263e+06             2517    3061.636823   2504.238782 0.817941 12360.637527       0.032418 0.458119
   uniform      7.712263e+06             2517    3061.636823   2504.238782 0.817941 12360.637527       0.032418 0.458119
01:15:14 INFO    evtol_siting.stage2_demand 人口: 合计 7712263 人，单元中位数 2567 人（来源: zonal_sum）
01:15:14 INFO    evtol_siting.stage2_demand 未提供外部收入数据，将使用 OSM POI 构成的经济活动指数作为代理（见 data/rasters.py::build_poi_economic_index 的说明与局限）
01:15:14 INFO    evtol_siting.stage2_demand POI: 研究区内 7442 个，单元密度中位数 0 个/km²
01:15:14 INFO    evtol_siting.data.rasters  POI 经济活动指数: 范围 [0.000, 5.759]，中位数 0.000（加权 POI 总数 7949）
01:15:18 INFO    evtol_siting.stage2_demand K 选择 (silhouette): K=7，得分 0.7798，各 K 得分 {3: 0.7395, 4: 0.7588, 5: 0.7733, 6: 0.7722, 7: 0.7798, 8: 0.7784}
01:15:19 INFO    evtol_siting.choice_model  收入阶梯（K=7）: 1,868  2,799  3,613  4,500  5,605  7,236  10,840
01:15:19 INFO    evtol_siting.choice_model  时间价值: 5.4  8.0  10.4  12.9  16.1  20.8  31.1 元/小时（对应月收入 1,868  2,799  3,613  4,500  5,605  7,236  10,840）
01:15:19 INFO    evtol_siting.choice_model  时间价值: 1.1  1.2  1.4  1.6  1.9  2.2  2.5  2.9  3.3  3.8  4.4  5.0  5.8  6.6  7.6  8.7  10.0  11.5  13.3  15.2  17.5  20.1  23.1  26.6 元/小时（对应月收入 377  433  498  573  658  756  869  999  1,148  1,319  1,516  1,743  2,003  2,302  2,645  3,040  3,494  4,015  4,615  5,304  6,095  7,005  8,051  9,253）
01:15:19 INFO    evtol_siting.choice_model  时间价值: 1.6  1.9  2.1  2.5  2.8  3.3  3.7  4.3  4.9  5.7  6.5  7.5  8.6  9.9  11.4  13.1  15.0  17.3  19.9  22.8  26.2  30.2  34.7  39.8 元/小时（对应月收入 565  649  746  858  986  1,133  1,302  1,496  1,720  1,976  2,271  2,610  3,000  3,448  3,963  4,554  5,234  6,015  6,913  7,945  9,131  10,494  12,061  13,861）
01:15:19 INFO    evtol_siting.choice_model  时间价值: 2.1  2.4  2.8  3.2  3.7  4.2  4.8  5.6  6.4  7.3  8.4  9.7  11.1  12.8  14.7  16.9  19.4  22.3  25.6  29.5  33.9  38.9  44.7  51.4 元/小时（对应月收入 729  838  963  1,107  1,272  1,462  1,681  1,932  2,220  2,551  2,932  3,370  3,873  4,451  5,115  5,879  6,756  7,765  8,924  10,256  11,787  13,547  15,569  17,893）
01:15:19 INFO    evtol_siting.choice_model  时间价值: 2.6  3.0  3.4  4.0  4.6  5.2  6.0  6.9  7.9  9.1  10.5  12.1  13.9  15.9  18.3  21.0  24.2  27.8  31.9  36.7  42.2  48.5  55.7  64.0 元/小时（对应月收入 909  1,044  1,200  1,379  1,585  1,822  2,094  2,406  2,765  3,178  3,652  4,198  4,824  5,544  6,372  7,323  8,416  9,673  11,116  12,776  14,683  16,875  19,394  22,289）
01:15:19 INFO    evtol_siting.choice_model  时间价值: 3.3  3.7  4.3  4.9  5.7  6.5  7.5  8.6  9.9  11.4  13.1  15.0  17.3  19.8  22.8  26.2  30.1  34.6  39.8  45.7  52.6  60.4  69.4  79.8 元/小时（对应月收入 1,132  1,301  1,495  1,718  1,974  2,269  2,608  2,997  3,445  3,959  4,550  5,229  6,009  6,906  7,937  9,122  10,484  12,049  13,847  15,914  18,290  21,020  24,158  27,764）
01:15:19 INFO    evtol_siting.choice_model  时间价值: 4.2  4.8  5.5  6.4  7.3  8.4  9.7  11.1  12.8  14.7  16.9  19.4  22.3  25.6  29.4  33.8  38.9  44.7  51.4  59.0  67.8  78.0  89.6  103.0 元/小时（对应月收入 1,461  1,679  1,930  2,218  2,549  2,929  3,366  3,869  4,446  5,110  5,873  6,750  7,757  8,915  10,246  11,775  13,533  15,553  17,875  20,543  23,610  27,134  31,185  35,840）
01:15:19 INFO    evtol_siting.choice_model  时间价值: 6.3  7.2  8.3  9.5  11.0  12.6  14.5  16.7  19.1  22.0  25.3  29.1  33.4  38.4  44.1  50.7  58.3  67.0  76.9  88.4  101.6  116.8  134.2  154.3 元/小时（对应月收入 2,189  2,515  2,891  3,322  3,818  4,388  5,043  5,796  6,661  7,655  8,798  10,111  11,621  13,355  15,349  17,640  20,273  23,300  26,778  30,775  35,369  40,648  46,716  53,690）
01:15:19 INFO    evtol_siting.choice_model  选择模型 [区域内积分（σ_within=0.4）]: 出行 15 km，地面 55 分钟 / 57 元，eVTOL 24 分钟 / 130 元，节省 31 分钟；采用概率 0.0564–0.0988（类间比 1.75）
01:15:19 INFO    evtol_siting.choice_model  各类人群采用概率:
 cluster  monthly_income_cny  vot_cny_per_h  p_evtol  demand_rate
       3              1868.0           5.37  0.05642     0.005642
       0              2799.0           8.04  0.05974     0.005974
       5              3613.0          10.38  0.06283     0.006283
       2              4500.0          12.93  0.06638     0.006638
       4              5605.0          16.11  0.07112     0.007112
       6              7236.0          20.79  0.07876     0.007876
       1             10840.0          31.15  0.09879     0.009879
01:15:19 INFO    evtol_siting.stage2_demand K-means 聚类完成: K=7，总需求 48720 次/日，总人口 7712263 人
01:15:19 INFO    evtol_siting.stage2_demand 类画像:
 cluster  n_cells   population  income_mean  poi_density_mean  trip_rate  monthly_income_cny  vot_cny_per_h  p_evtol  demand_trips_per_day k_selection
       3     1391 2.642034e+06     0.000000          0.000000   0.005642              1868.0           5.37  0.05642          14906.353102  silhouette
       0      327 9.403271e+05     1.533906          5.321101   0.005974              2799.0           8.04  0.05974           5617.513868  silhouette
       5      321 1.318767e+06     2.598605         13.059190   0.006283              3613.0          10.38  0.06283           8285.811407  silhouette
       2      260 1.389814e+06     3.361789         29.492308   0.006638              4500.0          12.93  0.06638           9225.585950  silhouette
       4      145 9.081153e+05     4.000721         55.172414   0.007112              5605.0          16.11  0.07112           6458.515785  silhouette
       6       62 4.214043e+05     4.560623         96.000000   0.007876              7236.0          20.79  0.07876           3318.980346  silhouette
       1       13 9.180217e+04     5.021334        170.461538   0.009879             10840.0          31.15  0.09879            906.913644  silhouette
01:15:19 INFO    export_3d                  运行阶段三：0-1 整数规划
01:15:19 INFO    evtol_siting.pipeline      ============================================================
01:15:19 INFO    evtol_siting.pipeline      阶段三：0-1 整数规划选址
01:15:19 INFO    evtol_siting.pipeline      ============================================================
01:15:19 INFO    evtol_siting.stage3_ip     [cost_priority] 需求单元 2519 个（核心 1008 个，阈值 分位数 0.60（>=20.0 次/日）），候选 1332 个，接驳时间预算 15.0 分钟，设施上限 20
01:15:19 INFO    evtol_siting.stage3_ip     [cost_priority] 最优解: 11 个起降场，总成本 3.48 亿元，需求覆盖率 97.1%，人口覆盖率 96.8%（耗时 0.39s）
01:15:20 INFO    evtol_siting.stage3_ip     [coverage_priority] 需求单元 2519 个（核心 1008 个，阈值 分位数 0.60（>=20.0 次/日）），候选 1332 个，接驳时间预算 15.0 分钟，设施上限 35
01:15:20 INFO    evtol_siting.stage3_ip     [coverage_priority] 最优解: 10 个起降场，总成本 5.14 亿元，需求覆盖率 96.5%，人口覆盖率 96.2%（耗时 0.40s）
01:15:20 INFO    evtol_siting.stage3_ip     阶段三完成: 2 个情景求解成功（cost_priority=Optimal, coverage_priority=Optimal）
01:15:20 INFO    export_3d                  运行阶段四：NSGA-II 多目标优化
01:15:20 INFO    evtol_siting.pipeline      ============================================================
01:15:20 INFO    evtol_siting.pipeline      阶段四：NSGA-II 多目标优化
01:15:20 INFO    evtol_siting.pipeline      ============================================================
01:15:20 INFO    evtol_siting.stage4_nsga2  问题实例: 2519 个需求单元（核心 1008），1332 个候选；接驳预算 15.0 分钟；单点最大可覆盖 307 个核心单元（占核心 30.5%）
01:15:20 INFO    evtol_siting.pipeline      已注入 2 个 IP 最优解作为初始种群种子
01:15:20 INFO    evtol_siting.nsga2_core    初始种群: 100 个个体 × 1332 维，期望站点数 20（稀疏初始化）
01:15:20 INFO    evtol_siting.nsga2_core      第   0 代: 前沿  66 个解, HV=1.046e+08, 最优目标1=198.8, 累计评估 157
01:15:21 INFO    evtol_siting.nsga2_core      第  10 代: 前沿 100 个解, HV=1.047e+08, 最优目标1=198.8, 累计评估 496
01:15:23 INFO    evtol_siting.nsga2_core      第  20 代: 前沿 100 个解, HV=1.047e+08, 最优目标1=198.8, 累计评估 845
01:15:24 INFO    evtol_siting.nsga2_core      第  30 代: 前沿 100 个解, HV=1.047e+08, 最优目标1=198.8, 累计评估 1210
01:15:25 INFO    evtol_siting.nsga2_core      第  40 代: 前沿 100 个解, HV=9.961e+07, 最优目标1=143.6, 累计评估 1616
01:15:26 INFO    evtol_siting.nsga2_core      第  50 代: 前沿 100 个解, HV=1.084e+08, 最优目标1=143.6, 累计评估 2028
01:15:27 INFO    evtol_siting.nsga2_core      第  60 代: 前沿 100 个解, HV=1.086e+08, 最优目标1=143.6, 累计评估 2487
01:15:28 INFO    evtol_siting.nsga2_core      第  70 代: 前沿 100 个解, HV=1.101e+08, 最优目标1=143.6, 累计评估 2998
01:15:30 INFO    evtol_siting.nsga2_core      第  80 代: 前沿 100 个解, HV=1.104e+08, 最优目标1=143.6, 累计评估 3530
01:15:31 INFO    evtol_siting.nsga2_core      第  90 代: 前沿 100 个解, HV=1.117e+08, 最优目标1=143.6, 累计评估 4089
01:15:32 INFO    evtol_siting.nsga2_core      第  99 代: 前沿 100 个解, HV=1.124e+08, 最优目标1=143.6, 累计评估 4625
01:15:32 INFO    export_3d                  计算方案指标与单目标基线对比
01:15:32 INFO    evtol_siting.pipeline      ============================================================
01:15:32 INFO    evtol_siting.pipeline      评价：方案指标与基线对比
01:15:32 INFO    evtol_siting.pipeline      ============================================================
01:15:32 INFO    evtol_siting.baselines     [set_covering] -> 10 个设施，耗时 0.4s
01:15:34 INFO    evtol_siting.baselines     [p_median_p10] p=10: 2519 个需求单元 × 25 近邻 = 62975 个分配变量
01:15:38 WARNING evtol_siting.baselines     [p_median_p10] 求解状态 Infeasible
01:15:38 INFO    evtol_siting.baselines     [p_median_p10] p=10 -> 0 个设施，目标 inf，耗时 5.5s
01:15:41 INFO    evtol_siting.baselines     [p_center_p10] p=10 -> 10 个设施，最大接驳时间 14.88 分钟，耗时 3.3s
01:20:43 INFO    evtol_siting.baselines     [max_coverage_p10] p=10 -> 10 个设施，覆盖需求 48015，耗时 301.5s
01:20:44 INFO    evtol_siting.baselines     [p_median_p11] p=11: 2519 个需求单元 × 25 近邻 = 62975 个分配变量
01:20:47 WARNING evtol_siting.baselines     [p_median_p11] 求解状态 Infeasible
01:20:47 INFO    evtol_siting.baselines     [p_median_p11] p=11 -> 0 个设施，目标 inf，耗时 4.4s
01:20:51 INFO    evtol_siting.baselines     [p_center_p11] p=11 -> 11 个设施，最大接驳时间 14.17 分钟，耗时 3.2s
01:22:31 INFO    root                       token 已写入 cesium_token.js（<已省略>…，181 字符）
01:22:31 INFO    export_3d                  运行阶段一：候选起降场筛选
01:22:31 INFO    evtol_siting.pipeline      ============================================================
01:22:31 INFO    evtol_siting.pipeline      阶段一：基于 GIS 的候选起降场筛选
01:22:31 INFO    evtol_siting.pipeline      ============================================================
01:22:31 INFO    evtol_siting.pipeline      解析 PBF 提取包: sichuan-latest.osm.pbf
01:22:40 INFO    evtol_siting.data.pbf        已扫描 200000 个候选要素…
01:22:49 INFO    evtol_siting.data.pbf        已扫描 400000 个候选要素…
01:22:57 INFO    evtol_siting.data.pbf        已扫描 600000 个候选要素…
01:23:06 INFO    evtol_siting.data.pbf        已扫描 800000 个候选要素…
01:23:13 INFO    evtol_siting.data.pbf        buildings          69675 个要素
01:23:13 INFO    evtol_siting.data.pbf        poi                 8159 个要素
01:23:13 INFO    evtol_siting.data.pbf        roads              42272 个要素
01:23:13 INFO    evtol_siting.data.pbf        landuse             8430 个要素
01:23:14 INFO    evtol_siting.data.pbf        water               2252 个要素
01:23:14 INFO    evtol_siting.data.pbf        airports            1364 个要素
01:23:14 INFO    evtol_siting.data.pbf      PBF 解析完成（扫描 921830 个候选要素，输出 6 个图层）
01:23:14 INFO    evtol_siting.data.rasters  建筑高度栅格已存在: evtol_siting\data\raw\height\chengdu_building_height_10m.tif
01:23:16 INFO    evtol_siting.data.heights  高度栅格提供了 49162 栋建筑的高度（覆盖 70.6%）
01:23:16 INFO    evtol_siting.data.heights  分位数回归填补了 14650 栋建筑的高度（中位数 18.6 m）
01:23:16 INFO    evtol_siting.data.heights  高度融合结果（共 69675 栋）:
    raster_height     70.6%
    imputed           21.0%
    osm_levels         7.3%
    osm_height         1.1%
01:23:16 INFO    evtol_siting.data.heights      有标签覆盖率: 8.4% -> 融合后覆盖率: 100.0%
01:23:16 INFO    evtol_siting.data.rasters  人口栅格已存在: evtol_siting\data\raw\population\chengdu_population_100m.tif
01:23:16 INFO    evtol_siting.data.rasters  收入策略 = poi_index：经济活动指数将在阶段二由 OSM POI 构成计算（见 stage2_demand.build_poi_economic_index）
01:23:16 INFO    evtol_siting.data.rasters  DEM 已存在: evtol_siting\data\raw\dem\chengdu_dem_30m.tif
01:23:19 INFO    evtol_siting.data.rasters  坡度栅格已生成: evtol_siting\data\interim\slope.tif
01:23:19 INFO    evtol_siting.geo           栅格化完成: 单元边长 500 m, 单元数 2519, 覆盖 629.8 km²
01:23:19 INFO    evtol_siting.stage1_candidates 屋顶型筛选: 1430 / 69675 栋建筑满足 h>=20m 且 A_roof>=1600m² (2.05%)
01:23:19 INFO    evtol_siting.stage1_candidates   排除 用地类型: 30 个单元（1.2%）
01:23:19 INFO    evtol_siting.stage1_candidates   排除 水域: 55 个单元（2.2%）
01:23:19 INFO    evtol_siting.stage1_candidates   建筑覆盖率判据 (max=0.55): 剔除 4 个单元（保留 2430）；覆盖率中位数 0.05
01:23:19 INFO    evtol_siting.stage1_candidates 坡度判据: 2430 / 2430 单元满足 slope<=15° (剔除 0)
01:23:19 INFO    evtol_siting.stage1_candidates 地面型筛选: 2430 个候选（用地排除 -89，坡度排除后）
01:23:19 INFO    evtol_siting.stage1_candidates 地面型候选已按路网可达性重新评分（中位距离 91 m）
01:23:19 INFO    evtol_siting.stage1_candidates 已为 1430 个缺少 cell_id 的候选（屋顶型）补齐所属栅格单元（补齐后 3770/3860 有 cell_id）
01:23:19 INFO    evtol_siting.stage1_candidates   90 个候选落在栅格之外，改用坐标分桶作为 cell_id
01:23:19 INFO    evtol_siting.stage1_candidates   运输机场净空区 (r=4000m): 剔除 1472 个候选（占 38.1%）
01:23:19 INFO    evtol_siting.stage1_candidates   既有直升机场 (r=1000m): 剔除 178 个候选（占 4.6%）
01:23:19 INFO    evtol_siting.stage1_candidates 安全排除后剩余 2344 个候选（原有 3860）
01:23:20 INFO    evtol_siting.stage1_candidates   [ground] 类别内稀释: 1581 -> 1581
01:23:20 INFO    evtol_siting.stage1_candidates   [rooftop] 类别内稀释: 693 -> 258
01:23:20 INFO    evtol_siting.stage1_candidates 密度稀释 (c_min=500m, 每栅格<=3): 2344 -> 1332 个候选 （配额 -70，类别内间距 -435，跨类别冲突 -507）；构成: {'ground': 1076, 'rooftop': 256}
01:23:20 INFO    evtol_siting.stage1_candidates 阶段一完成: 1332 个候选起降场（屋顶型 256，地面型 1076）
01:23:20 INFO    export_3d                  运行阶段二：K-Means 人群分类
01:23:20 INFO    evtol_siting.pipeline      ============================================================
01:23:20 INFO    evtol_siting.pipeline      阶段二：K-means 人群分类与需求空间化
01:23:20 INFO    evtol_siting.pipeline      ============================================================
01:23:20 INFO    evtol_siting.data.dasymetric 人口栅格分辨率 80 m 细于需求格网 500 m —— 分区求和已是正确的格网人口总量，**体积重分配在此不产生作用**，直接使用分区求和。（体积权重的价值在于把人口摊到建筑上做更细的分析，需 force=True）
01:23:20 WARNING evtol_siting.data.dasymetric 退化为按分区求和（假设人口在格网内均匀分布）
01:23:25 INFO    evtol_siting.stage2_demand 人口分配方式对比（论文 Table 用）:
    method  total_population  n_nonzero_cells  mean_per_cell  std_per_cell       cv     max_cell  top1pct_share     gini
dasymetric      7.712263e+06             2517    3061.636823   2504.238782 0.817941 12360.637527       0.032418 0.458119
   uniform      7.712263e+06             2517    3061.636823   2504.238782 0.817941 12360.637527       0.032418 0.458119
01:23:25 INFO    evtol_siting.stage2_demand 人口: 合计 7712263 人，单元中位数 2567 人（来源: zonal_sum）
01:23:25 INFO    evtol_siting.stage2_demand 未提供外部收入数据，将使用 OSM POI 构成的经济活动指数作为代理（见 data/rasters.py::build_poi_economic_index 的说明与局限）
01:23:25 INFO    evtol_siting.stage2_demand POI: 研究区内 7442 个，单元密度中位数 0 个/km²
01:23:25 INFO    evtol_siting.data.rasters  POI 经济活动指数: 范围 [0.000, 5.759]，中位数 0.000（加权 POI 总数 7949）
01:23:30 INFO    evtol_siting.stage2_demand K 选择 (silhouette): K=7，得分 0.7798，各 K 得分 {3: 0.7395, 4: 0.7588, 5: 0.7733, 6: 0.7722, 7: 0.7798, 8: 0.7784}
01:23:30 INFO    evtol_siting.choice_model  收入阶梯（K=7）: 1,868  2,799  3,613  4,500  5,605  7,236  10,840
01:23:30 INFO    evtol_siting.choice_model  时间价值: 5.4  8.0  10.4  12.9  16.1  20.8  31.1 元/小时（对应月收入 1,868  2,799  3,613  4,500  5,605  7,236  10,840）
01:23:30 INFO    evtol_siting.choice_model  时间价值: 1.1  1.2  1.4  1.6  1.9  2.2  2.5  2.9  3.3  3.8  4.4  5.0  5.8  6.6  7.6  8.7  10.0  11.5  13.3  15.2  17.5  20.1  23.1  26.6 元/小时（对应月收入 377  433  498  573  658  756  869  999  1,148  1,319  1,516  1,743  2,003  2,302  2,645  3,040  3,494  4,015  4,615  5,304  6,095  7,005  8,051  9,253）
01:23:30 INFO    evtol_siting.choice_model  时间价值: 1.6  1.9  2.1  2.5  2.8  3.3  3.7  4.3  4.9  5.7  6.5  7.5  8.6  9.9  11.4  13.1  15.0  17.3  19.9  22.8  26.2  30.2  34.7  39.8 元/小时（对应月收入 565  649  746  858  986  1,133  1,302  1,496  1,720  1,976  2,271  2,610  3,000  3,448  3,963  4,554  5,234  6,015  6,913  7,945  9,131  10,494  12,061  13,861）
01:23:30 INFO    evtol_siting.choice_model  时间价值: 2.1  2.4  2.8  3.2  3.7  4.2  4.8  5.6  6.4  7.3  8.4  9.7  11.1  12.8  14.7  16.9  19.4  22.3  25.6  29.5  33.9  38.9  44.7  51.4 元/小时（对应月收入 729  838  963  1,107  1,272  1,462  1,681  1,932  2,220  2,551  2,932  3,370  3,873  4,451  5,115  5,879  6,756  7,765  8,924  10,256  11,787  13,547  15,569  17,893）
01:23:30 INFO    evtol_siting.choice_model  时间价值: 2.6  3.0  3.4  4.0  4.6  5.2  6.0  6.9  7.9  9.1  10.5  12.1  13.9  15.9  18.3  21.0  24.2  27.8  31.9  36.7  42.2  48.5  55.7  64.0 元/小时（对应月收入 909  1,044  1,200  1,379  1,585  1,822  2,094  2,406  2,765  3,178  3,652  4,198  4,824  5,544  6,372  7,323  8,416  9,673  11,116  12,776  14,683  16,875  19,394  22,289）
01:23:30 INFO    evtol_siting.choice_model  时间价值: 3.3  3.7  4.3  4.9  5.7  6.5  7.5  8.6  9.9  11.4  13.1  15.0  17.3  19.8  22.8  26.2  30.1  34.6  39.8  45.7  52.6  60.4  69.4  79.8 元/小时（对应月收入 1,132  1,301  1,495  1,718  1,974  2,269  2,608  2,997  3,445  3,959  4,550  5,229  6,009  6,906  7,937  9,122  10,484  12,049  13,847  15,914  18,290  21,020  24,158  27,764）
01:23:30 INFO    evtol_siting.choice_model  时间价值: 4.2  4.8  5.5  6.4  7.3  8.4  9.7  11.1  12.8  14.7  16.9  19.4  22.3  25.6  29.4  33.8  38.9  44.7  51.4  59.0  67.8  78.0  89.6  103.0 元/小时（对应月收入 1,461  1,679  1,930  2,218  2,549  2,929  3,366  3,869  4,446  5,110  5,873  6,750  7,757  8,915  10,246  11,775  13,533  15,553  17,875  20,543  23,610  27,134  31,185  35,840）
01:23:30 INFO    evtol_siting.choice_model  时间价值: 6.3  7.2  8.3  9.5  11.0  12.6  14.5  16.7  19.1  22.0  25.3  29.1  33.4  38.4  44.1  50.7  58.3  67.0  76.9  88.4  101.6  116.8  134.2  154.3 元/小时（对应月收入 2,189  2,515  2,891  3,322  3,818  4,388  5,043  5,796  6,661  7,655  8,798  10,111  11,621  13,355  15,349  17,640  20,273  23,300  26,778  30,775  35,369  40,648  46,716  53,690）
01:23:30 INFO    evtol_siting.choice_model  选择模型 [区域内积分（σ_within=0.4）]: 出行 15 km，地面 55 分钟 / 57 元，eVTOL 24 分钟 / 130 元，节省 31 分钟；采用概率 0.0564–0.0988（类间比 1.75）
01:23:30 INFO    evtol_siting.choice_model  各类人群采用概率:
 cluster  monthly_income_cny  vot_cny_per_h  p_evtol  demand_rate
       3              1868.0           5.37  0.05642     0.005642
       0              2799.0           8.04  0.05974     0.005974
       5              3613.0          10.38  0.06283     0.006283
       2              4500.0          12.93  0.06638     0.006638
       4              5605.0          16.11  0.07112     0.007112
       6              7236.0          20.79  0.07876     0.007876
       1             10840.0          31.15  0.09879     0.009879
01:23:30 INFO    evtol_siting.stage2_demand K-means 聚类完成: K=7，总需求 48720 次/日，总人口 7712263 人
01:23:30 INFO    evtol_siting.stage2_demand 类画像:
 cluster  n_cells   population  income_mean  poi_density_mean  trip_rate  monthly_income_cny  vot_cny_per_h  p_evtol  demand_trips_per_day k_selection
       3     1391 2.642034e+06     0.000000          0.000000   0.005642              1868.0           5.37  0.05642          14906.353102  silhouette
       0      327 9.403271e+05     1.533906          5.321101   0.005974              2799.0           8.04  0.05974           5617.513868  silhouette
       5      321 1.318767e+06     2.598605         13.059190   0.006283              3613.0          10.38  0.06283           8285.811407  silhouette
       2      260 1.389814e+06     3.361789         29.492308   0.006638              4500.0          12.93  0.06638           9225.585950  silhouette
       4      145 9.081153e+05     4.000721         55.172414   0.007112              5605.0          16.11  0.07112           6458.515785  silhouette
       6       62 4.214043e+05     4.560623         96.000000   0.007876              7236.0          20.79  0.07876           3318.980346  silhouette
       1       13 9.180217e+04     5.021334        170.461538   0.009879             10840.0          31.15  0.09879            906.913644  silhouette
01:23:30 INFO    export_3d                  运行阶段三：0-1 整数规划
01:23:30 INFO    evtol_siting.pipeline      ============================================================
01:23:30 INFO    evtol_siting.pipeline      阶段三：0-1 整数规划选址
01:23:30 INFO    evtol_siting.pipeline      ============================================================
01:23:30 INFO    evtol_siting.stage3_ip     [cost_priority] 需求单元 2519 个（核心 1008 个，阈值 分位数 0.60（>=20.0 次/日）），候选 1332 个，接驳时间预算 15.0 分钟，设施上限 20
01:23:31 INFO    evtol_siting.stage3_ip     [cost_priority] 最优解: 11 个起降场，总成本 3.48 亿元，需求覆盖率 97.1%，人口覆盖率 96.8%（耗时 0.39s）
01:23:31 INFO    evtol_siting.stage3_ip     [coverage_priority] 需求单元 2519 个（核心 1008 个，阈值 分位数 0.60（>=20.0 次/日）），候选 1332 个，接驳时间预算 15.0 分钟，设施上限 35
01:23:31 INFO    evtol_siting.stage3_ip     [coverage_priority] 最优解: 10 个起降场，总成本 5.14 亿元，需求覆盖率 96.5%，人口覆盖率 96.2%（耗时 0.40s）
01:23:31 INFO    evtol_siting.stage3_ip     阶段三完成: 2 个情景求解成功（cost_priority=Optimal, coverage_priority=Optimal）
01:23:31 INFO    export_3d                  运行阶段四：NSGA-II 多目标优化
01:23:31 INFO    evtol_siting.pipeline      ============================================================
01:23:31 INFO    evtol_siting.pipeline      阶段四：NSGA-II 多目标优化
01:23:31 INFO    evtol_siting.pipeline      ============================================================
01:23:31 INFO    evtol_siting.stage4_nsga2  问题实例: 2519 个需求单元（核心 1008），1332 个候选；接驳预算 15.0 分钟；单点最大可覆盖 307 个核心单元（占核心 30.5%）
01:23:31 INFO    evtol_siting.pipeline      已注入 2 个 IP 最优解作为初始种群种子
01:23:31 INFO    evtol_siting.nsga2_core    初始种群: 100 个个体 × 1332 维，期望站点数 20（稀疏初始化）
01:23:31 INFO    evtol_siting.nsga2_core      第   0 代: 前沿  66 个解, HV=1.046e+08, 最优目标1=198.8, 累计评估 157
01:23:33 INFO    evtol_siting.nsga2_core      第  10 代: 前沿 100 个解, HV=1.047e+08, 最优目标1=198.8, 累计评估 496
01:23:34 INFO    evtol_siting.nsga2_core      第  20 代: 前沿 100 个解, HV=1.047e+08, 最优目标1=198.8, 累计评估 845
01:23:35 INFO    evtol_siting.nsga2_core      第  30 代: 前沿 100 个解, HV=1.047e+08, 最优目标1=198.8, 累计评估 1210
01:23:36 INFO    evtol_siting.nsga2_core      第  40 代: 前沿 100 个解, HV=9.961e+07, 最优目标1=143.6, 累计评估 1616
01:23:37 INFO    evtol_siting.nsga2_core      第  50 代: 前沿 100 个解, HV=1.084e+08, 最优目标1=143.6, 累计评估 2028
01:23:38 INFO    evtol_siting.nsga2_core      第  60 代: 前沿 100 个解, HV=1.086e+08, 最优目标1=143.6, 累计评估 2487
01:23:40 INFO    evtol_siting.nsga2_core      第  70 代: 前沿 100 个解, HV=1.101e+08, 最优目标1=143.6, 累计评估 2998
01:23:41 INFO    evtol_siting.nsga2_core      第  80 代: 前沿 100 个解, HV=1.104e+08, 最优目标1=143.6, 累计评估 3530
01:23:42 INFO    evtol_siting.nsga2_core      第  90 代: 前沿 100 个解, HV=1.117e+08, 最优目标1=143.6, 累计评估 4089
01:23:43 INFO    evtol_siting.nsga2_core      第  99 代: 前沿 100 个解, HV=1.124e+08, 最优目标1=143.6, 累计评估 4625
01:23:43 INFO    export_3d                  计算方案指标与单目标基线对比
01:23:43 INFO    evtol_siting.pipeline      ============================================================
01:23:43 INFO    evtol_siting.pipeline      评价：方案指标与基线对比
01:23:43 INFO    evtol_siting.pipeline      ============================================================
01:23:44 INFO    evtol_siting.baselines     [set_covering] -> 10 个设施，耗时 0.4s
01:23:45 INFO    evtol_siting.baselines     [p_median_p10] p=10: 2519 个需求单元 × 25 近邻 = 62975 个分配变量
01:28:51 INFO    evtol_siting.baselines     [p_median_p10] p=10 -> 10 个设施，目标 10227330490.6，耗时 307.0s
01:28:56 INFO    evtol_siting.baselines     [p_center_p10] p=10 -> 10 个设施，最大接驳时间 14.88 分钟，耗时 5.4s
01:30:12 INFO    root                       token 已写入 cesium_token.js（<已省略>…，181 字符）
01:30:12 INFO    export_3d                  运行阶段一：候选起降场筛选
01:30:12 INFO    evtol_siting.pipeline      ============================================================
01:30:12 INFO    evtol_siting.pipeline      阶段一：基于 GIS 的候选起降场筛选
01:30:12 INFO    evtol_siting.pipeline      ============================================================
01:30:12 INFO    evtol_siting.pipeline      解析 PBF 提取包: sichuan-latest.osm.pbf
01:30:30 INFO    evtol_siting.data.pbf        已扫描 200000 个候选要素…
01:30:54 INFO    evtol_siting.data.pbf        已扫描 400000 个候选要素…
01:31:14 INFO    evtol_siting.data.pbf        已扫描 600000 个候选要素…
01:31:32 INFO    evtol_siting.data.pbf        已扫描 800000 个候选要素…
01:31:39 INFO    evtol_siting.data.pbf        buildings          69675 个要素
01:31:39 INFO    evtol_siting.data.pbf        poi                 8159 个要素
01:31:41 INFO    evtol_siting.data.pbf        roads              42272 个要素
01:31:41 INFO    evtol_siting.data.pbf        landuse             8430 个要素
01:31:41 INFO    evtol_siting.data.pbf        water               2252 个要素
01:31:41 INFO    evtol_siting.data.pbf        airports            1364 个要素
01:31:41 INFO    evtol_siting.data.pbf      PBF 解析完成（扫描 921830 个候选要素，输出 6 个图层）
01:31:41 INFO    evtol_siting.data.rasters  建筑高度栅格已存在: evtol_siting\data\raw\height\chengdu_building_height_10m.tif
01:31:46 INFO    evtol_siting.data.heights  高度栅格提供了 49162 栋建筑的高度（覆盖 70.6%）
01:31:46 INFO    evtol_siting.data.heights  分位数回归填补了 14650 栋建筑的高度（中位数 18.6 m）
01:31:46 INFO    evtol_siting.data.heights  高度融合结果（共 69675 栋）:
    raster_height     70.6%
    imputed           21.0%
    osm_levels         7.3%
    osm_height         1.1%
01:31:46 INFO    evtol_siting.data.heights      有标签覆盖率: 8.4% -> 融合后覆盖率: 100.0%
01:31:46 INFO    evtol_siting.data.rasters  人口栅格已存在: evtol_siting\data\raw\population\chengdu_population_100m.tif
01:31:46 INFO    evtol_siting.data.rasters  收入策略 = poi_index：经济活动指数将在阶段二由 OSM POI 构成计算（见 stage2_demand.build_poi_economic_index）
01:31:46 INFO    evtol_siting.data.rasters  DEM 已存在: evtol_siting\data\raw\dem\chengdu_dem_30m.tif
01:31:49 INFO    evtol_siting.data.rasters  坡度栅格已生成: evtol_siting\data\interim\slope.tif
01:31:49 INFO    evtol_siting.geo           栅格化完成: 单元边长 500 m, 单元数 2519, 覆盖 629.8 km²
01:31:49 INFO    evtol_siting.stage1_candidates 屋顶型筛选: 1430 / 69675 栋建筑满足 h>=20m 且 A_roof>=1600m² (2.05%)
01:31:49 INFO    evtol_siting.stage1_candidates   排除 用地类型: 30 个单元（1.2%）
01:31:49 INFO    evtol_siting.stage1_candidates   排除 水域: 55 个单元（2.2%）
01:31:49 INFO    evtol_siting.stage1_candidates   建筑覆盖率判据 (max=0.55): 剔除 4 个单元（保留 2430）；覆盖率中位数 0.05
01:31:49 INFO    evtol_siting.stage1_candidates 坡度判据: 2430 / 2430 单元满足 slope<=15° (剔除 0)
01:31:49 INFO    evtol_siting.stage1_candidates 地面型筛选: 2430 个候选（用地排除 -89，坡度排除后）
01:31:49 INFO    evtol_siting.stage1_candidates 地面型候选已按路网可达性重新评分（中位距离 91 m）
01:31:49 INFO    evtol_siting.stage1_candidates 已为 1430 个缺少 cell_id 的候选（屋顶型）补齐所属栅格单元（补齐后 3770/3860 有 cell_id）
01:31:49 INFO    evtol_siting.stage1_candidates   90 个候选落在栅格之外，改用坐标分桶作为 cell_id
01:31:50 INFO    evtol_siting.stage1_candidates   运输机场净空区 (r=4000m): 剔除 1472 个候选（占 38.1%）
01:31:50 INFO    evtol_siting.stage1_candidates   既有直升机场 (r=1000m): 剔除 178 个候选（占 4.6%）
01:31:50 INFO    evtol_siting.stage1_candidates 安全排除后剩余 2344 个候选（原有 3860）
01:31:50 INFO    evtol_siting.stage1_candidates   [ground] 类别内稀释: 1581 -> 1581
01:31:50 INFO    evtol_siting.stage1_candidates   [rooftop] 类别内稀释: 693 -> 258
01:31:50 INFO    evtol_siting.stage1_candidates 密度稀释 (c_min=500m, 每栅格<=3): 2344 -> 1332 个候选 （配额 -70，类别内间距 -435，跨类别冲突 -507）；构成: {'ground': 1076, 'rooftop': 256}
01:31:50 INFO    evtol_siting.stage1_candidates 阶段一完成: 1332 个候选起降场（屋顶型 256，地面型 1076）
01:31:50 INFO    export_3d                  运行阶段二：K-Means 人群分类
01:31:50 INFO    evtol_siting.pipeline      ============================================================
01:31:50 INFO    evtol_siting.pipeline      阶段二：K-means 人群分类与需求空间化
01:31:50 INFO    evtol_siting.pipeline      ============================================================
01:31:50 INFO    evtol_siting.data.dasymetric 人口栅格分辨率 80 m 细于需求格网 500 m —— 分区求和已是正确的格网人口总量，**体积重分配在此不产生作用**，直接使用分区求和。（体积权重的价值在于把人口摊到建筑上做更细的分析，需 force=True）
01:31:50 WARNING evtol_siting.data.dasymetric 退化为按分区求和（假设人口在格网内均匀分布）
01:31:56 INFO    evtol_siting.stage2_demand 人口分配方式对比（论文 Table 用）:
    method  total_population  n_nonzero_cells  mean_per_cell  std_per_cell       cv     max_cell  top1pct_share     gini
dasymetric      7.712263e+06             2517    3061.636823   2504.238782 0.817941 12360.637527       0.032418 0.458119
   uniform      7.712263e+06             2517    3061.636823   2504.238782 0.817941 12360.637527       0.032418 0.458119
01:31:56 INFO    evtol_siting.stage2_demand 人口: 合计 7712263 人，单元中位数 2567 人（来源: zonal_sum）
01:31:56 INFO    evtol_siting.stage2_demand 未提供外部收入数据，将使用 OSM POI 构成的经济活动指数作为代理（见 data/rasters.py::build_poi_economic_index 的说明与局限）
01:31:56 INFO    evtol_siting.stage2_demand POI: 研究区内 7442 个，单元密度中位数 0 个/km²
01:31:56 INFO    evtol_siting.data.rasters  POI 经济活动指数: 范围 [0.000, 5.759]，中位数 0.000（加权 POI 总数 7949）
01:32:01 INFO    evtol_siting.stage2_demand K 选择 (silhouette): K=7，得分 0.7798，各 K 得分 {3: 0.7395, 4: 0.7588, 5: 0.7733, 6: 0.7722, 7: 0.7798, 8: 0.7784}
01:32:01 INFO    evtol_siting.choice_model  收入阶梯（K=7）: 1,868  2,799  3,613  4,500  5,605  7,236  10,840
01:32:01 INFO    evtol_siting.choice_model  时间价值: 5.4  8.0  10.4  12.9  16.1  20.8  31.1 元/小时（对应月收入 1,868  2,799  3,613  4,500  5,605  7,236  10,840）
01:32:01 INFO    evtol_siting.choice_model  时间价值: 1.1  1.2  1.4  1.6  1.9  2.2  2.5  2.9  3.3  3.8  4.4  5.0  5.8  6.6  7.6  8.7  10.0  11.5  13.3  15.2  17.5  20.1  23.1  26.6 元/小时（对应月收入 377  433  498  573  658  756  869  999  1,148  1,319  1,516  1,743  2,003  2,302  2,645  3,040  3,494  4,015  4,615  5,304  6,095  7,005  8,051  9,253）
01:32:01 INFO    evtol_siting.choice_model  时间价值: 1.6  1.9  2.1  2.5  2.8  3.3  3.7  4.3  4.9  5.7  6.5  7.5  8.6  9.9  11.4  13.1  15.0  17.3  19.9  22.8  26.2  30.2  34.7  39.8 元/小时（对应月收入 565  649  746  858  986  1,133  1,302  1,496  1,720  1,976  2,271  2,610  3,000  3,448  3,963  4,554  5,234  6,015  6,913  7,945  9,131  10,494  12,061  13,861）
01:32:01 INFO    evtol_siting.choice_model  时间价值: 2.1  2.4  2.8  3.2  3.7  4.2  4.8  5.6  6.4  7.3  8.4  9.7  11.1  12.8  14.7  16.9  19.4  22.3  25.6  29.5  33.9  38.9  44.7  51.4 元/小时（对应月收入 729  838  963  1,107  1,272  1,462  1,681  1,932  2,220  2,551  2,932  3,370  3,873  4,451  5,115  5,879  6,756  7,765  8,924  10,256  11,787  13,547  15,569  17,893）
01:32:01 INFO    evtol_siting.choice_model  时间价值: 2.6  3.0  3.4  4.0  4.6  5.2  6.0  6.9  7.9  9.1  10.5  12.1  13.9  15.9  18.3  21.0  24.2  27.8  31.9  36.7  42.2  48.5  55.7  64.0 元/小时（对应月收入 909  1,044  1,200  1,379  1,585  1,822  2,094  2,406  2,765  3,178  3,652  4,198  4,824  5,544  6,372  7,323  8,416  9,673  11,116  12,776  14,683  16,875  19,394  22,289）
01:32:01 INFO    evtol_siting.choice_model  时间价值: 3.3  3.7  4.3  4.9  5.7  6.5  7.5  8.6  9.9  11.4  13.1  15.0  17.3  19.8  22.8  26.2  30.1  34.6  39.8  45.7  52.6  60.4  69.4  79.8 元/小时（对应月收入 1,132  1,301  1,495  1,718  1,974  2,269  2,608  2,997  3,445  3,959  4,550  5,229  6,009  6,906  7,937  9,122  10,484  12,049  13,847  15,914  18,290  21,020  24,158  27,764）
01:32:01 INFO    evtol_siting.choice_model  时间价值: 4.2  4.8  5.5  6.4  7.3  8.4  9.7  11.1  12.8  14.7  16.9  19.4  22.3  25.6  29.4  33.8  38.9  44.7  51.4  59.0  67.8  78.0  89.6  103.0 元/小时（对应月收入 1,461  1,679  1,930  2,218  2,549  2,929  3,366  3,869  4,446  5,110  5,873  6,750  7,757  8,915  10,246  11,775  13,533  15,553  17,875  20,543  23,610  27,134  31,185  35,840）
01:32:01 INFO    evtol_siting.choice_model  时间价值: 6.3  7.2  8.3  9.5  11.0  12.6  14.5  16.7  19.1  22.0  25.3  29.1  33.4  38.4  44.1  50.7  58.3  67.0  76.9  88.4  101.6  116.8  134.2  154.3 元/小时（对应月收入 2,189  2,515  2,891  3,322  3,818  4,388  5,043  5,796  6,661  7,655  8,798  10,111  11,621  13,355  15,349  17,640  20,273  23,300  26,778  30,775  35,369  40,648  46,716  53,690）
01:32:01 INFO    evtol_siting.choice_model  选择模型 [区域内积分（σ_within=0.4）]: 出行 15 km，地面 55 分钟 / 57 元，eVTOL 24 分钟 / 130 元，节省 31 分钟；采用概率 0.0564–0.0988（类间比 1.75）
01:32:01 INFO    evtol_siting.choice_model  各类人群采用概率:
 cluster  monthly_income_cny  vot_cny_per_h  p_evtol  demand_rate
       3              1868.0           5.37  0.05642     0.005642
       0              2799.0           8.04  0.05974     0.005974
       5              3613.0          10.38  0.06283     0.006283
       2              4500.0          12.93  0.06638     0.006638
       4              5605.0          16.11  0.07112     0.007112
       6              7236.0          20.79  0.07876     0.007876
       1             10840.0          31.15  0.09879     0.009879
01:32:01 INFO    evtol_siting.stage2_demand K-means 聚类完成: K=7，总需求 48720 次/日，总人口 7712263 人
01:32:01 INFO    evtol_siting.stage2_demand 类画像:
 cluster  n_cells   population  income_mean  poi_density_mean  trip_rate  monthly_income_cny  vot_cny_per_h  p_evtol  demand_trips_per_day k_selection
       3     1391 2.642034e+06     0.000000          0.000000   0.005642              1868.0           5.37  0.05642          14906.353102  silhouette
       0      327 9.403271e+05     1.533906          5.321101   0.005974              2799.0           8.04  0.05974           5617.513868  silhouette
       5      321 1.318767e+06     2.598605         13.059190   0.006283              3613.0          10.38  0.06283           8285.811407  silhouette
       2      260 1.389814e+06     3.361789         29.492308   0.006638              4500.0          12.93  0.06638           9225.585950  silhouette
       4      145 9.081153e+05     4.000721         55.172414   0.007112              5605.0          16.11  0.07112           6458.515785  silhouette
       6       62 4.214043e+05     4.560623         96.000000   0.007876              7236.0          20.79  0.07876           3318.980346  silhouette
       1       13 9.180217e+04     5.021334        170.461538   0.009879             10840.0          31.15  0.09879            906.913644  silhouette
01:32:01 INFO    export_3d                  运行阶段三：0-1 整数规划
01:32:01 INFO    evtol_siting.pipeline      ============================================================
01:32:01 INFO    evtol_siting.pipeline      阶段三：0-1 整数规划选址
01:32:01 INFO    evtol_siting.pipeline      ============================================================
01:32:01 INFO    evtol_siting.stage3_ip     [cost_priority] 需求单元 2519 个（核心 1008 个，阈值 分位数 0.60（>=20.0 次/日）），候选 1332 个，接驳时间预算 15.0 分钟，设施上限 20
01:32:02 INFO    evtol_siting.stage3_ip     [cost_priority] 最优解: 11 个起降场，总成本 3.48 亿元，需求覆盖率 97.1%，人口覆盖率 96.8%（耗时 0.40s）
01:32:02 INFO    evtol_siting.stage3_ip     [coverage_priority] 需求单元 2519 个（核心 1008 个，阈值 分位数 0.60（>=20.0 次/日）），候选 1332 个，接驳时间预算 15.0 分钟，设施上限 35
01:32:02 INFO    evtol_siting.stage3_ip     [coverage_priority] 最优解: 10 个起降场，总成本 5.14 亿元，需求覆盖率 96.5%，人口覆盖率 96.2%（耗时 0.40s）
01:32:02 INFO    evtol_siting.stage3_ip     阶段三完成: 2 个情景求解成功（cost_priority=Optimal, coverage_priority=Optimal）
01:32:02 INFO    export_3d                  运行阶段四：NSGA-II 多目标优化
01:32:02 INFO    evtol_siting.pipeline      ============================================================
01:32:02 INFO    evtol_siting.pipeline      阶段四：NSGA-II 多目标优化
01:32:02 INFO    evtol_siting.pipeline      ============================================================
01:32:02 INFO    evtol_siting.stage4_nsga2  问题实例: 2519 个需求单元（核心 1008），1332 个候选；接驳预算 15.0 分钟；单点最大可覆盖 307 个核心单元（占核心 30.5%）
01:32:02 INFO    evtol_siting.pipeline      已注入 2 个 IP 最优解作为初始种群种子
01:32:02 INFO    evtol_siting.nsga2_core    初始种群: 100 个个体 × 1332 维，期望站点数 20（稀疏初始化）
01:32:03 INFO    evtol_siting.nsga2_core      第   0 代: 前沿  66 个解, HV=1.046e+08, 最优目标1=198.8, 累计评估 157
01:32:04 INFO    evtol_siting.nsga2_core      第  10 代: 前沿 100 个解, HV=1.047e+08, 最优目标1=198.8, 累计评估 496
01:32:05 INFO    evtol_siting.nsga2_core      第  20 代: 前沿 100 个解, HV=1.047e+08, 最优目标1=198.8, 累计评估 845
01:32:06 INFO    evtol_siting.nsga2_core      第  30 代: 前沿 100 个解, HV=1.047e+08, 最优目标1=198.8, 累计评估 1210
01:32:09 INFO    evtol_siting.nsga2_core      第  40 代: 前沿 100 个解, HV=9.961e+07, 最优目标1=143.6, 累计评估 1616
01:32:12 INFO    evtol_siting.nsga2_core      第  50 代: 前沿 100 个解, HV=1.084e+08, 最优目标1=143.6, 累计评估 2028
01:32:14 INFO    evtol_siting.nsga2_core      第  60 代: 前沿 100 个解, HV=1.086e+08, 最优目标1=143.6, 累计评估 2487
01:32:15 INFO    evtol_siting.nsga2_core      第  70 代: 前沿 100 个解, HV=1.101e+08, 最优目标1=143.6, 累计评估 2998
01:32:16 INFO    evtol_siting.nsga2_core      第  80 代: 前沿 100 个解, HV=1.104e+08, 最优目标1=143.6, 累计评估 3530
01:32:18 INFO    evtol_siting.nsga2_core      第  90 代: 前沿 100 个解, HV=1.117e+08, 最优目标1=143.6, 累计评估 4089
01:32:19 INFO    evtol_siting.nsga2_core      第  99 代: 前沿 100 个解, HV=1.124e+08, 最优目标1=143.6, 累计评估 4625
01:32:19 INFO    export_3d                  计算方案指标与单目标基线对比
01:32:19 INFO    evtol_siting.pipeline      ============================================================
01:32:19 INFO    evtol_siting.pipeline      评价：方案指标与基线对比
01:32:19 INFO    evtol_siting.pipeline      ============================================================
01:32:19 INFO    evtol_siting.baselines     [set_covering] -> 10 个设施，耗时 0.4s
01:32:21 INFO    evtol_siting.baselines     [p_median_p10] p=10: 2519 个需求单元 × 25 近邻 = 61777 个分配变量
01:36:59 INFO    evtol_siting.baselines     [p_median_p10] p=10 -> 10 个设施，目标 250682.4，耗时 279.1s
01:37:04 INFO    evtol_siting.baselines     [p_center_p10] p=10 -> 10 个设施，最大接驳时间 14.88 分钟，耗时 5.4s
01:42:06 INFO    evtol_siting.baselines     [max_coverage_p10] p=10 -> 10 个设施，覆盖需求 48001，耗时 302.0s
01:42:09 INFO    evtol_siting.baselines     [p_median_p11] p=11: 2519 个需求单元 × 25 近邻 = 61777 个分配变量
01:47:16 INFO    evtol_siting.baselines     [p_median_p11] p=11 -> 11 个设施，目标 256697.1，耗时 310.2s
01:47:22 INFO    evtol_siting.baselines     [p_center_p11] p=11 -> 11 个设施，最大接驳时间 14.17 分钟，耗时 5.4s
01:49:01 INFO    root                       token 已写入 cesium_token.js（<已省略>…，181 字符）
01:49:02 INFO    export_3d                  运行阶段一：候选起降场筛选
01:49:02 INFO    evtol_siting.pipeline      ============================================================
01:49:02 INFO    evtol_siting.pipeline      阶段一：基于 GIS 的候选起降场筛选
01:49:02 INFO    evtol_siting.pipeline      ============================================================
01:49:02 INFO    evtol_siting.pipeline      解析 PBF 提取包: sichuan-latest.osm.pbf
01:49:23 INFO    evtol_siting.data.pbf        已扫描 200000 个候选要素…
01:49:49 INFO    evtol_siting.data.pbf        已扫描 400000 个候选要素…
01:50:09 INFO    evtol_siting.data.pbf        已扫描 600000 个候选要素…
01:50:33 INFO    evtol_siting.data.pbf        已扫描 800000 个候选要素…
01:50:49 INFO    evtol_siting.data.pbf        buildings          69675 个要素
01:50:49 INFO    evtol_siting.data.pbf        poi                 8159 个要素
01:50:50 INFO    evtol_siting.data.pbf        roads              42272 个要素
01:50:50 INFO    evtol_siting.data.pbf        landuse             8430 个要素
01:50:50 INFO    evtol_siting.data.pbf        water               2252 个要素
01:50:50 INFO    evtol_siting.data.pbf        airports            1364 个要素
01:50:50 INFO    evtol_siting.data.pbf      PBF 解析完成（扫描 921830 个候选要素，输出 6 个图层）
01:50:50 INFO    evtol_siting.data.rasters  建筑高度栅格已存在: evtol_siting\data\raw\height\chengdu_building_height_10m.tif
01:50:57 INFO    evtol_siting.data.heights  高度栅格提供了 49162 栋建筑的高度（覆盖 70.6%）
01:50:57 INFO    evtol_siting.data.heights  分位数回归填补了 14650 栋建筑的高度（中位数 18.6 m）
01:50:57 INFO    evtol_siting.data.heights  高度融合结果（共 69675 栋）:
    raster_height     70.6%
    imputed           21.0%
    osm_levels         7.3%
    osm_height         1.1%
01:50:57 INFO    evtol_siting.data.heights      有标签覆盖率: 8.4% -> 融合后覆盖率: 100.0%
01:50:57 INFO    evtol_siting.data.rasters  人口栅格已存在: evtol_siting\data\raw\population\chengdu_population_100m.tif
01:50:57 INFO    evtol_siting.data.rasters  收入策略 = poi_index：经济活动指数将在阶段二由 OSM POI 构成计算（见 stage2_demand.build_poi_economic_index）
01:50:57 INFO    evtol_siting.data.rasters  DEM 已存在: evtol_siting\data\raw\dem\chengdu_dem_30m.tif
01:51:02 INFO    evtol_siting.data.rasters  坡度栅格已生成: evtol_siting\data\interim\slope.tif
01:51:03 INFO    evtol_siting.geo           栅格化完成: 单元边长 500 m, 单元数 2519, 覆盖 629.8 km²
01:51:03 INFO    evtol_siting.stage1_candidates 屋顶型筛选: 1430 / 69675 栋建筑满足 h>=20m 且 A_roof>=1600m² (2.05%)
01:51:03 INFO    evtol_siting.stage1_candidates   排除 用地类型: 30 个单元（1.2%）
01:51:03 INFO    evtol_siting.stage1_candidates   排除 水域: 55 个单元（2.2%）
01:51:03 INFO    evtol_siting.stage1_candidates   建筑覆盖率判据 (max=0.55): 剔除 4 个单元（保留 2430）；覆盖率中位数 0.05
01:51:03 INFO    evtol_siting.stage1_candidates 坡度判据: 2430 / 2430 单元满足 slope<=15° (剔除 0)
01:51:03 INFO    evtol_siting.stage1_candidates 地面型筛选: 2430 个候选（用地排除 -89，坡度排除后）
01:51:03 INFO    evtol_siting.stage1_candidates 地面型候选已按路网可达性重新评分（中位距离 91 m）
01:51:03 INFO    evtol_siting.stage1_candidates 已为 1430 个缺少 cell_id 的候选（屋顶型）补齐所属栅格单元（补齐后 3770/3860 有 cell_id）
01:51:03 INFO    evtol_siting.stage1_candidates   90 个候选落在栅格之外，改用坐标分桶作为 cell_id
01:51:04 INFO    evtol_siting.stage1_candidates   运输机场净空区 (r=4000m): 剔除 1472 个候选（占 38.1%）
01:51:04 INFO    evtol_siting.stage1_candidates   既有直升机场 (r=1000m): 剔除 178 个候选（占 4.6%）
01:51:04 INFO    evtol_siting.stage1_candidates 安全排除后剩余 2344 个候选（原有 3860）
01:51:04 INFO    evtol_siting.stage1_candidates   [ground] 类别内稀释: 1581 -> 1581
01:51:04 INFO    evtol_siting.stage1_candidates   [rooftop] 类别内稀释: 693 -> 258
01:51:05 INFO    evtol_siting.stage1_candidates 密度稀释 (c_min=500m, 每栅格<=3): 2344 -> 1332 个候选 （配额 -70，类别内间距 -435，跨类别冲突 -507）；构成: {'ground': 1076, 'rooftop': 256}
01:51:05 INFO    evtol_siting.stage1_candidates 阶段一完成: 1332 个候选起降场（屋顶型 256，地面型 1076）
01:51:05 INFO    export_3d                  运行阶段二：K-Means 人群分类
01:51:05 INFO    evtol_siting.pipeline      ============================================================
01:51:05 INFO    evtol_siting.pipeline      阶段二：K-means 人群分类与需求空间化
01:51:05 INFO    evtol_siting.pipeline      ============================================================
01:51:05 INFO    evtol_siting.data.dasymetric 人口栅格分辨率 80 m 细于需求格网 500 m —— 分区求和已是正确的格网人口总量，**体积重分配在此不产生作用**，直接使用分区求和。（体积权重的价值在于把人口摊到建筑上做更细的分析，需 force=True）
01:51:05 WARNING evtol_siting.data.dasymetric 退化为按分区求和（假设人口在格网内均匀分布）
01:51:17 INFO    evtol_siting.stage2_demand 人口分配方式对比（论文 Table 用）:
    method  total_population  n_nonzero_cells  mean_per_cell  std_per_cell       cv     max_cell  top1pct_share     gini
dasymetric      7.712263e+06             2517    3061.636823   2504.238782 0.817941 12360.637527       0.032418 0.458119
   uniform      7.712263e+06             2517    3061.636823   2504.238782 0.817941 12360.637527       0.032418 0.458119
01:51:17 INFO    evtol_siting.stage2_demand 人口: 合计 7712263 人，单元中位数 2567 人（来源: zonal_sum）
01:51:17 INFO    evtol_siting.stage2_demand 未提供外部收入数据，将使用 OSM POI 构成的经济活动指数作为代理（见 data/rasters.py::build_poi_economic_index 的说明与局限）
01:51:17 INFO    evtol_siting.stage2_demand POI: 研究区内 7442 个，单元密度中位数 0 个/km²
01:51:17 INFO    evtol_siting.data.rasters  POI 经济活动指数: 范围 [0.000, 5.759]，中位数 0.000（加权 POI 总数 7949）
01:51:21 INFO    evtol_siting.stage2_demand K 选择 (silhouette): K=7，得分 0.7798，各 K 得分 {3: 0.7395, 4: 0.7588, 5: 0.7733, 6: 0.7722, 7: 0.7798, 8: 0.7784}
01:51:22 INFO    evtol_siting.choice_model  收入阶梯（K=7）: 1,868  2,799  3,613  4,500  5,605  7,236  10,840
01:51:22 INFO    evtol_siting.choice_model  时间价值: 5.4  8.0  10.4  12.9  16.1  20.8  31.1 元/小时（对应月收入 1,868  2,799  3,613  4,500  5,605  7,236  10,840）
01:51:22 INFO    evtol_siting.choice_model  时间价值: 1.1  1.2  1.4  1.6  1.9  2.2  2.5  2.9  3.3  3.8  4.4  5.0  5.8  6.6  7.6  8.7  10.0  11.5  13.3  15.2  17.5  20.1  23.1  26.6 元/小时（对应月收入 377  433  498  573  658  756  869  999  1,148  1,319  1,516  1,743  2,003  2,302  2,645  3,040  3,494  4,015  4,615  5,304  6,095  7,005  8,051  9,253）
01:51:22 INFO    evtol_siting.choice_model  时间价值: 1.6  1.9  2.1  2.5  2.8  3.3  3.7  4.3  4.9  5.7  6.5  7.5  8.6  9.9  11.4  13.1  15.0  17.3  19.9  22.8  26.2  30.2  34.7  39.8 元/小时（对应月收入 565  649  746  858  986  1,133  1,302  1,496  1,720  1,976  2,271  2,610  3,000  3,448  3,963  4,554  5,234  6,015  6,913  7,945  9,131  10,494  12,061  13,861）
01:51:22 INFO    evtol_siting.choice_model  时间价值: 2.1  2.4  2.8  3.2  3.7  4.2  4.8  5.6  6.4  7.3  8.4  9.7  11.1  12.8  14.7  16.9  19.4  22.3  25.6  29.5  33.9  38.9  44.7  51.4 元/小时（对应月收入 729  838  963  1,107  1,272  1,462  1,681  1,932  2,220  2,551  2,932  3,370  3,873  4,451  5,115  5,879  6,756  7,765  8,924  10,256  11,787  13,547  15,569  17,893）
01:51:22 INFO    evtol_siting.choice_model  时间价值: 2.6  3.0  3.4  4.0  4.6  5.2  6.0  6.9  7.9  9.1  10.5  12.1  13.9  15.9  18.3  21.0  24.2  27.8  31.9  36.7  42.2  48.5  55.7  64.0 元/小时（对应月收入 909  1,044  1,200  1,379  1,585  1,822  2,094  2,406  2,765  3,178  3,652  4,198  4,824  5,544  6,372  7,323  8,416  9,673  11,116  12,776  14,683  16,875  19,394  22,289）
01:51:22 INFO    evtol_siting.choice_model  时间价值: 3.3  3.7  4.3  4.9  5.7  6.5  7.5  8.6  9.9  11.4  13.1  15.0  17.3  19.8  22.8  26.2  30.1  34.6  39.8  45.7  52.6  60.4  69.4  79.8 元/小时（对应月收入 1,132  1,301  1,495  1,718  1,974  2,269  2,608  2,997  3,445  3,959  4,550  5,229  6,009  6,906  7,937  9,122  10,484  12,049  13,847  15,914  18,290  21,020  24,158  27,764）
01:51:22 INFO    evtol_siting.choice_model  时间价值: 4.2  4.8  5.5  6.4  7.3  8.4  9.7  11.1  12.8  14.7  16.9  19.4  22.3  25.6  29.4  33.8  38.9  44.7  51.4  59.0  67.8  78.0  89.6  103.0 元/小时（对应月收入 1,461  1,679  1,930  2,218  2,549  2,929  3,366  3,869  4,446  5,110  5,873  6,750  7,757  8,915  10,246  11,775  13,533  15,553  17,875  20,543  23,610  27,134  31,185  35,840）
01:51:22 INFO    evtol_siting.choice_model  时间价值: 6.3  7.2  8.3  9.5  11.0  12.6  14.5  16.7  19.1  22.0  25.3  29.1  33.4  38.4  44.1  50.7  58.3  67.0  76.9  88.4  101.6  116.8  134.2  154.3 元/小时（对应月收入 2,189  2,515  2,891  3,322  3,818  4,388  5,043  5,796  6,661  7,655  8,798  10,111  11,621  13,355  15,349  17,640  20,273  23,300  26,778  30,775  35,369  40,648  46,716  53,690）
01:51:22 INFO    evtol_siting.choice_model  选择模型 [区域内积分（σ_within=0.4）]: 出行 15 km，地面 55 分钟 / 57 元，eVTOL 24 分钟 / 130 元，节省 31 分钟；采用概率 0.0564–0.0988（类间比 1.75）
01:51:22 INFO    evtol_siting.choice_model  各类人群采用概率:
 cluster  monthly_income_cny  vot_cny_per_h  p_evtol  demand_rate
       3              1868.0           5.37  0.05642     0.005642
       0              2799.0           8.04  0.05974     0.005974
       5              3613.0          10.38  0.06283     0.006283
       2              4500.0          12.93  0.06638     0.006638
       4              5605.0          16.11  0.07112     0.007112
       6              7236.0          20.79  0.07876     0.007876
       1             10840.0          31.15  0.09879     0.009879
01:51:22 INFO    evtol_siting.stage2_demand K-means 聚类完成: K=7，总需求 48720 次/日，总人口 7712263 人
01:51:22 INFO    evtol_siting.stage2_demand 类画像:
 cluster  n_cells   population  income_mean  poi_density_mean  trip_rate  monthly_income_cny  vot_cny_per_h  p_evtol  demand_trips_per_day k_selection
       3     1391 2.642034e+06     0.000000          0.000000   0.005642              1868.0           5.37  0.05642          14906.353102  silhouette
       0      327 9.403271e+05     1.533906          5.321101   0.005974              2799.0           8.04  0.05974           5617.513868  silhouette
       5      321 1.318767e+06     2.598605         13.059190   0.006283              3613.0          10.38  0.06283           8285.811407  silhouette
       2      260 1.389814e+06     3.361789         29.492308   0.006638              4500.0          12.93  0.06638           9225.585950  silhouette
       4      145 9.081153e+05     4.000721         55.172414   0.007112              5605.0          16.11  0.07112           6458.515785  silhouette
       6       62 4.214043e+05     4.560623         96.000000   0.007876              7236.0          20.79  0.07876           3318.980346  silhouette
       1       13 9.180217e+04     5.021334        170.461538   0.009879             10840.0          31.15  0.09879            906.913644  silhouette
01:51:22 INFO    export_3d                  运行阶段三：0-1 整数规划
01:51:22 INFO    evtol_siting.pipeline      ============================================================
01:51:22 INFO    evtol_siting.pipeline      阶段三：0-1 整数规划选址
01:51:22 INFO    evtol_siting.pipeline      ============================================================
01:51:22 INFO    evtol_siting.stage3_ip     [cost_priority] 需求单元 2519 个（核心 1008 个，阈值 分位数 0.60（>=20.0 次/日）），候选 1332 个，接驳时间预算 15.0 分钟，设施上限 20
01:51:23 INFO    evtol_siting.stage3_ip     [cost_priority] 最优解: 11 个起降场，总成本 3.48 亿元，需求覆盖率 97.1%，人口覆盖率 96.8%（耗时 0.43s）
01:51:23 INFO    evtol_siting.stage3_ip     [coverage_priority] 需求单元 2519 个（核心 1008 个，阈值 分位数 0.60（>=20.0 次/日）），候选 1332 个，接驳时间预算 15.0 分钟，设施上限 35
01:51:23 INFO    evtol_siting.stage3_ip     [coverage_priority] 最优解: 10 个起降场，总成本 5.14 亿元，需求覆盖率 96.5%，人口覆盖率 96.2%（耗时 0.41s）
01:51:23 INFO    evtol_siting.stage3_ip     阶段三完成: 2 个情景求解成功（cost_priority=Optimal, coverage_priority=Optimal）
01:51:23 INFO    export_3d                  运行阶段四：NSGA-II 多目标优化
01:51:23 INFO    evtol_siting.pipeline      ============================================================
01:51:23 INFO    evtol_siting.pipeline      阶段四：NSGA-II 多目标优化
01:51:23 INFO    evtol_siting.pipeline      ============================================================
01:51:23 INFO    evtol_siting.stage4_nsga2  问题实例: 2519 个需求单元（核心 1008），1332 个候选；接驳预算 15.0 分钟；单点最大可覆盖 307 个核心单元（占核心 30.5%）
01:51:23 INFO    evtol_siting.pipeline      已注入 2 个 IP 最优解作为初始种群种子
01:51:23 INFO    evtol_siting.nsga2_core    初始种群: 100 个个体 × 1332 维，期望站点数 20（稀疏初始化）
01:51:23 INFO    evtol_siting.nsga2_core      第   0 代: 前沿  66 个解, HV=1.046e+08, 最优目标1=198.8, 累计评估 157
01:51:25 INFO    evtol_siting.nsga2_core      第  10 代: 前沿 100 个解, HV=1.047e+08, 最优目标1=198.8, 累计评估 496
01:51:26 INFO    evtol_siting.nsga2_core      第  20 代: 前沿 100 个解, HV=1.047e+08, 最优目标1=198.8, 累计评估 845
01:51:27 INFO    evtol_siting.nsga2_core      第  30 代: 前沿 100 个解, HV=1.047e+08, 最优目标1=198.8, 累计评估 1210
01:51:28 INFO    evtol_siting.nsga2_core      第  40 代: 前沿 100 个解, HV=9.961e+07, 最优目标1=143.6, 累计评估 1616
01:51:29 INFO    evtol_siting.nsga2_core      第  50 代: 前沿 100 个解, HV=1.084e+08, 最优目标1=143.6, 累计评估 2028
01:51:30 INFO    evtol_siting.nsga2_core      第  60 代: 前沿 100 个解, HV=1.086e+08, 最优目标1=143.6, 累计评估 2487
01:51:32 INFO    evtol_siting.nsga2_core      第  70 代: 前沿 100 个解, HV=1.101e+08, 最优目标1=143.6, 累计评估 2998
01:51:33 INFO    evtol_siting.nsga2_core      第  80 代: 前沿 100 个解, HV=1.104e+08, 最优目标1=143.6, 累计评估 3530
01:51:34 INFO    evtol_siting.nsga2_core      第  90 代: 前沿 100 个解, HV=1.117e+08, 最优目标1=143.6, 累计评估 4089
01:51:35 INFO    evtol_siting.nsga2_core      第  99 代: 前沿 100 个解, HV=1.124e+08, 最优目标1=143.6, 累计评估 4625
01:51:35 INFO    export_3d                  计算方案指标与单目标基线对比
01:51:35 INFO    evtol_siting.pipeline      ============================================================
01:51:35 INFO    evtol_siting.pipeline      评价：方案指标与基线对比
01:51:35 INFO    evtol_siting.pipeline      ============================================================
01:51:36 INFO    evtol_siting.baselines     [set_covering] -> 10 个设施，耗时 0.4s
01:51:37 INFO    evtol_siting.baselines     [p_median_p10] p=10: 2519 个需求单元 × 25 近邻 = 61777 个分配变量
01:55:38 INFO    evtol_siting.baselines     [p_median_p10] p=10 -> 10 个设施，目标 250682.4，耗时 242.2s
01:55:43 INFO    evtol_siting.baselines     [p_center_p10] p=10 -> 10 个设施，最大接驳时间 14.88 分钟，耗时 5.3s
02:00:45 INFO    evtol_siting.baselines     [max_coverage_p10] p=10 -> 10 个设施，覆盖需求 48001，耗时 301.8s
02:00:48 INFO    evtol_siting.baselines     [p_median_p11] p=11: 2519 个需求单元 × 25 近邻 = 61777 个分配变量
02:05:54 INFO    evtol_siting.baselines     [p_median_p11] p=11 -> 11 个设施，目标 256697.1，耗时 309.0s
02:05:57 INFO    evtol_siting.baselines     [p_center_p11] p=11 -> 11 个设施，最大接驳时间 14.17 分钟，耗时 3.4s
02:10:48 INFO    evtol_siting.baselines     [max_coverage_p11] p=11 -> 11 个设施，覆盖需求 48318，耗时 290.8s
02:10:49 INFO    evtol_siting.baselines     [p_median_p20] p=20: 2519 个需求单元 × 25 近邻 = 61777 个分配变量
02:15:55 INFO    evtol_siting.baselines     [p_median_p20] p=20 -> 20 个设施，目标 292058.9，耗时 306.6s
02:15:56 INFO    evtol_siting.baselines     [p_center_p20] p=20 -> 12 个设施，最大接驳时间 13.61 分钟，耗时 1.5s
02:15:59 INFO    evtol_siting.baselines     [max_coverage_p20] p=20 -> 20 个设施，覆盖需求 48720，耗时 2.4s
02:16:00 INFO    evtol_siting.baselines     [p_median_p30] p=30: 2519 个需求单元 × 25 近邻 = 61777 个分配变量
02:22:30 INFO    evtol_siting.baselines     [p_median_p30] p=30 -> 30 个设施，目标 315738.8，耗时 391.2s
02:22:32 INFO    evtol_siting.baselines     [p_center_p30] p=30 -> 12 个设施，最大接驳时间 13.61 分钟，耗时 2.3s
02:22:35 INFO    evtol_siting.baselines     [max_coverage_p30] p=30 -> 24 个设施，覆盖需求 48720，耗时 2.4s
02:22:35 INFO    evtol_siting.baselines     基线求解完成: 13/13 成功
02:22:35 INFO    evtol_siting.pipeline      方案对比表:
                         label  n_sites  n_rooftop  n_ground  total_cost_cny  mean_cost_per_site_cny  ...  group_3_access_time_min  group_4_access_time_min  group_5_access_time_min  group_6_access_time_min  income_quintile_gap_min  income_quintile_gini
     Baseline:max_coverage_p30       24          8        16    1.274610e+09            5.310875e+07  ...                 8.713743                 9.823007                 9.008051                 9.561255                 0.697215              0.017101
     Baseline:max_coverage_p20       20          6        14    1.040282e+09            5.201410e+07  ...                 9.155836                 9.846995                 9.048962                 9.562204                 0.537329              0.012944
  NSGA-II:best_unserved_demand       16          6        10    7.391247e+08            4.619530e+07  ...                 9.560915                 9.551884                 9.426014                 9.110418                 0.108725              0.002544
         Baseline:p_median_p30       30          9        21    1.512231e+09            5.040772e+07  ...                 7.666167                 7.737007                 7.998559                 7.660876                 0.255137              0.007205
                NSGA-II:TOPSIS       15          8         7    6.471321e+08            4.314214e+07  ...                 9.834216                 8.948478                 9.424688                 9.504526                 0.675892              0.015908
     Baseline:max_coverage_p11       11          5         6    4.880409e+08            4.436735e+07  ...                 9.846783                10.764499                10.187893                10.457667                 0.531770              0.011601
         Baseline:p_median_p20       20          6        14    1.102951e+09            5.514753e+07  ...                 8.977544                 8.014194                 8.704095                 7.823759                 0.861892              0.022129
         NSGA-II:best_inequity       18          9         9    8.209729e+08            4.560961e+07  ...                 9.546579                 8.848519                 8.719082                 8.650991                 0.862372              0.021248
     Baseline:max_coverage_p10       10          2         8    5.188720e+08            5.188720e+07  ...                10.146946                10.498385                10.294430                 9.787994                 0.297581              0.006421
NSGA-II:best_total_access_time       17          9         8    7.639729e+08            4.493958e+07  ...                 9.820198                 8.848519                 8.573467                 8.650991                 1.195257              0.029399
         Baseline:p_center_p30       12          4         8    6.488965e+08            5.407470e+07  ...                 9.946119                 8.724668                 9.174680                 8.291706                 1.112298              0.026475
         Baseline:p_center_p20       12          5         7    6.176481e+08            5.147067e+07  ...                 9.936752                 8.736448                 9.213279                 8.225993                 1.102539              0.026230
         Baseline:p_center_p11       11          4         7    5.086482e+08            4.624075e+07  ...                 9.926097                 9.791968                 9.756006                 9.264362                 0.266500              0.006079
              IP:cost_priority       11          9         2    3.480112e+08            3.163738e+07  ...                10.184429                 9.194893                 9.413595                 9.435566                 0.748195              0.017182
       NSGA-II:best_total_cost       11          9         2    3.480112e+08            3.163738e+07  ...                10.184429                 9.194893                 9.413595                 9.435566                 0.748195              0.017182
                  NSGA-II:knee       11          9         2    3.480112e+08            3.163738e+07  ...                10.184429                 9.194893                 9.413595                 9.435566                 0.748195              0.017182
         Baseline:p_center_p10       10          3         7    5.432390e+08            5.432390e+07  ...                10.049245                10.284883                10.016431                 9.910301                 0.122854              0.002698
         Baseline:set_covering       10          4         6    5.141768e+08            5.141768e+07  ...                10.067379                10.134023                 9.904845                 9.509275                 0.066221              0.001467
          IP:coverage_priority       10          4         6    5.139291e+08            5.139291e+07  ...                10.064848                10.141572                 9.805012                 9.589989                 0.121609              0.002701
         Baseline:p_median_p11       11          6         5    4.590191e+08            4.172901e+07  ...                 9.448527                 9.232534                 9.306228                 9.499432                 0.226152              0.005384
         Baseline:p_median_p10       10          6         4    4.924327e+08            4.924327e+07  ...                 9.416569                 9.101883                 9.622267                 9.488895                 0.422415              0.009903
02:22:35 INFO    evtol_siting.viz3d         研究区边界已导出
02:22:35 INFO    evtol_siting.viz3d         候选点已导出: 屋顶型 256，地面型 1076
02:22:35 INFO    evtol_siting.viz3d         需求单元 2519 个、人群类 7 个已导出
02:22:35 INFO    evtol_siting.viz3d         帕累托前沿 100 个解已导出
02:22:35 INFO    evtol_siting.viz3d         三维数据包已导出: evtol_siting\viz3d\evtol_data.js (0.35 MB)
02:22:35 INFO    evtol_siting.pipeline      结果已保存到 evtol_siting\outputs\data
02:22:35 INFO    export_3d                  ======================================================================
02:22:35 INFO    export_3d                   完成。打开三维视图：
02:22:35 INFO    export_3d                     evtol_siting\viz3d\chengdu_evtol_3d.html
02:22:35 INFO    export_3d                   数据: evtol_data.js
02:22:35 INFO    export_3d                  ======================================================================
17:02:06 INFO    root                       token 已写入 cesium_token.js（<已省略>…，181 字符）
17:02:06 INFO    export_3d                  运行阶段一：候选起降场筛选
17:02:07 INFO    evtol_siting.pipeline      ============================================================
17:02:07 INFO    evtol_siting.pipeline      阶段一：基于 GIS 的候选起降场筛选
17:02:07 INFO    evtol_siting.pipeline      ============================================================
17:02:07 INFO    evtol_siting.pipeline      解析 PBF 提取包: sichuan-latest.osm.pbf
17:02:25 INFO    evtol_siting.data.pbf        已扫描 200000 个候选要素…
17:02:45 INFO    evtol_siting.data.pbf        已扫描 400000 个候选要素…
17:03:07 INFO    evtol_siting.data.pbf        已扫描 600000 个候选要素…
17:03:31 INFO    evtol_siting.data.pbf        已扫描 800000 个候选要素…
17:03:46 INFO    evtol_siting.data.pbf        buildings          69675 个要素
17:03:47 INFO    evtol_siting.data.pbf        poi                 8159 个要素
17:03:48 INFO    evtol_siting.data.pbf        roads              42272 个要素
17:03:48 INFO    evtol_siting.data.pbf        landuse             8430 个要素
17:03:48 INFO    evtol_siting.data.pbf        water               2252 个要素
17:03:48 INFO    evtol_siting.data.pbf        airports            1364 个要素
17:03:48 INFO    evtol_siting.data.pbf      PBF 解析完成（扫描 921830 个候选要素，输出 6 个图层）
17:03:48 INFO    evtol_siting.data.rasters  建筑高度栅格已存在: evtol_siting\data\raw\height\chengdu_building_height_10m.tif
17:03:54 INFO    evtol_siting.data.heights  高度栅格提供了 49162 栋建筑的高度（覆盖 70.6%）
17:03:54 INFO    evtol_siting.data.heights  分位数回归填补了 14650 栋建筑的高度（中位数 18.6 m）
17:03:54 INFO    evtol_siting.data.heights  高度融合结果（共 69675 栋）:
    raster_height     70.6%
    imputed           21.0%
    osm_levels         7.3%
    osm_height         1.1%
17:03:54 INFO    evtol_siting.data.heights      有标签覆盖率: 8.4% -> 融合后覆盖率: 100.0%
17:03:55 INFO    evtol_siting.data.rasters  人口栅格已存在: evtol_siting\data\raw\population\chengdu_population_100m.tif
17:03:55 INFO    evtol_siting.data.rasters  收入策略 = poi_index：经济活动指数将在阶段二由 OSM POI 构成计算（见 stage2_demand.build_poi_economic_index）
17:03:55 INFO    evtol_siting.data.rasters  DEM 已存在: evtol_siting\data\raw\dem\chengdu_dem_30m.tif
17:03:59 INFO    evtol_siting.data.rasters  坡度栅格已生成: evtol_siting\data\interim\slope.tif
17:03:59 INFO    evtol_siting.geo           栅格化完成: 单元边长 500 m, 单元数 2519, 覆盖 629.8 km²
17:04:00 INFO    evtol_siting.stage1_candidates 屋顶型筛选: 1430 / 69675 栋建筑满足 h>=20m 且 A_roof>=1600m² (2.05%)
17:04:00 INFO    evtol_siting.stage1_candidates   排除 用地类型: 30 个单元（1.2%）
17:04:00 INFO    evtol_siting.stage1_candidates   排除 水域: 55 个单元（2.2%）
17:04:00 INFO    evtol_siting.stage1_candidates   建筑覆盖率判据 (max=0.55): 剔除 4 个单元（保留 2430）；覆盖率中位数 0.05
17:04:00 INFO    evtol_siting.stage1_candidates 坡度判据: 2430 / 2430 单元满足 slope<=15° (剔除 0)
17:04:00 INFO    evtol_siting.stage1_candidates 地面型筛选: 2430 个候选（用地排除 -89，坡度排除后）
17:04:00 INFO    evtol_siting.stage1_candidates 地面型候选已按路网可达性重新评分（中位距离 91 m）
17:04:00 INFO    evtol_siting.stage1_candidates 已为 1430 个缺少 cell_id 的候选（屋顶型）补齐所属栅格单元（补齐后 3770/3860 有 cell_id）
17:04:00 INFO    evtol_siting.stage1_candidates   90 个候选落在栅格之外，改用坐标分桶作为 cell_id
17:04:00 INFO    evtol_siting.stage1_candidates   运输机场净空区 (r=4000m): 剔除 1472 个候选（占 38.1%）
17:04:00 INFO    evtol_siting.stage1_candidates   既有直升机场 (r=1000m): 剔除 178 个候选（占 4.6%）
17:04:00 INFO    evtol_siting.stage1_candidates 安全排除后剩余 2344 个候选（原有 3860）
17:04:01 INFO    evtol_siting.stage1_candidates   [ground] 类别内稀释: 1581 -> 1581
17:04:01 INFO    evtol_siting.stage1_candidates   [rooftop] 类别内稀释: 693 -> 258
17:04:01 INFO    evtol_siting.stage1_candidates 密度稀释 (c_min=500m, 每栅格<=3): 2344 -> 1332 个候选 （配额 -70，类别内间距 -435，跨类别冲突 -507）；构成: {'ground': 1076, 'rooftop': 256}
17:04:01 INFO    evtol_siting.stage1_candidates 阶段一完成: 1332 个候选起降场（屋顶型 256，地面型 1076）
17:04:01 INFO    export_3d                  运行阶段二：K-Means 人群分类
17:04:01 INFO    evtol_siting.pipeline      ============================================================
17:04:01 INFO    evtol_siting.pipeline      阶段二：K-means 人群分类与需求空间化
17:04:01 INFO    evtol_siting.pipeline      ============================================================
17:04:01 INFO    evtol_siting.data.dasymetric 人口栅格分辨率 80 m 细于需求格网 500 m —— 分区求和已是正确的格网人口总量，**体积重分配在此不产生作用**，直接使用分区求和。（体积权重的价值在于把人口摊到建筑上做更细的分析，需 force=True）
17:04:01 WARNING evtol_siting.data.dasymetric 退化为按分区求和（假设人口在格网内均匀分布）
17:04:15 INFO    evtol_siting.stage2_demand 人口分配方式对比（论文 Table 用）:
    method  total_population  n_nonzero_cells  mean_per_cell  std_per_cell       cv     max_cell  top1pct_share     gini
dasymetric      7.712263e+06             2517    3061.636823   2504.238782 0.817941 12360.637527       0.032418 0.458119
   uniform      7.712263e+06             2517    3061.636823   2504.238782 0.817941 12360.637527       0.032418 0.458119
17:04:15 INFO    evtol_siting.stage2_demand 人口: 合计 7712263 人，单元中位数 2567 人（来源: zonal_sum）
17:04:15 INFO    evtol_siting.stage2_demand 未提供外部收入数据，将使用 OSM POI 构成的经济活动指数作为代理（见 data/rasters.py::build_poi_economic_index 的说明与局限）
17:04:15 INFO    evtol_siting.stage2_demand POI: 研究区内 7442 个，单元密度中位数 0 个/km²
17:04:15 INFO    evtol_siting.data.rasters  POI 经济活动指数: 范围 [0.000, 5.759]，中位数 0.000（加权 POI 总数 7949）
17:04:21 INFO    evtol_siting.stage2_demand K 选择 (silhouette): K=7，得分 0.7798，各 K 得分 {3: 0.7395, 4: 0.7588, 5: 0.7733, 6: 0.7722, 7: 0.7798, 8: 0.7784}
17:04:21 INFO    evtol_siting.choice_model  收入阶梯（K=7）: 1,868  2,799  3,613  4,500  5,605  7,236  10,840
17:04:21 INFO    evtol_siting.choice_model  时间价值: 5.4  8.0  10.4  12.9  16.1  20.8  31.1 元/小时（对应月收入 1,868  2,799  3,613  4,500  5,605  7,236  10,840）
17:04:21 INFO    evtol_siting.choice_model  时间价值: 1.1  1.2  1.4  1.6  1.9  2.2  2.5  2.9  3.3  3.8  4.4  5.0  5.8  6.6  7.6  8.7  10.0  11.5  13.3  15.2  17.5  20.1  23.1  26.6 元/小时（对应月收入 377  433  498  573  658  756  869  999  1,148  1,319  1,516  1,743  2,003  2,302  2,645  3,040  3,494  4,015  4,615  5,304  6,095  7,005  8,051  9,253）
17:04:21 INFO    evtol_siting.choice_model  时间价值: 1.6  1.9  2.1  2.5  2.8  3.3  3.7  4.3  4.9  5.7  6.5  7.5  8.6  9.9  11.4  13.1  15.0  17.3  19.9  22.8  26.2  30.2  34.7  39.8 元/小时（对应月收入 565  649  746  858  986  1,133  1,302  1,496  1,720  1,976  2,271  2,610  3,000  3,448  3,963  4,554  5,234  6,015  6,913  7,945  9,131  10,494  12,061  13,861）
17:04:21 INFO    evtol_siting.choice_model  时间价值: 2.1  2.4  2.8  3.2  3.7  4.2  4.8  5.6  6.4  7.3  8.4  9.7  11.1  12.8  14.7  16.9  19.4  22.3  25.6  29.5  33.9  38.9  44.7  51.4 元/小时（对应月收入 729  838  963  1,107  1,272  1,462  1,681  1,932  2,220  2,551  2,932  3,370  3,873  4,451  5,115  5,879  6,756  7,765  8,924  10,256  11,787  13,547  15,569  17,893）
17:04:21 INFO    evtol_siting.choice_model  时间价值: 2.6  3.0  3.4  4.0  4.6  5.2  6.0  6.9  7.9  9.1  10.5  12.1  13.9  15.9  18.3  21.0  24.2  27.8  31.9  36.7  42.2  48.5  55.7  64.0 元/小时（对应月收入 909  1,044  1,200  1,379  1,585  1,822  2,094  2,406  2,765  3,178  3,652  4,198  4,824  5,544  6,372  7,323  8,416  9,673  11,116  12,776  14,683  16,875  19,394  22,289）
17:04:21 INFO    evtol_siting.choice_model  时间价值: 3.3  3.7  4.3  4.9  5.7  6.5  7.5  8.6  9.9  11.4  13.1  15.0  17.3  19.8  22.8  26.2  30.1  34.6  39.8  45.7  52.6  60.4  69.4  79.8 元/小时（对应月收入 1,132  1,301  1,495  1,718  1,974  2,269  2,608  2,997  3,445  3,959  4,550  5,229  6,009  6,906  7,937  9,122  10,484  12,049  13,847  15,914  18,290  21,020  24,158  27,764）
17:04:21 INFO    evtol_siting.choice_model  时间价值: 4.2  4.8  5.5  6.4  7.3  8.4  9.7  11.1  12.8  14.7  16.9  19.4  22.3  25.6  29.4  33.8  38.9  44.7  51.4  59.0  67.8  78.0  89.6  103.0 元/小时（对应月收入 1,461  1,679  1,930  2,218  2,549  2,929  3,366  3,869  4,446  5,110  5,873  6,750  7,757  8,915  10,246  11,775  13,533  15,553  17,875  20,543  23,610  27,134  31,185  35,840）
17:04:21 INFO    evtol_siting.choice_model  时间价值: 6.3  7.2  8.3  9.5  11.0  12.6  14.5  16.7  19.1  22.0  25.3  29.1  33.4  38.4  44.1  50.7  58.3  67.0  76.9  88.4  101.6  116.8  134.2  154.3 元/小时（对应月收入 2,189  2,515  2,891  3,322  3,818  4,388  5,043  5,796  6,661  7,655  8,798  10,111  11,621  13,355  15,349  17,640  20,273  23,300  26,778  30,775  35,369  40,648  46,716  53,690）
17:04:21 INFO    evtol_siting.choice_model  选择模型 [区域内积分（σ_within=0.4）]: 出行 15 km，地面 55 分钟 / 57 元，eVTOL 24 分钟 / 130 元，节省 31 分钟；采用概率 0.0564–0.0988（类间比 1.75）
17:04:21 INFO    evtol_siting.choice_model  各类人群采用概率:
 cluster  monthly_income_cny  vot_cny_per_h  p_evtol  demand_rate
       3              1868.0           5.37  0.05642     0.005642
       0              2799.0           8.04  0.05974     0.005974
       5              3613.0          10.38  0.06283     0.006283
       2              4500.0          12.93  0.06638     0.006638
       4              5605.0          16.11  0.07112     0.007112
       6              7236.0          20.79  0.07876     0.007876
       1             10840.0          31.15  0.09879     0.009879
17:04:21 INFO    evtol_siting.stage2_demand K-means 聚类完成: K=7，总需求 48720 次/日，总人口 7712263 人
17:04:21 INFO    evtol_siting.stage2_demand 类画像:
 cluster  n_cells   population  income_mean  poi_density_mean  trip_rate  monthly_income_cny  vot_cny_per_h  p_evtol  demand_trips_per_day k_selection
       3     1391 2.642034e+06     0.000000          0.000000   0.005642              1868.0           5.37  0.05642          14906.353102  silhouette
       0      327 9.403271e+05     1.533906          5.321101   0.005974              2799.0           8.04  0.05974           5617.513868  silhouette
       5      321 1.318767e+06     2.598605         13.059190   0.006283              3613.0          10.38  0.06283           8285.811407  silhouette
       2      260 1.389814e+06     3.361789         29.492308   0.006638              4500.0          12.93  0.06638           9225.585950  silhouette
       4      145 9.081153e+05     4.000721         55.172414   0.007112              5605.0          16.11  0.07112           6458.515785  silhouette
       6       62 4.214043e+05     4.560623         96.000000   0.007876              7236.0          20.79  0.07876           3318.980346  silhouette
       1       13 9.180217e+04     5.021334        170.461538   0.009879             10840.0          31.15  0.09879            906.913644  silhouette
17:04:21 INFO    export_3d                  运行阶段三：0-1 整数规划
17:04:21 INFO    evtol_siting.pipeline      ============================================================
17:04:21 INFO    evtol_siting.pipeline      阶段三：0-1 整数规划选址
17:04:21 INFO    evtol_siting.pipeline      ============================================================
17:04:21 INFO    evtol_siting.stage3_ip     [cost_priority] 需求单元 2519 个（核心 1008 个，阈值 分位数 0.60（>=20.0 次/日）），候选 1332 个，接驳时间预算 15.0 分钟，设施上限 20
17:04:22 INFO    evtol_siting.stage3_ip     [cost_priority] 最优解: 11 个起降场，总成本 3.48 亿元，需求覆盖率 97.1%，人口覆盖率 96.8%（耗时 0.49s）
17:04:22 INFO    evtol_siting.stage3_ip     [coverage_priority] 需求单元 2519 个（核心 1008 个，阈值 分位数 0.60（>=20.0 次/日）），候选 1332 个，接驳时间预算 15.0 分钟，设施上限 35
17:04:23 INFO    evtol_siting.stage3_ip     [coverage_priority] 最优解: 10 个起降场，总成本 5.14 亿元，需求覆盖率 96.5%，人口覆盖率 96.2%（耗时 0.61s）
17:04:23 INFO    evtol_siting.stage3_ip     阶段三完成: 2 个情景求解成功（cost_priority=Optimal, coverage_priority=Optimal）
17:04:23 INFO    export_3d                  运行阶段四：NSGA-II 多目标优化
17:04:23 INFO    evtol_siting.pipeline      ============================================================
17:04:23 INFO    evtol_siting.pipeline      阶段四：NSGA-II 多目标优化
17:04:23 INFO    evtol_siting.pipeline      ============================================================
17:04:23 INFO    evtol_siting.stage4_nsga2  问题实例: 2519 个需求单元（核心 1008），1332 个候选；接驳预算 15.0 分钟；单点最大可覆盖 307 个核心单元（占核心 30.5%）
17:04:23 INFO    evtol_siting.pipeline      已注入 2 个 IP 最优解作为初始种群种子
17:04:23 INFO    evtol_siting.nsga2_core    初始种群: 100 个个体 × 1332 维，站点数 区间 (12, 400)（区间初始化，自由规模）
17:04:24 INFO    evtol_siting.nsga2_core      第   0 代: 前沿 100 个解, HV=3.598e+08, 最优目标1=5.287, 累计评估 162
17:04:29 INFO    evtol_siting.nsga2_core      第  10 代: 前沿 100 个解, HV=3.598e+08, 最优目标1=5.287, 累计评估 689
17:04:35 INFO    evtol_siting.nsga2_core      第  20 代: 前沿 100 个解, HV=3.598e+08, 最优目标1=5.287, 累计评估 1197
17:04:40 INFO    evtol_siting.nsga2_core      第  30 代: 前沿 100 个解, HV=3.601e+08, 最优目标1=5.287, 累计评估 1729
17:04:45 INFO    evtol_siting.nsga2_core      第  40 代: 前沿 100 个解, HV=3.601e+08, 最优目标1=5.287, 累计评估 2303
17:04:50 INFO    evtol_siting.nsga2_core      第  50 代: 前沿 100 个解, HV=3.601e+08, 最优目标1=5.287, 累计评估 2894
17:04:55 INFO    evtol_siting.nsga2_core      第  60 代: 前沿 100 个解, HV=3.483e+08, 最优目标1=5.287, 累计评估 3512
17:05:01 INFO    evtol_siting.nsga2_core      第  70 代: 前沿 100 个解, HV=3.483e+08, 最优目标1=5.287, 累计评估 4184
17:05:06 INFO    evtol_siting.nsga2_core      第  80 代: 前沿 100 个解, HV=3.447e+08, 最优目标1=5.287, 累计评估 4848
17:05:08 INFO    evtol_siting.nsga2_core      第  90 代: 前沿 100 个解, HV=3.569e+08, 最优目标1=5.287, 累计评估 5533
17:05:10 INFO    evtol_siting.nsga2_core      第  99 代: 前沿 100 个解, HV=3.569e+08, 最优目标1=5.287, 累计评估 6168
17:05:10 WARNING evtol_siting.nsga2_core    帕累托前沿在 100 代内**没有改进**（HV 3.692e+08 -> 3.569e+08）。可能原因：(1) 初始种群已被 IP 解锚定在最优附近；(2) 修复算子过强，压制了搜索空间；(3) 目标间无实质权衡。建议检查目标值分布是否退化。
17:05:10 INFO    export_3d                  计算方案指标与单目标基线对比
17:05:10 INFO    evtol_siting.pipeline      ============================================================
17:05:10 INFO    evtol_siting.pipeline      评价：方案指标与基线对比
17:05:10 INFO    evtol_siting.pipeline      ============================================================
17:05:11 INFO    evtol_siting.baselines     [set_covering] -> 10 个设施，耗时 0.4s
17:05:12 INFO    evtol_siting.baselines     [p_median_p10] p=10: 2519 个需求单元 × 25 近邻 = 61777 个分配变量
17:09:03 INFO    evtol_siting.baselines     [p_median_p10] p=10 -> 10 个设施，目标 250682.4，耗时 232.6s
17:09:09 INFO    evtol_siting.baselines     [p_center_p10] p=10 -> 10 个设施，最大接驳时间 14.88 分钟，耗时 5.1s
17:14:11 INFO    evtol_siting.baselines     [max_coverage_p10] p=10 -> 10 个设施，覆盖需求 48001，耗时 301.9s
17:14:13 INFO    evtol_siting.baselines     [p_median_p11] p=11: 2519 个需求单元 × 25 近邻 = 61777 个分配变量
17:19:17 INFO    evtol_siting.baselines     [p_median_p11] p=11 -> 11 个设施，目标 256565.8，耗时 306.3s
17:19:20 INFO    evtol_siting.baselines     [p_center_p11] p=11 -> 11 个设施，最大接驳时间 14.17 分钟，耗时 3.1s
17:24:05 INFO    evtol_siting.baselines     [max_coverage_p11] p=11 -> 11 个设施，覆盖需求 48318，耗时 285.4s
17:24:06 INFO    evtol_siting.baselines     [p_median_p20] p=20: 2519 个需求单元 × 25 近邻 = 61777 个分配变量
17:29:26 INFO    evtol_siting.baselines     [p_median_p20] p=20 -> 20 个设施，目标 292058.9，耗时 321.0s
17:29:28 INFO    evtol_siting.baselines     [p_center_p20] p=20 -> 12 个设施，最大接驳时间 13.61 分钟，耗时 1.4s
17:29:30 INFO    evtol_siting.baselines     [max_coverage_p20] p=20 -> 20 个设施，覆盖需求 48720，耗时 2.4s
17:29:31 INFO    evtol_siting.baselines     [p_median_p30] p=30: 2519 个需求单元 × 25 近邻 = 61777 个分配变量
17:34:48 INFO    evtol_siting.baselines     [p_median_p30] p=30 -> 30 个设施，目标 304627.1，耗时 318.0s
17:34:50 INFO    evtol_siting.baselines     [p_center_p30] p=30 -> 12 个设施，最大接驳时间 13.61 分钟，耗时 1.4s
17:34:51 INFO    evtol_siting.baselines     [max_coverage_p30] p=30 -> 24 个设施，覆盖需求 48720，耗时 1.7s
17:34:51 INFO    evtol_siting.baselines     基线求解完成: 13/13 成功
17:34:51 INFO    evtol_siting.pipeline      方案对比表:
                         label  n_sites  n_rooftop  n_ground  total_cost_cny  mean_cost_per_site_cny  ...  group_3_access_time_min  group_4_access_time_min  group_5_access_time_min  group_6_access_time_min  income_quintile_gap_min  income_quintile_gini
     Baseline:max_coverage_p30       24          8        16    1.274610e+09            5.310875e+07  ...                 8.713743                 9.823007                 9.008051                 9.561255                 0.697215              0.017101
     Baseline:max_coverage_p20       20          6        14    1.040282e+09            5.201410e+07  ...                 9.155836                 9.846995                 9.048962                 9.562204                 0.537329              0.012944
  NSGA-II:best_unserved_demand      246         53       193    1.328350e+10            5.399795e+07  ...                 5.381816                 6.872330                 6.140669                 6.242815                 1.035758              0.038223
                  NSGA-II:knee      362         81       281    1.916543e+10            5.294317e+07  ...                 4.901474                 6.138843                 5.865607                 5.563285                 0.900319              0.036004
         NSGA-II:best_inequity      362         81       281    1.916543e+10            5.294317e+07  ...                 4.901474                 6.138843                 5.865607                 5.563285                 0.900319              0.036004
NSGA-II:best_total_access_time      352         76       276    1.882915e+10            5.349191e+07  ...                 4.991242                 6.038754                 5.784132                 5.309252                 0.657665              0.026412
                NSGA-II:TOPSIS       29          9        20    1.477923e+09            5.096288e+07  ...                 8.276023                 8.686702                 8.138848                 8.111062                 0.375731              0.010109
     Baseline:max_coverage_p11       11          5         6    4.880409e+08            4.436735e+07  ...                 9.846783                10.764499                10.187893                10.457667                 0.531770              0.011601
         Baseline:p_median_p20       20          6        14    1.102951e+09            5.514753e+07  ...                 8.977544                 8.014194                 8.704095                 7.823759                 0.861892              0.022129
         Baseline:p_median_p30       30          4        26    1.595631e+09            5.318771e+07  ...                 7.650151                 8.122076                 8.002140                 8.112756                 0.348255              0.009795
     Baseline:max_coverage_p10       10          2         8    5.188720e+08            5.188720e+07  ...                10.146946                10.498385                10.294430                 9.787994                 0.297581              0.006421
         Baseline:p_center_p30       12          4         8    6.488965e+08            5.407470e+07  ...                 9.946119                 8.724668                 9.174680                 8.291706                 1.112298              0.026475
         Baseline:p_center_p20       12          5         7    6.176481e+08            5.147067e+07  ...                 9.936752                 8.736448                 9.213279                 8.225993                 1.102539              0.026230
         Baseline:p_center_p11       11          4         7    5.086482e+08            4.624075e+07  ...                 9.926097                 9.791968                 9.756006                 9.264362                 0.266500              0.006079
              IP:cost_priority       11          9         2    3.480112e+08            3.163738e+07  ...                10.184429                 9.194893                 9.413595                 9.435566                 0.748195              0.017182
       NSGA-II:best_total_cost       11          9         2    3.480112e+08            3.163738e+07  ...                10.184429                 9.194893                 9.413595                 9.435566                 0.748195              0.017182
         Baseline:p_center_p10       10          3         7    5.432390e+08            5.432390e+07  ...                10.049245                10.284883                10.016431                 9.910301                 0.122854              0.002698
         Baseline:set_covering       10          4         6    5.141768e+08            5.141768e+07  ...                10.067379                10.134023                 9.904845                 9.509275                 0.066221              0.001467
          IP:coverage_priority       10          4         6    5.139291e+08            5.139291e+07  ...                10.064848                10.141572                 9.805012                 9.589989                 0.121609              0.002701
         Baseline:p_median_p11       11          6         5    4.586911e+08            4.169919e+07  ...                 9.498994                 9.238254                 9.248036                 9.518275                 0.301346              0.007180
         Baseline:p_median_p10       10          6         4    4.924327e+08            4.924327e+07  ...                 9.416569                 9.101883                 9.622267                 9.488895                 0.422415              0.009903
17:34:51 INFO    evtol_siting.viz3d         研究区边界已导出
17:34:51 INFO    evtol_siting.viz3d         候选点已导出: 屋顶型 256，地面型 1076
17:34:52 INFO    evtol_siting.viz3d         需求单元 2519 个、人群类 7 个已导出
17:34:52 INFO    evtol_siting.viz3d         帕累托前沿 100 个解已导出
17:34:52 INFO    evtol_siting.viz3d         三维数据包已导出: evtol_siting\viz3d\evtol_data.js (0.39 MB)
17:34:52 INFO    evtol_siting.pipeline      结果已保存到 evtol_siting\outputs\data
17:34:52 INFO    export_3d                  ======================================================================
17:34:52 INFO    export_3d                   完成。打开三维视图：
17:34:52 INFO    export_3d                     evtol_siting\viz3d\chengdu_evtol_3d.html
17:34:52 INFO    export_3d                   数据: evtol_data.js
17:34:52 INFO    export_3d                  ======================================================================
00:33:50 INFO    root                       token 已写入 cesium_token.js（<已省略>…，181 字符）
00:33:51 INFO    export_3d                  运行阶段一：候选起降场筛选
00:33:51 INFO    evtol_siting.pipeline      ============================================================
00:33:51 INFO    evtol_siting.pipeline      阶段一：基于 GIS 的候选起降场筛选
00:33:51 INFO    evtol_siting.pipeline      ============================================================
00:33:51 INFO    evtol_siting.pipeline      解析 PBF 提取包: sichuan-latest.osm.pbf
00:34:09 INFO    evtol_siting.data.pbf        已扫描 200000 个候选要素…
00:34:31 INFO    evtol_siting.data.pbf        已扫描 400000 个候选要素…
00:34:52 INFO    evtol_siting.data.pbf        已扫描 600000 个候选要素…
00:35:14 INFO    evtol_siting.data.pbf        已扫描 800000 个候选要素…
00:35:29 INFO    evtol_siting.data.pbf        buildings          69675 个要素
00:35:29 INFO    evtol_siting.data.pbf        poi                 8159 个要素
00:35:30 INFO    evtol_siting.data.pbf        roads              42272 个要素
00:35:30 INFO    evtol_siting.data.pbf        landuse             8430 个要素
00:35:30 INFO    evtol_siting.data.pbf        water               2252 个要素
00:35:30 INFO    evtol_siting.data.pbf        airports            1364 个要素
00:35:30 INFO    evtol_siting.data.pbf      PBF 解析完成（扫描 921830 个候选要素，输出 6 个图层）
00:35:30 INFO    evtol_siting.data.rasters  建筑高度栅格已存在: evtol_siting\data\raw\height\chengdu_building_height_10m.tif
00:35:37 INFO    evtol_siting.data.heights  高度栅格提供了 49162 栋建筑的高度（覆盖 70.6%）
00:35:37 INFO    evtol_siting.data.heights  分位数回归填补了 14650 栋建筑的高度（中位数 18.6 m）
00:35:37 INFO    evtol_siting.data.heights  高度融合结果（共 69675 栋）:
    raster_height     70.6%
    imputed           21.0%
    osm_levels         7.3%
    osm_height         1.1%
00:35:37 INFO    evtol_siting.data.heights      有标签覆盖率: 8.4% -> 融合后覆盖率: 100.0%
00:35:37 INFO    evtol_siting.data.rasters  人口栅格已存在: evtol_siting\data\raw\population\chengdu_population_100m.tif
00:35:37 INFO    evtol_siting.data.rasters  收入策略 = poi_index：经济活动指数将在阶段二由 OSM POI 构成计算（见 stage2_demand.build_poi_economic_index）
00:35:37 INFO    evtol_siting.data.rasters  DEM 已存在: evtol_siting\data\raw\dem\chengdu_dem_30m.tif
00:35:43 INFO    evtol_siting.data.rasters  坡度栅格已生成: evtol_siting\data\interim\slope.tif
00:35:43 INFO    evtol_siting.geo           栅格化完成: 单元边长 500 m, 单元数 2519, 覆盖 629.8 km²
00:35:43 INFO    evtol_siting.stage1_candidates 屋顶型筛选: 1430 / 69675 栋建筑满足 h>=20m 且 A_roof>=1600m² (2.05%)
00:35:43 INFO    evtol_siting.stage1_candidates   排除 用地类型: 30 个单元（1.2%）
00:35:43 INFO    evtol_siting.stage1_candidates   排除 水域: 55 个单元（2.2%）
00:35:44 INFO    evtol_siting.stage1_candidates   建筑覆盖率判据 (max=0.55): 剔除 4 个单元（保留 2430）；覆盖率中位数 0.05
00:35:44 INFO    evtol_siting.stage1_candidates 坡度判据: 2430 / 2430 单元满足 slope<=15° (剔除 0)
00:35:44 INFO    evtol_siting.stage1_candidates 地面型筛选: 2430 个候选（用地排除 -89，坡度排除后）
00:35:44 INFO    evtol_siting.stage1_candidates 地面型候选已按路网可达性重新评分（中位距离 91 m）
00:35:44 INFO    evtol_siting.stage1_candidates 已为 1430 个缺少 cell_id 的候选（屋顶型）补齐所属栅格单元（补齐后 3770/3860 有 cell_id）
00:35:44 INFO    evtol_siting.stage1_candidates   90 个候选落在栅格之外，改用坐标分桶作为 cell_id
00:35:44 INFO    evtol_siting.stage1_candidates   民用机场要素 1295 个：按 eVTOL 可设站中转处理，**不排除**
00:35:44 INFO    evtol_siting.stage1_candidates   军用机场净空区 (r=4000m): 剔除 708 个候选（占 18.3%）
00:35:44 INFO    evtol_siting.stage1_candidates   既有直升机场 (r=1000m): 剔除 178 个候选（占 4.6%）
00:35:44 INFO    evtol_siting.stage1_candidates 安全排除后剩余 3023 个候选（原有 3860）
00:35:45 INFO    evtol_siting.stage1_candidates   [ground] 类别内稀释: 1905 -> 1905
00:35:45 INFO    evtol_siting.stage1_candidates   [rooftop] 类别内稀释: 1000 -> 359
00:35:45 INFO    evtol_siting.stage1_candidates 密度稀释 (c_min=500m, 每栅格<=3): 3023 -> 1552 个候选 （配额 -118，类别内间距 -641，跨类别冲突 -712）；构成: {'ground': 1201, 'rooftop': 351}
00:35:45 INFO    evtol_siting.stage1_candidates 阶段一完成: 1552 个候选起降场（屋顶型 351，地面型 1201）
00:35:45 INFO    export_3d                  运行阶段二：K-Means 人群分类
00:35:45 INFO    evtol_siting.pipeline      ============================================================
00:35:45 INFO    evtol_siting.pipeline      阶段二：K-means 人群分类与需求空间化
00:35:45 INFO    evtol_siting.pipeline      ============================================================
00:35:45 INFO    evtol_siting.data.dasymetric 人口栅格分辨率 80 m 细于需求格网 500 m —— 分区求和已是正确的格网人口总量，**体积重分配在此不产生作用**，直接使用分区求和。（体积权重的价值在于把人口摊到建筑上做更细的分析，需 force=True）
00:35:45 WARNING evtol_siting.data.dasymetric 退化为按分区求和（假设人口在格网内均匀分布）
00:35:58 INFO    evtol_siting.stage2_demand 人口分配方式对比（论文 Table 用）:
    method  total_population  n_nonzero_cells  mean_per_cell  std_per_cell       cv     max_cell  top1pct_share     gini
dasymetric      7.712263e+06             2517    3061.636823   2504.238782 0.817941 12360.637527       0.032418 0.458119
   uniform      7.712263e+06             2517    3061.636823   2504.238782 0.817941 12360.637527       0.032418 0.458119
00:35:58 INFO    evtol_siting.stage2_demand 人口: 合计 7712263 人，单元中位数 2567 人（来源: zonal_sum）
00:35:58 INFO    evtol_siting.stage2_demand 未提供外部收入数据，将使用 OSM POI 构成的经济活动指数作为代理（见 data/rasters.py::build_poi_economic_index 的说明与局限）
00:35:58 INFO    evtol_siting.stage2_demand POI: 研究区内 7442 个，单元密度中位数 0 个/km²
00:35:58 INFO    evtol_siting.data.rasters  POI 经济活动指数: 范围 [0.000, 5.759]，中位数 0.000（加权 POI 总数 7949）
00:36:04 INFO    evtol_siting.stage2_demand K 选择 (silhouette): K=7，得分 0.7798，各 K 得分 {3: 0.7395, 4: 0.7588, 5: 0.7733, 6: 0.7722, 7: 0.7798, 8: 0.7784}
00:36:04 INFO    evtol_siting.choice_model  收入阶梯（K=7）: 1,868  2,799  3,613  4,500  5,605  7,236  10,840
00:36:04 INFO    evtol_siting.choice_model  时间价值: 5.4  8.0  10.4  12.9  16.1  20.8  31.1 元/小时（对应月收入 1,868  2,799  3,613  4,500  5,605  7,236  10,840）
00:36:04 INFO    evtol_siting.choice_model  时间价值: 1.1  1.2  1.4  1.6  1.9  2.2  2.5  2.9  3.3  3.8  4.4  5.0  5.8  6.6  7.6  8.7  10.0  11.5  13.3  15.2  17.5  20.1  23.1  26.6 元/小时（对应月收入 377  433  498  573  658  756  869  999  1,148  1,319  1,516  1,743  2,003  2,302  2,645  3,040  3,494  4,015  4,615  5,304  6,095  7,005  8,051  9,253）
00:36:04 INFO    evtol_siting.choice_model  时间价值: 1.6  1.9  2.1  2.5  2.8  3.3  3.7  4.3  4.9  5.7  6.5  7.5  8.6  9.9  11.4  13.1  15.0  17.3  19.9  22.8  26.2  30.2  34.7  39.8 元/小时（对应月收入 565  649  746  858  986  1,133  1,302  1,496  1,720  1,976  2,271  2,610  3,000  3,448  3,963  4,554  5,234  6,015  6,913  7,945  9,131  10,494  12,061  13,861）
00:36:04 INFO    evtol_siting.choice_model  时间价值: 2.1  2.4  2.8  3.2  3.7  4.2  4.8  5.6  6.4  7.3  8.4  9.7  11.1  12.8  14.7  16.9  19.4  22.3  25.6  29.5  33.9  38.9  44.7  51.4 元/小时（对应月收入 729  838  963  1,107  1,272  1,462  1,681  1,932  2,220  2,551  2,932  3,370  3,873  4,451  5,115  5,879  6,756  7,765  8,924  10,256  11,787  13,547  15,569  17,893）
00:36:04 INFO    evtol_siting.choice_model  时间价值: 2.6  3.0  3.4  4.0  4.6  5.2  6.0  6.9  7.9  9.1  10.5  12.1  13.9  15.9  18.3  21.0  24.2  27.8  31.9  36.7  42.2  48.5  55.7  64.0 元/小时（对应月收入 909  1,044  1,200  1,379  1,585  1,822  2,094  2,406  2,765  3,178  3,652  4,198  4,824  5,544  6,372  7,323  8,416  9,673  11,116  12,776  14,683  16,875  19,394  22,289）
00:36:04 INFO    evtol_siting.choice_model  时间价值: 3.3  3.7  4.3  4.9  5.7  6.5  7.5  8.6  9.9  11.4  13.1  15.0  17.3  19.8  22.8  26.2  30.1  34.6  39.8  45.7  52.6  60.4  69.4  79.8 元/小时（对应月收入 1,132  1,301  1,495  1,718  1,974  2,269  2,608  2,997  3,445  3,959  4,550  5,229  6,009  6,906  7,937  9,122  10,484  12,049  13,847  15,914  18,290  21,020  24,158  27,764）
00:36:04 INFO    evtol_siting.choice_model  时间价值: 4.2  4.8  5.5  6.4  7.3  8.4  9.7  11.1  12.8  14.7  16.9  19.4  22.3  25.6  29.4  33.8  38.9  44.7  51.4  59.0  67.8  78.0  89.6  103.0 元/小时（对应月收入 1,461  1,679  1,930  2,218  2,549  2,929  3,366  3,869  4,446  5,110  5,873  6,750  7,757  8,915  10,246  11,775  13,533  15,553  17,875  20,543  23,610  27,134  31,185  35,840）
00:36:04 INFO    evtol_siting.choice_model  时间价值: 6.3  7.2  8.3  9.5  11.0  12.6  14.5  16.7  19.1  22.0  25.3  29.1  33.4  38.4  44.1  50.7  58.3  67.0  76.9  88.4  101.6  116.8  134.2  154.3 元/小时（对应月收入 2,189  2,515  2,891  3,322  3,818  4,388  5,043  5,796  6,661  7,655  8,798  10,111  11,621  13,355  15,349  17,640  20,273  23,300  26,778  30,775  35,369  40,648  46,716  53,690）
00:36:04 INFO    evtol_siting.choice_model  选择模型 [区域内积分（σ_within=0.4）]: 出行 15 km，地面 55 分钟 / 57 元，eVTOL 24 分钟 / 130 元，节省 31 分钟；采用概率 0.0564–0.0988（类间比 1.75）
00:36:04 INFO    evtol_siting.choice_model  各类人群采用概率:
 cluster  monthly_income_cny  vot_cny_per_h  p_evtol  demand_rate
       3              1868.0           5.37  0.05642     0.005642
       0              2799.0           8.04  0.05974     0.005974
       5              3613.0          10.38  0.06283     0.006283
       2              4500.0          12.93  0.06638     0.006638
       4              5605.0          16.11  0.07112     0.007112
       6              7236.0          20.79  0.07876     0.007876
       1             10840.0          31.15  0.09879     0.009879
00:36:04 INFO    evtol_siting.stage2_demand K-means 聚类完成: K=7，总需求 48720 次/日，总人口 7712263 人
00:36:04 INFO    evtol_siting.stage2_demand 类画像:
 cluster  n_cells   population  income_mean  poi_density_mean  trip_rate  monthly_income_cny  vot_cny_per_h  p_evtol  demand_trips_per_day k_selection
       3     1391 2.642034e+06     0.000000          0.000000   0.005642              1868.0           5.37  0.05642          14906.353102  silhouette
       0      327 9.403271e+05     1.533906          5.321101   0.005974              2799.0           8.04  0.05974           5617.513868  silhouette
       5      321 1.318767e+06     2.598605         13.059190   0.006283              3613.0          10.38  0.06283           8285.811407  silhouette
       2      260 1.389814e+06     3.361789         29.492308   0.006638              4500.0          12.93  0.06638           9225.585950  silhouette
       4      145 9.081153e+05     4.000721         55.172414   0.007112              5605.0          16.11  0.07112           6458.515785  silhouette
       6       62 4.214043e+05     4.560623         96.000000   0.007876              7236.0          20.79  0.07876           3318.980346  silhouette
       1       13 9.180217e+04     5.021334        170.461538   0.009879             10840.0          31.15  0.09879            906.913644  silhouette
00:36:04 INFO    export_3d                  运行阶段三：0-1 整数规划
00:36:04 INFO    evtol_siting.pipeline      ============================================================
00:36:04 INFO    evtol_siting.pipeline      阶段三：0-1 整数规划选址
00:36:04 INFO    evtol_siting.pipeline      ============================================================
00:36:05 INFO    evtol_siting.stage3_ip     [cost_priority] 需求单元 2519 个（核心 1008 个，阈值 分位数 0.60（>=20.0 次/日）），候选 1552 个，接驳时间预算 15.0 分钟，设施上限 20
00:36:06 INFO    evtol_siting.stage3_ip     [cost_priority] 最优解: 10 个起降场，总成本 3.05 亿元，需求覆盖率 96.8%，人口覆盖率 96.4%（耗时 1.37s）
00:36:07 INFO    evtol_siting.stage3_ip     [coverage_priority] 需求单元 2519 个（核心 1008 个，阈值 分位数 0.60（>=20.0 次/日）），候选 1552 个，接驳时间预算 15.0 分钟，设施上限 35
00:36:08 INFO    evtol_siting.stage3_ip     [coverage_priority] 最优解: 9 个起降场，总成本 4.32 亿元，需求覆盖率 96.2%，人口覆盖率 95.7%（耗时 1.05s）
00:36:08 INFO    evtol_siting.stage3_ip     阶段三完成: 2 个情景求解成功（cost_priority=Optimal, coverage_priority=Optimal）
00:36:08 INFO    export_3d                  运行阶段四：NSGA-II 多目标优化
00:36:08 INFO    evtol_siting.pipeline      ============================================================
00:36:08 INFO    evtol_siting.pipeline      阶段四：NSGA-II 多目标优化
00:36:08 INFO    evtol_siting.pipeline      ============================================================
00:36:08 INFO    evtol_siting.stage4_nsga2  问题实例: 2519 个需求单元（核心 1008），1552 个候选；接驳预算 15.0 分钟；单点最大可覆盖 310 个核心单元（占核心 30.8%）
00:36:08 INFO    evtol_siting.pipeline      已注入 2 个 IP 最优解作为初始种群种子
00:36:08 INFO    evtol_siting.nsga2_core    初始种群: 100 个个体 × 1552 维，站点数 区间 (12, 400)（区间初始化，自由规模）
00:36:09 INFO    evtol_siting.nsga2_core      第   0 代: 前沿  92 个解, HV=6.042e+08, 最优目标1=0, 累计评估 164
00:36:13 INFO    evtol_siting.nsga2_core      第  10 代: 前沿 100 个解, HV=6.042e+08, 最优目标1=0, 累计评估 673
00:36:16 INFO    evtol_siting.nsga2_core      第  20 代: 前沿 100 个解, HV=6.042e+08, 最优目标1=0, 累计评估 1202
00:36:19 INFO    evtol_siting.nsga2_core      第  30 代: 前沿 100 个解, HV=6.042e+08, 最优目标1=0, 累计评估 1759
00:36:23 INFO    evtol_siting.nsga2_core      第  40 代: 前沿 100 个解, HV=6.042e+08, 最优目标1=0, 累计评估 2342
00:36:26 INFO    evtol_siting.nsga2_core      第  50 代: 前沿 100 个解, HV=6.042e+08, 最优目标1=0, 累计评估 2944
00:36:30 INFO    evtol_siting.nsga2_core      第  60 代: 前沿 100 个解, HV=6.042e+08, 最优目标1=0, 累计评估 3559
00:36:34 INFO    evtol_siting.nsga2_core      第  70 代: 前沿 100 个解, HV=6.042e+08, 最优目标1=0, 累计评估 4193
00:36:38 INFO    evtol_siting.nsga2_core      第  80 代: 前沿 100 个解, HV=6.042e+08, 最优目标1=0, 累计评估 4841
00:36:42 INFO    evtol_siting.nsga2_core      第  90 代: 前沿 100 个解, HV=6.042e+08, 最优目标1=0, 累计评估 5494
00:36:46 INFO    evtol_siting.nsga2_core      第  99 代: 前沿 100 个解, HV=6.042e+08, 最优目标1=0, 累计评估 6105
00:36:46 INFO    export_3d                  计算方案指标与单目标基线对比
00:36:46 INFO    evtol_siting.pipeline      ============================================================
00:36:46 INFO    evtol_siting.pipeline      评价：方案指标与基线对比
00:36:46 INFO    evtol_siting.pipeline      ============================================================
00:36:48 INFO    evtol_siting.baselines     [set_covering] -> 9 个设施，耗时 1.1s
00:36:51 INFO    evtol_siting.baselines     [p_median_p9] p=9: 2519 个需求单元 × 25 近邻 = 62943 个分配变量
00:37:47 INFO    evtol_siting.baselines     [p_median_p9] p=9 -> 9 个设施，目标 123730.3，耗时 58.8s
00:37:50 WARNING evtol_siting.baselines     [p_center_p9] 未找到可行解（p=9 过小？）
00:40:25 INFO    evtol_siting.baselines     [max_coverage_p9] p=9 -> 9 个设施，覆盖需求 47917，耗时 155.1s
00:40:26 INFO    evtol_siting.baselines     [p_median_p10] p=10: 2519 个需求单元 × 25 近邻 = 62943 个分配变量
00:40:30 INFO    evtol_siting.baselines     [p_median_p10] p=10 -> 10 个设施，目标 130735.7，耗时 5.0s
00:40:32 WARNING evtol_siting.baselines     [p_center_p10] 未找到可行解（p=10 过小？）
00:44:25 INFO    evtol_siting.baselines     [max_coverage_p10] p=10 -> 10 个设施，覆盖需求 48298，耗时 232.6s
00:44:26 INFO    evtol_siting.baselines     [p_median_p20] p=20: 2519 个需求单元 × 25 近邻 = 62943 个分配变量
00:49:32 INFO    evtol_siting.baselines     [p_median_p20] p=20 -> 20 个设施，目标 197709.4，耗时 306.7s
00:49:36 INFO    evtol_siting.baselines     [p_center_p20] p=20 -> 18 个设施，最大接驳时间 11.10 分钟，耗时 4.4s
00:49:40 INFO    evtol_siting.baselines     [max_coverage_p20] p=20 -> 20 个设施，覆盖需求 48720，耗时 4.4s
00:49:42 INFO    evtol_siting.baselines     [p_median_p30] p=30: 2519 个需求单元 × 25 近邻 = 62943 个分配变量
00:54:58 INFO    evtol_siting.baselines     [p_median_p30] p=30 -> 30 个设施，目标 216616.6，耗时 317.5s
00:55:02 INFO    evtol_siting.baselines     [p_center_p30] p=30 -> 18 个设施，最大接驳时间 11.10 分钟，耗时 4.2s
00:55:08 INFO    evtol_siting.baselines     [max_coverage_p30] p=30 -> 16 个设施，覆盖需求 48720，耗时 6.0s
00:55:08 INFO    evtol_siting.baselines     基线求解完成: 11/13 成功
00:55:08 INFO    evtol_siting.pipeline      方案对比表:
                         label  n_sites  n_rooftop  n_ground  total_cost_cny  mean_cost_per_site_cny  ...  group_3_access_time_min  group_4_access_time_min  group_5_access_time_min  group_6_access_time_min  income_quintile_gap_min  income_quintile_gini
     Baseline:max_coverage_p30       16          5        11    7.785624e+08            4.866015e+07  ...                 9.444056                10.471931                 9.683987                10.122040                 0.735750              0.016685
  NSGA-II:best_unserved_demand      244         68       176    1.258299e+10            5.156965e+07  ...                 5.090164                 4.909477                 5.578061                 5.039014                 0.322142              0.013694
NSGA-II:best_total_access_time      362         88       274    1.890187e+10            5.221511e+07  ...                 4.600037                 4.674509                 4.856171                 4.546658                 0.243349              0.011474
         NSGA-II:best_inequity      362         88       274    1.890187e+10            5.221511e+07  ...                 4.600037                 4.674509                 4.856171                 4.546658                 0.243349              0.011474
     Baseline:max_coverage_p20       20          8        12    9.157887e+08            4.578944e+07  ...                 9.117132                 9.250411                 9.185864                 8.592962                 0.074442              0.001813
         Baseline:p_median_p30       30          7        23    1.567609e+09            5.225363e+07  ...                 7.621450                 7.189085                 7.465106                 7.433782                 0.270816              0.007978
                NSGA-II:TOPSIS       63         20        43    3.262819e+09            5.179078e+07  ...                 7.089589                 6.644120                 7.127480                 6.366443                 0.391421              0.012468
                  NSGA-II:knee       30          8        22    1.500399e+09            5.001329e+07  ...                 8.372015                 8.361711                 8.351430                 8.953321                 0.112994              0.002978
     Baseline:max_coverage_p10       10          1         9    5.387662e+08            5.387662e+07  ...                 9.918240                10.571458                10.474504                10.392920                 0.646174              0.013906
         Baseline:p_center_p30       18         11         7    1.112754e+09            6.181967e+07  ...                 9.172633                 7.633626                 8.064435                 7.498698                 1.372855              0.036518
         Baseline:p_center_p20       18         13         5    1.068525e+09            5.936249e+07  ...                 9.162357                 7.499069                 8.038995                 7.476068                 1.480680              0.039604
      Baseline:max_coverage_p9        9          2         7    4.590026e+08            5.100028e+07  ...                10.246192                10.711876                10.327703                10.665677                 0.475927              0.010166
         Baseline:p_median_p20       20          7        13    9.464229e+08            4.732115e+07  ...                 8.783945                 7.488676                 8.186749                 7.757596                 1.046719              0.028328
              IP:cost_priority       10          9         1    3.045501e+08            3.045501e+07  ...                10.636959                 9.394341                 9.634450                 9.804082                 1.006519              0.022473
       NSGA-II:best_total_cost       10          9         1    3.045501e+08            3.045501e+07  ...                10.636959                 9.394341                 9.634450                 9.804082                 1.006519              0.022473
          IP:coverage_priority        9          4         5    4.315223e+08            4.794692e+07  ...                10.620835                 9.568612                 9.858103                 9.665778                 0.807664              0.017898
         Baseline:set_covering        9          4         5    4.315223e+08            4.794692e+07  ...                10.620835                 9.568612                 9.858103                 9.665778                 0.807664              0.017898
         Baseline:p_median_p10       10          3         7    4.996868e+08            4.996868e+07  ...                 9.368615                 9.686569                 9.196076                 9.882987                 0.495589              0.011785
          Baseline:p_median_p9        9          3         6    5.132201e+08            5.702445e+07  ...                 9.235295                 9.572328                 9.485806                 9.868601                 0.331931              0.007776
00:55:08 INFO    evtol_siting.viz3d         研究区边界已导出
00:55:08 INFO    evtol_siting.viz3d         候选点已导出: 屋顶型 351，地面型 1201
00:55:08 INFO    evtol_siting.viz3d         需求单元 2519 个、人群类 7 个已导出
00:55:08 INFO    evtol_siting.viz3d         帕累托前沿 100 个解已导出
00:55:08 INFO    evtol_siting.viz3d         三维数据包已导出: evtol_siting\viz3d\evtol_data.js (0.41 MB)
00:55:09 INFO    evtol_siting.pipeline      结果已保存到 evtol_siting\outputs\data
00:55:09 INFO    export_3d                  ======================================================================
00:55:09 INFO    export_3d                   完成。打开三维视图：
00:55:09 INFO    export_3d                     evtol_siting\viz3d\chengdu_evtol_3d.html
00:55:09 INFO    export_3d                   数据: evtol_data.js
00:55:09 INFO    export_3d                  ======================================================================
00:58:33 INFO    root                       token 已写入 cesium_token.js（<已省略>…，181 字符）
00:58:34 INFO    export_3d                  运行阶段一：候选起降场筛选
00:58:34 INFO    evtol_siting.pipeline      ============================================================
00:58:34 INFO    evtol_siting.pipeline      阶段一：基于 GIS 的候选起降场筛选
00:58:34 INFO    evtol_siting.pipeline      ============================================================
00:58:34 INFO    evtol_siting.pipeline      解析 PBF 提取包: sichuan-latest.osm.pbf
00:58:55 INFO    evtol_siting.data.pbf        已扫描 200000 个候选要素…
00:59:19 INFO    evtol_siting.data.pbf        已扫描 400000 个候选要素…
00:59:41 INFO    evtol_siting.data.pbf        已扫描 600000 个候选要素…
01:00:06 INFO    evtol_siting.data.pbf        已扫描 800000 个候选要素…
01:00:22 INFO    evtol_siting.data.pbf        buildings          69675 个要素
01:00:22 INFO    evtol_siting.data.pbf        poi                 8159 个要素
01:00:23 INFO    evtol_siting.data.pbf        roads              42272 个要素
01:00:23 INFO    evtol_siting.data.pbf        landuse             8430 个要素
01:00:23 INFO    evtol_siting.data.pbf        water               2252 个要素
01:00:23 INFO    evtol_siting.data.pbf        airports            1364 个要素
01:00:23 INFO    evtol_siting.data.pbf      PBF 解析完成（扫描 921830 个候选要素，输出 6 个图层）
01:00:23 INFO    evtol_siting.data.rasters  建筑高度栅格已存在: evtol_siting\data\raw\height\chengdu_building_height_10m.tif
01:00:30 INFO    evtol_siting.data.heights  高度栅格提供了 49162 栋建筑的高度（覆盖 70.6%）
01:00:30 INFO    evtol_siting.data.heights  分位数回归填补了 14650 栋建筑的高度（中位数 18.6 m）
01:00:30 INFO    evtol_siting.data.heights  高度融合结果（共 69675 栋）:
    raster_height     70.6%
    imputed           21.0%
    osm_levels         7.3%
    osm_height         1.1%
01:00:30 INFO    evtol_siting.data.heights      有标签覆盖率: 8.4% -> 融合后覆盖率: 100.0%
01:00:30 INFO    evtol_siting.data.rasters  人口栅格已存在: evtol_siting\data\raw\population\chengdu_population_100m.tif
01:00:30 INFO    evtol_siting.data.rasters  收入策略 = poi_index：经济活动指数将在阶段二由 OSM POI 构成计算（见 stage2_demand.build_poi_economic_index）
01:00:30 INFO    evtol_siting.data.rasters  DEM 已存在: evtol_siting\data\raw\dem\chengdu_dem_30m.tif
01:00:35 INFO    evtol_siting.data.rasters  坡度栅格已生成: evtol_siting\data\interim\slope.tif
01:00:35 INFO    evtol_siting.geo           栅格化完成: 单元边长 500 m, 单元数 2519, 覆盖 629.8 km²
01:00:35 INFO    evtol_siting.stage1_candidates 屋顶型筛选: 1430 / 69675 栋建筑满足 h>=20m 且 A_roof>=1600m² (2.05%)
01:00:35 INFO    evtol_siting.stage1_candidates   排除 用地类型: 30 个单元（1.2%）
01:00:35 INFO    evtol_siting.stage1_candidates   排除 水域: 55 个单元（2.2%）
01:00:36 INFO    evtol_siting.stage1_candidates   建筑覆盖率判据 (max=0.55): 剔除 4 个单元（保留 2430）；覆盖率中位数 0.05
01:00:36 INFO    evtol_siting.stage1_candidates 坡度判据: 2430 / 2430 单元满足 slope<=15° (剔除 0)
01:00:36 INFO    evtol_siting.stage1_candidates 地面型筛选: 2430 个候选（用地排除 -89，坡度排除后）
01:00:36 INFO    evtol_siting.stage1_candidates 地面型候选已按路网可达性重新评分（中位距离 91 m）
01:00:36 INFO    evtol_siting.stage1_candidates 已为 1430 个缺少 cell_id 的候选（屋顶型）补齐所属栅格单元（补齐后 3770/3860 有 cell_id）
01:00:36 INFO    evtol_siting.stage1_candidates   90 个候选落在栅格之外，改用坐标分桶作为 cell_id
01:00:36 INFO    evtol_siting.stage1_candidates   民用机场要素 1295 个：按 eVTOL 可设站中转处理，**不排除**
01:00:36 INFO    evtol_siting.stage1_candidates   军用机场净空区 (r=4000m): 剔除 708 个候选（占 18.3%）
01:00:36 INFO    evtol_siting.stage1_candidates   既有直升机场 (r=1000m): 剔除 178 个候选（占 4.6%）
01:00:36 INFO    evtol_siting.stage1_candidates 安全排除后剩余 3023 个候选（原有 3860）
01:00:37 INFO    evtol_siting.stage1_candidates   [ground] 类别内稀释: 1905 -> 1905
01:00:37 INFO    evtol_siting.stage1_candidates   [rooftop] 类别内稀释: 1000 -> 359
01:00:37 INFO    evtol_siting.stage1_candidates 密度稀释 (c_min=500m, 每栅格<=3): 3023 -> 1552 个候选 （配额 -118，类别内间距 -641，跨类别冲突 -712）；构成: {'ground': 1201, 'rooftop': 351}
01:00:37 INFO    evtol_siting.stage1_candidates 阶段一完成: 1552 个候选起降场（屋顶型 351，地面型 1201）
01:00:37 INFO    export_3d                  运行阶段二：K-Means 人群分类
01:00:37 INFO    evtol_siting.pipeline      ============================================================
01:00:37 INFO    evtol_siting.pipeline      阶段二：K-means 人群分类与需求空间化
01:00:37 INFO    evtol_siting.pipeline      ============================================================
01:00:37 INFO    evtol_siting.data.dasymetric 人口栅格分辨率 80 m 细于需求格网 500 m —— 分区求和已是正确的格网人口总量，**体积重分配在此不产生作用**，直接使用分区求和。（体积权重的价值在于把人口摊到建筑上做更细的分析，需 force=True）
01:00:37 WARNING evtol_siting.data.dasymetric 退化为按分区求和（假设人口在格网内均匀分布）
01:00:51 INFO    evtol_siting.stage2_demand 人口分配方式对比（论文 Table 用）:
    method  total_population  n_nonzero_cells  mean_per_cell  std_per_cell       cv     max_cell  top1pct_share     gini
dasymetric      7.712263e+06             2517    3061.636823   2504.238782 0.817941 12360.637527       0.032418 0.458119
   uniform      7.712263e+06             2517    3061.636823   2504.238782 0.817941 12360.637527       0.032418 0.458119
01:00:51 INFO    evtol_siting.stage2_demand 人口: 合计 7712263 人，单元中位数 2567 人（来源: zonal_sum）
01:00:51 INFO    evtol_siting.stage2_demand 未提供外部收入数据，将使用 OSM POI 构成的经济活动指数作为代理（见 data/rasters.py::build_poi_economic_index 的说明与局限）
01:00:51 INFO    evtol_siting.stage2_demand POI: 研究区内 7442 个，单元密度中位数 0 个/km²
01:00:51 INFO    evtol_siting.data.rasters  POI 经济活动指数: 范围 [0.000, 5.759]，中位数 0.000（加权 POI 总数 7949）
01:00:58 INFO    evtol_siting.stage2_demand K 选择 (silhouette): K=7，得分 0.7798，各 K 得分 {3: 0.7395, 4: 0.7588, 5: 0.7733, 6: 0.7722, 7: 0.7798, 8: 0.7784}
01:00:58 INFO    evtol_siting.choice_model  收入阶梯（K=7）: 1,868  2,799  3,613  4,500  5,605  7,236  10,840
01:00:58 INFO    evtol_siting.choice_model  时间价值: 5.4  8.0  10.4  12.9  16.1  20.8  31.1 元/小时（对应月收入 1,868  2,799  3,613  4,500  5,605  7,236  10,840）
01:00:58 INFO    evtol_siting.choice_model  时间价值: 1.1  1.2  1.4  1.6  1.9  2.2  2.5  2.9  3.3  3.8  4.4  5.0  5.8  6.6  7.6  8.7  10.0  11.5  13.3  15.2  17.5  20.1  23.1  26.6 元/小时（对应月收入 377  433  498  573  658  756  869  999  1,148  1,319  1,516  1,743  2,003  2,302  2,645  3,040  3,494  4,015  4,615  5,304  6,095  7,005  8,051  9,253）
01:00:58 INFO    evtol_siting.choice_model  时间价值: 1.6  1.9  2.1  2.5  2.8  3.3  3.7  4.3  4.9  5.7  6.5  7.5  8.6  9.9  11.4  13.1  15.0  17.3  19.9  22.8  26.2  30.2  34.7  39.8 元/小时（对应月收入 565  649  746  858  986  1,133  1,302  1,496  1,720  1,976  2,271  2,610  3,000  3,448  3,963  4,554  5,234  6,015  6,913  7,945  9,131  10,494  12,061  13,861）
01:00:58 INFO    evtol_siting.choice_model  时间价值: 2.1  2.4  2.8  3.2  3.7  4.2  4.8  5.6  6.4  7.3  8.4  9.7  11.1  12.8  14.7  16.9  19.4  22.3  25.6  29.5  33.9  38.9  44.7  51.4 元/小时（对应月收入 729  838  963  1,107  1,272  1,462  1,681  1,932  2,220  2,551  2,932  3,370  3,873  4,451  5,115  5,879  6,756  7,765  8,924  10,256  11,787  13,547  15,569  17,893）
01:00:58 INFO    evtol_siting.choice_model  时间价值: 2.6  3.0  3.4  4.0  4.6  5.2  6.0  6.9  7.9  9.1  10.5  12.1  13.9  15.9  18.3  21.0  24.2  27.8  31.9  36.7  42.2  48.5  55.7  64.0 元/小时（对应月收入 909  1,044  1,200  1,379  1,585  1,822  2,094  2,406  2,765  3,178  3,652  4,198  4,824  5,544  6,372  7,323  8,416  9,673  11,116  12,776  14,683  16,875  19,394  22,289）
01:00:58 INFO    evtol_siting.choice_model  时间价值: 3.3  3.7  4.3  4.9  5.7  6.5  7.5  8.6  9.9  11.4  13.1  15.0  17.3  19.8  22.8  26.2  30.1  34.6  39.8  45.7  52.6  60.4  69.4  79.8 元/小时（对应月收入 1,132  1,301  1,495  1,718  1,974  2,269  2,608  2,997  3,445  3,959  4,550  5,229  6,009  6,906  7,937  9,122  10,484  12,049  13,847  15,914  18,290  21,020  24,158  27,764）
01:00:58 INFO    evtol_siting.choice_model  时间价值: 4.2  4.8  5.5  6.4  7.3  8.4  9.7  11.1  12.8  14.7  16.9  19.4  22.3  25.6  29.4  33.8  38.9  44.7  51.4  59.0  67.8  78.0  89.6  103.0 元/小时（对应月收入 1,461  1,679  1,930  2,218  2,549  2,929  3,366  3,869  4,446  5,110  5,873  6,750  7,757  8,915  10,246  11,775  13,533  15,553  17,875  20,543  23,610  27,134  31,185  35,840）
01:00:58 INFO    evtol_siting.choice_model  时间价值: 6.3  7.2  8.3  9.5  11.0  12.6  14.5  16.7  19.1  22.0  25.3  29.1  33.4  38.4  44.1  50.7  58.3  67.0  76.9  88.4  101.6  116.8  134.2  154.3 元/小时（对应月收入 2,189  2,515  2,891  3,322  3,818  4,388  5,043  5,796  6,661  7,655  8,798  10,111  11,621  13,355  15,349  17,640  20,273  23,300  26,778  30,775  35,369  40,648  46,716  53,690）
01:00:58 INFO    evtol_siting.choice_model  选择模型 [区域内积分（σ_within=0.4）]: 出行 15 km，地面 55 分钟 / 57 元，eVTOL 24 分钟 / 130 元，节省 31 分钟；采用概率 0.0564–0.0988（类间比 1.75）
01:00:58 INFO    evtol_siting.choice_model  各类人群采用概率:
 cluster  monthly_income_cny  vot_cny_per_h  p_evtol  demand_rate
       3              1868.0           5.37  0.05642     0.005642
       0              2799.0           8.04  0.05974     0.005974
       5              3613.0          10.38  0.06283     0.006283
       2              4500.0          12.93  0.06638     0.006638
       4              5605.0          16.11  0.07112     0.007112
       6              7236.0          20.79  0.07876     0.007876
       1             10840.0          31.15  0.09879     0.009879
01:00:58 INFO    evtol_siting.stage2_demand K-means 聚类完成: K=7，总需求 48720 次/日，总人口 7712263 人
01:00:58 INFO    evtol_siting.stage2_demand 类画像:
 cluster  n_cells   population  income_mean  poi_density_mean  trip_rate  monthly_income_cny  vot_cny_per_h  p_evtol  demand_trips_per_day k_selection
       3     1391 2.642034e+06     0.000000          0.000000   0.005642              1868.0           5.37  0.05642          14906.353102  silhouette
       0      327 9.403271e+05     1.533906          5.321101   0.005974              2799.0           8.04  0.05974           5617.513868  silhouette
       5      321 1.318767e+06     2.598605         13.059190   0.006283              3613.0          10.38  0.06283           8285.811407  silhouette
       2      260 1.389814e+06     3.361789         29.492308   0.006638              4500.0          12.93  0.06638           9225.585950  silhouette
       4      145 9.081153e+05     4.000721         55.172414   0.007112              5605.0          16.11  0.07112           6458.515785  silhouette
       6       62 4.214043e+05     4.560623         96.000000   0.007876              7236.0          20.79  0.07876           3318.980346  silhouette
       1       13 9.180217e+04     5.021334        170.461538   0.009879             10840.0          31.15  0.09879            906.913644  silhouette
01:00:59 INFO    export_3d                  运行阶段三：0-1 整数规划
01:00:59 INFO    evtol_siting.pipeline      ============================================================
01:00:59 INFO    evtol_siting.pipeline      阶段三：0-1 整数规划选址
01:00:59 INFO    evtol_siting.pipeline      ============================================================
01:00:59 INFO    evtol_siting.stage3_ip     [cost_priority] 需求单元 2519 个（核心 1008 个，阈值 分位数 0.60（>=20.0 次/日）），候选 1552 个，接驳时间预算 15.0 分钟，设施上限 20
01:01:01 INFO    evtol_siting.stage3_ip     [cost_priority] 最优解: 10 个起降场，总成本 3.05 亿元，需求覆盖率 96.8%，人口覆盖率 96.4%（耗时 1.62s）
01:01:01 INFO    evtol_siting.stage3_ip     [coverage_priority] 需求单元 2519 个（核心 1008 个，阈值 分位数 0.60（>=20.0 次/日）），候选 1552 个，接驳时间预算 15.0 分钟，设施上限 35
01:01:03 INFO    evtol_siting.stage3_ip     [coverage_priority] 最优解: 9 个起降场，总成本 4.32 亿元，需求覆盖率 96.2%，人口覆盖率 95.7%（耗时 1.23s）
01:01:03 INFO    evtol_siting.stage3_ip     阶段三完成: 2 个情景求解成功（cost_priority=Optimal, coverage_priority=Optimal）
01:01:03 INFO    export_3d                  运行阶段四：NSGA-II 多目标优化
01:01:03 INFO    evtol_siting.pipeline      ============================================================
01:01:03 INFO    evtol_siting.pipeline      阶段四：NSGA-II 多目标优化
01:01:03 INFO    evtol_siting.pipeline      ============================================================
01:01:03 INFO    evtol_siting.stage4_nsga2  问题实例: 2519 个需求单元（核心 1008），1552 个候选；接驳预算 15.0 分钟；单点最大可覆盖 310 个核心单元（占核心 30.8%）
01:01:03 INFO    evtol_siting.pipeline      已注入 2 个 IP 最优解作为初始种群种子
01:01:03 INFO    evtol_siting.nsga2_core    初始种群: 100 个个体 × 1552 维，站点数 区间 (12, 400)（区间初始化，自由规模）
01:01:04 INFO    evtol_siting.nsga2_core      第   0 代: 前沿  92 个解, HV=6.042e+08, 最优目标1=0, 累计评估 164
01:01:08 INFO    evtol_siting.nsga2_core      第  10 代: 前沿 100 个解, HV=6.042e+08, 最优目标1=0, 累计评估 673
01:01:11 INFO    evtol_siting.nsga2_core      第  20 代: 前沿 100 个解, HV=6.042e+08, 最优目标1=0, 累计评估 1202
01:01:15 INFO    evtol_siting.nsga2_core      第  30 代: 前沿 100 个解, HV=6.042e+08, 最优目标1=0, 累计评估 1759
01:01:19 INFO    evtol_siting.nsga2_core      第  40 代: 前沿 100 个解, HV=6.042e+08, 最优目标1=0, 累计评估 2342
01:01:22 INFO    evtol_siting.nsga2_core      第  50 代: 前沿 100 个解, HV=6.042e+08, 最优目标1=0, 累计评估 2944
01:01:26 INFO    evtol_siting.nsga2_core      第  60 代: 前沿 100 个解, HV=6.042e+08, 最优目标1=0, 累计评估 3559
01:01:30 INFO    evtol_siting.nsga2_core      第  70 代: 前沿 100 个解, HV=6.042e+08, 最优目标1=0, 累计评估 4193
01:01:32 INFO    evtol_siting.nsga2_core      第  80 代: 前沿 100 个解, HV=6.042e+08, 最优目标1=0, 累计评估 4841
01:01:34 INFO    evtol_siting.nsga2_core      第  90 代: 前沿 100 个解, HV=6.042e+08, 最优目标1=0, 累计评估 5494
01:01:35 INFO    evtol_siting.nsga2_core      第  99 代: 前沿 100 个解, HV=6.042e+08, 最优目标1=0, 累计评估 6105
01:01:35 INFO    export_3d                  计算方案指标与单目标基线对比
01:01:35 INFO    evtol_siting.pipeline      ============================================================
01:01:35 INFO    evtol_siting.pipeline      评价：方案指标与基线对比
01:01:35 INFO    evtol_siting.pipeline      ============================================================
01:01:36 INFO    evtol_siting.baselines     基线求解：13 个 MILP，6 路并发（本机 20 核）
01:01:39 INFO    evtol_siting.baselines     [p_median_p9] p=9: 2519 个需求单元 × 25 近邻 = 62943 个分配变量
01:01:39 INFO    evtol_siting.baselines     [p_median_p10] p=10: 2519 个需求单元 × 25 近邻 = 62943 个分配变量
01:01:41 INFO    evtol_siting.baselines     [set_covering] -> 9 个设施，耗时 4.6s
01:01:45 INFO    evtol_siting.baselines     [p_median_p10] p=10 -> 10 个设施，目标 130735.7，耗时 8.5s
01:01:46 INFO    evtol_siting.baselines     [p_median_p20] p=20: 2519 个需求单元 × 25 近邻 = 62943 个分配变量
01:01:48 WARNING evtol_siting.baselines     [p_center_p10] 未找到可行解（p=10 过小？）
01:01:48 WARNING evtol_siting.baselines     [p_center_p9] 未找到可行解（p=9 过小？）
01:01:54 INFO    evtol_siting.baselines     [p_center_p20] p=20 -> 18 个设施，最大接驳时间 11.10 分钟，耗时 6.7s
01:01:56 INFO    evtol_siting.baselines     [p_median_p30] p=30: 2519 个需求单元 × 25 近邻 = 62943 个分配变量
01:01:57 INFO    evtol_siting.baselines     [max_coverage_p20] p=20 -> 20 个设施，覆盖需求 48720，耗时 9.5s
01:02:04 INFO    evtol_siting.baselines     [p_center_p30] p=30 -> 18 个设施，最大接驳时间 11.10 分钟，耗时 6.8s
01:02:16 INFO    evtol_siting.baselines     [max_coverage_p30] p=30 -> 16 个设施，覆盖需求 48720，耗时 12.0s
01:03:18 INFO    evtol_siting.baselines     [p_median_p9] p=9 -> 9 个设施，目标 123730.3，耗时 101.9s
01:06:43 INFO    evtol_siting.baselines     [max_coverage_p9] p=9 -> 9 个设施，覆盖需求 47917，耗时 306.6s
01:06:43 INFO    evtol_siting.baselines     [max_coverage_p10] p=10 -> 10 个设施，覆盖需求 48293，耗时 302.2s
01:06:53 INFO    evtol_siting.baselines     [p_median_p20] p=20 -> 20 个设施，目标 193047.2，耗时 308.8s
01:07:05 INFO    evtol_siting.baselines     [p_median_p30] p=30 -> 30 个设施，目标 224716.9，耗时 310.4s
01:07:05 INFO    evtol_siting.baselines     基线求解完成: 11/13 成功，墙钟 329s
01:07:05 INFO    evtol_siting.baselines     基线结果已缓存: baselines_4c91092f3e338b4dd1439e1b855b5bc4.json
01:07:05 INFO    evtol_siting.pipeline      方案对比表:
                         label  n_sites  n_rooftop  n_ground  total_cost_cny  mean_cost_per_site_cny  ...  group_3_access_time_min  group_4_access_time_min  group_5_access_time_min  group_6_access_time_min  income_quintile_gap_min  income_quintile_gini
     Baseline:max_coverage_p30       16          5        11    7.785624e+08            4.866015e+07  ...                 9.030272                10.409376                 9.745637                 9.964477                 0.735750              0.016685
  NSGA-II:best_unserved_demand      244         68       176    1.258299e+10            5.156965e+07  ...                 5.224242                 4.859232                 5.566862                 4.983739                 0.322142              0.013694
NSGA-II:best_total_access_time      362         88       274    1.890187e+10            5.221511e+07  ...                 4.691752                 4.592684                 4.816357                 4.443320                 0.243349              0.011474
         NSGA-II:best_inequity      362         88       274    1.890187e+10            5.221511e+07  ...                 4.691752                 4.592684                 4.816357                 4.443320                 0.243349              0.011474
     Baseline:max_coverage_p20       20          8        12    9.157887e+08            4.578944e+07  ...                 9.211831                 9.260169                 9.274347                 8.395979                 0.074442              0.001813
         Baseline:p_median_p30       30          9        21    1.578616e+09            5.262053e+07  ...                 7.789684                 7.058186                 7.265048                 7.582499                 0.554883              0.016443
                NSGA-II:TOPSIS       63         20        43    3.262819e+09            5.179078e+07  ...                 7.150362                 6.558464                 7.024682                 6.318024                 0.391421              0.012468
                  NSGA-II:knee       30          8        22    1.500399e+09            5.001329e+07  ...                 8.293533                 8.354400                 8.278704                 8.831107                 0.112994              0.002978
     Baseline:max_coverage_p10       10          2         8    5.814912e+08            5.814912e+07  ...                 9.951739                10.372399                10.554482                10.666623                 0.556847              0.012029
         Baseline:p_center_p30       18         11         7    1.112754e+09            6.181967e+07  ...                 8.233001                 7.649083                 7.801180                 7.380970                 1.372855              0.036518
         Baseline:p_center_p20       18         13         5    1.068525e+09            5.936249e+07  ...                 8.224998                 7.493904                 7.789662                 7.396170                 1.480680              0.039604
      Baseline:max_coverage_p9        9          2         7    4.590026e+08            5.100028e+07  ...                 9.793066                10.659369                10.399958                10.609513                 0.475927              0.010166
         Baseline:p_median_p20       20          8        12    9.208615e+08            4.604308e+07  ...                 8.535662                 7.675793                 7.914169                 8.212693                 0.823257              0.022198
              IP:cost_priority       10          9         1    3.045501e+08            3.045501e+07  ...                10.202185                 9.427553                 9.594964                 9.972610                 1.006519              0.022473
       NSGA-II:best_total_cost       10          9         1    3.045501e+08            3.045501e+07  ...                10.202185                 9.427553                 9.594964                 9.972610                 1.006519              0.022473
          IP:coverage_priority        9          4         5    4.315223e+08            4.794692e+07  ...                10.501543                 9.742233                 9.959753                10.028436                 0.807664              0.017898
         Baseline:set_covering        9          4         5    4.315223e+08            4.794692e+07  ...                10.501543                 9.742233                 9.959753                10.028436                 0.807664              0.017898
         Baseline:p_median_p10       10          3         7    4.996868e+08            4.996868e+07  ...                 9.038527                 9.892614                 9.213607                10.154498                 0.495589              0.011785
          Baseline:p_median_p9        9          3         6    5.132201e+08            5.702445e+07  ...                 8.878627                 9.777741                 9.520226                10.076121                 0.331931              0.007776
01:07:05 INFO    evtol_siting.viz3d         研究区边界已导出
01:07:05 INFO    evtol_siting.viz3d         候选点已导出: 屋顶型 351，地面型 1201
01:07:05 INFO    evtol_siting.viz3d         需求单元 2519 个、人群类 7 个已导出
01:07:05 INFO    evtol_siting.viz3d         帕累托前沿 100 个解已导出
01:07:05 INFO    evtol_siting.viz3d         三维数据包已导出: evtol_siting\viz3d\evtol_data.js (0.41 MB)
01:07:05 INFO    evtol_siting.pipeline      结果已保存到 evtol_siting\outputs\data
01:07:05 INFO    export_3d                  ======================================================================
01:07:05 INFO    export_3d                   完成。打开三维视图：
01:07:05 INFO    export_3d                     evtol_siting\viz3d\chengdu_evtol_3d.html
01:07:05 INFO    export_3d                   数据: evtol_data.js
01:07:05 INFO    export_3d                  ======================================================================
11:32:04 INFO    root                       token 已写入 cesium_token.js（<已省略>…，181 字符）
11:32:07 INFO    export_3d                  运行阶段一：候选起降场筛选
11:32:08 INFO    evtol_siting.pipeline      ============================================================
11:32:08 INFO    evtol_siting.pipeline      阶段一：基于 GIS 的候选起降场筛选
11:32:08 INFO    evtol_siting.pipeline      ============================================================
11:32:08 INFO    evtol_siting.pipeline      解析 PBF 提取包: sichuan-latest.osm.pbf
11:32:16 INFO    evtol_siting.data.pbf        已扫描 200000 个候选要素…
11:32:25 INFO    evtol_siting.data.pbf        已扫描 400000 个候选要素…
11:32:34 INFO    evtol_siting.data.pbf        已扫描 600000 个候选要素…
11:32:44 INFO    evtol_siting.data.pbf        已扫描 800000 个候选要素…
11:32:56 INFO    evtol_siting.data.pbf        buildings          69675 个要素
11:32:57 INFO    evtol_siting.data.pbf        poi                 8159 个要素
11:32:58 INFO    evtol_siting.data.pbf        roads              42272 个要素
11:32:58 INFO    evtol_siting.data.pbf        landuse             8430 个要素
11:32:58 INFO    evtol_siting.data.pbf        water               2252 个要素
11:32:58 INFO    evtol_siting.data.pbf        airports            1364 个要素
11:32:58 INFO    evtol_siting.data.pbf      PBF 解析完成（扫描 921830 个候选要素，输出 6 个图层）
11:32:58 INFO    evtol_siting.data.rasters  建筑高度栅格已存在: evtol_siting\data\raw\height\chengdu_building_height_10m.tif
11:33:06 INFO    evtol_siting.data.heights  高度栅格提供了 49162 栋建筑的高度（覆盖 70.6%）
11:33:06 INFO    evtol_siting.data.heights  分位数回归填补了 14650 栋建筑的高度（中位数 18.6 m）
11:33:06 INFO    evtol_siting.data.heights  高度融合结果（共 69675 栋）:
    raster_height     70.6%
    imputed           21.0%
    osm_levels         7.3%
    osm_height         1.1%
11:33:06 INFO    evtol_siting.data.heights      有标签覆盖率: 8.4% -> 融合后覆盖率: 100.0%
11:33:06 INFO    evtol_siting.data.rasters  人口栅格已存在: evtol_siting\data\raw\population\chengdu_population_100m.tif
11:33:06 INFO    evtol_siting.data.rasters  收入策略 = poi_index：经济活动指数将在阶段二由 OSM POI 构成计算（见 stage2_demand.build_poi_economic_index）
11:33:06 INFO    evtol_siting.data.rasters  DEM 已存在: evtol_siting\data\raw\dem\chengdu_dem_30m.tif
11:33:11 INFO    evtol_siting.data.rasters  坡度栅格已生成: evtol_siting\data\interim\slope.tif
11:33:11 INFO    evtol_siting.geo           栅格化完成: 单元边长 500 m, 单元数 2519, 覆盖 629.8 km²
11:33:11 INFO    evtol_siting.stage1_candidates 屋顶型筛选: 1430 / 69675 栋建筑满足 h>=20m 且 A_roof>=1600m² (2.05%)
11:33:11 INFO    evtol_siting.stage1_candidates   排除 用地类型: 30 个单元（1.2%）
11:33:11 INFO    evtol_siting.stage1_candidates   排除 水域: 55 个单元（2.2%）
11:33:12 INFO    evtol_siting.stage1_candidates   建筑覆盖率判据 (max=0.55): 剔除 4 个单元（保留 2430）；覆盖率中位数 0.05
11:33:12 INFO    evtol_siting.stage1_candidates 坡度判据: 2430 / 2430 单元满足 slope<=15° (剔除 0)
11:33:12 INFO    evtol_siting.stage1_candidates 地面型筛选: 2430 个候选（用地排除 -89，坡度排除后）
11:33:12 INFO    evtol_siting.stage1_candidates 地面型候选已按路网可达性重新评分（中位距离 91 m）
11:33:12 INFO    evtol_siting.stage1_candidates 已为 1430 个缺少 cell_id 的候选（屋顶型）补齐所属栅格单元（补齐后 3770/3860 有 cell_id）
11:33:12 INFO    evtol_siting.stage1_candidates   90 个候选落在栅格之外，改用坐标分桶作为 cell_id
11:33:12 INFO    evtol_siting.stage1_candidates   口径 all_aeroway：1298 个非直升要素全部按运输机场处理
11:33:12 INFO    evtol_siting.stage1_candidates   军用机场净空区 (r=4000m): 剔除 1472 个候选（占 38.1%）
11:33:12 INFO    evtol_siting.stage1_candidates   既有直升机场 (r=1000m): 剔除 178 个候选（占 4.6%）
11:33:12 INFO    evtol_siting.stage1_candidates 安全排除后剩余 2344 个候选（原有 3860）
11:33:12 INFO    evtol_siting.stage1_candidates   [ground] 类别内稀释: 1581 -> 1581
11:33:12 INFO    evtol_siting.stage1_candidates   [rooftop] 类别内稀释: 693 -> 258
11:33:13 INFO    evtol_siting.stage1_candidates 密度稀释 (c_min=500m, 每栅格<=3): 2344 -> 1332 个候选 （配额 -70，类别内间距 -435，跨类别冲突 -507）；构成: {'ground': 1076, 'rooftop': 256}
11:33:13 INFO    evtol_siting.stage1_candidates 阶段一完成: 1332 个候选起降场（屋顶型 256，地面型 1076）
11:33:13 INFO    export_3d                  运行阶段二：K-Means 人群分类
11:33:13 INFO    evtol_siting.pipeline      ============================================================
11:33:13 INFO    evtol_siting.pipeline      阶段二：K-means 人群分类与需求空间化
11:33:13 INFO    evtol_siting.pipeline      ============================================================
11:33:13 INFO    evtol_siting.data.dasymetric 人口栅格分辨率 80 m 细于需求格网 500 m —— 分区求和已是正确的格网人口总量，**体积重分配在此不产生作用**，直接使用分区求和。（体积权重的价值在于把人口摊到建筑上做更细的分析，需 force=True）
11:33:13 WARNING evtol_siting.data.dasymetric 退化为按分区求和（假设人口在格网内均匀分布）
11:33:26 INFO    evtol_siting.stage2_demand 人口分配方式对比（论文 Table 用）:
    method  total_population  n_nonzero_cells  mean_per_cell  std_per_cell       cv     max_cell  top1pct_share     gini
dasymetric      7.712263e+06             2517    3061.636823   2504.238782 0.817941 12360.637527       0.032418 0.458119
   uniform      7.712263e+06             2517    3061.636823   2504.238782 0.817941 12360.637527       0.032418 0.458119
11:33:26 INFO    evtol_siting.stage2_demand 人口: 合计 7712263 人，单元中位数 2567 人（来源: zonal_sum）
11:33:26 INFO    evtol_siting.stage2_demand 未提供外部收入数据，将使用 OSM POI 构成的经济活动指数作为代理（见 data/rasters.py::build_poi_economic_index 的说明与局限）
11:33:26 INFO    evtol_siting.stage2_demand POI: 研究区内 7442 个，单元密度中位数 0 个/km²
11:33:26 INFO    evtol_siting.data.rasters  POI 经济活动指数: 范围 [0.000, 5.759]，中位数 0.000（加权 POI 总数 7949）
11:33:38 INFO    evtol_siting.stage2_demand K 选择 (silhouette): K=7，得分 0.7798，各 K 得分 {3: 0.7395, 4: 0.7588, 5: 0.7733, 6: 0.7722, 7: 0.7798, 8: 0.7784}
11:33:38 INFO    evtol_siting.choice_model  收入阶梯（K=7）: 1,868  2,799  3,613  4,500  5,605  7,236  10,840
11:33:38 INFO    evtol_siting.choice_model  时间价值: 5.4  8.0  10.4  12.9  16.1  20.8  31.1 元/小时（对应月收入 1,868  2,799  3,613  4,500  5,605  7,236  10,840）
11:33:38 INFO    evtol_siting.choice_model  时间价值: 1.1  1.2  1.4  1.6  1.9  2.2  2.5  2.9  3.3  3.8  4.4  5.0  5.8  6.6  7.6  8.7  10.0  11.5  13.3  15.2  17.5  20.1  23.1  26.6 元/小时（对应月收入 377  433  498  573  658  756  869  999  1,148  1,319  1,516  1,743  2,003  2,302  2,645  3,040  3,494  4,015  4,615  5,304  6,095  7,005  8,051  9,253）
11:33:38 INFO    evtol_siting.choice_model  时间价值: 1.6  1.9  2.1  2.5  2.8  3.3  3.7  4.3  4.9  5.7  6.5  7.5  8.6  9.9  11.4  13.1  15.0  17.3  19.9  22.8  26.2  30.2  34.7  39.8 元/小时（对应月收入 565  649  746  858  986  1,133  1,302  1,496  1,720  1,976  2,271  2,610  3,000  3,448  3,963  4,554  5,234  6,015  6,913  7,945  9,131  10,494  12,061  13,861）
11:33:38 INFO    evtol_siting.choice_model  时间价值: 2.1  2.4  2.8  3.2  3.7  4.2  4.8  5.6  6.4  7.3  8.4  9.7  11.1  12.8  14.7  16.9  19.4  22.3  25.6  29.5  33.9  38.9  44.7  51.4 元/小时（对应月收入 729  838  963  1,107  1,272  1,462  1,681  1,932  2,220  2,551  2,932  3,370  3,873  4,451  5,115  5,879  6,756  7,765  8,924  10,256  11,787  13,547  15,569  17,893）
11:33:38 INFO    evtol_siting.choice_model  时间价值: 2.6  3.0  3.4  4.0  4.6  5.2  6.0  6.9  7.9  9.1  10.5  12.1  13.9  15.9  18.3  21.0  24.2  27.8  31.9  36.7  42.2  48.5  55.7  64.0 元/小时（对应月收入 909  1,044  1,200  1,379  1,585  1,822  2,094  2,406  2,765  3,178  3,652  4,198  4,824  5,544  6,372  7,323  8,416  9,673  11,116  12,776  14,683  16,875  19,394  22,289）
11:33:38 INFO    evtol_siting.choice_model  时间价值: 3.3  3.7  4.3  4.9  5.7  6.5  7.5  8.6  9.9  11.4  13.1  15.0  17.3  19.8  22.8  26.2  30.1  34.6  39.8  45.7  52.6  60.4  69.4  79.8 元/小时（对应月收入 1,132  1,301  1,495  1,718  1,974  2,269  2,608  2,997  3,445  3,959  4,550  5,229  6,009  6,906  7,937  9,122  10,484  12,049  13,847  15,914  18,290  21,020  24,158  27,764）
11:33:38 INFO    evtol_siting.choice_model  时间价值: 4.2  4.8  5.5  6.4  7.3  8.4  9.7  11.1  12.8  14.7  16.9  19.4  22.3  25.6  29.4  33.8  38.9  44.7  51.4  59.0  67.8  78.0  89.6  103.0 元/小时（对应月收入 1,461  1,679  1,930  2,218  2,549  2,929  3,366  3,869  4,446  5,110  5,873  6,750  7,757  8,915  10,246  11,775  13,533  15,553  17,875  20,543  23,610  27,134  31,185  35,840）
11:33:38 INFO    evtol_siting.choice_model  时间价值: 6.3  7.2  8.3  9.5  11.0  12.6  14.5  16.7  19.1  22.0  25.3  29.1  33.4  38.4  44.1  50.7  58.3  67.0  76.9  88.4  101.6  116.8  134.2  154.3 元/小时（对应月收入 2,189  2,515  2,891  3,322  3,818  4,388  5,043  5,796  6,661  7,655  8,798  10,111  11,621  13,355  15,349  17,640  20,273  23,300  26,778  30,775  35,369  40,648  46,716  53,690）
11:33:38 INFO    evtol_siting.choice_model  选择模型 [区域内积分（σ_within=0.4）]: 出行 15 km，地面 55 分钟 / 57 元，eVTOL 24 分钟 / 130 元，节省 31 分钟；采用概率 0.0564–0.0988（类间比 1.75）
11:33:38 INFO    evtol_siting.choice_model  各类人群采用概率:
 cluster  monthly_income_cny  vot_cny_per_h  p_evtol  demand_rate
       3              1868.0           5.37  0.05642     0.005642
       0              2799.0           8.04  0.05974     0.005974
       5              3613.0          10.38  0.06283     0.006283
       2              4500.0          12.93  0.06638     0.006638
       4              5605.0          16.11  0.07112     0.007112
       6              7236.0          20.79  0.07876     0.007876
       1             10840.0          31.15  0.09879     0.009879
11:33:38 INFO    evtol_siting.stage2_demand K-means 聚类完成: K=7，总需求 48720 次/日，总人口 7712263 人
11:33:38 INFO    evtol_siting.stage2_demand 类画像:
 cluster  n_cells   population  income_mean  poi_density_mean  trip_rate  monthly_income_cny  vot_cny_per_h  p_evtol  demand_trips_per_day k_selection
       3     1391 2.642034e+06     0.000000          0.000000   0.005642              1868.0           5.37  0.05642          14906.353102  silhouette
       0      327 9.403271e+05     1.533906          5.321101   0.005974              2799.0           8.04  0.05974           5617.513868  silhouette
       5      321 1.318767e+06     2.598605         13.059190   0.006283              3613.0          10.38  0.06283           8285.811407  silhouette
       2      260 1.389814e+06     3.361789         29.492308   0.006638              4500.0          12.93  0.06638           9225.585950  silhouette
       4      145 9.081153e+05     4.000721         55.172414   0.007112              5605.0          16.11  0.07112           6458.515785  silhouette
       6       62 4.214043e+05     4.560623         96.000000   0.007876              7236.0          20.79  0.07876           3318.980346  silhouette
       1       13 9.180217e+04     5.021334        170.461538   0.009879             10840.0          31.15  0.09879            906.913644  silhouette
11:33:39 INFO    export_3d                  运行阶段三：0-1 整数规划
11:33:39 INFO    evtol_siting.pipeline      ============================================================
11:33:39 INFO    evtol_siting.pipeline      阶段三：0-1 整数规划选址
11:33:39 INFO    evtol_siting.pipeline      ============================================================
11:33:39 INFO    evtol_siting.stage3_ip     [cost_priority] 需求单元 2519 个（核心 1008 个，阈值 分位数 0.60（>=20.0 次/日）），候选 1332 个，接驳时间预算 15.0 分钟，设施上限 20
11:33:40 INFO    evtol_siting.stage3_ip     [cost_priority] 最优解: 11 个起降场，总成本 3.48 亿元，需求覆盖率 97.1%，人口覆盖率 96.8%（耗时 0.67s）
11:33:40 INFO    evtol_siting.stage3_ip     [coverage_priority] 需求单元 2519 个（核心 1008 个，阈值 分位数 0.60（>=20.0 次/日）），候选 1332 个，接驳时间预算 15.0 分钟，设施上限 35
11:33:41 INFO    evtol_siting.stage3_ip     [coverage_priority] 最优解: 10 个起降场，总成本 5.14 亿元，需求覆盖率 96.5%，人口覆盖率 96.2%（耗时 0.57s）
11:33:41 INFO    evtol_siting.stage3_ip     阶段三完成: 2 个情景求解成功（cost_priority=Optimal, coverage_priority=Optimal）
11:33:41 INFO    export_3d                  运行阶段四：NSGA-II 多目标优化
11:33:41 INFO    evtol_siting.pipeline      ============================================================
11:33:41 INFO    evtol_siting.pipeline      阶段四：NSGA-II 多目标优化
11:33:41 INFO    evtol_siting.pipeline      ============================================================
11:33:41 INFO    evtol_siting.stage4_nsga2  问题实例: 2519 个需求单元（核心 1008），1332 个候选；接驳预算 15.0 分钟；单点最大可覆盖 307 个核心单元（占核心 30.5%）
11:33:41 INFO    evtol_siting.pipeline      已注入 2 个 IP 最优解作为初始种群种子
11:33:41 INFO    evtol_siting.nsga2_core    初始种群: 100 个个体 × 1332 维，站点数 区间 (12, 400)（区间初始化，自由规模）
11:33:42 INFO    evtol_siting.nsga2_core      第   0 代: 前沿 100 个解, HV=4.447e+08, 最优目标1=5.287, 累计评估 162
11:33:47 INFO    evtol_siting.nsga2_core      第  10 代: 前沿 100 个解, HV=4.447e+08, 最优目标1=5.287, 累计评估 689
11:33:53 INFO    evtol_siting.nsga2_core      第  20 代: 前沿 100 个解, HV=4.447e+08, 最优目标1=5.287, 累计评估 1197
11:33:58 INFO    evtol_siting.nsga2_core      第  30 代: 前沿 100 个解, HV=4.45e+08, 最优目标1=5.287, 累计评估 1729
11:34:03 INFO    evtol_siting.nsga2_core      第  40 代: 前沿 100 个解, HV=4.45e+08, 最优目标1=5.287, 累计评估 2303
11:34:08 INFO    evtol_siting.nsga2_core      第  50 代: 前沿 100 个解, HV=4.45e+08, 最优目标1=5.287, 累计评估 2894
11:34:13 INFO    evtol_siting.nsga2_core      第  60 代: 前沿 100 个解, HV=4.45e+08, 最优目标1=5.287, 累计评估 3512
11:34:20 INFO    evtol_siting.nsga2_core      第  70 代: 前沿 100 个解, HV=4.45e+08, 最优目标1=5.287, 累计评估 4184
11:34:25 INFO    evtol_siting.nsga2_core      第  80 代: 前沿 100 个解, HV=4.45e+08, 最优目标1=5.287, 累计评估 4848
11:34:31 INFO    evtol_siting.nsga2_core      第  90 代: 前沿 100 个解, HV=4.451e+08, 最优目标1=5.287, 累计评估 5533
11:34:36 INFO    evtol_siting.nsga2_core      第  99 代: 前沿 100 个解, HV=4.451e+08, 最优目标1=5.287, 累计评估 6168
11:34:36 INFO    export_3d                  计算方案指标与单目标基线对比
11:34:36 INFO    evtol_siting.pipeline      ============================================================
11:34:36 INFO    evtol_siting.pipeline      评价：方案指标与基线对比
11:34:36 INFO    evtol_siting.pipeline      ============================================================
11:34:37 INFO    evtol_siting.baselines     基线求解：13 个 MILP，6 路并发（本机 20 核）
11:34:44 INFO    evtol_siting.baselines     [p_median_p10] p=10: 2519 个需求单元 × 25 近邻 = 61777 个分配变量
11:34:45 INFO    evtol_siting.baselines     [p_median_p11] p=11: 2519 个需求单元 × 25 近邻 = 61777 个分配变量
11:34:46 INFO    evtol_siting.baselines     [set_covering] -> 10 个设施，耗时 8.5s
11:34:55 INFO    evtol_siting.baselines     [p_center_p11] p=11 -> 11 个设施，最大接驳时间 14.17 分钟，耗时 17.8s
11:34:56 INFO    evtol_siting.baselines     [p_center_p10] p=10 -> 10 个设施，最大接驳时间 14.88 分钟，耗时 18.5s
11:34:58 INFO    evtol_siting.baselines     [p_median_p20] p=20: 2519 个需求单元 × 25 近邻 = 61777 个分配变量
11:35:02 INFO    evtol_siting.baselines     [p_center_p20] p=20 -> 12 个设施，最大接驳时间 13.61 分钟，耗时 6.0s
11:35:05 INFO    evtol_siting.baselines     [max_coverage_p20] p=20 -> 20 个设施，覆盖需求 48720，耗时 3.5s
11:35:09 INFO    evtol_siting.baselines     [p_median_p30] p=30: 2519 个需求单元 × 25 近邻 = 61777 个分配变量
11:39:51 INFO    evtol_siting.baselines     [max_coverage_p10] p=10 -> 10 个设施，覆盖需求 48001，耗时 313.7s
11:39:52 INFO    evtol_siting.baselines     [max_coverage_p11] p=11 -> 11 个设施，覆盖需求 48317，耗时 305.7s
11:39:55 INFO    evtol_siting.baselines     [max_coverage_p30] p=30 -> 24 个设施，覆盖需求 48720，耗时 3.9s
11:39:56 INFO    evtol_siting.baselines     [p_center_p30] p=30 -> 12 个设施，最大接驳时间 13.61 分钟，耗时 4.6s
11:40:18 INFO    evtol_siting.baselines     [p_median_p10] p=10 -> 10 个设施，目标 249001.6，耗时 340.6s
11:40:56 INFO    evtol_siting.baselines     [p_median_p11] p=11 -> 11 个设施，目标 256697.1，耗时 378.5s
11:41:08 INFO    evtol_siting.baselines     [p_median_p20] p=20 -> 20 个设施，目标 17673.7，耗时 373.3s
11:42:53 INFO    evtol_siting.baselines     [p_median_p30] p=30 -> 30 个设施，目标 22114.3，耗时 467.3s
11:42:53 INFO    evtol_siting.baselines     基线求解完成: 13/13 成功，墙钟 495s
11:42:53 INFO    evtol_siting.baselines     基线结果已缓存: baselines_bbf4c023db58b05789ff8c7097f87e6e.json
11:42:53 INFO    evtol_siting.pipeline      方案对比表:
                         label  n_sites  n_rooftop  n_ground  total_cost_cny  mean_cost_per_site_cny  ...  group_3_access_time_min  group_4_access_time_min  group_5_access_time_min  group_6_access_time_min  income_quintile_gap_min  income_quintile_gini
     Baseline:max_coverage_p30       24          8        16    1.274610e+09            5.310875e+07  ...                 8.654964                 9.738346                 9.088602                 9.282052                 0.697215              0.017101
     Baseline:max_coverage_p20       20          6        14    1.040282e+09            5.201410e+07  ...                 8.805615                 9.763656                 9.141466                 9.282833                 0.537329              0.012944
  NSGA-II:best_unserved_demand      246         53       193    1.328350e+10            5.399795e+07  ...                 5.701462                 6.870819                 6.352101                 6.058571                 1.035758              0.038223
         NSGA-II:best_inequity      362         81       281    1.916543e+10            5.294317e+07  ...                 5.328984                 6.150296                 6.022826                 5.400691                 0.900319              0.036004
NSGA-II:best_total_access_time      352         76       276    1.882915e+10            5.349191e+07  ...                 5.342409                 6.005713                 5.819120                 5.207182                 0.657665              0.026412
                NSGA-II:TOPSIS       29          9        20    1.477923e+09            5.096288e+07  ...                 8.008422                 8.604662                 8.391573                 7.850031                 0.375731              0.010109
                  NSGA-II:knee       16          7         9    7.049171e+08            4.405732e+07  ...                 9.206346                 9.868663                 8.739456                 9.919839                 0.550348              0.013060
     Baseline:max_coverage_p11       11          3         8    5.496033e+08            4.996394e+07  ...                 9.690564                10.121791                 9.977799                 9.478099                 0.023802              0.000522
     Baseline:max_coverage_p10       10          2         8    5.188720e+08            5.188720e+07  ...                 9.791635                10.255601                10.309202                 9.379232                 0.297581              0.006421
         Baseline:p_center_p30       12          4         8    6.488965e+08            5.407470e+07  ...                 9.317082                 8.711515                 9.180129                 8.159084                 1.112298              0.026475
         Baseline:p_center_p20       12          5         7    6.176481e+08            5.147067e+07  ...                 9.306677                 8.703572                 9.218187                 8.088812                 1.102539              0.026230
         Baseline:p_center_p11       11          4         7    5.086482e+08            4.624075e+07  ...                 9.383165                 9.606529                 9.701706                 8.902876                 0.266500              0.006079
              IP:cost_priority       11          9         2    3.480112e+08            3.163738e+07  ...                 9.644172                 9.201375                 9.515793                 9.373731                 0.748195              0.017182
       NSGA-II:best_total_cost       11          9         2    3.480112e+08            3.163738e+07  ...                 9.644172                 9.201375                 9.515793                 9.373731                 0.748195              0.017182
         Baseline:p_center_p10       10          3         7    5.432390e+08            5.432390e+07  ...                 9.772465                10.102635                 9.923047                 9.491099                 0.122854              0.002698
         Baseline:set_covering       10          4         6    5.141768e+08            5.141768e+07  ...                 9.658241                10.051051                 9.974187                 9.242780                 0.066221              0.001467
          IP:coverage_priority       10          4         6    5.139291e+08            5.139291e+07  ...                 9.711297                10.020886                 9.899759                 9.321459                 0.121609              0.002701
         Baseline:p_median_p11       11          6         5    4.590191e+08            4.172901e+07  ...                 9.050071                 9.225586                 9.235810                 9.580823                 0.226152              0.005384
         Baseline:p_median_p10       10          6         4    4.782277e+08            4.782277e+07  ...                 9.063021                 9.409095                 9.534523                 9.790415                 0.275648              0.006418
         Baseline:p_median_p30       30         18        12    1.526425e+09            5.088084e+07  ...                 9.861333                10.096996                10.014936                 9.648502                 0.768066              0.021203
         Baseline:p_median_p20       20         14         6    1.082002e+09            5.410009e+07  ...                10.652214                10.260815                10.080134                 9.731013                 0.187546              0.004727
11:42:53 INFO    evtol_siting.viz3d         研究区边界已导出
11:42:53 INFO    evtol_siting.viz3d         候选点已导出: 屋顶型 256，地面型 1076
11:42:53 INFO    evtol_siting.viz3d         需求单元 2519 个、人群类 7 个已导出
11:42:53 INFO    evtol_siting.viz3d         帕累托前沿 100 个解已导出
11:42:53 INFO    evtol_siting.viz3d         三维数据包已导出: evtol_siting\viz3d\evtol_data.js (0.39 MB)
11:42:53 INFO    evtol_siting.pipeline      结果已保存到 evtol_siting\outputs\data
11:42:53 INFO    export_3d                  ======================================================================
11:42:53 INFO    export_3d                   完成。打开三维视图：
11:42:53 INFO    export_3d                     evtol_siting\viz3d\chengdu_evtol_3d.html
11:42:53 INFO    export_3d                   数据: evtol_data.js
11:42:53 INFO    export_3d                  ======================================================================
12:37:51 INFO    root                       token 已写入 cesium_token.js（<已省略>…，181 字符）
12:37:52 INFO    export_3d                  运行阶段一：候选起降场筛选
12:37:52 INFO    evtol_siting.pipeline      ============================================================
12:37:52 INFO    evtol_siting.pipeline      阶段一：基于 GIS 的候选起降场筛选
12:37:52 INFO    evtol_siting.pipeline      ============================================================
12:37:52 INFO    evtol_siting.pipeline      解析 PBF 提取包: sichuan-latest.osm.pbf
12:38:00 INFO    evtol_siting.data.pbf        已扫描 200000 个候选要素…
12:38:09 INFO    evtol_siting.data.pbf        已扫描 400000 个候选要素…
12:38:17 INFO    evtol_siting.data.pbf        已扫描 600000 个候选要素…
12:38:27 INFO    evtol_siting.data.pbf        已扫描 800000 个候选要素…
12:38:33 INFO    evtol_siting.data.pbf        buildings          69675 个要素
12:38:33 INFO    evtol_siting.data.pbf        poi                 8159 个要素
12:38:34 INFO    evtol_siting.data.pbf        roads              42272 个要素
12:38:34 INFO    evtol_siting.data.pbf        landuse             8430 个要素
12:38:34 INFO    evtol_siting.data.pbf        water               2252 个要素
12:38:34 INFO    evtol_siting.data.pbf        airports            1364 个要素
12:38:34 INFO    evtol_siting.data.pbf      PBF 解析完成（扫描 921830 个候选要素，输出 6 个图层）
12:38:34 INFO    evtol_siting.data.rasters  建筑高度栅格已存在: evtol_siting\data\raw\height\chengdu_building_height_10m.tif
12:38:36 INFO    evtol_siting.data.heights  高度栅格提供了 49162 栋建筑的高度（覆盖 70.6%）
12:38:36 INFO    evtol_siting.data.heights  分位数回归填补了 14650 栋建筑的高度（中位数 18.6 m）
12:38:36 INFO    evtol_siting.data.heights  高度融合结果（共 69675 栋）:
    raster_height     70.6%
    imputed           21.0%
    osm_levels         7.3%
    osm_height         1.1%
12:38:36 INFO    evtol_siting.data.heights      有标签覆盖率: 8.4% -> 融合后覆盖率: 100.0%
12:38:36 INFO    evtol_siting.data.rasters  人口栅格已存在: evtol_siting\data\raw\population\chengdu_population_100m.tif
12:38:36 INFO    evtol_siting.data.rasters  收入策略 = poi_index：经济活动指数将在阶段二由 OSM POI 构成计算（见 stage2_demand.build_poi_economic_index）
12:38:36 INFO    evtol_siting.data.rasters  DEM 已存在: evtol_siting\data\raw\dem\chengdu_dem_30m.tif
12:38:39 INFO    evtol_siting.data.rasters  坡度栅格已生成: evtol_siting\data\interim\slope.tif
12:38:39 INFO    evtol_siting.geo           栅格化完成: 单元边长 500 m, 单元数 2519, 覆盖 629.8 km²
12:38:39 INFO    evtol_siting.stage1_candidates 屋顶型筛选: 1430 / 69675 栋建筑满足 h>=20m 且 A_roof>=1600m² (2.05%)
12:38:39 INFO    evtol_siting.stage1_candidates   排除 用地类型: 30 个单元（1.2%）
12:38:39 INFO    evtol_siting.stage1_candidates   排除 水域: 55 个单元（2.2%）
12:38:39 INFO    evtol_siting.stage1_candidates   建筑覆盖率判据 (max=0.55): 剔除 4 个单元（保留 2430）；覆盖率中位数 0.05
12:38:39 INFO    evtol_siting.stage1_candidates 坡度判据: 2430 / 2430 单元满足 slope<=15° (剔除 0)
12:38:39 INFO    evtol_siting.stage1_candidates 地面型筛选: 2430 个候选（用地排除 -89，坡度排除后）
12:38:40 INFO    evtol_siting.stage1_candidates 地面型候选已按路网可达性重新评分（中位距离 91 m）
12:38:40 INFO    evtol_siting.stage1_candidates 已为 1430 个缺少 cell_id 的候选（屋顶型）补齐所属栅格单元（补齐后 3770/3860 有 cell_id）
12:38:40 INFO    evtol_siting.stage1_candidates   90 个候选落在栅格之外，改用坐标分桶作为 cell_id
12:38:40 INFO    evtol_siting.stage1_candidates   口径 all_aeroway：1298 个非直升要素全部按运输机场处理
12:38:40 INFO    evtol_siting.stage1_candidates   机场净空区（含民用） (r=4000m): 剔除 1472 个候选（占 38.1%）
12:38:40 INFO    evtol_siting.stage1_candidates   既有直升机场 (r=1000m): 剔除 178 个候选（占 4.6%）
12:38:40 INFO    evtol_siting.stage1_candidates 安全排除后剩余 2344 个候选（原有 3860）
12:38:40 INFO    evtol_siting.stage1_candidates   [ground] 类别内稀释: 1581 -> 1581
12:38:40 INFO    evtol_siting.stage1_candidates   [rooftop] 类别内稀释: 693 -> 258
12:38:40 INFO    evtol_siting.stage1_candidates 密度稀释 (c_min=500m, 每栅格<=3): 2344 -> 1332 个候选 （配额 -70，类别内间距 -435，跨类别冲突 -507）；构成: {'ground': 1076, 'rooftop': 256}
12:38:40 INFO    evtol_siting.stage1_candidates 阶段一完成: 1332 个候选起降场（屋顶型 256，地面型 1076）
12:38:40 INFO    export_3d                  运行阶段二：K-Means 人群分类
12:38:40 INFO    evtol_siting.pipeline      ============================================================
12:38:40 INFO    evtol_siting.pipeline      阶段二：K-means 人群分类与需求空间化
12:38:40 INFO    evtol_siting.pipeline      ============================================================
12:38:40 INFO    evtol_siting.data.dasymetric 人口栅格分辨率 80 m 细于需求格网 500 m —— 分区求和已是正确的格网人口总量，**体积重分配在此不产生作用**，直接使用分区求和。（体积权重的价值在于把人口摊到建筑上做更细的分析，需 force=True）
12:38:40 WARNING evtol_siting.data.dasymetric 退化为按分区求和（假设人口在格网内均匀分布）
12:38:45 INFO    evtol_siting.stage2_demand 人口分配方式对比（论文 Table 用）:
    method  total_population  n_nonzero_cells  mean_per_cell  std_per_cell       cv     max_cell  top1pct_share     gini
dasymetric      7.712263e+06             2517    3061.636823   2504.238782 0.817941 12360.637527       0.032418 0.458119
   uniform      7.712263e+06             2517    3061.636823   2504.238782 0.817941 12360.637527       0.032418 0.458119
12:38:45 INFO    evtol_siting.stage2_demand 人口: 合计 7712263 人，单元中位数 2567 人（来源: zonal_sum）
12:38:45 INFO    evtol_siting.stage2_demand 未提供外部收入数据，将使用 OSM POI 构成的经济活动指数作为代理（见 data/rasters.py::build_poi_economic_index 的说明与局限）
12:38:45 INFO    evtol_siting.stage2_demand POI: 研究区内 7442 个，单元密度中位数 0 个/km²
12:38:45 INFO    evtol_siting.data.rasters  POI 经济活动指数: 范围 [0.000, 5.759]，中位数 0.000（加权 POI 总数 7949）
12:38:49 INFO    evtol_siting.stage2_demand K 选择 (silhouette): K=7，得分 0.7798，各 K 得分 {3: 0.7395, 4: 0.7588, 5: 0.7733, 6: 0.7722, 7: 0.7798, 8: 0.7784}
12:38:49 INFO    evtol_siting.choice_model  收入阶梯（K=7）: 1,868  2,799  3,613  4,500  5,605  7,236  10,840
12:38:49 INFO    evtol_siting.choice_model  时间价值: 5.4  8.0  10.4  12.9  16.1  20.8  31.1 元/小时（对应月收入 1,868  2,799  3,613  4,500  5,605  7,236  10,840）
12:38:49 INFO    evtol_siting.choice_model  时间价值: 1.1  1.2  1.4  1.6  1.9  2.2  2.5  2.9  3.3  3.8  4.4  5.0  5.8  6.6  7.6  8.7  10.0  11.5  13.3  15.2  17.5  20.1  23.1  26.6 元/小时（对应月收入 377  433  498  573  658  756  869  999  1,148  1,319  1,516  1,743  2,003  2,302  2,645  3,040  3,494  4,015  4,615  5,304  6,095  7,005  8,051  9,253）
12:38:49 INFO    evtol_siting.choice_model  时间价值: 1.6  1.9  2.1  2.5  2.8  3.3  3.7  4.3  4.9  5.7  6.5  7.5  8.6  9.9  11.4  13.1  15.0  17.3  19.9  22.8  26.2  30.2  34.7  39.8 元/小时（对应月收入 565  649  746  858  986  1,133  1,302  1,496  1,720  1,976  2,271  2,610  3,000  3,448  3,963  4,554  5,234  6,015  6,913  7,945  9,131  10,494  12,061  13,861）
12:38:49 INFO    evtol_siting.choice_model  时间价值: 2.1  2.4  2.8  3.2  3.7  4.2  4.8  5.6  6.4  7.3  8.4  9.7  11.1  12.8  14.7  16.9  19.4  22.3  25.6  29.5  33.9  38.9  44.7  51.4 元/小时（对应月收入 729  838  963  1,107  1,272  1,462  1,681  1,932  2,220  2,551  2,932  3,370  3,873  4,451  5,115  5,879  6,756  7,765  8,924  10,256  11,787  13,547  15,569  17,893）
12:38:49 INFO    evtol_siting.choice_model  时间价值: 2.6  3.0  3.4  4.0  4.6  5.2  6.0  6.9  7.9  9.1  10.5  12.1  13.9  15.9  18.3  21.0  24.2  27.8  31.9  36.7  42.2  48.5  55.7  64.0 元/小时（对应月收入 909  1,044  1,200  1,379  1,585  1,822  2,094  2,406  2,765  3,178  3,652  4,198  4,824  5,544  6,372  7,323  8,416  9,673  11,116  12,776  14,683  16,875  19,394  22,289）
12:38:49 INFO    evtol_siting.choice_model  时间价值: 3.3  3.7  4.3  4.9  5.7  6.5  7.5  8.6  9.9  11.4  13.1  15.0  17.3  19.8  22.8  26.2  30.1  34.6  39.8  45.7  52.6  60.4  69.4  79.8 元/小时（对应月收入 1,132  1,301  1,495  1,718  1,974  2,269  2,608  2,997  3,445  3,959  4,550  5,229  6,009  6,906  7,937  9,122  10,484  12,049  13,847  15,914  18,290  21,020  24,158  27,764）
12:38:49 INFO    evtol_siting.choice_model  时间价值: 4.2  4.8  5.5  6.4  7.3  8.4  9.7  11.1  12.8  14.7  16.9  19.4  22.3  25.6  29.4  33.8  38.9  44.7  51.4  59.0  67.8  78.0  89.6  103.0 元/小时（对应月收入 1,461  1,679  1,930  2,218  2,549  2,929  3,366  3,869  4,446  5,110  5,873  6,750  7,757  8,915  10,246  11,775  13,533  15,553  17,875  20,543  23,610  27,134  31,185  35,840）
12:38:49 INFO    evtol_siting.choice_model  时间价值: 6.3  7.2  8.3  9.5  11.0  12.6  14.5  16.7  19.1  22.0  25.3  29.1  33.4  38.4  44.1  50.7  58.3  67.0  76.9  88.4  101.6  116.8  134.2  154.3 元/小时（对应月收入 2,189  2,515  2,891  3,322  3,818  4,388  5,043  5,796  6,661  7,655  8,798  10,111  11,621  13,355  15,349  17,640  20,273  23,300  26,778  30,775  35,369  40,648  46,716  53,690）
12:38:49 INFO    evtol_siting.choice_model  选择模型 [区域内积分（σ_within=0.4）]: 出行 15 km，地面 55 分钟 / 57 元，eVTOL 24 分钟 / 130 元，节省 31 分钟；采用概率 0.0564–0.0988（类间比 1.75）
12:38:49 INFO    evtol_siting.choice_model  各类人群采用概率:
 cluster  monthly_income_cny  vot_cny_per_h  p_evtol  demand_rate
       3              1868.0           5.37  0.05642     0.005642
       0              2799.0           8.04  0.05974     0.005974
       5              3613.0          10.38  0.06283     0.006283
       2              4500.0          12.93  0.06638     0.006638
       4              5605.0          16.11  0.07112     0.007112
       6              7236.0          20.79  0.07876     0.007876
       1             10840.0          31.15  0.09879     0.009879
12:38:49 INFO    evtol_siting.stage2_demand K-means 聚类完成: K=7，总需求 48720 次/日，总人口 7712263 人
12:38:49 INFO    evtol_siting.stage2_demand 类画像:
 cluster  n_cells   population  income_mean  poi_density_mean  trip_rate  monthly_income_cny  vot_cny_per_h  p_evtol  demand_trips_per_day k_selection
       3     1391 2.642034e+06     0.000000          0.000000   0.005642              1868.0           5.37  0.05642          14906.353102  silhouette
       0      327 9.403271e+05     1.533906          5.321101   0.005974              2799.0           8.04  0.05974           5617.513868  silhouette
       5      321 1.318767e+06     2.598605         13.059190   0.006283              3613.0          10.38  0.06283           8285.811407  silhouette
       2      260 1.389814e+06     3.361789         29.492308   0.006638              4500.0          12.93  0.06638           9225.585950  silhouette
       4      145 9.081153e+05     4.000721         55.172414   0.007112              5605.0          16.11  0.07112           6458.515785  silhouette
       6       62 4.214043e+05     4.560623         96.000000   0.007876              7236.0          20.79  0.07876           3318.980346  silhouette
       1       13 9.180217e+04     5.021334        170.461538   0.009879             10840.0          31.15  0.09879            906.913644  silhouette
12:38:50 INFO    export_3d                  运行阶段三：0-1 整数规划
12:38:50 INFO    evtol_siting.pipeline      ============================================================
12:38:50 INFO    evtol_siting.pipeline      阶段三：0-1 整数规划选址
12:38:50 INFO    evtol_siting.pipeline      ============================================================
12:38:53 INFO    evtol_siting.data.network  路网构建完成: 246088 个节点，394324 条有向边（跳过 0 个非线要素）
12:38:53 INFO    evtol_siting.data.network  路网连通性: 最大连通分量占 97.3%（524 个分量）；低于 90% 通常意味着存在断裂，需检查节点合并阈值
12:38:54 INFO    evtol_siting.data.network  点吸附路网: 需求点 2519/2519 成功（中位距离 57 m），候选点 1332/1332 成功
12:39:02 INFO    evtol_siting.data.network    路网最短路进度 500/2519
12:39:11 INFO    evtol_siting.data.network    路网最短路进度 1000/2519
12:39:23 INFO    evtol_siting.data.network    路网最短路进度 1500/2519
12:39:33 INFO    evtol_siting.data.network    路网最短路进度 2000/2519
12:39:42 INFO    evtol_siting.data.network    路网最短路进度 2500/2519
12:39:42 INFO    evtol_siting.data.network  路网接驳时间矩阵: (2519, 1332)，可达率 4.1%（图截断 6000 m；方式距离上限 1.5 km、5.0 km）
12:39:43 INFO    evtol_siting.data.network  点吸附路网: 需求点 2519/2519 成功（中位距离 57 m），候选点 1332/1332 成功
12:39:50 INFO    evtol_siting.data.network    路网最短路进度 500/2519
12:39:59 INFO    evtol_siting.data.network    路网最短路进度 1000/2519
12:40:11 INFO    evtol_siting.data.network    路网最短路进度 1500/2519
12:40:21 INFO    evtol_siting.data.network    路网最短路进度 2000/2519
12:40:30 INFO    evtol_siting.data.network    路网最短路进度 2500/2519
12:40:30 INFO    evtol_siting.data.network  路网接驳时间矩阵: (2519, 1332)，可达率 4.1%（图截断 6000 m；方式距离上限 1.5 km、5.0 km）
12:40:30 INFO    evtol_siting.stage3_ip     [cost_priority] 需求单元 2519 个（核心 1008 个，阈值 分位数 0.60（>=20.0 次/日）），候选 1332 个，接驳时间预算 15.0 分钟，设施上限 20
12:40:30 WARNING evtol_siting.stage3_ip     [cost_priority] 有 37 个核心需求单元在接驳预算内无任何候选起降场可达。需要放宽接驳半径或增加候选点；本情景标记为 infeasible。
12:40:30 WARNING evtol_siting.stage3_ip     [cost_priority] 求解状态: Infeasible（耗时 0.40s）
12:40:31 INFO    evtol_siting.data.network  点吸附路网: 需求点 2519/2519 成功（中位距离 57 m），候选点 1332/1332 成功
12:40:38 INFO    evtol_siting.data.network    路网最短路进度 500/2519
12:40:47 INFO    evtol_siting.data.network    路网最短路进度 1000/2519
12:41:00 INFO    evtol_siting.data.network    路网最短路进度 1500/2519
12:41:10 INFO    evtol_siting.data.network    路网最短路进度 2000/2519
12:41:18 INFO    evtol_siting.data.network    路网最短路进度 2500/2519
12:41:18 INFO    evtol_siting.data.network  路网接驳时间矩阵: (2519, 1332)，可达率 4.1%（图截断 6000 m；方式距离上限 1.5 km、5.0 km）
12:41:18 INFO    evtol_siting.stage3_ip     [coverage_priority] 需求单元 2519 个（核心 1008 个，阈值 分位数 0.60（>=20.0 次/日）），候选 1332 个，接驳时间预算 15.0 分钟，设施上限 35
12:41:18 WARNING evtol_siting.stage3_ip     [coverage_priority] 有 37 个核心需求单元在接驳预算内无任何候选起降场可达。需要放宽接驳半径或增加候选点；本情景标记为 infeasible。
12:41:19 INFO    evtol_siting.stage3_ip     [coverage_priority] 最优解: 29 个起降场，总成本 14.38 亿元，需求覆盖率 91.0%，人口覆盖率 90.4%（耗时 0.24s）
12:41:19 INFO    evtol_siting.stage3_ip     阶段三完成: 1 个情景求解成功（cost_priority=Infeasible, coverage_priority=Optimal）
12:41:19 INFO    export_3d                  运行阶段四：NSGA-II 多目标优化
12:41:19 INFO    evtol_siting.pipeline      ============================================================
12:41:19 INFO    evtol_siting.pipeline      阶段四：NSGA-II 多目标优化
12:41:19 INFO    evtol_siting.pipeline      ============================================================
12:41:19 INFO    evtol_siting.stage4_nsga2  问题实例: 2519 个需求单元（核心 1008），1332 个候选；接驳预算 15.0 分钟；单点最大可覆盖 183 个核心单元（占核心 18.2%）
12:41:19 INFO    evtol_siting.pipeline      已注入 1 个 IP 最优解作为初始种群种子
12:41:19 INFO    evtol_siting.nsga2_core    初始种群: 100 个个体 × 1332 维，站点数 区间 (12, 400)（区间初始化，自由规模）
12:41:19 INFO    evtol_siting.nsga2_core      第   0 代: 前沿  93 个解, HV=3.712e+08, 最优目标1=2491, 累计评估 165
12:41:23 INFO    evtol_siting.nsga2_core      第  10 代: 前沿 100 个解, HV=3.712e+08, 最优目标1=2491, 累计评估 706
12:41:26 INFO    evtol_siting.nsga2_core      第  20 代: 前沿 100 个解, HV=3.721e+08, 最优目标1=2483, 累计评估 1231
12:41:29 INFO    evtol_siting.nsga2_core      第  30 代: 前沿 100 个解, HV=3.724e+08, 最优目标1=2483, 累计评估 1798
12:41:32 INFO    evtol_siting.nsga2_core      第  40 代: 前沿 100 个解, HV=3.724e+08, 最优目标1=2483, 累计评估 2390
12:41:36 INFO    evtol_siting.nsga2_core      第  50 代: 前沿 100 个解, HV=3.736e+08, 最优目标1=2477, 累计评估 2985
12:41:39 INFO    evtol_siting.nsga2_core      第  60 代: 前沿 100 个解, HV=3.736e+08, 最优目标1=2477, 累计评估 3597
12:41:43 INFO    evtol_siting.nsga2_core      第  70 代: 前沿 100 个解, HV=3.74e+08, 最优目标1=2473, 累计评估 4260
12:41:46 INFO    evtol_siting.nsga2_core      第  80 代: 前沿 100 个解, HV=3.789e+08, 最优目标1=2473, 累计评估 4935
12:41:50 INFO    evtol_siting.nsga2_core      第  90 代: 前沿 100 个解, HV=3.789e+08, 最优目标1=2473, 累计评估 5643
12:41:53 INFO    evtol_siting.nsga2_core      第  99 代: 前沿 100 个解, HV=3.796e+08, 最优目标1=2469, 累计评估 6282
12:41:53 INFO    export_3d                  计算方案指标与单目标基线对比
12:41:53 INFO    evtol_siting.pipeline      ============================================================
12:41:53 INFO    evtol_siting.pipeline      评价：方案指标与基线对比
12:41:53 INFO    evtol_siting.pipeline      ============================================================
12:41:53 INFO    evtol_siting.baselines     基线求解：13 个 MILP，6 路并发（本机 20 核）
12:41:55 INFO    evtol_siting.baselines     [p_median_p10] p=10: 2519 个需求单元 × 25 近邻 = 51547 个分配变量
12:41:55 INFO    evtol_siting.baselines     [p_median_p20] p=20: 2519 个需求单元 × 25 近邻 = 51547 个分配变量
12:41:56 INFO    evtol_siting.baselines     [set_covering] -> 29 个设施，耗时 2.8s
12:41:56 WARNING evtol_siting.baselines     [p_center_p10] 未找到可行解（p=10 过小？）
12:41:57 INFO    evtol_siting.baselines     [p_median_p29] p=29: 2519 个需求单元 × 25 近邻 = 51547 个分配变量
12:41:57 INFO    evtol_siting.baselines     [max_coverage_p10] p=10 -> 10 个设施，覆盖需求 39489，耗时 4.3s
12:41:58 WARNING evtol_siting.baselines     [p_center_p20] 未找到可行解（p=20 过小？）
12:41:58 WARNING evtol_siting.baselines     [p_center_p29] 未找到可行解（p=29 过小？）
12:42:00 INFO    evtol_siting.baselines     [p_median_p30] p=30: 2519 个需求单元 × 25 近邻 = 51547 个分配变量
12:42:00 INFO    evtol_siting.baselines     [p_median_p10] p=10 -> 10 个设施，目标 262965.5，耗时 7.1s
12:42:00 INFO    evtol_siting.baselines     [max_coverage_p20] p=20 -> 20 个设施，覆盖需求 45223，耗时 4.3s
12:42:01 WARNING evtol_siting.baselines     [p_center_p30] 未找到可行解（p=30 过小？）
12:42:04 INFO    evtol_siting.baselines     [max_coverage_p30] p=30 -> 30 个设施，覆盖需求 46021，耗时 3.7s
12:42:07 INFO    evtol_siting.baselines     [max_coverage_p29] p=29 -> 29 个设施，覆盖需求 45977，耗时 9.3s
12:43:16 INFO    evtol_siting.baselines     [p_median_p20] p=20 -> 20 个设施，目标 320996.9，耗时 82.7s
12:44:30 INFO    evtol_siting.baselines     [p_median_p29] p=29 -> 29 个设施，目标 380491.5，耗时 153.5s
12:45:12 INFO    evtol_siting.baselines     [p_median_p30] p=30 -> 30 个设施，目标 381606.0，耗时 194.1s
12:45:12 INFO    evtol_siting.baselines     基线求解完成: 9/13 成功，墙钟 199s
12:45:12 INFO    evtol_siting.baselines     基线结果已缓存: baselines_1484b6d80a3b0931627140cd016818de.json
12:45:12 INFO    evtol_siting.pipeline      方案对比表:
                         label  n_sites  n_rooftop  n_ground  total_cost_cny  mean_cost_per_site_cny  ...  group_3_access_time_min  group_4_access_time_min  group_5_access_time_min  group_6_access_time_min  income_quintile_gap_min  income_quintile_gini
  NSGA-II:best_unserved_demand      291         48       243    1.560990e+10            5.364228e+07  ...                 7.075548                 7.620653                 7.546628                 7.022585                 0.675958              0.020987
         NSGA-II:best_inequity      381         66       315    2.043131e+10            5.362548e+07  ...                 6.825868                 7.766601                 7.676096                 6.884794                 1.104467              0.034589
NSGA-II:best_total_access_time      364         80       284    1.944804e+10            5.342869e+07  ...                 6.879579                 7.582855                 7.219166                 6.609706                 0.647628              0.020629
     Baseline:max_coverage_p30       30         10        20    1.532770e+09            5.109234e+07  ...                 9.990089                10.175438                 9.766465                10.790565                 0.296719              0.006561
     Baseline:max_coverage_p29       29          9        20    1.501259e+09            5.176756e+07  ...                 9.846558                10.113146                 9.794585                10.750472                 0.230632              0.005114
                NSGA-II:TOPSIS       69         19        50    3.506700e+09            5.082174e+07  ...                 8.963610                 8.904610                 8.923654                 9.069962                 0.445337              0.010917
                  NSGA-II:knee       46         14        32    2.359693e+09            5.129767e+07  ...                 9.733619                 9.938074                 9.648648                10.290720                 0.513917              0.011502
     Baseline:max_coverage_p20       20          5        15    1.079586e+09            5.397932e+07  ...                10.476527                10.730468                10.323522                11.326130                 0.539668              0.011405
         Baseline:p_median_p30       30          7        23    1.548915e+09            5.163051e+07  ...                 9.499531                 9.885478                 9.560233                 9.001080                 0.191821              0.004454
         Baseline:p_median_p29       29          7        22    1.491915e+09            5.144535e+07  ...                 9.554623                 9.889526                 9.566846                 9.001080                 0.138218              0.003193
         Baseline:set_covering       29          8        21    1.474121e+09            5.083176e+07  ...                 9.994479                 9.451215                 9.612367                 9.210104                 1.030571              0.023066
          IP:coverage_priority       29         10        19    1.437799e+09            4.957927e+07  ...                10.124170                 9.435614                 9.715421                 9.206694                 1.041921              0.023273
       NSGA-II:best_total_cost       29         10        19    1.437799e+09            4.957927e+07  ...                10.124170                 9.435614                 9.715421                 9.206694                 1.041921              0.023273
         Baseline:p_median_p20       20          5        15    9.987072e+08            4.993536e+07  ...                10.197304                10.442992                10.318070                10.545827                 0.125412              0.002695
     Baseline:max_coverage_p10       10          4         6    4.932288e+08            4.932288e+07  ...                11.142370                11.061864                11.221092                11.450949                 0.318799              0.006355
         Baseline:p_median_p10       10          4         6    4.515667e+08            4.515667e+07  ...                10.760211                11.063229                10.923910                10.994023                 0.087451              0.001780
12:45:12 INFO    evtol_siting.viz3d         研究区边界已导出
12:45:12 INFO    evtol_siting.viz3d         候选点已导出: 屋顶型 256，地面型 1076
12:45:12 INFO    evtol_siting.viz3d         需求单元 2519 个、人群类 7 个已导出
12:45:12 INFO    evtol_siting.viz3d         帕累托前沿 100 个解已导出
12:45:13 INFO    evtol_siting.viz3d         三维数据包已导出: evtol_siting\viz3d\evtol_data.js (0.40 MB)
12:45:13 INFO    evtol_siting.pipeline      结果已保存到 evtol_siting\outputs\data
12:45:13 INFO    export_3d                  ======================================================================
12:45:13 INFO    export_3d                   完成。打开三维视图：
12:45:13 INFO    export_3d                     evtol_siting\viz3d\chengdu_evtol_3d.html
12:45:13 INFO    export_3d                   数据: evtol_data.js
12:45:13 INFO    export_3d                  ======================================================================
12:46:13 INFO    root                       token 已写入 cesium_token.js（<已省略>…，181 字符）
12:46:14 INFO    export_3d                  运行阶段一：候选起降场筛选
12:46:14 INFO    evtol_siting.pipeline      ============================================================
12:46:14 INFO    evtol_siting.pipeline      阶段一：基于 GIS 的候选起降场筛选
12:46:14 INFO    evtol_siting.pipeline      ============================================================
12:46:14 INFO    evtol_siting.pipeline      解析 PBF 提取包: sichuan-latest.osm.pbf
12:46:22 INFO    evtol_siting.data.pbf        已扫描 200000 个候选要素…
12:46:31 INFO    evtol_siting.data.pbf        已扫描 400000 个候选要素…
12:46:40 INFO    evtol_siting.data.pbf        已扫描 600000 个候选要素…
12:46:49 INFO    evtol_siting.data.pbf        已扫描 800000 个候选要素…
12:46:55 INFO    evtol_siting.data.pbf        buildings          69675 个要素
12:46:55 INFO    evtol_siting.data.pbf        poi                 8159 个要素
12:46:56 INFO    evtol_siting.data.pbf        roads              42272 个要素
12:46:56 INFO    evtol_siting.data.pbf        landuse             8430 个要素
12:46:56 INFO    evtol_siting.data.pbf        water               2252 个要素
12:46:56 INFO    evtol_siting.data.pbf        airports            1364 个要素
12:46:56 INFO    evtol_siting.data.pbf      PBF 解析完成（扫描 921830 个候选要素，输出 6 个图层）
12:46:56 INFO    evtol_siting.data.rasters  建筑高度栅格已存在: evtol_siting\data\raw\height\chengdu_building_height_10m.tif
12:46:58 INFO    evtol_siting.data.heights  高度栅格提供了 49162 栋建筑的高度（覆盖 70.6%）
12:46:58 INFO    evtol_siting.data.heights  分位数回归填补了 14650 栋建筑的高度（中位数 18.6 m）
12:46:58 INFO    evtol_siting.data.heights  高度融合结果（共 69675 栋）:
    raster_height     70.6%
    imputed           21.0%
    osm_levels         7.3%
    osm_height         1.1%
12:46:58 INFO    evtol_siting.data.heights      有标签覆盖率: 8.4% -> 融合后覆盖率: 100.0%
12:46:58 INFO    evtol_siting.data.rasters  人口栅格已存在: evtol_siting\data\raw\population\chengdu_population_100m.tif
12:46:58 INFO    evtol_siting.data.rasters  收入策略 = poi_index：经济活动指数将在阶段二由 OSM POI 构成计算（见 stage2_demand.build_poi_economic_index）
12:46:58 INFO    evtol_siting.data.rasters  DEM 已存在: evtol_siting\data\raw\dem\chengdu_dem_30m.tif
12:47:01 INFO    evtol_siting.data.rasters  坡度栅格已生成: evtol_siting\data\interim\slope.tif
12:47:01 INFO    evtol_siting.geo           栅格化完成: 单元边长 500 m, 单元数 2519, 覆盖 629.8 km²
12:47:02 INFO    evtol_siting.stage1_candidates 屋顶型筛选: 1430 / 69675 栋建筑满足 h>=20m 且 A_roof>=1600m² (2.05%)
12:47:02 INFO    evtol_siting.stage1_candidates   排除 用地类型: 30 个单元（1.2%）
12:47:02 INFO    evtol_siting.stage1_candidates   排除 水域: 55 个单元（2.2%）
12:47:02 INFO    evtol_siting.stage1_candidates   建筑覆盖率判据 (max=0.55): 剔除 4 个单元（保留 2430）；覆盖率中位数 0.05
12:47:02 INFO    evtol_siting.stage1_candidates 坡度判据: 2430 / 2430 单元满足 slope<=15° (剔除 0)
12:47:02 INFO    evtol_siting.stage1_candidates 地面型筛选: 2430 个候选（用地排除 -89，坡度排除后）
12:47:02 INFO    evtol_siting.stage1_candidates 地面型候选已按路网可达性重新评分（中位距离 91 m）
12:47:02 INFO    evtol_siting.stage1_candidates 已为 1430 个缺少 cell_id 的候选（屋顶型）补齐所属栅格单元（补齐后 3770/3860 有 cell_id）
12:47:02 INFO    evtol_siting.stage1_candidates   90 个候选落在栅格之外，改用坐标分桶作为 cell_id
12:47:02 INFO    evtol_siting.stage1_candidates   口径 all_aeroway：1298 个非直升要素全部按运输机场处理
12:47:02 INFO    evtol_siting.stage1_candidates   机场净空区（含民用） (r=4000m): 剔除 1472 个候选（占 38.1%）
12:47:02 INFO    evtol_siting.stage1_candidates   既有直升机场 (r=1000m): 剔除 178 个候选（占 4.6%）
12:47:02 INFO    evtol_siting.stage1_candidates 安全排除后剩余 2344 个候选（原有 3860）
12:47:02 INFO    evtol_siting.stage1_candidates   [ground] 类别内稀释: 1581 -> 1581
12:47:02 INFO    evtol_siting.stage1_candidates   [rooftop] 类别内稀释: 693 -> 258
12:47:02 INFO    evtol_siting.stage1_candidates 密度稀释 (c_min=500m, 每栅格<=3): 2344 -> 1332 个候选 （配额 -70，类别内间距 -435，跨类别冲突 -507）；构成: {'ground': 1076, 'rooftop': 256}
12:47:02 INFO    evtol_siting.stage1_candidates 阶段一完成: 1332 个候选起降场（屋顶型 256，地面型 1076）
12:47:02 INFO    export_3d                  运行阶段二：K-Means 人群分类
12:47:02 INFO    evtol_siting.pipeline      ============================================================
12:47:02 INFO    evtol_siting.pipeline      阶段二：K-means 人群分类与需求空间化
12:47:02 INFO    evtol_siting.pipeline      ============================================================
12:47:02 INFO    evtol_siting.data.dasymetric 人口栅格分辨率 80 m 细于需求格网 500 m —— 分区求和已是正确的格网人口总量，**体积重分配在此不产生作用**，直接使用分区求和。（体积权重的价值在于把人口摊到建筑上做更细的分析，需 force=True）
12:47:02 WARNING evtol_siting.data.dasymetric 退化为按分区求和（假设人口在格网内均匀分布）
12:47:08 INFO    evtol_siting.stage2_demand 人口分配方式对比（论文 Table 用）:
    method  total_population  n_nonzero_cells  mean_per_cell  std_per_cell       cv     max_cell  top1pct_share     gini
dasymetric      7.712263e+06             2517    3061.636823   2504.238782 0.817941 12360.637527       0.032418 0.458119
   uniform      7.712263e+06             2517    3061.636823   2504.238782 0.817941 12360.637527       0.032418 0.458119
12:47:08 INFO    evtol_siting.stage2_demand 人口: 合计 7712263 人，单元中位数 2567 人（来源: zonal_sum）
12:47:08 INFO    evtol_siting.stage2_demand 未提供外部收入数据，将使用 OSM POI 构成的经济活动指数作为代理（见 data/rasters.py::build_poi_economic_index 的说明与局限）
12:47:08 INFO    evtol_siting.stage2_demand POI: 研究区内 7442 个，单元密度中位数 0 个/km²
12:47:08 INFO    evtol_siting.data.rasters  POI 经济活动指数: 范围 [0.000, 5.759]，中位数 0.000（加权 POI 总数 7949）
12:47:11 INFO    evtol_siting.stage2_demand K 选择 (silhouette): K=7，得分 0.7798，各 K 得分 {3: 0.7395, 4: 0.7588, 5: 0.7733, 6: 0.7722, 7: 0.7798, 8: 0.7784}
12:47:11 INFO    evtol_siting.choice_model  收入阶梯（K=7）: 1,868  2,799  3,613  4,500  5,605  7,236  10,840
12:47:11 INFO    evtol_siting.choice_model  时间价值: 5.4  8.0  10.4  12.9  16.1  20.8  31.1 元/小时（对应月收入 1,868  2,799  3,613  4,500  5,605  7,236  10,840）
12:47:11 INFO    evtol_siting.choice_model  时间价值: 1.1  1.2  1.4  1.6  1.9  2.2  2.5  2.9  3.3  3.8  4.4  5.0  5.8  6.6  7.6  8.7  10.0  11.5  13.3  15.2  17.5  20.1  23.1  26.6 元/小时（对应月收入 377  433  498  573  658  756  869  999  1,148  1,319  1,516  1,743  2,003  2,302  2,645  3,040  3,494  4,015  4,615  5,304  6,095  7,005  8,051  9,253）
12:47:11 INFO    evtol_siting.choice_model  时间价值: 1.6  1.9  2.1  2.5  2.8  3.3  3.7  4.3  4.9  5.7  6.5  7.5  8.6  9.9  11.4  13.1  15.0  17.3  19.9  22.8  26.2  30.2  34.7  39.8 元/小时（对应月收入 565  649  746  858  986  1,133  1,302  1,496  1,720  1,976  2,271  2,610  3,000  3,448  3,963  4,554  5,234  6,015  6,913  7,945  9,131  10,494  12,061  13,861）
12:47:11 INFO    evtol_siting.choice_model  时间价值: 2.1  2.4  2.8  3.2  3.7  4.2  4.8  5.6  6.4  7.3  8.4  9.7  11.1  12.8  14.7  16.9  19.4  22.3  25.6  29.5  33.9  38.9  44.7  51.4 元/小时（对应月收入 729  838  963  1,107  1,272  1,462  1,681  1,932  2,220  2,551  2,932  3,370  3,873  4,451  5,115  5,879  6,756  7,765  8,924  10,256  11,787  13,547  15,569  17,893）
12:47:11 INFO    evtol_siting.choice_model  时间价值: 2.6  3.0  3.4  4.0  4.6  5.2  6.0  6.9  7.9  9.1  10.5  12.1  13.9  15.9  18.3  21.0  24.2  27.8  31.9  36.7  42.2  48.5  55.7  64.0 元/小时（对应月收入 909  1,044  1,200  1,379  1,585  1,822  2,094  2,406  2,765  3,178  3,652  4,198  4,824  5,544  6,372  7,323  8,416  9,673  11,116  12,776  14,683  16,875  19,394  22,289）
12:47:11 INFO    evtol_siting.choice_model  时间价值: 3.3  3.7  4.3  4.9  5.7  6.5  7.5  8.6  9.9  11.4  13.1  15.0  17.3  19.8  22.8  26.2  30.1  34.6  39.8  45.7  52.6  60.4  69.4  79.8 元/小时（对应月收入 1,132  1,301  1,495  1,718  1,974  2,269  2,608  2,997  3,445  3,959  4,550  5,229  6,009  6,906  7,937  9,122  10,484  12,049  13,847  15,914  18,290  21,020  24,158  27,764）
12:47:11 INFO    evtol_siting.choice_model  时间价值: 4.2  4.8  5.5  6.4  7.3  8.4  9.7  11.1  12.8  14.7  16.9  19.4  22.3  25.6  29.4  33.8  38.9  44.7  51.4  59.0  67.8  78.0  89.6  103.0 元/小时（对应月收入 1,461  1,679  1,930  2,218  2,549  2,929  3,366  3,869  4,446  5,110  5,873  6,750  7,757  8,915  10,246  11,775  13,533  15,553  17,875  20,543  23,610  27,134  31,185  35,840）
12:47:11 INFO    evtol_siting.choice_model  时间价值: 6.3  7.2  8.3  9.5  11.0  12.6  14.5  16.7  19.1  22.0  25.3  29.1  33.4  38.4  44.1  50.7  58.3  67.0  76.9  88.4  101.6  116.8  134.2  154.3 元/小时（对应月收入 2,189  2,515  2,891  3,322  3,818  4,388  5,043  5,796  6,661  7,655  8,798  10,111  11,621  13,355  15,349  17,640  20,273  23,300  26,778  30,775  35,369  40,648  46,716  53,690）
12:47:11 INFO    evtol_siting.choice_model  选择模型 [区域内积分（σ_within=0.4）]: 出行 15 km，地面 55 分钟 / 57 元，eVTOL 24 分钟 / 130 元，节省 31 分钟；采用概率 0.0564–0.0988（类间比 1.75）
12:47:11 INFO    evtol_siting.choice_model  各类人群采用概率:
 cluster  monthly_income_cny  vot_cny_per_h  p_evtol  demand_rate
       3              1868.0           5.37  0.05642     0.005642
       0              2799.0           8.04  0.05974     0.005974
       5              3613.0          10.38  0.06283     0.006283
       2              4500.0          12.93  0.06638     0.006638
       4              5605.0          16.11  0.07112     0.007112
       6              7236.0          20.79  0.07876     0.007876
       1             10840.0          31.15  0.09879     0.009879
12:47:11 INFO    evtol_siting.stage2_demand K-means 聚类完成: K=7，总需求 48720 次/日，总人口 7712263 人
12:47:11 INFO    evtol_siting.stage2_demand 类画像:
 cluster  n_cells   population  income_mean  poi_density_mean  trip_rate  monthly_income_cny  vot_cny_per_h  p_evtol  demand_trips_per_day k_selection
       3     1391 2.642034e+06     0.000000          0.000000   0.005642              1868.0           5.37  0.05642          14906.353102  silhouette
       0      327 9.403271e+05     1.533906          5.321101   0.005974              2799.0           8.04  0.05974           5617.513868  silhouette
       5      321 1.318767e+06     2.598605         13.059190   0.006283              3613.0          10.38  0.06283           8285.811407  silhouette
       2      260 1.389814e+06     3.361789         29.492308   0.006638              4500.0          12.93  0.06638           9225.585950  silhouette
       4      145 9.081153e+05     4.000721         55.172414   0.007112              5605.0          16.11  0.07112           6458.515785  silhouette
       6       62 4.214043e+05     4.560623         96.000000   0.007876              7236.0          20.79  0.07876           3318.980346  silhouette
       1       13 9.180217e+04     5.021334        170.461538   0.009879             10840.0          31.15  0.09879            906.913644  silhouette
12:47:12 INFO    export_3d                  运行阶段三：0-1 整数规划
12:47:12 INFO    evtol_siting.pipeline      ============================================================
12:47:12 INFO    evtol_siting.pipeline      阶段三：0-1 整数规划选址
12:47:12 INFO    evtol_siting.pipeline      ============================================================
12:47:12 INFO    evtol_siting.stage3_ip     [cost_priority] 需求单元 2519 个（核心 1008 个，阈值 分位数 0.60（>=20.0 次/日）），候选 1332 个，接驳时间预算 15.0 分钟，设施上限 20
12:47:12 INFO    evtol_siting.stage3_ip     [cost_priority] 最优解: 11 个起降场，总成本 3.48 亿元，需求覆盖率 97.1%，人口覆盖率 96.8%（耗时 0.40s）
12:47:12 INFO    evtol_siting.stage3_ip     [coverage_priority] 需求单元 2519 个（核心 1008 个，阈值 分位数 0.60（>=20.0 次/日）），候选 1332 个，接驳时间预算 15.0 分钟，设施上限 35
12:47:13 INFO    evtol_siting.stage3_ip     [coverage_priority] 最优解: 10 个起降场，总成本 5.14 亿元，需求覆盖率 96.5%，人口覆盖率 96.2%（耗时 0.40s）
12:47:13 INFO    evtol_siting.stage3_ip     阶段三完成: 2 个情景求解成功（cost_priority=Optimal, coverage_priority=Optimal）
12:47:13 INFO    export_3d                  运行阶段四：NSGA-II 多目标优化
12:47:13 INFO    evtol_siting.pipeline      ============================================================
12:47:13 INFO    evtol_siting.pipeline      阶段四：NSGA-II 多目标优化
12:47:13 INFO    evtol_siting.pipeline      ============================================================
12:47:13 INFO    evtol_siting.stage4_nsga2  问题实例: 2519 个需求单元（核心 1008），1332 个候选；接驳预算 15.0 分钟；单点最大可覆盖 307 个核心单元（占核心 30.5%）
12:47:13 INFO    evtol_siting.pipeline      已注入 2 个 IP 最优解作为初始种群种子
12:47:13 INFO    evtol_siting.nsga2_core    初始种群: 100 个个体 × 1332 维，站点数 区间 (12, 400)（区间初始化，自由规模）
12:47:13 INFO    evtol_siting.nsga2_core      第   0 代: 前沿 100 个解, HV=4.447e+08, 最优目标1=5.287, 累计评估 162
12:47:15 INFO    evtol_siting.nsga2_core      第  10 代: 前沿 100 个解, HV=4.447e+08, 最优目标1=5.287, 累计评估 689
12:47:17 INFO    evtol_siting.nsga2_core      第  20 代: 前沿 100 个解, HV=4.447e+08, 最优目标1=5.287, 累计评估 1197
12:47:20 INFO    evtol_siting.nsga2_core      第  30 代: 前沿 100 个解, HV=4.45e+08, 最优目标1=5.287, 累计评估 1729
12:47:21 INFO    evtol_siting.nsga2_core      第  40 代: 前沿 100 个解, HV=4.45e+08, 最优目标1=5.287, 累计评估 2303
12:47:23 INFO    evtol_siting.nsga2_core      第  50 代: 前沿 100 个解, HV=4.45e+08, 最优目标1=5.287, 累计评估 2894
12:47:25 INFO    evtol_siting.nsga2_core      第  60 代: 前沿 100 个解, HV=4.45e+08, 最优目标1=5.287, 累计评估 3512
12:47:28 INFO    evtol_siting.nsga2_core      第  70 代: 前沿 100 个解, HV=4.45e+08, 最优目标1=5.287, 累计评估 4184
12:47:29 INFO    evtol_siting.nsga2_core      第  80 代: 前沿 100 个解, HV=4.45e+08, 最优目标1=5.287, 累计评估 4848
12:47:32 INFO    evtol_siting.nsga2_core      第  90 代: 前沿 100 个解, HV=4.451e+08, 最优目标1=5.287, 累计评估 5533
12:47:34 INFO    evtol_siting.nsga2_core      第  99 代: 前沿 100 个解, HV=4.451e+08, 最优目标1=5.287, 累计评估 6168
12:47:34 INFO    export_3d                  计算方案指标与单目标基线对比
12:47:34 INFO    evtol_siting.pipeline      ============================================================
12:47:34 INFO    evtol_siting.pipeline      评价：方案指标与基线对比
12:47:34 INFO    evtol_siting.pipeline      ============================================================
12:47:34 INFO    evtol_siting.baselines     基线命中缓存（算例指纹 bbf4c023db58…，13 个解）——跳过全部求解
12:47:34 INFO    evtol_siting.pipeline      方案对比表:
                         label  n_sites  n_rooftop  n_ground  total_cost_cny  mean_cost_per_site_cny  ...  group_3_access_time_min  group_4_access_time_min  group_5_access_time_min  group_6_access_time_min  income_quintile_gap_min  income_quintile_gini
     Baseline:max_coverage_p30       24          8        16    1.274610e+09            5.310875e+07  ...                 8.654964                 9.738346                 9.088602                 9.282052                 0.697215              0.017101
     Baseline:max_coverage_p20       20          6        14    1.040282e+09            5.201410e+07  ...                 8.805615                 9.763656                 9.141466                 9.282833                 0.537329              0.012944
  NSGA-II:best_unserved_demand      246         53       193    1.328350e+10            5.399795e+07  ...                 5.701462                 6.870819                 6.352101                 6.058571                 1.035758              0.038223
         NSGA-II:best_inequity      362         81       281    1.916543e+10            5.294317e+07  ...                 5.328984                 6.150296                 6.022826                 5.400691                 0.900319              0.036004
NSGA-II:best_total_access_time      352         76       276    1.882915e+10            5.349191e+07  ...                 5.342409                 6.005713                 5.819120                 5.207182                 0.657665              0.026412
                NSGA-II:TOPSIS       29          9        20    1.477923e+09            5.096288e+07  ...                 8.008422                 8.604662                 8.391573                 7.850031                 0.375731              0.010109
                  NSGA-II:knee       16          7         9    7.049171e+08            4.405732e+07  ...                 9.206346                 9.868663                 8.739456                 9.919839                 0.550348              0.013060
     Baseline:max_coverage_p11       11          3         8    5.496033e+08            4.996394e+07  ...                 9.690564                10.121791                 9.977799                 9.478099                 0.023802              0.000522
     Baseline:max_coverage_p10       10          2         8    5.188720e+08            5.188720e+07  ...                 9.791635                10.255601                10.309202                 9.379232                 0.297581              0.006421
         Baseline:p_center_p30       12          4         8    6.488965e+08            5.407470e+07  ...                 9.317082                 8.711515                 9.180129                 8.159084                 1.112298              0.026475
         Baseline:p_center_p20       12          5         7    6.176481e+08            5.147067e+07  ...                 9.306677                 8.703572                 9.218187                 8.088812                 1.102539              0.026230
         Baseline:p_center_p11       11          4         7    5.086482e+08            4.624075e+07  ...                 9.383165                 9.606529                 9.701706                 8.902876                 0.266500              0.006079
              IP:cost_priority       11          9         2    3.480112e+08            3.163738e+07  ...                 9.644172                 9.201375                 9.515793                 9.373731                 0.748195              0.017182
       NSGA-II:best_total_cost       11          9         2    3.480112e+08            3.163738e+07  ...                 9.644172                 9.201375                 9.515793                 9.373731                 0.748195              0.017182
         Baseline:p_center_p10       10          3         7    5.432390e+08            5.432390e+07  ...                 9.772465                10.102635                 9.923047                 9.491099                 0.122854              0.002698
         Baseline:set_covering       10          4         6    5.141768e+08            5.141768e+07  ...                 9.658241                10.051051                 9.974187                 9.242780                 0.066221              0.001467
          IP:coverage_priority       10          4         6    5.139291e+08            5.139291e+07  ...                 9.711297                10.020886                 9.899759                 9.321459                 0.121609              0.002701
         Baseline:p_median_p11       11          6         5    4.590191e+08            4.172901e+07  ...                 9.050071                 9.225586                 9.235810                 9.580823                 0.226152              0.005384
         Baseline:p_median_p10       10          6         4    4.782277e+08            4.782277e+07  ...                 9.063021                 9.409095                 9.534523                 9.790415                 0.275648              0.006418
         Baseline:p_median_p30       30         18        12    1.526425e+09            5.088084e+07  ...                 9.861333                10.096996                10.014936                 9.648502                 0.768066              0.021203
         Baseline:p_median_p20       20         14         6    1.082002e+09            5.410009e+07  ...                10.652214                10.260815                10.080134                 9.731013                 0.187546              0.004727
12:47:34 INFO    evtol_siting.viz3d         研究区边界已导出
12:47:34 INFO    evtol_siting.viz3d         候选点已导出: 屋顶型 256，地面型 1076
12:47:34 INFO    evtol_siting.viz3d         需求单元 2519 个、人群类 7 个已导出
12:47:34 INFO    evtol_siting.viz3d         帕累托前沿 100 个解已导出
12:47:34 INFO    evtol_siting.viz3d         三维数据包已导出: evtol_siting\viz3d\evtol_data.js (0.39 MB)
12:47:35 INFO    evtol_siting.pipeline      结果已保存到 evtol_siting\outputs\data
12:47:35 INFO    export_3d                  ======================================================================
12:47:35 INFO    export_3d                   完成。打开三维视图：
12:47:35 INFO    export_3d                     evtol_siting\viz3d\chengdu_evtol_3d.html
12:47:35 INFO    export_3d                   数据: evtol_data.js
12:47:35 INFO    export_3d                  ======================================================================
21:36:51 INFO    root                       token 已写入 cesium_token.js（<已省略>…，181 字符）
21:36:53 INFO    export_3d                  运行阶段一：候选起降场筛选
21:36:54 INFO    evtol_siting.pipeline      ============================================================
21:36:54 INFO    evtol_siting.pipeline      阶段一：基于 GIS 的候选起降场筛选
21:36:54 INFO    evtol_siting.pipeline      ============================================================
21:36:54 INFO    evtol_siting.pipeline      解析 PBF 提取包: sichuan-latest.osm.pbf
21:37:02 INFO    evtol_siting.data.pbf        已扫描 200000 个候选要素…
21:37:11 INFO    evtol_siting.data.pbf        已扫描 400000 个候选要素…
21:37:19 INFO    evtol_siting.data.pbf        已扫描 600000 个候选要素…
21:37:28 INFO    evtol_siting.data.pbf        已扫描 800000 个候选要素…
21:37:34 INFO    evtol_siting.data.pbf        buildings          69675 个要素
21:37:35 INFO    evtol_siting.data.pbf        poi                 8159 个要素
21:37:35 INFO    evtol_siting.data.pbf        roads              42272 个要素
21:37:35 INFO    evtol_siting.data.pbf        landuse             8430 个要素
21:37:35 INFO    evtol_siting.data.pbf        water               2252 个要素
21:37:35 INFO    evtol_siting.data.pbf        airports            1364 个要素
21:37:35 INFO    evtol_siting.data.pbf      PBF 解析完成（扫描 921830 个候选要素，输出 6 个图层）
21:37:35 INFO    evtol_siting.data.rasters  建筑高度栅格已存在: evtol_siting\data\raw\height\chengdu_building_height_10m.tif
21:37:37 INFO    evtol_siting.data.heights  高度栅格提供了 49162 栋建筑的高度（覆盖 70.6%）
21:37:37 INFO    evtol_siting.data.heights  分位数回归填补了 14650 栋建筑的高度（中位数 18.6 m）
21:37:37 INFO    evtol_siting.data.heights  高度融合结果（共 69675 栋）:
    raster_height     70.6%
    imputed           21.0%
    osm_levels         7.3%
    osm_height         1.1%
21:37:37 INFO    evtol_siting.data.heights      有标签覆盖率: 8.4% -> 融合后覆盖率: 100.0%
21:37:37 INFO    evtol_siting.data.rasters  人口栅格已存在: evtol_siting\data\raw\population\chengdu_population_100m.tif
21:37:37 INFO    evtol_siting.data.rasters  发现 VIIRS 夜间灯光: VNL_v2_npp_2020_global_vcmslcfg_c202102150000.average_masked.tif.gz
21:37:38 INFO    evtol_siting.data.rasters  栅格已裁剪: chengdu_income_proxy.tif（73×92 像元，分辨率 463.8 m）
21:37:38 INFO    evtol_siting.data.rasters  DEM 已存在: evtol_siting\data\raw\dem\chengdu_dem_30m.tif
21:37:41 INFO    evtol_siting.data.rasters  坡度栅格已生成: evtol_siting\data\interim\slope.tif
21:37:41 INFO    evtol_siting.geo           栅格化完成: 单元边长 500 m, 单元数 2519, 覆盖 629.8 km²
21:37:41 INFO    evtol_siting.stage1_candidates 屋顶型筛选: 1430 / 69675 栋建筑满足 h>=20m 且 A_roof>=1600m² (2.05%)
21:37:41 INFO    evtol_siting.stage1_candidates   排除 用地类型: 30 个单元（1.2%）
21:37:41 INFO    evtol_siting.stage1_candidates   排除 水域: 55 个单元（2.2%）
21:37:41 INFO    evtol_siting.stage1_candidates   建筑覆盖率判据 (max=0.55): 剔除 4 个单元（保留 2430）；覆盖率中位数 0.05
21:37:41 INFO    evtol_siting.stage1_candidates 坡度判据: 2430 / 2430 单元满足 slope<=15° (剔除 0)
21:37:41 INFO    evtol_siting.stage1_candidates 地面型筛选: 2430 个候选（用地排除 -89，坡度排除后）
21:37:41 INFO    evtol_siting.stage1_candidates 地面型候选已按路网可达性重新评分（中位距离 91 m）
21:37:41 INFO    evtol_siting.stage1_candidates 已为 1430 个缺少 cell_id 的候选（屋顶型）补齐所属栅格单元（补齐后 3770/3860 有 cell_id）
21:37:41 INFO    evtol_siting.stage1_candidates   90 个候选落在栅格之外，改用坐标分桶作为 cell_id
21:37:41 INFO    evtol_siting.stage1_candidates   口径 all_aeroway：1298 个非直升要素全部按运输机场处理
21:37:41 INFO    evtol_siting.stage1_candidates   机场净空区（含民用） (r=4000m): 剔除 1472 个候选（占 38.1%）
21:37:41 INFO    evtol_siting.stage1_candidates   既有直升机场 (r=1000m): 剔除 178 个候选（占 4.6%）
21:37:41 INFO    evtol_siting.stage1_candidates 安全排除后剩余 2344 个候选（原有 3860）
21:37:41 INFO    evtol_siting.stage1_candidates   [ground] 类别内稀释: 1581 -> 1581
21:37:41 INFO    evtol_siting.stage1_candidates   [rooftop] 类别内稀释: 693 -> 258
21:37:42 INFO    evtol_siting.stage1_candidates 密度稀释 (c_min=500m, 每栅格<=3): 2344 -> 1332 个候选 （配额 -70，类别内间距 -435，跨类别冲突 -507）；构成: {'ground': 1076, 'rooftop': 256}
21:37:42 INFO    evtol_siting.stage1_candidates 阶段一完成: 1332 个候选起降场（屋顶型 256，地面型 1076）
21:37:42 INFO    export_3d                  运行阶段二：K-Means 人群分类
21:37:42 INFO    evtol_siting.pipeline      ============================================================
21:37:42 INFO    evtol_siting.pipeline      阶段二：K-means 人群分类与需求空间化
21:37:42 INFO    evtol_siting.pipeline      ============================================================
21:37:42 INFO    evtol_siting.data.dasymetric 人口栅格分辨率 80 m 细于需求格网 500 m —— 分区求和已是正确的格网人口总量，**体积重分配在此不产生作用**，直接使用分区求和。（体积权重的价值在于把人口摊到建筑上做更细的分析，需 force=True）
21:37:42 WARNING evtol_siting.data.dasymetric 退化为按分区求和（假设人口在格网内均匀分布）
21:37:47 INFO    evtol_siting.stage2_demand 人口分配方式对比（论文 Table 用）:
    method  total_population  n_nonzero_cells  mean_per_cell  std_per_cell       cv     max_cell  top1pct_share     gini
dasymetric      7.712263e+06             2517    3061.636823   2504.238782 0.817941 12360.637527       0.032418 0.458119
   uniform      7.712263e+06             2517    3061.636823   2504.238782 0.817941 12360.637527       0.032418 0.458119
21:37:47 INFO    evtol_siting.stage2_demand 人口: 合计 7712263 人，单元中位数 2567 人（来源: zonal_sum）
21:39:07 INFO    root                       token 已写入 cesium_token.js（<已省略>…，181 字符）
21:39:07 INFO    export_3d                  运行阶段一：候选起降场筛选
21:39:08 INFO    evtol_siting.pipeline      ============================================================
21:39:08 INFO    evtol_siting.pipeline      阶段一：基于 GIS 的候选起降场筛选
21:39:08 INFO    evtol_siting.pipeline      ============================================================
21:39:08 INFO    evtol_siting.pipeline      解析 PBF 提取包: sichuan-latest.osm.pbf
21:39:16 INFO    evtol_siting.data.pbf        已扫描 200000 个候选要素…
21:39:25 INFO    evtol_siting.data.pbf        已扫描 400000 个候选要素…
21:39:33 INFO    evtol_siting.data.pbf        已扫描 600000 个候选要素…
21:39:42 INFO    evtol_siting.data.pbf        已扫描 800000 个候选要素…
21:39:48 INFO    evtol_siting.data.pbf        buildings          69675 个要素
21:39:48 INFO    evtol_siting.data.pbf        poi                 8159 个要素
21:39:49 INFO    evtol_siting.data.pbf        roads              42272 个要素
21:39:49 INFO    evtol_siting.data.pbf        landuse             8430 个要素
21:39:49 INFO    evtol_siting.data.pbf        water               2252 个要素
21:39:49 INFO    evtol_siting.data.pbf        airports            1364 个要素
21:39:49 INFO    evtol_siting.data.pbf      PBF 解析完成（扫描 921830 个候选要素，输出 6 个图层）
21:39:49 INFO    evtol_siting.data.rasters  建筑高度栅格已存在: evtol_siting\data\raw\height\chengdu_building_height_10m.tif
21:39:51 INFO    evtol_siting.data.heights  高度栅格提供了 49162 栋建筑的高度（覆盖 70.6%）
21:39:51 INFO    evtol_siting.data.heights  分位数回归填补了 14650 栋建筑的高度（中位数 18.6 m）
21:39:51 INFO    evtol_siting.data.heights  高度融合结果（共 69675 栋）:
    raster_height     70.6%
    imputed           21.0%
    osm_levels         7.3%
    osm_height         1.1%
21:39:51 INFO    evtol_siting.data.heights      有标签覆盖率: 8.4% -> 融合后覆盖率: 100.0%
21:39:51 INFO    evtol_siting.data.rasters  人口栅格已存在: evtol_siting\data\raw\population\chengdu_population_100m.tif
21:39:51 INFO    evtol_siting.data.rasters  发现 VIIRS 夜间灯光: VNL_v2_npp_2020_global_vcmslcfg_c202102150000.average_masked.tif.gz
21:39:51 INFO    evtol_siting.data.rasters  栅格已裁剪: chengdu_income_proxy.tif（73×92 像元，分辨率 463.8 m）
21:39:51 INFO    pyogrio._io                Created 6,716 records
21:39:51 INFO    evtol_siting.data.rasters  VIIRS 已转为点矢量: 6716 个点（rwi 范围 0.000–230.299）-> chengdu_income_proxy.gpkg
21:39:51 INFO    evtol_siting.data.rasters  DEM 已存在: evtol_siting\data\raw\dem\chengdu_dem_30m.tif
21:39:54 INFO    evtol_siting.data.rasters  坡度栅格已生成: evtol_siting\data\interim\slope.tif
21:39:54 INFO    evtol_siting.geo           栅格化完成: 单元边长 500 m, 单元数 2519, 覆盖 629.8 km²
21:39:54 INFO    evtol_siting.stage1_candidates 屋顶型筛选: 1430 / 69675 栋建筑满足 h>=20m 且 A_roof>=1600m² (2.05%)
21:39:55 INFO    evtol_siting.stage1_candidates   排除 用地类型: 30 个单元（1.2%）
21:39:55 INFO    evtol_siting.stage1_candidates   排除 水域: 55 个单元（2.2%）
21:39:55 INFO    evtol_siting.stage1_candidates   建筑覆盖率判据 (max=0.55): 剔除 4 个单元（保留 2430）；覆盖率中位数 0.05
21:39:55 INFO    evtol_siting.stage1_candidates 坡度判据: 2430 / 2430 单元满足 slope<=15° (剔除 0)
21:39:55 INFO    evtol_siting.stage1_candidates 地面型筛选: 2430 个候选（用地排除 -89，坡度排除后）
21:39:55 INFO    evtol_siting.stage1_candidates 地面型候选已按路网可达性重新评分（中位距离 91 m）
21:39:55 INFO    evtol_siting.stage1_candidates 已为 1430 个缺少 cell_id 的候选（屋顶型）补齐所属栅格单元（补齐后 3770/3860 有 cell_id）
21:39:55 INFO    evtol_siting.stage1_candidates   90 个候选落在栅格之外，改用坐标分桶作为 cell_id
21:39:55 INFO    evtol_siting.stage1_candidates   口径 all_aeroway：1298 个非直升要素全部按运输机场处理
21:39:55 INFO    evtol_siting.stage1_candidates   机场净空区（含民用） (r=4000m): 剔除 1472 个候选（占 38.1%）
21:39:55 INFO    evtol_siting.stage1_candidates   既有直升机场 (r=1000m): 剔除 178 个候选（占 4.6%）
21:39:55 INFO    evtol_siting.stage1_candidates 安全排除后剩余 2344 个候选（原有 3860）
21:39:55 INFO    evtol_siting.stage1_candidates   [ground] 类别内稀释: 1581 -> 1581
21:39:55 INFO    evtol_siting.stage1_candidates   [rooftop] 类别内稀释: 693 -> 258
21:39:55 INFO    evtol_siting.stage1_candidates 密度稀释 (c_min=500m, 每栅格<=3): 2344 -> 1332 个候选 （配额 -70，类别内间距 -435，跨类别冲突 -507）；构成: {'ground': 1076, 'rooftop': 256}
21:39:55 INFO    evtol_siting.stage1_candidates 阶段一完成: 1332 个候选起降场（屋顶型 256，地面型 1076）
21:39:55 INFO    export_3d                  运行阶段二：K-Means 人群分类
21:39:55 INFO    evtol_siting.pipeline      ============================================================
21:39:55 INFO    evtol_siting.pipeline      阶段二：K-means 人群分类与需求空间化
21:39:55 INFO    evtol_siting.pipeline      ============================================================
21:39:55 INFO    evtol_siting.data.dasymetric 人口栅格分辨率 80 m 细于需求格网 500 m —— 分区求和已是正确的格网人口总量，**体积重分配在此不产生作用**，直接使用分区求和。（体积权重的价值在于把人口摊到建筑上做更细的分析，需 force=True）
21:39:55 WARNING evtol_siting.data.dasymetric 退化为按分区求和（假设人口在格网内均匀分布）
21:40:00 INFO    evtol_siting.stage2_demand 人口分配方式对比（论文 Table 用）:
    method  total_population  n_nonzero_cells  mean_per_cell  std_per_cell       cv     max_cell  top1pct_share     gini
dasymetric      7.712263e+06             2517    3061.636823   2504.238782 0.817941 12360.637527       0.032418 0.458119
   uniform      7.712263e+06             2517    3061.636823   2504.238782 0.817941 12360.637527       0.032418 0.458119
21:40:00 INFO    evtol_siting.stage2_demand 人口: 合计 7712263 人，单元中位数 2567 人（来源: zonal_sum）
21:40:27 INFO    root                       token 已写入 cesium_token.js（<已省略>…，181 字符）
21:40:28 INFO    export_3d                  运行阶段一：候选起降场筛选
21:40:28 INFO    evtol_siting.pipeline      ============================================================
21:40:28 INFO    evtol_siting.pipeline      阶段一：基于 GIS 的候选起降场筛选
21:40:28 INFO    evtol_siting.pipeline      ============================================================
21:40:28 INFO    evtol_siting.pipeline      解析 PBF 提取包: sichuan-latest.osm.pbf
21:40:37 INFO    evtol_siting.data.pbf        已扫描 200000 个候选要素…
21:40:46 INFO    evtol_siting.data.pbf        已扫描 400000 个候选要素…
21:40:54 INFO    evtol_siting.data.pbf        已扫描 600000 个候选要素…
21:41:03 INFO    evtol_siting.data.pbf        已扫描 800000 个候选要素…
21:41:09 INFO    evtol_siting.data.pbf        buildings          69675 个要素
21:41:09 INFO    evtol_siting.data.pbf        poi                 8159 个要素
21:41:09 INFO    evtol_siting.data.pbf        roads              42272 个要素
21:41:10 INFO    evtol_siting.data.pbf        landuse             8430 个要素
21:41:10 INFO    evtol_siting.data.pbf        water               2252 个要素
21:41:10 INFO    evtol_siting.data.pbf        airports            1364 个要素
21:41:10 INFO    evtol_siting.data.pbf      PBF 解析完成（扫描 921830 个候选要素，输出 6 个图层）
21:41:10 INFO    evtol_siting.data.rasters  建筑高度栅格已存在: evtol_siting\data\raw\height\chengdu_building_height_10m.tif
21:41:12 INFO    evtol_siting.data.heights  高度栅格提供了 49162 栋建筑的高度（覆盖 70.6%）
21:41:12 INFO    evtol_siting.data.heights  分位数回归填补了 14650 栋建筑的高度（中位数 18.6 m）
21:41:12 INFO    evtol_siting.data.heights  高度融合结果（共 69675 栋）:
    raster_height     70.6%
    imputed           21.0%
    osm_levels         7.3%
    osm_height         1.1%
21:41:12 INFO    evtol_siting.data.heights      有标签覆盖率: 8.4% -> 融合后覆盖率: 100.0%
21:41:12 INFO    evtol_siting.data.rasters  人口栅格已存在: evtol_siting\data\raw\population\chengdu_population_100m.tif
21:41:12 INFO    evtol_siting.data.rasters  收入代理数据已存在: evtol_siting\data\raw\income\chengdu_income_proxy.gpkg
21:41:12 INFO    evtol_siting.pipeline      收入代理已载入: 6716 个点（EPSG:4326）
21:41:12 INFO    evtol_siting.data.rasters  DEM 已存在: evtol_siting\data\raw\dem\chengdu_dem_30m.tif
21:41:15 INFO    evtol_siting.data.rasters  坡度栅格已生成: evtol_siting\data\interim\slope.tif
21:41:15 INFO    evtol_siting.geo           栅格化完成: 单元边长 500 m, 单元数 2519, 覆盖 629.8 km²
21:41:15 INFO    evtol_siting.stage1_candidates 屋顶型筛选: 1430 / 69675 栋建筑满足 h>=20m 且 A_roof>=1600m² (2.05%)
21:41:15 INFO    evtol_siting.stage1_candidates   排除 用地类型: 30 个单元（1.2%）
21:41:15 INFO    evtol_siting.stage1_candidates   排除 水域: 55 个单元（2.2%）
21:41:15 INFO    evtol_siting.stage1_candidates   建筑覆盖率判据 (max=0.55): 剔除 4 个单元（保留 2430）；覆盖率中位数 0.05
21:41:15 INFO    evtol_siting.stage1_candidates 坡度判据: 2430 / 2430 单元满足 slope<=15° (剔除 0)
21:41:15 INFO    evtol_siting.stage1_candidates 地面型筛选: 2430 个候选（用地排除 -89，坡度排除后）
21:41:15 INFO    evtol_siting.stage1_candidates 地面型候选已按路网可达性重新评分（中位距离 91 m）
21:41:15 INFO    evtol_siting.stage1_candidates 已为 1430 个缺少 cell_id 的候选（屋顶型）补齐所属栅格单元（补齐后 3770/3860 有 cell_id）
21:41:15 INFO    evtol_siting.stage1_candidates   90 个候选落在栅格之外，改用坐标分桶作为 cell_id
21:41:15 INFO    evtol_siting.stage1_candidates   口径 all_aeroway：1298 个非直升要素全部按运输机场处理
21:41:15 INFO    evtol_siting.stage1_candidates   机场净空区（含民用） (r=4000m): 剔除 1472 个候选（占 38.1%）
21:41:15 INFO    evtol_siting.stage1_candidates   既有直升机场 (r=1000m): 剔除 178 个候选（占 4.6%）
21:41:15 INFO    evtol_siting.stage1_candidates 安全排除后剩余 2344 个候选（原有 3860）
21:41:15 INFO    evtol_siting.stage1_candidates   [ground] 类别内稀释: 1581 -> 1581
21:41:15 INFO    evtol_siting.stage1_candidates   [rooftop] 类别内稀释: 693 -> 258
21:41:16 INFO    evtol_siting.stage1_candidates 密度稀释 (c_min=500m, 每栅格<=3): 2344 -> 1332 个候选 （配额 -70，类别内间距 -435，跨类别冲突 -507）；构成: {'ground': 1076, 'rooftop': 256}
21:41:16 INFO    evtol_siting.stage1_candidates 阶段一完成: 1332 个候选起降场（屋顶型 256，地面型 1076）
21:41:16 INFO    export_3d                  运行阶段二：K-Means 人群分类
21:41:16 INFO    evtol_siting.pipeline      ============================================================
21:41:16 INFO    evtol_siting.pipeline      阶段二：K-means 人群分类与需求空间化
21:41:16 INFO    evtol_siting.pipeline      ============================================================
21:41:16 INFO    evtol_siting.data.dasymetric 人口栅格分辨率 80 m 细于需求格网 500 m —— 分区求和已是正确的格网人口总量，**体积重分配在此不产生作用**，直接使用分区求和。（体积权重的价值在于把人口摊到建筑上做更细的分析，需 force=True）
21:41:16 WARNING evtol_siting.data.dasymetric 退化为按分区求和（假设人口在格网内均匀分布）
21:41:21 INFO    evtol_siting.stage2_demand 人口分配方式对比（论文 Table 用）:
    method  total_population  n_nonzero_cells  mean_per_cell  std_per_cell       cv     max_cell  top1pct_share     gini
dasymetric      7.712263e+06             2517    3061.636823   2504.238782 0.817941 12360.637527       0.032418 0.458119
   uniform      7.712263e+06             2517    3061.636823   2504.238782 0.817941 12360.637527       0.032418 0.458119
21:41:21 INFO    evtol_siting.stage2_demand 人口: 合计 7712263 人，单元中位数 2567 人（来源: zonal_sum）
21:41:23 INFO    evtol_siting.stage2_demand 收入代理(RWI): 范围 [4.28, 94.31]，单元均值 28.593
21:41:23 INFO    evtol_siting.stage2_demand POI: 研究区内 7442 个，单元密度中位数 0 个/km²
21:41:29 INFO    evtol_siting.stage2_demand K 选择 (silhouette): K=5，得分 0.4742，各 K 得分 {3: 0.4713, 4: 0.4495, 5: 0.4742, 6: 0.4289, 7: 0.4336, 8: 0.4372}
21:41:29 INFO    evtol_siting.choice_model  收入阶梯（K=5）: 2,086  3,285  4,500  6,164  9,709
21:41:29 INFO    evtol_siting.choice_model  时间价值: 6.0  9.4  12.9  17.7  27.9 元/小时（对应月收入 2,086  3,285  4,500  6,164  9,709）
21:41:29 INFO    evtol_siting.choice_model  时间价值: 1.2  1.4  1.6  1.8  2.1  2.4  2.8  3.2  3.7  4.2  4.9  5.6  6.4  7.4  8.5  9.8  11.2  12.9  14.8  17.0  19.6  22.5  25.8  29.7 元/小时（对应月收入 421  484  556  639  735  844  970  1,115  1,282  1,473  1,693  1,946  2,236  2,570  2,953  3,394  3,901  4,483  5,153  5,922  6,806  7,822  8,989  10,331）
21:41:29 INFO    evtol_siting.choice_model  时间价值: 1.9  2.2  2.5  2.9  3.3  3.8  4.4  5.0  5.8  6.7  7.7  8.8  10.1  11.6  13.4  15.4  17.7  20.3  23.3  26.8  30.8  35.4  40.7  46.8 元/小时（对应月收入 663  762  876  1,007  1,157  1,330  1,528  1,757  2,019  2,320  2,666  3,064  3,522  4,048  4,652  5,346  6,144  7,061  8,116  9,327  10,719  12,319  14,158  16,272）
21:41:29 INFO    evtol_siting.choice_model  时间价值: 2.6  3.0  3.4  4.0  4.6  5.2  6.0  6.9  7.9  9.1  10.5  12.1  13.9  15.9  18.3  21.0  24.2  27.8  31.9  36.7  42.2  48.5  55.7  64.0 元/小时（对应月收入 909  1,044  1,200  1,379  1,585  1,822  2,094  2,406  2,765  3,178  3,652  4,198  4,824  5,544  6,372  7,323  8,416  9,673  11,116  12,776  14,683  16,875  19,394  22,289）
21:41:29 INFO    evtol_siting.choice_model  时间价值: 3.6  4.1  4.7  5.4  6.2  7.2  8.2  9.5  10.9  12.5  14.4  16.5  19.0  21.8  25.1  28.8  33.1  38.1  43.8  50.3  57.8  66.4  76.3  87.7 元/小时（对应月收入 1,244  1,430  1,644  1,889  2,171  2,495  2,868  3,296  3,788  4,353  5,003  5,750  6,608  7,594  8,728  10,031  11,528  13,249  15,227  17,500  20,112  23,114  26,565  30,530）
21:41:29 INFO    evtol_siting.choice_model  时间价值: 5.6  6.5  7.4  8.6  9.8  11.3  13.0  14.9  17.1  19.7  22.6  26.0  29.9  34.4  39.5  45.4  52.2  60.0  68.9  79.2  91.0  104.6  120.2  138.2 元/小时（对应月收入 1,960  2,253  2,589  2,975  3,420  3,930  4,517  5,191  5,966  6,856  7,880  9,056  10,408  11,962  13,747  15,799  18,158  20,868  23,983  27,563  31,678  36,407  41,841  48,087）
21:41:29 INFO    evtol_siting.choice_model  选择模型 [区域内积分（σ_within=0.4）]: 出行 15 km，地面 55 分钟 / 57 元，eVTOL 24 分钟 / 130 元，节省 31 分钟；采用概率 0.0572–0.0920（类间比 1.61）
21:41:29 INFO    evtol_siting.choice_model  各类人群采用概率:
 cluster  monthly_income_cny  vot_cny_per_h  p_evtol  demand_rate
       3              2086.0           5.99  0.05718     0.005718
       0              3285.0           9.44  0.06157     0.006157
       1              4500.0          12.93  0.06638     0.006638
       2              6164.0          17.71  0.07364     0.007364
       4              9709.0          27.90  0.09201     0.009201
21:41:29 INFO    evtol_siting.stage2_demand K-means 聚类完成: K=5，总需求 51899 次/日，总人口 7712263 人
21:41:29 INFO    evtol_siting.stage2_demand 类画像:
 cluster  n_cells   population  income_mean  poi_density_mean  trip_rate  monthly_income_cny  vot_cny_per_h  p_evtol  demand_trips_per_day k_selection
       3      911 1.274286e+06    15.458149          1.242591   0.005718              2086.0           5.99  0.05718           7286.368668  silhouette
       0      916 2.953990e+06    31.667580          4.310044   0.006157              3285.0           9.44  0.06157          18187.714329  silhouette
       1      311 1.804357e+06    33.630300         41.273312   0.006638              4500.0          12.93  0.06638          11977.321363  silhouette
       2       81 5.478822e+05    40.350918        106.123457   0.007364              6164.0          17.71  0.07364           4034.604404  silhouette
       4      300 1.131748e+06    50.690864         10.853333   0.009201              9709.0          27.90  0.09201          10413.214673  silhouette
21:41:29 INFO    export_3d                  运行阶段三：0-1 整数规划
21:41:29 INFO    evtol_siting.pipeline      ============================================================
21:41:29 INFO    evtol_siting.pipeline      阶段三：0-1 整数规划选址
21:41:29 INFO    evtol_siting.pipeline      ============================================================
21:41:29 INFO    evtol_siting.stage3_ip     [cost_priority] 需求单元 2519 个（核心 1008 个，阈值 分位数 0.60（>=21.5 次/日）），候选 1332 个，接驳时间预算 15.0 分钟，设施上限 20
21:41:30 INFO    evtol_siting.stage3_ip     [cost_priority] 最优解: 11 个起降场，总成本 3.16 亿元，需求覆盖率 96.8%，人口覆盖率 96.5%（耗时 0.81s）
21:41:30 INFO    evtol_siting.stage3_ip     [coverage_priority] 需求单元 2519 个（核心 1008 个，阈值 分位数 0.60（>=21.5 次/日）），候选 1332 个，接驳时间预算 15.0 分钟，设施上限 35
21:41:31 INFO    evtol_siting.stage3_ip     [coverage_priority] 最优解: 10 个起降场，总成本 4.69 亿元，需求覆盖率 96.4%，人口覆盖率 96.0%（耗时 0.49s）
21:41:31 INFO    evtol_siting.stage3_ip     阶段三完成: 2 个情景求解成功（cost_priority=Optimal, coverage_priority=Optimal）
21:41:31 INFO    export_3d                  运行阶段四：NSGA-II 多目标优化
21:41:31 INFO    evtol_siting.pipeline      ============================================================
21:41:31 INFO    evtol_siting.pipeline      阶段四：NSGA-II 多目标优化
21:41:31 INFO    evtol_siting.pipeline      ============================================================
21:41:31 INFO    evtol_siting.stage4_nsga2  问题实例: 2519 个需求单元（核心 1008），1332 个候选；接驳预算 15.0 分钟；单点最大可覆盖 303 个核心单元（占核心 30.1%）
21:41:31 INFO    evtol_siting.pipeline      已注入 2 个 IP 最优解作为初始种群种子
21:41:31 INFO    evtol_siting.nsga2_core    初始种群: 100 个个体 × 1332 维，站点数 区间 (12, 400)（区间初始化，自由规模）
21:41:31 INFO    evtol_siting.nsga2_core      第   0 代: 前沿  96 个解, HV=5.119e+08, 最优目标1=5.359, 累计评估 163
21:41:33 INFO    evtol_siting.nsga2_core      第  10 代: 前沿 100 个解, HV=5.123e+08, 最优目标1=5.359, 累计评估 688
21:41:35 INFO    evtol_siting.nsga2_core      第  20 代: 前沿 100 个解, HV=5.123e+08, 最优目标1=5.359, 累计评估 1234
21:41:37 INFO    evtol_siting.nsga2_core      第  30 代: 前沿 100 个解, HV=5.126e+08, 最优目标1=5.359, 累计评估 1797
21:41:39 INFO    evtol_siting.nsga2_core      第  40 代: 前沿 100 个解, HV=5.126e+08, 最优目标1=5.359, 累计评估 2373
21:41:41 INFO    evtol_siting.nsga2_core      第  50 代: 前沿 100 个解, HV=5.126e+08, 最优目标1=5.359, 累计评估 2935
21:41:42 INFO    evtol_siting.nsga2_core      第  60 代: 前沿 100 个解, HV=5.126e+08, 最优目标1=5.359, 累计评估 3509
21:41:44 INFO    evtol_siting.nsga2_core      第  70 代: 前沿 100 个解, HV=5.127e+08, 最优目标1=5.359, 累计评估 4143
21:41:46 INFO    evtol_siting.nsga2_core      第  80 代: 前沿 100 个解, HV=5.128e+08, 最优目标1=5.359, 累计评估 4791
21:41:48 INFO    evtol_siting.nsga2_core      第  90 代: 前沿 100 个解, HV=5.128e+08, 最优目标1=5.359, 累计评估 5462
21:41:49 INFO    evtol_siting.nsga2_core      第  99 代: 前沿 100 个解, HV=5.128e+08, 最优目标1=5.359, 累计评估 6119
21:41:49 INFO    export_3d                  计算方案指标与单目标基线对比
21:41:49 INFO    evtol_siting.pipeline      ============================================================
21:41:49 INFO    evtol_siting.pipeline      评价：方案指标与基线对比
21:41:49 INFO    evtol_siting.pipeline      ============================================================
21:41:50 INFO    evtol_siting.baselines     基线求解：13 个 MILP，6 路并发（本机 20 核）
21:41:52 INFO    evtol_siting.baselines     [p_median_p11] p=11: 2519 个需求单元 × 25 近邻 = 61777 个分配变量
21:41:52 INFO    evtol_siting.baselines     [p_median_p10] p=10: 2519 个需求单元 × 25 近邻 = 61777 个分配变量
21:41:54 INFO    evtol_siting.baselines     [set_covering] -> 10 个设施，耗时 3.9s
21:41:56 INFO    evtol_siting.baselines     [p_center_p11] p=11 -> 11 个设施，最大接驳时间 13.61 分钟，耗时 6.6s
21:41:58 INFO    evtol_siting.baselines     [p_median_p20] p=20: 2519 个需求单元 × 25 近邻 = 61777 个分配变量
21:42:01 INFO    evtol_siting.baselines     [p_center_p10] p=10 -> 10 个设施，最大接驳时间 14.38 分钟，耗时 11.1s
21:42:03 INFO    evtol_siting.baselines     [p_center_p20] p=20 -> 11 个设施，最大接驳时间 13.61 分钟，耗时 1.8s
21:42:05 INFO    evtol_siting.baselines     [max_coverage_p20] p=20 -> 20 个设施，覆盖需求 51899，耗时 2.2s
21:42:07 INFO    evtol_siting.baselines     [p_median_p30] p=30: 2519 个需求单元 × 25 近邻 = 61777 个分配变量
21:43:23 INFO    evtol_siting.baselines     [max_coverage_p10] p=10 -> 10 个设施，覆盖需求 51159，耗时 93.7s
21:43:25 INFO    evtol_siting.baselines     [p_center_p30] p=30 -> 11 个设施，最大接驳时间 13.61 分钟，耗时 1.9s
21:43:27 INFO    evtol_siting.baselines     [max_coverage_p30] p=30 -> 22 个设施，覆盖需求 51899，耗时 1.6s
21:44:01 INFO    evtol_siting.baselines     [p_median_p10] p=10 -> 10 个设施，目标 268864.4，耗时 131.4s
21:44:03 INFO    evtol_siting.baselines     [max_coverage_p11] p=11 -> 11 个设施，覆盖需求 51487，耗时 129.0s
21:47:05 INFO    evtol_siting.baselines     [p_median_p11] p=11 -> 11 个设施，目标 275922.1，耗时 315.1s
21:47:18 INFO    evtol_siting.baselines     [p_median_p20] p=20 -> 20 个设施，目标 315413.8，耗时 321.9s
21:47:51 INFO    evtol_siting.baselines     [p_median_p30] p=30 -> 30 个设施，目标 23201.1，耗时 346.0s
21:47:51 INFO    evtol_siting.baselines     基线求解完成: 13/13 成功，墙钟 361s
21:47:51 INFO    evtol_siting.baselines     基线结果已缓存: baselines_c41e000c546e6a4c16b8bf9eb220df7b.json
21:47:51 INFO    evtol_siting.pipeline      方案对比表:
                         label  n_sites  n_rooftop  n_ground  total_cost_cny  mean_cost_per_site_cny  ...  group_1_access_time_min  group_2_access_time_min  group_3_access_time_min  group_4_access_time_min  income_quintile_gap_min  income_quintile_gini
     Baseline:max_coverage_p30       22          8        14    1.164256e+09            5.292073e+07  ...                 8.983644                 8.414231                 8.866384                 8.882396                 0.439442              0.010596
     Baseline:max_coverage_p20       20          9        11    1.038161e+09            5.190807e+07  ...                 9.026408                 8.848450                 9.091731                 8.782994                 0.464394              0.009725
  NSGA-II:best_unserved_demand      245         52       193    1.319472e+10            5.385601e+07  ...                 6.628028                 6.107276                 5.744260                 6.711663                 0.985697              0.031340
         NSGA-II:best_inequity      281         46       235    1.512866e+10            5.383866e+07  ...                 6.118949                 5.919757                 5.492427                 6.119127                 0.571338              0.018818
NSGA-II:best_total_access_time      355         77       278    1.898107e+10            5.346780e+07  ...                 5.803436                 5.364640                 5.529853                 6.179525                 0.958074              0.036007
                NSGA-II:TOPSIS       51         12        39    2.681241e+09            5.257336e+07  ...                 7.979367                 7.476060                 7.866554                 7.432966                 0.855118              0.024339
                  NSGA-II:knee       16          7         9    7.565141e+08            4.728213e+07  ...                 9.216031                 8.106086                 9.273784                 9.171350                 0.899061              0.018422
     Baseline:max_coverage_p11       11          5         6    4.880409e+08            4.436735e+07  ...                10.497698                10.242921                 9.876474                 9.765965                 0.297465              0.006029
         Baseline:p_median_p20       20          7        13    1.090946e+09            5.454729e+07  ...                 8.079987                 7.900299                 8.807022                 8.111882                 1.839847              0.040888
     Baseline:max_coverage_p10       10          4         6    4.681146e+08            4.681146e+07  ...                10.368536                10.163654                10.046867                 9.807411                 0.481724              0.009115
         Baseline:p_center_p10       10          5         5    5.664363e+08            5.664363e+07  ...                 9.663617                 9.569673                 9.944675                 9.635469                 0.836544              0.014737
         Baseline:p_center_p11       11          4         7    6.110598e+08            5.555090e+07  ...                 8.994664                 9.808476                 9.439148                 8.787520                 1.415459              0.027918
         Baseline:p_center_p20       11          4         7    6.110598e+08            5.555090e+07  ...                 8.994664                 9.808476                 9.439148                 8.787520                 1.415459              0.027918
         Baseline:p_center_p30       11          4         7    6.110598e+08            5.555090e+07  ...                 8.994664                 9.808476                 9.439148                 8.787520                 1.415459              0.027918
         Baseline:set_covering       10          6         4    4.684594e+08            4.684594e+07  ...                 9.911647                10.494653                10.403960                 9.562972                 1.395941              0.025037
       NSGA-II:best_total_cost       11         10         1    3.158845e+08            2.871677e+07  ...                 9.404709                 9.611505                10.041815                 8.676750                 2.570789              0.045098
              IP:cost_priority       11         10         1    3.158845e+08            2.871677e+07  ...                 9.404709                 9.611505                10.041815                 8.676750                 2.570789              0.045098
          IP:coverage_priority       10          6         4    4.693463e+08            4.693463e+07  ...                 9.999404                10.523904                10.168471                 9.613776                 1.073908              0.019027
         Baseline:p_median_p11       11          6         5    4.590191e+08            4.172901e+07  ...                 9.338307                 9.446187                 8.829845                 8.647682                 0.984390              0.017316
         Baseline:p_median_p10       10          6         4    4.924327e+08            4.924327e+07  ...                 9.343842                 9.372880                 8.798493                 8.868444                 0.916397              0.020121
         Baseline:p_median_p30       30         18        12    1.526425e+09            5.088084e+07  ...                10.005792                 9.844712                 9.200647                 9.679205                 2.213140              0.045884
21:47:51 INFO    evtol_siting.viz3d         研究区边界已导出
21:47:51 INFO    evtol_siting.viz3d         候选点已导出: 屋顶型 256，地面型 1076
21:47:51 INFO    evtol_siting.viz3d         需求单元 2519 个、人群类 5 个已导出
21:47:51 INFO    evtol_siting.viz3d         帕累托前沿 100 个解已导出
21:47:51 INFO    evtol_siting.viz3d         三维数据包已导出: evtol_siting\viz3d\evtol_data.js (0.38 MB)
21:47:52 INFO    evtol_siting.pipeline      结果已保存到 evtol_siting\outputs\data
21:47:52 INFO    export_3d                  ======================================================================
21:47:52 INFO    export_3d                   完成。打开三维视图：
21:47:52 INFO    export_3d                     evtol_siting\viz3d\chengdu_evtol_3d.html
21:47:52 INFO    export_3d                   数据: evtol_data.js
21:47:52 INFO    export_3d                  ======================================================================
00:19:37 INFO    root                       token 已写入 cesium_token.js（<已省略>…，181 字符）
00:19:38 INFO    export_3d                  运行阶段一：候选起降场筛选
00:19:38 INFO    evtol_siting.pipeline      ============================================================
00:19:38 INFO    evtol_siting.pipeline      阶段一：基于 GIS 的候选起降场筛选
00:19:38 INFO    evtol_siting.pipeline      ============================================================
00:19:38 INFO    evtol_siting.pipeline      解析 PBF 提取包: sichuan-latest.osm.pbf
00:19:46 INFO    evtol_siting.data.pbf        已扫描 200000 个候选要素…
00:19:55 INFO    evtol_siting.data.pbf        已扫描 400000 个候选要素…
00:20:03 INFO    evtol_siting.data.pbf        已扫描 600000 个候选要素…
00:20:12 INFO    evtol_siting.data.pbf        已扫描 800000 个候选要素…
00:20:18 INFO    evtol_siting.data.pbf        buildings          69675 个要素
00:20:18 INFO    evtol_siting.data.pbf        poi                 8159 个要素
00:20:19 INFO    evtol_siting.data.pbf        roads              42272 个要素
00:20:19 INFO    evtol_siting.data.pbf        landuse             8430 个要素
00:20:19 INFO    evtol_siting.data.pbf        water               2252 个要素
00:20:19 INFO    evtol_siting.data.pbf        airports            1364 个要素
00:20:19 INFO    evtol_siting.data.pbf      PBF 解析完成（扫描 921830 个候选要素，输出 6 个图层）
00:20:19 INFO    evtol_siting.data.rasters  建筑高度栅格已存在: evtol_siting\data\raw\height\chengdu_building_height_10m.tif
00:20:22 INFO    evtol_siting.data.heights  高度栅格提供了 49162 栋建筑的高度（覆盖 70.6%）
00:20:22 INFO    evtol_siting.data.heights  分位数回归填补了 14650 栋建筑的高度（中位数 18.6 m）
00:20:22 INFO    evtol_siting.data.heights  高度融合结果（共 69675 栋）:
    raster_height     70.6%
    imputed           21.0%
    osm_levels         7.3%
    osm_height         1.1%
00:20:22 INFO    evtol_siting.data.heights      有标签覆盖率: 8.4% -> 融合后覆盖率: 100.0%
00:20:22 INFO    evtol_siting.data.rasters  人口栅格已存在: evtol_siting\data\raw\population\chengdu_population_100m.tif
00:20:22 INFO    evtol_siting.data.rasters  收入代理数据已存在: evtol_siting\data\raw\income\chengdu_income_proxy.gpkg
00:20:22 INFO    evtol_siting.pipeline      收入代理已载入: 6716 个点（EPSG:4326）
00:20:22 INFO    evtol_siting.data.rasters  DEM 已存在: evtol_siting\data\raw\dem\chengdu_dem_30m.tif
00:20:25 INFO    evtol_siting.data.rasters  坡度栅格已生成: evtol_siting\data\interim\slope.tif
00:20:26 INFO    evtol_siting.geo           栅格化完成: 单元边长 500 m, 单元数 2519, 覆盖 629.8 km²
00:20:26 INFO    evtol_siting.stage1_candidates 屋顶型筛选: 1430 / 69675 栋建筑满足 h>=20m 且 A_roof>=1600m² (2.05%)
00:20:26 INFO    evtol_siting.stage1_candidates   排除 用地类型: 30 个单元（1.2%）
00:20:26 INFO    evtol_siting.stage1_candidates   排除 水域: 55 个单元（2.2%）
00:20:26 INFO    evtol_siting.stage1_candidates   建筑覆盖率判据 (max=0.55): 剔除 4 个单元（保留 2430）；覆盖率中位数 0.05
00:20:26 INFO    evtol_siting.stage1_candidates 坡度判据: 2430 / 2430 单元满足 slope<=15° (剔除 0)
00:20:27 INFO    evtol_siting.stage1_candidates 地面型筛选: 2430 个候选（用地排除 -89，坡度排除后）
00:20:27 INFO    evtol_siting.stage1_candidates 地面型候选已按路网可达性重新评分（中位距离 91 m）
00:20:27 INFO    evtol_siting.stage1_candidates 已为 1430 个缺少 cell_id 的候选（屋顶型）补齐所属栅格单元（补齐后 3770/3860 有 cell_id）
00:20:27 INFO    evtol_siting.stage1_candidates   90 个候选落在栅格之外，改用坐标分桶作为 cell_id
00:20:27 INFO    evtol_siting.stage1_candidates   口径 all_aeroway：1298 个非直升要素全部按运输机场处理
00:20:27 INFO    evtol_siting.stage1_candidates   机场净空区（含民用） (r=4000m): 剔除 1472 个候选（占 38.1%）
00:20:27 INFO    evtol_siting.stage1_candidates   既有直升机场 (r=1000m): 剔除 178 个候选（占 4.6%）
00:20:27 INFO    evtol_siting.stage1_candidates 安全排除后剩余 2344 个候选（原有 3860）
00:20:27 INFO    evtol_siting.stage1_candidates   [ground] 类别内稀释: 1581 -> 1581
00:20:27 INFO    evtol_siting.stage1_candidates   [rooftop] 类别内稀释: 693 -> 258
00:20:28 INFO    evtol_siting.stage1_candidates 密度稀释 (c_min=500m, 每栅格<=3): 2344 -> 1332 个候选 （配额 -70，类别内间距 -435，跨类别冲突 -507）；构成: {'ground': 1076, 'rooftop': 256}
00:20:28 INFO    evtol_siting.stage1_candidates 阶段一完成: 1332 个候选起降场（屋顶型 256，地面型 1076）
00:20:28 INFO    export_3d                  运行阶段二：K-Means 人群分类
00:20:28 INFO    evtol_siting.pipeline      ============================================================
00:20:28 INFO    evtol_siting.pipeline      阶段二：K-means 人群分类与需求空间化
00:20:28 INFO    evtol_siting.pipeline      ============================================================
00:20:28 INFO    evtol_siting.data.dasymetric 人口栅格分辨率 80 m 细于需求格网 500 m —— 分区求和已是正确的格网人口总量，**体积重分配在此不产生作用**，直接使用分区求和。（体积权重的价值在于把人口摊到建筑上做更细的分析，需 force=True）
00:20:28 WARNING evtol_siting.data.dasymetric 退化为按分区求和（假设人口在格网内均匀分布）
00:20:41 INFO    evtol_siting.stage2_demand 人口分配方式对比（论文 Table 用）:
    method  total_population  n_nonzero_cells  mean_per_cell  std_per_cell       cv     max_cell  top1pct_share     gini
dasymetric      7.712263e+06             2517    3061.636823   2504.238782 0.817941 12360.637527       0.032418 0.458119
   uniform      7.712263e+06             2517    3061.636823   2504.238782 0.817941 12360.637527       0.032418 0.458119
00:20:41 INFO    evtol_siting.stage2_demand 人口: 合计 7712263 人，单元中位数 2567 人（来源: zonal_sum）
00:20:42 INFO    evtol_siting.stage2_demand 收入代理(RWI): 范围 [4.28, 94.31]，单元均值 28.593
00:20:42 INFO    evtol_siting.stage2_demand POI: 研究区内 7442 个，单元密度中位数 0 个/km²
00:20:48 INFO    evtol_siting.stage2_demand K 选择 (silhouette): K=5，得分 0.4742，各 K 得分 {3: 0.4713, 4: 0.4495, 5: 0.4742, 6: 0.4289, 7: 0.4336, 8: 0.4372}
00:20:48 INFO    evtol_siting.choice_model  收入阶梯（K=5）: 2,086  3,285  4,500  6,164  9,709
00:20:48 INFO    evtol_siting.choice_model  时间价值: 6.0  9.4  12.9  17.7  27.9 元/小时（对应月收入 2,086  3,285  4,500  6,164  9,709）
00:20:48 INFO    evtol_siting.choice_model  时间价值: 1.2  1.4  1.6  1.8  2.1  2.4  2.8  3.2  3.7  4.2  4.9  5.6  6.4  7.4  8.5  9.8  11.2  12.9  14.8  17.0  19.6  22.5  25.8  29.7 元/小时（对应月收入 421  484  556  639  735  844  970  1,115  1,282  1,473  1,693  1,946  2,236  2,570  2,953  3,394  3,901  4,483  5,153  5,922  6,806  7,822  8,989  10,331）
00:20:48 INFO    evtol_siting.choice_model  时间价值: 1.9  2.2  2.5  2.9  3.3  3.8  4.4  5.0  5.8  6.7  7.7  8.8  10.1  11.6  13.4  15.4  17.7  20.3  23.3  26.8  30.8  35.4  40.7  46.8 元/小时（对应月收入 663  762  876  1,007  1,157  1,330  1,528  1,757  2,019  2,320  2,666  3,064  3,522  4,048  4,652  5,346  6,144  7,061  8,116  9,327  10,719  12,319  14,158  16,272）
00:20:48 INFO    evtol_siting.choice_model  时间价值: 2.6  3.0  3.4  4.0  4.6  5.2  6.0  6.9  7.9  9.1  10.5  12.1  13.9  15.9  18.3  21.0  24.2  27.8  31.9  36.7  42.2  48.5  55.7  64.0 元/小时（对应月收入 909  1,044  1,200  1,379  1,585  1,822  2,094  2,406  2,765  3,178  3,652  4,198  4,824  5,544  6,372  7,323  8,416  9,673  11,116  12,776  14,683  16,875  19,394  22,289）
00:20:48 INFO    evtol_siting.choice_model  时间价值: 3.6  4.1  4.7  5.4  6.2  7.2  8.2  9.5  10.9  12.5  14.4  16.5  19.0  21.8  25.1  28.8  33.1  38.1  43.8  50.3  57.8  66.4  76.3  87.7 元/小时（对应月收入 1,244  1,430  1,644  1,889  2,171  2,495  2,868  3,296  3,788  4,353  5,003  5,750  6,608  7,594  8,728  10,031  11,528  13,249  15,227  17,500  20,112  23,114  26,565  30,530）
00:20:48 INFO    evtol_siting.choice_model  时间价值: 5.6  6.5  7.4  8.6  9.8  11.3  13.0  14.9  17.1  19.7  22.6  26.0  29.9  34.4  39.5  45.4  52.2  60.0  68.9  79.2  91.0  104.6  120.2  138.2 元/小时（对应月收入 1,960  2,253  2,589  2,975  3,420  3,930  4,517  5,191  5,966  6,856  7,880  9,056  10,408  11,962  13,747  15,799  18,158  20,868  23,983  27,563  31,678  36,407  41,841  48,087）
00:20:48 INFO    evtol_siting.choice_model  选择模型 [区域内积分（σ_within=0.4）]: 出行 15 km，地面 55 分钟 / 57 元，eVTOL 24 分钟 / 130 元，节省 31 分钟；采用概率 0.0636–0.0919（类间比 1.44）
00:20:48 INFO    evtol_siting.choice_model  各类人群采用概率:
 cluster  monthly_income_cny  vot_cny_per_h  p_evtol  demand_rate
       3              2086.0           5.99  0.06357     0.006357
       0              3285.0           9.44  0.06640     0.006640
       1              4500.0          12.93  0.06970     0.006970
       2              6164.0          17.71  0.07512     0.007512
       4              9709.0          27.90  0.09185     0.009185
00:20:48 INFO    evtol_siting.stage2_demand K-means 聚类完成: K=5，总需求 54802 次/日，总人口 7712263 人
00:20:48 INFO    evtol_siting.stage2_demand 类画像:
 cluster  n_cells   population  income_mean  poi_density_mean  trip_rate  monthly_income_cny  vot_cny_per_h  p_evtol  demand_trips_per_day k_selection
       3      911 1.274286e+06    15.458149          1.242591   0.006357              2086.0           5.99  0.06357           8100.637570  silhouette
       0      916 2.953990e+06    31.667580          4.310044   0.006640              3285.0           9.44  0.06640          19614.491335  silhouette
       1      311 1.804357e+06    33.630300         41.273312   0.006970              4500.0          12.93  0.06970          12576.367866  silhouette
       2       81 5.478822e+05    40.350918        106.123457   0.007512              6164.0          17.71  0.07512           4115.690968  silhouette
       4      300 1.131748e+06    50.690864         10.853333   0.009185              9709.0          27.90  0.09185          10395.106703  silhouette
00:20:48 INFO    export_3d                  运行阶段三：0-1 整数规划
00:20:48 INFO    evtol_siting.pipeline      ============================================================
00:20:48 INFO    evtol_siting.pipeline      阶段三：0-1 整数规划选址
00:20:48 INFO    evtol_siting.pipeline      ============================================================
00:20:49 INFO    evtol_siting.stage3_ip     [cost_priority] 需求单元 2519 个（核心 1008 个，阈值 分位数 0.60（>=23.1 次/日）），候选 1332 个，接驳时间预算 15.0 分钟，设施上限 20
00:20:50 INFO    evtol_siting.stage3_ip     [cost_priority] 最优解: 10 个起降场，总成本 3.13 亿元，需求覆盖率 96.1%，人口覆盖率 95.9%（耗时 1.41s）
00:20:51 INFO    evtol_siting.stage3_ip     [coverage_priority] 需求单元 2519 个（核心 1008 个，阈值 分位数 0.60（>=23.1 次/日）），候选 1332 个，接驳时间预算 15.0 分钟，设施上限 35
00:20:51 INFO    evtol_siting.stage3_ip     [coverage_priority] 最优解: 10 个起降场，总成本 4.69 亿元，需求覆盖率 96.4%，人口覆盖率 96.1%（耗时 0.70s）
00:20:51 INFO    evtol_siting.stage3_ip     阶段三完成: 2 个情景求解成功（cost_priority=Optimal, coverage_priority=Optimal）
00:20:51 INFO    export_3d                  运行阶段四：NSGA-II 多目标优化
00:20:51 INFO    evtol_siting.pipeline      ============================================================
00:20:51 INFO    evtol_siting.pipeline      阶段四：NSGA-II 多目标优化
00:20:51 INFO    evtol_siting.pipeline      ============================================================
00:20:51 INFO    evtol_siting.stage4_nsga2  问题实例: 2519 个需求单元（核心 1008），1332 个候选；接驳预算 15.0 分钟；单点最大可覆盖 303 个核心单元（占核心 30.1%）
00:20:51 INFO    evtol_siting.pipeline      已注入 2 个 IP 最优解作为初始种群种子
00:20:51 INFO    evtol_siting.nsga2_core    初始种群: 100 个个体 × 1332 维，站点数 区间 (12, 400)（区间初始化，自由规模）
00:20:53 INFO    evtol_siting.nsga2_core      第   0 代: 前沿 100 个解, HV=6.337e+08, 最优目标1=5.957, 累计评估 164
00:20:56 INFO    evtol_siting.nsga2_core      第  10 代: 前沿 100 个解, HV=6.343e+08, 最优目标1=5.957, 累计评估 720
00:20:58 INFO    evtol_siting.nsga2_core      第  20 代: 前沿 100 个解, HV=6.343e+08, 最优目标1=5.957, 累计评估 1238
00:21:00 INFO    evtol_siting.nsga2_core      第  30 代: 前沿 100 个解, HV=6.347e+08, 最优目标1=5.957, 累计评估 1799
00:21:04 INFO    evtol_siting.nsga2_core      第  40 代: 前沿 100 个解, HV=6.347e+08, 最优目标1=5.957, 累计评估 2413
00:21:08 INFO    evtol_siting.nsga2_core      第  50 代: 前沿 100 个解, HV=6.347e+08, 最优目标1=5.957, 累计评估 3014
00:21:13 INFO    evtol_siting.nsga2_core      第  60 代: 前沿 100 个解, HV=6.347e+08, 最优目标1=5.957, 累计评估 3643
00:21:18 INFO    evtol_siting.nsga2_core      第  70 代: 前沿 100 个解, HV=6.366e+08, 最优目标1=5.957, 累计评估 4334
00:21:23 INFO    evtol_siting.nsga2_core      第  80 代: 前沿 100 个解, HV=6.366e+08, 最优目标1=5.957, 累计评估 5034
00:21:29 INFO    evtol_siting.nsga2_core      第  90 代: 前沿 100 个解, HV=6.366e+08, 最优目标1=5.957, 累计评估 5782
00:21:34 INFO    evtol_siting.nsga2_core      第  99 代: 前沿 100 个解, HV=6.367e+08, 最优目标1=5.957, 累计评估 6483
00:21:34 INFO    export_3d                  计算方案指标与单目标基线对比
00:21:34 INFO    evtol_siting.pipeline      ============================================================
00:21:34 INFO    evtol_siting.pipeline      评价：方案指标与基线对比
00:21:34 INFO    evtol_siting.pipeline      ============================================================
00:21:35 INFO    evtol_siting.baselines     基线求解：13 个 MILP，6 路并发（本机 20 核）
00:21:43 INFO    evtol_siting.baselines     [p_median_p10] p=10: 2519 个需求单元 × 25 近邻 = 61777 个分配变量
00:21:43 INFO    evtol_siting.baselines     [p_median_p20] p=20: 2519 个需求单元 × 25 近邻 = 61777 个分配变量
00:21:44 INFO    evtol_siting.baselines     [set_covering] -> 10 个设施，耗时 8.1s
00:21:49 INFO    evtol_siting.baselines     [p_center_p20] p=20 -> 11 个设施，最大接驳时间 13.61 分钟，耗时 13.5s
00:21:50 INFO    evtol_siting.baselines     [max_coverage_p20] p=20 -> 18 个设施，覆盖需求 54802，耗时 6.6s
00:21:52 INFO    evtol_siting.baselines     [p_median_p30] p=30: 2519 个需求单元 × 25 近邻 = 61777 个分配变量
00:21:56 INFO    evtol_siting.baselines     [p_center_p30] p=30 -> 11 个设施，最大接驳时间 13.61 分钟，耗时 5.9s
00:21:58 INFO    evtol_siting.baselines     [max_coverage_p30] p=30 -> 24 个设施，覆盖需求 54802，耗时 2.2s
00:21:59 INFO    evtol_siting.baselines     [p_center_p10] p=10 -> 10 个设施，最大接驳时间 14.38 分钟，耗时 24.0s
00:22:02 INFO    evtol_siting.baselines     [p_median_p40] p=40: 2519 个需求单元 × 25 近邻 = 61777 个分配变量
00:22:05 INFO    evtol_siting.baselines     [p_center_p40] p=40 -> 11 个设施，最大接驳时间 13.61 分钟，耗时 5.8s
00:22:07 INFO    evtol_siting.baselines     [max_coverage_p40] p=40 -> 24 个设施，覆盖需求 54802，耗时 2.1s
00:24:41 INFO    evtol_siting.baselines     [max_coverage_p10] p=10 -> 10 个设施，覆盖需求 53993，耗时 185.6s
00:24:50 INFO    evtol_siting.baselines     [p_median_p10] p=10 -> 10 个设施，目标 282967.5，耗时 194.3s
00:26:54 INFO    evtol_siting.baselines     [p_median_p20] p=20 -> 20 个设施，目标 327763.7，耗时 318.5s
00:27:53 INFO    evtol_siting.baselines     [p_median_p30] p=30 -> 30 个设施，目标 347682.8，耗时 364.4s
00:32:15 INFO    evtol_siting.baselines     [p_median_p40] p=40 -> 40 个设施，目标 41758.5，耗时 616.5s
00:32:15 INFO    evtol_siting.baselines     基线求解完成: 13/13 成功，墙钟 639s
00:32:15 INFO    evtol_siting.baselines     基线结果已缓存: baselines_65ad072581ec88064f5945f26285f5c8.json
00:32:15 INFO    evtol_siting.pipeline      方案对比表:
                         label  n_sites  n_rooftop  n_ground  total_cost_cny  mean_cost_per_site_cny  ...  group_1_access_time_min  group_2_access_time_min  group_3_access_time_min  group_4_access_time_min  income_quintile_gap_min  income_quintile_gini
     Baseline:max_coverage_p40       24         11        13    1.226849e+09            5.111869e+07  ...                 9.253765                 8.646225                 8.934461                 8.078479                 1.119496              0.023031
     Baseline:max_coverage_p20       18          6        12    9.789160e+08            5.438422e+07  ...                10.246912                 9.481228                 8.795521                 8.868845                 0.451573              0.009483
     Baseline:max_coverage_p30       24         11        13    1.226849e+09            5.111869e+07  ...                 9.253765                 8.646225                 8.934461                 8.078479                 1.119496              0.023031
  NSGA-II:best_unserved_demand      246         53       193    1.328350e+10            5.399795e+07  ...                 6.626705                 6.096961                 5.745463                 6.711021                 0.970548              0.031024
NSGA-II:best_total_access_time      356         78       278    1.900710e+10            5.339073e+07  ...                 5.766733                 5.247470                 5.525097                 6.183086                 0.940881              0.035755
         NSGA-II:best_inequity      349         77       272    1.867928e+10            5.352230e+07  ...                 5.808939                 5.370729                 5.538214                 6.177493                 0.960460              0.035689
                NSGA-II:TOPSIS       51         12        39    2.685725e+09            5.266127e+07  ...                 8.169202                 7.340187                 7.935103                 7.668493                 0.922583              0.023180
         Baseline:p_median_p30       30          6        24    1.550840e+09            5.169468e+07  ...                 7.843351                 7.754246                 7.697197                 7.876299                 0.462817              0.012374
                  NSGA-II:knee       18          6        12    8.994168e+08            4.996760e+07  ...                 9.611883                10.655262                 8.995732                 9.181449                 0.564362              0.011001
         Baseline:p_median_p20       20          7        13    1.070760e+09            5.353798e+07  ...                 8.105766                 7.874310                 8.797870                 8.166859                 1.137493              0.025420
     Baseline:max_coverage_p10       10          4         6    4.681146e+08            4.681146e+07  ...                10.368536                10.163654                10.046867                 9.807411                 0.481724              0.009115
         Baseline:p_center_p40       11          4         7    6.148745e+08            5.589768e+07  ...                 9.108040                 9.815267                 9.644207                 8.867991                 1.633766              0.031636
         Baseline:p_center_p30       11          4         7    6.148745e+08            5.589768e+07  ...                 9.108040                 9.815267                 9.644207                 8.867991                 1.633766              0.031636
         Baseline:p_center_p20       11          4         7    6.148745e+08            5.589768e+07  ...                 9.108040                 9.815267                 9.644207                 8.867991                 1.633766              0.031636
         Baseline:p_center_p10       10          2         8    5.082804e+08            5.082804e+07  ...                10.146670                10.071118                10.075927                 9.103333                 1.244984              0.022419
          IP:coverage_priority       10          4         6    4.691195e+08            4.691195e+07  ...                10.161387                10.753578                10.239529                 9.650698                 0.971129              0.016692
         Baseline:set_covering       10          4         6    5.377105e+08            5.377105e+07  ...                10.107869                10.021873                10.193935                 9.138160                 1.869159              0.032087
       NSGA-II:best_total_cost       10          9         1    3.127838e+08            3.127838e+07  ...                 9.486138                10.527730                10.172980                 9.621782                 1.594325              0.027398
              IP:cost_priority       10          9         1    3.127838e+08            3.127838e+07  ...                 9.486138                10.527730                10.172980                 9.621782                 1.594325              0.027398
         Baseline:p_median_p10       10          6         4    4.924327e+08            4.924327e+07  ...                 9.343842                 9.372880                 8.798493                 8.868444                 0.916397              0.020121
         Baseline:p_median_p40       40         22        18    2.046001e+09            5.115004e+07  ...                10.969497                11.340939                 9.056318                 9.722255                 2.119460              0.042957
00:32:15 INFO    evtol_siting.viz3d         研究区边界已导出
00:32:15 INFO    evtol_siting.viz3d         候选点已导出: 屋顶型 256，地面型 1076
00:32:15 INFO    evtol_siting.viz3d         需求单元 2519 个、人群类 5 个已导出
00:32:15 INFO    evtol_siting.viz3d         帕累托前沿 100 个解已导出
00:32:15 INFO    evtol_siting.viz3d         三维数据包已导出: evtol_siting\viz3d\evtol_data.js (0.39 MB)
00:32:15 INFO    evtol_siting.pipeline      结果已保存到 evtol_siting\outputs\data
00:32:15 INFO    export_3d                  ======================================================================
00:32:15 INFO    export_3d                   完成。打开三维视图：
00:32:15 INFO    export_3d                     evtol_siting\viz3d\chengdu_evtol_3d.html
00:32:15 INFO    export_3d                   数据: evtol_data.js
00:32:15 INFO    export_3d                  ======================================================================
00:32:51 INFO    root                       token 已写入 cesium_token.js（<已省略>…，181 字符）
00:32:53 INFO    export_3d                  运行阶段一：候选起降场筛选
00:32:55 INFO    evtol_siting.pipeline      ============================================================
00:32:55 INFO    evtol_siting.pipeline      阶段一：基于 GIS 的候选起降场筛选
00:32:55 INFO    evtol_siting.pipeline      ============================================================
00:32:55 INFO    evtol_siting.pipeline      解析 PBF 提取包: sichuan-latest.osm.pbf
00:33:13 INFO    evtol_siting.data.pbf        已扫描 200000 个候选要素…
00:33:37 INFO    evtol_siting.data.pbf        已扫描 400000 个候选要素…
00:33:58 INFO    evtol_siting.data.pbf        已扫描 600000 个候选要素…
00:34:21 INFO    evtol_siting.data.pbf        已扫描 800000 个候选要素…
00:34:27 INFO    evtol_siting.data.pbf        buildings          69675 个要素
00:34:27 INFO    evtol_siting.data.pbf        poi                 8159 个要素
00:34:28 INFO    evtol_siting.data.pbf        roads              42272 个要素
00:34:28 INFO    evtol_siting.data.pbf        landuse             8430 个要素
00:34:28 INFO    evtol_siting.data.pbf        water               2252 个要素
00:34:28 INFO    evtol_siting.data.pbf        airports            1364 个要素
00:34:28 INFO    evtol_siting.data.pbf      PBF 解析完成（扫描 921830 个候选要素，输出 6 个图层）
00:34:28 INFO    evtol_siting.data.rasters  建筑高度栅格已存在: evtol_siting\data\raw\height\chengdu_building_height_10m.tif
00:34:30 INFO    evtol_siting.data.heights  高度栅格提供了 49162 栋建筑的高度（覆盖 70.6%）
00:34:30 INFO    evtol_siting.data.heights  分位数回归填补了 14650 栋建筑的高度（中位数 18.6 m）
00:34:30 INFO    evtol_siting.data.heights  高度融合结果（共 69675 栋）:
    raster_height     70.6%
    imputed           21.0%
    osm_levels         7.3%
    osm_height         1.1%
00:34:30 INFO    evtol_siting.data.heights      有标签覆盖率: 8.4% -> 融合后覆盖率: 100.0%
00:34:31 INFO    evtol_siting.data.rasters  人口栅格已存在: evtol_siting\data\raw\population\chengdu_population_100m.tif
00:34:31 INFO    evtol_siting.data.rasters  收入代理数据已存在: evtol_siting\data\raw\income\chengdu_income_proxy.gpkg
00:34:31 INFO    evtol_siting.pipeline      收入代理已载入: 6716 个点（EPSG:4326）
00:34:31 INFO    evtol_siting.data.rasters  DEM 已存在: evtol_siting\data\raw\dem\chengdu_dem_30m.tif
00:34:34 INFO    evtol_siting.data.rasters  坡度栅格已生成: evtol_siting\data\interim\slope.tif
00:34:34 INFO    evtol_siting.geo           栅格化完成: 单元边长 500 m, 单元数 2519, 覆盖 629.8 km²
00:34:34 INFO    evtol_siting.stage1_candidates 屋顶型筛选: 1430 / 69675 栋建筑满足 h>=20m 且 A_roof>=1600m² (2.05%)
00:34:34 INFO    evtol_siting.stage1_candidates   排除 用地类型: 30 个单元（1.2%）
00:34:34 INFO    evtol_siting.stage1_candidates   排除 水域: 55 个单元（2.2%）
00:34:34 INFO    evtol_siting.stage1_candidates   建筑覆盖率判据 (max=0.55): 剔除 4 个单元（保留 2430）；覆盖率中位数 0.05
00:34:34 INFO    evtol_siting.stage1_candidates 坡度判据: 2430 / 2430 单元满足 slope<=15° (剔除 0)
00:34:34 INFO    evtol_siting.stage1_candidates 地面型筛选: 2430 个候选（用地排除 -89，坡度排除后）
00:34:34 INFO    evtol_siting.stage1_candidates 地面型候选已按路网可达性重新评分（中位距离 91 m）
00:34:34 INFO    evtol_siting.stage1_candidates 已为 1430 个缺少 cell_id 的候选（屋顶型）补齐所属栅格单元（补齐后 3770/3860 有 cell_id）
00:34:34 INFO    evtol_siting.stage1_candidates   90 个候选落在栅格之外，改用坐标分桶作为 cell_id
00:34:34 INFO    evtol_siting.stage1_candidates   口径 all_aeroway：1298 个非直升要素全部按运输机场处理
00:34:34 INFO    evtol_siting.stage1_candidates   机场净空区（含民用） (r=4000m): 剔除 1472 个候选（占 38.1%）
00:34:34 INFO    evtol_siting.stage1_candidates   既有直升机场 (r=1000m): 剔除 178 个候选（占 4.6%）
00:34:34 INFO    evtol_siting.stage1_candidates 安全排除后剩余 2344 个候选（原有 3860）
00:34:34 INFO    evtol_siting.stage1_candidates   [ground] 类别内稀释: 1581 -> 1581
00:34:34 INFO    evtol_siting.stage1_candidates   [rooftop] 类别内稀释: 693 -> 258
00:34:35 INFO    evtol_siting.stage1_candidates 密度稀释 (c_min=500m, 每栅格<=3): 2344 -> 1332 个候选 （配额 -70，类别内间距 -435，跨类别冲突 -507）；构成: {'ground': 1076, 'rooftop': 256}
00:34:35 INFO    evtol_siting.stage1_candidates 阶段一完成: 1332 个候选起降场（屋顶型 256，地面型 1076）
00:34:35 INFO    export_3d                  运行阶段二：K-Means 人群分类
00:34:35 INFO    evtol_siting.pipeline      ============================================================
00:34:35 INFO    evtol_siting.pipeline      阶段二：K-means 人群分类与需求空间化
00:34:35 INFO    evtol_siting.pipeline      ============================================================
00:34:35 INFO    evtol_siting.data.dasymetric 人口栅格分辨率 80 m 细于需求格网 500 m —— 分区求和已是正确的格网人口总量，**体积重分配在此不产生作用**，直接使用分区求和。（体积权重的价值在于把人口摊到建筑上做更细的分析，需 force=True）
00:34:35 WARNING evtol_siting.data.dasymetric 退化为按分区求和（假设人口在格网内均匀分布）
00:34:40 INFO    evtol_siting.stage2_demand 人口分配方式对比（论文 Table 用）:
    method  total_population  n_nonzero_cells  mean_per_cell  std_per_cell       cv     max_cell  top1pct_share     gini
dasymetric      7.712263e+06             2517    3061.636823   2504.238782 0.817941 12360.637527       0.032418 0.458119
   uniform      7.712263e+06             2517    3061.636823   2504.238782 0.817941 12360.637527       0.032418 0.458119
00:34:40 INFO    evtol_siting.stage2_demand 人口: 合计 7712263 人，单元中位数 2567 人（来源: zonal_sum）
00:34:42 INFO    evtol_siting.stage2_demand 收入代理(RWI): 范围 [4.28, 94.31]，单元均值 28.593
00:34:42 INFO    evtol_siting.stage2_demand POI: 研究区内 7442 个，单元密度中位数 0 个/km²
00:34:54 INFO    evtol_siting.stage2_demand K 选择 (silhouette): K=5，得分 0.4742，各 K 得分 {3: 0.4713, 4: 0.4495, 5: 0.4742, 6: 0.4289, 7: 0.4336, 8: 0.4372}
00:34:54 INFO    evtol_siting.choice_model  收入阶梯（K=5）: 2,086  3,285  4,500  6,164  9,709
00:34:54 INFO    evtol_siting.choice_model  时间价值: 6.0  9.4  12.9  17.7  27.9 元/小时（对应月收入 2,086  3,285  4,500  6,164  9,709）
00:34:54 INFO    evtol_siting.choice_model  时间价值: 1.2  1.4  1.6  1.8  2.1  2.4  2.8  3.2  3.7  4.2  4.9  5.6  6.4  7.4  8.5  9.8  11.2  12.9  14.8  17.0  19.6  22.5  25.8  29.7 元/小时（对应月收入 421  484  556  639  735  844  970  1,115  1,282  1,473  1,693  1,946  2,236  2,570  2,953  3,394  3,901  4,483  5,153  5,922  6,806  7,822  8,989  10,331）
00:34:54 INFO    evtol_siting.choice_model  时间价值: 1.9  2.2  2.5  2.9  3.3  3.8  4.4  5.0  5.8  6.7  7.7  8.8  10.1  11.6  13.4  15.4  17.7  20.3  23.3  26.8  30.8  35.4  40.7  46.8 元/小时（对应月收入 663  762  876  1,007  1,157  1,330  1,528  1,757  2,019  2,320  2,666  3,064  3,522  4,048  4,652  5,346  6,144  7,061  8,116  9,327  10,719  12,319  14,158  16,272）
00:34:54 INFO    evtol_siting.choice_model  时间价值: 2.6  3.0  3.4  4.0  4.6  5.2  6.0  6.9  7.9  9.1  10.5  12.1  13.9  15.9  18.3  21.0  24.2  27.8  31.9  36.7  42.2  48.5  55.7  64.0 元/小时（对应月收入 909  1,044  1,200  1,379  1,585  1,822  2,094  2,406  2,765  3,178  3,652  4,198  4,824  5,544  6,372  7,323  8,416  9,673  11,116  12,776  14,683  16,875  19,394  22,289）
00:34:54 INFO    evtol_siting.choice_model  时间价值: 3.6  4.1  4.7  5.4  6.2  7.2  8.2  9.5  10.9  12.5  14.4  16.5  19.0  21.8  25.1  28.8  33.1  38.1  43.8  50.3  57.8  66.4  76.3  87.7 元/小时（对应月收入 1,244  1,430  1,644  1,889  2,171  2,495  2,868  3,296  3,788  4,353  5,003  5,750  6,608  7,594  8,728  10,031  11,528  13,249  15,227  17,500  20,112  23,114  26,565  30,530）
00:34:54 INFO    evtol_siting.choice_model  时间价值: 5.6  6.5  7.4  8.6  9.8  11.3  13.0  14.9  17.1  19.7  22.6  26.0  29.9  34.4  39.5  45.4  52.2  60.0  68.9  79.2  91.0  104.6  120.2  138.2 元/小时（对应月收入 1,960  2,253  2,589  2,975  3,420  3,930  4,517  5,191  5,966  6,856  7,880  9,056  10,408  11,962  13,747  15,799  18,158  20,868  23,983  27,563  31,678  36,407  41,841  48,087）
00:34:54 INFO    evtol_siting.choice_model  各类人群采用概率:
 cluster  monthly_income_cny  vot_cny_per_h  p_evtol  demand_rate
       3              2086.0           5.99  0.05718     0.005718
       0              3285.0           9.44  0.06157     0.006157
       1              4500.0          12.93  0.06638     0.006638
       2              6164.0          17.71  0.07364     0.007364
       4              9709.0          27.90  0.09201     0.009201
00:34:54 INFO    evtol_siting.stage2_demand K-means 聚类完成: K=5，总需求 51899 次/日，总人口 7712263 人
00:34:54 INFO    evtol_siting.stage2_demand 类画像:
 cluster  n_cells   population  income_mean  poi_density_mean  trip_rate  monthly_income_cny  vot_cny_per_h  p_evtol  demand_trips_per_day k_selection
       3      911 1.274286e+06    15.458149          1.242591   0.005718              2086.0           5.99  0.05718           7286.368668  silhouette
       0      916 2.953990e+06    31.667580          4.310044   0.006157              3285.0           9.44  0.06157          18187.714329  silhouette
       1      311 1.804357e+06    33.630300         41.273312   0.006638              4500.0          12.93  0.06638          11977.321363  silhouette
       2       81 5.478822e+05    40.350918        106.123457   0.007364              6164.0          17.71  0.07364           4034.604404  silhouette
       4      300 1.131748e+06    50.690864         10.853333   0.009201              9709.0          27.90  0.09201          10413.214673  silhouette
00:34:54 INFO    export_3d                  运行阶段三：0-1 整数规划
00:34:54 INFO    evtol_siting.pipeline      ============================================================
00:34:54 INFO    evtol_siting.pipeline      阶段三：0-1 整数规划选址
00:34:54 INFO    evtol_siting.pipeline      ============================================================
00:34:54 INFO    evtol_siting.stage3_ip     [cost_priority] 需求单元 2519 个（核心 1008 个，阈值 分位数 0.60（>=21.5 次/日）），候选 1332 个，接驳时间预算 15.0 分钟，设施上限 20
00:34:55 INFO    evtol_siting.stage3_ip     [cost_priority] 最优解: 11 个起降场，总成本 3.16 亿元，需求覆盖率 96.8%，人口覆盖率 96.5%（耗时 0.41s）
00:34:55 INFO    evtol_siting.stage3_ip     [coverage_priority] 需求单元 2519 个（核心 1008 个，阈值 分位数 0.60（>=21.5 次/日）），候选 1332 个，接驳时间预算 15.0 分钟，设施上限 35
00:34:56 INFO    evtol_siting.stage3_ip     [coverage_priority] 最优解: 10 个起降场，总成本 4.69 亿元，需求覆盖率 96.4%，人口覆盖率 96.0%（耗时 0.50s）
00:34:56 INFO    evtol_siting.stage3_ip     阶段三完成: 2 个情景求解成功（cost_priority=Optimal, coverage_priority=Optimal）
00:34:56 INFO    export_3d                  运行阶段四：NSGA-II 多目标优化
00:34:56 INFO    evtol_siting.pipeline      ============================================================
00:34:56 INFO    evtol_siting.pipeline      阶段四：NSGA-II 多目标优化
00:34:56 INFO    evtol_siting.pipeline      ============================================================
00:34:56 INFO    evtol_siting.stage4_nsga2  问题实例: 2519 个需求单元（核心 1008），1332 个候选；接驳预算 15.0 分钟；单点最大可覆盖 303 个核心单元（占核心 30.1%）
00:34:56 INFO    evtol_siting.pipeline      已注入 2 个 IP 最优解作为初始种群种子
00:34:56 INFO    evtol_siting.nsga2_core    初始种群: 100 个个体 × 1332 维，站点数 区间 (12, 400)（区间初始化，自由规模）
00:34:56 INFO    evtol_siting.nsga2_core      第   0 代: 前沿  96 个解, HV=5.119e+08, 最优目标1=5.359, 累计评估 163
00:34:58 INFO    evtol_siting.nsga2_core      第  10 代: 前沿 100 个解, HV=5.123e+08, 最优目标1=5.359, 累计评估 688
00:35:00 INFO    evtol_siting.nsga2_core      第  20 代: 前沿 100 个解, HV=5.123e+08, 最优目标1=5.359, 累计评估 1234
00:35:02 INFO    evtol_siting.nsga2_core      第  30 代: 前沿 100 个解, HV=5.126e+08, 最优目标1=5.359, 累计评估 1797
00:35:04 INFO    evtol_siting.nsga2_core      第  40 代: 前沿 100 个解, HV=5.126e+08, 最优目标1=5.359, 累计评估 2373
00:35:06 INFO    evtol_siting.nsga2_core      第  50 代: 前沿 100 个解, HV=5.126e+08, 最优目标1=5.359, 累计评估 2935
00:35:07 INFO    evtol_siting.nsga2_core      第  60 代: 前沿 100 个解, HV=5.126e+08, 最优目标1=5.359, 累计评估 3509
00:35:09 INFO    evtol_siting.nsga2_core      第  70 代: 前沿 100 个解, HV=5.127e+08, 最优目标1=5.359, 累计评估 4143
00:35:11 INFO    evtol_siting.nsga2_core      第  80 代: 前沿 100 个解, HV=5.128e+08, 最优目标1=5.359, 累计评估 4791
00:35:13 INFO    evtol_siting.nsga2_core      第  90 代: 前沿 100 个解, HV=5.128e+08, 最优目标1=5.359, 累计评估 5462
00:35:15 INFO    evtol_siting.nsga2_core      第  99 代: 前沿 100 个解, HV=5.128e+08, 最优目标1=5.359, 累计评估 6119
00:35:15 INFO    export_3d                  计算方案指标与单目标基线对比
00:35:15 INFO    evtol_siting.pipeline      ============================================================
00:35:15 INFO    evtol_siting.pipeline      评价：方案指标与基线对比
00:35:15 INFO    evtol_siting.pipeline      ============================================================
00:35:15 INFO    evtol_siting.baselines     基线命中缓存（算例指纹 c41e000c546e…，13 个解）——跳过全部求解
00:35:15 INFO    evtol_siting.pipeline      方案对比表:
                         label  n_sites  n_rooftop  n_ground  total_cost_cny  mean_cost_per_site_cny  ...  group_1_access_time_min  group_2_access_time_min  group_3_access_time_min  group_4_access_time_min  income_quintile_gap_min  income_quintile_gini
     Baseline:max_coverage_p30       22          8        14    1.164256e+09            5.292073e+07  ...                 8.983644                 8.414231                 8.866384                 8.882396                 0.439442              0.010596
     Baseline:max_coverage_p20       20          9        11    1.038161e+09            5.190807e+07  ...                 9.026408                 8.848450                 9.091731                 8.782994                 0.464394              0.009725
  NSGA-II:best_unserved_demand      245         52       193    1.319472e+10            5.385601e+07  ...                 6.628028                 6.107276                 5.744260                 6.711663                 0.985697              0.031340
         NSGA-II:best_inequity      281         46       235    1.512866e+10            5.383866e+07  ...                 6.118949                 5.919757                 5.492427                 6.119127                 0.571338              0.018818
NSGA-II:best_total_access_time      355         77       278    1.898107e+10            5.346780e+07  ...                 5.803436                 5.364640                 5.529853                 6.179525                 0.958074              0.036007
                NSGA-II:TOPSIS       51         12        39    2.681241e+09            5.257336e+07  ...                 7.979367                 7.476060                 7.866554                 7.432966                 0.855118              0.024339
                  NSGA-II:knee       16          7         9    7.565141e+08            4.728213e+07  ...                 9.216031                 8.106086                 9.273784                 9.171350                 0.899061              0.018422
     Baseline:max_coverage_p11       11          5         6    4.880409e+08            4.436735e+07  ...                10.497698                10.242921                 9.876474                 9.765965                 0.297465              0.006029
         Baseline:p_median_p20       20          7        13    1.090946e+09            5.454729e+07  ...                 8.079987                 7.900299                 8.807022                 8.111882                 1.839847              0.040888
     Baseline:max_coverage_p10       10          4         6    4.681146e+08            4.681146e+07  ...                10.368536                10.163654                10.046867                 9.807411                 0.481724              0.009115
         Baseline:p_center_p10       10          5         5    5.664363e+08            5.664363e+07  ...                 9.663617                 9.569673                 9.944675                 9.635469                 0.836544              0.014737
         Baseline:p_center_p11       11          4         7    6.110598e+08            5.555090e+07  ...                 8.994664                 9.808476                 9.439148                 8.787520                 1.415459              0.027918
         Baseline:p_center_p20       11          4         7    6.110598e+08            5.555090e+07  ...                 8.994664                 9.808476                 9.439148                 8.787520                 1.415459              0.027918
         Baseline:p_center_p30       11          4         7    6.110598e+08            5.555090e+07  ...                 8.994664                 9.808476                 9.439148                 8.787520                 1.415459              0.027918
         Baseline:set_covering       10          6         4    4.684594e+08            4.684594e+07  ...                 9.911647                10.494653                10.403960                 9.562972                 1.395941              0.025037
       NSGA-II:best_total_cost       11         10         1    3.158845e+08            2.871677e+07  ...                 9.404709                 9.611505                10.041815                 8.676750                 2.570789              0.045098
              IP:cost_priority       11         10         1    3.158845e+08            2.871677e+07  ...                 9.404709                 9.611505                10.041815                 8.676750                 2.570789              0.045098
          IP:coverage_priority       10          6         4    4.693463e+08            4.693463e+07  ...                 9.999404                10.523904                10.168471                 9.613776                 1.073908              0.019027
         Baseline:p_median_p11       11          6         5    4.590191e+08            4.172901e+07  ...                 9.338307                 9.446187                 8.829845                 8.647682                 0.984390              0.017316
         Baseline:p_median_p10       10          6         4    4.924327e+08            4.924327e+07  ...                 9.343842                 9.372880                 8.798493                 8.868444                 0.916397              0.020121
         Baseline:p_median_p30       30         18        12    1.526425e+09            5.088084e+07  ...                10.005792                 9.844712                 9.200647                 9.679205                 2.213140              0.045884
00:35:15 INFO    evtol_siting.viz3d         研究区边界已导出
00:35:15 INFO    evtol_siting.viz3d         候选点已导出: 屋顶型 256，地面型 1076
00:35:15 INFO    evtol_siting.viz3d         需求单元 2519 个、人群类 5 个已导出
00:35:15 INFO    evtol_siting.viz3d         帕累托前沿 100 个解已导出
00:35:15 INFO    evtol_siting.viz3d         三维数据包已导出: evtol_siting\viz3d\evtol_data.js (0.38 MB)
00:35:15 INFO    evtol_siting.pipeline      结果已保存到 evtol_siting\outputs\data
00:35:15 INFO    export_3d                  ======================================================================
00:35:15 INFO    export_3d                   完成。打开三维视图：
00:35:15 INFO    export_3d                     evtol_siting\viz3d\chengdu_evtol_3d.html
00:35:15 INFO    export_3d                   数据: evtol_data.js
00:35:15 INFO    export_3d                  ======================================================================
12:21:13 INFO    root                       token 已写入 cesium_token.js（<已省略>…，181 字符）
12:21:14 INFO    export_3d                  运行阶段一：候选起降场筛选
12:21:14 INFO    evtol_siting.pipeline      ============================================================
12:21:14 INFO    evtol_siting.pipeline      阶段一：基于 GIS 的候选起降场筛选
12:21:14 INFO    evtol_siting.pipeline      ============================================================
12:21:14 INFO    evtol_siting.pipeline      解析 PBF 提取包: sichuan-latest.osm.pbf
12:21:22 INFO    evtol_siting.data.pbf        已扫描 200000 个候选要素…
12:21:31 INFO    evtol_siting.data.pbf        已扫描 400000 个候选要素…
12:21:39 INFO    evtol_siting.data.pbf        已扫描 600000 个候选要素…
12:21:48 INFO    evtol_siting.data.pbf        已扫描 800000 个候选要素…
12:21:54 INFO    evtol_siting.data.pbf        buildings          69675 个要素
12:21:54 INFO    evtol_siting.data.pbf        poi                 8159 个要素
12:21:55 INFO    evtol_siting.data.pbf        roads              42272 个要素
12:21:55 INFO    evtol_siting.data.pbf        landuse             8430 个要素
12:21:55 INFO    evtol_siting.data.pbf        water               2252 个要素
12:21:55 INFO    evtol_siting.data.pbf        airports            1364 个要素
12:21:55 INFO    evtol_siting.data.pbf      PBF 解析完成（扫描 921830 个候选要素，输出 6 个图层）
12:21:55 INFO    evtol_siting.data.rasters  建筑高度栅格已存在: evtol_siting\data\raw\height\chengdu_building_height_10m.tif
12:21:57 INFO    evtol_siting.data.heights  高度栅格提供了 49162 栋建筑的高度（覆盖 70.6%）
12:21:57 INFO    evtol_siting.data.heights  分位数回归填补了 14650 栋建筑的高度（中位数 18.6 m）
12:21:57 INFO    evtol_siting.data.heights  高度融合结果（共 69675 栋）:
    raster_height     70.6%
    imputed           21.0%
    osm_levels         7.3%
    osm_height         1.1%
12:21:57 INFO    evtol_siting.data.heights      有标签覆盖率: 8.4% -> 融合后覆盖率: 100.0%
12:21:57 INFO    evtol_siting.data.rasters  人口栅格已存在: evtol_siting\data\raw\population\chengdu_population_100m.tif
12:21:57 INFO    evtol_siting.data.rasters  收入代理数据已存在: evtol_siting\data\raw\income\chengdu_income_proxy.gpkg
12:21:57 INFO    evtol_siting.pipeline      收入代理已载入: 6716 个点（EPSG:4326）
12:21:57 INFO    evtol_siting.data.rasters  DEM 已存在: evtol_siting\data\raw\dem\chengdu_dem_30m.tif
12:22:00 INFO    evtol_siting.data.rasters  坡度栅格已生成: evtol_siting\data\interim\chengdu_slope.tif
12:22:00 INFO    evtol_siting.geo           栅格化完成: 单元边长 500 m, 单元数 2519, 覆盖 629.8 km²
12:22:00 INFO    evtol_siting.stage1_candidates 屋顶型筛选: 1430 / 69675 栋建筑满足 h>=20m 且 A_roof>=1600m² (2.05%)
12:22:00 INFO    evtol_siting.stage1_candidates   排除 用地类型: 30 个单元（1.2%）
12:22:00 INFO    evtol_siting.stage1_candidates   排除 水域: 55 个单元（2.2%）
12:22:00 INFO    evtol_siting.stage1_candidates   建筑覆盖率判据 (max=0.55): 剔除 4 个单元（保留 2430）；覆盖率中位数 0.05
12:22:00 INFO    evtol_siting.stage1_candidates 坡度判据: 2419 / 2430 单元满足 slope<=15° (剔除 11)
12:22:01 INFO    evtol_siting.stage1_candidates 地面型筛选: 2419 个候选（用地排除 -100，坡度排除后）
12:22:01 INFO    evtol_siting.stage1_candidates 地面型候选已按路网可达性重新评分（中位距离 91 m）
12:22:01 INFO    evtol_siting.stage1_candidates 已为 1430 个缺少 cell_id 的候选（屋顶型）补齐所属栅格单元（补齐后 3759/3849 有 cell_id）
12:22:01 INFO    evtol_siting.stage1_candidates   90 个候选落在栅格之外，改用坐标分桶作为 cell_id
12:22:01 INFO    evtol_siting.stage1_candidates   口径 all_aeroway：1298 个非直升要素全部按运输机场处理
12:22:01 INFO    evtol_siting.stage1_candidates   机场净空区（含民用） (r=4000m): 剔除 1472 个候选（占 38.2%）
12:22:01 INFO    evtol_siting.stage1_candidates   既有直升机场 (r=1000m): 剔除 177 个候选（占 4.6%）
12:22:01 INFO    evtol_siting.stage1_candidates 安全排除后剩余 2334 个候选（原有 3849）
12:22:01 INFO    evtol_siting.stage1_candidates   [ground] 类别内稀释: 1571 -> 1571
12:22:01 INFO    evtol_siting.stage1_candidates   [rooftop] 类别内稀释: 693 -> 258
12:22:01 INFO    evtol_siting.stage1_candidates 密度稀释 (c_min=500m, 每栅格<=3): 2334 -> 1324 个候选 （配额 -70，类别内间距 -435，跨类别冲突 -505）；构成: {'ground': 1067, 'rooftop': 257}
12:22:01 INFO    evtol_siting.stage1_candidates 阶段一完成: 1324 个候选起降场（屋顶型 257，地面型 1067）
12:22:01 INFO    export_3d                  运行阶段二：K-Means 人群分类
12:22:01 INFO    evtol_siting.pipeline      ============================================================
12:22:01 INFO    evtol_siting.pipeline      阶段二：K-means 人群分类与需求空间化
12:22:01 INFO    evtol_siting.pipeline      ============================================================
12:22:01 INFO    evtol_siting.data.dasymetric 人口栅格分辨率 80 m 细于需求格网 500 m —— 分区求和已是正确的格网人口总量，**体积重分配在此不产生作用**，直接使用分区求和。（体积权重的价值在于把人口摊到建筑上做更细的分析，需 force=True）
12:22:01 WARNING evtol_siting.data.dasymetric 退化为按分区求和（假设人口在格网内均匀分布）
12:22:06 INFO    evtol_siting.stage2_demand 人口分配方式对比（论文 Table 用）:
    method  total_population  n_nonzero_cells  mean_per_cell  std_per_cell       cv     max_cell  top1pct_share     gini
dasymetric      7.712263e+06             2517    3061.636823   2504.238782 0.817941 12360.637527       0.032418 0.458119
   uniform      7.712263e+06             2517    3061.636823   2504.238782 0.817941 12360.637527       0.032418 0.458119
12:22:06 INFO    evtol_siting.stage2_demand 人口: 合计 7712263 人，单元中位数 2567 人（来源: zonal_sum）
12:22:08 INFO    evtol_siting.stage2_demand 收入代理(RWI): 范围 [4.28, 94.31]，单元均值 28.593
12:22:08 INFO    evtol_siting.stage2_demand POI: 研究区内 7442 个，单元密度中位数 0 个/km²
12:22:16 INFO    evtol_siting.stage2_demand K 选择 (silhouette): K=5，得分 0.4742，各 K 得分 {3: 0.4713, 4: 0.4495, 5: 0.4742, 6: 0.4289, 7: 0.4336, 8: 0.4372}
12:22:17 INFO    evtol_siting.choice_model  收入阶梯（K=5）: 2,086  3,285  4,500  6,164  9,709
12:22:17 INFO    evtol_siting.choice_model  时间价值: 6.0  9.4  12.9  17.7  27.9 元/小时（对应月收入 2,086  3,285  4,500  6,164  9,709）
12:22:17 INFO    evtol_siting.choice_model  时间价值: 1.2  1.4  1.6  1.8  2.1  2.4  2.8  3.2  3.7  4.2  4.9  5.6  6.4  7.4  8.5  9.8  11.2  12.9  14.8  17.0  19.6  22.5  25.8  29.7 元/小时（对应月收入 421  484  556  639  735  844  970  1,115  1,282  1,473  1,693  1,946  2,236  2,570  2,953  3,394  3,901  4,483  5,153  5,922  6,806  7,822  8,989  10,331）
12:22:17 INFO    evtol_siting.choice_model  时间价值: 1.9  2.2  2.5  2.9  3.3  3.8  4.4  5.0  5.8  6.7  7.7  8.8  10.1  11.6  13.4  15.4  17.7  20.3  23.3  26.8  30.8  35.4  40.7  46.8 元/小时（对应月收入 663  762  876  1,007  1,157  1,330  1,528  1,757  2,019  2,320  2,666  3,064  3,522  4,048  4,652  5,346  6,144  7,061  8,116  9,327  10,719  12,319  14,158  16,272）
12:22:17 INFO    evtol_siting.choice_model  时间价值: 2.6  3.0  3.4  4.0  4.6  5.2  6.0  6.9  7.9  9.1  10.5  12.1  13.9  15.9  18.3  21.0  24.2  27.8  31.9  36.7  42.2  48.5  55.7  64.0 元/小时（对应月收入 909  1,044  1,200  1,379  1,585  1,822  2,094  2,406  2,765  3,178  3,652  4,198  4,824  5,544  6,372  7,323  8,416  9,673  11,116  12,776  14,683  16,875  19,394  22,289）
12:22:17 INFO    evtol_siting.choice_model  时间价值: 3.6  4.1  4.7  5.4  6.2  7.2  8.2  9.5  10.9  12.5  14.4  16.5  19.0  21.8  25.1  28.8  33.1  38.1  43.8  50.3  57.8  66.4  76.3  87.7 元/小时（对应月收入 1,244  1,430  1,644  1,889  2,171  2,495  2,868  3,296  3,788  4,353  5,003  5,750  6,608  7,594  8,728  10,031  11,528  13,249  15,227  17,500  20,112  23,114  26,565  30,530）
12:22:17 INFO    evtol_siting.choice_model  时间价值: 5.6  6.5  7.4  8.6  9.8  11.3  13.0  14.9  17.1  19.7  22.6  26.0  29.9  34.4  39.5  45.4  52.2  60.0  68.9  79.2  91.0  104.6  120.2  138.2 元/小时（对应月收入 1,960  2,253  2,589  2,975  3,420  3,930  4,517  5,191  5,966  6,856  7,880  9,056  10,408  11,962  13,747  15,799  18,158  20,868  23,983  27,563  31,678  36,407  41,841  48,087）
12:22:17 INFO    evtol_siting.choice_model  选择模型 [区域内积分（σ_within=0.4）]: 出行 15 km（单点），地面 55 分钟 / 57 元，eVTOL 24 分钟 / 130 元，节省 31 分钟；采用概率 0.0572–0.0920（类间比 1.61）
12:22:17 INFO    evtol_siting.choice_model  各类人群采用概率:
 cluster  monthly_income_cny  vot_cny_per_h  p_evtol  demand_rate
       3              2086.0           5.99  0.05718     0.005718
       0              3285.0           9.44  0.06157     0.006157
       1              4500.0          12.93  0.06638     0.006638
       2              6164.0          17.71  0.07364     0.007364
       4              9709.0          27.90  0.09201     0.009201
12:22:17 INFO    evtol_siting.stage2_demand K-means 聚类完成: K=5，总需求 51899 次/日，总人口 7712263 人
12:22:17 INFO    evtol_siting.stage2_demand 类画像:
 cluster  n_cells   population  income_mean  poi_density_mean  trip_rate  monthly_income_cny  vot_cny_per_h  p_evtol  demand_trips_per_day k_selection
       3      911 1.274286e+06    15.458149          1.242591   0.005718              2086.0           5.99  0.05718           7286.368668  silhouette
       0      916 2.953990e+06    31.667580          4.310044   0.006157              3285.0           9.44  0.06157          18187.714329  silhouette
       1      311 1.804357e+06    33.630300         41.273312   0.006638              4500.0          12.93  0.06638          11977.321363  silhouette
       2       81 5.478822e+05    40.350918        106.123457   0.007364              6164.0          17.71  0.07364           4034.604404  silhouette
       4      300 1.131748e+06    50.690864         10.853333   0.009201              9709.0          27.90  0.09201          10413.214673  silhouette
12:22:17 INFO    export_3d                  运行阶段三：0-1 整数规划
12:22:17 INFO    evtol_siting.pipeline      ============================================================
12:22:17 INFO    evtol_siting.pipeline      阶段三：0-1 整数规划选址
12:22:17 INFO    evtol_siting.pipeline      ============================================================
12:22:17 INFO    evtol_siting.stage3_ip     [cost_priority] 需求单元 2519 个（核心 1008 个，阈值 分位数 0.60（>=21.5 次/日）），候选 1324 个，接驳时间预算 15.0 分钟，设施上限 20
12:22:18 INFO    evtol_siting.stage3_ip     [cost_priority] 最优解: 11 个起降场，总成本 3.16 亿元，需求覆盖率 96.8%，人口覆盖率 96.4%（耗时 0.66s）
12:22:18 INFO    evtol_siting.stage3_ip     [coverage_priority] 需求单元 2519 个（核心 1008 个，阈值 分位数 0.60（>=21.5 次/日）），候选 1324 个，接驳时间预算 15.0 分钟，设施上限 35
12:22:18 INFO    evtol_siting.stage3_ip     [coverage_priority] 最优解: 10 个起降场，总成本 5.29 亿元，需求覆盖率 96.0%，人口覆盖率 95.6%（耗时 0.46s）
12:22:19 INFO    evtol_siting.stage3_ip     阶段三完成: 2 个情景求解成功（cost_priority=Optimal, coverage_priority=Optimal）
12:22:19 INFO    export_3d                  运行阶段四：NSGA-II 多目标优化
12:22:19 INFO    evtol_siting.pipeline      ============================================================
12:22:19 INFO    evtol_siting.pipeline      阶段四：NSGA-II 多目标优化
12:22:19 INFO    evtol_siting.pipeline      ============================================================
12:22:19 INFO    evtol_siting.stage4_nsga2  问题实例: 2519 个需求单元（核心 1008），1324 个候选；接驳预算 15.0 分钟；单点最大可覆盖 299 个核心单元（占核心 29.7%）
12:22:19 INFO    evtol_siting.pipeline      已注入 2 个 IP 最优解作为初始种群种子
12:22:19 INFO    evtol_siting.nsga2_core    初始种群: 100 个个体 × 1324 维，站点数 区间 (12, 400)（区间初始化，自由规模）
12:22:19 INFO    evtol_siting.nsga2_core      第   0 代: 前沿  84 个解, HV=5.473e+08, 最优目标1=0, 累计评估 165
12:22:20 INFO    evtol_siting.nsga2_core      第  10 代: 前沿 100 个解, HV=5.473e+08, 最优目标1=0, 累计评估 650
12:22:21 INFO    evtol_siting.nsga2_core      第  20 代: 前沿 100 个解, HV=5.474e+08, 最优目标1=0, 累计评估 1152
12:22:23 INFO    evtol_siting.nsga2_core      第  30 代: 前沿 100 个解, HV=5.474e+08, 最优目标1=0, 累计评估 1666
12:22:24 INFO    evtol_siting.nsga2_core      第  40 代: 前沿 100 个解, HV=5.474e+08, 最优目标1=0, 累计评估 2208
12:22:26 INFO    evtol_siting.nsga2_core      第  50 代: 前沿 100 个解, HV=5.474e+08, 最优目标1=0, 累计评估 2757
12:22:27 INFO    evtol_siting.nsga2_core      第  60 代: 前沿 100 个解, HV=5.478e+08, 最优目标1=0, 累计评估 3352
12:22:29 INFO    evtol_siting.nsga2_core      第  70 代: 前沿 100 个解, HV=5.479e+08, 最优目标1=0, 累计评估 3974
12:22:30 INFO    evtol_siting.nsga2_core      第  80 代: 前沿 100 个解, HV=5.479e+08, 最优目标1=0, 累计评估 4637
12:22:32 INFO    evtol_siting.nsga2_core      第  90 代: 前沿 100 个解, HV=5.479e+08, 最优目标1=0, 累计评估 5311
12:22:33 INFO    evtol_siting.nsga2_core      第  99 代: 前沿 100 个解, HV=5.479e+08, 最优目标1=0, 累计评估 5929
12:22:33 INFO    export_3d                  计算方案指标与单目标基线对比
12:22:33 INFO    evtol_siting.pipeline      ============================================================
12:22:33 INFO    evtol_siting.pipeline      评价：方案指标与基线对比
12:22:33 INFO    evtol_siting.pipeline      ============================================================
12:22:34 INFO    evtol_siting.baselines     基线求解：13 个 MILP，6 路并发（本机 20 核）
12:22:36 INFO    evtol_siting.baselines     [p_median_p10] p=10: 2519 个需求单元 × 25 近邻 = 61777 个分配变量
12:22:37 INFO    evtol_siting.baselines     [p_median_p11] p=11: 2519 个需求单元 × 25 近邻 = 61777 个分配变量
12:22:37 INFO    evtol_siting.baselines     [set_covering] -> 10 个设施，耗时 3.0s
12:22:40 INFO    evtol_siting.baselines     [p_center_p11] p=11 -> 11 个设施，最大接驳时间 13.61 分钟，耗时 6.2s
12:22:41 INFO    evtol_siting.baselines     [p_median_p20] p=20: 2519 个需求单元 × 25 近邻 = 61777 个分配变量
12:22:44 INFO    evtol_siting.baselines     [p_center_p10] p=10 -> 10 个设施，最大接驳时间 14.38 分钟，耗时 10.7s
12:22:46 INFO    evtol_siting.baselines     [p_center_p20] p=20 -> 11 个设施，最大接驳时间 13.61 分钟，耗时 1.6s
12:22:48 INFO    evtol_siting.baselines     [max_coverage_p20] p=20 -> 20 个设施，覆盖需求 51899，耗时 2.1s
12:22:50 INFO    evtol_siting.baselines     [p_median_p30] p=30: 2519 个需求单元 × 25 近邻 = 61777 个分配变量
12:24:28 INFO    evtol_siting.baselines     [max_coverage_p11] p=11 -> 11 个设施，覆盖需求 51487，耗时 111.1s
12:24:30 INFO    evtol_siting.baselines     [p_center_p30] p=30 -> 11 个设施，最大接驳时间 13.61 分钟，耗时 2.4s
12:24:32 INFO    evtol_siting.baselines     [max_coverage_p30] p=30 -> 20 个设施，覆盖需求 51899，耗时 2.0s
12:24:45 INFO    evtol_siting.baselines     [max_coverage_p10] p=10 -> 10 个设施，覆盖需求 51159，耗时 131.5s
12:26:26 INFO    evtol_siting.baselines     [p_median_p10] p=10 -> 10 个设施，目标 268856.4，耗时 232.1s
12:27:40 INFO    evtol_siting.baselines     [p_median_p11] p=11 -> 11 个设施，目标 275922.1，耗时 306.7s
12:27:48 INFO    evtol_siting.baselines     [p_median_p20] p=20 -> 20 个设施，目标 310704.9，耗时 307.6s
12:28:01 INFO    evtol_siting.baselines     [p_median_p30] p=30 -> 30 个设施，目标 335582.3，耗时 312.6s
12:28:01 INFO    evtol_siting.baselines     基线求解完成: 13/13 成功，墙钟 327s
12:28:01 INFO    evtol_siting.baselines     基线结果已缓存: baselines_504ee668c25e215d9420784d38652b27.json
12:28:01 INFO    evtol_siting.pipeline      方案对比表:
                         label  n_sites  n_rooftop  n_ground  total_cost_cny  mean_cost_per_site_cny  ...  group_1_access_time_min  group_2_access_time_min  group_3_access_time_min  group_4_access_time_min  income_quintile_gap_min  income_quintile_gini
     Baseline:max_coverage_p30       20          8        12    1.121232e+09            5.606161e+07  ...                 9.729973                 9.178153                 9.133810                 8.700585                 0.983940              0.018485
  NSGA-II:best_unserved_demand      311         60       251    1.664278e+10            5.351375e+07  ...                 6.093016                 5.561068                 5.437684                 6.064836                 0.807409              0.027486
NSGA-II:best_total_access_time      316         60       256    1.692778e+10            5.356891e+07  ...                 6.093016                 5.561068                 5.419280                 6.064836                 0.831370              0.028387
         NSGA-II:best_inequity      311         60       251    1.664278e+10            5.351375e+07  ...                 6.093016                 5.561068                 5.437684                 6.064836                 0.807409              0.027486
     Baseline:max_coverage_p20       20          8        12    1.057585e+09            5.287925e+07  ...                 9.968821                 9.602745                 8.891325                 9.077622                 0.375338              0.007496
         Baseline:p_median_p30       30          6        24    1.552588e+09            5.175292e+07  ...                 7.790275                 7.726803                 7.774502                 8.095813                 0.543738              0.013356
                NSGA-II:TOPSIS       30         10        20    1.459639e+09            4.865462e+07  ...                 7.915527                 8.236571                 8.045506                 8.151382                 0.533188              0.010748
                  NSGA-II:knee       21         14         7    7.682591e+08            3.658377e+07  ...                 8.645952                 9.531863                 9.560386                 8.667223                 1.511187              0.028426
     Baseline:max_coverage_p11       11          5         6    4.880409e+08            4.436735e+07  ...                10.497698                10.242921                 9.876474                 9.765965                 0.297465              0.006029
     Baseline:max_coverage_p10       10          4         6    4.681146e+08            4.681146e+07  ...                10.368536                10.163654                10.046867                 9.807411                 0.481724              0.009115
         Baseline:p_median_p20       20          7        13    1.070760e+09            5.353798e+07  ...                 8.113607                 7.874310                 8.706435                 8.151794                 1.263728              0.027954
         Baseline:p_center_p30       11          4         7    6.110598e+08            5.555090e+07  ...                 8.963091                 9.808476                 9.467898                 8.755734                 1.562227              0.030149
         Baseline:p_center_p20       11          4         7    6.110598e+08            5.555090e+07  ...                 8.963091                 9.808476                 9.467898                 8.755734                 1.562227              0.030149
         Baseline:p_center_p11       11          4         7    6.110598e+08            5.555090e+07  ...                 8.963091                 9.808476                 9.467898                 8.755734                 1.562227              0.030149
         Baseline:p_center_p10       10          4         6    5.065582e+08            5.065582e+07  ...                 9.677432                10.021038                10.041562                 9.111419                 1.287952              0.027837
         Baseline:set_covering       10          3         7    5.556819e+08            5.556819e+07  ...                10.248372                10.274366                 9.675489                 9.615607                 0.772589              0.013646
       NSGA-II:best_total_cost       11         10         1    3.158845e+08            2.871677e+07  ...                 9.423538                 9.629228                 9.997995                 8.728466                 2.377435              0.041672
              IP:cost_priority       11         10         1    3.158845e+08            2.871677e+07  ...                 9.423538                 9.629228                 9.997995                 8.728466                 2.377435              0.041672
          IP:coverage_priority       10          3         7    5.288306e+08            5.288306e+07  ...                 9.672065                10.748745                 9.834838                 9.799045                 1.525333              0.026253
         Baseline:p_median_p11       11          6         5    4.590191e+08            4.172901e+07  ...                 9.338307                 9.446187                 8.829845                 8.647682                 0.984390              0.017316
         Baseline:p_median_p10       10          6         4    4.924327e+08            4.924327e+07  ...                 9.343842                 9.372880                 8.798493                 8.868444                 0.916397              0.020121
12:28:01 INFO    evtol_siting.viz3d         研究区边界已导出
12:28:01 INFO    evtol_siting.viz3d         候选点已导出: 屋顶型 257，地面型 1067
12:28:01 INFO    evtol_siting.viz3d         需求单元 2519 个、人群类 5 个已导出
12:28:01 INFO    evtol_siting.viz3d         帕累托前沿 100 个解已导出
12:28:01 INFO    evtol_siting.viz3d         三维数据包已导出: evtol_siting\viz3d\evtol_data.js (0.37 MB)
12:28:01 INFO    evtol_siting.pipeline      结果已保存到 evtol_siting\outputs\data
12:28:01 INFO    export_3d                  ======================================================================
12:28:01 INFO    export_3d                   完成。打开三维视图：
12:28:01 INFO    export_3d                     evtol_siting\viz3d\chengdu_evtol_3d.html
12:28:01 INFO    export_3d                   数据: evtol_data.js
12:28:01 INFO    export_3d                  ======================================================================
18:36:11 INFO    root                       token 已写入 cesium_token.js（<已省略>…，181 字符）
18:36:11 INFO    export_3d                  运行阶段一：候选起降场筛选
18:36:12 INFO    evtol_siting.pipeline      ============================================================
18:36:12 INFO    evtol_siting.pipeline      阶段一：基于 GIS 的候选起降场筛选
18:36:12 INFO    evtol_siting.pipeline      ============================================================
18:36:12 INFO    evtol_siting.pipeline      解析 PBF 提取包: sichuan-latest.osm.pbf
18:36:29 INFO    evtol_siting.data.pbf        已扫描 200000 个候选要素…
18:36:50 INFO    evtol_siting.data.pbf        已扫描 400000 个候选要素…
18:37:09 INFO    evtol_siting.data.pbf        已扫描 600000 个候选要素…
18:37:24 INFO    evtol_siting.data.pbf        已扫描 800000 个候选要素…
18:37:37 INFO    evtol_siting.data.pbf        buildings          69675 个要素
18:37:38 INFO    evtol_siting.data.pbf        poi                 8159 个要素
18:37:39 INFO    evtol_siting.data.pbf        roads              42272 个要素
18:37:39 INFO    evtol_siting.data.pbf        landuse             8430 个要素
18:37:39 INFO    evtol_siting.data.pbf        water               2252 个要素
18:37:39 INFO    evtol_siting.data.pbf        airports            1364 个要素
18:37:39 INFO    evtol_siting.data.pbf      PBF 解析完成（扫描 921830 个候选要素，输出 6 个图层）
18:37:39 INFO    evtol_siting.data.rasters  建筑高度栅格已存在: evtol_siting\data\raw\height\chengdu_building_height_10m.tif
18:37:45 INFO    evtol_siting.data.heights  高度栅格提供了 49162 栋建筑的高度（覆盖 70.6%）
18:37:45 INFO    evtol_siting.data.heights  分位数回归填补了 14650 栋建筑的高度（中位数 18.6 m）
18:37:45 INFO    evtol_siting.data.heights  高度融合结果（共 69675 栋）:
    raster_height     70.6%
    imputed           21.0%
    osm_levels         7.3%
    osm_height         1.1%
18:37:45 INFO    evtol_siting.data.heights      有标签覆盖率: 8.4% -> 融合后覆盖率: 100.0%
18:37:45 INFO    evtol_siting.data.rasters  人口栅格已存在: evtol_siting\data\raw\population\chengdu_population_100m.tif
18:37:45 INFO    evtol_siting.data.rasters  收入代理数据已存在: evtol_siting\data\raw\income\chengdu_income_proxy.gpkg
18:37:45 INFO    evtol_siting.pipeline      收入代理已载入: 6716 个点（EPSG:4326）
18:37:45 INFO    evtol_siting.data.rasters  DEM 已存在: evtol_siting\data\raw\dem\chengdu_dem_30m.tif
18:37:50 INFO    evtol_siting.data.rasters  坡度栅格已生成: evtol_siting\data\interim\chengdu_slope.tif
18:37:51 INFO    evtol_siting.geo           栅格化完成: 单元边长 500 m, 单元数 2519, 覆盖 629.8 km²
18:37:51 INFO    evtol_siting.stage1_candidates 屋顶型筛选: 1430 / 69675 栋建筑满足 h>=20m 且 A_roof>=1600m² (2.05%)
18:37:51 INFO    evtol_siting.stage1_candidates   排除 用地类型: 30 个单元（1.2%）
18:37:51 INFO    evtol_siting.stage1_candidates   排除 水域: 55 个单元（2.2%）
18:37:51 INFO    evtol_siting.stage1_candidates   建筑覆盖率判据 (max=0.55): 剔除 4 个单元（保留 2430）；覆盖率中位数 0.05
18:37:51 INFO    evtol_siting.stage1_candidates 坡度判据: 2419 / 2430 单元满足 slope<=15° (剔除 11)
18:37:51 INFO    evtol_siting.stage1_candidates 地面型筛选: 2419 个候选（用地排除 -100，坡度排除后）
18:37:51 INFO    evtol_siting.stage1_candidates 地面型候选已按路网可达性重新评分（中位距离 91 m）
18:37:51 INFO    evtol_siting.stage1_candidates 已为 1430 个缺少 cell_id 的候选（屋顶型）补齐所属栅格单元（补齐后 3759/3849 有 cell_id）
18:37:51 INFO    evtol_siting.stage1_candidates   90 个候选落在栅格之外，改用坐标分桶作为 cell_id
18:37:51 INFO    evtol_siting.stage1_candidates   口径 all_aeroway：1298 个非直升要素全部按运输机场处理
18:37:51 INFO    evtol_siting.stage1_candidates   机场净空区（含民用） (r=4000m): 剔除 1472 个候选（占 38.2%）
18:37:51 INFO    evtol_siting.stage1_candidates   既有直升机场 (r=1000m): 剔除 177 个候选（占 4.6%）
18:37:51 INFO    evtol_siting.stage1_candidates 安全排除后剩余 2334 个候选（原有 3849）
18:37:52 INFO    evtol_siting.stage1_candidates   [ground] 类别内稀释: 1571 -> 1571
18:37:52 INFO    evtol_siting.stage1_candidates   [rooftop] 类别内稀释: 693 -> 258
18:37:52 INFO    evtol_siting.stage1_candidates 密度稀释 (c_min=500m, 每栅格<=3): 2334 -> 1324 个候选 （配额 -70，类别内间距 -435，跨类别冲突 -505）；构成: {'ground': 1067, 'rooftop': 257}
18:37:52 INFO    evtol_siting.stage1_candidates 阶段一完成: 1324 个候选起降场（屋顶型 257，地面型 1067）
18:37:52 INFO    export_3d                  运行阶段二：K-Means 人群分类
18:37:52 INFO    evtol_siting.pipeline      ============================================================
18:37:52 INFO    evtol_siting.pipeline      阶段二：K-means 人群分类与需求空间化
18:37:52 INFO    evtol_siting.pipeline      ============================================================
18:37:52 INFO    evtol_siting.data.dasymetric 人口栅格分辨率 80 m 细于需求格网 500 m —— 分区求和已是正确的格网人口总量，**体积重分配在此不产生作用**，直接使用分区求和。（体积权重的价值在于把人口摊到建筑上做更细的分析，需 force=True）
18:37:52 WARNING evtol_siting.data.dasymetric 退化为按分区求和（假设人口在格网内均匀分布）
18:38:04 INFO    evtol_siting.stage2_demand 人口分配方式对比（论文 Table 用）:
    method  total_population  n_nonzero_cells  mean_per_cell  std_per_cell       cv     max_cell  top1pct_share     gini
dasymetric      7.712263e+06             2517    3061.636823   2504.238782 0.817941 12360.637527       0.032418 0.458119
   uniform      7.712263e+06             2517    3061.636823   2504.238782 0.817941 12360.637527       0.032418 0.458119
18:38:04 INFO    evtol_siting.stage2_demand 人口: 合计 7712263 人，单元中位数 2567 人（来源: zonal_sum）
18:38:05 INFO    evtol_siting.stage2_demand 收入代理(RWI): 范围 [4.28, 94.31]，单元均值 28.593
18:38:05 INFO    evtol_siting.stage2_demand POI: 研究区内 7442 个，单元密度中位数 0 个/km²
18:38:11 INFO    evtol_siting.stage2_demand K 选择 (silhouette): K=5，得分 0.4742，各 K 得分 {3: 0.4713, 4: 0.4495, 5: 0.4742, 6: 0.4289, 7: 0.4336, 8: 0.4372}
18:38:12 INFO    evtol_siting.choice_model  收入阶梯（K=5）: 1,877  2,956  4,049  5,546  8,736
18:38:12 INFO    evtol_siting.choice_model  时间价值: 5.4  8.5  11.6  15.9  25.1 元/小时（对应月收入 1,877  2,956  4,049  5,546  8,736）
18:38:12 INFO    evtol_siting.choice_model  时间价值: 1.1  1.3  1.4  1.7  1.9  2.2  2.5  2.9  3.3  3.8  4.4  5.0  5.8  6.6  7.6  8.8  10.1  11.6  13.3  15.3  17.6  20.2  23.2  26.7 元/小时（对应月收入 379  435  500  575  661  760  873  1,003  1,153  1,325  1,523  1,751  2,012  2,312  2,657  3,054  3,510  4,034  4,636  5,328  6,124  7,038  8,088  9,296）
18:38:12 INFO    evtol_siting.choice_model  时间价值: 1.7  2.0  2.3  2.6  3.0  3.4  4.0  4.5  5.2  6.0  6.9  7.9  9.1  10.5  12.0  13.8  15.9  18.3  21.0  24.1  27.7  31.9  36.6  42.1 元/小时（对应月收入 597  686  788  906  1,041  1,197  1,375  1,581  1,816  2,088  2,399  2,757  3,169  3,642  4,186  4,810  5,529  6,354  7,302  8,392  9,645  11,085  12,739  14,641）
18:38:12 INFO    evtol_siting.choice_model  时间价值: 2.3  2.7  3.1  3.6  4.1  4.7  5.4  6.2  7.1  8.2  9.4  10.9  12.5  14.3  16.5  18.9  21.8  25.0  28.7  33.0  38.0  43.6  50.1  57.6 元/小时（对应月收入 817  940  1,080  1,241  1,426  1,639  1,884  2,165  2,488  2,859  3,286  3,777  4,341  4,989  5,733  6,589  7,573  8,703  10,002  11,495  13,211  15,183  17,450  20,055）
18:38:12 INFO    evtol_siting.choice_model  时间价值: 3.2  3.7  4.3  4.9  5.6  6.5  7.4  8.5  9.8  11.3  12.9  14.9  17.1  19.6  22.6  25.9  29.8  34.3  39.4  45.2  52.0  59.8  68.7  78.9 元/小时（对应月收入 1,120  1,287  1,479  1,700  1,954  2,245  2,580  2,965  3,408  3,917  4,502  5,173  5,946  6,833  7,853  9,026  10,373  11,921  13,701  15,746  18,097  20,798  23,902  27,470）
18:38:12 INFO    evtol_siting.choice_model  时间价值: 5.1  5.8  6.7  7.7  8.8  10.2  11.7  13.4  15.4  17.7  20.4  23.4  26.9  30.9  35.5  40.9  46.9  54.0  62.0  71.3  81.9  94.1  108.2  124.3 元/小时（对应月收入 1,764  2,027  2,330  2,677  3,077  3,536  4,064  4,671  5,368  6,169  7,090  8,149  9,365  10,763  12,369  14,216  16,338  18,777  21,580  24,801  28,503  32,758  37,648  43,267）
18:38:12 INFO    evtol_siting.choice_model  选择模型 [区域内积分（σ_within=0.4）]: 出行 15 km（单点），地面 55 分钟 / 57 元，eVTOL 24 分钟 / 130 元，节省 31 分钟；采用概率 0.0565–0.0865（类间比 1.53）
18:38:12 INFO    evtol_siting.choice_model  各类人群采用概率:
 cluster  monthly_income_cny  vot_cny_per_h  p_evtol  demand_rate
       3              1877.0           5.39  0.05645     0.005645
       0              2956.0           8.49  0.06033     0.006033
       1              4049.0          11.64  0.06455     0.006455
       2              5546.0          15.94  0.07085     0.007085
       4              8736.0          25.10  0.08655     0.008655
18:38:12 INFO    evtol_siting.stage2_demand K-means 聚类完成: K=5，总需求 50339 次/日，总人口 7712263 人
18:38:12 INFO    evtol_siting.stage2_demand 类画像:
 cluster  n_cells   population  income_mean  poi_density_mean  trip_rate  monthly_income_cny  vot_cny_per_h  p_evtol  demand_trips_per_day k_selection
       3      911 1.274286e+06    15.458149          1.242591   0.005645              1877.0           5.39  0.05645           7193.345774  silhouette
       0      916 2.953990e+06    31.667580          4.310044   0.006033              2956.0           8.49  0.06033          17821.419612  silhouette
       1      311 1.804357e+06    33.630300         41.273312   0.006455              4049.0          11.64  0.06455          11647.124043  silhouette
       2       81 5.478822e+05    40.350918        106.123457   0.007085              5546.0          15.94  0.07085           3881.745275  silhouette
       4      300 1.131748e+06    50.690864         10.853333   0.008655              8736.0          25.10  0.08655           9795.280187  silhouette
18:38:12 INFO    export_3d                  运行阶段三：0-1 整数规划
18:38:12 INFO    evtol_siting.pipeline      ============================================================
18:38:12 INFO    evtol_siting.pipeline      阶段三：0-1 整数规划选址
18:38:12 INFO    evtol_siting.pipeline      ============================================================
18:38:12 INFO    evtol_siting.stage3_ip     [cost_priority] 需求单元 2519 个（核心 1008 个，阈值 分位数 0.60（>=21.0 次/日）），候选 1324 个，接驳时间预算 15.0 分钟，设施上限 20
18:38:14 INFO    evtol_siting.stage3_ip     [cost_priority] 最优解: 10 个起降场，总成本 3.13 亿元，需求覆盖率 96.2%，人口覆盖率 95.9%（耗时 1.31s）
18:38:14 INFO    evtol_siting.stage3_ip     [coverage_priority] 需求单元 2519 个（核心 1008 个，阈值 分位数 0.60（>=21.0 次/日）），候选 1324 个，接驳时间预算 15.0 分钟，设施上限 35
18:38:15 INFO    evtol_siting.stage3_ip     [coverage_priority] 最优解: 10 个起降场，总成本 4.59 亿元，需求覆盖率 96.6%，人口覆盖率 96.2%（耗时 0.67s）
18:38:15 INFO    evtol_siting.stage3_ip     阶段三完成: 2 个情景求解成功（cost_priority=Optimal, coverage_priority=Optimal）
18:38:15 INFO    export_3d                  运行阶段四：NSGA-II 多目标优化
18:38:15 INFO    evtol_siting.pipeline      ============================================================
18:38:15 INFO    evtol_siting.pipeline      阶段四：NSGA-II 多目标优化
18:38:15 INFO    evtol_siting.pipeline      ============================================================
18:38:15 INFO    evtol_siting.stage4_nsga2  问题实例: 2519 个需求单元（核心 1008），1324 个候选；接驳预算 15.0 分钟；单点最大可覆盖 299 个核心单元（占核心 29.7%）
18:38:15 INFO    evtol_siting.pipeline      已注入 2 个 IP 最优解作为初始种群种子
18:38:15 INFO    evtol_siting.nsga2_core    初始种群: 100 个个体 × 1324 维，站点数 区间 (12, 400)（区间初始化，自由规模）
18:38:16 INFO    evtol_siting.nsga2_core      第   0 代: 前沿  90 个解, HV=5.01e+08, 最优目标1=0, 累计评估 168
18:38:19 INFO    evtol_siting.nsga2_core      第  10 代: 前沿 100 个解, HV=5.01e+08, 最优目标1=0, 累计评估 656
18:38:22 INFO    evtol_siting.nsga2_core      第  20 代: 前沿 100 个解, HV=5.011e+08, 最优目标1=0, 累计评估 1153
18:38:25 INFO    evtol_siting.nsga2_core      第  30 代: 前沿 100 个解, HV=5.011e+08, 最优目标1=0, 累计评估 1690
18:38:29 INFO    evtol_siting.nsga2_core      第  40 代: 前沿 100 个解, HV=5.011e+08, 最优目标1=0, 累计评估 2252
18:38:32 INFO    evtol_siting.nsga2_core      第  50 代: 前沿 100 个解, HV=5.011e+08, 最优目标1=0, 累计评估 2841
18:38:36 INFO    evtol_siting.nsga2_core      第  60 代: 前沿 100 个解, HV=5.014e+08, 最优目标1=0, 累计评估 3472
18:38:39 INFO    evtol_siting.nsga2_core      第  70 代: 前沿 100 个解, HV=5.014e+08, 最优目标1=0, 累计评估 4111
18:38:42 INFO    evtol_siting.nsga2_core      第  80 代: 前沿 100 个解, HV=5.014e+08, 最优目标1=0, 累计评估 4765
18:38:47 INFO    evtol_siting.nsga2_core      第  90 代: 前沿 100 个解, HV=5.014e+08, 最优目标1=0, 累计评估 5455
18:38:50 INFO    evtol_siting.nsga2_core      第  99 代: 前沿 100 个解, HV=5.016e+08, 最优目标1=0, 累计评估 6102
18:38:50 INFO    export_3d                  计算方案指标与单目标基线对比
18:38:50 INFO    evtol_siting.pipeline      ============================================================
18:38:50 INFO    evtol_siting.pipeline      评价：方案指标与基线对比
18:38:50 INFO    evtol_siting.pipeline      ============================================================
18:38:51 INFO    evtol_siting.baselines     基线求解：13 个 MILP，6 路并发（本机 20 核）
18:38:56 INFO    evtol_siting.baselines     [p_median_p10] p=10: 2519 个需求单元 × 25 近邻 = 61777 个分配变量
18:38:57 INFO    evtol_siting.baselines     [p_median_p20] p=20: 2519 个需求单元 × 25 近邻 = 61777 个分配变量
18:38:59 INFO    evtol_siting.baselines     [set_covering] -> 10 个设施，耗时 7.8s
18:39:04 INFO    evtol_siting.baselines     [max_coverage_p20] p=20 -> 18 个设施，覆盖需求 50339，耗时 4.6s
18:39:07 INFO    evtol_siting.baselines     [p_median_p30] p=30: 2519 个需求单元 × 25 近邻 = 61777 个分配变量
18:39:08 INFO    evtol_siting.baselines     [p_center_p20] p=20 -> 11 个设施，最大接驳时间 13.61 分钟，耗时 16.3s
18:39:10 INFO    evtol_siting.baselines     [p_center_p30] p=30 -> 11 个设施，最大接驳时间 13.61 分钟，耗时 2.8s
18:39:12 INFO    evtol_siting.baselines     [max_coverage_p30] p=30 -> 26 个设施，覆盖需求 50339，耗时 1.9s
18:39:14 INFO    evtol_siting.baselines     [p_center_p10] p=10 -> 10 个设施，最大接驳时间 14.38 分钟，耗时 22.3s
18:39:16 INFO    evtol_siting.baselines     [p_median_p40] p=40: 2519 个需求单元 × 25 近邻 = 61777 个分配变量
18:39:19 INFO    evtol_siting.baselines     [p_center_p40] p=40 -> 11 个设施，最大接驳时间 13.61 分钟，耗时 5.3s
18:39:21 INFO    evtol_siting.baselines     [max_coverage_p40] p=40 -> 26 个设施，覆盖需求 50339，耗时 1.9s
18:44:01 INFO    evtol_siting.baselines     [max_coverage_p10] p=10 -> 10 个设施，覆盖需求 49612，耗时 310.0s
18:44:02 INFO    evtol_siting.baselines     [p_median_p10] p=10 -> 10 个设施，目标 259789.7，耗时 310.7s
18:44:47 INFO    evtol_siting.baselines     [p_median_p20] p=20 -> 20 个设施，目标 15257.2，耗时 356.1s
18:46:27 INFO    evtol_siting.baselines     [p_median_p30] p=30 -> 30 个设施，目标 22859.4，耗时 443.1s
18:51:45 INFO    evtol_siting.baselines     [p_median_p40] p=40 -> 40 个设施，目标 44411.8，耗时 753.0s
18:51:45 INFO    evtol_siting.baselines     基线求解完成: 13/13 成功，墙钟 774s
18:51:45 INFO    evtol_siting.baselines     基线结果已缓存: baselines_e1aa7a39bb4904153d18f4a5699cee1f.json
18:51:45 INFO    evtol_siting.pipeline      方案对比表:
                         label  n_sites  n_rooftop  n_ground  total_cost_cny  mean_cost_per_site_cny  ...  group_1_access_time_min  group_2_access_time_min  group_3_access_time_min  group_4_access_time_min  income_quintile_gap_min  income_quintile_gini
     Baseline:max_coverage_p40       26          8        18    1.290152e+09            4.962124e+07  ...                 9.211908                 8.693849                 8.838221                 8.779532                 0.671742              0.016299
  NSGA-II:best_unserved_demand      311         60       251    1.664278e+10            5.351375e+07  ...                 6.093016                 5.561068                 5.437684                 6.064836                 0.807409              0.027486
NSGA-II:best_total_access_time      316         60       256    1.692778e+10            5.356891e+07  ...                 6.093016                 5.561068                 5.428704                 6.064836                 0.822476              0.028123
         NSGA-II:best_inequity      311         60       251    1.664278e+10            5.351375e+07  ...                 6.093016                 5.561068                 5.437684                 6.064836                 0.807409              0.027486
     Baseline:max_coverage_p30       26          8        18    1.358461e+09            5.224850e+07  ...                10.040991                 9.548067                 8.625807                 8.779965                 1.393897              0.027649
     Baseline:max_coverage_p20       18          7        11    1.001047e+09            5.561375e+07  ...                10.234628                 9.443546                 9.633193                 9.166832                 0.522903              0.010786
                NSGA-II:TOPSIS       25          6        19    1.286141e+09            5.144563e+07  ...                 8.617780                 8.584385                 8.466374                 7.925526                 1.119672              0.028247
                  NSGA-II:knee       19         10         9    8.234463e+08            4.333928e+07  ...                 9.076037                 8.922725                 9.487279                 8.980760                 1.155337              0.023078
     Baseline:max_coverage_p10       10          4         6    4.681146e+08            4.681146e+07  ...                10.419875                10.163654                10.119508                 9.807411                 0.542448              0.009932
         Baseline:p_center_p20       11          4         7    6.110598e+08            5.555090e+07  ...                 9.039217                 9.808476                 9.544094                 8.762907                 1.668551              0.032411
         Baseline:p_center_p40       11          4         7    6.110598e+08            5.555090e+07  ...                 9.039217                 9.808476                 9.544094                 8.762907                 1.668551              0.032411
         Baseline:p_center_p30       11          4         7    6.110598e+08            5.555090e+07  ...                 9.039217                 9.808476                 9.544094                 8.762907                 1.668551              0.032411
         Baseline:p_center_p10       10          4         6    5.331250e+08            5.331250e+07  ...                 9.781441                 9.273551                10.138978                 9.000623                 1.298579              0.027783
         Baseline:set_covering       10          1         9    5.385700e+08            5.385700e+07  ...                 9.341403                 9.110679                10.236717                10.014932                 1.036900              0.019167
          IP:coverage_priority       10          7         3    4.592612e+08            4.592612e+07  ...                10.133863                10.011654                10.517035                 8.997909                 2.150556              0.036613
       NSGA-II:best_total_cost       10          9         1    3.127838e+08            3.127838e+07  ...                 9.486138                10.527730                10.172980                 9.621782                 1.594325              0.027398
              IP:cost_priority       10          9         1    3.127838e+08            3.127838e+07  ...                 9.486138                10.527730                10.172980                 9.621782                 1.594325              0.027398
         Baseline:p_median_p10       10          6         4    4.924327e+08            4.924327e+07  ...                 9.341529                 9.372880                 8.828905                 8.868444                 0.867905              0.018653
         Baseline:p_median_p40       40         23        17    1.971970e+09            4.929926e+07  ...                 9.865234                10.759286                 9.107718                10.039494                 2.217312              0.042280
         Baseline:p_median_p30       30         18        12    1.521998e+09            5.073327e+07  ...                10.012174                 9.844712                 9.095359                 9.699969                 2.400940              0.050031
         Baseline:p_median_p20       20         14         6    9.232594e+08            4.616297e+07  ...                10.103424                 9.931109                11.130538                 9.596078                 1.625162              0.034743
18:51:45 INFO    evtol_siting.viz3d         研究区边界已导出
18:51:46 INFO    evtol_siting.viz3d         候选点已导出: 屋顶型 257，地面型 1067
18:51:46 INFO    evtol_siting.viz3d         需求单元 2519 个、人群类 5 个已导出
18:51:46 INFO    evtol_siting.viz3d         帕累托前沿 100 个解已导出
18:51:46 INFO    evtol_siting.viz3d         三维数据包已导出: evtol_siting\viz3d\evtol_data.js (0.37 MB)
18:51:46 INFO    evtol_siting.pipeline      结果已保存到 evtol_siting\outputs\data
18:51:46 INFO    export_3d                  ======================================================================
18:51:46 INFO    export_3d                   完成。打开三维视图：
18:51:46 INFO    export_3d                     evtol_siting\viz3d\chengdu_evtol_3d.html
18:51:46 INFO    export_3d                   数据: evtol_data.js
18:51:46 INFO    export_3d                  ======================================================================
20:53:16 INFO    root                       token 已写入 cesium_token.js（<已省略>…，181 字符）
20:53:16 INFO    export_3d                  运行阶段一：候选起降场筛选
20:53:16 INFO    evtol_siting.pipeline      ============================================================
20:53:16 INFO    evtol_siting.pipeline      阶段一：基于 GIS 的候选起降场筛选
20:53:16 INFO    evtol_siting.pipeline      ============================================================
20:53:16 INFO    evtol_siting.pipeline      解析 PBF 提取包: sichuan-latest.osm.pbf
20:53:25 INFO    evtol_siting.data.pbf        已扫描 200000 个候选要素…
20:53:34 INFO    evtol_siting.data.pbf        已扫描 400000 个候选要素…
20:53:42 INFO    evtol_siting.data.pbf        已扫描 600000 个候选要素…
20:53:51 INFO    evtol_siting.data.pbf        已扫描 800000 个候选要素…
20:53:57 INFO    evtol_siting.data.pbf        buildings          69675 个要素
20:53:57 INFO    evtol_siting.data.pbf        poi                 8159 个要素
20:53:58 INFO    evtol_siting.data.pbf        roads              42272 个要素
20:53:58 INFO    evtol_siting.data.pbf        landuse             8430 个要素
20:53:58 INFO    evtol_siting.data.pbf        water               2252 个要素
20:53:58 INFO    evtol_siting.data.pbf        airports            1364 个要素
20:53:58 INFO    evtol_siting.data.pbf      PBF 解析完成（扫描 921830 个候选要素，输出 6 个图层）
20:53:58 INFO    evtol_siting.data.rasters  建筑高度栅格已存在: evtol_siting\data\raw\height\chengdu_building_height_10m.tif
20:54:00 INFO    evtol_siting.data.heights  高度栅格提供了 49162 栋建筑的高度（覆盖 70.6%）
20:54:00 INFO    evtol_siting.data.heights  分位数回归填补了 14650 栋建筑的高度（中位数 18.6 m）
20:54:00 INFO    evtol_siting.data.heights  高度融合结果（共 69675 栋）:
    raster_height     70.6%
    imputed           21.0%
    osm_levels         7.3%
    osm_height         1.1%
20:54:00 INFO    evtol_siting.data.heights      有标签覆盖率: 8.4% -> 融合后覆盖率: 100.0%
20:54:00 INFO    evtol_siting.data.rasters  人口栅格已存在: evtol_siting\data\raw\population\chengdu_population_100m.tif
20:54:00 INFO    evtol_siting.data.rasters  收入代理数据已存在: evtol_siting\data\raw\income\chengdu_income_proxy.gpkg
20:54:00 INFO    evtol_siting.pipeline      收入代理已载入: 6716 个点（EPSG:4326）
20:54:00 INFO    evtol_siting.data.rasters  DEM 已存在: evtol_siting\data\raw\dem\chengdu_dem_30m.tif
20:54:03 INFO    evtol_siting.data.rasters  坡度栅格已生成: evtol_siting\data\interim\chengdu_slope.tif
20:54:03 INFO    evtol_siting.geo           栅格化完成: 单元边长 500 m, 单元数 2519, 覆盖 629.8 km²
20:54:03 INFO    evtol_siting.stage1_candidates 屋顶型筛选: 1430 / 69675 栋建筑满足 h>=20m 且 A_roof>=1600m² (2.05%)
20:54:03 INFO    evtol_siting.stage1_candidates   排除 用地类型: 30 个单元（1.2%）
20:54:03 INFO    evtol_siting.stage1_candidates   排除 水域: 55 个单元（2.2%）
20:54:03 INFO    evtol_siting.stage1_candidates   建筑覆盖率判据 (max=0.55): 剔除 4 个单元（保留 2430）；覆盖率中位数 0.05
20:54:03 INFO    evtol_siting.stage1_candidates 坡度判据: 2419 / 2430 单元满足 slope<=15° (剔除 11)
20:54:03 INFO    evtol_siting.stage1_candidates 地面型筛选: 2419 个候选（用地排除 -100，坡度排除后）
20:54:04 INFO    evtol_siting.stage1_candidates 地面型候选已按路网可达性重新评分（中位距离 91 m）
20:54:04 INFO    evtol_siting.stage1_candidates 已为 1430 个缺少 cell_id 的候选（屋顶型）补齐所属栅格单元（补齐后 3759/3849 有 cell_id）
20:54:04 INFO    evtol_siting.stage1_candidates   90 个候选落在栅格之外，改用坐标分桶作为 cell_id
20:54:04 INFO    evtol_siting.stage1_candidates   口径 all_aeroway：1298 个非直升要素全部按运输机场处理
20:54:04 INFO    evtol_siting.stage1_candidates   机场净空区（含民用） (r=4000m): 剔除 1472 个候选（占 38.2%）
20:54:04 INFO    evtol_siting.stage1_candidates   既有直升机场 (r=1000m): 剔除 177 个候选（占 4.6%）
20:54:04 INFO    evtol_siting.stage1_candidates 安全排除后剩余 2334 个候选（原有 3849）
20:54:04 INFO    evtol_siting.stage1_candidates   [ground] 类别内稀释: 1571 -> 1571
20:54:04 INFO    evtol_siting.stage1_candidates   [rooftop] 类别内稀释: 693 -> 258
20:54:04 INFO    evtol_siting.stage1_candidates 密度稀释 (c_min=500m, 每栅格<=3): 2334 -> 1324 个候选 （配额 -70，类别内间距 -435，跨类别冲突 -505）；构成: {'ground': 1067, 'rooftop': 257}
20:54:04 INFO    evtol_siting.stage1_candidates 阶段一完成: 1324 个候选起降场（屋顶型 257，地面型 1067）
20:54:04 INFO    export_3d                  运行阶段二：K-Means 人群分类
20:54:04 INFO    evtol_siting.pipeline      ============================================================
20:54:04 INFO    evtol_siting.pipeline      阶段二：K-means 人群分类与需求空间化
20:54:04 INFO    evtol_siting.pipeline      ============================================================
20:54:04 INFO    evtol_siting.data.dasymetric 人口栅格分辨率 80 m 细于需求格网 500 m —— 分区求和已是正确的格网人口总量，**体积重分配在此不产生作用**，直接使用分区求和。（体积权重的价值在于把人口摊到建筑上做更细的分析，需 force=True）
20:54:04 WARNING evtol_siting.data.dasymetric 退化为按分区求和（假设人口在格网内均匀分布）
20:54:09 INFO    evtol_siting.stage2_demand 人口分配方式对比（论文 Table 用）:
    method  total_population  n_nonzero_cells  mean_per_cell  std_per_cell       cv     max_cell  top1pct_share     gini
dasymetric      7.712263e+06             2517    3061.636823   2504.238782 0.817941 12360.637527       0.032418 0.458119
   uniform      7.712263e+06             2517    3061.636823   2504.238782 0.817941 12360.637527       0.032418 0.458119
20:54:09 INFO    evtol_siting.stage2_demand 人口: 合计 7712263 人，单元中位数 2567 人（来源: zonal_sum）
20:54:09 INFO    evtol_siting.stage2_demand 收入代理(RWI): 范围 [4.28, 94.31]，单元均值 28.593
20:54:09 INFO    evtol_siting.stage2_demand POI: 研究区内 7442 个，单元密度中位数 0 个/km²
20:54:14 INFO    evtol_siting.stage2_demand K 选择 (silhouette): K=5，得分 0.4742，各 K 得分 {3: 0.4713, 4: 0.4495, 5: 0.4742, 6: 0.4289, 7: 0.4336, 8: 0.4372}
20:54:14 INFO    evtol_siting.choice_model  收入阶梯（K=5）: 1,877  2,956  4,049  5,546  8,736
20:54:14 INFO    evtol_siting.choice_model  时间价值: 5.4  8.5  11.6  15.9  25.1 元/小时（对应月收入 1,877  2,956  4,049  5,546  8,736）
20:54:14 INFO    evtol_siting.choice_model  时间价值: 1.1  1.3  1.4  1.7  1.9  2.2  2.5  2.9  3.3  3.8  4.4  5.0  5.8  6.6  7.6  8.8  10.1  11.6  13.3  15.3  17.6  20.2  23.2  26.7 元/小时（对应月收入 379  435  500  575  661  760  873  1,003  1,153  1,325  1,523  1,751  2,012  2,312  2,657  3,054  3,510  4,034  4,636  5,328  6,124  7,038  8,088  9,296）
20:54:14 INFO    evtol_siting.choice_model  时间价值: 1.7  2.0  2.3  2.6  3.0  3.4  4.0  4.5  5.2  6.0  6.9  7.9  9.1  10.5  12.0  13.8  15.9  18.3  21.0  24.1  27.7  31.9  36.6  42.1 元/小时（对应月收入 597  686  788  906  1,041  1,197  1,375  1,581  1,816  2,088  2,399  2,757  3,169  3,642  4,186  4,810  5,529  6,354  7,302  8,392  9,645  11,085  12,739  14,641）
20:54:14 INFO    evtol_siting.choice_model  时间价值: 2.3  2.7  3.1  3.6  4.1  4.7  5.4  6.2  7.1  8.2  9.4  10.9  12.5  14.3  16.5  18.9  21.8  25.0  28.7  33.0  38.0  43.6  50.1  57.6 元/小时（对应月收入 817  940  1,080  1,241  1,426  1,639  1,884  2,165  2,488  2,859  3,286  3,777  4,341  4,989  5,733  6,589  7,573  8,703  10,002  11,495  13,211  15,183  17,450  20,055）
20:54:14 INFO    evtol_siting.choice_model  时间价值: 3.2  3.7  4.3  4.9  5.6  6.5  7.4  8.5  9.8  11.3  12.9  14.9  17.1  19.6  22.6  25.9  29.8  34.3  39.4  45.2  52.0  59.8  68.7  78.9 元/小时（对应月收入 1,120  1,287  1,479  1,700  1,954  2,245  2,580  2,965  3,408  3,917  4,502  5,173  5,946  6,833  7,853  9,026  10,373  11,921  13,701  15,746  18,097  20,798  23,902  27,470）
20:54:14 INFO    evtol_siting.choice_model  时间价值: 5.1  5.8  6.7  7.7  8.8  10.2  11.7  13.4  15.4  17.7  20.4  23.4  26.9  30.9  35.5  40.9  46.9  54.0  62.0  71.3  81.9  94.1  108.2  124.3 元/小时（对应月收入 1,764  2,027  2,330  2,677  3,077  3,536  4,064  4,671  5,368  6,169  7,090  8,149  9,365  10,763  12,369  14,216  16,338  18,777  21,580  24,801  28,503  32,758  37,648  43,267）
20:54:14 INFO    evtol_siting.choice_model  选择模型 [区域内积分（σ_within=0.4）]: 出行 15 km（单点），地面 55 分钟 / 57 元，eVTOL 24 分钟 / 130 元，节省 31 分钟；采用概率 0.0565–0.0865（类间比 1.53）
20:54:14 INFO    evtol_siting.choice_model  各类人群采用概率:
 cluster  monthly_income_cny  vot_cny_per_h  p_evtol  demand_rate
       3              1877.0           5.39  0.05645     0.005645
       0              2956.0           8.49  0.06033     0.006033
       1              4049.0          11.64  0.06455     0.006455
       2              5546.0          15.94  0.07085     0.007085
       4              8736.0          25.10  0.08655     0.008655
20:54:14 INFO    evtol_siting.stage2_demand K-means 聚类完成: K=5，总需求 50339 次/日，总人口 7712263 人
20:54:14 INFO    evtol_siting.stage2_demand 类画像:
 cluster  n_cells   population  income_mean  poi_density_mean  trip_rate  monthly_income_cny  vot_cny_per_h  p_evtol  demand_trips_per_day k_selection
       3      911 1.274286e+06    15.458149          1.242591   0.005645              1877.0           5.39  0.05645           7193.345774  silhouette
       0      916 2.953990e+06    31.667580          4.310044   0.006033              2956.0           8.49  0.06033          17821.419612  silhouette
       1      311 1.804357e+06    33.630300         41.273312   0.006455              4049.0          11.64  0.06455          11647.124043  silhouette
       2       81 5.478822e+05    40.350918        106.123457   0.007085              5546.0          15.94  0.07085           3881.745275  silhouette
       4      300 1.131748e+06    50.690864         10.853333   0.008655              8736.0          25.10  0.08655           9795.280187  silhouette
20:54:14 INFO    export_3d                  运行阶段三：0-1 整数规划
20:54:14 INFO    evtol_siting.pipeline      ============================================================
20:54:14 INFO    evtol_siting.pipeline      阶段三：0-1 整数规划选址
20:54:14 INFO    evtol_siting.pipeline      ============================================================
20:54:14 INFO    evtol_siting.stage3_ip     [cost_priority] 需求单元 2519 个（核心 1008 个，阈值 分位数 0.60（>=21.0 次/日）），候选 1324 个，接驳时间预算 15.0 分钟，设施上限 20
20:54:15 INFO    evtol_siting.stage3_ip     [cost_priority] 最优解: 10 个起降场，总成本 3.13 亿元，需求覆盖率 96.2%，人口覆盖率 95.9%（耗时 1.08s）
20:54:15 INFO    evtol_siting.stage3_ip     [coverage_priority] 需求单元 2519 个（核心 1008 个，阈值 分位数 0.60（>=21.0 次/日）），候选 1324 个，接驳时间预算 15.0 分钟，设施上限 35
20:54:16 INFO    evtol_siting.stage3_ip     [coverage_priority] 最优解: 10 个起降场，总成本 4.59 亿元，需求覆盖率 96.6%，人口覆盖率 96.2%（耗时 0.47s）
20:54:16 INFO    evtol_siting.stage3_ip     阶段三完成: 2 个情景求解成功（cost_priority=Optimal, coverage_priority=Optimal）
20:54:16 INFO    export_3d                  运行阶段四：NSGA-II 多目标优化
20:54:16 INFO    evtol_siting.pipeline      ============================================================
20:54:16 INFO    evtol_siting.pipeline      阶段四：NSGA-II 多目标优化
20:54:16 INFO    evtol_siting.pipeline      ============================================================
20:54:16 INFO    evtol_siting.stage4_nsga2  问题实例: 2519 个需求单元（核心 1008），1324 个候选；接驳预算 15.0 分钟；单点最大可覆盖 299 个核心单元（占核心 29.7%）
20:54:16 INFO    evtol_siting.pipeline      已注入 2 个 IP 最优解作为初始种群种子
20:54:16 INFO    evtol_siting.nsga2_core    初始种群: 100 个个体 × 1324 维，站点数 区间 (12, 400)（区间初始化，自由规模）
20:54:16 INFO    evtol_siting.nsga2_core      第   0 代: 前沿  90 个解, HV=5.01e+08, 最优目标1=0, 累计评估 168
20:54:18 INFO    evtol_siting.nsga2_core      第  10 代: 前沿 100 个解, HV=5.01e+08, 最优目标1=0, 累计评估 656
20:54:19 INFO    evtol_siting.nsga2_core      第  20 代: 前沿 100 个解, HV=5.011e+08, 最优目标1=0, 累计评估 1153
20:54:20 INFO    evtol_siting.nsga2_core      第  30 代: 前沿 100 个解, HV=5.011e+08, 最优目标1=0, 累计评估 1690
20:54:22 INFO    evtol_siting.nsga2_core      第  40 代: 前沿 100 个解, HV=5.011e+08, 最优目标1=0, 累计评估 2252
20:54:23 INFO    evtol_siting.nsga2_core      第  50 代: 前沿 100 个解, HV=5.011e+08, 最优目标1=0, 累计评估 2841
20:54:25 INFO    evtol_siting.nsga2_core      第  60 代: 前沿 100 个解, HV=5.014e+08, 最优目标1=0, 累计评估 3472
20:54:26 INFO    evtol_siting.nsga2_core      第  70 代: 前沿 100 个解, HV=5.014e+08, 最优目标1=0, 累计评估 4111
20:54:28 INFO    evtol_siting.nsga2_core      第  80 代: 前沿 100 个解, HV=5.014e+08, 最优目标1=0, 累计评估 4765
20:54:29 INFO    evtol_siting.nsga2_core      第  90 代: 前沿 100 个解, HV=5.014e+08, 最优目标1=0, 累计评估 5455
20:54:31 INFO    evtol_siting.nsga2_core      第  99 代: 前沿 100 个解, HV=5.016e+08, 最优目标1=0, 累计评估 6102
20:54:31 INFO    export_3d                  计算方案指标与单目标基线对比
20:54:31 INFO    evtol_siting.pipeline      ============================================================
20:54:31 INFO    evtol_siting.pipeline      评价：方案指标与基线对比
20:54:31 INFO    evtol_siting.pipeline      ============================================================
20:54:31 INFO    evtol_siting.baselines     基线求解：13 个 MILP，6 路并发（本机 20 核）
20:54:32 INFO    evtol_siting.baselines     [set_covering] -> 10 个设施，耗时 1.0s
20:54:42 INFO    evtol_siting.baselines     [max_coverage_p20] p=20 -> 18 个设施，覆盖需求 50339，耗时 9.6s
20:54:43 INFO    evtol_siting.baselines     [p_median_p10] p=10: 2519 个需求单元 × 1324 近邻 = 327541 个分配变量
20:54:46 INFO    evtol_siting.baselines     [p_median_p20] p=20: 2519 个需求单元 × 1324 近邻 = 327541 个分配变量
20:54:56 INFO    evtol_siting.baselines     [p_median_p30] p=30: 2519 个需求单元 × 1324 近邻 = 327541 个分配变量
20:55:01 INFO    evtol_siting.baselines     [p_center_p20] p=20 -> 11 个设施，最大接驳时间 13.61 分钟，耗时 30.0s
20:55:03 INFO    evtol_siting.baselines     [p_center_p30] p=30 -> 11 个设施，最大接驳时间 13.61 分钟，耗时 2.1s
20:55:05 INFO    evtol_siting.baselines     [max_coverage_p30] p=30 -> 26 个设施，覆盖需求 50339，耗时 1.5s
20:55:12 INFO    evtol_siting.baselines     [p_median_p40] p=40: 2519 个需求单元 × 1324 近邻 = 327541 个分配变量
20:55:14 INFO    evtol_siting.baselines     [p_center_p10] p=10 -> 10 个设施，最大接驳时间 14.38 分钟，耗时 42.7s
20:55:19 INFO    evtol_siting.baselines     [p_center_p40] p=40 -> 11 个设施，最大接驳时间 13.61 分钟，耗时 4.5s
20:55:20 INFO    evtol_siting.baselines     [max_coverage_p40] p=40 -> 26 个设施，覆盖需求 50339，耗时 1.7s
20:57:43 INFO    evtol_siting.baselines     [max_coverage_p10] p=10 -> 10 个设施，覆盖需求 49612，耗时 192.0s
20:59:23 INFO    evtol_siting.baselines     [p_median_p30] p=30 -> 30 个设施，目标 351685.8，耗时 280.8s
21:00:09 INFO    evtol_siting.baselines     [p_median_p20] p=20 -> 20 个设施，目标 393836.6，耗时 338.2s
21:06:16 INFO    evtol_siting.baselines     [p_median_p40] p=40 -> 40 个设施，目标 330077.8，耗时 671.4s
21:30:20 WARNING evtol_siting.baselines     [p_median_p10] 求解状态 Not Solved
21:30:21 WARNING evtol_siting.baselines     [p_median_p10] 求解状态 Not Solved
21:30:21 INFO    evtol_siting.baselines     [p_median_p10] p=10 -> 0 个设施，目标 507005.5，耗时 2149.2s
21:30:21 INFO    evtol_siting.baselines     基线求解完成: 12/13 成功，墙钟 2149s
21:30:21 INFO    evtol_siting.baselines     基线结果已缓存: baselines_82d0ee4d57ba7c5f8d811f510883fd62.json
21:30:21 INFO    evtol_siting.pipeline      方案对比表:
                         label  n_sites  n_rooftop  n_ground  total_cost_cny  mean_cost_per_site_cny  ...  group_1_access_time_min  group_2_access_time_min  group_3_access_time_min  group_4_access_time_min  income_quintile_gap_min  income_quintile_gini
     Baseline:max_coverage_p40       26          8        18    1.290152e+09            4.962124e+07  ...                 9.211908                 8.693849                 8.838221                 8.779532                 0.671742              0.016299
  NSGA-II:best_unserved_demand      311         60       251    1.664278e+10            5.351375e+07  ...                 6.093016                 5.561068                 5.437684                 6.064836                 0.807409              0.027486
NSGA-II:best_total_access_time      316         60       256    1.692778e+10            5.356891e+07  ...                 6.093016                 5.561068                 5.428704                 6.064836                 0.822476              0.028123
         NSGA-II:best_inequity      311         60       251    1.664278e+10            5.351375e+07  ...                 6.093016                 5.561068                 5.437684                 6.064836                 0.807409              0.027486
     Baseline:max_coverage_p30       26          8        18    1.358461e+09            5.224850e+07  ...                10.040991                 9.548067                 8.625807                 8.779965                 1.393897              0.027649
     Baseline:max_coverage_p20       18          7        11    1.001047e+09            5.561375e+07  ...                10.234628                 9.443546                 9.633193                 9.166832                 0.522903              0.010786
         Baseline:p_median_p20       20          5        15    1.173429e+09            5.867143e+07  ...                 7.614561                 7.023272                 8.709946                 7.526806                 1.789779              0.042733
         Baseline:p_median_p40       40         16        24    2.053635e+09            5.134088e+07  ...                 6.483768                 5.621755                 7.467732                 6.325987                 2.243308              0.061368
         Baseline:p_median_p30       30          9        21    1.595377e+09            5.317925e+07  ...                 6.907878                 6.006490                 7.949313                 6.931315                 2.221618              0.056503
                NSGA-II:TOPSIS       25          6        19    1.286141e+09            5.144563e+07  ...                 8.617780                 8.584385                 8.466374                 7.925526                 1.119672              0.028247
                  NSGA-II:knee       19         10         9    8.234463e+08            4.333928e+07  ...                 9.076037                 8.922725                 9.487279                 8.980760                 1.155337              0.023078
     Baseline:max_coverage_p10       10          4         6    4.681146e+08            4.681146e+07  ...                10.419875                10.163654                10.119508                 9.807411                 0.542448              0.009932
         Baseline:p_center_p20       11          4         7    6.110598e+08            5.555090e+07  ...                 9.039217                 9.808476                 9.544094                 8.762907                 1.668551              0.032411
         Baseline:p_center_p30       11          4         7    6.110598e+08            5.555090e+07  ...                 9.039217                 9.808476                 9.544094                 8.762907                 1.668551              0.032411
         Baseline:p_center_p40       11          4         7    6.110598e+08            5.555090e+07  ...                 9.039217                 9.808476                 9.544094                 8.762907                 1.668551              0.032411
         Baseline:p_center_p10       10          4         6    5.331250e+08            5.331250e+07  ...                 9.781441                 9.273551                10.138978                 9.000623                 1.298579              0.027783
         Baseline:set_covering       10          1         9    5.385700e+08            5.385700e+07  ...                 9.341403                 9.110679                10.236717                10.014932                 1.036900              0.019167
          IP:coverage_priority       10          7         3    4.592612e+08            4.592612e+07  ...                10.133863                10.011654                10.517035                 8.997909                 2.150556              0.036613
       NSGA-II:best_total_cost       10          9         1    3.127838e+08            3.127838e+07  ...                 9.486138                10.527730                10.172980                 9.621782                 1.594325              0.027398
              IP:cost_priority       10          9         1    3.127838e+08            3.127838e+07  ...                 9.486138                10.527730                10.172980                 9.621782                 1.594325              0.027398
21:30:21 INFO    evtol_siting.viz3d         研究区边界已导出
21:30:21 INFO    evtol_siting.viz3d         候选点已导出: 屋顶型 257，地面型 1067
21:30:21 INFO    evtol_siting.viz3d         需求单元 2519 个、人群类 5 个已导出
21:30:21 INFO    evtol_siting.viz3d         帕累托前沿 100 个解已导出
21:30:21 INFO    evtol_siting.viz3d         三维数据包已导出: evtol_siting\viz3d\evtol_data.js (0.37 MB)
21:30:21 INFO    evtol_siting.pipeline      结果已保存到 evtol_siting\outputs\data
21:30:21 INFO    export_3d                  ======================================================================
21:30:21 INFO    export_3d                   完成。打开三维视图：
21:30:21 INFO    export_3d                     evtol_siting\viz3d\chengdu_evtol_3d.html
21:30:21 INFO    export_3d                   数据: evtol_data.js
21:30:21 INFO    export_3d                  ======================================================================
17:00:17 INFO    root                       token 已写入 cesium_token.js（<已省略>…，181 字符）
17:00:18 INFO    export_3d                  运行阶段一：候选起降场筛选
17:00:18 INFO    evtol_siting.pipeline      ============================================================
17:00:18 INFO    evtol_siting.pipeline      阶段一：基于 GIS 的候选起降场筛选
17:00:18 INFO    evtol_siting.pipeline      ============================================================
17:00:18 INFO    evtol_siting.pipeline      解析 PBF 提取包: sichuan-latest.osm.pbf
17:00:27 INFO    evtol_siting.data.pbf        已扫描 200000 个候选要素…
17:00:36 INFO    evtol_siting.data.pbf        已扫描 400000 个候选要素…
17:00:44 INFO    evtol_siting.data.pbf        已扫描 600000 个候选要素…
17:00:53 INFO    evtol_siting.data.pbf        已扫描 800000 个候选要素…
17:00:59 INFO    evtol_siting.data.pbf        buildings          69675 个要素
17:00:59 INFO    evtol_siting.data.pbf        poi                 8159 个要素
17:01:00 INFO    evtol_siting.data.pbf        roads              42272 个要素
17:01:00 INFO    evtol_siting.data.pbf        landuse             8430 个要素
17:01:00 INFO    evtol_siting.data.pbf        water               2252 个要素
17:01:00 INFO    evtol_siting.data.pbf        airports            1364 个要素
17:01:00 INFO    evtol_siting.data.pbf      PBF 解析完成（扫描 921830 个候选要素，输出 6 个图层）
17:01:00 INFO    evtol_siting.data.rasters  建筑高度栅格已存在: evtol_siting\data\raw\height\chengdu_building_height_10m.tif
17:01:02 INFO    evtol_siting.data.heights  高度栅格提供了 49162 栋建筑的高度（覆盖 70.6%）
17:01:02 INFO    evtol_siting.data.heights  分位数回归填补了 14650 栋建筑的高度（中位数 18.6 m）
17:01:02 INFO    evtol_siting.data.heights  高度融合结果（共 69675 栋）:
    raster_height     70.6%
    imputed           21.0%
    osm_levels         7.3%
    osm_height         1.1%
17:01:02 INFO    evtol_siting.data.heights      有标签覆盖率: 8.4% -> 融合后覆盖率: 100.0%
17:01:02 INFO    evtol_siting.data.rasters  人口栅格已存在: evtol_siting\data\raw\population\chengdu_population_100m.tif
17:01:02 INFO    evtol_siting.data.rasters  收入代理数据已存在: evtol_siting\data\raw\income\chengdu_income_proxy.gpkg
17:01:03 INFO    evtol_siting.pipeline      收入代理已载入: 6716 个点（EPSG:4326）
17:01:03 INFO    evtol_siting.data.rasters  DEM 已存在: evtol_siting\data\raw\dem\chengdu_dem_30m.tif
17:01:06 INFO    evtol_siting.data.rasters  坡度栅格已生成: evtol_siting\data\interim\chengdu_slope.tif
17:01:06 INFO    evtol_siting.geo           栅格化完成: 单元边长 500 m, 单元数 2519, 覆盖 629.8 km²
17:01:06 INFO    evtol_siting.stage1_candidates 屋顶型筛选: 1430 / 69675 栋建筑满足 h>=20m 且 A_roof>=1600m² (2.05%)
17:01:06 INFO    evtol_siting.stage1_candidates   排除 用地类型: 30 个单元（1.2%）
17:01:06 INFO    evtol_siting.stage1_candidates   排除 水域: 55 个单元（2.2%）
17:01:06 INFO    evtol_siting.stage1_candidates   建筑覆盖率判据 (max=0.55): 剔除 4 个单元（保留 2430）；覆盖率中位数 0.05
17:01:06 INFO    evtol_siting.stage1_candidates 坡度判据: 2419 / 2430 单元满足 slope<=15° (剔除 11)
17:01:06 INFO    evtol_siting.stage1_candidates 地面型筛选: 2419 个候选（用地排除 -100，坡度排除后）
17:01:06 INFO    evtol_siting.stage1_candidates 地面型候选已按路网可达性重新评分（中位距离 91 m）
17:01:06 INFO    evtol_siting.stage1_candidates 已为 1430 个缺少 cell_id 的候选（屋顶型）补齐所属栅格单元（补齐后 3759/3849 有 cell_id）
17:01:06 INFO    evtol_siting.stage1_candidates   90 个候选落在栅格之外，改用坐标分桶作为 cell_id
17:01:06 INFO    evtol_siting.stage1_candidates   口径 all_aeroway：1298 个非直升要素全部按运输机场处理
17:01:06 INFO    evtol_siting.stage1_candidates   机场净空区（含民用） (r=4000m): 剔除 1472 个候选（占 38.2%）
17:01:06 INFO    evtol_siting.stage1_candidates   既有直升机场 (r=1000m): 剔除 177 个候选（占 4.6%）
17:01:06 INFO    evtol_siting.stage1_candidates 安全排除后剩余 2334 个候选（原有 3849）
17:01:07 INFO    evtol_siting.stage1_candidates   [ground] 类别内稀释: 1571 -> 1571
17:01:07 INFO    evtol_siting.stage1_candidates   [rooftop] 类别内稀释: 693 -> 258
17:01:07 INFO    evtol_siting.stage1_candidates 密度稀释 (c_min=500m, 每栅格<=3): 2334 -> 1324 个候选 （配额 -70，类别内间距 -435，跨类别冲突 -505）；构成: {'ground': 1067, 'rooftop': 257}
17:01:07 INFO    evtol_siting.stage1_candidates 阶段一完成: 1324 个候选起降场（屋顶型 257，地面型 1067）
17:01:07 INFO    export_3d                  运行阶段二：K-Means 人群分类
17:01:07 INFO    evtol_siting.pipeline      ============================================================
17:01:07 INFO    evtol_siting.pipeline      阶段二：K-means 人群分类与需求空间化
17:01:07 INFO    evtol_siting.pipeline      ============================================================
17:01:07 INFO    evtol_siting.data.dasymetric 人口栅格分辨率 80 m 细于需求格网 500 m —— 分区求和已是正确的格网人口总量，**体积重分配在此不产生作用**，直接使用分区求和。（体积权重的价值在于把人口摊到建筑上做更细的分析，需 force=True）
17:01:07 WARNING evtol_siting.data.dasymetric 退化为按分区求和（假设人口在格网内均匀分布）
17:01:12 INFO    evtol_siting.stage2_demand 人口分配方式对比（论文 Table 用）:
    method  total_population  n_nonzero_cells  mean_per_cell  std_per_cell       cv     max_cell  top1pct_share     gini
dasymetric      7.712263e+06             2517    3061.636823   2504.238782 0.817941 12360.637527       0.032418 0.458119
   uniform      7.712263e+06             2517    3061.636823   2504.238782 0.817941 12360.637527       0.032418 0.458119
17:01:12 INFO    evtol_siting.stage2_demand 人口: 合计 7712263 人，单元中位数 2567 人（来源: zonal_sum）
17:01:13 INFO    evtol_siting.stage2_demand 收入代理(RWI): 范围 [4.28, 94.31]，单元均值 28.593
17:01:14 INFO    evtol_siting.stage2_demand POI: 研究区内 7442 个，单元密度中位数 0 个/km²
17:01:20 INFO    evtol_siting.stage2_demand K 选择 (silhouette): K=5，得分 0.4742，各 K 得分 {3: 0.4713, 4: 0.4495, 5: 0.4742, 6: 0.4289, 7: 0.4336, 8: 0.4372}
17:01:20 INFO    evtol_siting.choice_model  收入阶梯（K=5）: 1,877  2,956  4,049  5,546  8,736
17:01:20 INFO    evtol_siting.choice_model  时间价值: 5.4  8.5  11.6  15.9  25.1 元/小时（对应月收入 1,877  2,956  4,049  5,546  8,736）
17:01:20 INFO    evtol_siting.choice_model  时间价值: 1.1  1.3  1.4  1.7  1.9  2.2  2.5  2.9  3.3  3.8  4.4  5.0  5.8  6.6  7.6  8.8  10.1  11.6  13.3  15.3  17.6  20.2  23.2  26.7 元/小时（对应月收入 379  435  500  575  661  760  873  1,003  1,153  1,325  1,523  1,751  2,012  2,312  2,657  3,054  3,510  4,034  4,636  5,328  6,124  7,038  8,088  9,296）
17:01:20 INFO    evtol_siting.choice_model  时间价值: 1.7  2.0  2.3  2.6  3.0  3.4  4.0  4.5  5.2  6.0  6.9  7.9  9.1  10.5  12.0  13.8  15.9  18.3  21.0  24.1  27.7  31.9  36.6  42.1 元/小时（对应月收入 597  686  788  906  1,041  1,197  1,375  1,581  1,816  2,088  2,399  2,757  3,169  3,642  4,186  4,810  5,529  6,354  7,302  8,392  9,645  11,085  12,739  14,641）
17:01:20 INFO    evtol_siting.choice_model  时间价值: 2.3  2.7  3.1  3.6  4.1  4.7  5.4  6.2  7.1  8.2  9.4  10.9  12.5  14.3  16.5  18.9  21.8  25.0  28.7  33.0  38.0  43.6  50.1  57.6 元/小时（对应月收入 817  940  1,080  1,241  1,426  1,639  1,884  2,165  2,488  2,859  3,286  3,777  4,341  4,989  5,733  6,589  7,573  8,703  10,002  11,495  13,211  15,183  17,450  20,055）
17:01:20 INFO    evtol_siting.choice_model  时间价值: 3.2  3.7  4.3  4.9  5.6  6.5  7.4  8.5  9.8  11.3  12.9  14.9  17.1  19.6  22.6  25.9  29.8  34.3  39.4  45.2  52.0  59.8  68.7  78.9 元/小时（对应月收入 1,120  1,287  1,479  1,700  1,954  2,245  2,580  2,965  3,408  3,917  4,502  5,173  5,946  6,833  7,853  9,026  10,373  11,921  13,701  15,746  18,097  20,798  23,902  27,470）
17:01:20 INFO    evtol_siting.choice_model  时间价值: 5.1  5.8  6.7  7.7  8.8  10.2  11.7  13.4  15.4  17.7  20.4  23.4  26.9  30.9  35.5  40.9  46.9  54.0  62.0  71.3  81.9  94.1  108.2  124.3 元/小时（对应月收入 1,764  2,027  2,330  2,677  3,077  3,536  4,064  4,671  5,368  6,169  7,090  8,149  9,365  10,763  12,369  14,216  16,338  18,777  21,580  24,801  28,503  32,758  37,648  43,267）
17:01:20 INFO    evtol_siting.choice_model  选择模型 [区域内积分（σ_within=0.4）]: 出行 15 km（单点），地面 55 分钟 / 57 元，eVTOL 24 分钟 / 130 元，节省 31 分钟；采用概率 0.0565–0.0865（类间比 1.53）
17:01:20 INFO    evtol_siting.choice_model  各类人群采用概率:
 cluster  monthly_income_cny  vot_cny_per_h  p_evtol  demand_rate
       3              1877.0           5.39  0.05645     0.005645
       0              2956.0           8.49  0.06033     0.006033
       1              4049.0          11.64  0.06455     0.006455
       2              5546.0          15.94  0.07085     0.007085
       4              8736.0          25.10  0.08655     0.008655
17:01:20 INFO    evtol_siting.stage2_demand K-means 聚类完成: K=5，总需求 50339 次/日，总人口 7712263 人
17:01:20 INFO    evtol_siting.stage2_demand 类画像:
 cluster  n_cells   population  income_mean  poi_density_mean  trip_rate  monthly_income_cny  vot_cny_per_h  p_evtol  demand_trips_per_day k_selection
       3      911 1.274286e+06    15.458149          1.242591   0.005645              1877.0           5.39  0.05645           7193.345774  silhouette
       0      916 2.953990e+06    31.667580          4.310044   0.006033              2956.0           8.49  0.06033          17821.419612  silhouette
       1      311 1.804357e+06    33.630300         41.273312   0.006455              4049.0          11.64  0.06455          11647.124043  silhouette
       2       81 5.478822e+05    40.350918        106.123457   0.007085              5546.0          15.94  0.07085           3881.745275  silhouette
       4      300 1.131748e+06    50.690864         10.853333   0.008655              8736.0          25.10  0.08655           9795.280187  silhouette
17:01:20 INFO    export_3d                  运行阶段三：0-1 整数规划
17:01:20 INFO    evtol_siting.pipeline      ============================================================
17:01:20 INFO    evtol_siting.pipeline      阶段三：0-1 整数规划选址
17:01:20 INFO    evtol_siting.pipeline      ============================================================
17:01:20 INFO    evtol_siting.stage3_ip     [cost_priority] 需求单元 2519 个（核心 1008 个，阈值 分位数 0.60（>=21.0 次/日）），候选 1324 个，接驳时间预算 15.0 分钟，设施上限 20
17:01:21 INFO    evtol_siting.stage3_ip     [cost_priority] 最优解: 10 个起降场，总成本 3.13 亿元，需求覆盖率 96.2%，人口覆盖率 95.9%（耗时 1.10s）
17:01:21 INFO    evtol_siting.stage3_ip     [coverage_priority] 需求单元 2519 个（核心 1008 个，阈值 分位数 0.60（>=21.0 次/日）），候选 1324 个，接驳时间预算 15.0 分钟，设施上限 35
17:01:22 INFO    evtol_siting.stage3_ip     [coverage_priority] 最优解: 10 个起降场，总成本 4.59 亿元，需求覆盖率 96.6%，人口覆盖率 96.2%（耗时 0.48s）
17:01:22 INFO    evtol_siting.stage3_ip     阶段三完成: 2 个情景求解成功（cost_priority=Optimal, coverage_priority=Optimal）
17:01:22 INFO    export_3d                  运行阶段四：NSGA-II 多目标优化
17:01:22 INFO    evtol_siting.pipeline      ============================================================
17:01:22 INFO    evtol_siting.pipeline      阶段四：NSGA-II 多目标优化
17:01:22 INFO    evtol_siting.pipeline      ============================================================
17:01:22 INFO    evtol_siting.stage4_nsga2  问题实例: 2519 个需求单元（核心 1008），1324 个候选；接驳预算 15.0 分钟；单点最大可覆盖 299 个核心单元（占核心 29.7%）
17:01:22 INFO    evtol_siting.pipeline      已注入 2 个 IP 最优解作为初始种群种子
17:01:22 INFO    evtol_siting.nsga2_core    初始种群: 100 个个体 × 1324 维，站点数 区间 (12, 400)（区间初始化，自由规模）
17:01:22 INFO    evtol_siting.nsga2_core      第   0 代: 前沿  90 个解, HV=5.01e+08, 最优目标1=0, 累计评估 168
17:01:24 INFO    evtol_siting.nsga2_core      第  10 代: 前沿 100 个解, HV=5.01e+08, 最优目标1=0, 累计评估 656
17:01:25 INFO    evtol_siting.nsga2_core      第  20 代: 前沿 100 个解, HV=5.011e+08, 最优目标1=0, 累计评估 1153
17:01:26 INFO    evtol_siting.nsga2_core      第  30 代: 前沿 100 个解, HV=5.011e+08, 最优目标1=0, 累计评估 1690
17:01:28 INFO    evtol_siting.nsga2_core      第  40 代: 前沿 100 个解, HV=5.011e+08, 最优目标1=0, 累计评估 2252
17:01:29 INFO    evtol_siting.nsga2_core      第  50 代: 前沿 100 个解, HV=5.011e+08, 最优目标1=0, 累计评估 2841
17:01:31 INFO    evtol_siting.nsga2_core      第  60 代: 前沿 100 个解, HV=5.014e+08, 最优目标1=0, 累计评估 3472
17:01:32 INFO    evtol_siting.nsga2_core      第  70 代: 前沿 100 个解, HV=5.014e+08, 最优目标1=0, 累计评估 4111
17:01:34 INFO    evtol_siting.nsga2_core      第  80 代: 前沿 100 个解, HV=5.014e+08, 最优目标1=0, 累计评估 4765
17:01:35 INFO    evtol_siting.nsga2_core      第  90 代: 前沿 100 个解, HV=5.014e+08, 最优目标1=0, 累计评估 5455
17:01:37 INFO    evtol_siting.nsga2_core      第  99 代: 前沿 100 个解, HV=5.016e+08, 最优目标1=0, 累计评估 6102
17:01:37 INFO    export_3d                  计算方案指标与单目标基线对比
17:01:37 INFO    evtol_siting.pipeline      ============================================================
17:01:37 INFO    evtol_siting.pipeline      评价：方案指标与基线对比
17:01:37 INFO    evtol_siting.pipeline      ============================================================
17:01:37 INFO    evtol_siting.baselines     求解单目标基线：13 个模型（p 取值 [10, 20, 30, 40]），并行度 6
17:01:38 INFO    evtol_siting.baselines     [set_covering] -> 10 个设施（覆盖 1008 个可达单元），耗时 0.9s
17:01:51 INFO    evtol_siting.baselines     [p_median_p10] p=10: 2519 个需求单元 × 1324 可达候选 = 327541 个分配变量
17:01:51 INFO    evtol_siting.baselines     [max_coverage_p20] p=20 -> 20 个设施，覆盖需求 50338.9，耗时 12.5s
17:01:53 INFO    evtol_siting.baselines     [p_median_p20] p=20: 2519 个需求单元 × 1324 可达候选 = 327541 个分配变量
17:02:05 INFO    evtol_siting.baselines     [p_center_p20] p=20 -> 11 个设施，最差接驳 13.6138 min，耗时 28.0s
17:02:06 INFO    evtol_siting.baselines     [p_median_p30] p=30: 2519 个需求单元 × 1324 可达候选 = 327541 个分配变量
17:02:13 INFO    evtol_siting.baselines     [p_center_p30] p=30 -> 11 个设施，最差接驳 13.6138 min，耗时 7.3s
17:02:13 INFO    evtol_siting.baselines     [p_center_p10] p=10 -> 10 个设施，最差接驳 14.3842 min，耗时 35.9s
17:02:22 INFO    evtol_siting.baselines     [p_median_p40] p=40: 2519 个需求单元 × 1324 可达候选 = 327541 个分配变量
17:02:22 INFO    evtol_siting.baselines     [max_coverage_p30] p=30 -> 30 个设施，覆盖需求 50338.9，耗时 8.9s
17:02:29 INFO    evtol_siting.baselines     [p_center_p40] p=40 -> 11 个设施，最差接驳 13.6138 min，耗时 7.0s
17:02:37 INFO    evtol_siting.baselines     [max_coverage_p40] p=40 -> 39 个设施，覆盖需求 50338.9，耗时 8.2s
17:06:50 INFO    evtol_siting.baselines     [max_coverage_p10] p=10 -> 10 个设施，覆盖需求 49612.4，耗时 312.7s
17:08:12 INFO    evtol_siting.baselines     [p_median_p30] p=30 -> 30 个设施，总接驳 351685.8，耗时 381.0s
17:09:24 INFO    evtol_siting.baselines     [p_median_p20] p=20 -> 20 个设施，总接驳 393836.6，耗时 466.0s
17:21:41 INFO    evtol_siting.baselines     [p_median_p40] p=40 -> 40 个设施，总接驳 330077.8，耗时 1168.0s
17:51:14 WARNING evtol_siting.baselines     [p_median_p10] 求解状态 Not Solved
17:51:14 INFO    evtol_siting.baselines     [p_median_p10] p=10 -> 0 个设施，总接驳 507005.5，耗时 2977.0s
17:51:15 ERROR   evtol_siting.pipeline      基线求解失败: 'NoneType' object has no attribute 'feasible'
17:51:15 INFO    evtol_siting.pipeline      方案对比表:
                         label  n_sites  n_rooftop  n_ground  total_cost_cny  mean_cost_per_site_cny  ...  group_1_access_time_min  group_2_access_time_min  group_3_access_time_min  group_4_access_time_min  income_quintile_gap_min  income_quintile_gini
  NSGA-II:best_unserved_demand      311         60       251    1.664278e+10            5.351375e+07  ...                 6.093016                 5.561068                 5.437684                 6.064836                 0.807409              0.027486
NSGA-II:best_total_access_time      316         60       256    1.692778e+10            5.356891e+07  ...                 6.093016                 5.561068                 5.428704                 6.064836                 0.822476              0.028123
         NSGA-II:best_inequity      311         60       251    1.664278e+10            5.351375e+07  ...                 6.093016                 5.561068                 5.437684                 6.064836                 0.807409              0.027486
                NSGA-II:TOPSIS       25          6        19    1.286141e+09            5.144563e+07  ...                 8.617780                 8.584385                 8.466374                 7.925526                 1.119672              0.028247
                  NSGA-II:knee       19         10         9    8.234463e+08            4.333928e+07  ...                 9.076037                 8.922725                 9.487279                 8.980760                 1.155337              0.023078
          IP:coverage_priority       10          7         3    4.592612e+08            4.592612e+07  ...                10.133863                10.011654                10.517035                 8.997909                 2.150556              0.036613
              IP:cost_priority       10          9         1    3.127838e+08            3.127838e+07  ...                 9.486138                10.527730                10.172980                 9.621782                 1.594325              0.027398
       NSGA-II:best_total_cost       10          9         1    3.127838e+08            3.127838e+07  ...                 9.486138                10.527730                10.172980                 9.621782                 1.594325              0.027398
17:51:15 INFO    evtol_siting.viz3d         研究区边界已导出
17:51:15 INFO    evtol_siting.viz3d         候选点已导出: 屋顶型 257，地面型 1067
17:51:15 INFO    evtol_siting.viz3d         需求单元 2519 个、人群类 5 个已导出
17:51:15 INFO    evtol_siting.viz3d         帕累托前沿 100 个解已导出
17:51:15 INFO    evtol_siting.viz3d         三维数据包已导出: evtol_siting\viz3d\evtol_data.js (0.37 MB)
17:51:15 INFO    evtol_siting.pipeline      结果已保存到 evtol_siting\outputs\data
17:51:15 INFO    export_3d                  ======================================================================
17:51:15 INFO    export_3d                   完成。打开三维视图：
17:51:15 INFO    export_3d                     evtol_siting\viz3d\chengdu_evtol_3d.html
17:51:15 INFO    export_3d                   数据: evtol_data.js
17:51:15 INFO    export_3d                  ======================================================================
