00:29:03 INFO    figures                    图件输出目录: 论文稿件\图件
00:29:06 INFO    evtol_siting.data.pbf        airports            1364 个要素
00:29:06 INFO    evtol_siting.data.pbf      PBF 解析完成（扫描 3976 个候选要素，输出 1 个图层）
00:29:23 INFO    evtol_siting.viz.figures   图件已保存: fig01_study_area (PDF, PNG)
00:29:23 INFO    evtol_siting.viz.figures   图件已保存: fig02_height_fusion (PDF, PNG)
00:29:24 INFO    evtol_siting.choice_model  收入阶梯（K=7）: 1,868  2,799  3,613  4,500  5,605  7,236  10,840
00:29:24 INFO    evtol_siting.choice_model  时间价值: 5.4  8.0  10.4  12.9  16.1  20.8  31.1 元/小时（对应月收入 1,868  2,799  3,613  4,500  5,605  7,236  10,840）
00:29:24 INFO    evtol_siting.choice_model  时间价值: 1.1  1.2  1.4  1.6  1.9  2.2  2.5  2.9  3.3  3.8  4.4  5.0  5.8  6.6  7.6  8.7  10.0  11.5  13.3  15.2  17.5  20.1  23.1  26.6 元/小时（对应月收入 377  433  498  573  658  756  869  999  1,148  1,319  1,516  1,743  2,003  2,302  2,645  3,040  3,494  4,015  4,615  5,304  6,095  7,005  8,051  9,253）
00:29:24 INFO    evtol_siting.choice_model  时间价值: 1.6  1.9  2.1  2.5  2.8  3.3  3.7  4.3  4.9  5.7  6.5  7.5  8.6  9.9  11.4  13.1  15.0  17.3  19.9  22.8  26.2  30.2  34.7  39.8 元/小时（对应月收入 565  649  746  858  986  1,133  1,302  1,496  1,720  1,976  2,271  2,610  3,000  3,448  3,963  4,554  5,234  6,015  6,913  7,945  9,131  10,494  12,061  13,861）
00:29:24 INFO    evtol_siting.choice_model  时间价值: 2.1  2.4  2.8  3.2  3.7  4.2  4.8  5.6  6.4  7.3  8.4  9.7  11.1  12.8  14.7  16.9  19.4  22.3  25.6  29.5  33.9  38.9  44.7  51.4 元/小时（对应月收入 729  838  963  1,107  1,272  1,462  1,681  1,932  2,220  2,551  2,932  3,370  3,873  4,451  5,115  5,879  6,756  7,765  8,924  10,256  11,787  13,547  15,569  17,893）
00:29:24 INFO    evtol_siting.choice_model  时间价值: 2.6  3.0  3.4  4.0  4.6  5.2  6.0  6.9  7.9  9.1  10.5  12.1  13.9  15.9  18.3  21.0  24.2  27.8  31.9  36.7  42.2  48.5  55.7  64.0 元/小时（对应月收入 909  1,044  1,200  1,379  1,585  1,822  2,094  2,406  2,765  3,178  3,652  4,198  4,824  5,544  6,372  7,323  8,416  9,673  11,116  12,776  14,683  16,875  19,394  22,289）
00:29:24 INFO    evtol_siting.choice_model  时间价值: 3.3  3.7  4.3  4.9  5.7  6.5  7.5  8.6  9.9  11.4  13.1  15.0  17.3  19.8  22.8  26.2  30.1  34.6  39.8  45.7  52.6  60.4  69.4  79.8 元/小时（对应月收入 1,132  1,301  1,495  1,718  1,974  2,269  2,608  2,997  3,445  3,959  4,550  5,229  6,009  6,906  7,937  9,122  10,484  12,049  13,847  15,914  18,290  21,020  24,158  27,764）
00:29:24 INFO    evtol_siting.choice_model  时间价值: 4.2  4.8  5.5  6.4  7.3  8.4  9.7  11.1  12.8  14.7  16.9  19.4  22.3  25.6  29.4  33.8  38.9  44.7  51.4  59.0  67.8  78.0  89.6  103.0 元/小时（对应月收入 1,461  1,679  1,930  2,218  2,549  2,929  3,366  3,869  4,446  5,110  5,873  6,750  7,757  8,915  10,246  11,775  13,533  15,553  17,875  20,543  23,610  27,134  31,185  35,840）
00:29:24 INFO    evtol_siting.choice_model  时间价值: 6.3  7.2  8.3  9.5  11.0  12.6  14.5  16.7  19.1  22.0  25.3  29.1  33.4  38.4  44.1  50.7  58.3  67.0  76.9  88.4  101.6  116.8  134.2  154.3 元/小时（对应月收入 2,189  2,515  2,891  3,322  3,818  4,388  5,043  5,796  6,661  7,655  8,798  10,111  11,621  13,355  15,349  17,640  20,273  23,300  26,778  30,775  35,369  40,648  46,716  53,690）
00:29:24 INFO    evtol_siting.choice_model  选择模型 [区域内积分（σ_within=0.4）]: 出行 15 km，地面 55 分钟 / 57 元，eVTOL 24 分钟 / 52 元，节省 31 分钟；采用概率 0.5749–0.7020（类间比 1.22）
00:29:24 INFO    evtol_siting.choice_model  各类人群采用概率:
 cluster  monthly_income_cny  vot_cny_per_h  p_evtol  demand_rate
       3              1868.0           5.37  0.57491     0.057491
       0              2799.0           8.04  0.58926     0.058926
       5              3613.0          10.38  0.60165     0.060165
       2              4500.0          12.93  0.61495     0.061495
       4              5605.0          16.11  0.63118     0.063118
       6              7236.0          20.79  0.65437     0.065437
       1             10840.0          31.15  0.70201     0.070201
00:29:24 INFO    evtol_siting.choice_model  收入阶梯（K=7）: 1,868  2,799  3,613  4,500  5,605  7,236  10,840
00:29:24 INFO    evtol_siting.choice_model  时间价值: 5.4  8.0  10.4  12.9  16.1  20.8  31.1 元/小时（对应月收入 1,868  2,799  3,613  4,500  5,605  7,236  10,840）
00:29:24 INFO    evtol_siting.choice_model  时间价值: 1.1  1.2  1.4  1.6  1.9  2.2  2.5  2.9  3.3  3.8  4.4  5.0  5.8  6.6  7.6  8.7  10.0  11.5  13.3  15.2  17.5  20.1  23.1  26.6 元/小时（对应月收入 377  433  498  573  658  756  869  999  1,148  1,319  1,516  1,743  2,003  2,302  2,645  3,040  3,494  4,015  4,615  5,304  6,095  7,005  8,051  9,253）
00:29:24 INFO    evtol_siting.choice_model  时间价值: 1.6  1.9  2.1  2.5  2.8  3.3  3.7  4.3  4.9  5.7  6.5  7.5  8.6  9.9  11.4  13.1  15.0  17.3  19.9  22.8  26.2  30.2  34.7  39.8 元/小时（对应月收入 565  649  746  858  986  1,133  1,302  1,496  1,720  1,976  2,271  2,610  3,000  3,448  3,963  4,554  5,234  6,015  6,913  7,945  9,131  10,494  12,061  13,861）
00:29:24 INFO    evtol_siting.choice_model  时间价值: 2.1  2.4  2.8  3.2  3.7  4.2  4.8  5.6  6.4  7.3  8.4  9.7  11.1  12.8  14.7  16.9  19.4  22.3  25.6  29.5  33.9  38.9  44.7  51.4 元/小时（对应月收入 729  838  963  1,107  1,272  1,462  1,681  1,932  2,220  2,551  2,932  3,370  3,873  4,451  5,115  5,879  6,756  7,765  8,924  10,256  11,787  13,547  15,569  17,893）
00:29:24 INFO    evtol_siting.choice_model  时间价值: 2.6  3.0  3.4  4.0  4.6  5.2  6.0  6.9  7.9  9.1  10.5  12.1  13.9  15.9  18.3  21.0  24.2  27.8  31.9  36.7  42.2  48.5  55.7  64.0 元/小时（对应月收入 909  1,044  1,200  1,379  1,585  1,822  2,094  2,406  2,765  3,178  3,652  4,198  4,824  5,544  6,372  7,323  8,416  9,673  11,116  12,776  14,683  16,875  19,394  22,289）
00:29:24 INFO    evtol_siting.choice_model  时间价值: 3.3  3.7  4.3  4.9  5.7  6.5  7.5  8.6  9.9  11.4  13.1  15.0  17.3  19.8  22.8  26.2  30.1  34.6  39.8  45.7  52.6  60.4  69.4  79.8 元/小时（对应月收入 1,132  1,301  1,495  1,718  1,974  2,269  2,608  2,997  3,445  3,959  4,550  5,229  6,009  6,906  7,937  9,122  10,484  12,049  13,847  15,914  18,290  21,020  24,158  27,764）
00:29:24 INFO    evtol_siting.choice_model  时间价值: 4.2  4.8  5.5  6.4  7.3  8.4  9.7  11.1  12.8  14.7  16.9  19.4  22.3  25.6  29.4  33.8  38.9  44.7  51.4  59.0  67.8  78.0  89.6  103.0 元/小时（对应月收入 1,461  1,679  1,930  2,218  2,549  2,929  3,366  3,869  4,446  5,110  5,873  6,750  7,757  8,915  10,246  11,775  13,533  15,553  17,875  20,543  23,610  27,134  31,185  35,840）
00:29:24 INFO    evtol_siting.choice_model  时间价值: 6.3  7.2  8.3  9.5  11.0  12.6  14.5  16.7  19.1  22.0  25.3  29.1  33.4  38.4  44.1  50.7  58.3  67.0  76.9  88.4  101.6  116.8  134.2  154.3 元/小时（对应月收入 2,189  2,515  2,891  3,322  3,818  4,388  5,043  5,796  6,661  7,655  8,798  10,111  11,621  13,355  15,349  17,640  20,273  23,300  26,778  30,775  35,369  40,648  46,716  53,690）
00:29:24 INFO    evtol_siting.choice_model  选择模型 [区域内积分（σ_within=0.4）]: 出行 15 km，地面 55 分钟 / 57 元，eVTOL 24 分钟 / 78 元，节省 31 分钟；采用概率 0.3236–0.4589（类间比 1.42）
00:29:24 INFO    evtol_siting.choice_model  各类人群采用概率:
 cluster  monthly_income_cny  vot_cny_per_h  p_evtol  demand_rate
       3              1868.0           5.37  0.32356     0.032356
       0              2799.0           8.04  0.33678     0.033678
       5              3613.0          10.38  0.34857     0.034857
       2              4500.0          12.93  0.36164     0.036164
       4              5605.0          16.11  0.37820     0.037820
       6              7236.0          20.79  0.40305     0.040305
       1             10840.0          31.15  0.45888     0.045888
00:29:24 INFO    evtol_siting.choice_model  收入阶梯（K=7）: 1,868  2,799  3,613  4,500  5,605  7,236  10,840
00:29:24 INFO    evtol_siting.choice_model  时间价值: 5.4  8.0  10.4  12.9  16.1  20.8  31.1 元/小时（对应月收入 1,868  2,799  3,613  4,500  5,605  7,236  10,840）
00:29:24 INFO    evtol_siting.choice_model  时间价值: 1.1  1.2  1.4  1.6  1.9  2.2  2.5  2.9  3.3  3.8  4.4  5.0  5.8  6.6  7.6  8.7  10.0  11.5  13.3  15.2  17.5  20.1  23.1  26.6 元/小时（对应月收入 377  433  498  573  658  756  869  999  1,148  1,319  1,516  1,743  2,003  2,302  2,645  3,040  3,494  4,015  4,615  5,304  6,095  7,005  8,051  9,253）
00:29:24 INFO    evtol_siting.choice_model  时间价值: 1.6  1.9  2.1  2.5  2.8  3.3  3.7  4.3  4.9  5.7  6.5  7.5  8.6  9.9  11.4  13.1  15.0  17.3  19.9  22.8  26.2  30.2  34.7  39.8 元/小时（对应月收入 565  649  746  858  986  1,133  1,302  1,496  1,720  1,976  2,271  2,610  3,000  3,448  3,963  4,554  5,234  6,015  6,913  7,945  9,131  10,494  12,061  13,861）
00:29:24 INFO    evtol_siting.choice_model  时间价值: 2.1  2.4  2.8  3.2  3.7  4.2  4.8  5.6  6.4  7.3  8.4  9.7  11.1  12.8  14.7  16.9  19.4  22.3  25.6  29.5  33.9  38.9  44.7  51.4 元/小时（对应月收入 729  838  963  1,107  1,272  1,462  1,681  1,932  2,220  2,551  2,932  3,370  3,873  4,451  5,115  5,879  6,756  7,765  8,924  10,256  11,787  13,547  15,569  17,893）
00:29:24 INFO    evtol_siting.choice_model  时间价值: 2.6  3.0  3.4  4.0  4.6  5.2  6.0  6.9  7.9  9.1  10.5  12.1  13.9  15.9  18.3  21.0  24.2  27.8  31.9  36.7  42.2  48.5  55.7  64.0 元/小时（对应月收入 909  1,044  1,200  1,379  1,585  1,822  2,094  2,406  2,765  3,178  3,652  4,198  4,824  5,544  6,372  7,323  8,416  9,673  11,116  12,776  14,683  16,875  19,394  22,289）
00:29:24 INFO    evtol_siting.choice_model  时间价值: 3.3  3.7  4.3  4.9  5.7  6.5  7.5  8.6  9.9  11.4  13.1  15.0  17.3  19.8  22.8  26.2  30.1  34.6  39.8  45.7  52.6  60.4  69.4  79.8 元/小时（对应月收入 1,132  1,301  1,495  1,718  1,974  2,269  2,608  2,997  3,445  3,959  4,550  5,229  6,009  6,906  7,937  9,122  10,484  12,049  13,847  15,914  18,290  21,020  24,158  27,764）
00:29:24 INFO    evtol_siting.choice_model  时间价值: 4.2  4.8  5.5  6.4  7.3  8.4  9.7  11.1  12.8  14.7  16.9  19.4  22.3  25.6  29.4  33.8  38.9  44.7  51.4  59.0  67.8  78.0  89.6  103.0 元/小时（对应月收入 1,461  1,679  1,930  2,218  2,549  2,929  3,366  3,869  4,446  5,110  5,873  6,750  7,757  8,915  10,246  11,775  13,533  15,553  17,875  20,543  23,610  27,134  31,185  35,840）
00:29:24 INFO    evtol_siting.choice_model  时间价值: 6.3  7.2  8.3  9.5  11.0  12.6  14.5  16.7  19.1  22.0  25.3  29.1  33.4  38.4  44.1  50.7  58.3  67.0  76.9  88.4  101.6  116.8  134.2  154.3 元/小时（对应月收入 2,189  2,515  2,891  3,322  3,818  4,388  5,043  5,796  6,661  7,655  8,798  10,111  11,621  13,355  15,349  17,640  20,273  23,300  26,778  30,775  35,369  40,648  46,716  53,690）
00:29:24 INFO    evtol_siting.choice_model  选择模型 [区域内积分（σ_within=0.4）]: 出行 15 km，地面 55 分钟 / 57 元，eVTOL 24 分钟 / 104 元，节省 31 分钟；采用概率 0.1447–0.2341（类间比 1.62）
00:29:24 INFO    evtol_siting.choice_model  各类人群采用概率:
 cluster  monthly_income_cny  vot_cny_per_h  p_evtol  demand_rate
       3              1868.0           5.37  0.14467     0.014467
       0              2799.0           8.04  0.15231     0.015231
       5              3613.0          10.38  0.15929     0.015929
       2              4500.0          12.93  0.16725     0.016725
       4              5605.0          16.11  0.17764     0.017764
       6              7236.0          20.79  0.19397     0.019397
       1             10840.0          31.15  0.23414     0.023414
00:29:24 INFO    evtol_siting.choice_model  收入阶梯（K=7）: 1,868  2,799  3,613  4,500  5,605  7,236  10,840
00:29:24 INFO    evtol_siting.choice_model  时间价值: 5.4  8.0  10.4  12.9  16.1  20.8  31.1 元/小时（对应月收入 1,868  2,799  3,613  4,500  5,605  7,236  10,840）
00:29:24 INFO    evtol_siting.choice_model  时间价值: 1.1  1.2  1.4  1.6  1.9  2.2  2.5  2.9  3.3  3.8  4.4  5.0  5.8  6.6  7.6  8.7  10.0  11.5  13.3  15.2  17.5  20.1  23.1  26.6 元/小时（对应月收入 377  433  498  573  658  756  869  999  1,148  1,319  1,516  1,743  2,003  2,302  2,645  3,040  3,494  4,015  4,615  5,304  6,095  7,005  8,051  9,253）
00:29:24 INFO    evtol_siting.choice_model  时间价值: 1.6  1.9  2.1  2.5  2.8  3.3  3.7  4.3  4.9  5.7  6.5  7.5  8.6  9.9  11.4  13.1  15.0  17.3  19.9  22.8  26.2  30.2  34.7  39.8 元/小时（对应月收入 565  649  746  858  986  1,133  1,302  1,496  1,720  1,976  2,271  2,610  3,000  3,448  3,963  4,554  5,234  6,015  6,913  7,945  9,131  10,494  12,061  13,861）
00:29:24 INFO    evtol_siting.choice_model  时间价值: 2.1  2.4  2.8  3.2  3.7  4.2  4.8  5.6  6.4  7.3  8.4  9.7  11.1  12.8  14.7  16.9  19.4  22.3  25.6  29.5  33.9  38.9  44.7  51.4 元/小时（对应月收入 729  838  963  1,107  1,272  1,462  1,681  1,932  2,220  2,551  2,932  3,370  3,873  4,451  5,115  5,879  6,756  7,765  8,924  10,256  11,787  13,547  15,569  17,893）
00:29:24 INFO    evtol_siting.choice_model  时间价值: 2.6  3.0  3.4  4.0  4.6  5.2  6.0  6.9  7.9  9.1  10.5  12.1  13.9  15.9  18.3  21.0  24.2  27.8  31.9  36.7  42.2  48.5  55.7  64.0 元/小时（对应月收入 909  1,044  1,200  1,379  1,585  1,822  2,094  2,406  2,765  3,178  3,652  4,198  4,824  5,544  6,372  7,323  8,416  9,673  11,116  12,776  14,683  16,875  19,394  22,289）
00:29:24 INFO    evtol_siting.choice_model  时间价值: 3.3  3.7  4.3  4.9  5.7  6.5  7.5  8.6  9.9  11.4  13.1  15.0  17.3  19.8  22.8  26.2  30.1  34.6  39.8  45.7  52.6  60.4  69.4  79.8 元/小时（对应月收入 1,132  1,301  1,495  1,718  1,974  2,269  2,608  2,997  3,445  3,959  4,550  5,229  6,009  6,906  7,937  9,122  10,484  12,049  13,847  15,914  18,290  21,020  24,158  27,764）
00:29:24 INFO    evtol_siting.choice_model  时间价值: 4.2  4.8  5.5  6.4  7.3  8.4  9.7  11.1  12.8  14.7  16.9  19.4  22.3  25.6  29.4  33.8  38.9  44.7  51.4  59.0  67.8  78.0  89.6  103.0 元/小时（对应月收入 1,461  1,679  1,930  2,218  2,549  2,929  3,366  3,869  4,446  5,110  5,873  6,750  7,757  8,915  10,246  11,775  13,533  15,553  17,875  20,543  23,610  27,134  31,185  35,840）
00:29:24 INFO    evtol_siting.choice_model  时间价值: 6.3  7.2  8.3  9.5  11.0  12.6  14.5  16.7  19.1  22.0  25.3  29.1  33.4  38.4  44.1  50.7  58.3  67.0  76.9  88.4  101.6  116.8  134.2  154.3 元/小时（对应月收入 2,189  2,515  2,891  3,322  3,818  4,388  5,043  5,796  6,661  7,655  8,798  10,111  11,621  13,355  15,349  17,640  20,273  23,300  26,778  30,775  35,369  40,648  46,716  53,690）
00:29:24 INFO    evtol_siting.choice_model  选择模型 [区域内积分（σ_within=0.4）]: 出行 15 km，地面 55 分钟 / 57 元，eVTOL 24 分钟 / 130 元，节省 31 分钟；采用概率 0.0564–0.0988（类间比 1.75）
00:29:24 INFO    evtol_siting.choice_model  各类人群采用概率:
 cluster  monthly_income_cny  vot_cny_per_h  p_evtol  demand_rate
       3              1868.0           5.37  0.05642     0.005642
       0              2799.0           8.04  0.05974     0.005974
       5              3613.0          10.38  0.06283     0.006283
       2              4500.0          12.93  0.06638     0.006638
       4              5605.0          16.11  0.07112     0.007112
       6              7236.0          20.79  0.07876     0.007876
       1             10840.0          31.15  0.09879     0.009879
00:29:24 INFO    evtol_siting.choice_model  收入阶梯（K=7）: 1,868  2,799  3,613  4,500  5,605  7,236  10,840
00:29:24 INFO    evtol_siting.choice_model  时间价值: 5.4  8.0  10.4  12.9  16.1  20.8  31.1 元/小时（对应月收入 1,868  2,799  3,613  4,500  5,605  7,236  10,840）
00:29:24 INFO    evtol_siting.choice_model  时间价值: 1.1  1.2  1.4  1.6  1.9  2.2  2.5  2.9  3.3  3.8  4.4  5.0  5.8  6.6  7.6  8.7  10.0  11.5  13.3  15.2  17.5  20.1  23.1  26.6 元/小时（对应月收入 377  433  498  573  658  756  869  999  1,148  1,319  1,516  1,743  2,003  2,302  2,645  3,040  3,494  4,015  4,615  5,304  6,095  7,005  8,051  9,253）
00:29:24 INFO    evtol_siting.choice_model  时间价值: 1.6  1.9  2.1  2.5  2.8  3.3  3.7  4.3  4.9  5.7  6.5  7.5  8.6  9.9  11.4  13.1  15.0  17.3  19.9  22.8  26.2  30.2  34.7  39.8 元/小时（对应月收入 565  649  746  858  986  1,133  1,302  1,496  1,720  1,976  2,271  2,610  3,000  3,448  3,963  4,554  5,234  6,015  6,913  7,945  9,131  10,494  12,061  13,861）
00:29:24 INFO    evtol_siting.choice_model  时间价值: 2.1  2.4  2.8  3.2  3.7  4.2  4.8  5.6  6.4  7.3  8.4  9.7  11.1  12.8  14.7  16.9  19.4  22.3  25.6  29.5  33.9  38.9  44.7  51.4 元/小时（对应月收入 729  838  963  1,107  1,272  1,462  1,681  1,932  2,220  2,551  2,932  3,370  3,873  4,451  5,115  5,879  6,756  7,765  8,924  10,256  11,787  13,547  15,569  17,893）
00:29:24 INFO    evtol_siting.choice_model  时间价值: 2.6  3.0  3.4  4.0  4.6  5.2  6.0  6.9  7.9  9.1  10.5  12.1  13.9  15.9  18.3  21.0  24.2  27.8  31.9  36.7  42.2  48.5  55.7  64.0 元/小时（对应月收入 909  1,044  1,200  1,379  1,585  1,822  2,094  2,406  2,765  3,178  3,652  4,198  4,824  5,544  6,372  7,323  8,416  9,673  11,116  12,776  14,683  16,875  19,394  22,289）
00:29:24 INFO    evtol_siting.choice_model  时间价值: 3.3  3.7  4.3  4.9  5.7  6.5  7.5  8.6  9.9  11.4  13.1  15.0  17.3  19.8  22.8  26.2  30.1  34.6  39.8  45.7  52.6  60.4  69.4  79.8 元/小时（对应月收入 1,132  1,301  1,495  1,718  1,974  2,269  2,608  2,997  3,445  3,959  4,550  5,229  6,009  6,906  7,937  9,122  10,484  12,049  13,847  15,914  18,290  21,020  24,158  27,764）
00:29:24 INFO    evtol_siting.choice_model  时间价值: 4.2  4.8  5.5  6.4  7.3  8.4  9.7  11.1  12.8  14.7  16.9  19.4  22.3  25.6  29.4  33.8  38.9  44.7  51.4  59.0  67.8  78.0  89.6  103.0 元/小时（对应月收入 1,461  1,679  1,930  2,218  2,549  2,929  3,366  3,869  4,446  5,110  5,873  6,750  7,757  8,915  10,246  11,775  13,533  15,553  17,875  20,543  23,610  27,134  31,185  35,840）
00:29:24 INFO    evtol_siting.choice_model  时间价值: 6.3  7.2  8.3  9.5  11.0  12.6  14.5  16.7  19.1  22.0  25.3  29.1  33.4  38.4  44.1  50.7  58.3  67.0  76.9  88.4  101.6  116.8  134.2  154.3 元/小时（对应月收入 2,189  2,515  2,891  3,322  3,818  4,388  5,043  5,796  6,661  7,655  8,798  10,111  11,621  13,355  15,349  17,640  20,273  23,300  26,778  30,775  35,369  40,648  46,716  53,690）
00:29:24 INFO    evtol_siting.choice_model  选择模型 [区域内积分（σ_within=0.4）]: 出行 15 km，地面 55 分钟 / 57 元，eVTOL 24 分钟 / 156 元，节省 31 分钟；采用概率 0.0207–0.0376（类间比 1.81）
00:29:24 INFO    evtol_siting.choice_model  各类人群采用概率:
 cluster  monthly_income_cny  vot_cny_per_h  p_evtol  demand_rate
       3              1868.0           5.37  0.02070     0.002070
       0              2799.0           8.04  0.02197     0.002197
       5              3613.0          10.38  0.02316     0.002316
       2              4500.0          12.93  0.02453     0.002453
       4              5605.0          16.11  0.02638     0.002638
       6              7236.0          20.79  0.02940     0.002940
       1             10840.0          31.15  0.03757     0.003757
00:29:24 INFO    evtol_siting.choice_model  收入阶梯（K=7）: 1,868  2,799  3,613  4,500  5,605  7,236  10,840
00:29:24 INFO    evtol_siting.choice_model  时间价值: 5.4  8.0  10.4  12.9  16.1  20.8  31.1 元/小时（对应月收入 1,868  2,799  3,613  4,500  5,605  7,236  10,840）
00:29:24 INFO    evtol_siting.choice_model  时间价值: 1.1  1.2  1.4  1.6  1.9  2.2  2.5  2.9  3.3  3.8  4.4  5.0  5.8  6.6  7.6  8.7  10.0  11.5  13.3  15.2  17.5  20.1  23.1  26.6 元/小时（对应月收入 377  433  498  573  658  756  869  999  1,148  1,319  1,516  1,743  2,003  2,302  2,645  3,040  3,494  4,015  4,615  5,304  6,095  7,005  8,051  9,253）
00:29:24 INFO    evtol_siting.choice_model  时间价值: 1.6  1.9  2.1  2.5  2.8  3.3  3.7  4.3  4.9  5.7  6.5  7.5  8.6  9.9  11.4  13.1  15.0  17.3  19.9  22.8  26.2  30.2  34.7  39.8 元/小时（对应月收入 565  649  746  858  986  1,133  1,302  1,496  1,720  1,976  2,271  2,610  3,000  3,448  3,963  4,554  5,234  6,015  6,913  7,945  9,131  10,494  12,061  13,861）
00:29:24 INFO    evtol_siting.choice_model  时间价值: 2.1  2.4  2.8  3.2  3.7  4.2  4.8  5.6  6.4  7.3  8.4  9.7  11.1  12.8  14.7  16.9  19.4  22.3  25.6  29.5  33.9  38.9  44.7  51.4 元/小时（对应月收入 729  838  963  1,107  1,272  1,462  1,681  1,932  2,220  2,551  2,932  3,370  3,873  4,451  5,115  5,879  6,756  7,765  8,924  10,256  11,787  13,547  15,569  17,893）
00:29:24 INFO    evtol_siting.choice_model  时间价值: 2.6  3.0  3.4  4.0  4.6  5.2  6.0  6.9  7.9  9.1  10.5  12.1  13.9  15.9  18.3  21.0  24.2  27.8  31.9  36.7  42.2  48.5  55.7  64.0 元/小时（对应月收入 909  1,044  1,200  1,379  1,585  1,822  2,094  2,406  2,765  3,178  3,652  4,198  4,824  5,544  6,372  7,323  8,416  9,673  11,116  12,776  14,683  16,875  19,394  22,289）
00:29:24 INFO    evtol_siting.choice_model  时间价值: 3.3  3.7  4.3  4.9  5.7  6.5  7.5  8.6  9.9  11.4  13.1  15.0  17.3  19.8  22.8  26.2  30.1  34.6  39.8  45.7  52.6  60.4  69.4  79.8 元/小时（对应月收入 1,132  1,301  1,495  1,718  1,974  2,269  2,608  2,997  3,445  3,959  4,550  5,229  6,009  6,906  7,937  9,122  10,484  12,049  13,847  15,914  18,290  21,020  24,158  27,764）
00:29:24 INFO    evtol_siting.choice_model  时间价值: 4.2  4.8  5.5  6.4  7.3  8.4  9.7  11.1  12.8  14.7  16.9  19.4  22.3  25.6  29.4  33.8  38.9  44.7  51.4  59.0  67.8  78.0  89.6  103.0 元/小时（对应月收入 1,461  1,679  1,930  2,218  2,549  2,929  3,366  3,869  4,446  5,110  5,873  6,750  7,757  8,915  10,246  11,775  13,533  15,553  17,875  20,543  23,610  27,134  31,185  35,840）
00:29:24 INFO    evtol_siting.choice_model  时间价值: 6.3  7.2  8.3  9.5  11.0  12.6  14.5  16.7  19.1  22.0  25.3  29.1  33.4  38.4  44.1  50.7  58.3  67.0  76.9  88.4  101.6  116.8  134.2  154.3 元/小时（对应月收入 2,189  2,515  2,891  3,322  3,818  4,388  5,043  5,796  6,661  7,655  8,798  10,111  11,621  13,355  15,349  17,640  20,273  23,300  26,778  30,775  35,369  40,648  46,716  53,690）
00:29:24 INFO    evtol_siting.choice_model  选择模型 [区域内积分（σ_within=0.4）]: 出行 15 km，地面 55 分钟 / 57 元，eVTOL 24 分钟 / 195 元，节省 31 分钟；采用概率 0.0044–0.0082（类间比 1.85）
00:29:24 INFO    evtol_siting.choice_model  各类人群采用概率:
 cluster  monthly_income_cny  vot_cny_per_h  p_evtol  demand_rate
       3              1868.0           5.37  0.00442     0.000442
       0              2799.0           8.04  0.00470     0.000470
       5              3613.0          10.38  0.00496     0.000496
       2              4500.0          12.93  0.00526     0.000526
       4              5605.0          16.11  0.00566     0.000566
       6              7236.0          20.79  0.00633     0.000633
       1             10840.0          31.15  0.00817     0.000817
00:29:25 INFO    evtol_siting.viz.figures   图件已保存: fig03_demand_clusters (PDF, PNG)
00:29:26 INFO    evtol_siting.viz.figures   图件已保存: fig04_pareto_front (PDF, PNG)
00:29:26 INFO    evtol_siting.viz.figures   图件已保存: fig05_convergence (PDF, PNG)
00:29:27 INFO    evtol_siting.viz.figures   图件已保存: fig06_airport_buffer_sensitivity (PDF, PNG)
00:29:27 INFO    evtol_siting.viz.figures   图件已保存: fig07_solution_comparison (PDF, PNG)
00:29:27 INFO    evtol_siting.choice_model  时间价值: 2.9  3.4  4.0  4.6  5.1  5.7  6.3  6.8  7.4  8.0  8.5  9.1  9.7  10.2  10.8  11.4  11.9  12.5  13.1  13.6  14.2  14.8  15.3  15.9  16.5  17.0  17.6  18.2  18.8  19.3  19.9  20.5  21.0  21.6  22.2  22.7  23.3  23.9  24.4  25.0  25.6  26.1  26.7  27.3  27.8  28.4  29.0  29.5  30.1  30.7  31.2  31.8  32.4  32.9  33.5  34.1  34.6  35.2  35.8  36.3  36.9  37.5  38.0  38.6  39.2  39.7  40.3  40.9  41.4  42.0  42.6  43.1  43.7  44.3  44.8  45.4  46.0  46.5  47.1  47.7  48.2  48.8  49.4  49.9  50.5  51.1  51.6  52.2  52.8  53.3  53.9  54.5  55.0  55.6  56.2  56.7  57.3  57.9  58.4  59.0  59.6  60.1  60.7  61.3  61.8  62.4  63.0  63.5  64.1  64.7  65.2  65.8  66.4  66.9  67.5  68.1  68.6  69.2  69.8  70.3  70.9  71.5  72.1  72.6  73.2  73.8  74.3  74.9  75.5  76.0  76.6  77.2  77.7  78.3  78.9  79.4  80.0  80.6  81.1  81.7  82.3  82.8  83.4  84.0  84.5  85.1  85.7  86.2  86.8  87.4  87.9  88.5  89.1  89.6  90.2  90.8  91.3  91.9  92.5  93.0  93.6  94.2  94.7  95.3  95.9  96.4  97.0  97.6  98.1  98.7  99.3  99.8  100.4  101.0  101.5  102.1  102.7  103.2  103.8  104.4  104.9  105.5  106.1  106.6  107.2  107.8  108.3  108.9  109.5  110.0  110.6  111.2  111.7  112.3  112.9  113.4  114.0  114.6  115.1  115.7  116.3  116.8  117.4  118.0  118.5  119.1  119.7  120.2  120.8  121.4  121.9  122.5  123.1  123.6  124.2  124.8  125.4  125.9  126.5  127.1  127.6  128.2  128.8  129.3  129.9  130.5  131.0  131.6  132.2  132.7  133.3  133.9  134.4  135.0  135.6  136.1  136.7  137.3  137.8  138.4  139.0  139.5  140.1  140.7  141.2  141.8  142.4  142.9  143.5  144.1  144.6  145.2  145.8  146.3  146.9  147.5  148.0  148.6  149.2  149.7  150.3  150.9  151.4  152.0  152.6  153.1  153.7  154.3  154.8  155.4  156.0  156.5  157.1  157.7  158.2  158.8  159.4  159.9  160.5  161.1  161.6  162.2  162.8  163.3  163.9  164.5  165.0  165.6  166.2  166.7  167.3  167.9  168.4  169.0  169.6  170.1  170.7  171.3  171.8  172.4 元/小时（对应月收入 1,000  1,197  1,395  1,592  1,789  1,987  2,184  2,381  2,579  2,776  2,973  3,171  3,368  3,565  3,763  3,960  4,157  4,355  4,552  4,749  4,946  5,144  5,341  5,538  5,736  5,933  6,130  6,328  6,525  6,722  6,920  7,117  7,314  7,512  7,709  7,906  8,104  8,301  8,498  8,696  8,893  9,090  9,288  9,485  9,682  9,880  10,077  10,274  10,472  10,669  10,866  11,064  11,261  11,458  11,656  11,853  12,050  12,247  12,445  12,642  12,839  13,037  13,234  13,431  13,629  13,826  14,023  14,221  14,418  14,615  14,813  15,010  15,207  15,405  15,602  15,799  15,997  16,194  16,391  16,589  16,786  16,983  17,181  17,378  17,575  17,773  17,970  18,167  18,365  18,562  18,759  18,957  19,154  19,351  19,548  19,746  19,943  20,140  20,338  20,535  20,732  20,930  21,127  21,324  21,522  21,719  21,916  22,114  22,311  22,508  22,706  22,903  23,100  23,298  23,495  23,692  23,890  24,087  24,284  24,482  24,679  24,876  25,074  25,271  25,468  25,666  25,863  26,060  26,258  26,455  26,652  26,849  27,047  27,244  27,441  27,639  27,836  28,033  28,231  28,428  28,625  28,823  29,020  29,217  29,415  29,612  29,809  30,007  30,204  30,401  30,599  30,796  30,993  31,191  31,388  31,585  31,783  31,980  32,177  32,375  32,572  32,769  32,967  33,164  33,361  33,559  33,756  33,953  34,151  34,348  34,545  34,742  34,940  35,137  35,334  35,532  35,729  35,926  36,124  36,321  36,518  36,716  36,913  37,110  37,308  37,505  37,702  37,900  38,097  38,294  38,492  38,689  38,886  39,084  39,281  39,478  39,676  39,873  40,070  40,268  40,465  40,662  40,860  41,057  41,254  41,452  41,649  41,846  42,043  42,241  42,438  42,635  42,833  43,030  43,227  43,425  43,622  43,819  44,017  44,214  44,411  44,609  44,806  45,003  45,201  45,398  45,595  45,793  45,990  46,187  46,385  46,582  46,779  46,977  47,174  47,371  47,569  47,766  47,963  48,161  48,358  48,555  48,753  48,950  49,147  49,344  49,542  49,739  49,936  50,134  50,331  50,528  50,726  50,923  51,120  51,318  51,515  51,712  51,910  52,107  52,304  52,502  52,699  52,896  53,094  53,291  53,488  53,686  53,883  54,080  54,278  54,475  54,672  54,870  55,067  55,264  55,462  55,659  55,856  56,054  56,251  56,448  56,645  56,843  57,040  57,237  57,435  57,632  57,829  58,027  58,224  58,421  58,619  58,816  59,013  59,211  59,408  59,605  59,803  60,000）
00:29:28 INFO    evtol_siting.viz.figures   图件已保存: fig08_choice_model (PDF, PNG)
00:29:28 INFO    evtol_siting.viz.figures   图件已保存: fig09_accessibility (PDF, PNG)
00:29:28 INFO    figures                    ==================================================================
00:29:28 INFO    figures                     完成，共生成 18 个文件
00:29:28 INFO    figures                       fig01_study_area.pdf
00:29:28 INFO    figures                       fig01_study_area.png
00:29:28 INFO    figures                       fig02_height_fusion.pdf
00:29:28 INFO    figures                       fig02_height_fusion.png
00:29:28 INFO    figures                       fig03_demand_clusters.pdf
00:29:28 INFO    figures                       fig03_demand_clusters.png
00:29:28 INFO    figures                       fig04_pareto_front.pdf
00:29:28 INFO    figures                       fig04_pareto_front.png
00:29:28 INFO    figures                       fig05_convergence.pdf
00:29:28 INFO    figures                       fig05_convergence.png
00:29:28 INFO    figures                       fig06_airport_buffer_sensitivity.pdf
00:29:28 INFO    figures                       fig06_airport_buffer_sensitivity.png
00:29:28 INFO    figures                       fig07_solution_comparison.pdf
00:29:28 INFO    figures                       fig07_solution_comparison.png
00:29:28 INFO    figures                       fig08_choice_model.pdf
00:29:28 INFO    figures                       fig08_choice_model.png
00:29:28 INFO    figures                       fig09_accessibility.pdf
00:29:28 INFO    figures                       fig09_accessibility.png
00:29:28 INFO    figures                     输出目录: 论文稿件\图件
00:29:28 INFO    figures                    ==================================================================
17:18:24 INFO    figures                    图件输出目录: C:\Users\L\AppData\Local\Temp\figtest
17:18:28 INFO    evtol_siting.viz.figures   图件已保存: fig02_height_fusion (PDF, PNG)
17:18:29 INFO    evtol_siting.choice_model  收入阶梯（K=7）: 1,868  2,799  3,613  4,500  5,605  7,236  10,840
17:18:29 INFO    evtol_siting.choice_model  时间价值: 5.4  8.0  10.4  12.9  16.1  20.8  31.1 元/小时（对应月收入 1,868  2,799  3,613  4,500  5,605  7,236  10,840）
17:18:29 INFO    evtol_siting.choice_model  时间价值: 1.1  1.2  1.4  1.6  1.9  2.2  2.5  2.9  3.3  3.8  4.4  5.0  5.8  6.6  7.6  8.7  10.0  11.5  13.3  15.2  17.5  20.1  23.1  26.6 元/小时（对应月收入 377  433  498  573  658  756  869  999  1,148  1,319  1,516  1,743  2,003  2,302  2,645  3,040  3,494  4,015  4,615  5,304  6,095  7,005  8,051  9,253）
17:18:29 INFO    evtol_siting.choice_model  时间价值: 1.6  1.9  2.1  2.5  2.8  3.3  3.7  4.3  4.9  5.7  6.5  7.5  8.6  9.9  11.4  13.1  15.0  17.3  19.9  22.8  26.2  30.2  34.7  39.8 元/小时（对应月收入 565  649  746  858  986  1,133  1,302  1,496  1,720  1,976  2,271  2,610  3,000  3,448  3,963  4,554  5,234  6,015  6,913  7,945  9,131  10,494  12,061  13,861）
17:18:29 INFO    evtol_siting.choice_model  时间价值: 2.1  2.4  2.8  3.2  3.7  4.2  4.8  5.6  6.4  7.3  8.4  9.7  11.1  12.8  14.7  16.9  19.4  22.3  25.6  29.5  33.9  38.9  44.7  51.4 元/小时（对应月收入 729  838  963  1,107  1,272  1,462  1,681  1,932  2,220  2,551  2,932  3,370  3,873  4,451  5,115  5,879  6,756  7,765  8,924  10,256  11,787  13,547  15,569  17,893）
17:18:29 INFO    evtol_siting.choice_model  时间价值: 2.6  3.0  3.4  4.0  4.6  5.2  6.0  6.9  7.9  9.1  10.5  12.1  13.9  15.9  18.3  21.0  24.2  27.8  31.9  36.7  42.2  48.5  55.7  64.0 元/小时（对应月收入 909  1,044  1,200  1,379  1,585  1,822  2,094  2,406  2,765  3,178  3,652  4,198  4,824  5,544  6,372  7,323  8,416  9,673  11,116  12,776  14,683  16,875  19,394  22,289）
17:18:29 INFO    evtol_siting.choice_model  时间价值: 3.3  3.7  4.3  4.9  5.7  6.5  7.5  8.6  9.9  11.4  13.1  15.0  17.3  19.8  22.8  26.2  30.1  34.6  39.8  45.7  52.6  60.4  69.4  79.8 元/小时（对应月收入 1,132  1,301  1,495  1,718  1,974  2,269  2,608  2,997  3,445  3,959  4,550  5,229  6,009  6,906  7,937  9,122  10,484  12,049  13,847  15,914  18,290  21,020  24,158  27,764）
17:18:29 INFO    evtol_siting.choice_model  时间价值: 4.2  4.8  5.5  6.4  7.3  8.4  9.7  11.1  12.8  14.7  16.9  19.4  22.3  25.6  29.4  33.8  38.9  44.7  51.4  59.0  67.8  78.0  89.6  103.0 元/小时（对应月收入 1,461  1,679  1,930  2,218  2,549  2,929  3,366  3,869  4,446  5,110  5,873  6,750  7,757  8,915  10,246  11,775  13,533  15,553  17,875  20,543  23,610  27,134  31,185  35,840）
17:18:29 INFO    evtol_siting.choice_model  时间价值: 6.3  7.2  8.3  9.5  11.0  12.6  14.5  16.7  19.1  22.0  25.3  29.1  33.4  38.4  44.1  50.7  58.3  67.0  76.9  88.4  101.6  116.8  134.2  154.3 元/小时（对应月收入 2,189  2,515  2,891  3,322  3,818  4,388  5,043  5,796  6,661  7,655  8,798  10,111  11,621  13,355  15,349  17,640  20,273  23,300  26,778  30,775  35,369  40,648  46,716  53,690）
17:18:29 INFO    evtol_siting.choice_model  选择模型 [区域内积分（σ_within=0.4）]: 出行 15 km，地面 55 分钟 / 57 元，eVTOL 24 分钟 / 52 元，节省 31 分钟；采用概率 0.5749–0.7020（类间比 1.22）
17:18:29 INFO    evtol_siting.choice_model  各类人群采用概率:
 cluster  monthly_income_cny  vot_cny_per_h  p_evtol  demand_rate
       3              1868.0           5.37  0.57491     0.057491
       0              2799.0           8.04  0.58926     0.058926
       5              3613.0          10.38  0.60165     0.060165
       2              4500.0          12.93  0.61495     0.061495
       4              5605.0          16.11  0.63118     0.063118
       6              7236.0          20.79  0.65437     0.065437
       1             10840.0          31.15  0.70201     0.070201
17:18:29 INFO    evtol_siting.choice_model  收入阶梯（K=7）: 1,868  2,799  3,613  4,500  5,605  7,236  10,840
17:18:29 INFO    evtol_siting.choice_model  时间价值: 5.4  8.0  10.4  12.9  16.1  20.8  31.1 元/小时（对应月收入 1,868  2,799  3,613  4,500  5,605  7,236  10,840）
17:18:29 INFO    evtol_siting.choice_model  时间价值: 1.1  1.2  1.4  1.6  1.9  2.2  2.5  2.9  3.3  3.8  4.4  5.0  5.8  6.6  7.6  8.7  10.0  11.5  13.3  15.2  17.5  20.1  23.1  26.6 元/小时（对应月收入 377  433  498  573  658  756  869  999  1,148  1,319  1,516  1,743  2,003  2,302  2,645  3,040  3,494  4,015  4,615  5,304  6,095  7,005  8,051  9,253）
17:18:29 INFO    evtol_siting.choice_model  时间价值: 1.6  1.9  2.1  2.5  2.8  3.3  3.7  4.3  4.9  5.7  6.5  7.5  8.6  9.9  11.4  13.1  15.0  17.3  19.9  22.8  26.2  30.2  34.7  39.8 元/小时（对应月收入 565  649  746  858  986  1,133  1,302  1,496  1,720  1,976  2,271  2,610  3,000  3,448  3,963  4,554  5,234  6,015  6,913  7,945  9,131  10,494  12,061  13,861）
17:18:29 INFO    evtol_siting.choice_model  时间价值: 2.1  2.4  2.8  3.2  3.7  4.2  4.8  5.6  6.4  7.3  8.4  9.7  11.1  12.8  14.7  16.9  19.4  22.3  25.6  29.5  33.9  38.9  44.7  51.4 元/小时（对应月收入 729  838  963  1,107  1,272  1,462  1,681  1,932  2,220  2,551  2,932  3,370  3,873  4,451  5,115  5,879  6,756  7,765  8,924  10,256  11,787  13,547  15,569  17,893）
17:18:29 INFO    evtol_siting.choice_model  时间价值: 2.6  3.0  3.4  4.0  4.6  5.2  6.0  6.9  7.9  9.1  10.5  12.1  13.9  15.9  18.3  21.0  24.2  27.8  31.9  36.7  42.2  48.5  55.7  64.0 元/小时（对应月收入 909  1,044  1,200  1,379  1,585  1,822  2,094  2,406  2,765  3,178  3,652  4,198  4,824  5,544  6,372  7,323  8,416  9,673  11,116  12,776  14,683  16,875  19,394  22,289）
17:18:29 INFO    evtol_siting.choice_model  时间价值: 3.3  3.7  4.3  4.9  5.7  6.5  7.5  8.6  9.9  11.4  13.1  15.0  17.3  19.8  22.8  26.2  30.1  34.6  39.8  45.7  52.6  60.4  69.4  79.8 元/小时（对应月收入 1,132  1,301  1,495  1,718  1,974  2,269  2,608  2,997  3,445  3,959  4,550  5,229  6,009  6,906  7,937  9,122  10,484  12,049  13,847  15,914  18,290  21,020  24,158  27,764）
17:18:29 INFO    evtol_siting.choice_model  时间价值: 4.2  4.8  5.5  6.4  7.3  8.4  9.7  11.1  12.8  14.7  16.9  19.4  22.3  25.6  29.4  33.8  38.9  44.7  51.4  59.0  67.8  78.0  89.6  103.0 元/小时（对应月收入 1,461  1,679  1,930  2,218  2,549  2,929  3,366  3,869  4,446  5,110  5,873  6,750  7,757  8,915  10,246  11,775  13,533  15,553  17,875  20,543  23,610  27,134  31,185  35,840）
17:18:29 INFO    evtol_siting.choice_model  时间价值: 6.3  7.2  8.3  9.5  11.0  12.6  14.5  16.7  19.1  22.0  25.3  29.1  33.4  38.4  44.1  50.7  58.3  67.0  76.9  88.4  101.6  116.8  134.2  154.3 元/小时（对应月收入 2,189  2,515  2,891  3,322  3,818  4,388  5,043  5,796  6,661  7,655  8,798  10,111  11,621  13,355  15,349  17,640  20,273  23,300  26,778  30,775  35,369  40,648  46,716  53,690）
17:18:29 INFO    evtol_siting.choice_model  选择模型 [区域内积分（σ_within=0.4）]: 出行 15 km，地面 55 分钟 / 57 元，eVTOL 24 分钟 / 78 元，节省 31 分钟；采用概率 0.3236–0.4589（类间比 1.42）
17:18:29 INFO    evtol_siting.choice_model  各类人群采用概率:
 cluster  monthly_income_cny  vot_cny_per_h  p_evtol  demand_rate
       3              1868.0           5.37  0.32356     0.032356
       0              2799.0           8.04  0.33678     0.033678
       5              3613.0          10.38  0.34857     0.034857
       2              4500.0          12.93  0.36164     0.036164
       4              5605.0          16.11  0.37820     0.037820
       6              7236.0          20.79  0.40305     0.040305
       1             10840.0          31.15  0.45888     0.045888
17:18:29 INFO    evtol_siting.choice_model  收入阶梯（K=7）: 1,868  2,799  3,613  4,500  5,605  7,236  10,840
17:18:29 INFO    evtol_siting.choice_model  时间价值: 5.4  8.0  10.4  12.9  16.1  20.8  31.1 元/小时（对应月收入 1,868  2,799  3,613  4,500  5,605  7,236  10,840）
17:18:29 INFO    evtol_siting.choice_model  时间价值: 1.1  1.2  1.4  1.6  1.9  2.2  2.5  2.9  3.3  3.8  4.4  5.0  5.8  6.6  7.6  8.7  10.0  11.5  13.3  15.2  17.5  20.1  23.1  26.6 元/小时（对应月收入 377  433  498  573  658  756  869  999  1,148  1,319  1,516  1,743  2,003  2,302  2,645  3,040  3,494  4,015  4,615  5,304  6,095  7,005  8,051  9,253）
17:18:29 INFO    evtol_siting.choice_model  时间价值: 1.6  1.9  2.1  2.5  2.8  3.3  3.7  4.3  4.9  5.7  6.5  7.5  8.6  9.9  11.4  13.1  15.0  17.3  19.9  22.8  26.2  30.2  34.7  39.8 元/小时（对应月收入 565  649  746  858  986  1,133  1,302  1,496  1,720  1,976  2,271  2,610  3,000  3,448  3,963  4,554  5,234  6,015  6,913  7,945  9,131  10,494  12,061  13,861）
17:18:29 INFO    evtol_siting.choice_model  时间价值: 2.1  2.4  2.8  3.2  3.7  4.2  4.8  5.6  6.4  7.3  8.4  9.7  11.1  12.8  14.7  16.9  19.4  22.3  25.6  29.5  33.9  38.9  44.7  51.4 元/小时（对应月收入 729  838  963  1,107  1,272  1,462  1,681  1,932  2,220  2,551  2,932  3,370  3,873  4,451  5,115  5,879  6,756  7,765  8,924  10,256  11,787  13,547  15,569  17,893）
17:18:29 INFO    evtol_siting.choice_model  时间价值: 2.6  3.0  3.4  4.0  4.6  5.2  6.0  6.9  7.9  9.1  10.5  12.1  13.9  15.9  18.3  21.0  24.2  27.8  31.9  36.7  42.2  48.5  55.7  64.0 元/小时（对应月收入 909  1,044  1,200  1,379  1,585  1,822  2,094  2,406  2,765  3,178  3,652  4,198  4,824  5,544  6,372  7,323  8,416  9,673  11,116  12,776  14,683  16,875  19,394  22,289）
17:18:29 INFO    evtol_siting.choice_model  时间价值: 3.3  3.7  4.3  4.9  5.7  6.5  7.5  8.6  9.9  11.4  13.1  15.0  17.3  19.8  22.8  26.2  30.1  34.6  39.8  45.7  52.6  60.4  69.4  79.8 元/小时（对应月收入 1,132  1,301  1,495  1,718  1,974  2,269  2,608  2,997  3,445  3,959  4,550  5,229  6,009  6,906  7,937  9,122  10,484  12,049  13,847  15,914  18,290  21,020  24,158  27,764）
17:18:29 INFO    evtol_siting.choice_model  时间价值: 4.2  4.8  5.5  6.4  7.3  8.4  9.7  11.1  12.8  14.7  16.9  19.4  22.3  25.6  29.4  33.8  38.9  44.7  51.4  59.0  67.8  78.0  89.6  103.0 元/小时（对应月收入 1,461  1,679  1,930  2,218  2,549  2,929  3,366  3,869  4,446  5,110  5,873  6,750  7,757  8,915  10,246  11,775  13,533  15,553  17,875  20,543  23,610  27,134  31,185  35,840）
17:18:29 INFO    evtol_siting.choice_model  时间价值: 6.3  7.2  8.3  9.5  11.0  12.6  14.5  16.7  19.1  22.0  25.3  29.1  33.4  38.4  44.1  50.7  58.3  67.0  76.9  88.4  101.6  116.8  134.2  154.3 元/小时（对应月收入 2,189  2,515  2,891  3,322  3,818  4,388  5,043  5,796  6,661  7,655  8,798  10,111  11,621  13,355  15,349  17,640  20,273  23,300  26,778  30,775  35,369  40,648  46,716  53,690）
17:18:29 INFO    evtol_siting.choice_model  选择模型 [区域内积分（σ_within=0.4）]: 出行 15 km，地面 55 分钟 / 57 元，eVTOL 24 分钟 / 104 元，节省 31 分钟；采用概率 0.1447–0.2341（类间比 1.62）
17:18:29 INFO    evtol_siting.choice_model  各类人群采用概率:
 cluster  monthly_income_cny  vot_cny_per_h  p_evtol  demand_rate
       3              1868.0           5.37  0.14467     0.014467
       0              2799.0           8.04  0.15231     0.015231
       5              3613.0          10.38  0.15929     0.015929
       2              4500.0          12.93  0.16725     0.016725
       4              5605.0          16.11  0.17764     0.017764
       6              7236.0          20.79  0.19397     0.019397
       1             10840.0          31.15  0.23414     0.023414
17:18:29 INFO    evtol_siting.choice_model  收入阶梯（K=7）: 1,868  2,799  3,613  4,500  5,605  7,236  10,840
17:18:29 INFO    evtol_siting.choice_model  时间价值: 5.4  8.0  10.4  12.9  16.1  20.8  31.1 元/小时（对应月收入 1,868  2,799  3,613  4,500  5,605  7,236  10,840）
17:18:29 INFO    evtol_siting.choice_model  时间价值: 1.1  1.2  1.4  1.6  1.9  2.2  2.5  2.9  3.3  3.8  4.4  5.0  5.8  6.6  7.6  8.7  10.0  11.5  13.3  15.2  17.5  20.1  23.1  26.6 元/小时（对应月收入 377  433  498  573  658  756  869  999  1,148  1,319  1,516  1,743  2,003  2,302  2,645  3,040  3,494  4,015  4,615  5,304  6,095  7,005  8,051  9,253）
17:18:29 INFO    evtol_siting.choice_model  时间价值: 1.6  1.9  2.1  2.5  2.8  3.3  3.7  4.3  4.9  5.7  6.5  7.5  8.6  9.9  11.4  13.1  15.0  17.3  19.9  22.8  26.2  30.2  34.7  39.8 元/小时（对应月收入 565  649  746  858  986  1,133  1,302  1,496  1,720  1,976  2,271  2,610  3,000  3,448  3,963  4,554  5,234  6,015  6,913  7,945  9,131  10,494  12,061  13,861）
17:18:29 INFO    evtol_siting.choice_model  时间价值: 2.1  2.4  2.8  3.2  3.7  4.2  4.8  5.6  6.4  7.3  8.4  9.7  11.1  12.8  14.7  16.9  19.4  22.3  25.6  29.5  33.9  38.9  44.7  51.4 元/小时（对应月收入 729  838  963  1,107  1,272  1,462  1,681  1,932  2,220  2,551  2,932  3,370  3,873  4,451  5,115  5,879  6,756  7,765  8,924  10,256  11,787  13,547  15,569  17,893）
17:18:29 INFO    evtol_siting.choice_model  时间价值: 2.6  3.0  3.4  4.0  4.6  5.2  6.0  6.9  7.9  9.1  10.5  12.1  13.9  15.9  18.3  21.0  24.2  27.8  31.9  36.7  42.2  48.5  55.7  64.0 元/小时（对应月收入 909  1,044  1,200  1,379  1,585  1,822  2,094  2,406  2,765  3,178  3,652  4,198  4,824  5,544  6,372  7,323  8,416  9,673  11,116  12,776  14,683  16,875  19,394  22,289）
17:18:29 INFO    evtol_siting.choice_model  时间价值: 3.3  3.7  4.3  4.9  5.7  6.5  7.5  8.6  9.9  11.4  13.1  15.0  17.3  19.8  22.8  26.2  30.1  34.6  39.8  45.7  52.6  60.4  69.4  79.8 元/小时（对应月收入 1,132  1,301  1,495  1,718  1,974  2,269  2,608  2,997  3,445  3,959  4,550  5,229  6,009  6,906  7,937  9,122  10,484  12,049  13,847  15,914  18,290  21,020  24,158  27,764）
17:18:29 INFO    evtol_siting.choice_model  时间价值: 4.2  4.8  5.5  6.4  7.3  8.4  9.7  11.1  12.8  14.7  16.9  19.4  22.3  25.6  29.4  33.8  38.9  44.7  51.4  59.0  67.8  78.0  89.6  103.0 元/小时（对应月收入 1,461  1,679  1,930  2,218  2,549  2,929  3,366  3,869  4,446  5,110  5,873  6,750  7,757  8,915  10,246  11,775  13,533  15,553  17,875  20,543  23,610  27,134  31,185  35,840）
17:18:29 INFO    evtol_siting.choice_model  时间价值: 6.3  7.2  8.3  9.5  11.0  12.6  14.5  16.7  19.1  22.0  25.3  29.1  33.4  38.4  44.1  50.7  58.3  67.0  76.9  88.4  101.6  116.8  134.2  154.3 元/小时（对应月收入 2,189  2,515  2,891  3,322  3,818  4,388  5,043  5,796  6,661  7,655  8,798  10,111  11,621  13,355  15,349  17,640  20,273  23,300  26,778  30,775  35,369  40,648  46,716  53,690）
17:18:29 INFO    evtol_siting.choice_model  选择模型 [区域内积分（σ_within=0.4）]: 出行 15 km，地面 55 分钟 / 57 元，eVTOL 24 分钟 / 130 元，节省 31 分钟；采用概率 0.0564–0.0988（类间比 1.75）
17:18:29 INFO    evtol_siting.choice_model  各类人群采用概率:
 cluster  monthly_income_cny  vot_cny_per_h  p_evtol  demand_rate
       3              1868.0           5.37  0.05642     0.005642
       0              2799.0           8.04  0.05974     0.005974
       5              3613.0          10.38  0.06283     0.006283
       2              4500.0          12.93  0.06638     0.006638
       4              5605.0          16.11  0.07112     0.007112
       6              7236.0          20.79  0.07876     0.007876
       1             10840.0          31.15  0.09879     0.009879
17:18:29 INFO    evtol_siting.choice_model  收入阶梯（K=7）: 1,868  2,799  3,613  4,500  5,605  7,236  10,840
17:18:29 INFO    evtol_siting.choice_model  时间价值: 5.4  8.0  10.4  12.9  16.1  20.8  31.1 元/小时（对应月收入 1,868  2,799  3,613  4,500  5,605  7,236  10,840）
17:18:29 INFO    evtol_siting.choice_model  时间价值: 1.1  1.2  1.4  1.6  1.9  2.2  2.5  2.9  3.3  3.8  4.4  5.0  5.8  6.6  7.6  8.7  10.0  11.5  13.3  15.2  17.5  20.1  23.1  26.6 元/小时（对应月收入 377  433  498  573  658  756  869  999  1,148  1,319  1,516  1,743  2,003  2,302  2,645  3,040  3,494  4,015  4,615  5,304  6,095  7,005  8,051  9,253）
17:18:29 INFO    evtol_siting.choice_model  时间价值: 1.6  1.9  2.1  2.5  2.8  3.3  3.7  4.3  4.9  5.7  6.5  7.5  8.6  9.9  11.4  13.1  15.0  17.3  19.9  22.8  26.2  30.2  34.7  39.8 元/小时（对应月收入 565  649  746  858  986  1,133  1,302  1,496  1,720  1,976  2,271  2,610  3,000  3,448  3,963  4,554  5,234  6,015  6,913  7,945  9,131  10,494  12,061  13,861）
17:18:29 INFO    evtol_siting.choice_model  时间价值: 2.1  2.4  2.8  3.2  3.7  4.2  4.8  5.6  6.4  7.3  8.4  9.7  11.1  12.8  14.7  16.9  19.4  22.3  25.6  29.5  33.9  38.9  44.7  51.4 元/小时（对应月收入 729  838  963  1,107  1,272  1,462  1,681  1,932  2,220  2,551  2,932  3,370  3,873  4,451  5,115  5,879  6,756  7,765  8,924  10,256  11,787  13,547  15,569  17,893）
17:18:29 INFO    evtol_siting.choice_model  时间价值: 2.6  3.0  3.4  4.0  4.6  5.2  6.0  6.9  7.9  9.1  10.5  12.1  13.9  15.9  18.3  21.0  24.2  27.8  31.9  36.7  42.2  48.5  55.7  64.0 元/小时（对应月收入 909  1,044  1,200  1,379  1,585  1,822  2,094  2,406  2,765  3,178  3,652  4,198  4,824  5,544  6,372  7,323  8,416  9,673  11,116  12,776  14,683  16,875  19,394  22,289）
17:18:29 INFO    evtol_siting.choice_model  时间价值: 3.3  3.7  4.3  4.9  5.7  6.5  7.5  8.6  9.9  11.4  13.1  15.0  17.3  19.8  22.8  26.2  30.1  34.6  39.8  45.7  52.6  60.4  69.4  79.8 元/小时（对应月收入 1,132  1,301  1,495  1,718  1,974  2,269  2,608  2,997  3,445  3,959  4,550  5,229  6,009  6,906  7,937  9,122  10,484  12,049  13,847  15,914  18,290  21,020  24,158  27,764）
17:18:29 INFO    evtol_siting.choice_model  时间价值: 4.2  4.8  5.5  6.4  7.3  8.4  9.7  11.1  12.8  14.7  16.9  19.4  22.3  25.6  29.4  33.8  38.9  44.7  51.4  59.0  67.8  78.0  89.6  103.0 元/小时（对应月收入 1,461  1,679  1,930  2,218  2,549  2,929  3,366  3,869  4,446  5,110  5,873  6,750  7,757  8,915  10,246  11,775  13,533  15,553  17,875  20,543  23,610  27,134  31,185  35,840）
17:18:29 INFO    evtol_siting.choice_model  时间价值: 6.3  7.2  8.3  9.5  11.0  12.6  14.5  16.7  19.1  22.0  25.3  29.1  33.4  38.4  44.1  50.7  58.3  67.0  76.9  88.4  101.6  116.8  134.2  154.3 元/小时（对应月收入 2,189  2,515  2,891  3,322  3,818  4,388  5,043  5,796  6,661  7,655  8,798  10,111  11,621  13,355  15,349  17,640  20,273  23,300  26,778  30,775  35,369  40,648  46,716  53,690）
17:18:29 INFO    evtol_siting.choice_model  选择模型 [区域内积分（σ_within=0.4）]: 出行 15 km，地面 55 分钟 / 57 元，eVTOL 24 分钟 / 156 元，节省 31 分钟；采用概率 0.0207–0.0376（类间比 1.81）
17:18:29 INFO    evtol_siting.choice_model  各类人群采用概率:
 cluster  monthly_income_cny  vot_cny_per_h  p_evtol  demand_rate
       3              1868.0           5.37  0.02070     0.002070
       0              2799.0           8.04  0.02197     0.002197
       5              3613.0          10.38  0.02316     0.002316
       2              4500.0          12.93  0.02453     0.002453
       4              5605.0          16.11  0.02638     0.002638
       6              7236.0          20.79  0.02940     0.002940
       1             10840.0          31.15  0.03757     0.003757
17:18:29 INFO    evtol_siting.choice_model  收入阶梯（K=7）: 1,868  2,799  3,613  4,500  5,605  7,236  10,840
17:18:29 INFO    evtol_siting.choice_model  时间价值: 5.4  8.0  10.4  12.9  16.1  20.8  31.1 元/小时（对应月收入 1,868  2,799  3,613  4,500  5,605  7,236  10,840）
17:18:29 INFO    evtol_siting.choice_model  时间价值: 1.1  1.2  1.4  1.6  1.9  2.2  2.5  2.9  3.3  3.8  4.4  5.0  5.8  6.6  7.6  8.7  10.0  11.5  13.3  15.2  17.5  20.1  23.1  26.6 元/小时（对应月收入 377  433  498  573  658  756  869  999  1,148  1,319  1,516  1,743  2,003  2,302  2,645  3,040  3,494  4,015  4,615  5,304  6,095  7,005  8,051  9,253）
17:18:29 INFO    evtol_siting.choice_model  时间价值: 1.6  1.9  2.1  2.5  2.8  3.3  3.7  4.3  4.9  5.7  6.5  7.5  8.6  9.9  11.4  13.1  15.0  17.3  19.9  22.8  26.2  30.2  34.7  39.8 元/小时（对应月收入 565  649  746  858  986  1,133  1,302  1,496  1,720  1,976  2,271  2,610  3,000  3,448  3,963  4,554  5,234  6,015  6,913  7,945  9,131  10,494  12,061  13,861）
17:18:29 INFO    evtol_siting.choice_model  时间价值: 2.1  2.4  2.8  3.2  3.7  4.2  4.8  5.6  6.4  7.3  8.4  9.7  11.1  12.8  14.7  16.9  19.4  22.3  25.6  29.5  33.9  38.9  44.7  51.4 元/小时（对应月收入 729  838  963  1,107  1,272  1,462  1,681  1,932  2,220  2,551  2,932  3,370  3,873  4,451  5,115  5,879  6,756  7,765  8,924  10,256  11,787  13,547  15,569  17,893）
17:18:29 INFO    evtol_siting.choice_model  时间价值: 2.6  3.0  3.4  4.0  4.6  5.2  6.0  6.9  7.9  9.1  10.5  12.1  13.9  15.9  18.3  21.0  24.2  27.8  31.9  36.7  42.2  48.5  55.7  64.0 元/小时（对应月收入 909  1,044  1,200  1,379  1,585  1,822  2,094  2,406  2,765  3,178  3,652  4,198  4,824  5,544  6,372  7,323  8,416  9,673  11,116  12,776  14,683  16,875  19,394  22,289）
17:18:29 INFO    evtol_siting.choice_model  时间价值: 3.3  3.7  4.3  4.9  5.7  6.5  7.5  8.6  9.9  11.4  13.1  15.0  17.3  19.8  22.8  26.2  30.1  34.6  39.8  45.7  52.6  60.4  69.4  79.8 元/小时（对应月收入 1,132  1,301  1,495  1,718  1,974  2,269  2,608  2,997  3,445  3,959  4,550  5,229  6,009  6,906  7,937  9,122  10,484  12,049  13,847  15,914  18,290  21,020  24,158  27,764）
17:18:29 INFO    evtol_siting.choice_model  时间价值: 4.2  4.8  5.5  6.4  7.3  8.4  9.7  11.1  12.8  14.7  16.9  19.4  22.3  25.6  29.4  33.8  38.9  44.7  51.4  59.0  67.8  78.0  89.6  103.0 元/小时（对应月收入 1,461  1,679  1,930  2,218  2,549  2,929  3,366  3,869  4,446  5,110  5,873  6,750  7,757  8,915  10,246  11,775  13,533  15,553  17,875  20,543  23,610  27,134  31,185  35,840）
17:18:29 INFO    evtol_siting.choice_model  时间价值: 6.3  7.2  8.3  9.5  11.0  12.6  14.5  16.7  19.1  22.0  25.3  29.1  33.4  38.4  44.1  50.7  58.3  67.0  76.9  88.4  101.6  116.8  134.2  154.3 元/小时（对应月收入 2,189  2,515  2,891  3,322  3,818  4,388  5,043  5,796  6,661  7,655  8,798  10,111  11,621  13,355  15,349  17,640  20,273  23,300  26,778  30,775  35,369  40,648  46,716  53,690）
17:18:29 INFO    evtol_siting.choice_model  选择模型 [区域内积分（σ_within=0.4）]: 出行 15 km，地面 55 分钟 / 57 元，eVTOL 24 分钟 / 195 元，节省 31 分钟；采用概率 0.0044–0.0082（类间比 1.85）
17:18:29 INFO    evtol_siting.choice_model  各类人群采用概率:
 cluster  monthly_income_cny  vot_cny_per_h  p_evtol  demand_rate
       3              1868.0           5.37  0.00442     0.000442
       0              2799.0           8.04  0.00470     0.000470
       5              3613.0          10.38  0.00496     0.000496
       2              4500.0          12.93  0.00526     0.000526
       4              5605.0          16.11  0.00566     0.000566
       6              7236.0          20.79  0.00633     0.000633
       1             10840.0          31.15  0.00817     0.000817
17:18:29 INFO    evtol_siting.viz.figures   图件已保存: fig03_demand_clusters (PDF, PNG)
17:18:30 INFO    evtol_siting.viz.figures   图件已保存: fig04_pareto_front (PDF, PNG)
17:18:30 INFO    evtol_siting.viz.figures   图件已保存: fig05_convergence (PDF, PNG)
17:18:31 INFO    evtol_siting.viz.figures   图件已保存: fig06_airport_buffer_sensitivity (PDF, PNG)
17:18:31 INFO    evtol_siting.viz.figures   图件已保存: fig07_solution_comparison (PDF, PNG)
17:18:31 INFO    evtol_siting.choice_model  时间价值: 2.9  3.4  4.0  4.6  5.1  5.7  6.3  6.8  7.4  8.0  8.5  9.1  9.7  10.2  10.8  11.4  11.9  12.5  13.1  13.6  14.2  14.8  15.3  15.9  16.5  17.0  17.6  18.2  18.8  19.3  19.9  20.5  21.0  21.6  22.2  22.7  23.3  23.9  24.4  25.0  25.6  26.1  26.7  27.3  27.8  28.4  29.0  29.5  30.1  30.7  31.2  31.8  32.4  32.9  33.5  34.1  34.6  35.2  35.8  36.3  36.9  37.5  38.0  38.6  39.2  39.7  40.3  40.9  41.4  42.0  42.6  43.1  43.7  44.3  44.8  45.4  46.0  46.5  47.1  47.7  48.2  48.8  49.4  49.9  50.5  51.1  51.6  52.2  52.8  53.3  53.9  54.5  55.0  55.6  56.2  56.7  57.3  57.9  58.4  59.0  59.6  60.1  60.7  61.3  61.8  62.4  63.0  63.5  64.1  64.7  65.2  65.8  66.4  66.9  67.5  68.1  68.6  69.2  69.8  70.3  70.9  71.5  72.1  72.6  73.2  73.8  74.3  74.9  75.5  76.0  76.6  77.2  77.7  78.3  78.9  79.4  80.0  80.6  81.1  81.7  82.3  82.8  83.4  84.0  84.5  85.1  85.7  86.2  86.8  87.4  87.9  88.5  89.1  89.6  90.2  90.8  91.3  91.9  92.5  93.0  93.6  94.2  94.7  95.3  95.9  96.4  97.0  97.6  98.1  98.7  99.3  99.8  100.4  101.0  101.5  102.1  102.7  103.2  103.8  104.4  104.9  105.5  106.1  106.6  107.2  107.8  108.3  108.9  109.5  110.0  110.6  111.2  111.7  112.3  112.9  113.4  114.0  114.6  115.1  115.7  116.3  116.8  117.4  118.0  118.5  119.1  119.7  120.2  120.8  121.4  121.9  122.5  123.1  123.6  124.2  124.8  125.4  125.9  126.5  127.1  127.6  128.2  128.8  129.3  129.9  130.5  131.0  131.6  132.2  132.7  133.3  133.9  134.4  135.0  135.6  136.1  136.7  137.3  137.8  138.4  139.0  139.5  140.1  140.7  141.2  141.8  142.4  142.9  143.5  144.1  144.6  145.2  145.8  146.3  146.9  147.5  148.0  148.6  149.2  149.7  150.3  150.9  151.4  152.0  152.6  153.1  153.7  154.3  154.8  155.4  156.0  156.5  157.1  157.7  158.2  158.8  159.4  159.9  160.5  161.1  161.6  162.2  162.8  163.3  163.9  164.5  165.0  165.6  166.2  166.7  167.3  167.9  168.4  169.0  169.6  170.1  170.7  171.3  171.8  172.4 元/小时（对应月收入 1,000  1,197  1,395  1,592  1,789  1,987  2,184  2,381  2,579  2,776  2,973  3,171  3,368  3,565  3,763  3,960  4,157  4,355  4,552  4,749  4,946  5,144  5,341  5,538  5,736  5,933  6,130  6,328  6,525  6,722  6,920  7,117  7,314  7,512  7,709  7,906  8,104  8,301  8,498  8,696  8,893  9,090  9,288  9,485  9,682  9,880  10,077  10,274  10,472  10,669  10,866  11,064  11,261  11,458  11,656  11,853  12,050  12,247  12,445  12,642  12,839  13,037  13,234  13,431  13,629  13,826  14,023  14,221  14,418  14,615  14,813  15,010  15,207  15,405  15,602  15,799  15,997  16,194  16,391  16,589  16,786  16,983  17,181  17,378  17,575  17,773  17,970  18,167  18,365  18,562  18,759  18,957  19,154  19,351  19,548  19,746  19,943  20,140  20,338  20,535  20,732  20,930  21,127  21,324  21,522  21,719  21,916  22,114  22,311  22,508  22,706  22,903  23,100  23,298  23,495  23,692  23,890  24,087  24,284  24,482  24,679  24,876  25,074  25,271  25,468  25,666  25,863  26,060  26,258  26,455  26,652  26,849  27,047  27,244  27,441  27,639  27,836  28,033  28,231  28,428  28,625  28,823  29,020  29,217  29,415  29,612  29,809  30,007  30,204  30,401  30,599  30,796  30,993  31,191  31,388  31,585  31,783  31,980  32,177  32,375  32,572  32,769  32,967  33,164  33,361  33,559  33,756  33,953  34,151  34,348  34,545  34,742  34,940  35,137  35,334  35,532  35,729  35,926  36,124  36,321  36,518  36,716  36,913  37,110  37,308  37,505  37,702  37,900  38,097  38,294  38,492  38,689  38,886  39,084  39,281  39,478  39,676  39,873  40,070  40,268  40,465  40,662  40,860  41,057  41,254  41,452  41,649  41,846  42,043  42,241  42,438  42,635  42,833  43,030  43,227  43,425  43,622  43,819  44,017  44,214  44,411  44,609  44,806  45,003  45,201  45,398  45,595  45,793  45,990  46,187  46,385  46,582  46,779  46,977  47,174  47,371  47,569  47,766  47,963  48,161  48,358  48,555  48,753  48,950  49,147  49,344  49,542  49,739  49,936  50,134  50,331  50,528  50,726  50,923  51,120  51,318  51,515  51,712  51,910  52,107  52,304  52,502  52,699  52,896  53,094  53,291  53,488  53,686  53,883  54,080  54,278  54,475  54,672  54,870  55,067  55,264  55,462  55,659  55,856  56,054  56,251  56,448  56,645  56,843  57,040  57,237  57,435  57,632  57,829  58,027  58,224  58,421  58,619  58,816  59,013  59,211  59,408  59,605  59,803  60,000）
17:18:32 INFO    evtol_siting.viz.figures   图件已保存: fig08_choice_model (PDF, PNG)
17:18:32 INFO    figures                    ==================================================================
17:18:32 INFO    figures                     完成，共生成 14 个文件
17:18:32 INFO    figures                       fig02_height_fusion.pdf
17:18:32 INFO    figures                       fig02_height_fusion.png
17:18:32 INFO    figures                       fig03_demand_clusters.pdf
17:18:32 INFO    figures                       fig03_demand_clusters.png
17:18:32 INFO    figures                       fig04_pareto_front.pdf
17:18:32 INFO    figures                       fig04_pareto_front.png
17:18:32 INFO    figures                       fig05_convergence.pdf
17:18:32 INFO    figures                       fig05_convergence.png
17:18:32 INFO    figures                       fig06_airport_buffer_sensitivity.pdf
17:18:32 INFO    figures                       fig06_airport_buffer_sensitivity.png
17:18:32 INFO    figures                       fig07_solution_comparison.pdf
17:18:32 INFO    figures                       fig07_solution_comparison.png
17:18:32 INFO    figures                       fig08_choice_model.pdf
17:18:32 INFO    figures                       fig08_choice_model.png
17:18:32 INFO    figures                     输出目录: C:\Users\L\AppData\Local\Temp\figtest
17:18:32 INFO    figures                    ==================================================================
19:55:01 INFO    figures                    图件输出目录: 论文稿件\图件
19:55:03 INFO    evtol_siting.data.pbf        airports            1364 个要素
19:55:03 INFO    evtol_siting.data.pbf      PBF 解析完成（扫描 3976 个候选要素，输出 1 个图层）
19:55:11 INFO    evtol_siting.viz.figures   图件已保存: fig01_study_area (PDF, PNG)
19:55:12 INFO    evtol_siting.viz.figures   图件已保存: fig02_height_fusion (PDF, PNG)
19:55:13 INFO    evtol_siting.choice_model  收入阶梯（K=7）: 1,868  2,799  3,613  4,500  5,605  7,236  10,840
19:55:13 INFO    evtol_siting.choice_model  时间价值: 5.4  8.0  10.4  12.9  16.1  20.8  31.1 元/小时（对应月收入 1,868  2,799  3,613  4,500  5,605  7,236  10,840）
19:55:13 INFO    evtol_siting.choice_model  时间价值: 1.1  1.2  1.4  1.6  1.9  2.2  2.5  2.9  3.3  3.8  4.4  5.0  5.8  6.6  7.6  8.7  10.0  11.5  13.3  15.2  17.5  20.1  23.1  26.6 元/小时（对应月收入 377  433  498  573  658  756  869  999  1,148  1,319  1,516  1,743  2,003  2,302  2,645  3,040  3,494  4,015  4,615  5,304  6,095  7,005  8,051  9,253）
19:55:13 INFO    evtol_siting.choice_model  时间价值: 1.6  1.9  2.1  2.5  2.8  3.3  3.7  4.3  4.9  5.7  6.5  7.5  8.6  9.9  11.4  13.1  15.0  17.3  19.9  22.8  26.2  30.2  34.7  39.8 元/小时（对应月收入 565  649  746  858  986  1,133  1,302  1,496  1,720  1,976  2,271  2,610  3,000  3,448  3,963  4,554  5,234  6,015  6,913  7,945  9,131  10,494  12,061  13,861）
19:55:13 INFO    evtol_siting.choice_model  时间价值: 2.1  2.4  2.8  3.2  3.7  4.2  4.8  5.6  6.4  7.3  8.4  9.7  11.1  12.8  14.7  16.9  19.4  22.3  25.6  29.5  33.9  38.9  44.7  51.4 元/小时（对应月收入 729  838  963  1,107  1,272  1,462  1,681  1,932  2,220  2,551  2,932  3,370  3,873  4,451  5,115  5,879  6,756  7,765  8,924  10,256  11,787  13,547  15,569  17,893）
19:55:13 INFO    evtol_siting.choice_model  时间价值: 2.6  3.0  3.4  4.0  4.6  5.2  6.0  6.9  7.9  9.1  10.5  12.1  13.9  15.9  18.3  21.0  24.2  27.8  31.9  36.7  42.2  48.5  55.7  64.0 元/小时（对应月收入 909  1,044  1,200  1,379  1,585  1,822  2,094  2,406  2,765  3,178  3,652  4,198  4,824  5,544  6,372  7,323  8,416  9,673  11,116  12,776  14,683  16,875  19,394  22,289）
19:55:13 INFO    evtol_siting.choice_model  时间价值: 3.3  3.7  4.3  4.9  5.7  6.5  7.5  8.6  9.9  11.4  13.1  15.0  17.3  19.8  22.8  26.2  30.1  34.6  39.8  45.7  52.6  60.4  69.4  79.8 元/小时（对应月收入 1,132  1,301  1,495  1,718  1,974  2,269  2,608  2,997  3,445  3,959  4,550  5,229  6,009  6,906  7,937  9,122  10,484  12,049  13,847  15,914  18,290  21,020  24,158  27,764）
19:55:13 INFO    evtol_siting.choice_model  时间价值: 4.2  4.8  5.5  6.4  7.3  8.4  9.7  11.1  12.8  14.7  16.9  19.4  22.3  25.6  29.4  33.8  38.9  44.7  51.4  59.0  67.8  78.0  89.6  103.0 元/小时（对应月收入 1,461  1,679  1,930  2,218  2,549  2,929  3,366  3,869  4,446  5,110  5,873  6,750  7,757  8,915  10,246  11,775  13,533  15,553  17,875  20,543  23,610  27,134  31,185  35,840）
19:55:13 INFO    evtol_siting.choice_model  时间价值: 6.3  7.2  8.3  9.5  11.0  12.6  14.5  16.7  19.1  22.0  25.3  29.1  33.4  38.4  44.1  50.7  58.3  67.0  76.9  88.4  101.6  116.8  134.2  154.3 元/小时（对应月收入 2,189  2,515  2,891  3,322  3,818  4,388  5,043  5,796  6,661  7,655  8,798  10,111  11,621  13,355  15,349  17,640  20,273  23,300  26,778  30,775  35,369  40,648  46,716  53,690）
19:55:13 INFO    evtol_siting.choice_model  选择模型 [区域内积分（σ_within=0.4）]: 出行 15 km，地面 55 分钟 / 57 元，eVTOL 24 分钟 / 52 元，节省 31 分钟；采用概率 0.5749–0.7020（类间比 1.22）
19:55:13 INFO    evtol_siting.choice_model  各类人群采用概率:
 cluster  monthly_income_cny  vot_cny_per_h  p_evtol  demand_rate
       3              1868.0           5.37  0.57491     0.057491
       0              2799.0           8.04  0.58926     0.058926
       5              3613.0          10.38  0.60165     0.060165
       2              4500.0          12.93  0.61495     0.061495
       4              5605.0          16.11  0.63118     0.063118
       6              7236.0          20.79  0.65437     0.065437
       1             10840.0          31.15  0.70201     0.070201
19:55:13 INFO    evtol_siting.choice_model  收入阶梯（K=7）: 1,868  2,799  3,613  4,500  5,605  7,236  10,840
19:55:13 INFO    evtol_siting.choice_model  时间价值: 5.4  8.0  10.4  12.9  16.1  20.8  31.1 元/小时（对应月收入 1,868  2,799  3,613  4,500  5,605  7,236  10,840）
19:55:13 INFO    evtol_siting.choice_model  时间价值: 1.1  1.2  1.4  1.6  1.9  2.2  2.5  2.9  3.3  3.8  4.4  5.0  5.8  6.6  7.6  8.7  10.0  11.5  13.3  15.2  17.5  20.1  23.1  26.6 元/小时（对应月收入 377  433  498  573  658  756  869  999  1,148  1,319  1,516  1,743  2,003  2,302  2,645  3,040  3,494  4,015  4,615  5,304  6,095  7,005  8,051  9,253）
19:55:13 INFO    evtol_siting.choice_model  时间价值: 1.6  1.9  2.1  2.5  2.8  3.3  3.7  4.3  4.9  5.7  6.5  7.5  8.6  9.9  11.4  13.1  15.0  17.3  19.9  22.8  26.2  30.2  34.7  39.8 元/小时（对应月收入 565  649  746  858  986  1,133  1,302  1,496  1,720  1,976  2,271  2,610  3,000  3,448  3,963  4,554  5,234  6,015  6,913  7,945  9,131  10,494  12,061  13,861）
19:55:13 INFO    evtol_siting.choice_model  时间价值: 2.1  2.4  2.8  3.2  3.7  4.2  4.8  5.6  6.4  7.3  8.4  9.7  11.1  12.8  14.7  16.9  19.4  22.3  25.6  29.5  33.9  38.9  44.7  51.4 元/小时（对应月收入 729  838  963  1,107  1,272  1,462  1,681  1,932  2,220  2,551  2,932  3,370  3,873  4,451  5,115  5,879  6,756  7,765  8,924  10,256  11,787  13,547  15,569  17,893）
19:55:13 INFO    evtol_siting.choice_model  时间价值: 2.6  3.0  3.4  4.0  4.6  5.2  6.0  6.9  7.9  9.1  10.5  12.1  13.9  15.9  18.3  21.0  24.2  27.8  31.9  36.7  42.2  48.5  55.7  64.0 元/小时（对应月收入 909  1,044  1,200  1,379  1,585  1,822  2,094  2,406  2,765  3,178  3,652  4,198  4,824  5,544  6,372  7,323  8,416  9,673  11,116  12,776  14,683  16,875  19,394  22,289）
19:55:13 INFO    evtol_siting.choice_model  时间价值: 3.3  3.7  4.3  4.9  5.7  6.5  7.5  8.6  9.9  11.4  13.1  15.0  17.3  19.8  22.8  26.2  30.1  34.6  39.8  45.7  52.6  60.4  69.4  79.8 元/小时（对应月收入 1,132  1,301  1,495  1,718  1,974  2,269  2,608  2,997  3,445  3,959  4,550  5,229  6,009  6,906  7,937  9,122  10,484  12,049  13,847  15,914  18,290  21,020  24,158  27,764）
19:55:13 INFO    evtol_siting.choice_model  时间价值: 4.2  4.8  5.5  6.4  7.3  8.4  9.7  11.1  12.8  14.7  16.9  19.4  22.3  25.6  29.4  33.8  38.9  44.7  51.4  59.0  67.8  78.0  89.6  103.0 元/小时（对应月收入 1,461  1,679  1,930  2,218  2,549  2,929  3,366  3,869  4,446  5,110  5,873  6,750  7,757  8,915  10,246  11,775  13,533  15,553  17,875  20,543  23,610  27,134  31,185  35,840）
19:55:13 INFO    evtol_siting.choice_model  时间价值: 6.3  7.2  8.3  9.5  11.0  12.6  14.5  16.7  19.1  22.0  25.3  29.1  33.4  38.4  44.1  50.7  58.3  67.0  76.9  88.4  101.6  116.8  134.2  154.3 元/小时（对应月收入 2,189  2,515  2,891  3,322  3,818  4,388  5,043  5,796  6,661  7,655  8,798  10,111  11,621  13,355  15,349  17,640  20,273  23,300  26,778  30,775  35,369  40,648  46,716  53,690）
19:55:13 INFO    evtol_siting.choice_model  选择模型 [区域内积分（σ_within=0.4）]: 出行 15 km，地面 55 分钟 / 57 元，eVTOL 24 分钟 / 78 元，节省 31 分钟；采用概率 0.3236–0.4589（类间比 1.42）
19:55:13 INFO    evtol_siting.choice_model  各类人群采用概率:
 cluster  monthly_income_cny  vot_cny_per_h  p_evtol  demand_rate
       3              1868.0           5.37  0.32356     0.032356
       0              2799.0           8.04  0.33678     0.033678
       5              3613.0          10.38  0.34857     0.034857
       2              4500.0          12.93  0.36164     0.036164
       4              5605.0          16.11  0.37820     0.037820
       6              7236.0          20.79  0.40305     0.040305
       1             10840.0          31.15  0.45888     0.045888
19:55:13 INFO    evtol_siting.choice_model  收入阶梯（K=7）: 1,868  2,799  3,613  4,500  5,605  7,236  10,840
19:55:13 INFO    evtol_siting.choice_model  时间价值: 5.4  8.0  10.4  12.9  16.1  20.8  31.1 元/小时（对应月收入 1,868  2,799  3,613  4,500  5,605  7,236  10,840）
19:55:13 INFO    evtol_siting.choice_model  时间价值: 1.1  1.2  1.4  1.6  1.9  2.2  2.5  2.9  3.3  3.8  4.4  5.0  5.8  6.6  7.6  8.7  10.0  11.5  13.3  15.2  17.5  20.1  23.1  26.6 元/小时（对应月收入 377  433  498  573  658  756  869  999  1,148  1,319  1,516  1,743  2,003  2,302  2,645  3,040  3,494  4,015  4,615  5,304  6,095  7,005  8,051  9,253）
19:55:13 INFO    evtol_siting.choice_model  时间价值: 1.6  1.9  2.1  2.5  2.8  3.3  3.7  4.3  4.9  5.7  6.5  7.5  8.6  9.9  11.4  13.1  15.0  17.3  19.9  22.8  26.2  30.2  34.7  39.8 元/小时（对应月收入 565  649  746  858  986  1,133  1,302  1,496  1,720  1,976  2,271  2,610  3,000  3,448  3,963  4,554  5,234  6,015  6,913  7,945  9,131  10,494  12,061  13,861）
19:55:13 INFO    evtol_siting.choice_model  时间价值: 2.1  2.4  2.8  3.2  3.7  4.2  4.8  5.6  6.4  7.3  8.4  9.7  11.1  12.8  14.7  16.9  19.4  22.3  25.6  29.5  33.9  38.9  44.7  51.4 元/小时（对应月收入 729  838  963  1,107  1,272  1,462  1,681  1,932  2,220  2,551  2,932  3,370  3,873  4,451  5,115  5,879  6,756  7,765  8,924  10,256  11,787  13,547  15,569  17,893）
19:55:13 INFO    evtol_siting.choice_model  时间价值: 2.6  3.0  3.4  4.0  4.6  5.2  6.0  6.9  7.9  9.1  10.5  12.1  13.9  15.9  18.3  21.0  24.2  27.8  31.9  36.7  42.2  48.5  55.7  64.0 元/小时（对应月收入 909  1,044  1,200  1,379  1,585  1,822  2,094  2,406  2,765  3,178  3,652  4,198  4,824  5,544  6,372  7,323  8,416  9,673  11,116  12,776  14,683  16,875  19,394  22,289）
19:55:13 INFO    evtol_siting.choice_model  时间价值: 3.3  3.7  4.3  4.9  5.7  6.5  7.5  8.6  9.9  11.4  13.1  15.0  17.3  19.8  22.8  26.2  30.1  34.6  39.8  45.7  52.6  60.4  69.4  79.8 元/小时（对应月收入 1,132  1,301  1,495  1,718  1,974  2,269  2,608  2,997  3,445  3,959  4,550  5,229  6,009  6,906  7,937  9,122  10,484  12,049  13,847  15,914  18,290  21,020  24,158  27,764）
19:55:13 INFO    evtol_siting.choice_model  时间价值: 4.2  4.8  5.5  6.4  7.3  8.4  9.7  11.1  12.8  14.7  16.9  19.4  22.3  25.6  29.4  33.8  38.9  44.7  51.4  59.0  67.8  78.0  89.6  103.0 元/小时（对应月收入 1,461  1,679  1,930  2,218  2,549  2,929  3,366  3,869  4,446  5,110  5,873  6,750  7,757  8,915  10,246  11,775  13,533  15,553  17,875  20,543  23,610  27,134  31,185  35,840）
19:55:13 INFO    evtol_siting.choice_model  时间价值: 6.3  7.2  8.3  9.5  11.0  12.6  14.5  16.7  19.1  22.0  25.3  29.1  33.4  38.4  44.1  50.7  58.3  67.0  76.9  88.4  101.6  116.8  134.2  154.3 元/小时（对应月收入 2,189  2,515  2,891  3,322  3,818  4,388  5,043  5,796  6,661  7,655  8,798  10,111  11,621  13,355  15,349  17,640  20,273  23,300  26,778  30,775  35,369  40,648  46,716  53,690）
19:55:13 INFO    evtol_siting.choice_model  选择模型 [区域内积分（σ_within=0.4）]: 出行 15 km，地面 55 分钟 / 57 元，eVTOL 24 分钟 / 104 元，节省 31 分钟；采用概率 0.1447–0.2341（类间比 1.62）
19:55:13 INFO    evtol_siting.choice_model  各类人群采用概率:
 cluster  monthly_income_cny  vot_cny_per_h  p_evtol  demand_rate
       3              1868.0           5.37  0.14467     0.014467
       0              2799.0           8.04  0.15231     0.015231
       5              3613.0          10.38  0.15929     0.015929
       2              4500.0          12.93  0.16725     0.016725
       4              5605.0          16.11  0.17764     0.017764
       6              7236.0          20.79  0.19397     0.019397
       1             10840.0          31.15  0.23414     0.023414
19:55:13 INFO    evtol_siting.choice_model  收入阶梯（K=7）: 1,868  2,799  3,613  4,500  5,605  7,236  10,840
19:55:13 INFO    evtol_siting.choice_model  时间价值: 5.4  8.0  10.4  12.9  16.1  20.8  31.1 元/小时（对应月收入 1,868  2,799  3,613  4,500  5,605  7,236  10,840）
19:55:13 INFO    evtol_siting.choice_model  时间价值: 1.1  1.2  1.4  1.6  1.9  2.2  2.5  2.9  3.3  3.8  4.4  5.0  5.8  6.6  7.6  8.7  10.0  11.5  13.3  15.2  17.5  20.1  23.1  26.6 元/小时（对应月收入 377  433  498  573  658  756  869  999  1,148  1,319  1,516  1,743  2,003  2,302  2,645  3,040  3,494  4,015  4,615  5,304  6,095  7,005  8,051  9,253）
19:55:13 INFO    evtol_siting.choice_model  时间价值: 1.6  1.9  2.1  2.5  2.8  3.3  3.7  4.3  4.9  5.7  6.5  7.5  8.6  9.9  11.4  13.1  15.0  17.3  19.9  22.8  26.2  30.2  34.7  39.8 元/小时（对应月收入 565  649  746  858  986  1,133  1,302  1,496  1,720  1,976  2,271  2,610  3,000  3,448  3,963  4,554  5,234  6,015  6,913  7,945  9,131  10,494  12,061  13,861）
19:55:13 INFO    evtol_siting.choice_model  时间价值: 2.1  2.4  2.8  3.2  3.7  4.2  4.8  5.6  6.4  7.3  8.4  9.7  11.1  12.8  14.7  16.9  19.4  22.3  25.6  29.5  33.9  38.9  44.7  51.4 元/小时（对应月收入 729  838  963  1,107  1,272  1,462  1,681  1,932  2,220  2,551  2,932  3,370  3,873  4,451  5,115  5,879  6,756  7,765  8,924  10,256  11,787  13,547  15,569  17,893）
19:55:13 INFO    evtol_siting.choice_model  时间价值: 2.6  3.0  3.4  4.0  4.6  5.2  6.0  6.9  7.9  9.1  10.5  12.1  13.9  15.9  18.3  21.0  24.2  27.8  31.9  36.7  42.2  48.5  55.7  64.0 元/小时（对应月收入 909  1,044  1,200  1,379  1,585  1,822  2,094  2,406  2,765  3,178  3,652  4,198  4,824  5,544  6,372  7,323  8,416  9,673  11,116  12,776  14,683  16,875  19,394  22,289）
19:55:13 INFO    evtol_siting.choice_model  时间价值: 3.3  3.7  4.3  4.9  5.7  6.5  7.5  8.6  9.9  11.4  13.1  15.0  17.3  19.8  22.8  26.2  30.1  34.6  39.8  45.7  52.6  60.4  69.4  79.8 元/小时（对应月收入 1,132  1,301  1,495  1,718  1,974  2,269  2,608  2,997  3,445  3,959  4,550  5,229  6,009  6,906  7,937  9,122  10,484  12,049  13,847  15,914  18,290  21,020  24,158  27,764）
19:55:13 INFO    evtol_siting.choice_model  时间价值: 4.2  4.8  5.5  6.4  7.3  8.4  9.7  11.1  12.8  14.7  16.9  19.4  22.3  25.6  29.4  33.8  38.9  44.7  51.4  59.0  67.8  78.0  89.6  103.0 元/小时（对应月收入 1,461  1,679  1,930  2,218  2,549  2,929  3,366  3,869  4,446  5,110  5,873  6,750  7,757  8,915  10,246  11,775  13,533  15,553  17,875  20,543  23,610  27,134  31,185  35,840）
19:55:13 INFO    evtol_siting.choice_model  时间价值: 6.3  7.2  8.3  9.5  11.0  12.6  14.5  16.7  19.1  22.0  25.3  29.1  33.4  38.4  44.1  50.7  58.3  67.0  76.9  88.4  101.6  116.8  134.2  154.3 元/小时（对应月收入 2,189  2,515  2,891  3,322  3,818  4,388  5,043  5,796  6,661  7,655  8,798  10,111  11,621  13,355  15,349  17,640  20,273  23,300  26,778  30,775  35,369  40,648  46,716  53,690）
19:55:13 INFO    evtol_siting.choice_model  选择模型 [区域内积分（σ_within=0.4）]: 出行 15 km，地面 55 分钟 / 57 元，eVTOL 24 分钟 / 130 元，节省 31 分钟；采用概率 0.0564–0.0988（类间比 1.75）
19:55:13 INFO    evtol_siting.choice_model  各类人群采用概率:
 cluster  monthly_income_cny  vot_cny_per_h  p_evtol  demand_rate
       3              1868.0           5.37  0.05642     0.005642
       0              2799.0           8.04  0.05974     0.005974
       5              3613.0          10.38  0.06283     0.006283
       2              4500.0          12.93  0.06638     0.006638
       4              5605.0          16.11  0.07112     0.007112
       6              7236.0          20.79  0.07876     0.007876
       1             10840.0          31.15  0.09879     0.009879
19:55:13 INFO    evtol_siting.choice_model  收入阶梯（K=7）: 1,868  2,799  3,613  4,500  5,605  7,236  10,840
19:55:13 INFO    evtol_siting.choice_model  时间价值: 5.4  8.0  10.4  12.9  16.1  20.8  31.1 元/小时（对应月收入 1,868  2,799  3,613  4,500  5,605  7,236  10,840）
19:55:13 INFO    evtol_siting.choice_model  时间价值: 1.1  1.2  1.4  1.6  1.9  2.2  2.5  2.9  3.3  3.8  4.4  5.0  5.8  6.6  7.6  8.7  10.0  11.5  13.3  15.2  17.5  20.1  23.1  26.6 元/小时（对应月收入 377  433  498  573  658  756  869  999  1,148  1,319  1,516  1,743  2,003  2,302  2,645  3,040  3,494  4,015  4,615  5,304  6,095  7,005  8,051  9,253）
19:55:13 INFO    evtol_siting.choice_model  时间价值: 1.6  1.9  2.1  2.5  2.8  3.3  3.7  4.3  4.9  5.7  6.5  7.5  8.6  9.9  11.4  13.1  15.0  17.3  19.9  22.8  26.2  30.2  34.7  39.8 元/小时（对应月收入 565  649  746  858  986  1,133  1,302  1,496  1,720  1,976  2,271  2,610  3,000  3,448  3,963  4,554  5,234  6,015  6,913  7,945  9,131  10,494  12,061  13,861）
19:55:13 INFO    evtol_siting.choice_model  时间价值: 2.1  2.4  2.8  3.2  3.7  4.2  4.8  5.6  6.4  7.3  8.4  9.7  11.1  12.8  14.7  16.9  19.4  22.3  25.6  29.5  33.9  38.9  44.7  51.4 元/小时（对应月收入 729  838  963  1,107  1,272  1,462  1,681  1,932  2,220  2,551  2,932  3,370  3,873  4,451  5,115  5,879  6,756  7,765  8,924  10,256  11,787  13,547  15,569  17,893）
19:55:13 INFO    evtol_siting.choice_model  时间价值: 2.6  3.0  3.4  4.0  4.6  5.2  6.0  6.9  7.9  9.1  10.5  12.1  13.9  15.9  18.3  21.0  24.2  27.8  31.9  36.7  42.2  48.5  55.7  64.0 元/小时（对应月收入 909  1,044  1,200  1,379  1,585  1,822  2,094  2,406  2,765  3,178  3,652  4,198  4,824  5,544  6,372  7,323  8,416  9,673  11,116  12,776  14,683  16,875  19,394  22,289）
19:55:13 INFO    evtol_siting.choice_model  时间价值: 3.3  3.7  4.3  4.9  5.7  6.5  7.5  8.6  9.9  11.4  13.1  15.0  17.3  19.8  22.8  26.2  30.1  34.6  39.8  45.7  52.6  60.4  69.4  79.8 元/小时（对应月收入 1,132  1,301  1,495  1,718  1,974  2,269  2,608  2,997  3,445  3,959  4,550  5,229  6,009  6,906  7,937  9,122  10,484  12,049  13,847  15,914  18,290  21,020  24,158  27,764）
19:55:13 INFO    evtol_siting.choice_model  时间价值: 4.2  4.8  5.5  6.4  7.3  8.4  9.7  11.1  12.8  14.7  16.9  19.4  22.3  25.6  29.4  33.8  38.9  44.7  51.4  59.0  67.8  78.0  89.6  103.0 元/小时（对应月收入 1,461  1,679  1,930  2,218  2,549  2,929  3,366  3,869  4,446  5,110  5,873  6,750  7,757  8,915  10,246  11,775  13,533  15,553  17,875  20,543  23,610  27,134  31,185  35,840）
19:55:13 INFO    evtol_siting.choice_model  时间价值: 6.3  7.2  8.3  9.5  11.0  12.6  14.5  16.7  19.1  22.0  25.3  29.1  33.4  38.4  44.1  50.7  58.3  67.0  76.9  88.4  101.6  116.8  134.2  154.3 元/小时（对应月收入 2,189  2,515  2,891  3,322  3,818  4,388  5,043  5,796  6,661  7,655  8,798  10,111  11,621  13,355  15,349  17,640  20,273  23,300  26,778  30,775  35,369  40,648  46,716  53,690）
19:55:13 INFO    evtol_siting.choice_model  选择模型 [区域内积分（σ_within=0.4）]: 出行 15 km，地面 55 分钟 / 57 元，eVTOL 24 分钟 / 156 元，节省 31 分钟；采用概率 0.0207–0.0376（类间比 1.81）
19:55:13 INFO    evtol_siting.choice_model  各类人群采用概率:
 cluster  monthly_income_cny  vot_cny_per_h  p_evtol  demand_rate
       3              1868.0           5.37  0.02070     0.002070
       0              2799.0           8.04  0.02197     0.002197
       5              3613.0          10.38  0.02316     0.002316
       2              4500.0          12.93  0.02453     0.002453
       4              5605.0          16.11  0.02638     0.002638
       6              7236.0          20.79  0.02940     0.002940
       1             10840.0          31.15  0.03757     0.003757
19:55:13 INFO    evtol_siting.choice_model  收入阶梯（K=7）: 1,868  2,799  3,613  4,500  5,605  7,236  10,840
19:55:13 INFO    evtol_siting.choice_model  时间价值: 5.4  8.0  10.4  12.9  16.1  20.8  31.1 元/小时（对应月收入 1,868  2,799  3,613  4,500  5,605  7,236  10,840）
19:55:13 INFO    evtol_siting.choice_model  时间价值: 1.1  1.2  1.4  1.6  1.9  2.2  2.5  2.9  3.3  3.8  4.4  5.0  5.8  6.6  7.6  8.7  10.0  11.5  13.3  15.2  17.5  20.1  23.1  26.6 元/小时（对应月收入 377  433  498  573  658  756  869  999  1,148  1,319  1,516  1,743  2,003  2,302  2,645  3,040  3,494  4,015  4,615  5,304  6,095  7,005  8,051  9,253）
19:55:13 INFO    evtol_siting.choice_model  时间价值: 1.6  1.9  2.1  2.5  2.8  3.3  3.7  4.3  4.9  5.7  6.5  7.5  8.6  9.9  11.4  13.1  15.0  17.3  19.9  22.8  26.2  30.2  34.7  39.8 元/小时（对应月收入 565  649  746  858  986  1,133  1,302  1,496  1,720  1,976  2,271  2,610  3,000  3,448  3,963  4,554  5,234  6,015  6,913  7,945  9,131  10,494  12,061  13,861）
19:55:13 INFO    evtol_siting.choice_model  时间价值: 2.1  2.4  2.8  3.2  3.7  4.2  4.8  5.6  6.4  7.3  8.4  9.7  11.1  12.8  14.7  16.9  19.4  22.3  25.6  29.5  33.9  38.9  44.7  51.4 元/小时（对应月收入 729  838  963  1,107  1,272  1,462  1,681  1,932  2,220  2,551  2,932  3,370  3,873  4,451  5,115  5,879  6,756  7,765  8,924  10,256  11,787  13,547  15,569  17,893）
19:55:13 INFO    evtol_siting.choice_model  时间价值: 2.6  3.0  3.4  4.0  4.6  5.2  6.0  6.9  7.9  9.1  10.5  12.1  13.9  15.9  18.3  21.0  24.2  27.8  31.9  36.7  42.2  48.5  55.7  64.0 元/小时（对应月收入 909  1,044  1,200  1,379  1,585  1,822  2,094  2,406  2,765  3,178  3,652  4,198  4,824  5,544  6,372  7,323  8,416  9,673  11,116  12,776  14,683  16,875  19,394  22,289）
19:55:13 INFO    evtol_siting.choice_model  时间价值: 3.3  3.7  4.3  4.9  5.7  6.5  7.5  8.6  9.9  11.4  13.1  15.0  17.3  19.8  22.8  26.2  30.1  34.6  39.8  45.7  52.6  60.4  69.4  79.8 元/小时（对应月收入 1,132  1,301  1,495  1,718  1,974  2,269  2,608  2,997  3,445  3,959  4,550  5,229  6,009  6,906  7,937  9,122  10,484  12,049  13,847  15,914  18,290  21,020  24,158  27,764）
19:55:13 INFO    evtol_siting.choice_model  时间价值: 4.2  4.8  5.5  6.4  7.3  8.4  9.7  11.1  12.8  14.7  16.9  19.4  22.3  25.6  29.4  33.8  38.9  44.7  51.4  59.0  67.8  78.0  89.6  103.0 元/小时（对应月收入 1,461  1,679  1,930  2,218  2,549  2,929  3,366  3,869  4,446  5,110  5,873  6,750  7,757  8,915  10,246  11,775  13,533  15,553  17,875  20,543  23,610  27,134  31,185  35,840）
19:55:13 INFO    evtol_siting.choice_model  时间价值: 6.3  7.2  8.3  9.5  11.0  12.6  14.5  16.7  19.1  22.0  25.3  29.1  33.4  38.4  44.1  50.7  58.3  67.0  76.9  88.4  101.6  116.8  134.2  154.3 元/小时（对应月收入 2,189  2,515  2,891  3,322  3,818  4,388  5,043  5,796  6,661  7,655  8,798  10,111  11,621  13,355  15,349  17,640  20,273  23,300  26,778  30,775  35,369  40,648  46,716  53,690）
19:55:13 INFO    evtol_siting.choice_model  选择模型 [区域内积分（σ_within=0.4）]: 出行 15 km，地面 55 分钟 / 57 元，eVTOL 24 分钟 / 195 元，节省 31 分钟；采用概率 0.0044–0.0082（类间比 1.85）
19:55:13 INFO    evtol_siting.choice_model  各类人群采用概率:
 cluster  monthly_income_cny  vot_cny_per_h  p_evtol  demand_rate
       3              1868.0           5.37  0.00442     0.000442
       0              2799.0           8.04  0.00470     0.000470
       5              3613.0          10.38  0.00496     0.000496
       2              4500.0          12.93  0.00526     0.000526
       4              5605.0          16.11  0.00566     0.000566
       6              7236.0          20.79  0.00633     0.000633
       1             10840.0          31.15  0.00817     0.000817
19:55:13 INFO    evtol_siting.viz.figures   图件已保存: fig03_demand_clusters (PDF, PNG)
19:55:14 INFO    evtol_siting.viz.figures   图件已保存: fig04_pareto_front (PDF, PNG)
19:55:15 INFO    evtol_siting.viz.figures   图件已保存: fig05_convergence (PDF, PNG)
19:55:16 INFO    evtol_siting.viz.figures   图件已保存: fig06_airport_buffer_sensitivity (PDF, PNG)
19:55:18 INFO    evtol_siting.viz.figures   图件已保存: fig07_solution_comparison (PDF, PNG)
19:55:18 INFO    evtol_siting.choice_model  时间价值: 2.9  3.4  4.0  4.6  5.1  5.7  6.3  6.8  7.4  8.0  8.5  9.1  9.7  10.2  10.8  11.4  11.9  12.5  13.1  13.6  14.2  14.8  15.3  15.9  16.5  17.0  17.6  18.2  18.8  19.3  19.9  20.5  21.0  21.6  22.2  22.7  23.3  23.9  24.4  25.0  25.6  26.1  26.7  27.3  27.8  28.4  29.0  29.5  30.1  30.7  31.2  31.8  32.4  32.9  33.5  34.1  34.6  35.2  35.8  36.3  36.9  37.5  38.0  38.6  39.2  39.7  40.3  40.9  41.4  42.0  42.6  43.1  43.7  44.3  44.8  45.4  46.0  46.5  47.1  47.7  48.2  48.8  49.4  49.9  50.5  51.1  51.6  52.2  52.8  53.3  53.9  54.5  55.0  55.6  56.2  56.7  57.3  57.9  58.4  59.0  59.6  60.1  60.7  61.3  61.8  62.4  63.0  63.5  64.1  64.7  65.2  65.8  66.4  66.9  67.5  68.1  68.6  69.2  69.8  70.3  70.9  71.5  72.1  72.6  73.2  73.8  74.3  74.9  75.5  76.0  76.6  77.2  77.7  78.3  78.9  79.4  80.0  80.6  81.1  81.7  82.3  82.8  83.4  84.0  84.5  85.1  85.7  86.2  86.8  87.4  87.9  88.5  89.1  89.6  90.2  90.8  91.3  91.9  92.5  93.0  93.6  94.2  94.7  95.3  95.9  96.4  97.0  97.6  98.1  98.7  99.3  99.8  100.4  101.0  101.5  102.1  102.7  103.2  103.8  104.4  104.9  105.5  106.1  106.6  107.2  107.8  108.3  108.9  109.5  110.0  110.6  111.2  111.7  112.3  112.9  113.4  114.0  114.6  115.1  115.7  116.3  116.8  117.4  118.0  118.5  119.1  119.7  120.2  120.8  121.4  121.9  122.5  123.1  123.6  124.2  124.8  125.4  125.9  126.5  127.1  127.6  128.2  128.8  129.3  129.9  130.5  131.0  131.6  132.2  132.7  133.3  133.9  134.4  135.0  135.6  136.1  136.7  137.3  137.8  138.4  139.0  139.5  140.1  140.7  141.2  141.8  142.4  142.9  143.5  144.1  144.6  145.2  145.8  146.3  146.9  147.5  148.0  148.6  149.2  149.7  150.3  150.9  151.4  152.0  152.6  153.1  153.7  154.3  154.8  155.4  156.0  156.5  157.1  157.7  158.2  158.8  159.4  159.9  160.5  161.1  161.6  162.2  162.8  163.3  163.9  164.5  165.0  165.6  166.2  166.7  167.3  167.9  168.4  169.0  169.6  170.1  170.7  171.3  171.8  172.4 元/小时（对应月收入 1,000  1,197  1,395  1,592  1,789  1,987  2,184  2,381  2,579  2,776  2,973  3,171  3,368  3,565  3,763  3,960  4,157  4,355  4,552  4,749  4,946  5,144  5,341  5,538  5,736  5,933  6,130  6,328  6,525  6,722  6,920  7,117  7,314  7,512  7,709  7,906  8,104  8,301  8,498  8,696  8,893  9,090  9,288  9,485  9,682  9,880  10,077  10,274  10,472  10,669  10,866  11,064  11,261  11,458  11,656  11,853  12,050  12,247  12,445  12,642  12,839  13,037  13,234  13,431  13,629  13,826  14,023  14,221  14,418  14,615  14,813  15,010  15,207  15,405  15,602  15,799  15,997  16,194  16,391  16,589  16,786  16,983  17,181  17,378  17,575  17,773  17,970  18,167  18,365  18,562  18,759  18,957  19,154  19,351  19,548  19,746  19,943  20,140  20,338  20,535  20,732  20,930  21,127  21,324  21,522  21,719  21,916  22,114  22,311  22,508  22,706  22,903  23,100  23,298  23,495  23,692  23,890  24,087  24,284  24,482  24,679  24,876  25,074  25,271  25,468  25,666  25,863  26,060  26,258  26,455  26,652  26,849  27,047  27,244  27,441  27,639  27,836  28,033  28,231  28,428  28,625  28,823  29,020  29,217  29,415  29,612  29,809  30,007  30,204  30,401  30,599  30,796  30,993  31,191  31,388  31,585  31,783  31,980  32,177  32,375  32,572  32,769  32,967  33,164  33,361  33,559  33,756  33,953  34,151  34,348  34,545  34,742  34,940  35,137  35,334  35,532  35,729  35,926  36,124  36,321  36,518  36,716  36,913  37,110  37,308  37,505  37,702  37,900  38,097  38,294  38,492  38,689  38,886  39,084  39,281  39,478  39,676  39,873  40,070  40,268  40,465  40,662  40,860  41,057  41,254  41,452  41,649  41,846  42,043  42,241  42,438  42,635  42,833  43,030  43,227  43,425  43,622  43,819  44,017  44,214  44,411  44,609  44,806  45,003  45,201  45,398  45,595  45,793  45,990  46,187  46,385  46,582  46,779  46,977  47,174  47,371  47,569  47,766  47,963  48,161  48,358  48,555  48,753  48,950  49,147  49,344  49,542  49,739  49,936  50,134  50,331  50,528  50,726  50,923  51,120  51,318  51,515  51,712  51,910  52,107  52,304  52,502  52,699  52,896  53,094  53,291  53,488  53,686  53,883  54,080  54,278  54,475  54,672  54,870  55,067  55,264  55,462  55,659  55,856  56,054  56,251  56,448  56,645  56,843  57,040  57,237  57,435  57,632  57,829  58,027  58,224  58,421  58,619  58,816  59,013  59,211  59,408  59,605  59,803  60,000）
19:55:19 INFO    evtol_siting.viz.figures   图件已保存: fig08_choice_model (PDF, PNG)
19:55:21 INFO    evtol_siting.viz.figures   图件已保存: fig09_accessibility (PDF, PNG)
19:55:21 INFO    figures                    ==================================================================
19:55:21 INFO    figures                     完成，共生成 18 个文件
19:55:21 INFO    figures                       fig01_study_area.pdf
19:55:21 INFO    figures                       fig01_study_area.png
19:55:21 INFO    figures                       fig02_height_fusion.pdf
19:55:21 INFO    figures                       fig02_height_fusion.png
19:55:21 INFO    figures                       fig03_demand_clusters.pdf
19:55:21 INFO    figures                       fig03_demand_clusters.png
19:55:21 INFO    figures                       fig04_pareto_front.pdf
19:55:21 INFO    figures                       fig04_pareto_front.png
19:55:21 INFO    figures                       fig05_convergence.pdf
19:55:21 INFO    figures                       fig05_convergence.png
19:55:21 INFO    figures                       fig06_airport_buffer_sensitivity.pdf
19:55:21 INFO    figures                       fig06_airport_buffer_sensitivity.png
19:55:21 INFO    figures                       fig07_solution_comparison.pdf
19:55:21 INFO    figures                       fig07_solution_comparison.png
19:55:21 INFO    figures                       fig08_choice_model.pdf
19:55:21 INFO    figures                       fig08_choice_model.png
19:55:21 INFO    figures                       fig09_accessibility.pdf
19:55:21 INFO    figures                       fig09_accessibility.png
19:55:21 INFO    figures                     输出目录: 论文稿件\图件
19:55:21 INFO    figures                    ==================================================================
19:55:41 INFO    figures                    图件输出目录: 论文稿件\图件
19:55:42 ERROR   figures                    图 4 生成失败: 'SubplotSpec' object is not subscriptable
19:55:42 INFO    figures                    ==================================================================
19:55:42 INFO    figures                     完成，共生成 0 个文件
19:55:42 INFO    figures                     输出目录: 论文稿件\图件
19:55:42 INFO    figures                    ==================================================================
19:55:56 INFO    figures                    图件输出目录: 论文稿件\图件
19:55:56 ERROR   figures                    图 4 生成失败: 'SubplotSpec' object is not subscriptable
19:55:56 INFO    figures                    ==================================================================
19:55:56 INFO    figures                     完成，共生成 0 个文件
19:55:56 INFO    figures                     输出目录: 论文稿件\图件
19:55:56 INFO    figures                    ==================================================================
19:56:07 INFO    figures                    图件输出目录: 论文稿件\图件
19:56:08 INFO    evtol_siting.viz.figures   图件已保存: fig04_pareto_front (PDF, PNG)
19:56:08 INFO    figures                    ==================================================================
19:56:08 INFO    figures                     完成，共生成 2 个文件
19:56:08 INFO    figures                       fig04_pareto_front.pdf
19:56:08 INFO    figures                       fig04_pareto_front.png
19:56:08 INFO    figures                     输出目录: 论文稿件\图件
19:56:08 INFO    figures                    ==================================================================
19:56:24 INFO    figures                    图件输出目录: 论文稿件\图件
19:56:26 INFO    evtol_siting.viz.figures   图件已保存: fig04_pareto_front (PDF, PNG)
19:56:26 INFO    figures                    ==================================================================
19:56:26 INFO    figures                     完成，共生成 2 个文件
19:56:26 INFO    figures                       fig04_pareto_front.pdf
19:56:26 INFO    figures                       fig04_pareto_front.png
19:56:26 INFO    figures                     输出目录: 论文稿件\图件
19:56:26 INFO    figures                    ==================================================================
19:56:27 INFO    figures                    图件输出目录: 论文稿件\图件
19:56:29 INFO    evtol_siting.data.pbf        airports            1364 个要素
19:56:29 INFO    evtol_siting.data.pbf      PBF 解析完成（扫描 3976 个候选要素，输出 1 个图层）
19:56:36 INFO    evtol_siting.viz.figures   图件已保存: fig01_study_area (PDF, PNG)
19:56:37 INFO    evtol_siting.viz.figures   图件已保存: fig02_height_fusion (PDF, PNG)
19:56:37 INFO    evtol_siting.choice_model  收入阶梯（K=7）: 1,868  2,799  3,613  4,500  5,605  7,236  10,840
19:56:37 INFO    evtol_siting.choice_model  时间价值: 5.4  8.0  10.4  12.9  16.1  20.8  31.1 元/小时（对应月收入 1,868  2,799  3,613  4,500  5,605  7,236  10,840）
19:56:37 INFO    evtol_siting.choice_model  时间价值: 1.1  1.2  1.4  1.6  1.9  2.2  2.5  2.9  3.3  3.8  4.4  5.0  5.8  6.6  7.6  8.7  10.0  11.5  13.3  15.2  17.5  20.1  23.1  26.6 元/小时（对应月收入 377  433  498  573  658  756  869  999  1,148  1,319  1,516  1,743  2,003  2,302  2,645  3,040  3,494  4,015  4,615  5,304  6,095  7,005  8,051  9,253）
19:56:37 INFO    evtol_siting.choice_model  时间价值: 1.6  1.9  2.1  2.5  2.8  3.3  3.7  4.3  4.9  5.7  6.5  7.5  8.6  9.9  11.4  13.1  15.0  17.3  19.9  22.8  26.2  30.2  34.7  39.8 元/小时（对应月收入 565  649  746  858  986  1,133  1,302  1,496  1,720  1,976  2,271  2,610  3,000  3,448  3,963  4,554  5,234  6,015  6,913  7,945  9,131  10,494  12,061  13,861）
19:56:37 INFO    evtol_siting.choice_model  时间价值: 2.1  2.4  2.8  3.2  3.7  4.2  4.8  5.6  6.4  7.3  8.4  9.7  11.1  12.8  14.7  16.9  19.4  22.3  25.6  29.5  33.9  38.9  44.7  51.4 元/小时（对应月收入 729  838  963  1,107  1,272  1,462  1,681  1,932  2,220  2,551  2,932  3,370  3,873  4,451  5,115  5,879  6,756  7,765  8,924  10,256  11,787  13,547  15,569  17,893）
19:56:37 INFO    evtol_siting.choice_model  时间价值: 2.6  3.0  3.4  4.0  4.6  5.2  6.0  6.9  7.9  9.1  10.5  12.1  13.9  15.9  18.3  21.0  24.2  27.8  31.9  36.7  42.2  48.5  55.7  64.0 元/小时（对应月收入 909  1,044  1,200  1,379  1,585  1,822  2,094  2,406  2,765  3,178  3,652  4,198  4,824  5,544  6,372  7,323  8,416  9,673  11,116  12,776  14,683  16,875  19,394  22,289）
19:56:37 INFO    evtol_siting.choice_model  时间价值: 3.3  3.7  4.3  4.9  5.7  6.5  7.5  8.6  9.9  11.4  13.1  15.0  17.3  19.8  22.8  26.2  30.1  34.6  39.8  45.7  52.6  60.4  69.4  79.8 元/小时（对应月收入 1,132  1,301  1,495  1,718  1,974  2,269  2,608  2,997  3,445  3,959  4,550  5,229  6,009  6,906  7,937  9,122  10,484  12,049  13,847  15,914  18,290  21,020  24,158  27,764）
19:56:37 INFO    evtol_siting.choice_model  时间价值: 4.2  4.8  5.5  6.4  7.3  8.4  9.7  11.1  12.8  14.7  16.9  19.4  22.3  25.6  29.4  33.8  38.9  44.7  51.4  59.0  67.8  78.0  89.6  103.0 元/小时（对应月收入 1,461  1,679  1,930  2,218  2,549  2,929  3,366  3,869  4,446  5,110  5,873  6,750  7,757  8,915  10,246  11,775  13,533  15,553  17,875  20,543  23,610  27,134  31,185  35,840）
19:56:37 INFO    evtol_siting.choice_model  时间价值: 6.3  7.2  8.3  9.5  11.0  12.6  14.5  16.7  19.1  22.0  25.3  29.1  33.4  38.4  44.1  50.7  58.3  67.0  76.9  88.4  101.6  116.8  134.2  154.3 元/小时（对应月收入 2,189  2,515  2,891  3,322  3,818  4,388  5,043  5,796  6,661  7,655  8,798  10,111  11,621  13,355  15,349  17,640  20,273  23,300  26,778  30,775  35,369  40,648  46,716  53,690）
19:56:37 INFO    evtol_siting.choice_model  选择模型 [区域内积分（σ_within=0.4）]: 出行 15 km，地面 55 分钟 / 57 元，eVTOL 24 分钟 / 52 元，节省 31 分钟；采用概率 0.5749–0.7020（类间比 1.22）
19:56:37 INFO    evtol_siting.choice_model  各类人群采用概率:
 cluster  monthly_income_cny  vot_cny_per_h  p_evtol  demand_rate
       3              1868.0           5.37  0.57491     0.057491
       0              2799.0           8.04  0.58926     0.058926
       5              3613.0          10.38  0.60165     0.060165
       2              4500.0          12.93  0.61495     0.061495
       4              5605.0          16.11  0.63118     0.063118
       6              7236.0          20.79  0.65437     0.065437
       1             10840.0          31.15  0.70201     0.070201
19:56:37 INFO    evtol_siting.choice_model  收入阶梯（K=7）: 1,868  2,799  3,613  4,500  5,605  7,236  10,840
19:56:37 INFO    evtol_siting.choice_model  时间价值: 5.4  8.0  10.4  12.9  16.1  20.8  31.1 元/小时（对应月收入 1,868  2,799  3,613  4,500  5,605  7,236  10,840）
19:56:37 INFO    evtol_siting.choice_model  时间价值: 1.1  1.2  1.4  1.6  1.9  2.2  2.5  2.9  3.3  3.8  4.4  5.0  5.8  6.6  7.6  8.7  10.0  11.5  13.3  15.2  17.5  20.1  23.1  26.6 元/小时（对应月收入 377  433  498  573  658  756  869  999  1,148  1,319  1,516  1,743  2,003  2,302  2,645  3,040  3,494  4,015  4,615  5,304  6,095  7,005  8,051  9,253）
19:56:37 INFO    evtol_siting.choice_model  时间价值: 1.6  1.9  2.1  2.5  2.8  3.3  3.7  4.3  4.9  5.7  6.5  7.5  8.6  9.9  11.4  13.1  15.0  17.3  19.9  22.8  26.2  30.2  34.7  39.8 元/小时（对应月收入 565  649  746  858  986  1,133  1,302  1,496  1,720  1,976  2,271  2,610  3,000  3,448  3,963  4,554  5,234  6,015  6,913  7,945  9,131  10,494  12,061  13,861）
19:56:37 INFO    evtol_siting.choice_model  时间价值: 2.1  2.4  2.8  3.2  3.7  4.2  4.8  5.6  6.4  7.3  8.4  9.7  11.1  12.8  14.7  16.9  19.4  22.3  25.6  29.5  33.9  38.9  44.7  51.4 元/小时（对应月收入 729  838  963  1,107  1,272  1,462  1,681  1,932  2,220  2,551  2,932  3,370  3,873  4,451  5,115  5,879  6,756  7,765  8,924  10,256  11,787  13,547  15,569  17,893）
19:56:37 INFO    evtol_siting.choice_model  时间价值: 2.6  3.0  3.4  4.0  4.6  5.2  6.0  6.9  7.9  9.1  10.5  12.1  13.9  15.9  18.3  21.0  24.2  27.8  31.9  36.7  42.2  48.5  55.7  64.0 元/小时（对应月收入 909  1,044  1,200  1,379  1,585  1,822  2,094  2,406  2,765  3,178  3,652  4,198  4,824  5,544  6,372  7,323  8,416  9,673  11,116  12,776  14,683  16,875  19,394  22,289）
19:56:37 INFO    evtol_siting.choice_model  时间价值: 3.3  3.7  4.3  4.9  5.7  6.5  7.5  8.6  9.9  11.4  13.1  15.0  17.3  19.8  22.8  26.2  30.1  34.6  39.8  45.7  52.6  60.4  69.4  79.8 元/小时（对应月收入 1,132  1,301  1,495  1,718  1,974  2,269  2,608  2,997  3,445  3,959  4,550  5,229  6,009  6,906  7,937  9,122  10,484  12,049  13,847  15,914  18,290  21,020  24,158  27,764）
19:56:37 INFO    evtol_siting.choice_model  时间价值: 4.2  4.8  5.5  6.4  7.3  8.4  9.7  11.1  12.8  14.7  16.9  19.4  22.3  25.6  29.4  33.8  38.9  44.7  51.4  59.0  67.8  78.0  89.6  103.0 元/小时（对应月收入 1,461  1,679  1,930  2,218  2,549  2,929  3,366  3,869  4,446  5,110  5,873  6,750  7,757  8,915  10,246  11,775  13,533  15,553  17,875  20,543  23,610  27,134  31,185  35,840）
19:56:37 INFO    evtol_siting.choice_model  时间价值: 6.3  7.2  8.3  9.5  11.0  12.6  14.5  16.7  19.1  22.0  25.3  29.1  33.4  38.4  44.1  50.7  58.3  67.0  76.9  88.4  101.6  116.8  134.2  154.3 元/小时（对应月收入 2,189  2,515  2,891  3,322  3,818  4,388  5,043  5,796  6,661  7,655  8,798  10,111  11,621  13,355  15,349  17,640  20,273  23,300  26,778  30,775  35,369  40,648  46,716  53,690）
19:56:37 INFO    evtol_siting.choice_model  选择模型 [区域内积分（σ_within=0.4）]: 出行 15 km，地面 55 分钟 / 57 元，eVTOL 24 分钟 / 78 元，节省 31 分钟；采用概率 0.3236–0.4589（类间比 1.42）
19:56:37 INFO    evtol_siting.choice_model  各类人群采用概率:
 cluster  monthly_income_cny  vot_cny_per_h  p_evtol  demand_rate
       3              1868.0           5.37  0.32356     0.032356
       0              2799.0           8.04  0.33678     0.033678
       5              3613.0          10.38  0.34857     0.034857
       2              4500.0          12.93  0.36164     0.036164
       4              5605.0          16.11  0.37820     0.037820
       6              7236.0          20.79  0.40305     0.040305
       1             10840.0          31.15  0.45888     0.045888
19:56:37 INFO    evtol_siting.choice_model  收入阶梯（K=7）: 1,868  2,799  3,613  4,500  5,605  7,236  10,840
19:56:37 INFO    evtol_siting.choice_model  时间价值: 5.4  8.0  10.4  12.9  16.1  20.8  31.1 元/小时（对应月收入 1,868  2,799  3,613  4,500  5,605  7,236  10,840）
19:56:37 INFO    evtol_siting.choice_model  时间价值: 1.1  1.2  1.4  1.6  1.9  2.2  2.5  2.9  3.3  3.8  4.4  5.0  5.8  6.6  7.6  8.7  10.0  11.5  13.3  15.2  17.5  20.1  23.1  26.6 元/小时（对应月收入 377  433  498  573  658  756  869  999  1,148  1,319  1,516  1,743  2,003  2,302  2,645  3,040  3,494  4,015  4,615  5,304  6,095  7,005  8,051  9,253）
19:56:37 INFO    evtol_siting.choice_model  时间价值: 1.6  1.9  2.1  2.5  2.8  3.3  3.7  4.3  4.9  5.7  6.5  7.5  8.6  9.9  11.4  13.1  15.0  17.3  19.9  22.8  26.2  30.2  34.7  39.8 元/小时（对应月收入 565  649  746  858  986  1,133  1,302  1,496  1,720  1,976  2,271  2,610  3,000  3,448  3,963  4,554  5,234  6,015  6,913  7,945  9,131  10,494  12,061  13,861）
19:56:37 INFO    evtol_siting.choice_model  时间价值: 2.1  2.4  2.8  3.2  3.7  4.2  4.8  5.6  6.4  7.3  8.4  9.7  11.1  12.8  14.7  16.9  19.4  22.3  25.6  29.5  33.9  38.9  44.7  51.4 元/小时（对应月收入 729  838  963  1,107  1,272  1,462  1,681  1,932  2,220  2,551  2,932  3,370  3,873  4,451  5,115  5,879  6,756  7,765  8,924  10,256  11,787  13,547  15,569  17,893）
19:56:37 INFO    evtol_siting.choice_model  时间价值: 2.6  3.0  3.4  4.0  4.6  5.2  6.0  6.9  7.9  9.1  10.5  12.1  13.9  15.9  18.3  21.0  24.2  27.8  31.9  36.7  42.2  48.5  55.7  64.0 元/小时（对应月收入 909  1,044  1,200  1,379  1,585  1,822  2,094  2,406  2,765  3,178  3,652  4,198  4,824  5,544  6,372  7,323  8,416  9,673  11,116  12,776  14,683  16,875  19,394  22,289）
19:56:37 INFO    evtol_siting.choice_model  时间价值: 3.3  3.7  4.3  4.9  5.7  6.5  7.5  8.6  9.9  11.4  13.1  15.0  17.3  19.8  22.8  26.2  30.1  34.6  39.8  45.7  52.6  60.4  69.4  79.8 元/小时（对应月收入 1,132  1,301  1,495  1,718  1,974  2,269  2,608  2,997  3,445  3,959  4,550  5,229  6,009  6,906  7,937  9,122  10,484  12,049  13,847  15,914  18,290  21,020  24,158  27,764）
19:56:37 INFO    evtol_siting.choice_model  时间价值: 4.2  4.8  5.5  6.4  7.3  8.4  9.7  11.1  12.8  14.7  16.9  19.4  22.3  25.6  29.4  33.8  38.9  44.7  51.4  59.0  67.8  78.0  89.6  103.0 元/小时（对应月收入 1,461  1,679  1,930  2,218  2,549  2,929  3,366  3,869  4,446  5,110  5,873  6,750  7,757  8,915  10,246  11,775  13,533  15,553  17,875  20,543  23,610  27,134  31,185  35,840）
19:56:37 INFO    evtol_siting.choice_model  时间价值: 6.3  7.2  8.3  9.5  11.0  12.6  14.5  16.7  19.1  22.0  25.3  29.1  33.4  38.4  44.1  50.7  58.3  67.0  76.9  88.4  101.6  116.8  134.2  154.3 元/小时（对应月收入 2,189  2,515  2,891  3,322  3,818  4,388  5,043  5,796  6,661  7,655  8,798  10,111  11,621  13,355  15,349  17,640  20,273  23,300  26,778  30,775  35,369  40,648  46,716  53,690）
19:56:37 INFO    evtol_siting.choice_model  选择模型 [区域内积分（σ_within=0.4）]: 出行 15 km，地面 55 分钟 / 57 元，eVTOL 24 分钟 / 104 元，节省 31 分钟；采用概率 0.1447–0.2341（类间比 1.62）
19:56:37 INFO    evtol_siting.choice_model  各类人群采用概率:
 cluster  monthly_income_cny  vot_cny_per_h  p_evtol  demand_rate
       3              1868.0           5.37  0.14467     0.014467
       0              2799.0           8.04  0.15231     0.015231
       5              3613.0          10.38  0.15929     0.015929
       2              4500.0          12.93  0.16725     0.016725
       4              5605.0          16.11  0.17764     0.017764
       6              7236.0          20.79  0.19397     0.019397
       1             10840.0          31.15  0.23414     0.023414
19:56:37 INFO    evtol_siting.choice_model  收入阶梯（K=7）: 1,868  2,799  3,613  4,500  5,605  7,236  10,840
19:56:37 INFO    evtol_siting.choice_model  时间价值: 5.4  8.0  10.4  12.9  16.1  20.8  31.1 元/小时（对应月收入 1,868  2,799  3,613  4,500  5,605  7,236  10,840）
19:56:37 INFO    evtol_siting.choice_model  时间价值: 1.1  1.2  1.4  1.6  1.9  2.2  2.5  2.9  3.3  3.8  4.4  5.0  5.8  6.6  7.6  8.7  10.0  11.5  13.3  15.2  17.5  20.1  23.1  26.6 元/小时（对应月收入 377  433  498  573  658  756  869  999  1,148  1,319  1,516  1,743  2,003  2,302  2,645  3,040  3,494  4,015  4,615  5,304  6,095  7,005  8,051  9,253）
19:56:37 INFO    evtol_siting.choice_model  时间价值: 1.6  1.9  2.1  2.5  2.8  3.3  3.7  4.3  4.9  5.7  6.5  7.5  8.6  9.9  11.4  13.1  15.0  17.3  19.9  22.8  26.2  30.2  34.7  39.8 元/小时（对应月收入 565  649  746  858  986  1,133  1,302  1,496  1,720  1,976  2,271  2,610  3,000  3,448  3,963  4,554  5,234  6,015  6,913  7,945  9,131  10,494  12,061  13,861）
19:56:37 INFO    evtol_siting.choice_model  时间价值: 2.1  2.4  2.8  3.2  3.7  4.2  4.8  5.6  6.4  7.3  8.4  9.7  11.1  12.8  14.7  16.9  19.4  22.3  25.6  29.5  33.9  38.9  44.7  51.4 元/小时（对应月收入 729  838  963  1,107  1,272  1,462  1,681  1,932  2,220  2,551  2,932  3,370  3,873  4,451  5,115  5,879  6,756  7,765  8,924  10,256  11,787  13,547  15,569  17,893）
19:56:37 INFO    evtol_siting.choice_model  时间价值: 2.6  3.0  3.4  4.0  4.6  5.2  6.0  6.9  7.9  9.1  10.5  12.1  13.9  15.9  18.3  21.0  24.2  27.8  31.9  36.7  42.2  48.5  55.7  64.0 元/小时（对应月收入 909  1,044  1,200  1,379  1,585  1,822  2,094  2,406  2,765  3,178  3,652  4,198  4,824  5,544  6,372  7,323  8,416  9,673  11,116  12,776  14,683  16,875  19,394  22,289）
19:56:37 INFO    evtol_siting.choice_model  时间价值: 3.3  3.7  4.3  4.9  5.7  6.5  7.5  8.6  9.9  11.4  13.1  15.0  17.3  19.8  22.8  26.2  30.1  34.6  39.8  45.7  52.6  60.4  69.4  79.8 元/小时（对应月收入 1,132  1,301  1,495  1,718  1,974  2,269  2,608  2,997  3,445  3,959  4,550  5,229  6,009  6,906  7,937  9,122  10,484  12,049  13,847  15,914  18,290  21,020  24,158  27,764）
19:56:37 INFO    evtol_siting.choice_model  时间价值: 4.2  4.8  5.5  6.4  7.3  8.4  9.7  11.1  12.8  14.7  16.9  19.4  22.3  25.6  29.4  33.8  38.9  44.7  51.4  59.0  67.8  78.0  89.6  103.0 元/小时（对应月收入 1,461  1,679  1,930  2,218  2,549  2,929  3,366  3,869  4,446  5,110  5,873  6,750  7,757  8,915  10,246  11,775  13,533  15,553  17,875  20,543  23,610  27,134  31,185  35,840）
19:56:37 INFO    evtol_siting.choice_model  时间价值: 6.3  7.2  8.3  9.5  11.0  12.6  14.5  16.7  19.1  22.0  25.3  29.1  33.4  38.4  44.1  50.7  58.3  67.0  76.9  88.4  101.6  116.8  134.2  154.3 元/小时（对应月收入 2,189  2,515  2,891  3,322  3,818  4,388  5,043  5,796  6,661  7,655  8,798  10,111  11,621  13,355  15,349  17,640  20,273  23,300  26,778  30,775  35,369  40,648  46,716  53,690）
19:56:37 INFO    evtol_siting.choice_model  选择模型 [区域内积分（σ_within=0.4）]: 出行 15 km，地面 55 分钟 / 57 元，eVTOL 24 分钟 / 130 元，节省 31 分钟；采用概率 0.0564–0.0988（类间比 1.75）
19:56:37 INFO    evtol_siting.choice_model  各类人群采用概率:
 cluster  monthly_income_cny  vot_cny_per_h  p_evtol  demand_rate
       3              1868.0           5.37  0.05642     0.005642
       0              2799.0           8.04  0.05974     0.005974
       5              3613.0          10.38  0.06283     0.006283
       2              4500.0          12.93  0.06638     0.006638
       4              5605.0          16.11  0.07112     0.007112
       6              7236.0          20.79  0.07876     0.007876
       1             10840.0          31.15  0.09879     0.009879
19:56:37 INFO    evtol_siting.choice_model  收入阶梯（K=7）: 1,868  2,799  3,613  4,500  5,605  7,236  10,840
19:56:37 INFO    evtol_siting.choice_model  时间价值: 5.4  8.0  10.4  12.9  16.1  20.8  31.1 元/小时（对应月收入 1,868  2,799  3,613  4,500  5,605  7,236  10,840）
19:56:37 INFO    evtol_siting.choice_model  时间价值: 1.1  1.2  1.4  1.6  1.9  2.2  2.5  2.9  3.3  3.8  4.4  5.0  5.8  6.6  7.6  8.7  10.0  11.5  13.3  15.2  17.5  20.1  23.1  26.6 元/小时（对应月收入 377  433  498  573  658  756  869  999  1,148  1,319  1,516  1,743  2,003  2,302  2,645  3,040  3,494  4,015  4,615  5,304  6,095  7,005  8,051  9,253）
19:56:37 INFO    evtol_siting.choice_model  时间价值: 1.6  1.9  2.1  2.5  2.8  3.3  3.7  4.3  4.9  5.7  6.5  7.5  8.6  9.9  11.4  13.1  15.0  17.3  19.9  22.8  26.2  30.2  34.7  39.8 元/小时（对应月收入 565  649  746  858  986  1,133  1,302  1,496  1,720  1,976  2,271  2,610  3,000  3,448  3,963  4,554  5,234  6,015  6,913  7,945  9,131  10,494  12,061  13,861）
19:56:37 INFO    evtol_siting.choice_model  时间价值: 2.1  2.4  2.8  3.2  3.7  4.2  4.8  5.6  6.4  7.3  8.4  9.7  11.1  12.8  14.7  16.9  19.4  22.3  25.6  29.5  33.9  38.9  44.7  51.4 元/小时（对应月收入 729  838  963  1,107  1,272  1,462  1,681  1,932  2,220  2,551  2,932  3,370  3,873  4,451  5,115  5,879  6,756  7,765  8,924  10,256  11,787  13,547  15,569  17,893）
19:56:37 INFO    evtol_siting.choice_model  时间价值: 2.6  3.0  3.4  4.0  4.6  5.2  6.0  6.9  7.9  9.1  10.5  12.1  13.9  15.9  18.3  21.0  24.2  27.8  31.9  36.7  42.2  48.5  55.7  64.0 元/小时（对应月收入 909  1,044  1,200  1,379  1,585  1,822  2,094  2,406  2,765  3,178  3,652  4,198  4,824  5,544  6,372  7,323  8,416  9,673  11,116  12,776  14,683  16,875  19,394  22,289）
19:56:37 INFO    evtol_siting.choice_model  时间价值: 3.3  3.7  4.3  4.9  5.7  6.5  7.5  8.6  9.9  11.4  13.1  15.0  17.3  19.8  22.8  26.2  30.1  34.6  39.8  45.7  52.6  60.4  69.4  79.8 元/小时（对应月收入 1,132  1,301  1,495  1,718  1,974  2,269  2,608  2,997  3,445  3,959  4,550  5,229  6,009  6,906  7,937  9,122  10,484  12,049  13,847  15,914  18,290  21,020  24,158  27,764）
19:56:37 INFO    evtol_siting.choice_model  时间价值: 4.2  4.8  5.5  6.4  7.3  8.4  9.7  11.1  12.8  14.7  16.9  19.4  22.3  25.6  29.4  33.8  38.9  44.7  51.4  59.0  67.8  78.0  89.6  103.0 元/小时（对应月收入 1,461  1,679  1,930  2,218  2,549  2,929  3,366  3,869  4,446  5,110  5,873  6,750  7,757  8,915  10,246  11,775  13,533  15,553  17,875  20,543  23,610  27,134  31,185  35,840）
19:56:37 INFO    evtol_siting.choice_model  时间价值: 6.3  7.2  8.3  9.5  11.0  12.6  14.5  16.7  19.1  22.0  25.3  29.1  33.4  38.4  44.1  50.7  58.3  67.0  76.9  88.4  101.6  116.8  134.2  154.3 元/小时（对应月收入 2,189  2,515  2,891  3,322  3,818  4,388  5,043  5,796  6,661  7,655  8,798  10,111  11,621  13,355  15,349  17,640  20,273  23,300  26,778  30,775  35,369  40,648  46,716  53,690）
19:56:37 INFO    evtol_siting.choice_model  选择模型 [区域内积分（σ_within=0.4）]: 出行 15 km，地面 55 分钟 / 57 元，eVTOL 24 分钟 / 156 元，节省 31 分钟；采用概率 0.0207–0.0376（类间比 1.81）
19:56:37 INFO    evtol_siting.choice_model  各类人群采用概率:
 cluster  monthly_income_cny  vot_cny_per_h  p_evtol  demand_rate
       3              1868.0           5.37  0.02070     0.002070
       0              2799.0           8.04  0.02197     0.002197
       5              3613.0          10.38  0.02316     0.002316
       2              4500.0          12.93  0.02453     0.002453
       4              5605.0          16.11  0.02638     0.002638
       6              7236.0          20.79  0.02940     0.002940
       1             10840.0          31.15  0.03757     0.003757
19:56:37 INFO    evtol_siting.choice_model  收入阶梯（K=7）: 1,868  2,799  3,613  4,500  5,605  7,236  10,840
19:56:37 INFO    evtol_siting.choice_model  时间价值: 5.4  8.0  10.4  12.9  16.1  20.8  31.1 元/小时（对应月收入 1,868  2,799  3,613  4,500  5,605  7,236  10,840）
19:56:37 INFO    evtol_siting.choice_model  时间价值: 1.1  1.2  1.4  1.6  1.9  2.2  2.5  2.9  3.3  3.8  4.4  5.0  5.8  6.6  7.6  8.7  10.0  11.5  13.3  15.2  17.5  20.1  23.1  26.6 元/小时（对应月收入 377  433  498  573  658  756  869  999  1,148  1,319  1,516  1,743  2,003  2,302  2,645  3,040  3,494  4,015  4,615  5,304  6,095  7,005  8,051  9,253）
19:56:37 INFO    evtol_siting.choice_model  时间价值: 1.6  1.9  2.1  2.5  2.8  3.3  3.7  4.3  4.9  5.7  6.5  7.5  8.6  9.9  11.4  13.1  15.0  17.3  19.9  22.8  26.2  30.2  34.7  39.8 元/小时（对应月收入 565  649  746  858  986  1,133  1,302  1,496  1,720  1,976  2,271  2,610  3,000  3,448  3,963  4,554  5,234  6,015  6,913  7,945  9,131  10,494  12,061  13,861）
19:56:37 INFO    evtol_siting.choice_model  时间价值: 2.1  2.4  2.8  3.2  3.7  4.2  4.8  5.6  6.4  7.3  8.4  9.7  11.1  12.8  14.7  16.9  19.4  22.3  25.6  29.5  33.9  38.9  44.7  51.4 元/小时（对应月收入 729  838  963  1,107  1,272  1,462  1,681  1,932  2,220  2,551  2,932  3,370  3,873  4,451  5,115  5,879  6,756  7,765  8,924  10,256  11,787  13,547  15,569  17,893）
19:56:37 INFO    evtol_siting.choice_model  时间价值: 2.6  3.0  3.4  4.0  4.6  5.2  6.0  6.9  7.9  9.1  10.5  12.1  13.9  15.9  18.3  21.0  24.2  27.8  31.9  36.7  42.2  48.5  55.7  64.0 元/小时（对应月收入 909  1,044  1,200  1,379  1,585  1,822  2,094  2,406  2,765  3,178  3,652  4,198  4,824  5,544  6,372  7,323  8,416  9,673  11,116  12,776  14,683  16,875  19,394  22,289）
19:56:37 INFO    evtol_siting.choice_model  时间价值: 3.3  3.7  4.3  4.9  5.7  6.5  7.5  8.6  9.9  11.4  13.1  15.0  17.3  19.8  22.8  26.2  30.1  34.6  39.8  45.7  52.6  60.4  69.4  79.8 元/小时（对应月收入 1,132  1,301  1,495  1,718  1,974  2,269  2,608  2,997  3,445  3,959  4,550  5,229  6,009  6,906  7,937  9,122  10,484  12,049  13,847  15,914  18,290  21,020  24,158  27,764）
19:56:37 INFO    evtol_siting.choice_model  时间价值: 4.2  4.8  5.5  6.4  7.3  8.4  9.7  11.1  12.8  14.7  16.9  19.4  22.3  25.6  29.4  33.8  38.9  44.7  51.4  59.0  67.8  78.0  89.6  103.0 元/小时（对应月收入 1,461  1,679  1,930  2,218  2,549  2,929  3,366  3,869  4,446  5,110  5,873  6,750  7,757  8,915  10,246  11,775  13,533  15,553  17,875  20,543  23,610  27,134  31,185  35,840）
19:56:37 INFO    evtol_siting.choice_model  时间价值: 6.3  7.2  8.3  9.5  11.0  12.6  14.5  16.7  19.1  22.0  25.3  29.1  33.4  38.4  44.1  50.7  58.3  67.0  76.9  88.4  101.6  116.8  134.2  154.3 元/小时（对应月收入 2,189  2,515  2,891  3,322  3,818  4,388  5,043  5,796  6,661  7,655  8,798  10,111  11,621  13,355  15,349  17,640  20,273  23,300  26,778  30,775  35,369  40,648  46,716  53,690）
19:56:37 INFO    evtol_siting.choice_model  选择模型 [区域内积分（σ_within=0.4）]: 出行 15 km，地面 55 分钟 / 57 元，eVTOL 24 分钟 / 195 元，节省 31 分钟；采用概率 0.0044–0.0082（类间比 1.85）
19:56:37 INFO    evtol_siting.choice_model  各类人群采用概率:
 cluster  monthly_income_cny  vot_cny_per_h  p_evtol  demand_rate
       3              1868.0           5.37  0.00442     0.000442
       0              2799.0           8.04  0.00470     0.000470
       5              3613.0          10.38  0.00496     0.000496
       2              4500.0          12.93  0.00526     0.000526
       4              5605.0          16.11  0.00566     0.000566
       6              7236.0          20.79  0.00633     0.000633
       1             10840.0          31.15  0.00817     0.000817
19:56:38 INFO    evtol_siting.viz.figures   图件已保存: fig03_demand_clusters (PDF, PNG)
19:56:39 INFO    evtol_siting.viz.figures   图件已保存: fig04_pareto_front (PDF, PNG)
19:56:39 INFO    evtol_siting.viz.figures   图件已保存: fig05_convergence (PDF, PNG)
19:56:39 INFO    evtol_siting.viz.figures   图件已保存: fig06_airport_buffer_sensitivity (PDF, PNG)
19:56:40 INFO    evtol_siting.viz.figures   图件已保存: fig07_solution_comparison (PDF, PNG)
19:56:40 INFO    evtol_siting.choice_model  时间价值: 2.9  3.4  4.0  4.6  5.1  5.7  6.3  6.8  7.4  8.0  8.5  9.1  9.7  10.2  10.8  11.4  11.9  12.5  13.1  13.6  14.2  14.8  15.3  15.9  16.5  17.0  17.6  18.2  18.8  19.3  19.9  20.5  21.0  21.6  22.2  22.7  23.3  23.9  24.4  25.0  25.6  26.1  26.7  27.3  27.8  28.4  29.0  29.5  30.1  30.7  31.2  31.8  32.4  32.9  33.5  34.1  34.6  35.2  35.8  36.3  36.9  37.5  38.0  38.6  39.2  39.7  40.3  40.9  41.4  42.0  42.6  43.1  43.7  44.3  44.8  45.4  46.0  46.5  47.1  47.7  48.2  48.8  49.4  49.9  50.5  51.1  51.6  52.2  52.8  53.3  53.9  54.5  55.0  55.6  56.2  56.7  57.3  57.9  58.4  59.0  59.6  60.1  60.7  61.3  61.8  62.4  63.0  63.5  64.1  64.7  65.2  65.8  66.4  66.9  67.5  68.1  68.6  69.2  69.8  70.3  70.9  71.5  72.1  72.6  73.2  73.8  74.3  74.9  75.5  76.0  76.6  77.2  77.7  78.3  78.9  79.4  80.0  80.6  81.1  81.7  82.3  82.8  83.4  84.0  84.5  85.1  85.7  86.2  86.8  87.4  87.9  88.5  89.1  89.6  90.2  90.8  91.3  91.9  92.5  93.0  93.6  94.2  94.7  95.3  95.9  96.4  97.0  97.6  98.1  98.7  99.3  99.8  100.4  101.0  101.5  102.1  102.7  103.2  103.8  104.4  104.9  105.5  106.1  106.6  107.2  107.8  108.3  108.9  109.5  110.0  110.6  111.2  111.7  112.3  112.9  113.4  114.0  114.6  115.1  115.7  116.3  116.8  117.4  118.0  118.5  119.1  119.7  120.2  120.8  121.4  121.9  122.5  123.1  123.6  124.2  124.8  125.4  125.9  126.5  127.1  127.6  128.2  128.8  129.3  129.9  130.5  131.0  131.6  132.2  132.7  133.3  133.9  134.4  135.0  135.6  136.1  136.7  137.3  137.8  138.4  139.0  139.5  140.1  140.7  141.2  141.8  142.4  142.9  143.5  144.1  144.6  145.2  145.8  146.3  146.9  147.5  148.0  148.6  149.2  149.7  150.3  150.9  151.4  152.0  152.6  153.1  153.7  154.3  154.8  155.4  156.0  156.5  157.1  157.7  158.2  158.8  159.4  159.9  160.5  161.1  161.6  162.2  162.8  163.3  163.9  164.5  165.0  165.6  166.2  166.7  167.3  167.9  168.4  169.0  169.6  170.1  170.7  171.3  171.8  172.4 元/小时（对应月收入 1,000  1,197  1,395  1,592  1,789  1,987  2,184  2,381  2,579  2,776  2,973  3,171  3,368  3,565  3,763  3,960  4,157  4,355  4,552  4,749  4,946  5,144  5,341  5,538  5,736  5,933  6,130  6,328  6,525  6,722  6,920  7,117  7,314  7,512  7,709  7,906  8,104  8,301  8,498  8,696  8,893  9,090  9,288  9,485  9,682  9,880  10,077  10,274  10,472  10,669  10,866  11,064  11,261  11,458  11,656  11,853  12,050  12,247  12,445  12,642  12,839  13,037  13,234  13,431  13,629  13,826  14,023  14,221  14,418  14,615  14,813  15,010  15,207  15,405  15,602  15,799  15,997  16,194  16,391  16,589  16,786  16,983  17,181  17,378  17,575  17,773  17,970  18,167  18,365  18,562  18,759  18,957  19,154  19,351  19,548  19,746  19,943  20,140  20,338  20,535  20,732  20,930  21,127  21,324  21,522  21,719  21,916  22,114  22,311  22,508  22,706  22,903  23,100  23,298  23,495  23,692  23,890  24,087  24,284  24,482  24,679  24,876  25,074  25,271  25,468  25,666  25,863  26,060  26,258  26,455  26,652  26,849  27,047  27,244  27,441  27,639  27,836  28,033  28,231  28,428  28,625  28,823  29,020  29,217  29,415  29,612  29,809  30,007  30,204  30,401  30,599  30,796  30,993  31,191  31,388  31,585  31,783  31,980  32,177  32,375  32,572  32,769  32,967  33,164  33,361  33,559  33,756  33,953  34,151  34,348  34,545  34,742  34,940  35,137  35,334  35,532  35,729  35,926  36,124  36,321  36,518  36,716  36,913  37,110  37,308  37,505  37,702  37,900  38,097  38,294  38,492  38,689  38,886  39,084  39,281  39,478  39,676  39,873  40,070  40,268  40,465  40,662  40,860  41,057  41,254  41,452  41,649  41,846  42,043  42,241  42,438  42,635  42,833  43,030  43,227  43,425  43,622  43,819  44,017  44,214  44,411  44,609  44,806  45,003  45,201  45,398  45,595  45,793  45,990  46,187  46,385  46,582  46,779  46,977  47,174  47,371  47,569  47,766  47,963  48,161  48,358  48,555  48,753  48,950  49,147  49,344  49,542  49,739  49,936  50,134  50,331  50,528  50,726  50,923  51,120  51,318  51,515  51,712  51,910  52,107  52,304  52,502  52,699  52,896  53,094  53,291  53,488  53,686  53,883  54,080  54,278  54,475  54,672  54,870  55,067  55,264  55,462  55,659  55,856  56,054  56,251  56,448  56,645  56,843  57,040  57,237  57,435  57,632  57,829  58,027  58,224  58,421  58,619  58,816  59,013  59,211  59,408  59,605  59,803  60,000）
19:56:40 INFO    evtol_siting.viz.figures   图件已保存: fig08_choice_model (PDF, PNG)
19:56:41 INFO    evtol_siting.viz.figures   图件已保存: fig09_accessibility (PDF, PNG)
19:56:41 INFO    figures                    ==================================================================
19:56:41 INFO    figures                     完成，共生成 18 个文件
19:56:41 INFO    figures                       fig01_study_area.pdf
19:56:41 INFO    figures                       fig01_study_area.png
19:56:41 INFO    figures                       fig02_height_fusion.pdf
19:56:41 INFO    figures                       fig02_height_fusion.png
19:56:41 INFO    figures                       fig03_demand_clusters.pdf
19:56:41 INFO    figures                       fig03_demand_clusters.png
19:56:41 INFO    figures                       fig04_pareto_front.pdf
19:56:41 INFO    figures                       fig04_pareto_front.png
19:56:41 INFO    figures                       fig05_convergence.pdf
19:56:41 INFO    figures                       fig05_convergence.png
19:56:41 INFO    figures                       fig06_airport_buffer_sensitivity.pdf
19:56:41 INFO    figures                       fig06_airport_buffer_sensitivity.png
19:56:41 INFO    figures                       fig07_solution_comparison.pdf
19:56:41 INFO    figures                       fig07_solution_comparison.png
19:56:41 INFO    figures                       fig08_choice_model.pdf
19:56:41 INFO    figures                       fig08_choice_model.png
19:56:41 INFO    figures                       fig09_accessibility.pdf
19:56:41 INFO    figures                       fig09_accessibility.png
19:56:41 INFO    figures                     输出目录: 论文稿件\图件
19:56:41 INFO    figures                    ==================================================================
00:20:43 INFO    figures                    图件输出目录: 论文稿件\图件
00:20:45 INFO    evtol_siting.data.pbf        airports            1364 个要素
00:20:45 INFO    evtol_siting.data.pbf      PBF 解析完成（扫描 3976 个候选要素，输出 1 个图层）
00:20:56 INFO    evtol_siting.viz.figures   图件已保存: fig11_demand_by_group (PDF, PNG)
00:20:56 INFO    figures                    ==================================================================
00:20:56 INFO    figures                     完成，共生成 2 个文件
00:20:56 INFO    figures                       fig11_demand_by_group.pdf
00:20:56 INFO    figures                       fig11_demand_by_group.png
00:20:56 INFO    figures                     输出目录: 论文稿件\图件
00:20:56 INFO    figures                    ==================================================================
00:22:35 INFO    figures                    图件输出目录: 论文稿件\图件
00:22:37 INFO    evtol_siting.data.pbf        airports            1364 个要素
00:22:37 INFO    evtol_siting.data.pbf      PBF 解析完成（扫描 3976 个候选要素，输出 1 个图层）
00:22:39 INFO    evtol_siting.viz.figures   图件已保存: fig01_study_area (PDF, PNG)
00:22:41 INFO    evtol_siting.data.pbf        airports            1364 个要素
00:22:41 INFO    evtol_siting.data.pbf      PBF 解析完成（扫描 3976 个候选要素，输出 1 个图层）
00:22:42 INFO    evtol_siting.viz.figures   图件已保存: fig11_demand_by_group (PDF, PNG)
00:22:42 INFO    figures                    ==================================================================
00:22:42 INFO    figures                     完成，共生成 4 个文件
00:22:42 INFO    figures                       fig01_study_area.pdf
00:22:42 INFO    figures                       fig01_study_area.png
00:22:42 INFO    figures                       fig11_demand_by_group.pdf
00:22:42 INFO    figures                       fig11_demand_by_group.png
00:22:42 INFO    figures                     输出目录: 论文稿件\图件
00:22:42 INFO    figures                    ==================================================================
21:57:05 INFO    figures                    图件输出目录: 论文稿件\图件
21:57:09 INFO    evtol_siting.data.pbf        airports            1364 个要素
21:57:09 INFO    evtol_siting.data.pbf      PBF 解析完成（扫描 3976 个候选要素，输出 1 个图层）
21:57:19 INFO    evtol_siting.viz.figures   图件已保存: fig11_demand_by_group (PDF, PNG)
21:57:19 INFO    figures                    ==================================================================
21:57:19 INFO    figures                     完成，共生成 2 个文件
21:57:19 INFO    figures                       fig11_demand_by_group.pdf
21:57:19 INFO    figures                       fig11_demand_by_group.png
21:57:19 INFO    figures                     输出目录: 论文稿件\图件
21:57:19 INFO    figures                    ==================================================================
20:42:15 INFO    figures                    图件输出目录: 论文稿件\图件
20:42:18 INFO    evtol_siting.data.pbf        airports            1364 个要素
20:42:18 INFO    evtol_siting.data.pbf      PBF 解析完成（扫描 3976 个候选要素，输出 1 个图层）
20:42:24 INFO    evtol_siting.viz.figures   图件已保存: fig01_study_area (PDF, PNG)
20:42:24 INFO    evtol_siting.viz.figures   图件已保存: fig02_height_fusion (PDF, PNG)
20:42:25 INFO    evtol_siting.choice_model  收入阶梯（K=5）: 1,877  2,956  4,049  5,546  8,736
20:42:25 INFO    evtol_siting.choice_model  时间价值: 5.4  8.5  11.6  15.9  25.1 元/小时（对应月收入 1,877  2,956  4,049  5,546  8,736）
20:42:25 INFO    evtol_siting.choice_model  时间价值: 1.1  1.3  1.4  1.7  1.9  2.2  2.5  2.9  3.3  3.8  4.4  5.0  5.8  6.6  7.6  8.8  10.1  11.6  13.3  15.3  17.6  20.2  23.2  26.7 元/小时（对应月收入 379  435  500  575  661  760  873  1,003  1,153  1,325  1,523  1,751  2,012  2,312  2,657  3,054  3,510  4,034  4,636  5,328  6,124  7,038  8,088  9,296）
20:42:25 INFO    evtol_siting.choice_model  时间价值: 1.7  2.0  2.3  2.6  3.0  3.4  4.0  4.5  5.2  6.0  6.9  7.9  9.1  10.5  12.0  13.8  15.9  18.3  21.0  24.1  27.7  31.9  36.6  42.1 元/小时（对应月收入 597  686  788  906  1,041  1,197  1,375  1,581  1,816  2,088  2,399  2,757  3,169  3,642  4,186  4,810  5,529  6,354  7,302  8,392  9,645  11,085  12,739  14,641）
20:42:25 INFO    evtol_siting.choice_model  时间价值: 2.3  2.7  3.1  3.6  4.1  4.7  5.4  6.2  7.1  8.2  9.4  10.9  12.5  14.3  16.5  18.9  21.8  25.0  28.7  33.0  38.0  43.6  50.1  57.6 元/小时（对应月收入 817  940  1,080  1,241  1,426  1,639  1,884  2,165  2,488  2,859  3,286  3,777  4,341  4,989  5,733  6,589  7,573  8,703  10,002  11,495  13,211  15,183  17,450  20,055）
20:42:25 INFO    evtol_siting.choice_model  时间价值: 3.2  3.7  4.3  4.9  5.6  6.5  7.4  8.5  9.8  11.3  12.9  14.9  17.1  19.6  22.6  25.9  29.8  34.3  39.4  45.2  52.0  59.8  68.7  78.9 元/小时（对应月收入 1,120  1,287  1,479  1,700  1,954  2,245  2,580  2,965  3,408  3,917  4,502  5,173  5,946  6,833  7,853  9,026  10,373  11,921  13,701  15,746  18,097  20,798  23,902  27,470）
20:42:25 INFO    evtol_siting.choice_model  时间价值: 5.1  5.8  6.7  7.7  8.8  10.2  11.7  13.4  15.4  17.7  20.4  23.4  26.9  30.9  35.5  40.9  46.9  54.0  62.0  71.3  81.9  94.1  108.2  124.3 元/小时（对应月收入 1,764  2,027  2,330  2,677  3,077  3,536  4,064  4,671  5,368  6,169  7,090  8,149  9,365  10,763  12,369  14,216  16,338  18,777  21,580  24,801  28,503  32,758  37,648  43,267）
20:42:25 INFO    evtol_siting.choice_model  选择模型 [区域内积分（σ_within=0.4）]: 出行 15 km（单点），地面 55 分钟 / 57 元，eVTOL 24 分钟 / 52 元，节省 31 分钟；采用概率 0.5750–0.6748（类间比 1.17）
20:42:25 INFO    evtol_siting.choice_model  各类人群采用概率:
 cluster  monthly_income_cny  vot_cny_per_h  p_evtol  demand_rate
       3              1877.0           5.39  0.57505     0.057505
       0              2956.0           8.49  0.59167     0.059167
       1              4049.0          11.64  0.60822     0.060822
       2              5546.0          15.94  0.63032     0.063032
       4              8736.0          25.10  0.67482     0.067482
20:42:25 INFO    evtol_siting.choice_model  收入阶梯（K=5）: 1,877  2,956  4,049  5,546  8,736
20:42:25 INFO    evtol_siting.choice_model  时间价值: 5.4  8.5  11.6  15.9  25.1 元/小时（对应月收入 1,877  2,956  4,049  5,546  8,736）
20:42:25 INFO    evtol_siting.choice_model  时间价值: 1.1  1.3  1.4  1.7  1.9  2.2  2.5  2.9  3.3  3.8  4.4  5.0  5.8  6.6  7.6  8.8  10.1  11.6  13.3  15.3  17.6  20.2  23.2  26.7 元/小时（对应月收入 379  435  500  575  661  760  873  1,003  1,153  1,325  1,523  1,751  2,012  2,312  2,657  3,054  3,510  4,034  4,636  5,328  6,124  7,038  8,088  9,296）
20:42:25 INFO    evtol_siting.choice_model  时间价值: 1.7  2.0  2.3  2.6  3.0  3.4  4.0  4.5  5.2  6.0  6.9  7.9  9.1  10.5  12.0  13.8  15.9  18.3  21.0  24.1  27.7  31.9  36.6  42.1 元/小时（对应月收入 597  686  788  906  1,041  1,197  1,375  1,581  1,816  2,088  2,399  2,757  3,169  3,642  4,186  4,810  5,529  6,354  7,302  8,392  9,645  11,085  12,739  14,641）
20:42:25 INFO    evtol_siting.choice_model  时间价值: 2.3  2.7  3.1  3.6  4.1  4.7  5.4  6.2  7.1  8.2  9.4  10.9  12.5  14.3  16.5  18.9  21.8  25.0  28.7  33.0  38.0  43.6  50.1  57.6 元/小时（对应月收入 817  940  1,080  1,241  1,426  1,639  1,884  2,165  2,488  2,859  3,286  3,777  4,341  4,989  5,733  6,589  7,573  8,703  10,002  11,495  13,211  15,183  17,450  20,055）
20:42:25 INFO    evtol_siting.choice_model  时间价值: 3.2  3.7  4.3  4.9  5.6  6.5  7.4  8.5  9.8  11.3  12.9  14.9  17.1  19.6  22.6  25.9  29.8  34.3  39.4  45.2  52.0  59.8  68.7  78.9 元/小时（对应月收入 1,120  1,287  1,479  1,700  1,954  2,245  2,580  2,965  3,408  3,917  4,502  5,173  5,946  6,833  7,853  9,026  10,373  11,921  13,701  15,746  18,097  20,798  23,902  27,470）
20:42:25 INFO    evtol_siting.choice_model  时间价值: 5.1  5.8  6.7  7.7  8.8  10.2  11.7  13.4  15.4  17.7  20.4  23.4  26.9  30.9  35.5  40.9  46.9  54.0  62.0  71.3  81.9  94.1  108.2  124.3 元/小时（对应月收入 1,764  2,027  2,330  2,677  3,077  3,536  4,064  4,671  5,368  6,169  7,090  8,149  9,365  10,763  12,369  14,216  16,338  18,777  21,580  24,801  28,503  32,758  37,648  43,267）
20:42:25 INFO    evtol_siting.choice_model  选择模型 [区域内积分（σ_within=0.4）]: 出行 15 km（单点），地面 55 分钟 / 57 元，eVTOL 24 分钟 / 78 元，节省 31 分钟；采用概率 0.3237–0.4262（类间比 1.32）
20:42:25 INFO    evtol_siting.choice_model  各类人群采用概率:
 cluster  monthly_income_cny  vot_cny_per_h  p_evtol  demand_rate
       3              1877.0           5.39  0.32368     0.032368
       0              2956.0           8.49  0.33904     0.033904
       1              4049.0          11.64  0.35497     0.035497
       2              5546.0          15.94  0.37730     0.037730
       4              8736.0          25.10  0.42621     0.042621
20:42:25 INFO    evtol_siting.choice_model  收入阶梯（K=5）: 1,877  2,956  4,049  5,546  8,736
20:42:25 INFO    evtol_siting.choice_model  时间价值: 5.4  8.5  11.6  15.9  25.1 元/小时（对应月收入 1,877  2,956  4,049  5,546  8,736）
20:42:25 INFO    evtol_siting.choice_model  时间价值: 1.1  1.3  1.4  1.7  1.9  2.2  2.5  2.9  3.3  3.8  4.4  5.0  5.8  6.6  7.6  8.8  10.1  11.6  13.3  15.3  17.6  20.2  23.2  26.7 元/小时（对应月收入 379  435  500  575  661  760  873  1,003  1,153  1,325  1,523  1,751  2,012  2,312  2,657  3,054  3,510  4,034  4,636  5,328  6,124  7,038  8,088  9,296）
20:42:25 INFO    evtol_siting.choice_model  时间价值: 1.7  2.0  2.3  2.6  3.0  3.4  4.0  4.5  5.2  6.0  6.9  7.9  9.1  10.5  12.0  13.8  15.9  18.3  21.0  24.1  27.7  31.9  36.6  42.1 元/小时（对应月收入 597  686  788  906  1,041  1,197  1,375  1,581  1,816  2,088  2,399  2,757  3,169  3,642  4,186  4,810  5,529  6,354  7,302  8,392  9,645  11,085  12,739  14,641）
20:42:25 INFO    evtol_siting.choice_model  时间价值: 2.3  2.7  3.1  3.6  4.1  4.7  5.4  6.2  7.1  8.2  9.4  10.9  12.5  14.3  16.5  18.9  21.8  25.0  28.7  33.0  38.0  43.6  50.1  57.6 元/小时（对应月收入 817  940  1,080  1,241  1,426  1,639  1,884  2,165  2,488  2,859  3,286  3,777  4,341  4,989  5,733  6,589  7,573  8,703  10,002  11,495  13,211  15,183  17,450  20,055）
20:42:25 INFO    evtol_siting.choice_model  时间价值: 3.2  3.7  4.3  4.9  5.6  6.5  7.4  8.5  9.8  11.3  12.9  14.9  17.1  19.6  22.6  25.9  29.8  34.3  39.4  45.2  52.0  59.8  68.7  78.9 元/小时（对应月收入 1,120  1,287  1,479  1,700  1,954  2,245  2,580  2,965  3,408  3,917  4,502  5,173  5,946  6,833  7,853  9,026  10,373  11,921  13,701  15,746  18,097  20,798  23,902  27,470）
20:42:25 INFO    evtol_siting.choice_model  时间价值: 5.1  5.8  6.7  7.7  8.8  10.2  11.7  13.4  15.4  17.7  20.4  23.4  26.9  30.9  35.5  40.9  46.9  54.0  62.0  71.3  81.9  94.1  108.2  124.3 元/小时（对应月收入 1,764  2,027  2,330  2,677  3,077  3,536  4,064  4,671  5,368  6,169  7,090  8,149  9,365  10,763  12,369  14,216  16,338  18,777  21,580  24,801  28,503  32,758  37,648  43,267）
20:42:25 INFO    evtol_siting.choice_model  选择模型 [区域内积分（σ_within=0.4）]: 出行 15 km（单点），地面 55 分钟 / 57 元，eVTOL 24 分钟 / 104 元，节省 31 分钟；采用概率 0.1447–0.2100（类间比 1.45）
20:42:25 INFO    evtol_siting.choice_model  各类人群采用概率:
 cluster  monthly_income_cny  vot_cny_per_h  p_evtol  demand_rate
       3              1877.0           5.39  0.14474     0.014474
       0              2956.0           8.49  0.15364     0.015364
       1              4049.0          11.64  0.16316     0.016316
       2              5546.0          15.94  0.17707     0.017707
       4              8736.0          25.10  0.21003     0.021003
20:42:25 INFO    evtol_siting.choice_model  收入阶梯（K=5）: 1,877  2,956  4,049  5,546  8,736
20:42:25 INFO    evtol_siting.choice_model  时间价值: 5.4  8.5  11.6  15.9  25.1 元/小时（对应月收入 1,877  2,956  4,049  5,546  8,736）
20:42:25 INFO    evtol_siting.choice_model  时间价值: 1.1  1.3  1.4  1.7  1.9  2.2  2.5  2.9  3.3  3.8  4.4  5.0  5.8  6.6  7.6  8.8  10.1  11.6  13.3  15.3  17.6  20.2  23.2  26.7 元/小时（对应月收入 379  435  500  575  661  760  873  1,003  1,153  1,325  1,523  1,751  2,012  2,312  2,657  3,054  3,510  4,034  4,636  5,328  6,124  7,038  8,088  9,296）
20:42:25 INFO    evtol_siting.choice_model  时间价值: 1.7  2.0  2.3  2.6  3.0  3.4  4.0  4.5  5.2  6.0  6.9  7.9  9.1  10.5  12.0  13.8  15.9  18.3  21.0  24.1  27.7  31.9  36.6  42.1 元/小时（对应月收入 597  686  788  906  1,041  1,197  1,375  1,581  1,816  2,088  2,399  2,757  3,169  3,642  4,186  4,810  5,529  6,354  7,302  8,392  9,645  11,085  12,739  14,641）
20:42:25 INFO    evtol_siting.choice_model  时间价值: 2.3  2.7  3.1  3.6  4.1  4.7  5.4  6.2  7.1  8.2  9.4  10.9  12.5  14.3  16.5  18.9  21.8  25.0  28.7  33.0  38.0  43.6  50.1  57.6 元/小时（对应月收入 817  940  1,080  1,241  1,426  1,639  1,884  2,165  2,488  2,859  3,286  3,777  4,341  4,989  5,733  6,589  7,573  8,703  10,002  11,495  13,211  15,183  17,450  20,055）
20:42:25 INFO    evtol_siting.choice_model  时间价值: 3.2  3.7  4.3  4.9  5.6  6.5  7.4  8.5  9.8  11.3  12.9  14.9  17.1  19.6  22.6  25.9  29.8  34.3  39.4  45.2  52.0  59.8  68.7  78.9 元/小时（对应月收入 1,120  1,287  1,479  1,700  1,954  2,245  2,580  2,965  3,408  3,917  4,502  5,173  5,946  6,833  7,853  9,026  10,373  11,921  13,701  15,746  18,097  20,798  23,902  27,470）
20:42:25 INFO    evtol_siting.choice_model  时间价值: 5.1  5.8  6.7  7.7  8.8  10.2  11.7  13.4  15.4  17.7  20.4  23.4  26.9  30.9  35.5  40.9  46.9  54.0  62.0  71.3  81.9  94.1  108.2  124.3 元/小时（对应月收入 1,764  2,027  2,330  2,677  3,077  3,536  4,064  4,671  5,368  6,169  7,090  8,149  9,365  10,763  12,369  14,216  16,338  18,777  21,580  24,801  28,503  32,758  37,648  43,267）
20:42:25 INFO    evtol_siting.choice_model  选择模型 [区域内积分（σ_within=0.4）]: 出行 15 km（单点），地面 55 分钟 / 57 元，eVTOL 24 分钟 / 130 元，节省 31 分钟；采用概率 0.0565–0.0865（类间比 1.53）
20:42:25 INFO    evtol_siting.choice_model  各类人群采用概率:
 cluster  monthly_income_cny  vot_cny_per_h  p_evtol  demand_rate
       3              1877.0           5.39  0.05645     0.005645
       0              2956.0           8.49  0.06033     0.006033
       1              4049.0          11.64  0.06455     0.006455
       2              5546.0          15.94  0.07085     0.007085
       4              8736.0          25.10  0.08655     0.008655
20:42:25 INFO    evtol_siting.choice_model  收入阶梯（K=5）: 1,877  2,956  4,049  5,546  8,736
20:42:25 INFO    evtol_siting.choice_model  时间价值: 5.4  8.5  11.6  15.9  25.1 元/小时（对应月收入 1,877  2,956  4,049  5,546  8,736）
20:42:25 INFO    evtol_siting.choice_model  时间价值: 1.1  1.3  1.4  1.7  1.9  2.2  2.5  2.9  3.3  3.8  4.4  5.0  5.8  6.6  7.6  8.8  10.1  11.6  13.3  15.3  17.6  20.2  23.2  26.7 元/小时（对应月收入 379  435  500  575  661  760  873  1,003  1,153  1,325  1,523  1,751  2,012  2,312  2,657  3,054  3,510  4,034  4,636  5,328  6,124  7,038  8,088  9,296）
20:42:25 INFO    evtol_siting.choice_model  时间价值: 1.7  2.0  2.3  2.6  3.0  3.4  4.0  4.5  5.2  6.0  6.9  7.9  9.1  10.5  12.0  13.8  15.9  18.3  21.0  24.1  27.7  31.9  36.6  42.1 元/小时（对应月收入 597  686  788  906  1,041  1,197  1,375  1,581  1,816  2,088  2,399  2,757  3,169  3,642  4,186  4,810  5,529  6,354  7,302  8,392  9,645  11,085  12,739  14,641）
20:42:25 INFO    evtol_siting.choice_model  时间价值: 2.3  2.7  3.1  3.6  4.1  4.7  5.4  6.2  7.1  8.2  9.4  10.9  12.5  14.3  16.5  18.9  21.8  25.0  28.7  33.0  38.0  43.6  50.1  57.6 元/小时（对应月收入 817  940  1,080  1,241  1,426  1,639  1,884  2,165  2,488  2,859  3,286  3,777  4,341  4,989  5,733  6,589  7,573  8,703  10,002  11,495  13,211  15,183  17,450  20,055）
20:42:25 INFO    evtol_siting.choice_model  时间价值: 3.2  3.7  4.3  4.9  5.6  6.5  7.4  8.5  9.8  11.3  12.9  14.9  17.1  19.6  22.6  25.9  29.8  34.3  39.4  45.2  52.0  59.8  68.7  78.9 元/小时（对应月收入 1,120  1,287  1,479  1,700  1,954  2,245  2,580  2,965  3,408  3,917  4,502  5,173  5,946  6,833  7,853  9,026  10,373  11,921  13,701  15,746  18,097  20,798  23,902  27,470）
20:42:25 INFO    evtol_siting.choice_model  时间价值: 5.1  5.8  6.7  7.7  8.8  10.2  11.7  13.4  15.4  17.7  20.4  23.4  26.9  30.9  35.5  40.9  46.9  54.0  62.0  71.3  81.9  94.1  108.2  124.3 元/小时（对应月收入 1,764  2,027  2,330  2,677  3,077  3,536  4,064  4,671  5,368  6,169  7,090  8,149  9,365  10,763  12,369  14,216  16,338  18,777  21,580  24,801  28,503  32,758  37,648  43,267）
20:42:25 INFO    evtol_siting.choice_model  选择模型 [区域内积分（σ_within=0.4）]: 出行 15 km（单点），地面 55 分钟 / 57 元，eVTOL 24 分钟 / 156 元，节省 31 分钟；采用概率 0.0207–0.0325（类间比 1.57）
20:42:25 INFO    evtol_siting.choice_model  各类人群采用概率:
 cluster  monthly_income_cny  vot_cny_per_h  p_evtol  demand_rate
       3              1877.0           5.39  0.02071     0.002071
       0              2956.0           8.49  0.02219     0.002219
       1              4049.0          11.64  0.02382     0.002382
       2              5546.0          15.94  0.02628     0.002628
       4              8736.0          25.10  0.03253     0.003253
20:42:25 INFO    evtol_siting.choice_model  收入阶梯（K=5）: 1,877  2,956  4,049  5,546  8,736
20:42:25 INFO    evtol_siting.choice_model  时间价值: 5.4  8.5  11.6  15.9  25.1 元/小时（对应月收入 1,877  2,956  4,049  5,546  8,736）
20:42:25 INFO    evtol_siting.choice_model  时间价值: 1.1  1.3  1.4  1.7  1.9  2.2  2.5  2.9  3.3  3.8  4.4  5.0  5.8  6.6  7.6  8.8  10.1  11.6  13.3  15.3  17.6  20.2  23.2  26.7 元/小时（对应月收入 379  435  500  575  661  760  873  1,003  1,153  1,325  1,523  1,751  2,012  2,312  2,657  3,054  3,510  4,034  4,636  5,328  6,124  7,038  8,088  9,296）
20:42:25 INFO    evtol_siting.choice_model  时间价值: 1.7  2.0  2.3  2.6  3.0  3.4  4.0  4.5  5.2  6.0  6.9  7.9  9.1  10.5  12.0  13.8  15.9  18.3  21.0  24.1  27.7  31.9  36.6  42.1 元/小时（对应月收入 597  686  788  906  1,041  1,197  1,375  1,581  1,816  2,088  2,399  2,757  3,169  3,642  4,186  4,810  5,529  6,354  7,302  8,392  9,645  11,085  12,739  14,641）
20:42:25 INFO    evtol_siting.choice_model  时间价值: 2.3  2.7  3.1  3.6  4.1  4.7  5.4  6.2  7.1  8.2  9.4  10.9  12.5  14.3  16.5  18.9  21.8  25.0  28.7  33.0  38.0  43.6  50.1  57.6 元/小时（对应月收入 817  940  1,080  1,241  1,426  1,639  1,884  2,165  2,488  2,859  3,286  3,777  4,341  4,989  5,733  6,589  7,573  8,703  10,002  11,495  13,211  15,183  17,450  20,055）
20:42:25 INFO    evtol_siting.choice_model  时间价值: 3.2  3.7  4.3  4.9  5.6  6.5  7.4  8.5  9.8  11.3  12.9  14.9  17.1  19.6  22.6  25.9  29.8  34.3  39.4  45.2  52.0  59.8  68.7  78.9 元/小时（对应月收入 1,120  1,287  1,479  1,700  1,954  2,245  2,580  2,965  3,408  3,917  4,502  5,173  5,946  6,833  7,853  9,026  10,373  11,921  13,701  15,746  18,097  20,798  23,902  27,470）
20:42:25 INFO    evtol_siting.choice_model  时间价值: 5.1  5.8  6.7  7.7  8.8  10.2  11.7  13.4  15.4  17.7  20.4  23.4  26.9  30.9  35.5  40.9  46.9  54.0  62.0  71.3  81.9  94.1  108.2  124.3 元/小时（对应月收入 1,764  2,027  2,330  2,677  3,077  3,536  4,064  4,671  5,368  6,169  7,090  8,149  9,365  10,763  12,369  14,216  16,338  18,777  21,580  24,801  28,503  32,758  37,648  43,267）
20:42:25 INFO    evtol_siting.choice_model  选择模型 [区域内积分（σ_within=0.4）]: 出行 15 km（单点），地面 55 分钟 / 57 元，eVTOL 24 分钟 / 195 元，节省 31 分钟；采用概率 0.0044–0.0070（类间比 1.59）
20:42:25 INFO    evtol_siting.choice_model  各类人群采用概率:
 cluster  monthly_income_cny  vot_cny_per_h  p_evtol  demand_rate
       3              1877.0           5.39  0.00442     0.000442
       0              2956.0           8.49  0.00475     0.000475
       1              4049.0          11.64  0.00510     0.000510
       2              5546.0          15.94  0.00564     0.000564
       4              8736.0          25.10  0.00703     0.000703
20:42:26 INFO    evtol_siting.viz.figures   图件已保存: fig03_demand_clusters (PDF, PNG)
20:42:28 INFO    evtol_siting.data.pbf        airports            1364 个要素
20:42:28 INFO    evtol_siting.data.pbf      PBF 解析完成（扫描 3976 个候选要素，输出 1 个图层）
20:42:29 INFO    evtol_siting.viz.figures   图件已保存: fig11_demand_by_group (PDF, PNG)
20:42:30 INFO    evtol_siting.viz.figures   图件已保存: fig04_pareto_front (PDF, PNG)
20:42:31 INFO    evtol_siting.viz.figures   图件已保存: fig05_convergence (PDF, PNG)
20:42:31 INFO    evtol_siting.viz.figures   图件已保存: fig06_airport_buffer_sensitivity (PDF, PNG)
20:42:32 INFO    evtol_siting.viz.figures   图件已保存: fig07_solution_comparison (PDF, PNG)
20:42:32 INFO    evtol_siting.choice_model  时间价值: 2.9  3.4  4.0  4.6  5.1  5.7  6.3  6.8  7.4  8.0  8.5  9.1  9.7  10.2  10.8  11.4  11.9  12.5  13.1  13.6  14.2  14.8  15.3  15.9  16.5  17.0  17.6  18.2  18.8  19.3  19.9  20.5  21.0  21.6  22.2  22.7  23.3  23.9  24.4  25.0  25.6  26.1  26.7  27.3  27.8  28.4  29.0  29.5  30.1  30.7  31.2  31.8  32.4  32.9  33.5  34.1  34.6  35.2  35.8  36.3  36.9  37.5  38.0  38.6  39.2  39.7  40.3  40.9  41.4  42.0  42.6  43.1  43.7  44.3  44.8  45.4  46.0  46.5  47.1  47.7  48.2  48.8  49.4  49.9  50.5  51.1  51.6  52.2  52.8  53.3  53.9  54.5  55.0  55.6  56.2  56.7  57.3  57.9  58.4  59.0  59.6  60.1  60.7  61.3  61.8  62.4  63.0  63.5  64.1  64.7  65.2  65.8  66.4  66.9  67.5  68.1  68.6  69.2  69.8  70.3  70.9  71.5  72.1  72.6  73.2  73.8  74.3  74.9  75.5  76.0  76.6  77.2  77.7  78.3  78.9  79.4  80.0  80.6  81.1  81.7  82.3  82.8  83.4  84.0  84.5  85.1  85.7  86.2  86.8  87.4  87.9  88.5  89.1  89.6  90.2  90.8  91.3  91.9  92.5  93.0  93.6  94.2  94.7  95.3  95.9  96.4  97.0  97.6  98.1  98.7  99.3  99.8  100.4  101.0  101.5  102.1  102.7  103.2  103.8  104.4  104.9  105.5  106.1  106.6  107.2  107.8  108.3  108.9  109.5  110.0  110.6  111.2  111.7  112.3  112.9  113.4  114.0  114.6  115.1  115.7  116.3  116.8  117.4  118.0  118.5  119.1  119.7  120.2  120.8  121.4  121.9  122.5  123.1  123.6  124.2  124.8  125.4  125.9  126.5  127.1  127.6  128.2  128.8  129.3  129.9  130.5  131.0  131.6  132.2  132.7  133.3  133.9  134.4  135.0  135.6  136.1  136.7  137.3  137.8  138.4  139.0  139.5  140.1  140.7  141.2  141.8  142.4  142.9  143.5  144.1  144.6  145.2  145.8  146.3  146.9  147.5  148.0  148.6  149.2  149.7  150.3  150.9  151.4  152.0  152.6  153.1  153.7  154.3  154.8  155.4  156.0  156.5  157.1  157.7  158.2  158.8  159.4  159.9  160.5  161.1  161.6  162.2  162.8  163.3  163.9  164.5  165.0  165.6  166.2  166.7  167.3  167.9  168.4  169.0  169.6  170.1  170.7  171.3  171.8  172.4 元/小时（对应月收入 1,000  1,197  1,395  1,592  1,789  1,987  2,184  2,381  2,579  2,776  2,973  3,171  3,368  3,565  3,763  3,960  4,157  4,355  4,552  4,749  4,946  5,144  5,341  5,538  5,736  5,933  6,130  6,328  6,525  6,722  6,920  7,117  7,314  7,512  7,709  7,906  8,104  8,301  8,498  8,696  8,893  9,090  9,288  9,485  9,682  9,880  10,077  10,274  10,472  10,669  10,866  11,064  11,261  11,458  11,656  11,853  12,050  12,247  12,445  12,642  12,839  13,037  13,234  13,431  13,629  13,826  14,023  14,221  14,418  14,615  14,813  15,010  15,207  15,405  15,602  15,799  15,997  16,194  16,391  16,589  16,786  16,983  17,181  17,378  17,575  17,773  17,970  18,167  18,365  18,562  18,759  18,957  19,154  19,351  19,548  19,746  19,943  20,140  20,338  20,535  20,732  20,930  21,127  21,324  21,522  21,719  21,916  22,114  22,311  22,508  22,706  22,903  23,100  23,298  23,495  23,692  23,890  24,087  24,284  24,482  24,679  24,876  25,074  25,271  25,468  25,666  25,863  26,060  26,258  26,455  26,652  26,849  27,047  27,244  27,441  27,639  27,836  28,033  28,231  28,428  28,625  28,823  29,020  29,217  29,415  29,612  29,809  30,007  30,204  30,401  30,599  30,796  30,993  31,191  31,388  31,585  31,783  31,980  32,177  32,375  32,572  32,769  32,967  33,164  33,361  33,559  33,756  33,953  34,151  34,348  34,545  34,742  34,940  35,137  35,334  35,532  35,729  35,926  36,124  36,321  36,518  36,716  36,913  37,110  37,308  37,505  37,702  37,900  38,097  38,294  38,492  38,689  38,886  39,084  39,281  39,478  39,676  39,873  40,070  40,268  40,465  40,662  40,860  41,057  41,254  41,452  41,649  41,846  42,043  42,241  42,438  42,635  42,833  43,030  43,227  43,425  43,622  43,819  44,017  44,214  44,411  44,609  44,806  45,003  45,201  45,398  45,595  45,793  45,990  46,187  46,385  46,582  46,779  46,977  47,174  47,371  47,569  47,766  47,963  48,161  48,358  48,555  48,753  48,950  49,147  49,344  49,542  49,739  49,936  50,134  50,331  50,528  50,726  50,923  51,120  51,318  51,515  51,712  51,910  52,107  52,304  52,502  52,699  52,896  53,094  53,291  53,488  53,686  53,883  54,080  54,278  54,475  54,672  54,870  55,067  55,264  55,462  55,659  55,856  56,054  56,251  56,448  56,645  56,843  57,040  57,237  57,435  57,632  57,829  58,027  58,224  58,421  58,619  58,816  59,013  59,211  59,408  59,605  59,803  60,000）
20:42:32 INFO    evtol_siting.viz.figures   图件已保存: fig08_choice_model (PDF, PNG)
20:42:33 INFO    evtol_siting.viz.figures   图件已保存: fig09_accessibility (PDF, PNG)
20:42:33 INFO    figures                    ==================================================================
20:42:33 INFO    figures                     完成，共生成 20 个文件
20:42:33 INFO    figures                       fig01_study_area.pdf
20:42:33 INFO    figures                       fig01_study_area.png
20:42:33 INFO    figures                       fig02_height_fusion.pdf
20:42:33 INFO    figures                       fig02_height_fusion.png
20:42:33 INFO    figures                       fig03_demand_clusters.pdf
20:42:33 INFO    figures                       fig03_demand_clusters.png
20:42:33 INFO    figures                       fig04_pareto_front.pdf
20:42:33 INFO    figures                       fig04_pareto_front.png
20:42:33 INFO    figures                       fig05_convergence.pdf
20:42:33 INFO    figures                       fig05_convergence.png
20:42:33 INFO    figures                       fig06_airport_buffer_sensitivity.pdf
20:42:33 INFO    figures                       fig06_airport_buffer_sensitivity.png
20:42:33 INFO    figures                       fig07_solution_comparison.pdf
20:42:33 INFO    figures                       fig07_solution_comparison.png
20:42:33 INFO    figures                       fig08_choice_model.pdf
20:42:33 INFO    figures                       fig08_choice_model.png
20:42:33 INFO    figures                       fig09_accessibility.pdf
20:42:33 INFO    figures                       fig09_accessibility.png
20:42:33 INFO    figures                       fig11_demand_by_group.pdf
20:42:33 INFO    figures                       fig11_demand_by_group.png
20:42:33 INFO    figures                     输出目录: 论文稿件\图件
20:42:33 INFO    figures                    ==================================================================
23:47:46 INFO    figures                    图件输出目录: 论文稿件\图件
23:47:55 INFO    evtol_siting.data.pbf        airports            1364 个要素
23:47:55 INFO    evtol_siting.data.pbf      PBF 解析完成（扫描 3976 个候选要素，输出 1 个图层）
23:48:15 INFO    evtol_siting.viz.figures   图件已保存: fig01_study_area (PDF, PNG)
23:48:17 INFO    evtol_siting.viz.figures   图件已保存: fig02_height_fusion (PDF, PNG)
23:48:23 INFO    evtol_siting.choice_model  收入阶梯（K=5）: 1,877  2,956  4,049  5,546  8,736
23:48:23 INFO    evtol_siting.choice_model  时间价值: 5.4  8.5  11.6  15.9  25.1 元/小时（对应月收入 1,877  2,956  4,049  5,546  8,736）
23:48:23 INFO    evtol_siting.choice_model  时间价值: 1.1  1.3  1.4  1.7  1.9  2.2  2.5  2.9  3.3  3.8  4.4  5.0  5.8  6.6  7.6  8.8  10.1  11.6  13.3  15.3  17.6  20.2  23.2  26.7 元/小时（对应月收入 379  435  500  575  661  760  873  1,003  1,153  1,325  1,523  1,751  2,012  2,312  2,657  3,054  3,510  4,034  4,636  5,328  6,124  7,038  8,088  9,296）
23:48:23 INFO    evtol_siting.choice_model  时间价值: 1.7  2.0  2.3  2.6  3.0  3.4  4.0  4.5  5.2  6.0  6.9  7.9  9.1  10.5  12.0  13.8  15.9  18.3  21.0  24.1  27.7  31.9  36.6  42.1 元/小时（对应月收入 597  686  788  906  1,041  1,197  1,375  1,581  1,816  2,088  2,399  2,757  3,169  3,642  4,186  4,810  5,529  6,354  7,302  8,392  9,645  11,085  12,739  14,641）
23:48:23 INFO    evtol_siting.choice_model  时间价值: 2.3  2.7  3.1  3.6  4.1  4.7  5.4  6.2  7.1  8.2  9.4  10.9  12.5  14.3  16.5  18.9  21.8  25.0  28.7  33.0  38.0  43.6  50.1  57.6 元/小时（对应月收入 817  940  1,080  1,241  1,426  1,639  1,884  2,165  2,488  2,859  3,286  3,777  4,341  4,989  5,733  6,589  7,573  8,703  10,002  11,495  13,211  15,183  17,450  20,055）
23:48:23 INFO    evtol_siting.choice_model  时间价值: 3.2  3.7  4.3  4.9  5.6  6.5  7.4  8.5  9.8  11.3  12.9  14.9  17.1  19.6  22.6  25.9  29.8  34.3  39.4  45.2  52.0  59.8  68.7  78.9 元/小时（对应月收入 1,120  1,287  1,479  1,700  1,954  2,245  2,580  2,965  3,408  3,917  4,502  5,173  5,946  6,833  7,853  9,026  10,373  11,921  13,701  15,746  18,097  20,798  23,902  27,470）
23:48:23 INFO    evtol_siting.choice_model  时间价值: 5.1  5.8  6.7  7.7  8.8  10.2  11.7  13.4  15.4  17.7  20.4  23.4  26.9  30.9  35.5  40.9  46.9  54.0  62.0  71.3  81.9  94.1  108.2  124.3 元/小时（对应月收入 1,764  2,027  2,330  2,677  3,077  3,536  4,064  4,671  5,368  6,169  7,090  8,149  9,365  10,763  12,369  14,216  16,338  18,777  21,580  24,801  28,503  32,758  37,648  43,267）
23:48:23 INFO    evtol_siting.choice_model  选择模型 [区域内积分（σ_within=0.4）]: 出行 15 km（单点），地面 55 分钟 / 57 元，eVTOL 24 分钟 / 52 元，节省 31 分钟；采用概率 0.5750–0.6748（类间比 1.17）
23:48:23 INFO    evtol_siting.choice_model  各类人群采用概率:
 cluster  monthly_income_cny  vot_cny_per_h  p_evtol  demand_rate
       3              1877.0           5.39  0.57505     0.057505
       0              2956.0           8.49  0.59167     0.059167
       1              4049.0          11.64  0.60822     0.060822
       2              5546.0          15.94  0.63032     0.063032
       4              8736.0          25.10  0.67482     0.067482
23:48:23 INFO    evtol_siting.choice_model  收入阶梯（K=5）: 1,877  2,956  4,049  5,546  8,736
23:48:23 INFO    evtol_siting.choice_model  时间价值: 5.4  8.5  11.6  15.9  25.1 元/小时（对应月收入 1,877  2,956  4,049  5,546  8,736）
23:48:23 INFO    evtol_siting.choice_model  时间价值: 1.1  1.3  1.4  1.7  1.9  2.2  2.5  2.9  3.3  3.8  4.4  5.0  5.8  6.6  7.6  8.8  10.1  11.6  13.3  15.3  17.6  20.2  23.2  26.7 元/小时（对应月收入 379  435  500  575  661  760  873  1,003  1,153  1,325  1,523  1,751  2,012  2,312  2,657  3,054  3,510  4,034  4,636  5,328  6,124  7,038  8,088  9,296）
23:48:23 INFO    evtol_siting.choice_model  时间价值: 1.7  2.0  2.3  2.6  3.0  3.4  4.0  4.5  5.2  6.0  6.9  7.9  9.1  10.5  12.0  13.8  15.9  18.3  21.0  24.1  27.7  31.9  36.6  42.1 元/小时（对应月收入 597  686  788  906  1,041  1,197  1,375  1,581  1,816  2,088  2,399  2,757  3,169  3,642  4,186  4,810  5,529  6,354  7,302  8,392  9,645  11,085  12,739  14,641）
23:48:23 INFO    evtol_siting.choice_model  时间价值: 2.3  2.7  3.1  3.6  4.1  4.7  5.4  6.2  7.1  8.2  9.4  10.9  12.5  14.3  16.5  18.9  21.8  25.0  28.7  33.0  38.0  43.6  50.1  57.6 元/小时（对应月收入 817  940  1,080  1,241  1,426  1,639  1,884  2,165  2,488  2,859  3,286  3,777  4,341  4,989  5,733  6,589  7,573  8,703  10,002  11,495  13,211  15,183  17,450  20,055）
23:48:23 INFO    evtol_siting.choice_model  时间价值: 3.2  3.7  4.3  4.9  5.6  6.5  7.4  8.5  9.8  11.3  12.9  14.9  17.1  19.6  22.6  25.9  29.8  34.3  39.4  45.2  52.0  59.8  68.7  78.9 元/小时（对应月收入 1,120  1,287  1,479  1,700  1,954  2,245  2,580  2,965  3,408  3,917  4,502  5,173  5,946  6,833  7,853  9,026  10,373  11,921  13,701  15,746  18,097  20,798  23,902  27,470）
23:48:23 INFO    evtol_siting.choice_model  时间价值: 5.1  5.8  6.7  7.7  8.8  10.2  11.7  13.4  15.4  17.7  20.4  23.4  26.9  30.9  35.5  40.9  46.9  54.0  62.0  71.3  81.9  94.1  108.2  124.3 元/小时（对应月收入 1,764  2,027  2,330  2,677  3,077  3,536  4,064  4,671  5,368  6,169  7,090  8,149  9,365  10,763  12,369  14,216  16,338  18,777  21,580  24,801  28,503  32,758  37,648  43,267）
23:48:23 INFO    evtol_siting.choice_model  选择模型 [区域内积分（σ_within=0.4）]: 出行 15 km（单点），地面 55 分钟 / 57 元，eVTOL 24 分钟 / 78 元，节省 31 分钟；采用概率 0.3237–0.4262（类间比 1.32）
23:48:23 INFO    evtol_siting.choice_model  各类人群采用概率:
 cluster  monthly_income_cny  vot_cny_per_h  p_evtol  demand_rate
       3              1877.0           5.39  0.32368     0.032368
       0              2956.0           8.49  0.33904     0.033904
       1              4049.0          11.64  0.35497     0.035497
       2              5546.0          15.94  0.37730     0.037730
       4              8736.0          25.10  0.42621     0.042621
23:48:23 INFO    evtol_siting.choice_model  收入阶梯（K=5）: 1,877  2,956  4,049  5,546  8,736
23:48:23 INFO    evtol_siting.choice_model  时间价值: 5.4  8.5  11.6  15.9  25.1 元/小时（对应月收入 1,877  2,956  4,049  5,546  8,736）
23:48:23 INFO    evtol_siting.choice_model  时间价值: 1.1  1.3  1.4  1.7  1.9  2.2  2.5  2.9  3.3  3.8  4.4  5.0  5.8  6.6  7.6  8.8  10.1  11.6  13.3  15.3  17.6  20.2  23.2  26.7 元/小时（对应月收入 379  435  500  575  661  760  873  1,003  1,153  1,325  1,523  1,751  2,012  2,312  2,657  3,054  3,510  4,034  4,636  5,328  6,124  7,038  8,088  9,296）
23:48:23 INFO    evtol_siting.choice_model  时间价值: 1.7  2.0  2.3  2.6  3.0  3.4  4.0  4.5  5.2  6.0  6.9  7.9  9.1  10.5  12.0  13.8  15.9  18.3  21.0  24.1  27.7  31.9  36.6  42.1 元/小时（对应月收入 597  686  788  906  1,041  1,197  1,375  1,581  1,816  2,088  2,399  2,757  3,169  3,642  4,186  4,810  5,529  6,354  7,302  8,392  9,645  11,085  12,739  14,641）
23:48:23 INFO    evtol_siting.choice_model  时间价值: 2.3  2.7  3.1  3.6  4.1  4.7  5.4  6.2  7.1  8.2  9.4  10.9  12.5  14.3  16.5  18.9  21.8  25.0  28.7  33.0  38.0  43.6  50.1  57.6 元/小时（对应月收入 817  940  1,080  1,241  1,426  1,639  1,884  2,165  2,488  2,859  3,286  3,777  4,341  4,989  5,733  6,589  7,573  8,703  10,002  11,495  13,211  15,183  17,450  20,055）
23:48:23 INFO    evtol_siting.choice_model  时间价值: 3.2  3.7  4.3  4.9  5.6  6.5  7.4  8.5  9.8  11.3  12.9  14.9  17.1  19.6  22.6  25.9  29.8  34.3  39.4  45.2  52.0  59.8  68.7  78.9 元/小时（对应月收入 1,120  1,287  1,479  1,700  1,954  2,245  2,580  2,965  3,408  3,917  4,502  5,173  5,946  6,833  7,853  9,026  10,373  11,921  13,701  15,746  18,097  20,798  23,902  27,470）
23:48:23 INFO    evtol_siting.choice_model  时间价值: 5.1  5.8  6.7  7.7  8.8  10.2  11.7  13.4  15.4  17.7  20.4  23.4  26.9  30.9  35.5  40.9  46.9  54.0  62.0  71.3  81.9  94.1  108.2  124.3 元/小时（对应月收入 1,764  2,027  2,330  2,677  3,077  3,536  4,064  4,671  5,368  6,169  7,090  8,149  9,365  10,763  12,369  14,216  16,338  18,777  21,580  24,801  28,503  32,758  37,648  43,267）
23:48:23 INFO    evtol_siting.choice_model  选择模型 [区域内积分（σ_within=0.4）]: 出行 15 km（单点），地面 55 分钟 / 57 元，eVTOL 24 分钟 / 104 元，节省 31 分钟；采用概率 0.1447–0.2100（类间比 1.45）
23:48:23 INFO    evtol_siting.choice_model  各类人群采用概率:
 cluster  monthly_income_cny  vot_cny_per_h  p_evtol  demand_rate
       3              1877.0           5.39  0.14474     0.014474
       0              2956.0           8.49  0.15364     0.015364
       1              4049.0          11.64  0.16316     0.016316
       2              5546.0          15.94  0.17707     0.017707
       4              8736.0          25.10  0.21003     0.021003
23:48:23 INFO    evtol_siting.choice_model  收入阶梯（K=5）: 1,877  2,956  4,049  5,546  8,736
23:48:23 INFO    evtol_siting.choice_model  时间价值: 5.4  8.5  11.6  15.9  25.1 元/小时（对应月收入 1,877  2,956  4,049  5,546  8,736）
23:48:23 INFO    evtol_siting.choice_model  时间价值: 1.1  1.3  1.4  1.7  1.9  2.2  2.5  2.9  3.3  3.8  4.4  5.0  5.8  6.6  7.6  8.8  10.1  11.6  13.3  15.3  17.6  20.2  23.2  26.7 元/小时（对应月收入 379  435  500  575  661  760  873  1,003  1,153  1,325  1,523  1,751  2,012  2,312  2,657  3,054  3,510  4,034  4,636  5,328  6,124  7,038  8,088  9,296）
23:48:23 INFO    evtol_siting.choice_model  时间价值: 1.7  2.0  2.3  2.6  3.0  3.4  4.0  4.5  5.2  6.0  6.9  7.9  9.1  10.5  12.0  13.8  15.9  18.3  21.0  24.1  27.7  31.9  36.6  42.1 元/小时（对应月收入 597  686  788  906  1,041  1,197  1,375  1,581  1,816  2,088  2,399  2,757  3,169  3,642  4,186  4,810  5,529  6,354  7,302  8,392  9,645  11,085  12,739  14,641）
23:48:23 INFO    evtol_siting.choice_model  时间价值: 2.3  2.7  3.1  3.6  4.1  4.7  5.4  6.2  7.1  8.2  9.4  10.9  12.5  14.3  16.5  18.9  21.8  25.0  28.7  33.0  38.0  43.6  50.1  57.6 元/小时（对应月收入 817  940  1,080  1,241  1,426  1,639  1,884  2,165  2,488  2,859  3,286  3,777  4,341  4,989  5,733  6,589  7,573  8,703  10,002  11,495  13,211  15,183  17,450  20,055）
23:48:23 INFO    evtol_siting.choice_model  时间价值: 3.2  3.7  4.3  4.9  5.6  6.5  7.4  8.5  9.8  11.3  12.9  14.9  17.1  19.6  22.6  25.9  29.8  34.3  39.4  45.2  52.0  59.8  68.7  78.9 元/小时（对应月收入 1,120  1,287  1,479  1,700  1,954  2,245  2,580  2,965  3,408  3,917  4,502  5,173  5,946  6,833  7,853  9,026  10,373  11,921  13,701  15,746  18,097  20,798  23,902  27,470）
23:48:23 INFO    evtol_siting.choice_model  时间价值: 5.1  5.8  6.7  7.7  8.8  10.2  11.7  13.4  15.4  17.7  20.4  23.4  26.9  30.9  35.5  40.9  46.9  54.0  62.0  71.3  81.9  94.1  108.2  124.3 元/小时（对应月收入 1,764  2,027  2,330  2,677  3,077  3,536  4,064  4,671  5,368  6,169  7,090  8,149  9,365  10,763  12,369  14,216  16,338  18,777  21,580  24,801  28,503  32,758  37,648  43,267）
23:48:23 INFO    evtol_siting.choice_model  选择模型 [区域内积分（σ_within=0.4）]: 出行 15 km（单点），地面 55 分钟 / 57 元，eVTOL 24 分钟 / 130 元，节省 31 分钟；采用概率 0.0565–0.0865（类间比 1.53）
23:48:23 INFO    evtol_siting.choice_model  各类人群采用概率:
 cluster  monthly_income_cny  vot_cny_per_h  p_evtol  demand_rate
       3              1877.0           5.39  0.05645     0.005645
       0              2956.0           8.49  0.06033     0.006033
       1              4049.0          11.64  0.06455     0.006455
       2              5546.0          15.94  0.07085     0.007085
       4              8736.0          25.10  0.08655     0.008655
23:48:23 INFO    evtol_siting.choice_model  收入阶梯（K=5）: 1,877  2,956  4,049  5,546  8,736
23:48:23 INFO    evtol_siting.choice_model  时间价值: 5.4  8.5  11.6  15.9  25.1 元/小时（对应月收入 1,877  2,956  4,049  5,546  8,736）
23:48:23 INFO    evtol_siting.choice_model  时间价值: 1.1  1.3  1.4  1.7  1.9  2.2  2.5  2.9  3.3  3.8  4.4  5.0  5.8  6.6  7.6  8.8  10.1  11.6  13.3  15.3  17.6  20.2  23.2  26.7 元/小时（对应月收入 379  435  500  575  661  760  873  1,003  1,153  1,325  1,523  1,751  2,012  2,312  2,657  3,054  3,510  4,034  4,636  5,328  6,124  7,038  8,088  9,296）
23:48:23 INFO    evtol_siting.choice_model  时间价值: 1.7  2.0  2.3  2.6  3.0  3.4  4.0  4.5  5.2  6.0  6.9  7.9  9.1  10.5  12.0  13.8  15.9  18.3  21.0  24.1  27.7  31.9  36.6  42.1 元/小时（对应月收入 597  686  788  906  1,041  1,197  1,375  1,581  1,816  2,088  2,399  2,757  3,169  3,642  4,186  4,810  5,529  6,354  7,302  8,392  9,645  11,085  12,739  14,641）
23:48:23 INFO    evtol_siting.choice_model  时间价值: 2.3  2.7  3.1  3.6  4.1  4.7  5.4  6.2  7.1  8.2  9.4  10.9  12.5  14.3  16.5  18.9  21.8  25.0  28.7  33.0  38.0  43.6  50.1  57.6 元/小时（对应月收入 817  940  1,080  1,241  1,426  1,639  1,884  2,165  2,488  2,859  3,286  3,777  4,341  4,989  5,733  6,589  7,573  8,703  10,002  11,495  13,211  15,183  17,450  20,055）
23:48:23 INFO    evtol_siting.choice_model  时间价值: 3.2  3.7  4.3  4.9  5.6  6.5  7.4  8.5  9.8  11.3  12.9  14.9  17.1  19.6  22.6  25.9  29.8  34.3  39.4  45.2  52.0  59.8  68.7  78.9 元/小时（对应月收入 1,120  1,287  1,479  1,700  1,954  2,245  2,580  2,965  3,408  3,917  4,502  5,173  5,946  6,833  7,853  9,026  10,373  11,921  13,701  15,746  18,097  20,798  23,902  27,470）
23:48:23 INFO    evtol_siting.choice_model  时间价值: 5.1  5.8  6.7  7.7  8.8  10.2  11.7  13.4  15.4  17.7  20.4  23.4  26.9  30.9  35.5  40.9  46.9  54.0  62.0  71.3  81.9  94.1  108.2  124.3 元/小时（对应月收入 1,764  2,027  2,330  2,677  3,077  3,536  4,064  4,671  5,368  6,169  7,090  8,149  9,365  10,763  12,369  14,216  16,338  18,777  21,580  24,801  28,503  32,758  37,648  43,267）
23:48:23 INFO    evtol_siting.choice_model  选择模型 [区域内积分（σ_within=0.4）]: 出行 15 km（单点），地面 55 分钟 / 57 元，eVTOL 24 分钟 / 156 元，节省 31 分钟；采用概率 0.0207–0.0325（类间比 1.57）
23:48:23 INFO    evtol_siting.choice_model  各类人群采用概率:
 cluster  monthly_income_cny  vot_cny_per_h  p_evtol  demand_rate
       3              1877.0           5.39  0.02071     0.002071
       0              2956.0           8.49  0.02219     0.002219
       1              4049.0          11.64  0.02382     0.002382
       2              5546.0          15.94  0.02628     0.002628
       4              8736.0          25.10  0.03253     0.003253
23:48:23 INFO    evtol_siting.choice_model  收入阶梯（K=5）: 1,877  2,956  4,049  5,546  8,736
23:48:23 INFO    evtol_siting.choice_model  时间价值: 5.4  8.5  11.6  15.9  25.1 元/小时（对应月收入 1,877  2,956  4,049  5,546  8,736）
23:48:23 INFO    evtol_siting.choice_model  时间价值: 1.1  1.3  1.4  1.7  1.9  2.2  2.5  2.9  3.3  3.8  4.4  5.0  5.8  6.6  7.6  8.8  10.1  11.6  13.3  15.3  17.6  20.2  23.2  26.7 元/小时（对应月收入 379  435  500  575  661  760  873  1,003  1,153  1,325  1,523  1,751  2,012  2,312  2,657  3,054  3,510  4,034  4,636  5,328  6,124  7,038  8,088  9,296）
23:48:23 INFO    evtol_siting.choice_model  时间价值: 1.7  2.0  2.3  2.6  3.0  3.4  4.0  4.5  5.2  6.0  6.9  7.9  9.1  10.5  12.0  13.8  15.9  18.3  21.0  24.1  27.7  31.9  36.6  42.1 元/小时（对应月收入 597  686  788  906  1,041  1,197  1,375  1,581  1,816  2,088  2,399  2,757  3,169  3,642  4,186  4,810  5,529  6,354  7,302  8,392  9,645  11,085  12,739  14,641）
23:48:23 INFO    evtol_siting.choice_model  时间价值: 2.3  2.7  3.1  3.6  4.1  4.7  5.4  6.2  7.1  8.2  9.4  10.9  12.5  14.3  16.5  18.9  21.8  25.0  28.7  33.0  38.0  43.6  50.1  57.6 元/小时（对应月收入 817  940  1,080  1,241  1,426  1,639  1,884  2,165  2,488  2,859  3,286  3,777  4,341  4,989  5,733  6,589  7,573  8,703  10,002  11,495  13,211  15,183  17,450  20,055）
23:48:23 INFO    evtol_siting.choice_model  时间价值: 3.2  3.7  4.3  4.9  5.6  6.5  7.4  8.5  9.8  11.3  12.9  14.9  17.1  19.6  22.6  25.9  29.8  34.3  39.4  45.2  52.0  59.8  68.7  78.9 元/小时（对应月收入 1,120  1,287  1,479  1,700  1,954  2,245  2,580  2,965  3,408  3,917  4,502  5,173  5,946  6,833  7,853  9,026  10,373  11,921  13,701  15,746  18,097  20,798  23,902  27,470）
23:48:23 INFO    evtol_siting.choice_model  时间价值: 5.1  5.8  6.7  7.7  8.8  10.2  11.7  13.4  15.4  17.7  20.4  23.4  26.9  30.9  35.5  40.9  46.9  54.0  62.0  71.3  81.9  94.1  108.2  124.3 元/小时（对应月收入 1,764  2,027  2,330  2,677  3,077  3,536  4,064  4,671  5,368  6,169  7,090  8,149  9,365  10,763  12,369  14,216  16,338  18,777  21,580  24,801  28,503  32,758  37,648  43,267）
23:48:23 INFO    evtol_siting.choice_model  选择模型 [区域内积分（σ_within=0.4）]: 出行 15 km（单点），地面 55 分钟 / 57 元，eVTOL 24 分钟 / 195 元，节省 31 分钟；采用概率 0.0044–0.0070（类间比 1.59）
23:48:23 INFO    evtol_siting.choice_model  各类人群采用概率:
 cluster  monthly_income_cny  vot_cny_per_h  p_evtol  demand_rate
       3              1877.0           5.39  0.00442     0.000442
       0              2956.0           8.49  0.00475     0.000475
       1              4049.0          11.64  0.00510     0.000510
       2              5546.0          15.94  0.00564     0.000564
       4              8736.0          25.10  0.00703     0.000703
23:48:26 INFO    evtol_siting.viz.figures   图件已保存: fig03_demand_clusters (PDF, PNG)
23:48:34 INFO    evtol_siting.data.pbf        airports            1364 个要素
23:48:34 INFO    evtol_siting.data.pbf      PBF 解析完成（扫描 3976 个候选要素，输出 1 个图层）
23:48:41 INFO    evtol_siting.viz.figures   图件已保存: fig11_demand_by_group (PDF, PNG)
23:48:45 INFO    evtol_siting.viz.figures   图件已保存: fig04_pareto_front (PDF, PNG)
23:48:46 INFO    evtol_siting.viz.figures   图件已保存: fig05_convergence (PDF, PNG)
23:48:47 INFO    evtol_siting.viz.figures   图件已保存: fig06_airport_buffer_sensitivity (PDF, PNG)
23:48:49 INFO    evtol_siting.viz.figures   图件已保存: fig07_solution_comparison (PDF, PNG)
23:48:49 INFO    evtol_siting.choice_model  时间价值: 2.9  3.4  4.0  4.6  5.1  5.7  6.3  6.8  7.4  8.0  8.5  9.1  9.7  10.2  10.8  11.4  11.9  12.5  13.1  13.6  14.2  14.8  15.3  15.9  16.5  17.0  17.6  18.2  18.8  19.3  19.9  20.5  21.0  21.6  22.2  22.7  23.3  23.9  24.4  25.0  25.6  26.1  26.7  27.3  27.8  28.4  29.0  29.5  30.1  30.7  31.2  31.8  32.4  32.9  33.5  34.1  34.6  35.2  35.8  36.3  36.9  37.5  38.0  38.6  39.2  39.7  40.3  40.9  41.4  42.0  42.6  43.1  43.7  44.3  44.8  45.4  46.0  46.5  47.1  47.7  48.2  48.8  49.4  49.9  50.5  51.1  51.6  52.2  52.8  53.3  53.9  54.5  55.0  55.6  56.2  56.7  57.3  57.9  58.4  59.0  59.6  60.1  60.7  61.3  61.8  62.4  63.0  63.5  64.1  64.7  65.2  65.8  66.4  66.9  67.5  68.1  68.6  69.2  69.8  70.3  70.9  71.5  72.1  72.6  73.2  73.8  74.3  74.9  75.5  76.0  76.6  77.2  77.7  78.3  78.9  79.4  80.0  80.6  81.1  81.7  82.3  82.8  83.4  84.0  84.5  85.1  85.7  86.2  86.8  87.4  87.9  88.5  89.1  89.6  90.2  90.8  91.3  91.9  92.5  93.0  93.6  94.2  94.7  95.3  95.9  96.4  97.0  97.6  98.1  98.7  99.3  99.8  100.4  101.0  101.5  102.1  102.7  103.2  103.8  104.4  104.9  105.5  106.1  106.6  107.2  107.8  108.3  108.9  109.5  110.0  110.6  111.2  111.7  112.3  112.9  113.4  114.0  114.6  115.1  115.7  116.3  116.8  117.4  118.0  118.5  119.1  119.7  120.2  120.8  121.4  121.9  122.5  123.1  123.6  124.2  124.8  125.4  125.9  126.5  127.1  127.6  128.2  128.8  129.3  129.9  130.5  131.0  131.6  132.2  132.7  133.3  133.9  134.4  135.0  135.6  136.1  136.7  137.3  137.8  138.4  139.0  139.5  140.1  140.7  141.2  141.8  142.4  142.9  143.5  144.1  144.6  145.2  145.8  146.3  146.9  147.5  148.0  148.6  149.2  149.7  150.3  150.9  151.4  152.0  152.6  153.1  153.7  154.3  154.8  155.4  156.0  156.5  157.1  157.7  158.2  158.8  159.4  159.9  160.5  161.1  161.6  162.2  162.8  163.3  163.9  164.5  165.0  165.6  166.2  166.7  167.3  167.9  168.4  169.0  169.6  170.1  170.7  171.3  171.8  172.4 元/小时（对应月收入 1,000  1,197  1,395  1,592  1,789  1,987  2,184  2,381  2,579  2,776  2,973  3,171  3,368  3,565  3,763  3,960  4,157  4,355  4,552  4,749  4,946  5,144  5,341  5,538  5,736  5,933  6,130  6,328  6,525  6,722  6,920  7,117  7,314  7,512  7,709  7,906  8,104  8,301  8,498  8,696  8,893  9,090  9,288  9,485  9,682  9,880  10,077  10,274  10,472  10,669  10,866  11,064  11,261  11,458  11,656  11,853  12,050  12,247  12,445  12,642  12,839  13,037  13,234  13,431  13,629  13,826  14,023  14,221  14,418  14,615  14,813  15,010  15,207  15,405  15,602  15,799  15,997  16,194  16,391  16,589  16,786  16,983  17,181  17,378  17,575  17,773  17,970  18,167  18,365  18,562  18,759  18,957  19,154  19,351  19,548  19,746  19,943  20,140  20,338  20,535  20,732  20,930  21,127  21,324  21,522  21,719  21,916  22,114  22,311  22,508  22,706  22,903  23,100  23,298  23,495  23,692  23,890  24,087  24,284  24,482  24,679  24,876  25,074  25,271  25,468  25,666  25,863  26,060  26,258  26,455  26,652  26,849  27,047  27,244  27,441  27,639  27,836  28,033  28,231  28,428  28,625  28,823  29,020  29,217  29,415  29,612  29,809  30,007  30,204  30,401  30,599  30,796  30,993  31,191  31,388  31,585  31,783  31,980  32,177  32,375  32,572  32,769  32,967  33,164  33,361  33,559  33,756  33,953  34,151  34,348  34,545  34,742  34,940  35,137  35,334  35,532  35,729  35,926  36,124  36,321  36,518  36,716  36,913  37,110  37,308  37,505  37,702  37,900  38,097  38,294  38,492  38,689  38,886  39,084  39,281  39,478  39,676  39,873  40,070  40,268  40,465  40,662  40,860  41,057  41,254  41,452  41,649  41,846  42,043  42,241  42,438  42,635  42,833  43,030  43,227  43,425  43,622  43,819  44,017  44,214  44,411  44,609  44,806  45,003  45,201  45,398  45,595  45,793  45,990  46,187  46,385  46,582  46,779  46,977  47,174  47,371  47,569  47,766  47,963  48,161  48,358  48,555  48,753  48,950  49,147  49,344  49,542  49,739  49,936  50,134  50,331  50,528  50,726  50,923  51,120  51,318  51,515  51,712  51,910  52,107  52,304  52,502  52,699  52,896  53,094  53,291  53,488  53,686  53,883  54,080  54,278  54,475  54,672  54,870  55,067  55,264  55,462  55,659  55,856  56,054  56,251  56,448  56,645  56,843  57,040  57,237  57,435  57,632  57,829  58,027  58,224  58,421  58,619  58,816  59,013  59,211  59,408  59,605  59,803  60,000）
23:48:50 INFO    evtol_siting.viz.figures   图件已保存: fig08_choice_model (PDF, PNG)
23:48:51 INFO    evtol_siting.viz.figures   图件已保存: fig09_accessibility (PDF, PNG)
23:48:51 INFO    figures                    ==================================================================
23:48:51 INFO    figures                     完成，共生成 20 个文件
23:48:51 INFO    figures                       fig01_study_area.pdf
23:48:51 INFO    figures                       fig01_study_area.png
23:48:51 INFO    figures                       fig02_height_fusion.pdf
23:48:51 INFO    figures                       fig02_height_fusion.png
23:48:51 INFO    figures                       fig03_demand_clusters.pdf
23:48:51 INFO    figures                       fig03_demand_clusters.png
23:48:51 INFO    figures                       fig04_pareto_front.pdf
23:48:51 INFO    figures                       fig04_pareto_front.png
23:48:51 INFO    figures                       fig05_convergence.pdf
23:48:51 INFO    figures                       fig05_convergence.png
23:48:51 INFO    figures                       fig06_airport_buffer_sensitivity.pdf
23:48:51 INFO    figures                       fig06_airport_buffer_sensitivity.png
23:48:51 INFO    figures                       fig07_solution_comparison.pdf
23:48:51 INFO    figures                       fig07_solution_comparison.png
23:48:51 INFO    figures                       fig08_choice_model.pdf
23:48:51 INFO    figures                       fig08_choice_model.png
23:48:51 INFO    figures                       fig09_accessibility.pdf
23:48:51 INFO    figures                       fig09_accessibility.png
23:48:51 INFO    figures                       fig11_demand_by_group.pdf
23:48:51 INFO    figures                       fig11_demand_by_group.png
23:48:51 INFO    figures                     输出目录: 论文稿件\图件
23:48:51 INFO    figures                    ==================================================================
02:02:10 INFO    figures                    图件输出目录: 论文稿件\图件（配置 chengdu.yaml）
02:02:13 INFO    evtol_siting.data.pbf        airports            1365 个要素
02:02:13 INFO    evtol_siting.data.pbf      PBF 解析完成（扫描 4405 个候选要素，装配并保留 110 个面要素，丢弃 0 个非法几何，输出 1 个图层）
02:02:15 INFO    evtol_siting.viz.figures   图件已保存: fig01_study_area (PDF, PNG)
02:02:15 INFO    evtol_siting.viz.figures   图件已保存: fig02_height_fusion (PDF, PNG)
02:02:16 INFO    evtol_siting.choice_model  收入阶梯（K=5）: 1,877  2,956  4,049  5,546  8,736
02:02:16 INFO    evtol_siting.choice_model  时间价值: 5.4  8.5  11.6  15.9  25.1 元/小时（对应月收入 1,877  2,956  4,049  5,546  8,736）
02:02:16 INFO    evtol_siting.choice_model  时间价值: 1.1  1.3  1.4  1.7  1.9  2.2  2.5  2.9  3.3  3.8  4.4  5.0  5.8  6.6  7.6  8.8  10.1  11.6  13.3  15.3  17.6  20.2  23.2  26.7 元/小时（对应月收入 379  435  500  575  661  760  873  1,003  1,153  1,325  1,523  1,751  2,012  2,312  2,657  3,054  3,510  4,034  4,636  5,328  6,124  7,038  8,088  9,296）
02:02:16 INFO    evtol_siting.choice_model  时间价值: 1.7  2.0  2.3  2.6  3.0  3.4  4.0  4.5  5.2  6.0  6.9  7.9  9.1  10.5  12.0  13.8  15.9  18.3  21.0  24.1  27.7  31.9  36.6  42.1 元/小时（对应月收入 597  686  788  906  1,041  1,197  1,375  1,581  1,816  2,088  2,399  2,757  3,169  3,642  4,186  4,810  5,529  6,354  7,302  8,392  9,645  11,085  12,739  14,641）
02:02:16 INFO    evtol_siting.choice_model  时间价值: 2.3  2.7  3.1  3.6  4.1  4.7  5.4  6.2  7.1  8.2  9.4  10.9  12.5  14.3  16.5  18.9  21.8  25.0  28.7  33.0  38.0  43.6  50.1  57.6 元/小时（对应月收入 817  940  1,080  1,241  1,426  1,639  1,884  2,165  2,488  2,859  3,286  3,777  4,341  4,989  5,733  6,589  7,573  8,703  10,002  11,495  13,211  15,183  17,450  20,055）
02:02:16 INFO    evtol_siting.choice_model  时间价值: 3.2  3.7  4.3  4.9  5.6  6.5  7.4  8.5  9.8  11.3  12.9  14.9  17.1  19.6  22.6  25.9  29.8  34.3  39.4  45.2  52.0  59.8  68.7  78.9 元/小时（对应月收入 1,120  1,287  1,479  1,700  1,954  2,245  2,580  2,965  3,408  3,917  4,502  5,173  5,946  6,833  7,853  9,026  10,373  11,921  13,701  15,746  18,097  20,798  23,902  27,470）
02:02:16 INFO    evtol_siting.choice_model  时间价值: 5.1  5.8  6.7  7.7  8.8  10.2  11.7  13.4  15.4  17.7  20.4  23.4  26.9  30.9  35.5  40.9  46.9  54.0  62.0  71.3  81.9  94.1  108.2  124.3 元/小时（对应月收入 1,764  2,027  2,330  2,677  3,077  3,536  4,064  4,671  5,368  6,169  7,090  8,149  9,365  10,763  12,369  14,216  16,338  18,777  21,580  24,801  28,503  32,758  37,648  43,267）
02:02:16 INFO    evtol_siting.choice_model  选择模型 [区域内积分（σ_within=0.4）]: 出行 15 km（单点），地面 55 分钟 / 57 元，eVTOL 24 分钟 / 52 元，节省 31 分钟；采用概率 0.5750–0.6748（类间比 1.17）
02:02:16 INFO    evtol_siting.choice_model  各类人群采用概率:
 cluster  monthly_income_cny  vot_cny_per_h  p_evtol  demand_rate
       3              1877.0           5.39  0.57505     0.057505
       0              2956.0           8.49  0.59167     0.059167
       1              4049.0          11.64  0.60822     0.060822
       2              5546.0          15.94  0.63032     0.063032
       4              8736.0          25.10  0.67482     0.067482
02:02:16 INFO    evtol_siting.choice_model  收入阶梯（K=5）: 1,877  2,956  4,049  5,546  8,736
02:02:16 INFO    evtol_siting.choice_model  时间价值: 5.4  8.5  11.6  15.9  25.1 元/小时（对应月收入 1,877  2,956  4,049  5,546  8,736）
02:02:16 INFO    evtol_siting.choice_model  时间价值: 1.1  1.3  1.4  1.7  1.9  2.2  2.5  2.9  3.3  3.8  4.4  5.0  5.8  6.6  7.6  8.8  10.1  11.6  13.3  15.3  17.6  20.2  23.2  26.7 元/小时（对应月收入 379  435  500  575  661  760  873  1,003  1,153  1,325  1,523  1,751  2,012  2,312  2,657  3,054  3,510  4,034  4,636  5,328  6,124  7,038  8,088  9,296）
02:02:16 INFO    evtol_siting.choice_model  时间价值: 1.7  2.0  2.3  2.6  3.0  3.4  4.0  4.5  5.2  6.0  6.9  7.9  9.1  10.5  12.0  13.8  15.9  18.3  21.0  24.1  27.7  31.9  36.6  42.1 元/小时（对应月收入 597  686  788  906  1,041  1,197  1,375  1,581  1,816  2,088  2,399  2,757  3,169  3,642  4,186  4,810  5,529  6,354  7,302  8,392  9,645  11,085  12,739  14,641）
02:02:16 INFO    evtol_siting.choice_model  时间价值: 2.3  2.7  3.1  3.6  4.1  4.7  5.4  6.2  7.1  8.2  9.4  10.9  12.5  14.3  16.5  18.9  21.8  25.0  28.7  33.0  38.0  43.6  50.1  57.6 元/小时（对应月收入 817  940  1,080  1,241  1,426  1,639  1,884  2,165  2,488  2,859  3,286  3,777  4,341  4,989  5,733  6,589  7,573  8,703  10,002  11,495  13,211  15,183  17,450  20,055）
02:02:16 INFO    evtol_siting.choice_model  时间价值: 3.2  3.7  4.3  4.9  5.6  6.5  7.4  8.5  9.8  11.3  12.9  14.9  17.1  19.6  22.6  25.9  29.8  34.3  39.4  45.2  52.0  59.8  68.7  78.9 元/小时（对应月收入 1,120  1,287  1,479  1,700  1,954  2,245  2,580  2,965  3,408  3,917  4,502  5,173  5,946  6,833  7,853  9,026  10,373  11,921  13,701  15,746  18,097  20,798  23,902  27,470）
02:02:16 INFO    evtol_siting.choice_model  时间价值: 5.1  5.8  6.7  7.7  8.8  10.2  11.7  13.4  15.4  17.7  20.4  23.4  26.9  30.9  35.5  40.9  46.9  54.0  62.0  71.3  81.9  94.1  108.2  124.3 元/小时（对应月收入 1,764  2,027  2,330  2,677  3,077  3,536  4,064  4,671  5,368  6,169  7,090  8,149  9,365  10,763  12,369  14,216  16,338  18,777  21,580  24,801  28,503  32,758  37,648  43,267）
02:02:16 INFO    evtol_siting.choice_model  选择模型 [区域内积分（σ_within=0.4）]: 出行 15 km（单点），地面 55 分钟 / 57 元，eVTOL 24 分钟 / 78 元，节省 31 分钟；采用概率 0.3237–0.4262（类间比 1.32）
02:02:16 INFO    evtol_siting.choice_model  各类人群采用概率:
 cluster  monthly_income_cny  vot_cny_per_h  p_evtol  demand_rate
       3              1877.0           5.39  0.32368     0.032368
       0              2956.0           8.49  0.33904     0.033904
       1              4049.0          11.64  0.35497     0.035497
       2              5546.0          15.94  0.37730     0.037730
       4              8736.0          25.10  0.42621     0.042621
02:02:16 INFO    evtol_siting.choice_model  收入阶梯（K=5）: 1,877  2,956  4,049  5,546  8,736
02:02:16 INFO    evtol_siting.choice_model  时间价值: 5.4  8.5  11.6  15.9  25.1 元/小时（对应月收入 1,877  2,956  4,049  5,546  8,736）
02:02:16 INFO    evtol_siting.choice_model  时间价值: 1.1  1.3  1.4  1.7  1.9  2.2  2.5  2.9  3.3  3.8  4.4  5.0  5.8  6.6  7.6  8.8  10.1  11.6  13.3  15.3  17.6  20.2  23.2  26.7 元/小时（对应月收入 379  435  500  575  661  760  873  1,003  1,153  1,325  1,523  1,751  2,012  2,312  2,657  3,054  3,510  4,034  4,636  5,328  6,124  7,038  8,088  9,296）
02:02:16 INFO    evtol_siting.choice_model  时间价值: 1.7  2.0  2.3  2.6  3.0  3.4  4.0  4.5  5.2  6.0  6.9  7.9  9.1  10.5  12.0  13.8  15.9  18.3  21.0  24.1  27.7  31.9  36.6  42.1 元/小时（对应月收入 597  686  788  906  1,041  1,197  1,375  1,581  1,816  2,088  2,399  2,757  3,169  3,642  4,186  4,810  5,529  6,354  7,302  8,392  9,645  11,085  12,739  14,641）
02:02:16 INFO    evtol_siting.choice_model  时间价值: 2.3  2.7  3.1  3.6  4.1  4.7  5.4  6.2  7.1  8.2  9.4  10.9  12.5  14.3  16.5  18.9  21.8  25.0  28.7  33.0  38.0  43.6  50.1  57.6 元/小时（对应月收入 817  940  1,080  1,241  1,426  1,639  1,884  2,165  2,488  2,859  3,286  3,777  4,341  4,989  5,733  6,589  7,573  8,703  10,002  11,495  13,211  15,183  17,450  20,055）
02:02:16 INFO    evtol_siting.choice_model  时间价值: 3.2  3.7  4.3  4.9  5.6  6.5  7.4  8.5  9.8  11.3  12.9  14.9  17.1  19.6  22.6  25.9  29.8  34.3  39.4  45.2  52.0  59.8  68.7  78.9 元/小时（对应月收入 1,120  1,287  1,479  1,700  1,954  2,245  2,580  2,965  3,408  3,917  4,502  5,173  5,946  6,833  7,853  9,026  10,373  11,921  13,701  15,746  18,097  20,798  23,902  27,470）
02:02:16 INFO    evtol_siting.choice_model  时间价值: 5.1  5.8  6.7  7.7  8.8  10.2  11.7  13.4  15.4  17.7  20.4  23.4  26.9  30.9  35.5  40.9  46.9  54.0  62.0  71.3  81.9  94.1  108.2  124.3 元/小时（对应月收入 1,764  2,027  2,330  2,677  3,077  3,536  4,064  4,671  5,368  6,169  7,090  8,149  9,365  10,763  12,369  14,216  16,338  18,777  21,580  24,801  28,503  32,758  37,648  43,267）
02:02:16 INFO    evtol_siting.choice_model  选择模型 [区域内积分（σ_within=0.4）]: 出行 15 km（单点），地面 55 分钟 / 57 元，eVTOL 24 分钟 / 104 元，节省 31 分钟；采用概率 0.1447–0.2100（类间比 1.45）
02:02:16 INFO    evtol_siting.choice_model  各类人群采用概率:
 cluster  monthly_income_cny  vot_cny_per_h  p_evtol  demand_rate
       3              1877.0           5.39  0.14474     0.014474
       0              2956.0           8.49  0.15364     0.015364
       1              4049.0          11.64  0.16316     0.016316
       2              5546.0          15.94  0.17707     0.017707
       4              8736.0          25.10  0.21003     0.021003
02:02:16 INFO    evtol_siting.choice_model  收入阶梯（K=5）: 1,877  2,956  4,049  5,546  8,736
02:02:16 INFO    evtol_siting.choice_model  时间价值: 5.4  8.5  11.6  15.9  25.1 元/小时（对应月收入 1,877  2,956  4,049  5,546  8,736）
02:02:16 INFO    evtol_siting.choice_model  时间价值: 1.1  1.3  1.4  1.7  1.9  2.2  2.5  2.9  3.3  3.8  4.4  5.0  5.8  6.6  7.6  8.8  10.1  11.6  13.3  15.3  17.6  20.2  23.2  26.7 元/小时（对应月收入 379  435  500  575  661  760  873  1,003  1,153  1,325  1,523  1,751  2,012  2,312  2,657  3,054  3,510  4,034  4,636  5,328  6,124  7,038  8,088  9,296）
02:02:16 INFO    evtol_siting.choice_model  时间价值: 1.7  2.0  2.3  2.6  3.0  3.4  4.0  4.5  5.2  6.0  6.9  7.9  9.1  10.5  12.0  13.8  15.9  18.3  21.0  24.1  27.7  31.9  36.6  42.1 元/小时（对应月收入 597  686  788  906  1,041  1,197  1,375  1,581  1,816  2,088  2,399  2,757  3,169  3,642  4,186  4,810  5,529  6,354  7,302  8,392  9,645  11,085  12,739  14,641）
02:02:16 INFO    evtol_siting.choice_model  时间价值: 2.3  2.7  3.1  3.6  4.1  4.7  5.4  6.2  7.1  8.2  9.4  10.9  12.5  14.3  16.5  18.9  21.8  25.0  28.7  33.0  38.0  43.6  50.1  57.6 元/小时（对应月收入 817  940  1,080  1,241  1,426  1,639  1,884  2,165  2,488  2,859  3,286  3,777  4,341  4,989  5,733  6,589  7,573  8,703  10,002  11,495  13,211  15,183  17,450  20,055）
02:02:16 INFO    evtol_siting.choice_model  时间价值: 3.2  3.7  4.3  4.9  5.6  6.5  7.4  8.5  9.8  11.3  12.9  14.9  17.1  19.6  22.6  25.9  29.8  34.3  39.4  45.2  52.0  59.8  68.7  78.9 元/小时（对应月收入 1,120  1,287  1,479  1,700  1,954  2,245  2,580  2,965  3,408  3,917  4,502  5,173  5,946  6,833  7,853  9,026  10,373  11,921  13,701  15,746  18,097  20,798  23,902  27,470）
02:02:16 INFO    evtol_siting.choice_model  时间价值: 5.1  5.8  6.7  7.7  8.8  10.2  11.7  13.4  15.4  17.7  20.4  23.4  26.9  30.9  35.5  40.9  46.9  54.0  62.0  71.3  81.9  94.1  108.2  124.3 元/小时（对应月收入 1,764  2,027  2,330  2,677  3,077  3,536  4,064  4,671  5,368  6,169  7,090  8,149  9,365  10,763  12,369  14,216  16,338  18,777  21,580  24,801  28,503  32,758  37,648  43,267）
02:02:16 INFO    evtol_siting.choice_model  选择模型 [区域内积分（σ_within=0.4）]: 出行 15 km（单点），地面 55 分钟 / 57 元，eVTOL 24 分钟 / 130 元，节省 31 分钟；采用概率 0.0565–0.0865（类间比 1.53）
02:02:16 INFO    evtol_siting.choice_model  各类人群采用概率:
 cluster  monthly_income_cny  vot_cny_per_h  p_evtol  demand_rate
       3              1877.0           5.39  0.05645     0.005645
       0              2956.0           8.49  0.06033     0.006033
       1              4049.0          11.64  0.06455     0.006455
       2              5546.0          15.94  0.07085     0.007085
       4              8736.0          25.10  0.08655     0.008655
02:02:16 INFO    evtol_siting.choice_model  收入阶梯（K=5）: 1,877  2,956  4,049  5,546  8,736
02:02:16 INFO    evtol_siting.choice_model  时间价值: 5.4  8.5  11.6  15.9  25.1 元/小时（对应月收入 1,877  2,956  4,049  5,546  8,736）
02:02:16 INFO    evtol_siting.choice_model  时间价值: 1.1  1.3  1.4  1.7  1.9  2.2  2.5  2.9  3.3  3.8  4.4  5.0  5.8  6.6  7.6  8.8  10.1  11.6  13.3  15.3  17.6  20.2  23.2  26.7 元/小时（对应月收入 379  435  500  575  661  760  873  1,003  1,153  1,325  1,523  1,751  2,012  2,312  2,657  3,054  3,510  4,034  4,636  5,328  6,124  7,038  8,088  9,296）
02:02:16 INFO    evtol_siting.choice_model  时间价值: 1.7  2.0  2.3  2.6  3.0  3.4  4.0  4.5  5.2  6.0  6.9  7.9  9.1  10.5  12.0  13.8  15.9  18.3  21.0  24.1  27.7  31.9  36.6  42.1 元/小时（对应月收入 597  686  788  906  1,041  1,197  1,375  1,581  1,816  2,088  2,399  2,757  3,169  3,642  4,186  4,810  5,529  6,354  7,302  8,392  9,645  11,085  12,739  14,641）
02:02:16 INFO    evtol_siting.choice_model  时间价值: 2.3  2.7  3.1  3.6  4.1  4.7  5.4  6.2  7.1  8.2  9.4  10.9  12.5  14.3  16.5  18.9  21.8  25.0  28.7  33.0  38.0  43.6  50.1  57.6 元/小时（对应月收入 817  940  1,080  1,241  1,426  1,639  1,884  2,165  2,488  2,859  3,286  3,777  4,341  4,989  5,733  6,589  7,573  8,703  10,002  11,495  13,211  15,183  17,450  20,055）
02:02:16 INFO    evtol_siting.choice_model  时间价值: 3.2  3.7  4.3  4.9  5.6  6.5  7.4  8.5  9.8  11.3  12.9  14.9  17.1  19.6  22.6  25.9  29.8  34.3  39.4  45.2  52.0  59.8  68.7  78.9 元/小时（对应月收入 1,120  1,287  1,479  1,700  1,954  2,245  2,580  2,965  3,408  3,917  4,502  5,173  5,946  6,833  7,853  9,026  10,373  11,921  13,701  15,746  18,097  20,798  23,902  27,470）
02:02:16 INFO    evtol_siting.choice_model  时间价值: 5.1  5.8  6.7  7.7  8.8  10.2  11.7  13.4  15.4  17.7  20.4  23.4  26.9  30.9  35.5  40.9  46.9  54.0  62.0  71.3  81.9  94.1  108.2  124.3 元/小时（对应月收入 1,764  2,027  2,330  2,677  3,077  3,536  4,064  4,671  5,368  6,169  7,090  8,149  9,365  10,763  12,369  14,216  16,338  18,777  21,580  24,801  28,503  32,758  37,648  43,267）
02:02:16 INFO    evtol_siting.choice_model  选择模型 [区域内积分（σ_within=0.4）]: 出行 15 km（单点），地面 55 分钟 / 57 元，eVTOL 24 分钟 / 156 元，节省 31 分钟；采用概率 0.0207–0.0325（类间比 1.57）
02:02:16 INFO    evtol_siting.choice_model  各类人群采用概率:
 cluster  monthly_income_cny  vot_cny_per_h  p_evtol  demand_rate
       3              1877.0           5.39  0.02071     0.002071
       0              2956.0           8.49  0.02219     0.002219
       1              4049.0          11.64  0.02382     0.002382
       2              5546.0          15.94  0.02628     0.002628
       4              8736.0          25.10  0.03253     0.003253
02:02:16 INFO    evtol_siting.choice_model  收入阶梯（K=5）: 1,877  2,956  4,049  5,546  8,736
02:02:16 INFO    evtol_siting.choice_model  时间价值: 5.4  8.5  11.6  15.9  25.1 元/小时（对应月收入 1,877  2,956  4,049  5,546  8,736）
02:02:16 INFO    evtol_siting.choice_model  时间价值: 1.1  1.3  1.4  1.7  1.9  2.2  2.5  2.9  3.3  3.8  4.4  5.0  5.8  6.6  7.6  8.8  10.1  11.6  13.3  15.3  17.6  20.2  23.2  26.7 元/小时（对应月收入 379  435  500  575  661  760  873  1,003  1,153  1,325  1,523  1,751  2,012  2,312  2,657  3,054  3,510  4,034  4,636  5,328  6,124  7,038  8,088  9,296）
02:02:16 INFO    evtol_siting.choice_model  时间价值: 1.7  2.0  2.3  2.6  3.0  3.4  4.0  4.5  5.2  6.0  6.9  7.9  9.1  10.5  12.0  13.8  15.9  18.3  21.0  24.1  27.7  31.9  36.6  42.1 元/小时（对应月收入 597  686  788  906  1,041  1,197  1,375  1,581  1,816  2,088  2,399  2,757  3,169  3,642  4,186  4,810  5,529  6,354  7,302  8,392  9,645  11,085  12,739  14,641）
02:02:16 INFO    evtol_siting.choice_model  时间价值: 2.3  2.7  3.1  3.6  4.1  4.7  5.4  6.2  7.1  8.2  9.4  10.9  12.5  14.3  16.5  18.9  21.8  25.0  28.7  33.0  38.0  43.6  50.1  57.6 元/小时（对应月收入 817  940  1,080  1,241  1,426  1,639  1,884  2,165  2,488  2,859  3,286  3,777  4,341  4,989  5,733  6,589  7,573  8,703  10,002  11,495  13,211  15,183  17,450  20,055）
02:02:16 INFO    evtol_siting.choice_model  时间价值: 3.2  3.7  4.3  4.9  5.6  6.5  7.4  8.5  9.8  11.3  12.9  14.9  17.1  19.6  22.6  25.9  29.8  34.3  39.4  45.2  52.0  59.8  68.7  78.9 元/小时（对应月收入 1,120  1,287  1,479  1,700  1,954  2,245  2,580  2,965  3,408  3,917  4,502  5,173  5,946  6,833  7,853  9,026  10,373  11,921  13,701  15,746  18,097  20,798  23,902  27,470）
02:02:16 INFO    evtol_siting.choice_model  时间价值: 5.1  5.8  6.7  7.7  8.8  10.2  11.7  13.4  15.4  17.7  20.4  23.4  26.9  30.9  35.5  40.9  46.9  54.0  62.0  71.3  81.9  94.1  108.2  124.3 元/小时（对应月收入 1,764  2,027  2,330  2,677  3,077  3,536  4,064  4,671  5,368  6,169  7,090  8,149  9,365  10,763  12,369  14,216  16,338  18,777  21,580  24,801  28,503  32,758  37,648  43,267）
02:02:16 INFO    evtol_siting.choice_model  选择模型 [区域内积分（σ_within=0.4）]: 出行 15 km（单点），地面 55 分钟 / 57 元，eVTOL 24 分钟 / 195 元，节省 31 分钟；采用概率 0.0044–0.0070（类间比 1.59）
02:02:16 INFO    evtol_siting.choice_model  各类人群采用概率:
 cluster  monthly_income_cny  vot_cny_per_h  p_evtol  demand_rate
       3              1877.0           5.39  0.00442     0.000442
       0              2956.0           8.49  0.00475     0.000475
       1              4049.0          11.64  0.00510     0.000510
       2              5546.0          15.94  0.00564     0.000564
       4              8736.0          25.10  0.00703     0.000703
02:02:17 INFO    evtol_siting.viz.figures   图件已保存: fig03_demand_clusters (PDF, PNG)
02:02:20 INFO    evtol_siting.data.pbf        airports            1365 个要素
02:02:20 INFO    evtol_siting.data.pbf      PBF 解析完成（扫描 4405 个候选要素，装配并保留 110 个面要素，丢弃 0 个非法几何，输出 1 个图层）
02:02:21 INFO    evtol_siting.viz.figures   图件已保存: fig11_demand_by_group (PDF, PNG)
02:02:22 INFO    evtol_siting.viz.figures   图件已保存: fig04_pareto_front (PDF, PNG)
02:02:22 INFO    evtol_siting.viz.figures   图件已保存: fig05_convergence (PDF, PNG)
02:02:23 INFO    evtol_siting.viz.figures   图件已保存: fig06_airport_buffer_sensitivity (PDF, PNG)
02:02:23 INFO    evtol_siting.viz.figures   图件已保存: fig07_solution_comparison (PDF, PNG)
02:02:23 INFO    evtol_siting.choice_model  时间价值: 2.9  3.4  4.0  4.6  5.1  5.7  6.3  6.8  7.4  8.0  8.5  9.1  9.7  10.2  10.8  11.4  11.9  12.5  13.1  13.6  14.2  14.8  15.3  15.9  16.5  17.0  17.6  18.2  18.8  19.3  19.9  20.5  21.0  21.6  22.2  22.7  23.3  23.9  24.4  25.0  25.6  26.1  26.7  27.3  27.8  28.4  29.0  29.5  30.1  30.7  31.2  31.8  32.4  32.9  33.5  34.1  34.6  35.2  35.8  36.3  36.9  37.5  38.0  38.6  39.2  39.7  40.3  40.9  41.4  42.0  42.6  43.1  43.7  44.3  44.8  45.4  46.0  46.5  47.1  47.7  48.2  48.8  49.4  49.9  50.5  51.1  51.6  52.2  52.8  53.3  53.9  54.5  55.0  55.6  56.2  56.7  57.3  57.9  58.4  59.0  59.6  60.1  60.7  61.3  61.8  62.4  63.0  63.5  64.1  64.7  65.2  65.8  66.4  66.9  67.5  68.1  68.6  69.2  69.8  70.3  70.9  71.5  72.1  72.6  73.2  73.8  74.3  74.9  75.5  76.0  76.6  77.2  77.7  78.3  78.9  79.4  80.0  80.6  81.1  81.7  82.3  82.8  83.4  84.0  84.5  85.1  85.7  86.2  86.8  87.4  87.9  88.5  89.1  89.6  90.2  90.8  91.3  91.9  92.5  93.0  93.6  94.2  94.7  95.3  95.9  96.4  97.0  97.6  98.1  98.7  99.3  99.8  100.4  101.0  101.5  102.1  102.7  103.2  103.8  104.4  104.9  105.5  106.1  106.6  107.2  107.8  108.3  108.9  109.5  110.0  110.6  111.2  111.7  112.3  112.9  113.4  114.0  114.6  115.1  115.7  116.3  116.8  117.4  118.0  118.5  119.1  119.7  120.2  120.8  121.4  121.9  122.5  123.1  123.6  124.2  124.8  125.4  125.9  126.5  127.1  127.6  128.2  128.8  129.3  129.9  130.5  131.0  131.6  132.2  132.7  133.3  133.9  134.4  135.0  135.6  136.1  136.7  137.3  137.8  138.4  139.0  139.5  140.1  140.7  141.2  141.8  142.4  142.9  143.5  144.1  144.6  145.2  145.8  146.3  146.9  147.5  148.0  148.6  149.2  149.7  150.3  150.9  151.4  152.0  152.6  153.1  153.7  154.3  154.8  155.4  156.0  156.5  157.1  157.7  158.2  158.8  159.4  159.9  160.5  161.1  161.6  162.2  162.8  163.3  163.9  164.5  165.0  165.6  166.2  166.7  167.3  167.9  168.4  169.0  169.6  170.1  170.7  171.3  171.8  172.4 元/小时（对应月收入 1,000  1,197  1,395  1,592  1,789  1,987  2,184  2,381  2,579  2,776  2,973  3,171  3,368  3,565  3,763  3,960  4,157  4,355  4,552  4,749  4,946  5,144  5,341  5,538  5,736  5,933  6,130  6,328  6,525  6,722  6,920  7,117  7,314  7,512  7,709  7,906  8,104  8,301  8,498  8,696  8,893  9,090  9,288  9,485  9,682  9,880  10,077  10,274  10,472  10,669  10,866  11,064  11,261  11,458  11,656  11,853  12,050  12,247  12,445  12,642  12,839  13,037  13,234  13,431  13,629  13,826  14,023  14,221  14,418  14,615  14,813  15,010  15,207  15,405  15,602  15,799  15,997  16,194  16,391  16,589  16,786  16,983  17,181  17,378  17,575  17,773  17,970  18,167  18,365  18,562  18,759  18,957  19,154  19,351  19,548  19,746  19,943  20,140  20,338  20,535  20,732  20,930  21,127  21,324  21,522  21,719  21,916  22,114  22,311  22,508  22,706  22,903  23,100  23,298  23,495  23,692  23,890  24,087  24,284  24,482  24,679  24,876  25,074  25,271  25,468  25,666  25,863  26,060  26,258  26,455  26,652  26,849  27,047  27,244  27,441  27,639  27,836  28,033  28,231  28,428  28,625  28,823  29,020  29,217  29,415  29,612  29,809  30,007  30,204  30,401  30,599  30,796  30,993  31,191  31,388  31,585  31,783  31,980  32,177  32,375  32,572  32,769  32,967  33,164  33,361  33,559  33,756  33,953  34,151  34,348  34,545  34,742  34,940  35,137  35,334  35,532  35,729  35,926  36,124  36,321  36,518  36,716  36,913  37,110  37,308  37,505  37,702  37,900  38,097  38,294  38,492  38,689  38,886  39,084  39,281  39,478  39,676  39,873  40,070  40,268  40,465  40,662  40,860  41,057  41,254  41,452  41,649  41,846  42,043  42,241  42,438  42,635  42,833  43,030  43,227  43,425  43,622  43,819  44,017  44,214  44,411  44,609  44,806  45,003  45,201  45,398  45,595  45,793  45,990  46,187  46,385  46,582  46,779  46,977  47,174  47,371  47,569  47,766  47,963  48,161  48,358  48,555  48,753  48,950  49,147  49,344  49,542  49,739  49,936  50,134  50,331  50,528  50,726  50,923  51,120  51,318  51,515  51,712  51,910  52,107  52,304  52,502  52,699  52,896  53,094  53,291  53,488  53,686  53,883  54,080  54,278  54,475  54,672  54,870  55,067  55,264  55,462  55,659  55,856  56,054  56,251  56,448  56,645  56,843  57,040  57,237  57,435  57,632  57,829  58,027  58,224  58,421  58,619  58,816  59,013  59,211  59,408  59,605  59,803  60,000）
02:02:24 INFO    evtol_siting.viz.figures   图件已保存: fig08_choice_model (PDF, PNG)
02:02:24 INFO    evtol_siting.viz.figures   图件已保存: fig09_accessibility (PDF, PNG)
02:02:24 INFO    figures                    ==================================================================
02:02:24 INFO    figures                     完成，共生成 20 个文件
02:02:24 INFO    figures                       fig01_study_area.pdf
02:02:24 INFO    figures                       fig01_study_area.png
02:02:24 INFO    figures                       fig02_height_fusion.pdf
02:02:24 INFO    figures                       fig02_height_fusion.png
02:02:24 INFO    figures                       fig03_demand_clusters.pdf
02:02:24 INFO    figures                       fig03_demand_clusters.png
02:02:24 INFO    figures                       fig04_pareto_front.pdf
02:02:24 INFO    figures                       fig04_pareto_front.png
02:02:24 INFO    figures                       fig05_convergence.pdf
02:02:24 INFO    figures                       fig05_convergence.png
02:02:24 INFO    figures                       fig06_airport_buffer_sensitivity.pdf
02:02:24 INFO    figures                       fig06_airport_buffer_sensitivity.png
02:02:24 INFO    figures                       fig07_solution_comparison.pdf
02:02:24 INFO    figures                       fig07_solution_comparison.png
02:02:24 INFO    figures                       fig08_choice_model.pdf
02:02:24 INFO    figures                       fig08_choice_model.png
02:02:24 INFO    figures                       fig09_accessibility.pdf
02:02:24 INFO    figures                       fig09_accessibility.png
02:02:24 INFO    figures                       fig11_demand_by_group.pdf
02:02:24 INFO    figures                       fig11_demand_by_group.png
02:02:24 INFO    figures                     输出目录: 论文稿件\图件
02:02:24 INFO    figures                    ==================================================================
02:58:28 INFO    figures                    图件输出目录: 论文稿件\图件（配置 chengdu.yaml）
02:58:29 INFO    evtol_siting.viz.figures   图件已保存: fig02_height_fusion (PDF, PNG)
02:58:29 INFO    figures                      图 2 的标签/融合对照取自 height_source_comparison.json（256 vs 1517）
02:58:29 INFO    figures                    ==================================================================
02:58:29 INFO    figures                     完成，共生成 2 个文件
02:58:29 INFO    figures                       fig02_height_fusion.pdf
02:58:29 INFO    figures                       fig02_height_fusion.png
02:58:29 INFO    figures                     输出目录: 论文稿件\图件
02:58:29 INFO    figures                    ==================================================================
05:25:07 INFO    figures                    图件输出目录: 论文稿件\图件（配置 chengdu.yaml）
05:25:12 INFO    evtol_siting.data.pbf        airports            1365 个要素
05:25:12 INFO    evtol_siting.data.pbf      PBF 解析完成（扫描 4405 个候选要素，装配并保留 110 个面要素，丢弃 0 个非法几何，输出 1 个图层）
05:25:14 INFO    evtol_siting.viz.figures   图件已保存: fig01_study_area (PDF, PNG)
05:25:15 INFO    evtol_siting.viz.figures   图件已保存: fig02_height_fusion (PDF, PNG)
05:25:15 INFO    figures                      图 2 的标签/融合对照取自 height_source_comparison.json（256 vs 1517）
05:25:16 INFO    evtol_siting.choice_model  收入阶梯（K=5）: 1,877  2,956  4,049  5,546  8,736
05:25:16 INFO    evtol_siting.choice_model  时间价值: 5.4  8.5  11.6  15.9  25.1 元/小时（对应月收入 1,877  2,956  4,049  5,546  8,736）
05:25:16 INFO    evtol_siting.choice_model  时间价值: 1.1  1.3  1.4  1.7  1.9  2.2  2.5  2.9  3.3  3.8  4.4  5.0  5.8  6.6  7.6  8.8  10.1  11.6  13.3  15.3  17.6  20.2  23.2  26.7 元/小时（对应月收入 379  435  500  575  661  760  873  1,003  1,153  1,325  1,523  1,751  2,012  2,312  2,657  3,054  3,510  4,034  4,636  5,328  6,124  7,038  8,088  9,296）
05:25:16 INFO    evtol_siting.choice_model  时间价值: 1.7  2.0  2.3  2.6  3.0  3.4  4.0  4.5  5.2  6.0  6.9  7.9  9.1  10.5  12.0  13.8  15.9  18.3  21.0  24.1  27.7  31.9  36.6  42.1 元/小时（对应月收入 597  686  788  906  1,041  1,197  1,375  1,581  1,816  2,088  2,399  2,757  3,169  3,642  4,186  4,810  5,529  6,354  7,302  8,392  9,645  11,085  12,739  14,641）
05:25:16 INFO    evtol_siting.choice_model  时间价值: 2.3  2.7  3.1  3.6  4.1  4.7  5.4  6.2  7.1  8.2  9.4  10.9  12.5  14.3  16.5  18.9  21.8  25.0  28.7  33.0  38.0  43.6  50.1  57.6 元/小时（对应月收入 817  940  1,080  1,241  1,426  1,639  1,884  2,165  2,488  2,859  3,286  3,777  4,341  4,989  5,733  6,589  7,573  8,703  10,002  11,495  13,211  15,183  17,450  20,055）
05:25:16 INFO    evtol_siting.choice_model  时间价值: 3.2  3.7  4.3  4.9  5.6  6.5  7.4  8.5  9.8  11.3  12.9  14.9  17.1  19.6  22.6  25.9  29.8  34.3  39.4  45.2  52.0  59.8  68.7  78.9 元/小时（对应月收入 1,120  1,287  1,479  1,700  1,954  2,245  2,580  2,965  3,408  3,917  4,502  5,173  5,946  6,833  7,853  9,026  10,373  11,921  13,701  15,746  18,097  20,798  23,902  27,470）
05:25:16 INFO    evtol_siting.choice_model  时间价值: 5.1  5.8  6.7  7.7  8.8  10.2  11.7  13.4  15.4  17.7  20.4  23.4  26.9  30.9  35.5  40.9  46.9  54.0  62.0  71.3  81.9  94.1  108.2  124.3 元/小时（对应月收入 1,764  2,027  2,330  2,677  3,077  3,536  4,064  4,671  5,368  6,169  7,090  8,149  9,365  10,763  12,369  14,216  16,338  18,777  21,580  24,801  28,503  32,758  37,648  43,267）
05:25:16 INFO    evtol_siting.choice_model  选择模型 [区域内积分（σ_within=0.4）]: 出行 15 km（单点），地面 55 分钟 / 57 元，eVTOL 24 分钟 / 52 元，节省 31 分钟；采用概率 0.5750–0.6748（类间比 1.17）
05:25:16 INFO    evtol_siting.choice_model  各类人群采用概率:
 cluster  monthly_income_cny  vot_cny_per_h  p_evtol  demand_rate
       3              1877.0           5.39  0.57505     0.057505
       0              2956.0           8.49  0.59167     0.059167
       1              4049.0          11.64  0.60822     0.060822
       2              5546.0          15.94  0.63032     0.063032
       4              8736.0          25.10  0.67482     0.067482
05:25:16 INFO    evtol_siting.choice_model  收入阶梯（K=5）: 1,877  2,956  4,049  5,546  8,736
05:25:16 INFO    evtol_siting.choice_model  时间价值: 5.4  8.5  11.6  15.9  25.1 元/小时（对应月收入 1,877  2,956  4,049  5,546  8,736）
05:25:16 INFO    evtol_siting.choice_model  时间价值: 1.1  1.3  1.4  1.7  1.9  2.2  2.5  2.9  3.3  3.8  4.4  5.0  5.8  6.6  7.6  8.8  10.1  11.6  13.3  15.3  17.6  20.2  23.2  26.7 元/小时（对应月收入 379  435  500  575  661  760  873  1,003  1,153  1,325  1,523  1,751  2,012  2,312  2,657  3,054  3,510  4,034  4,636  5,328  6,124  7,038  8,088  9,296）
05:25:16 INFO    evtol_siting.choice_model  时间价值: 1.7  2.0  2.3  2.6  3.0  3.4  4.0  4.5  5.2  6.0  6.9  7.9  9.1  10.5  12.0  13.8  15.9  18.3  21.0  24.1  27.7  31.9  36.6  42.1 元/小时（对应月收入 597  686  788  906  1,041  1,197  1,375  1,581  1,816  2,088  2,399  2,757  3,169  3,642  4,186  4,810  5,529  6,354  7,302  8,392  9,645  11,085  12,739  14,641）
05:25:16 INFO    evtol_siting.choice_model  时间价值: 2.3  2.7  3.1  3.6  4.1  4.7  5.4  6.2  7.1  8.2  9.4  10.9  12.5  14.3  16.5  18.9  21.8  25.0  28.7  33.0  38.0  43.6  50.1  57.6 元/小时（对应月收入 817  940  1,080  1,241  1,426  1,639  1,884  2,165  2,488  2,859  3,286  3,777  4,341  4,989  5,733  6,589  7,573  8,703  10,002  11,495  13,211  15,183  17,450  20,055）
05:25:16 INFO    evtol_siting.choice_model  时间价值: 3.2  3.7  4.3  4.9  5.6  6.5  7.4  8.5  9.8  11.3  12.9  14.9  17.1  19.6  22.6  25.9  29.8  34.3  39.4  45.2  52.0  59.8  68.7  78.9 元/小时（对应月收入 1,120  1,287  1,479  1,700  1,954  2,245  2,580  2,965  3,408  3,917  4,502  5,173  5,946  6,833  7,853  9,026  10,373  11,921  13,701  15,746  18,097  20,798  23,902  27,470）
05:25:16 INFO    evtol_siting.choice_model  时间价值: 5.1  5.8  6.7  7.7  8.8  10.2  11.7  13.4  15.4  17.7  20.4  23.4  26.9  30.9  35.5  40.9  46.9  54.0  62.0  71.3  81.9  94.1  108.2  124.3 元/小时（对应月收入 1,764  2,027  2,330  2,677  3,077  3,536  4,064  4,671  5,368  6,169  7,090  8,149  9,365  10,763  12,369  14,216  16,338  18,777  21,580  24,801  28,503  32,758  37,648  43,267）
05:25:16 INFO    evtol_siting.choice_model  选择模型 [区域内积分（σ_within=0.4）]: 出行 15 km（单点），地面 55 分钟 / 57 元，eVTOL 24 分钟 / 78 元，节省 31 分钟；采用概率 0.3237–0.4262（类间比 1.32）
05:25:16 INFO    evtol_siting.choice_model  各类人群采用概率:
 cluster  monthly_income_cny  vot_cny_per_h  p_evtol  demand_rate
       3              1877.0           5.39  0.32368     0.032368
       0              2956.0           8.49  0.33904     0.033904
       1              4049.0          11.64  0.35497     0.035497
       2              5546.0          15.94  0.37730     0.037730
       4              8736.0          25.10  0.42621     0.042621
05:25:16 INFO    evtol_siting.choice_model  收入阶梯（K=5）: 1,877  2,956  4,049  5,546  8,736
05:25:16 INFO    evtol_siting.choice_model  时间价值: 5.4  8.5  11.6  15.9  25.1 元/小时（对应月收入 1,877  2,956  4,049  5,546  8,736）
05:25:16 INFO    evtol_siting.choice_model  时间价值: 1.1  1.3  1.4  1.7  1.9  2.2  2.5  2.9  3.3  3.8  4.4  5.0  5.8  6.6  7.6  8.8  10.1  11.6  13.3  15.3  17.6  20.2  23.2  26.7 元/小时（对应月收入 379  435  500  575  661  760  873  1,003  1,153  1,325  1,523  1,751  2,012  2,312  2,657  3,054  3,510  4,034  4,636  5,328  6,124  7,038  8,088  9,296）
05:25:16 INFO    evtol_siting.choice_model  时间价值: 1.7  2.0  2.3  2.6  3.0  3.4  4.0  4.5  5.2  6.0  6.9  7.9  9.1  10.5  12.0  13.8  15.9  18.3  21.0  24.1  27.7  31.9  36.6  42.1 元/小时（对应月收入 597  686  788  906  1,041  1,197  1,375  1,581  1,816  2,088  2,399  2,757  3,169  3,642  4,186  4,810  5,529  6,354  7,302  8,392  9,645  11,085  12,739  14,641）
05:25:16 INFO    evtol_siting.choice_model  时间价值: 2.3  2.7  3.1  3.6  4.1  4.7  5.4  6.2  7.1  8.2  9.4  10.9  12.5  14.3  16.5  18.9  21.8  25.0  28.7  33.0  38.0  43.6  50.1  57.6 元/小时（对应月收入 817  940  1,080  1,241  1,426  1,639  1,884  2,165  2,488  2,859  3,286  3,777  4,341  4,989  5,733  6,589  7,573  8,703  10,002  11,495  13,211  15,183  17,450  20,055）
05:25:16 INFO    evtol_siting.choice_model  时间价值: 3.2  3.7  4.3  4.9  5.6  6.5  7.4  8.5  9.8  11.3  12.9  14.9  17.1  19.6  22.6  25.9  29.8  34.3  39.4  45.2  52.0  59.8  68.7  78.9 元/小时（对应月收入 1,120  1,287  1,479  1,700  1,954  2,245  2,580  2,965  3,408  3,917  4,502  5,173  5,946  6,833  7,853  9,026  10,373  11,921  13,701  15,746  18,097  20,798  23,902  27,470）
05:25:16 INFO    evtol_siting.choice_model  时间价值: 5.1  5.8  6.7  7.7  8.8  10.2  11.7  13.4  15.4  17.7  20.4  23.4  26.9  30.9  35.5  40.9  46.9  54.0  62.0  71.3  81.9  94.1  108.2  124.3 元/小时（对应月收入 1,764  2,027  2,330  2,677  3,077  3,536  4,064  4,671  5,368  6,169  7,090  8,149  9,365  10,763  12,369  14,216  16,338  18,777  21,580  24,801  28,503  32,758  37,648  43,267）
05:25:16 INFO    evtol_siting.choice_model  选择模型 [区域内积分（σ_within=0.4）]: 出行 15 km（单点），地面 55 分钟 / 57 元，eVTOL 24 分钟 / 104 元，节省 31 分钟；采用概率 0.1447–0.2100（类间比 1.45）
05:25:16 INFO    evtol_siting.choice_model  各类人群采用概率:
 cluster  monthly_income_cny  vot_cny_per_h  p_evtol  demand_rate
       3              1877.0           5.39  0.14474     0.014474
       0              2956.0           8.49  0.15364     0.015364
       1              4049.0          11.64  0.16316     0.016316
       2              5546.0          15.94  0.17707     0.017707
       4              8736.0          25.10  0.21003     0.021003
05:25:16 INFO    evtol_siting.choice_model  收入阶梯（K=5）: 1,877  2,956  4,049  5,546  8,736
05:25:16 INFO    evtol_siting.choice_model  时间价值: 5.4  8.5  11.6  15.9  25.1 元/小时（对应月收入 1,877  2,956  4,049  5,546  8,736）
05:25:16 INFO    evtol_siting.choice_model  时间价值: 1.1  1.3  1.4  1.7  1.9  2.2  2.5  2.9  3.3  3.8  4.4  5.0  5.8  6.6  7.6  8.8  10.1  11.6  13.3  15.3  17.6  20.2  23.2  26.7 元/小时（对应月收入 379  435  500  575  661  760  873  1,003  1,153  1,325  1,523  1,751  2,012  2,312  2,657  3,054  3,510  4,034  4,636  5,328  6,124  7,038  8,088  9,296）
05:25:16 INFO    evtol_siting.choice_model  时间价值: 1.7  2.0  2.3  2.6  3.0  3.4  4.0  4.5  5.2  6.0  6.9  7.9  9.1  10.5  12.0  13.8  15.9  18.3  21.0  24.1  27.7  31.9  36.6  42.1 元/小时（对应月收入 597  686  788  906  1,041  1,197  1,375  1,581  1,816  2,088  2,399  2,757  3,169  3,642  4,186  4,810  5,529  6,354  7,302  8,392  9,645  11,085  12,739  14,641）
05:25:16 INFO    evtol_siting.choice_model  时间价值: 2.3  2.7  3.1  3.6  4.1  4.7  5.4  6.2  7.1  8.2  9.4  10.9  12.5  14.3  16.5  18.9  21.8  25.0  28.7  33.0  38.0  43.6  50.1  57.6 元/小时（对应月收入 817  940  1,080  1,241  1,426  1,639  1,884  2,165  2,488  2,859  3,286  3,777  4,341  4,989  5,733  6,589  7,573  8,703  10,002  11,495  13,211  15,183  17,450  20,055）
05:25:16 INFO    evtol_siting.choice_model  时间价值: 3.2  3.7  4.3  4.9  5.6  6.5  7.4  8.5  9.8  11.3  12.9  14.9  17.1  19.6  22.6  25.9  29.8  34.3  39.4  45.2  52.0  59.8  68.7  78.9 元/小时（对应月收入 1,120  1,287  1,479  1,700  1,954  2,245  2,580  2,965  3,408  3,917  4,502  5,173  5,946  6,833  7,853  9,026  10,373  11,921  13,701  15,746  18,097  20,798  23,902  27,470）
05:25:16 INFO    evtol_siting.choice_model  时间价值: 5.1  5.8  6.7  7.7  8.8  10.2  11.7  13.4  15.4  17.7  20.4  23.4  26.9  30.9  35.5  40.9  46.9  54.0  62.0  71.3  81.9  94.1  108.2  124.3 元/小时（对应月收入 1,764  2,027  2,330  2,677  3,077  3,536  4,064  4,671  5,368  6,169  7,090  8,149  9,365  10,763  12,369  14,216  16,338  18,777  21,580  24,801  28,503  32,758  37,648  43,267）
05:25:16 INFO    evtol_siting.choice_model  选择模型 [区域内积分（σ_within=0.4）]: 出行 15 km（单点），地面 55 分钟 / 57 元，eVTOL 24 分钟 / 130 元，节省 31 分钟；采用概率 0.0565–0.0865（类间比 1.53）
05:25:16 INFO    evtol_siting.choice_model  各类人群采用概率:
 cluster  monthly_income_cny  vot_cny_per_h  p_evtol  demand_rate
       3              1877.0           5.39  0.05645     0.005645
       0              2956.0           8.49  0.06033     0.006033
       1              4049.0          11.64  0.06455     0.006455
       2              5546.0          15.94  0.07085     0.007085
       4              8736.0          25.10  0.08655     0.008655
05:25:16 INFO    evtol_siting.choice_model  收入阶梯（K=5）: 1,877  2,956  4,049  5,546  8,736
05:25:16 INFO    evtol_siting.choice_model  时间价值: 5.4  8.5  11.6  15.9  25.1 元/小时（对应月收入 1,877  2,956  4,049  5,546  8,736）
05:25:16 INFO    evtol_siting.choice_model  时间价值: 1.1  1.3  1.4  1.7  1.9  2.2  2.5  2.9  3.3  3.8  4.4  5.0  5.8  6.6  7.6  8.8  10.1  11.6  13.3  15.3  17.6  20.2  23.2  26.7 元/小时（对应月收入 379  435  500  575  661  760  873  1,003  1,153  1,325  1,523  1,751  2,012  2,312  2,657  3,054  3,510  4,034  4,636  5,328  6,124  7,038  8,088  9,296）
05:25:16 INFO    evtol_siting.choice_model  时间价值: 1.7  2.0  2.3  2.6  3.0  3.4  4.0  4.5  5.2  6.0  6.9  7.9  9.1  10.5  12.0  13.8  15.9  18.3  21.0  24.1  27.7  31.9  36.6  42.1 元/小时（对应月收入 597  686  788  906  1,041  1,197  1,375  1,581  1,816  2,088  2,399  2,757  3,169  3,642  4,186  4,810  5,529  6,354  7,302  8,392  9,645  11,085  12,739  14,641）
05:25:16 INFO    evtol_siting.choice_model  时间价值: 2.3  2.7  3.1  3.6  4.1  4.7  5.4  6.2  7.1  8.2  9.4  10.9  12.5  14.3  16.5  18.9  21.8  25.0  28.7  33.0  38.0  43.6  50.1  57.6 元/小时（对应月收入 817  940  1,080  1,241  1,426  1,639  1,884  2,165  2,488  2,859  3,286  3,777  4,341  4,989  5,733  6,589  7,573  8,703  10,002  11,495  13,211  15,183  17,450  20,055）
05:25:16 INFO    evtol_siting.choice_model  时间价值: 3.2  3.7  4.3  4.9  5.6  6.5  7.4  8.5  9.8  11.3  12.9  14.9  17.1  19.6  22.6  25.9  29.8  34.3  39.4  45.2  52.0  59.8  68.7  78.9 元/小时（对应月收入 1,120  1,287  1,479  1,700  1,954  2,245  2,580  2,965  3,408  3,917  4,502  5,173  5,946  6,833  7,853  9,026  10,373  11,921  13,701  15,746  18,097  20,798  23,902  27,470）
05:25:16 INFO    evtol_siting.choice_model  时间价值: 5.1  5.8  6.7  7.7  8.8  10.2  11.7  13.4  15.4  17.7  20.4  23.4  26.9  30.9  35.5  40.9  46.9  54.0  62.0  71.3  81.9  94.1  108.2  124.3 元/小时（对应月收入 1,764  2,027  2,330  2,677  3,077  3,536  4,064  4,671  5,368  6,169  7,090  8,149  9,365  10,763  12,369  14,216  16,338  18,777  21,580  24,801  28,503  32,758  37,648  43,267）
05:25:16 INFO    evtol_siting.choice_model  选择模型 [区域内积分（σ_within=0.4）]: 出行 15 km（单点），地面 55 分钟 / 57 元，eVTOL 24 分钟 / 156 元，节省 31 分钟；采用概率 0.0207–0.0325（类间比 1.57）
05:25:16 INFO    evtol_siting.choice_model  各类人群采用概率:
 cluster  monthly_income_cny  vot_cny_per_h  p_evtol  demand_rate
       3              1877.0           5.39  0.02071     0.002071
       0              2956.0           8.49  0.02219     0.002219
       1              4049.0          11.64  0.02382     0.002382
       2              5546.0          15.94  0.02628     0.002628
       4              8736.0          25.10  0.03253     0.003253
05:25:16 INFO    evtol_siting.choice_model  收入阶梯（K=5）: 1,877  2,956  4,049  5,546  8,736
05:25:16 INFO    evtol_siting.choice_model  时间价值: 5.4  8.5  11.6  15.9  25.1 元/小时（对应月收入 1,877  2,956  4,049  5,546  8,736）
05:25:16 INFO    evtol_siting.choice_model  时间价值: 1.1  1.3  1.4  1.7  1.9  2.2  2.5  2.9  3.3  3.8  4.4  5.0  5.8  6.6  7.6  8.8  10.1  11.6  13.3  15.3  17.6  20.2  23.2  26.7 元/小时（对应月收入 379  435  500  575  661  760  873  1,003  1,153  1,325  1,523  1,751  2,012  2,312  2,657  3,054  3,510  4,034  4,636  5,328  6,124  7,038  8,088  9,296）
05:25:16 INFO    evtol_siting.choice_model  时间价值: 1.7  2.0  2.3  2.6  3.0  3.4  4.0  4.5  5.2  6.0  6.9  7.9  9.1  10.5  12.0  13.8  15.9  18.3  21.0  24.1  27.7  31.9  36.6  42.1 元/小时（对应月收入 597  686  788  906  1,041  1,197  1,375  1,581  1,816  2,088  2,399  2,757  3,169  3,642  4,186  4,810  5,529  6,354  7,302  8,392  9,645  11,085  12,739  14,641）
05:25:16 INFO    evtol_siting.choice_model  时间价值: 2.3  2.7  3.1  3.6  4.1  4.7  5.4  6.2  7.1  8.2  9.4  10.9  12.5  14.3  16.5  18.9  21.8  25.0  28.7  33.0  38.0  43.6  50.1  57.6 元/小时（对应月收入 817  940  1,080  1,241  1,426  1,639  1,884  2,165  2,488  2,859  3,286  3,777  4,341  4,989  5,733  6,589  7,573  8,703  10,002  11,495  13,211  15,183  17,450  20,055）
05:25:16 INFO    evtol_siting.choice_model  时间价值: 3.2  3.7  4.3  4.9  5.6  6.5  7.4  8.5  9.8  11.3  12.9  14.9  17.1  19.6  22.6  25.9  29.8  34.3  39.4  45.2  52.0  59.8  68.7  78.9 元/小时（对应月收入 1,120  1,287  1,479  1,700  1,954  2,245  2,580  2,965  3,408  3,917  4,502  5,173  5,946  6,833  7,853  9,026  10,373  11,921  13,701  15,746  18,097  20,798  23,902  27,470）
05:25:16 INFO    evtol_siting.choice_model  时间价值: 5.1  5.8  6.7  7.7  8.8  10.2  11.7  13.4  15.4  17.7  20.4  23.4  26.9  30.9  35.5  40.9  46.9  54.0  62.0  71.3  81.9  94.1  108.2  124.3 元/小时（对应月收入 1,764  2,027  2,330  2,677  3,077  3,536  4,064  4,671  5,368  6,169  7,090  8,149  9,365  10,763  12,369  14,216  16,338  18,777  21,580  24,801  28,503  32,758  37,648  43,267）
05:25:16 INFO    evtol_siting.choice_model  选择模型 [区域内积分（σ_within=0.4）]: 出行 15 km（单点），地面 55 分钟 / 57 元，eVTOL 24 分钟 / 195 元，节省 31 分钟；采用概率 0.0044–0.0070（类间比 1.59）
05:25:16 INFO    evtol_siting.choice_model  各类人群采用概率:
 cluster  monthly_income_cny  vot_cny_per_h  p_evtol  demand_rate
       3              1877.0           5.39  0.00442     0.000442
       0              2956.0           8.49  0.00475     0.000475
       1              4049.0          11.64  0.00510     0.000510
       2              5546.0          15.94  0.00564     0.000564
       4              8736.0          25.10  0.00703     0.000703
05:25:18 INFO    evtol_siting.viz.figures   图件已保存: fig03_demand_clusters (PDF, PNG)
05:25:22 INFO    evtol_siting.data.pbf        airports            1365 个要素
05:25:22 INFO    evtol_siting.data.pbf      PBF 解析完成（扫描 4405 个候选要素，装配并保留 110 个面要素，丢弃 0 个非法几何，输出 1 个图层）
05:25:25 INFO    evtol_siting.viz.figures   图件已保存: fig11_demand_by_group (PDF, PNG)
05:25:26 INFO    evtol_siting.viz.figures   图件已保存: fig04_pareto_front (PDF, PNG)
05:25:27 INFO    evtol_siting.viz.figures   图件已保存: fig05_convergence (PDF, PNG)
05:25:28 INFO    evtol_siting.viz.figures   图件已保存: fig06_airport_buffer_sensitivity (PDF, PNG)
05:25:29 INFO    evtol_siting.viz.figures   图件已保存: fig07_solution_comparison (PDF, PNG)
05:25:29 INFO    evtol_siting.choice_model  时间价值: 2.9  3.4  4.0  4.6  5.1  5.7  6.3  6.8  7.4  8.0  8.5  9.1  9.7  10.2  10.8  11.4  11.9  12.5  13.1  13.6  14.2  14.8  15.3  15.9  16.5  17.0  17.6  18.2  18.8  19.3  19.9  20.5  21.0  21.6  22.2  22.7  23.3  23.9  24.4  25.0  25.6  26.1  26.7  27.3  27.8  28.4  29.0  29.5  30.1  30.7  31.2  31.8  32.4  32.9  33.5  34.1  34.6  35.2  35.8  36.3  36.9  37.5  38.0  38.6  39.2  39.7  40.3  40.9  41.4  42.0  42.6  43.1  43.7  44.3  44.8  45.4  46.0  46.5  47.1  47.7  48.2  48.8  49.4  49.9  50.5  51.1  51.6  52.2  52.8  53.3  53.9  54.5  55.0  55.6  56.2  56.7  57.3  57.9  58.4  59.0  59.6  60.1  60.7  61.3  61.8  62.4  63.0  63.5  64.1  64.7  65.2  65.8  66.4  66.9  67.5  68.1  68.6  69.2  69.8  70.3  70.9  71.5  72.1  72.6  73.2  73.8  74.3  74.9  75.5  76.0  76.6  77.2  77.7  78.3  78.9  79.4  80.0  80.6  81.1  81.7  82.3  82.8  83.4  84.0  84.5  85.1  85.7  86.2  86.8  87.4  87.9  88.5  89.1  89.6  90.2  90.8  91.3  91.9  92.5  93.0  93.6  94.2  94.7  95.3  95.9  96.4  97.0  97.6  98.1  98.7  99.3  99.8  100.4  101.0  101.5  102.1  102.7  103.2  103.8  104.4  104.9  105.5  106.1  106.6  107.2  107.8  108.3  108.9  109.5  110.0  110.6  111.2  111.7  112.3  112.9  113.4  114.0  114.6  115.1  115.7  116.3  116.8  117.4  118.0  118.5  119.1  119.7  120.2  120.8  121.4  121.9  122.5  123.1  123.6  124.2  124.8  125.4  125.9  126.5  127.1  127.6  128.2  128.8  129.3  129.9  130.5  131.0  131.6  132.2  132.7  133.3  133.9  134.4  135.0  135.6  136.1  136.7  137.3  137.8  138.4  139.0  139.5  140.1  140.7  141.2  141.8  142.4  142.9  143.5  144.1  144.6  145.2  145.8  146.3  146.9  147.5  148.0  148.6  149.2  149.7  150.3  150.9  151.4  152.0  152.6  153.1  153.7  154.3  154.8  155.4  156.0  156.5  157.1  157.7  158.2  158.8  159.4  159.9  160.5  161.1  161.6  162.2  162.8  163.3  163.9  164.5  165.0  165.6  166.2  166.7  167.3  167.9  168.4  169.0  169.6  170.1  170.7  171.3  171.8  172.4 元/小时（对应月收入 1,000  1,197  1,395  1,592  1,789  1,987  2,184  2,381  2,579  2,776  2,973  3,171  3,368  3,565  3,763  3,960  4,157  4,355  4,552  4,749  4,946  5,144  5,341  5,538  5,736  5,933  6,130  6,328  6,525  6,722  6,920  7,117  7,314  7,512  7,709  7,906  8,104  8,301  8,498  8,696  8,893  9,090  9,288  9,485  9,682  9,880  10,077  10,274  10,472  10,669  10,866  11,064  11,261  11,458  11,656  11,853  12,050  12,247  12,445  12,642  12,839  13,037  13,234  13,431  13,629  13,826  14,023  14,221  14,418  14,615  14,813  15,010  15,207  15,405  15,602  15,799  15,997  16,194  16,391  16,589  16,786  16,983  17,181  17,378  17,575  17,773  17,970  18,167  18,365  18,562  18,759  18,957  19,154  19,351  19,548  19,746  19,943  20,140  20,338  20,535  20,732  20,930  21,127  21,324  21,522  21,719  21,916  22,114  22,311  22,508  22,706  22,903  23,100  23,298  23,495  23,692  23,890  24,087  24,284  24,482  24,679  24,876  25,074  25,271  25,468  25,666  25,863  26,060  26,258  26,455  26,652  26,849  27,047  27,244  27,441  27,639  27,836  28,033  28,231  28,428  28,625  28,823  29,020  29,217  29,415  29,612  29,809  30,007  30,204  30,401  30,599  30,796  30,993  31,191  31,388  31,585  31,783  31,980  32,177  32,375  32,572  32,769  32,967  33,164  33,361  33,559  33,756  33,953  34,151  34,348  34,545  34,742  34,940  35,137  35,334  35,532  35,729  35,926  36,124  36,321  36,518  36,716  36,913  37,110  37,308  37,505  37,702  37,900  38,097  38,294  38,492  38,689  38,886  39,084  39,281  39,478  39,676  39,873  40,070  40,268  40,465  40,662  40,860  41,057  41,254  41,452  41,649  41,846  42,043  42,241  42,438  42,635  42,833  43,030  43,227  43,425  43,622  43,819  44,017  44,214  44,411  44,609  44,806  45,003  45,201  45,398  45,595  45,793  45,990  46,187  46,385  46,582  46,779  46,977  47,174  47,371  47,569  47,766  47,963  48,161  48,358  48,555  48,753  48,950  49,147  49,344  49,542  49,739  49,936  50,134  50,331  50,528  50,726  50,923  51,120  51,318  51,515  51,712  51,910  52,107  52,304  52,502  52,699  52,896  53,094  53,291  53,488  53,686  53,883  54,080  54,278  54,475  54,672  54,870  55,067  55,264  55,462  55,659  55,856  56,054  56,251  56,448  56,645  56,843  57,040  57,237  57,435  57,632  57,829  58,027  58,224  58,421  58,619  58,816  59,013  59,211  59,408  59,605  59,803  60,000）
05:25:30 INFO    evtol_siting.viz.figures   图件已保存: fig08_choice_model (PDF, PNG)
05:25:32 INFO    evtol_siting.viz.figures   图件已保存: fig09_accessibility (PDF, PNG)
05:25:32 INFO    figures                    ==================================================================
05:25:32 INFO    figures                     完成，共生成 20 个文件
05:25:32 INFO    figures                       fig01_study_area.pdf
05:25:32 INFO    figures                       fig01_study_area.png
05:25:32 INFO    figures                       fig02_height_fusion.pdf
05:25:32 INFO    figures                       fig02_height_fusion.png
05:25:32 INFO    figures                       fig03_demand_clusters.pdf
05:25:32 INFO    figures                       fig03_demand_clusters.png
05:25:32 INFO    figures                       fig04_pareto_front.pdf
05:25:32 INFO    figures                       fig04_pareto_front.png
05:25:32 INFO    figures                       fig05_convergence.pdf
05:25:32 INFO    figures                       fig05_convergence.png
05:25:32 INFO    figures                       fig06_airport_buffer_sensitivity.pdf
05:25:32 INFO    figures                       fig06_airport_buffer_sensitivity.png
05:25:32 INFO    figures                       fig07_solution_comparison.pdf
05:25:32 INFO    figures                       fig07_solution_comparison.png
05:25:32 INFO    figures                       fig08_choice_model.pdf
05:25:32 INFO    figures                       fig08_choice_model.png
05:25:32 INFO    figures                       fig09_accessibility.pdf
05:25:32 INFO    figures                       fig09_accessibility.png
05:25:32 INFO    figures                       fig11_demand_by_group.pdf
05:25:32 INFO    figures                       fig11_demand_by_group.png
05:25:32 INFO    figures                     输出目录: 论文稿件\图件
05:25:32 INFO    figures                    ==================================================================
06:52:36 INFO    figures                    图件输出目录: 论文稿件\图件（配置 chengdu.yaml）
06:52:40 INFO    evtol_siting.data.pbf        airports            1365 个要素
06:52:40 INFO    evtol_siting.data.pbf      PBF 解析完成（扫描 4405 个候选要素，装配并保留 110 个面要素，丢弃 0 个非法几何，输出 1 个图层）
06:52:42 INFO    evtol_siting.viz.figures   图件已保存: fig01_study_area (PDF, PNG)
06:52:43 INFO    evtol_siting.viz.figures   图件已保存: fig02_height_fusion (PDF, PNG)
06:52:43 INFO    figures                      图 2 的标签/融合对照取自 height_source_comparison.json（256 vs 1517）
06:52:44 INFO    evtol_siting.choice_model  收入阶梯（K=5）: 1,877  2,956  4,049  5,546  8,736
06:52:44 INFO    evtol_siting.choice_model  时间价值: 5.4  8.5  11.6  15.9  25.1 元/小时（对应月收入 1,877  2,956  4,049  5,546  8,736）
06:52:44 INFO    evtol_siting.choice_model  时间价值: 1.1  1.3  1.4  1.7  1.9  2.2  2.5  2.9  3.3  3.8  4.4  5.0  5.8  6.6  7.6  8.8  10.1  11.6  13.3  15.3  17.6  20.2  23.2  26.7 元/小时（对应月收入 379  435  500  575  661  760  873  1,003  1,153  1,325  1,523  1,751  2,012  2,312  2,657  3,054  3,510  4,034  4,636  5,328  6,124  7,038  8,088  9,296）
06:52:44 INFO    evtol_siting.choice_model  时间价值: 1.7  2.0  2.3  2.6  3.0  3.4  4.0  4.5  5.2  6.0  6.9  7.9  9.1  10.5  12.0  13.8  15.9  18.3  21.0  24.1  27.7  31.9  36.6  42.1 元/小时（对应月收入 597  686  788  906  1,041  1,197  1,375  1,581  1,816  2,088  2,399  2,757  3,169  3,642  4,186  4,810  5,529  6,354  7,302  8,392  9,645  11,085  12,739  14,641）
06:52:44 INFO    evtol_siting.choice_model  时间价值: 2.3  2.7  3.1  3.6  4.1  4.7  5.4  6.2  7.1  8.2  9.4  10.9  12.5  14.3  16.5  18.9  21.8  25.0  28.7  33.0  38.0  43.6  50.1  57.6 元/小时（对应月收入 817  940  1,080  1,241  1,426  1,639  1,884  2,165  2,488  2,859  3,286  3,777  4,341  4,989  5,733  6,589  7,573  8,703  10,002  11,495  13,211  15,183  17,450  20,055）
06:52:44 INFO    evtol_siting.choice_model  时间价值: 3.2  3.7  4.3  4.9  5.6  6.5  7.4  8.5  9.8  11.3  12.9  14.9  17.1  19.6  22.6  25.9  29.8  34.3  39.4  45.2  52.0  59.8  68.7  78.9 元/小时（对应月收入 1,120  1,287  1,479  1,700  1,954  2,245  2,580  2,965  3,408  3,917  4,502  5,173  5,946  6,833  7,853  9,026  10,373  11,921  13,701  15,746  18,097  20,798  23,902  27,470）
06:52:44 INFO    evtol_siting.choice_model  时间价值: 5.1  5.8  6.7  7.7  8.8  10.2  11.7  13.4  15.4  17.7  20.4  23.4  26.9  30.9  35.5  40.9  46.9  54.0  62.0  71.3  81.9  94.1  108.2  124.3 元/小时（对应月收入 1,764  2,027  2,330  2,677  3,077  3,536  4,064  4,671  5,368  6,169  7,090  8,149  9,365  10,763  12,369  14,216  16,338  18,777  21,580  24,801  28,503  32,758  37,648  43,267）
06:52:44 INFO    evtol_siting.choice_model  选择模型 [区域内积分（σ_within=0.4）]: 出行 15 km（单点），地面 55 分钟 / 57 元，eVTOL 24 分钟 / 52 元，节省 31 分钟；采用概率 0.5750–0.6748（类间比 1.17）
06:52:44 INFO    evtol_siting.choice_model  各类人群采用概率:
 cluster  monthly_income_cny  vot_cny_per_h  p_evtol  demand_rate
       3              1877.0           5.39  0.57505     0.057505
       0              2956.0           8.49  0.59167     0.059167
       1              4049.0          11.64  0.60822     0.060822
       2              5546.0          15.94  0.63032     0.063032
       4              8736.0          25.10  0.67482     0.067482
06:52:44 INFO    evtol_siting.choice_model  收入阶梯（K=5）: 1,877  2,956  4,049  5,546  8,736
06:52:44 INFO    evtol_siting.choice_model  时间价值: 5.4  8.5  11.6  15.9  25.1 元/小时（对应月收入 1,877  2,956  4,049  5,546  8,736）
06:52:44 INFO    evtol_siting.choice_model  时间价值: 1.1  1.3  1.4  1.7  1.9  2.2  2.5  2.9  3.3  3.8  4.4  5.0  5.8  6.6  7.6  8.8  10.1  11.6  13.3  15.3  17.6  20.2  23.2  26.7 元/小时（对应月收入 379  435  500  575  661  760  873  1,003  1,153  1,325  1,523  1,751  2,012  2,312  2,657  3,054  3,510  4,034  4,636  5,328  6,124  7,038  8,088  9,296）
06:52:44 INFO    evtol_siting.choice_model  时间价值: 1.7  2.0  2.3  2.6  3.0  3.4  4.0  4.5  5.2  6.0  6.9  7.9  9.1  10.5  12.0  13.8  15.9  18.3  21.0  24.1  27.7  31.9  36.6  42.1 元/小时（对应月收入 597  686  788  906  1,041  1,197  1,375  1,581  1,816  2,088  2,399  2,757  3,169  3,642  4,186  4,810  5,529  6,354  7,302  8,392  9,645  11,085  12,739  14,641）
06:52:44 INFO    evtol_siting.choice_model  时间价值: 2.3  2.7  3.1  3.6  4.1  4.7  5.4  6.2  7.1  8.2  9.4  10.9  12.5  14.3  16.5  18.9  21.8  25.0  28.7  33.0  38.0  43.6  50.1  57.6 元/小时（对应月收入 817  940  1,080  1,241  1,426  1,639  1,884  2,165  2,488  2,859  3,286  3,777  4,341  4,989  5,733  6,589  7,573  8,703  10,002  11,495  13,211  15,183  17,450  20,055）
06:52:44 INFO    evtol_siting.choice_model  时间价值: 3.2  3.7  4.3  4.9  5.6  6.5  7.4  8.5  9.8  11.3  12.9  14.9  17.1  19.6  22.6  25.9  29.8  34.3  39.4  45.2  52.0  59.8  68.7  78.9 元/小时（对应月收入 1,120  1,287  1,479  1,700  1,954  2,245  2,580  2,965  3,408  3,917  4,502  5,173  5,946  6,833  7,853  9,026  10,373  11,921  13,701  15,746  18,097  20,798  23,902  27,470）
06:52:44 INFO    evtol_siting.choice_model  时间价值: 5.1  5.8  6.7  7.7  8.8  10.2  11.7  13.4  15.4  17.7  20.4  23.4  26.9  30.9  35.5  40.9  46.9  54.0  62.0  71.3  81.9  94.1  108.2  124.3 元/小时（对应月收入 1,764  2,027  2,330  2,677  3,077  3,536  4,064  4,671  5,368  6,169  7,090  8,149  9,365  10,763  12,369  14,216  16,338  18,777  21,580  24,801  28,503  32,758  37,648  43,267）
06:52:44 INFO    evtol_siting.choice_model  选择模型 [区域内积分（σ_within=0.4）]: 出行 15 km（单点），地面 55 分钟 / 57 元，eVTOL 24 分钟 / 78 元，节省 31 分钟；采用概率 0.3237–0.4262（类间比 1.32）
06:52:44 INFO    evtol_siting.choice_model  各类人群采用概率:
 cluster  monthly_income_cny  vot_cny_per_h  p_evtol  demand_rate
       3              1877.0           5.39  0.32368     0.032368
       0              2956.0           8.49  0.33904     0.033904
       1              4049.0          11.64  0.35497     0.035497
       2              5546.0          15.94  0.37730     0.037730
       4              8736.0          25.10  0.42621     0.042621
06:52:44 INFO    evtol_siting.choice_model  收入阶梯（K=5）: 1,877  2,956  4,049  5,546  8,736
06:52:44 INFO    evtol_siting.choice_model  时间价值: 5.4  8.5  11.6  15.9  25.1 元/小时（对应月收入 1,877  2,956  4,049  5,546  8,736）
06:52:44 INFO    evtol_siting.choice_model  时间价值: 1.1  1.3  1.4  1.7  1.9  2.2  2.5  2.9  3.3  3.8  4.4  5.0  5.8  6.6  7.6  8.8  10.1  11.6  13.3  15.3  17.6  20.2  23.2  26.7 元/小时（对应月收入 379  435  500  575  661  760  873  1,003  1,153  1,325  1,523  1,751  2,012  2,312  2,657  3,054  3,510  4,034  4,636  5,328  6,124  7,038  8,088  9,296）
06:52:44 INFO    evtol_siting.choice_model  时间价值: 1.7  2.0  2.3  2.6  3.0  3.4  4.0  4.5  5.2  6.0  6.9  7.9  9.1  10.5  12.0  13.8  15.9  18.3  21.0  24.1  27.7  31.9  36.6  42.1 元/小时（对应月收入 597  686  788  906  1,041  1,197  1,375  1,581  1,816  2,088  2,399  2,757  3,169  3,642  4,186  4,810  5,529  6,354  7,302  8,392  9,645  11,085  12,739  14,641）
06:52:44 INFO    evtol_siting.choice_model  时间价值: 2.3  2.7  3.1  3.6  4.1  4.7  5.4  6.2  7.1  8.2  9.4  10.9  12.5  14.3  16.5  18.9  21.8  25.0  28.7  33.0  38.0  43.6  50.1  57.6 元/小时（对应月收入 817  940  1,080  1,241  1,426  1,639  1,884  2,165  2,488  2,859  3,286  3,777  4,341  4,989  5,733  6,589  7,573  8,703  10,002  11,495  13,211  15,183  17,450  20,055）
06:52:44 INFO    evtol_siting.choice_model  时间价值: 3.2  3.7  4.3  4.9  5.6  6.5  7.4  8.5  9.8  11.3  12.9  14.9  17.1  19.6  22.6  25.9  29.8  34.3  39.4  45.2  52.0  59.8  68.7  78.9 元/小时（对应月收入 1,120  1,287  1,479  1,700  1,954  2,245  2,580  2,965  3,408  3,917  4,502  5,173  5,946  6,833  7,853  9,026  10,373  11,921  13,701  15,746  18,097  20,798  23,902  27,470）
06:52:44 INFO    evtol_siting.choice_model  时间价值: 5.1  5.8  6.7  7.7  8.8  10.2  11.7  13.4  15.4  17.7  20.4  23.4  26.9  30.9  35.5  40.9  46.9  54.0  62.0  71.3  81.9  94.1  108.2  124.3 元/小时（对应月收入 1,764  2,027  2,330  2,677  3,077  3,536  4,064  4,671  5,368  6,169  7,090  8,149  9,365  10,763  12,369  14,216  16,338  18,777  21,580  24,801  28,503  32,758  37,648  43,267）
06:52:44 INFO    evtol_siting.choice_model  选择模型 [区域内积分（σ_within=0.4）]: 出行 15 km（单点），地面 55 分钟 / 57 元，eVTOL 24 分钟 / 104 元，节省 31 分钟；采用概率 0.1447–0.2100（类间比 1.45）
06:52:44 INFO    evtol_siting.choice_model  各类人群采用概率:
 cluster  monthly_income_cny  vot_cny_per_h  p_evtol  demand_rate
       3              1877.0           5.39  0.14474     0.014474
       0              2956.0           8.49  0.15364     0.015364
       1              4049.0          11.64  0.16316     0.016316
       2              5546.0          15.94  0.17707     0.017707
       4              8736.0          25.10  0.21003     0.021003
06:52:44 INFO    evtol_siting.choice_model  收入阶梯（K=5）: 1,877  2,956  4,049  5,546  8,736
06:52:44 INFO    evtol_siting.choice_model  时间价值: 5.4  8.5  11.6  15.9  25.1 元/小时（对应月收入 1,877  2,956  4,049  5,546  8,736）
06:52:44 INFO    evtol_siting.choice_model  时间价值: 1.1  1.3  1.4  1.7  1.9  2.2  2.5  2.9  3.3  3.8  4.4  5.0  5.8  6.6  7.6  8.8  10.1  11.6  13.3  15.3  17.6  20.2  23.2  26.7 元/小时（对应月收入 379  435  500  575  661  760  873  1,003  1,153  1,325  1,523  1,751  2,012  2,312  2,657  3,054  3,510  4,034  4,636  5,328  6,124  7,038  8,088  9,296）
06:52:44 INFO    evtol_siting.choice_model  时间价值: 1.7  2.0  2.3  2.6  3.0  3.4  4.0  4.5  5.2  6.0  6.9  7.9  9.1  10.5  12.0  13.8  15.9  18.3  21.0  24.1  27.7  31.9  36.6  42.1 元/小时（对应月收入 597  686  788  906  1,041  1,197  1,375  1,581  1,816  2,088  2,399  2,757  3,169  3,642  4,186  4,810  5,529  6,354  7,302  8,392  9,645  11,085  12,739  14,641）
06:52:44 INFO    evtol_siting.choice_model  时间价值: 2.3  2.7  3.1  3.6  4.1  4.7  5.4  6.2  7.1  8.2  9.4  10.9  12.5  14.3  16.5  18.9  21.8  25.0  28.7  33.0  38.0  43.6  50.1  57.6 元/小时（对应月收入 817  940  1,080  1,241  1,426  1,639  1,884  2,165  2,488  2,859  3,286  3,777  4,341  4,989  5,733  6,589  7,573  8,703  10,002  11,495  13,211  15,183  17,450  20,055）
06:52:44 INFO    evtol_siting.choice_model  时间价值: 3.2  3.7  4.3  4.9  5.6  6.5  7.4  8.5  9.8  11.3  12.9  14.9  17.1  19.6  22.6  25.9  29.8  34.3  39.4  45.2  52.0  59.8  68.7  78.9 元/小时（对应月收入 1,120  1,287  1,479  1,700  1,954  2,245  2,580  2,965  3,408  3,917  4,502  5,173  5,946  6,833  7,853  9,026  10,373  11,921  13,701  15,746  18,097  20,798  23,902  27,470）
06:52:44 INFO    evtol_siting.choice_model  时间价值: 5.1  5.8  6.7  7.7  8.8  10.2  11.7  13.4  15.4  17.7  20.4  23.4  26.9  30.9  35.5  40.9  46.9  54.0  62.0  71.3  81.9  94.1  108.2  124.3 元/小时（对应月收入 1,764  2,027  2,330  2,677  3,077  3,536  4,064  4,671  5,368  6,169  7,090  8,149  9,365  10,763  12,369  14,216  16,338  18,777  21,580  24,801  28,503  32,758  37,648  43,267）
06:52:44 INFO    evtol_siting.choice_model  选择模型 [区域内积分（σ_within=0.4）]: 出行 15 km（单点），地面 55 分钟 / 57 元，eVTOL 24 分钟 / 130 元，节省 31 分钟；采用概率 0.0565–0.0865（类间比 1.53）
06:52:44 INFO    evtol_siting.choice_model  各类人群采用概率:
 cluster  monthly_income_cny  vot_cny_per_h  p_evtol  demand_rate
       3              1877.0           5.39  0.05645     0.005645
       0              2956.0           8.49  0.06033     0.006033
       1              4049.0          11.64  0.06455     0.006455
       2              5546.0          15.94  0.07085     0.007085
       4              8736.0          25.10  0.08655     0.008655
06:52:44 INFO    evtol_siting.choice_model  收入阶梯（K=5）: 1,877  2,956  4,049  5,546  8,736
06:52:44 INFO    evtol_siting.choice_model  时间价值: 5.4  8.5  11.6  15.9  25.1 元/小时（对应月收入 1,877  2,956  4,049  5,546  8,736）
06:52:44 INFO    evtol_siting.choice_model  时间价值: 1.1  1.3  1.4  1.7  1.9  2.2  2.5  2.9  3.3  3.8  4.4  5.0  5.8  6.6  7.6  8.8  10.1  11.6  13.3  15.3  17.6  20.2  23.2  26.7 元/小时（对应月收入 379  435  500  575  661  760  873  1,003  1,153  1,325  1,523  1,751  2,012  2,312  2,657  3,054  3,510  4,034  4,636  5,328  6,124  7,038  8,088  9,296）
06:52:44 INFO    evtol_siting.choice_model  时间价值: 1.7  2.0  2.3  2.6  3.0  3.4  4.0  4.5  5.2  6.0  6.9  7.9  9.1  10.5  12.0  13.8  15.9  18.3  21.0  24.1  27.7  31.9  36.6  42.1 元/小时（对应月收入 597  686  788  906  1,041  1,197  1,375  1,581  1,816  2,088  2,399  2,757  3,169  3,642  4,186  4,810  5,529  6,354  7,302  8,392  9,645  11,085  12,739  14,641）
06:52:44 INFO    evtol_siting.choice_model  时间价值: 2.3  2.7  3.1  3.6  4.1  4.7  5.4  6.2  7.1  8.2  9.4  10.9  12.5  14.3  16.5  18.9  21.8  25.0  28.7  33.0  38.0  43.6  50.1  57.6 元/小时（对应月收入 817  940  1,080  1,241  1,426  1,639  1,884  2,165  2,488  2,859  3,286  3,777  4,341  4,989  5,733  6,589  7,573  8,703  10,002  11,495  13,211  15,183  17,450  20,055）
06:52:44 INFO    evtol_siting.choice_model  时间价值: 3.2  3.7  4.3  4.9  5.6  6.5  7.4  8.5  9.8  11.3  12.9  14.9  17.1  19.6  22.6  25.9  29.8  34.3  39.4  45.2  52.0  59.8  68.7  78.9 元/小时（对应月收入 1,120  1,287  1,479  1,700  1,954  2,245  2,580  2,965  3,408  3,917  4,502  5,173  5,946  6,833  7,853  9,026  10,373  11,921  13,701  15,746  18,097  20,798  23,902  27,470）
06:52:44 INFO    evtol_siting.choice_model  时间价值: 5.1  5.8  6.7  7.7  8.8  10.2  11.7  13.4  15.4  17.7  20.4  23.4  26.9  30.9  35.5  40.9  46.9  54.0  62.0  71.3  81.9  94.1  108.2  124.3 元/小时（对应月收入 1,764  2,027  2,330  2,677  3,077  3,536  4,064  4,671  5,368  6,169  7,090  8,149  9,365  10,763  12,369  14,216  16,338  18,777  21,580  24,801  28,503  32,758  37,648  43,267）
06:52:44 INFO    evtol_siting.choice_model  选择模型 [区域内积分（σ_within=0.4）]: 出行 15 km（单点），地面 55 分钟 / 57 元，eVTOL 24 分钟 / 156 元，节省 31 分钟；采用概率 0.0207–0.0325（类间比 1.57）
06:52:44 INFO    evtol_siting.choice_model  各类人群采用概率:
 cluster  monthly_income_cny  vot_cny_per_h  p_evtol  demand_rate
       3              1877.0           5.39  0.02071     0.002071
       0              2956.0           8.49  0.02219     0.002219
       1              4049.0          11.64  0.02382     0.002382
       2              5546.0          15.94  0.02628     0.002628
       4              8736.0          25.10  0.03253     0.003253
06:52:44 INFO    evtol_siting.choice_model  收入阶梯（K=5）: 1,877  2,956  4,049  5,546  8,736
06:52:44 INFO    evtol_siting.choice_model  时间价值: 5.4  8.5  11.6  15.9  25.1 元/小时（对应月收入 1,877  2,956  4,049  5,546  8,736）
06:52:44 INFO    evtol_siting.choice_model  时间价值: 1.1  1.3  1.4  1.7  1.9  2.2  2.5  2.9  3.3  3.8  4.4  5.0  5.8  6.6  7.6  8.8  10.1  11.6  13.3  15.3  17.6  20.2  23.2  26.7 元/小时（对应月收入 379  435  500  575  661  760  873  1,003  1,153  1,325  1,523  1,751  2,012  2,312  2,657  3,054  3,510  4,034  4,636  5,328  6,124  7,038  8,088  9,296）
06:52:44 INFO    evtol_siting.choice_model  时间价值: 1.7  2.0  2.3  2.6  3.0  3.4  4.0  4.5  5.2  6.0  6.9  7.9  9.1  10.5  12.0  13.8  15.9  18.3  21.0  24.1  27.7  31.9  36.6  42.1 元/小时（对应月收入 597  686  788  906  1,041  1,197  1,375  1,581  1,816  2,088  2,399  2,757  3,169  3,642  4,186  4,810  5,529  6,354  7,302  8,392  9,645  11,085  12,739  14,641）
06:52:44 INFO    evtol_siting.choice_model  时间价值: 2.3  2.7  3.1  3.6  4.1  4.7  5.4  6.2  7.1  8.2  9.4  10.9  12.5  14.3  16.5  18.9  21.8  25.0  28.7  33.0  38.0  43.6  50.1  57.6 元/小时（对应月收入 817  940  1,080  1,241  1,426  1,639  1,884  2,165  2,488  2,859  3,286  3,777  4,341  4,989  5,733  6,589  7,573  8,703  10,002  11,495  13,211  15,183  17,450  20,055）
06:52:44 INFO    evtol_siting.choice_model  时间价值: 3.2  3.7  4.3  4.9  5.6  6.5  7.4  8.5  9.8  11.3  12.9  14.9  17.1  19.6  22.6  25.9  29.8  34.3  39.4  45.2  52.0  59.8  68.7  78.9 元/小时（对应月收入 1,120  1,287  1,479  1,700  1,954  2,245  2,580  2,965  3,408  3,917  4,502  5,173  5,946  6,833  7,853  9,026  10,373  11,921  13,701  15,746  18,097  20,798  23,902  27,470）
06:52:44 INFO    evtol_siting.choice_model  时间价值: 5.1  5.8  6.7  7.7  8.8  10.2  11.7  13.4  15.4  17.7  20.4  23.4  26.9  30.9  35.5  40.9  46.9  54.0  62.0  71.3  81.9  94.1  108.2  124.3 元/小时（对应月收入 1,764  2,027  2,330  2,677  3,077  3,536  4,064  4,671  5,368  6,169  7,090  8,149  9,365  10,763  12,369  14,216  16,338  18,777  21,580  24,801  28,503  32,758  37,648  43,267）
06:52:44 INFO    evtol_siting.choice_model  选择模型 [区域内积分（σ_within=0.4）]: 出行 15 km（单点），地面 55 分钟 / 57 元，eVTOL 24 分钟 / 195 元，节省 31 分钟；采用概率 0.0044–0.0070（类间比 1.59）
06:52:44 INFO    evtol_siting.choice_model  各类人群采用概率:
 cluster  monthly_income_cny  vot_cny_per_h  p_evtol  demand_rate
       3              1877.0           5.39  0.00442     0.000442
       0              2956.0           8.49  0.00475     0.000475
       1              4049.0          11.64  0.00510     0.000510
       2              5546.0          15.94  0.00564     0.000564
       4              8736.0          25.10  0.00703     0.000703
06:52:45 INFO    evtol_siting.viz.figures   图件已保存: fig03_demand_clusters (PDF, PNG)
06:52:51 INFO    evtol_siting.data.pbf        airports            1365 个要素
06:52:51 INFO    evtol_siting.data.pbf      PBF 解析完成（扫描 4405 个候选要素，装配并保留 110 个面要素，丢弃 0 个非法几何，输出 1 个图层）
06:52:53 INFO    evtol_siting.viz.figures   图件已保存: fig11_demand_by_group (PDF, PNG)
06:52:55 INFO    evtol_siting.viz.figures   图件已保存: fig04_pareto_front (PDF, PNG)
06:52:56 INFO    evtol_siting.viz.figures   图件已保存: fig05_convergence (PDF, PNG)
06:52:57 INFO    evtol_siting.viz.figures   图件已保存: fig07_solution_comparison (PDF, PNG)
06:52:57 INFO    evtol_siting.choice_model  时间价值: 2.9  3.4  4.0  4.6  5.1  5.7  6.3  6.8  7.4  8.0  8.5  9.1  9.7  10.2  10.8  11.4  11.9  12.5  13.1  13.6  14.2  14.8  15.3  15.9  16.5  17.0  17.6  18.2  18.8  19.3  19.9  20.5  21.0  21.6  22.2  22.7  23.3  23.9  24.4  25.0  25.6  26.1  26.7  27.3  27.8  28.4  29.0  29.5  30.1  30.7  31.2  31.8  32.4  32.9  33.5  34.1  34.6  35.2  35.8  36.3  36.9  37.5  38.0  38.6  39.2  39.7  40.3  40.9  41.4  42.0  42.6  43.1  43.7  44.3  44.8  45.4  46.0  46.5  47.1  47.7  48.2  48.8  49.4  49.9  50.5  51.1  51.6  52.2  52.8  53.3  53.9  54.5  55.0  55.6  56.2  56.7  57.3  57.9  58.4  59.0  59.6  60.1  60.7  61.3  61.8  62.4  63.0  63.5  64.1  64.7  65.2  65.8  66.4  66.9  67.5  68.1  68.6  69.2  69.8  70.3  70.9  71.5  72.1  72.6  73.2  73.8  74.3  74.9  75.5  76.0  76.6  77.2  77.7  78.3  78.9  79.4  80.0  80.6  81.1  81.7  82.3  82.8  83.4  84.0  84.5  85.1  85.7  86.2  86.8  87.4  87.9  88.5  89.1  89.6  90.2  90.8  91.3  91.9  92.5  93.0  93.6  94.2  94.7  95.3  95.9  96.4  97.0  97.6  98.1  98.7  99.3  99.8  100.4  101.0  101.5  102.1  102.7  103.2  103.8  104.4  104.9  105.5  106.1  106.6  107.2  107.8  108.3  108.9  109.5  110.0  110.6  111.2  111.7  112.3  112.9  113.4  114.0  114.6  115.1  115.7  116.3  116.8  117.4  118.0  118.5  119.1  119.7  120.2  120.8  121.4  121.9  122.5  123.1  123.6  124.2  124.8  125.4  125.9  126.5  127.1  127.6  128.2  128.8  129.3  129.9  130.5  131.0  131.6  132.2  132.7  133.3  133.9  134.4  135.0  135.6  136.1  136.7  137.3  137.8  138.4  139.0  139.5  140.1  140.7  141.2  141.8  142.4  142.9  143.5  144.1  144.6  145.2  145.8  146.3  146.9  147.5  148.0  148.6  149.2  149.7  150.3  150.9  151.4  152.0  152.6  153.1  153.7  154.3  154.8  155.4  156.0  156.5  157.1  157.7  158.2  158.8  159.4  159.9  160.5  161.1  161.6  162.2  162.8  163.3  163.9  164.5  165.0  165.6  166.2  166.7  167.3  167.9  168.4  169.0  169.6  170.1  170.7  171.3  171.8  172.4 元/小时（对应月收入 1,000  1,197  1,395  1,592  1,789  1,987  2,184  2,381  2,579  2,776  2,973  3,171  3,368  3,565  3,763  3,960  4,157  4,355  4,552  4,749  4,946  5,144  5,341  5,538  5,736  5,933  6,130  6,328  6,525  6,722  6,920  7,117  7,314  7,512  7,709  7,906  8,104  8,301  8,498  8,696  8,893  9,090  9,288  9,485  9,682  9,880  10,077  10,274  10,472  10,669  10,866  11,064  11,261  11,458  11,656  11,853  12,050  12,247  12,445  12,642  12,839  13,037  13,234  13,431  13,629  13,826  14,023  14,221  14,418  14,615  14,813  15,010  15,207  15,405  15,602  15,799  15,997  16,194  16,391  16,589  16,786  16,983  17,181  17,378  17,575  17,773  17,970  18,167  18,365  18,562  18,759  18,957  19,154  19,351  19,548  19,746  19,943  20,140  20,338  20,535  20,732  20,930  21,127  21,324  21,522  21,719  21,916  22,114  22,311  22,508  22,706  22,903  23,100  23,298  23,495  23,692  23,890  24,087  24,284  24,482  24,679  24,876  25,074  25,271  25,468  25,666  25,863  26,060  26,258  26,455  26,652  26,849  27,047  27,244  27,441  27,639  27,836  28,033  28,231  28,428  28,625  28,823  29,020  29,217  29,415  29,612  29,809  30,007  30,204  30,401  30,599  30,796  30,993  31,191  31,388  31,585  31,783  31,980  32,177  32,375  32,572  32,769  32,967  33,164  33,361  33,559  33,756  33,953  34,151  34,348  34,545  34,742  34,940  35,137  35,334  35,532  35,729  35,926  36,124  36,321  36,518  36,716  36,913  37,110  37,308  37,505  37,702  37,900  38,097  38,294  38,492  38,689  38,886  39,084  39,281  39,478  39,676  39,873  40,070  40,268  40,465  40,662  40,860  41,057  41,254  41,452  41,649  41,846  42,043  42,241  42,438  42,635  42,833  43,030  43,227  43,425  43,622  43,819  44,017  44,214  44,411  44,609  44,806  45,003  45,201  45,398  45,595  45,793  45,990  46,187  46,385  46,582  46,779  46,977  47,174  47,371  47,569  47,766  47,963  48,161  48,358  48,555  48,753  48,950  49,147  49,344  49,542  49,739  49,936  50,134  50,331  50,528  50,726  50,923  51,120  51,318  51,515  51,712  51,910  52,107  52,304  52,502  52,699  52,896  53,094  53,291  53,488  53,686  53,883  54,080  54,278  54,475  54,672  54,870  55,067  55,264  55,462  55,659  55,856  56,054  56,251  56,448  56,645  56,843  57,040  57,237  57,435  57,632  57,829  58,027  58,224  58,421  58,619  58,816  59,013  59,211  59,408  59,605  59,803  60,000）
06:52:58 INFO    evtol_siting.viz.figures   图件已保存: fig08_choice_model (PDF, PNG)
06:52:59 INFO    evtol_siting.viz.figures   图件已保存: fig09_accessibility (PDF, PNG)
06:52:59 INFO    figures                    ==================================================================
06:52:59 INFO    figures                     完成，共生成 18 个文件
06:52:59 INFO    figures                       fig01_study_area.pdf
06:52:59 INFO    figures                       fig01_study_area.png
06:52:59 INFO    figures                       fig02_height_fusion.pdf
06:52:59 INFO    figures                       fig02_height_fusion.png
06:52:59 INFO    figures                       fig03_demand_clusters.pdf
06:52:59 INFO    figures                       fig03_demand_clusters.png
06:52:59 INFO    figures                       fig04_pareto_front.pdf
06:52:59 INFO    figures                       fig04_pareto_front.png
06:52:59 INFO    figures                       fig05_convergence.pdf
06:52:59 INFO    figures                       fig05_convergence.png
06:52:59 INFO    figures                       fig07_solution_comparison.pdf
06:52:59 INFO    figures                       fig07_solution_comparison.png
06:52:59 INFO    figures                       fig08_choice_model.pdf
06:52:59 INFO    figures                       fig08_choice_model.png
06:52:59 INFO    figures                       fig09_accessibility.pdf
06:52:59 INFO    figures                       fig09_accessibility.png
06:52:59 INFO    figures                       fig11_demand_by_group.pdf
06:52:59 INFO    figures                       fig11_demand_by_group.png
06:52:59 INFO    figures                     输出目录: 论文稿件\图件
06:52:59 INFO    figures                    ==================================================================
