00:34:53 INFO    multirun                   ============================================================================
00:34:53 INFO    multirun                    多次独立运行：10 次，pop=100，gen=100，data_mode=real
00:34:53 INFO    multirun                   ============================================================================
00:34:53 INFO    evtol_siting.pipeline      ============================================================
00:34:53 INFO    evtol_siting.pipeline      阶段一：基于 GIS 的候选起降场筛选
00:34:53 INFO    evtol_siting.pipeline      ============================================================
00:34:53 INFO    evtol_siting.pipeline      解析 PBF 提取包: sichuan-latest.osm.pbf
00:35:11 INFO    evtol_siting.data.pbf        已扫描 200000 个候选要素…
00:35:34 INFO    evtol_siting.data.pbf        已扫描 400000 个候选要素…
00:35:56 INFO    evtol_siting.data.pbf        已扫描 600000 个候选要素…
00:36:20 INFO    evtol_siting.data.pbf        已扫描 800000 个候选要素…
00:36:36 INFO    evtol_siting.data.pbf        buildings          69675 个要素
00:36:36 INFO    evtol_siting.data.pbf        poi                 8159 个要素
00:36:37 INFO    evtol_siting.data.pbf        roads              42272 个要素
00:36:37 INFO    evtol_siting.data.pbf        landuse             8430 个要素
00:36:37 INFO    evtol_siting.data.pbf        water               2252 个要素
00:36:37 INFO    evtol_siting.data.pbf        airports            1364 个要素
00:36:37 INFO    evtol_siting.data.pbf      PBF 解析完成（扫描 921830 个候选要素，输出 6 个图层）
00:36:37 INFO    evtol_siting.data.rasters  建筑高度栅格已存在: evtol_siting\data\raw\height\chengdu_building_height_10m.tif
00:36:40 INFO    evtol_siting.data.heights  高度栅格提供了 49162 栋建筑的高度（覆盖 70.6%）
00:36:40 INFO    evtol_siting.data.heights  分位数回归填补了 14650 栋建筑的高度（中位数 18.6 m）
00:36:40 INFO    evtol_siting.data.heights  高度融合结果（共 69675 栋）:
    raster_height     70.6%
    imputed           21.0%
    osm_levels         7.3%
    osm_height         1.1%
00:36:40 INFO    evtol_siting.data.heights      有标签覆盖率: 8.4% -> 融合后覆盖率: 100.0%
00:36:40 INFO    evtol_siting.data.rasters  人口栅格已存在: evtol_siting\data\raw\population\chengdu_population_100m.tif
00:36:40 INFO    evtol_siting.data.rasters  收入策略 = poi_index：经济活动指数将在阶段二由 OSM POI 构成计算（见 stage2_demand.build_poi_economic_index）
00:36:40 INFO    evtol_siting.data.rasters  DEM 已存在: evtol_siting\data\raw\dem\chengdu_dem_30m.tif
00:36:44 INFO    evtol_siting.data.rasters  坡度栅格已生成: evtol_siting\data\interim\slope.tif
00:36:44 INFO    evtol_siting.geo           栅格化完成: 单元边长 500 m, 单元数 2519, 覆盖 629.8 km²
00:36:45 INFO    evtol_siting.stage1_candidates 屋顶型筛选: 1430 / 69675 栋建筑满足 h>=20m 且 A_roof>=1600m² (2.05%)
00:36:45 INFO    evtol_siting.stage1_candidates   排除 用地类型: 30 个单元（1.2%）
00:36:45 INFO    evtol_siting.stage1_candidates   排除 水域: 55 个单元（2.2%）
00:36:45 INFO    evtol_siting.stage1_candidates   建筑覆盖率判据 (max=0.55): 剔除 4 个单元（保留 2430）；覆盖率中位数 0.05
00:36:45 INFO    evtol_siting.stage1_candidates 坡度判据: 2430 / 2430 单元满足 slope<=15° (剔除 0)
00:36:45 INFO    evtol_siting.stage1_candidates 地面型筛选: 2430 个候选（用地排除 -89，坡度排除后）
00:36:45 INFO    evtol_siting.stage1_candidates 地面型候选已按路网可达性重新评分（中位距离 91 m）
00:36:45 INFO    evtol_siting.stage1_candidates 已为 1430 个缺少 cell_id 的候选（屋顶型）补齐所属栅格单元（补齐后 3770/3860 有 cell_id）
00:36:45 INFO    evtol_siting.stage1_candidates   90 个候选落在栅格之外，改用坐标分桶作为 cell_id
00:36:46 INFO    evtol_siting.stage1_candidates   运输机场净空区 (r=8000m): 剔除 2776 个候选（占 71.9%）
00:36:46 INFO    evtol_siting.stage1_candidates   既有直升机场 (r=1000m): 剔除 178 个候选（占 4.6%）
00:36:46 INFO    evtol_siting.stage1_candidates 安全排除后剩余 1084 个候选（原有 3860）
00:36:46 INFO    evtol_siting.stage1_candidates   [ground] 类别内稀释: 914 -> 914
00:36:46 INFO    evtol_siting.stage1_candidates   [rooftop] 类别内稀释: 165 -> 81
00:36:46 INFO    evtol_siting.stage1_candidates 密度稀释 (c_min=500m, 每栅格<=3): 1084 -> 820 个候选 （配额 -5，类别内间距 -84，跨类别冲突 -175）；构成: {'ground': 740, 'rooftop': 80}
00:36:46 INFO    evtol_siting.stage1_candidates 阶段一完成: 820 个候选起降场（屋顶型 80，地面型 740）
00:36:46 INFO    evtol_siting.pipeline      ============================================================
00:36:46 INFO    evtol_siting.pipeline      阶段二：K-means 人群分类与需求空间化
00:36:46 INFO    evtol_siting.pipeline      ============================================================
00:36:46 INFO    evtol_siting.data.dasymetric 人口栅格分辨率 80 m 细于需求格网 500 m —— 分区求和已是正确的格网人口总量，**体积重分配在此不产生作用**，直接使用分区求和。（体积权重的价值在于把人口摊到建筑上做更细的分析，需 force=True）
00:36:46 WARNING evtol_siting.data.dasymetric 退化为按分区求和（假设人口在格网内均匀分布）
00:36:59 INFO    evtol_siting.stage2_demand 人口分配方式对比（论文 Table 用）:
    method  total_population  n_nonzero_cells  mean_per_cell  std_per_cell       cv     max_cell  top1pct_share     gini
dasymetric      7.712263e+06             2517    3061.636823   2504.238782 0.817941 12360.637527       0.032418 0.458119
   uniform      7.712263e+06             2517    3061.636823   2504.238782 0.817941 12360.637527       0.032418 0.458119
00:36:59 INFO    evtol_siting.stage2_demand 人口: 合计 7712263 人，单元中位数 2567 人（来源: dasymetric_volume）
00:36:59 INFO    evtol_siting.stage2_demand 未提供外部收入数据，将使用 OSM POI 构成的经济活动指数作为代理（见 data/rasters.py::build_poi_economic_index 的说明与局限）
00:37:00 INFO    evtol_siting.stage2_demand POI: 研究区内 7442 个，单元密度中位数 0 个/km²
00:37:00 INFO    evtol_siting.data.rasters  POI 经济活动指数: 范围 [0.000, 5.759]，中位数 0.000（加权 POI 总数 7949）
00:37:06 INFO    evtol_siting.stage2_demand K 选择 (silhouette): K=7，得分 0.7798，各 K 得分 {3: 0.7395, 4: 0.7588, 5: 0.7733, 6: 0.7722, 7: 0.7798, 8: 0.7784}
00:37:07 INFO    evtol_siting.choice_model  收入阶梯（K=7）: 1,868  2,799  3,613  4,500  5,605  7,236  10,840
00:37:07 INFO    evtol_siting.choice_model  时间价值: 5.4  8.0  10.4  12.9  16.1  20.8  31.1 元/小时（对应月收入 1,868  2,799  3,613  4,500  5,605  7,236  10,840）
00:37:07 INFO    evtol_siting.choice_model  时间价值: 1.1  1.2  1.4  1.6  1.9  2.2  2.5  2.9  3.3  3.8  4.4  5.0  5.8  6.6  7.6  8.7  10.0  11.5  13.3  15.2  17.5  20.1  23.1  26.6 元/小时（对应月收入 377  433  498  573  658  756  869  999  1,148  1,319  1,516  1,743  2,003  2,302  2,645  3,040  3,494  4,015  4,615  5,304  6,095  7,005  8,051  9,253）
00:37:07 INFO    evtol_siting.choice_model  时间价值: 1.6  1.9  2.1  2.5  2.8  3.3  3.7  4.3  4.9  5.7  6.5  7.5  8.6  9.9  11.4  13.1  15.0  17.3  19.9  22.8  26.2  30.2  34.7  39.8 元/小时（对应月收入 565  649  746  858  986  1,133  1,302  1,496  1,720  1,976  2,271  2,610  3,000  3,448  3,963  4,554  5,234  6,015  6,913  7,945  9,131  10,494  12,061  13,861）
00:37:07 INFO    evtol_siting.choice_model  时间价值: 2.1  2.4  2.8  3.2  3.7  4.2  4.8  5.6  6.4  7.3  8.4  9.7  11.1  12.8  14.7  16.9  19.4  22.3  25.6  29.5  33.9  38.9  44.7  51.4 元/小时（对应月收入 729  838  963  1,107  1,272  1,462  1,681  1,932  2,220  2,551  2,932  3,370  3,873  4,451  5,115  5,879  6,756  7,765  8,924  10,256  11,787  13,547  15,569  17,893）
00:37:07 INFO    evtol_siting.choice_model  时间价值: 2.6  3.0  3.4  4.0  4.6  5.2  6.0  6.9  7.9  9.1  10.5  12.1  13.9  15.9  18.3  21.0  24.2  27.8  31.9  36.7  42.2  48.5  55.7  64.0 元/小时（对应月收入 909  1,044  1,200  1,379  1,585  1,822  2,094  2,406  2,765  3,178  3,652  4,198  4,824  5,544  6,372  7,323  8,416  9,673  11,116  12,776  14,683  16,875  19,394  22,289）
00:37:07 INFO    evtol_siting.choice_model  时间价值: 3.3  3.7  4.3  4.9  5.7  6.5  7.5  8.6  9.9  11.4  13.1  15.0  17.3  19.8  22.8  26.2  30.1  34.6  39.8  45.7  52.6  60.4  69.4  79.8 元/小时（对应月收入 1,132  1,301  1,495  1,718  1,974  2,269  2,608  2,997  3,445  3,959  4,550  5,229  6,009  6,906  7,937  9,122  10,484  12,049  13,847  15,914  18,290  21,020  24,158  27,764）
00:37:07 INFO    evtol_siting.choice_model  时间价值: 4.2  4.8  5.5  6.4  7.3  8.4  9.7  11.1  12.8  14.7  16.9  19.4  22.3  25.6  29.4  33.8  38.9  44.7  51.4  59.0  67.8  78.0  89.6  103.0 元/小时（对应月收入 1,461  1,679  1,930  2,218  2,549  2,929  3,366  3,869  4,446  5,110  5,873  6,750  7,757  8,915  10,246  11,775  13,533  15,553  17,875  20,543  23,610  27,134  31,185  35,840）
00:37:07 INFO    evtol_siting.choice_model  时间价值: 6.3  7.2  8.3  9.5  11.0  12.6  14.5  16.7  19.1  22.0  25.3  29.1  33.4  38.4  44.1  50.7  58.3  67.0  76.9  88.4  101.6  116.8  134.2  154.3 元/小时（对应月收入 2,189  2,515  2,891  3,322  3,818  4,388  5,043  5,796  6,661  7,655  8,798  10,111  11,621  13,355  15,349  17,640  20,273  23,300  26,778  30,775  35,369  40,648  46,716  53,690）
00:37:07 INFO    evtol_siting.choice_model  选择模型 [区域内积分（σ_within=0.4）]: 出行 15 km，地面 55 分钟 / 57 元，eVTOL 24 分钟 / 130 元，节省 31 分钟；采用概率 0.0564–0.0988（类间比 1.75）
00:37:07 INFO    evtol_siting.choice_model  各类人群采用概率:
 cluster  monthly_income_cny  vot_cny_per_h  p_evtol  demand_rate
       3              1868.0           5.37  0.05642     0.005642
       0              2799.0           8.04  0.05974     0.005974
       5              3613.0          10.38  0.06283     0.006283
       2              4500.0          12.93  0.06638     0.006638
       4              5605.0          16.11  0.07112     0.007112
       6              7236.0          20.79  0.07876     0.007876
       1             10840.0          31.15  0.09879     0.009879
00:37:07 INFO    evtol_siting.stage2_demand K-means 聚类完成: K=7，总需求 48720 次/日，总人口 7712263 人
00:37:07 INFO    evtol_siting.stage2_demand 类画像:
 cluster  n_cells   population  income_mean  poi_density_mean  trip_rate  monthly_income_cny  vot_cny_per_h  p_evtol  demand_trips_per_day k_selection
       3     1391 2.642034e+06     0.000000          0.000000   0.005642              1868.0           5.37  0.05642          14906.353102  silhouette
       0      327 9.403271e+05     1.533906          5.321101   0.005974              2799.0           8.04  0.05974           5617.513868  silhouette
       5      321 1.318767e+06     2.598605         13.059190   0.006283              3613.0          10.38  0.06283           8285.811407  silhouette
       2      260 1.389814e+06     3.361789         29.492308   0.006638              4500.0          12.93  0.06638           9225.585950  silhouette
       4      145 9.081153e+05     4.000721         55.172414   0.007112              5605.0          16.11  0.07112           6458.515785  silhouette
       6       62 4.214043e+05     4.560623         96.000000   0.007876              7236.0          20.79  0.07876           3318.980346  silhouette
       1       13 9.180217e+04     5.021334        170.461538   0.009879             10840.0          31.15  0.09879            906.913644  silhouette
00:37:07 INFO    evtol_siting.pipeline      ============================================================
00:37:07 INFO    evtol_siting.pipeline      阶段三：0-1 整数规划选址
00:37:07 INFO    evtol_siting.pipeline      ============================================================
00:37:07 INFO    evtol_siting.stage3_ip     [cost_priority] 需求单元 2519 个（核心 1008 个，阈值 分位数 0.60（>=20.0 次/日）），候选 820 个，接驳时间预算 15.0 分钟，设施上限 20
00:37:07 WARNING evtol_siting.stage3_ip     [cost_priority] 有 535 个核心需求单元在接驳预算内无任何候选起降场可达。需要放宽接驳半径或增加候选点；本情景标记为 infeasible。
00:37:07 INFO    evtol_siting.stage3_ip     [cost_priority] 最优解: 11 个起降场，总成本 4.56 亿元，需求覆盖率 48.7%，人口覆盖率 48.4%（耗时 0.31s）
00:37:08 INFO    evtol_siting.stage3_ip     [coverage_priority] 需求单元 2519 个（核心 1008 个，阈值 分位数 0.60（>=20.0 次/日）），候选 820 个，接驳时间预算 15.0 分钟，设施上限 35
00:37:08 WARNING evtol_siting.stage3_ip     [coverage_priority] 有 535 个核心需求单元在接驳预算内无任何候选起降场可达。需要放宽接驳半径或增加候选点；本情景标记为 infeasible。
00:37:08 INFO    evtol_siting.stage3_ip     [coverage_priority] 最优解: 10 个起降场，总成本 4.76 亿元，需求覆盖率 49.5%，人口覆盖率 49.3%（耗时 0.28s）
00:37:08 INFO    evtol_siting.stage3_ip     阶段三完成: 2 个情景求解成功（cost_priority=Optimal, coverage_priority=Optimal）
00:37:08 INFO    evtol_siting.stage4_nsga2  问题实例: 2519 个需求单元（核心 1008），820 个候选；接驳预算 15.0 分钟；单点最大可覆盖 245 个核心单元（占核心 24.3%）
00:38:33 INFO    multirun                     第  1/10 次: 前沿 100 个解，HV=5.911e+07，最优未服务=24208.6，耗时 85.1s
00:40:03 INFO    multirun                     第  2/10 次: 前沿 100 个解，HV=5.915e+07，最优未服务=24208.6，耗时 90.1s
00:41:32 INFO    multirun                     第  3/10 次: 前沿 100 个解，HV=5.996e+07，最优未服务=24208.6，耗时 88.4s
00:42:23 INFO    multirun                     第  4/10 次: 前沿 100 个解，HV=6.138e+07，最优未服务=24208.6，耗时 51.8s
00:42:55 INFO    multirun                     第  5/10 次: 前沿 100 个解，HV=5.833e+07，最优未服务=24208.6，耗时 31.5s
00:43:27 INFO    multirun                     第  6/10 次: 前沿 100 个解，HV=5.903e+07，最优未服务=24208.6，耗时 31.9s
00:43:59 INFO    multirun                     第  7/10 次: 前沿 100 个解，HV=5.897e+07，最优未服务=24208.6，耗时 32.6s
00:44:31 INFO    multirun                     第  8/10 次: 前沿 100 个解，HV=6.18e+07，最优未服务=24208.6，耗时 31.5s
00:45:03 INFO    multirun                     第  9/10 次: 前沿 100 个解，HV=5.573e+07，最优未服务=24208.6，耗时 31.9s
00:45:37 INFO    multirun                     第 10/10 次: 前沿 100 个解，HV=5.666e+07，最优未服务=24208.6，耗时 34.5s
00:46:35 INFO    multirun                   
00:46:35 INFO    multirun                   ── 算法稳定性（10 次独立运行）──
00:46:35 INFO    multirun                      hypervolume    均值 5.3637e+17   标准差 1.6677e+16   （5.185e+17 – 5.7113e+17）
00:46:35 INFO    multirun                      spacing        均值 0.043703     标准差 0.030102     （0.018281 – 0.1107）
00:46:35 INFO    multirun                      spread         均值 0.806        标准差 0.04937      （0.75048 – 0.90584）
00:46:35 INFO    multirun                      igd            均值 0.1965       标准差 0.022151     （0.14871 – 0.22346）
00:46:35 INFO    multirun                      n              均值 100          标准差 0            （100 – 100）
00:46:35 INFO    multirun                      注：HV 越大越好；SP/Δ/IGD 越小越好。论文中报告为 均值 ± 标准差。
00:47:58 INFO    multirun                   
00:47:58 INFO    multirun                   ── 与 pymoo NSGA-II 交叉验证 ──
00:47:58 INFO    multirun                      自实现 HV 均值 3.5477e+18 (n=10)
00:47:58 INFO    multirun                      pymoo  HV        6.4678e+18
00:47:58 INFO    multirun                      比值 0.5485，Mann-Whitney p=6.386e-05，Cliff's δ=-1.000
00:47:58 INFO    multirun                      判读：比值接近 1 且 p>0.05 表示两者统计上无显著差异，自实现 NSGA-II 通过正确性验证。
00:47:58 INFO    multirun                   
00:47:58 INFO    multirun                   ── 单目标基线 vs NSGA-II 前沿 ──
00:47:58 INFO    evtol_siting.baselines     [set_covering] -> 10 个设施，耗时 0.1s
00:47:59 INFO    evtol_siting.baselines     [p_median_p8] p=8: 2519 个需求单元 × 25 近邻 = 62975 个分配变量
00:48:03 INFO    evtol_siting.baselines     [p_median_p8] p=8 -> 8 个设施，目标 0.0，耗时 4.7s
00:48:32 INFO    evtol_siting.baselines     [p_center_p8] p=8 -> 1 个设施，最大接驳时间 16666666.50 分钟，耗时 29.0s
00:48:32 INFO    evtol_siting.baselines     [max_coverage_p8] p=8 -> 8 个设施，覆盖需求 23981，耗时 0.7s
00:48:33 INFO    evtol_siting.baselines     [p_median_p12] p=12: 2519 个需求单元 × 25 近邻 = 62975 个分配变量
00:48:37 INFO    evtol_siting.baselines     [p_median_p12] p=12 -> 12 个设施，目标 0.0，耗时 4.7s
00:49:09 INFO    evtol_siting.baselines     [p_center_p12] p=12 -> 1 个设施，最大接驳时间 16666666.50 分钟，耗时 31.7s
00:49:09 INFO    evtol_siting.baselines     [max_coverage_p12] p=12 -> 12 个设施，覆盖需求 24477，耗时 0.7s
00:49:10 INFO    evtol_siting.baselines     [p_median_p18] p=18: 2519 个需求单元 × 25 近邻 = 62975 个分配变量
00:49:15 INFO    evtol_siting.baselines     [p_median_p18] p=18 -> 18 个设施，目标 0.0，耗时 5.3s
00:49:46 INFO    evtol_siting.baselines     [p_center_p18] p=18 -> 1 个设施，最大接驳时间 16666666.50 分钟，耗时 31.5s
00:49:47 INFO    evtol_siting.baselines     [max_coverage_p18] p=18 -> 18 个设施，覆盖需求 24511，耗时 0.7s
00:49:48 INFO    evtol_siting.baselines     [p_median_p25] p=25: 2519 个需求单元 × 25 近邻 = 62975 个分配变量
00:49:52 INFO    evtol_siting.baselines     [p_median_p25] p=25 -> 25 个设施，目标 0.0，耗时 5.1s
00:50:23 INFO    evtol_siting.baselines     [p_center_p25] p=25 -> 1 个设施，最大接驳时间 16666666.50 分钟，耗时 31.2s
00:50:24 INFO    evtol_siting.baselines     [max_coverage_p25] p=25 -> 18 个设施，覆盖需求 24511，耗时 0.7s
00:50:24 INFO    evtol_siting.baselines     基线求解完成: 13/13 成功
00:50:24 INFO    multirun                           baseline  n_sites  unserved_demand  total_access_time     inequity   total_cost  n_front_dominating  dominated_by_front_pct  demand_coverage_pct  worst_group_access_time_min  equity_gini
    set_covering       10     24768.450181      219680.351336 9.668559e+00 4.947544e+08                   0                     0.0            49.161297                     9.747946     0.012848
     p_median_p8        8     48266.560203        5980.902076 1.000000e+12 2.283937e+08                   0                     0.0             0.930043                    13.971026     0.019204
     p_center_p8        1     48172.964976        6089.409066 1.000000e+12 5.700000e+07                   0                     0.0             1.122153                    13.710768     0.053594
 max_coverage_p8        8     24738.988437      228232.646090 9.840637e+00 3.807544e+08                   0                     0.0            49.221769                    10.111316     0.014349
    p_median_p12       12     42870.296979       57919.660129 1.000000e+12 6.840000e+08                   0                     0.0            12.006191                    11.987836     0.049926
    p_center_p12        1     48172.964976        6089.409066 1.000000e+12 5.700000e+07                   0                     0.0             1.122153                    13.710768     0.053594
max_coverage_p12       12     24243.154775      228051.463969 9.780520e+00 6.260767e+08                   0                     0.0            50.239497                     9.679443     0.017059
    p_median_p18       18     42606.759061       57898.535086 1.000000e+12 1.026000e+09                   0                     0.0            12.547118                    11.987836     0.059336
    p_center_p18        1     48172.964976        6089.409066 1.000000e+12 5.700000e+07                   0                     0.0             1.122153                    13.710768     0.053594
max_coverage_p18       18     24208.564381      214689.671449 9.463387e+00 8.761199e+08                   0                     0.0            50.310496                     9.679443     0.024623
    p_median_p25       25     42409.849650       58312.183017 1.000000e+12 1.425000e+09                   0                     0.0            12.951286                    11.812479     0.059916
    p_center_p25        1     48172.964976        6089.409066 1.000000e+12 5.700000e+07                   0                     0.0             1.122153                    13.710768     0.053594
max_coverage_p25       18     24208.564381      214689.671449 9.463387e+00 8.761199e+08                   0                     0.0            50.310496                     9.679443     0.024623
00:50:24 INFO    multirun                      判读：dominated_by_front_pct 越高，说明该单目标模型的最优解被 NSGA-II 前沿支配得越彻底——这是'多目标必要性'的直接证据。
00:50:24 INFO    multirun                   
00:50:24 INFO    multirun                   ── 加权求和对照（同一算法、同一预算，仅改选择机制）──
00:50:41 WARNING evtol_siting.nsga2_core    帕累托前沿在 99 代内**没有改进**（HV 3.398e+16 -> 2.965e+16）。可能原因：(1) 初始种群已被 IP 解锚定在最优附近；(2) 修复算子过强，压制了搜索空间；(3) 目标间无实质权衡。建议检查目标值分布是否退化。
00:50:41 WARNING multirun                   加权求和对照失败: matmul: Input operand 1 has a mismatch in its core dimension 0, with gufunc signature (n?,k),(k,m?)->(n?,m?) (size 4 is different from 1)
00:50:41 INFO    multirun                   
00:50:41 INFO    multirun                   ── 公平性定义对比：人群组均值 vs 单用户最小最大 ──
00:50:41 INFO    evtol_siting.stage4_nsga2  问题实例: 2519 个需求单元（核心 1008），820 个候选；接驳预算 15.0 分钟；单点最大可覆盖 245 个核心单元（占核心 24.3%）
00:51:14 INFO    evtol_siting.stage4_nsga2  问题实例: 2519 个需求单元（核心 1008），820 个候选；接驳预算 15.0 分钟；单点最大可覆盖 245 个核心单元（占核心 24.3%）
00:51:47 INFO    multirun                                           direction  count  total  pct
group_mean 被 individual_max 支配的解数      0    100  0.0
individual_max 被 group_mean 支配的解数      5    100  5.0
00:51:47 INFO    multirun                      group_mean 前沿的公平性最优值（目标 3）: 9.2148（该目标即人群组最差可达性）
00:51:47 INFO    multirun                      individual_max 前沿的公平性最优值（目标 3，此时为单用户最大）: 15.0000
00:51:47 INFO    evtol_siting.stage4_nsga2  问题实例: 2519 个需求单元（核心 1008），820 个候选；接驳预算 15.0 分钟；单点最大可覆盖 245 个核心单元（占核心 24.3%）
00:51:47 INFO    multirun                      注：两者的目标 3 定义不同，数值不可直接比较；上表的分支配对才是有效证据。
00:51:47 INFO    multirun                      判读：若两个方向都存在互相支配的解，说明两种公平性定义刻画的是**不同的**公平维度，'人群组公平'不是 p-中心的重复表述，新意 (A) 成立。若某一方完全支配另一方，则应如实报告后者不构成独立贡献。
00:51:47 INFO    multirun                   
00:51:47 INFO    multirun                   ── 拐点解的指标跨运行分布（论文可报告为 均值 ± 标准差）──
00:51:47 INFO    multirun                      unserved     2.424e+04 ± 23.44
00:51:47 INFO    multirun                      total_time   1.658e+05 ± 3514
00:51:47 INFO    multirun                      inequity     9.239 ± 0.04106
00:51:47 INFO    multirun                      cost         2.162e+10 ± 2.647e+09
00:51:47 INFO    multirun                   
00:51:47 INFO    multirun                   ============================================================================
00:51:47 INFO    multirun                    完成。输出目录: evtol_siting\outputs\tables
00:51:47 INFO    multirun                    文件: multirun_runs.csv / multirun_metrics.csv / baseline_vs_front.csv / weighted_sum_vs_front.csv / multirun_knee.csv / pymoo_validation.json
00:51:47 INFO    multirun                   ============================================================================
01:22:18 INFO    multirun                   ============================================================================
01:22:18 INFO    multirun                    多次独立运行：10 次，pop=100，gen=100，data_mode=real
01:22:18 INFO    multirun                   ============================================================================
01:22:19 INFO    evtol_siting.pipeline      ============================================================
01:22:19 INFO    evtol_siting.pipeline      阶段一：基于 GIS 的候选起降场筛选
01:22:19 INFO    evtol_siting.pipeline      ============================================================
01:22:19 INFO    evtol_siting.pipeline      解析 PBF 提取包: sichuan-latest.osm.pbf
01:22:27 INFO    evtol_siting.data.pbf        已扫描 200000 个候选要素…
01:22:36 INFO    evtol_siting.data.pbf        已扫描 400000 个候选要素…
01:22:44 INFO    evtol_siting.data.pbf        已扫描 600000 个候选要素…
01:22:54 INFO    evtol_siting.data.pbf        已扫描 800000 个候选要素…
01:23:00 INFO    evtol_siting.data.pbf        buildings          69675 个要素
01:23:00 INFO    evtol_siting.data.pbf        poi                 8159 个要素
01:23:01 INFO    evtol_siting.data.pbf        roads              42272 个要素
01:23:01 INFO    evtol_siting.data.pbf        landuse             8430 个要素
01:23:01 INFO    evtol_siting.data.pbf        water               2252 个要素
01:23:01 INFO    evtol_siting.data.pbf        airports            1364 个要素
01:23:01 INFO    evtol_siting.data.pbf      PBF 解析完成（扫描 921830 个候选要素，输出 6 个图层）
01:23:01 INFO    evtol_siting.data.rasters  建筑高度栅格已存在: evtol_siting\data\raw\height\chengdu_building_height_10m.tif
01:23:03 INFO    evtol_siting.data.heights  高度栅格提供了 49162 栋建筑的高度（覆盖 70.6%）
01:23:03 INFO    evtol_siting.data.heights  分位数回归填补了 14650 栋建筑的高度（中位数 18.6 m）
01:23:03 INFO    evtol_siting.data.heights  高度融合结果（共 69675 栋）:
    raster_height     70.6%
    imputed           21.0%
    osm_levels         7.3%
    osm_height         1.1%
01:23:03 INFO    evtol_siting.data.heights      有标签覆盖率: 8.4% -> 融合后覆盖率: 100.0%
01:23:03 INFO    evtol_siting.data.rasters  人口栅格已存在: evtol_siting\data\raw\population\chengdu_population_100m.tif
01:23:03 INFO    evtol_siting.data.rasters  收入策略 = poi_index：经济活动指数将在阶段二由 OSM POI 构成计算（见 stage2_demand.build_poi_economic_index）
01:23:03 INFO    evtol_siting.data.rasters  DEM 已存在: evtol_siting\data\raw\dem\chengdu_dem_30m.tif
01:23:06 INFO    evtol_siting.data.rasters  坡度栅格已生成: evtol_siting\data\interim\slope.tif
01:23:06 INFO    evtol_siting.geo           栅格化完成: 单元边长 500 m, 单元数 2519, 覆盖 629.8 km²
01:23:06 INFO    evtol_siting.stage1_candidates 屋顶型筛选: 1430 / 69675 栋建筑满足 h>=20m 且 A_roof>=1600m² (2.05%)
01:23:06 INFO    evtol_siting.stage1_candidates   排除 用地类型: 30 个单元（1.2%）
01:23:06 INFO    evtol_siting.stage1_candidates   排除 水域: 55 个单元（2.2%）
01:23:06 INFO    evtol_siting.stage1_candidates   建筑覆盖率判据 (max=0.55): 剔除 4 个单元（保留 2430）；覆盖率中位数 0.05
01:23:06 INFO    evtol_siting.stage1_candidates 坡度判据: 2430 / 2430 单元满足 slope<=15° (剔除 0)
01:23:06 INFO    evtol_siting.stage1_candidates 地面型筛选: 2430 个候选（用地排除 -89，坡度排除后）
01:23:06 INFO    evtol_siting.stage1_candidates 地面型候选已按路网可达性重新评分（中位距离 91 m）
01:23:06 INFO    evtol_siting.stage1_candidates 已为 1430 个缺少 cell_id 的候选（屋顶型）补齐所属栅格单元（补齐后 3770/3860 有 cell_id）
01:23:06 INFO    evtol_siting.stage1_candidates   90 个候选落在栅格之外，改用坐标分桶作为 cell_id
01:23:06 INFO    evtol_siting.stage1_candidates   运输机场净空区 (r=4000m): 剔除 1472 个候选（占 38.1%）
01:23:06 INFO    evtol_siting.stage1_candidates   既有直升机场 (r=1000m): 剔除 178 个候选（占 4.6%）
01:23:06 INFO    evtol_siting.stage1_candidates 安全排除后剩余 2344 个候选（原有 3860）
01:23:06 INFO    evtol_siting.stage1_candidates   [ground] 类别内稀释: 1581 -> 1581
01:23:06 INFO    evtol_siting.stage1_candidates   [rooftop] 类别内稀释: 693 -> 258
01:23:07 INFO    evtol_siting.stage1_candidates 密度稀释 (c_min=500m, 每栅格<=3): 2344 -> 1332 个候选 （配额 -70，类别内间距 -435，跨类别冲突 -507）；构成: {'ground': 1076, 'rooftop': 256}
01:23:07 INFO    evtol_siting.stage1_candidates 阶段一完成: 1332 个候选起降场（屋顶型 256，地面型 1076）
01:23:07 INFO    evtol_siting.pipeline      ============================================================
01:23:07 INFO    evtol_siting.pipeline      阶段二：K-means 人群分类与需求空间化
01:23:07 INFO    evtol_siting.pipeline      ============================================================
01:23:07 INFO    evtol_siting.data.dasymetric 人口栅格分辨率 80 m 细于需求格网 500 m —— 分区求和已是正确的格网人口总量，**体积重分配在此不产生作用**，直接使用分区求和。（体积权重的价值在于把人口摊到建筑上做更细的分析，需 force=True）
01:23:07 WARNING evtol_siting.data.dasymetric 退化为按分区求和（假设人口在格网内均匀分布）
01:23:12 INFO    evtol_siting.stage2_demand 人口分配方式对比（论文 Table 用）:
    method  total_population  n_nonzero_cells  mean_per_cell  std_per_cell       cv     max_cell  top1pct_share     gini
dasymetric      7.712263e+06             2517    3061.636823   2504.238782 0.817941 12360.637527       0.032418 0.458119
   uniform      7.712263e+06             2517    3061.636823   2504.238782 0.817941 12360.637527       0.032418 0.458119
01:23:12 INFO    evtol_siting.stage2_demand 人口: 合计 7712263 人，单元中位数 2567 人（来源: zonal_sum）
01:23:12 INFO    evtol_siting.stage2_demand 未提供外部收入数据，将使用 OSM POI 构成的经济活动指数作为代理（见 data/rasters.py::build_poi_economic_index 的说明与局限）
01:23:12 INFO    evtol_siting.stage2_demand POI: 研究区内 7442 个，单元密度中位数 0 个/km²
01:23:12 INFO    evtol_siting.data.rasters  POI 经济活动指数: 范围 [0.000, 5.759]，中位数 0.000（加权 POI 总数 7949）
01:23:16 INFO    evtol_siting.stage2_demand K 选择 (silhouette): K=7，得分 0.7798，各 K 得分 {3: 0.7395, 4: 0.7588, 5: 0.7733, 6: 0.7722, 7: 0.7798, 8: 0.7784}
01:23:17 INFO    evtol_siting.choice_model  收入阶梯（K=7）: 1,868  2,799  3,613  4,500  5,605  7,236  10,840
01:23:17 INFO    evtol_siting.choice_model  时间价值: 5.4  8.0  10.4  12.9  16.1  20.8  31.1 元/小时（对应月收入 1,868  2,799  3,613  4,500  5,605  7,236  10,840）
01:23:17 INFO    evtol_siting.choice_model  时间价值: 1.1  1.2  1.4  1.6  1.9  2.2  2.5  2.9  3.3  3.8  4.4  5.0  5.8  6.6  7.6  8.7  10.0  11.5  13.3  15.2  17.5  20.1  23.1  26.6 元/小时（对应月收入 377  433  498  573  658  756  869  999  1,148  1,319  1,516  1,743  2,003  2,302  2,645  3,040  3,494  4,015  4,615  5,304  6,095  7,005  8,051  9,253）
01:23:17 INFO    evtol_siting.choice_model  时间价值: 1.6  1.9  2.1  2.5  2.8  3.3  3.7  4.3  4.9  5.7  6.5  7.5  8.6  9.9  11.4  13.1  15.0  17.3  19.9  22.8  26.2  30.2  34.7  39.8 元/小时（对应月收入 565  649  746  858  986  1,133  1,302  1,496  1,720  1,976  2,271  2,610  3,000  3,448  3,963  4,554  5,234  6,015  6,913  7,945  9,131  10,494  12,061  13,861）
01:23:17 INFO    evtol_siting.choice_model  时间价值: 2.1  2.4  2.8  3.2  3.7  4.2  4.8  5.6  6.4  7.3  8.4  9.7  11.1  12.8  14.7  16.9  19.4  22.3  25.6  29.5  33.9  38.9  44.7  51.4 元/小时（对应月收入 729  838  963  1,107  1,272  1,462  1,681  1,932  2,220  2,551  2,932  3,370  3,873  4,451  5,115  5,879  6,756  7,765  8,924  10,256  11,787  13,547  15,569  17,893）
01:23:17 INFO    evtol_siting.choice_model  时间价值: 2.6  3.0  3.4  4.0  4.6  5.2  6.0  6.9  7.9  9.1  10.5  12.1  13.9  15.9  18.3  21.0  24.2  27.8  31.9  36.7  42.2  48.5  55.7  64.0 元/小时（对应月收入 909  1,044  1,200  1,379  1,585  1,822  2,094  2,406  2,765  3,178  3,652  4,198  4,824  5,544  6,372  7,323  8,416  9,673  11,116  12,776  14,683  16,875  19,394  22,289）
01:23:17 INFO    evtol_siting.choice_model  时间价值: 3.3  3.7  4.3  4.9  5.7  6.5  7.5  8.6  9.9  11.4  13.1  15.0  17.3  19.8  22.8  26.2  30.1  34.6  39.8  45.7  52.6  60.4  69.4  79.8 元/小时（对应月收入 1,132  1,301  1,495  1,718  1,974  2,269  2,608  2,997  3,445  3,959  4,550  5,229  6,009  6,906  7,937  9,122  10,484  12,049  13,847  15,914  18,290  21,020  24,158  27,764）
01:23:17 INFO    evtol_siting.choice_model  时间价值: 4.2  4.8  5.5  6.4  7.3  8.4  9.7  11.1  12.8  14.7  16.9  19.4  22.3  25.6  29.4  33.8  38.9  44.7  51.4  59.0  67.8  78.0  89.6  103.0 元/小时（对应月收入 1,461  1,679  1,930  2,218  2,549  2,929  3,366  3,869  4,446  5,110  5,873  6,750  7,757  8,915  10,246  11,775  13,533  15,553  17,875  20,543  23,610  27,134  31,185  35,840）
01:23:17 INFO    evtol_siting.choice_model  时间价值: 6.3  7.2  8.3  9.5  11.0  12.6  14.5  16.7  19.1  22.0  25.3  29.1  33.4  38.4  44.1  50.7  58.3  67.0  76.9  88.4  101.6  116.8  134.2  154.3 元/小时（对应月收入 2,189  2,515  2,891  3,322  3,818  4,388  5,043  5,796  6,661  7,655  8,798  10,111  11,621  13,355  15,349  17,640  20,273  23,300  26,778  30,775  35,369  40,648  46,716  53,690）
01:23:17 INFO    evtol_siting.choice_model  选择模型 [区域内积分（σ_within=0.4）]: 出行 15 km，地面 55 分钟 / 57 元，eVTOL 24 分钟 / 130 元，节省 31 分钟；采用概率 0.0564–0.0988（类间比 1.75）
01:23:17 INFO    evtol_siting.choice_model  各类人群采用概率:
 cluster  monthly_income_cny  vot_cny_per_h  p_evtol  demand_rate
       3              1868.0           5.37  0.05642     0.005642
       0              2799.0           8.04  0.05974     0.005974
       5              3613.0          10.38  0.06283     0.006283
       2              4500.0          12.93  0.06638     0.006638
       4              5605.0          16.11  0.07112     0.007112
       6              7236.0          20.79  0.07876     0.007876
       1             10840.0          31.15  0.09879     0.009879
01:23:17 INFO    evtol_siting.stage2_demand K-means 聚类完成: K=7，总需求 48720 次/日，总人口 7712263 人
01:23:17 INFO    evtol_siting.stage2_demand 类画像:
 cluster  n_cells   population  income_mean  poi_density_mean  trip_rate  monthly_income_cny  vot_cny_per_h  p_evtol  demand_trips_per_day k_selection
       3     1391 2.642034e+06     0.000000          0.000000   0.005642              1868.0           5.37  0.05642          14906.353102  silhouette
       0      327 9.403271e+05     1.533906          5.321101   0.005974              2799.0           8.04  0.05974           5617.513868  silhouette
       5      321 1.318767e+06     2.598605         13.059190   0.006283              3613.0          10.38  0.06283           8285.811407  silhouette
       2      260 1.389814e+06     3.361789         29.492308   0.006638              4500.0          12.93  0.06638           9225.585950  silhouette
       4      145 9.081153e+05     4.000721         55.172414   0.007112              5605.0          16.11  0.07112           6458.515785  silhouette
       6       62 4.214043e+05     4.560623         96.000000   0.007876              7236.0          20.79  0.07876           3318.980346  silhouette
       1       13 9.180217e+04     5.021334        170.461538   0.009879             10840.0          31.15  0.09879            906.913644  silhouette
01:23:17 INFO    evtol_siting.pipeline      ============================================================
01:23:17 INFO    evtol_siting.pipeline      阶段三：0-1 整数规划选址
01:23:17 INFO    evtol_siting.pipeline      ============================================================
01:23:17 INFO    evtol_siting.stage3_ip     [cost_priority] 需求单元 2519 个（核心 1008 个，阈值 分位数 0.60（>=20.0 次/日）），候选 1332 个，接驳时间预算 15.0 分钟，设施上限 20
01:23:18 INFO    evtol_siting.stage3_ip     [cost_priority] 最优解: 11 个起降场，总成本 3.48 亿元，需求覆盖率 97.1%，人口覆盖率 96.8%（耗时 0.46s）
01:23:18 INFO    evtol_siting.stage3_ip     [coverage_priority] 需求单元 2519 个（核心 1008 个，阈值 分位数 0.60（>=20.0 次/日）），候选 1332 个，接驳时间预算 15.0 分钟，设施上限 35
01:23:18 INFO    evtol_siting.stage3_ip     [coverage_priority] 最优解: 10 个起降场，总成本 5.14 亿元，需求覆盖率 96.5%，人口覆盖率 96.2%（耗时 0.41s）
01:23:18 INFO    evtol_siting.stage3_ip     阶段三完成: 2 个情景求解成功（cost_priority=Optimal, coverage_priority=Optimal）
01:23:18 INFO    evtol_siting.stage4_nsga2  问题实例: 2519 个需求单元（核心 1008），1332 个候选；接驳预算 15.0 分钟；单点最大可覆盖 307 个核心单元（占核心 30.5%）
01:23:18 INFO    evtol_siting.nsga2_core    初始种群: 100 个个体 × 1332 维，期望站点数 36（稀疏初始化）
01:23:35 WARNING evtol_siting.nsga2_core    帕累托前沿在 100 代内**没有改进**（HV 1.055e+08 -> 9.382e+07）。可能原因：(1) 初始种群已被 IP 解锚定在最优附近；(2) 修复算子过强，压制了搜索空间；(3) 目标间无实质权衡。建议检查目标值分布是否退化。
01:23:35 INFO    multirun                     第  1/10 次: 前沿 100 个解，HV=9.382e+07，最优未服务=100.2，耗时 17.2s
01:23:35 INFO    evtol_siting.nsga2_core    初始种群: 100 个个体 × 1332 维，期望站点数 36（稀疏初始化）
01:23:53 INFO    multirun                     第  2/10 次: 前沿 100 个解，HV=8.593e+07，最优未服务=124.2，耗时 18.0s
01:23:53 INFO    evtol_siting.nsga2_core    初始种群: 100 个个体 × 1332 维，期望站点数 36（稀疏初始化）
01:24:10 INFO    multirun                     第  3/10 次: 前沿 100 个解，HV=1.047e+08，最优未服务=153.7，耗时 16.8s
01:24:10 INFO    evtol_siting.nsga2_core    初始种群: 100 个个体 × 1332 维，期望站点数 36（稀疏初始化）
01:24:27 INFO    multirun                     第  4/10 次: 前沿 100 个解，HV=9.056e+07，最优未服务=170.9，耗时 17.1s
01:24:27 INFO    evtol_siting.nsga2_core    初始种群: 100 个个体 × 1332 维，期望站点数 36（稀疏初始化）
01:24:44 INFO    multirun                     第  5/10 次: 前沿 100 个解，HV=1.368e+08，最优未服务=109.6，耗时 17.2s
01:24:44 INFO    evtol_siting.nsga2_core    初始种群: 100 个个体 × 1332 维，期望站点数 36（稀疏初始化）
01:25:01 INFO    multirun                     第  6/10 次: 前沿 100 个解，HV=1.309e+08，最优未服务=112.6，耗时 16.6s
01:25:01 INFO    evtol_siting.nsga2_core    初始种群: 100 个个体 × 1332 维，期望站点数 36（稀疏初始化）
01:25:17 WARNING evtol_siting.nsga2_core    帕累托前沿在 100 代内**没有改进**（HV 1.044e+08 -> 7.046e+07）。可能原因：(1) 初始种群已被 IP 解锚定在最优附近；(2) 修复算子过强，压制了搜索空间；(3) 目标间无实质权衡。建议检查目标值分布是否退化。
01:25:17 INFO    multirun                     第  7/10 次: 前沿 100 个解，HV=7.046e+07，最优未服务=113.0，耗时 16.4s
01:25:17 INFO    evtol_siting.nsga2_core    初始种群: 100 个个体 × 1332 维，期望站点数 36（稀疏初始化）
01:25:34 WARNING evtol_siting.nsga2_core    帕累托前沿在 100 代内**没有改进**（HV 9.785e+07 -> 9.007e+07）。可能原因：(1) 初始种群已被 IP 解锚定在最优附近；(2) 修复算子过强，压制了搜索空间；(3) 目标间无实质权衡。建议检查目标值分布是否退化。
01:25:34 INFO    multirun                     第  8/10 次: 前沿 100 个解，HV=9.007e+07，最优未服务=166.1，耗时 16.6s
01:25:34 INFO    evtol_siting.nsga2_core    初始种群: 100 个个体 × 1332 维，期望站点数 36（稀疏初始化）
01:25:51 INFO    multirun                     第  9/10 次: 前沿 100 个解，HV=1.212e+08，最优未服务=162.4，耗时 16.5s
01:25:51 INFO    evtol_siting.nsga2_core    初始种群: 100 个个体 × 1332 维，期望站点数 36（稀疏初始化）
01:26:21 INFO    multirun                     第 10/10 次: 前沿 100 个解，HV=8.544e+07，最优未服务=85.4，耗时 30.7s
01:27:19 INFO    multirun                   
01:27:19 INFO    multirun                   ── 算法稳定性（10 次独立运行）──
01:27:19 INFO    multirun                      hypervolume    均值 3.1693e+17   标准差 1.0136e+16   （2.9551e+17 – 3.3179e+17）
01:27:19 INFO    multirun                      spacing        均值 0.077748     标准差 0.01751      （0.043709 – 0.10083）
01:27:19 INFO    multirun                      spread         均值 1.2214       标准差 0.081714     （1.0246 – 1.2859）
01:27:19 INFO    multirun                      igd            均值 0.14915      标准差 0.010144     （0.13643 – 0.16564）
01:27:19 INFO    multirun                      n              均值 100          标准差 0            （100 – 100）
01:27:19 INFO    multirun                      注：HV 越大越好；SP/Δ/IGD 越小越好。论文中报告为 均值 ± 标准差。
01:30:00 INFO    multirun                   ============================================================================
01:30:00 INFO    multirun                    多次独立运行：10 次，pop=100，gen=100，data_mode=real
01:30:00 INFO    multirun                   ============================================================================
01:30:00 INFO    evtol_siting.pipeline      ============================================================
01:30:00 INFO    evtol_siting.pipeline      阶段一：基于 GIS 的候选起降场筛选
01:30:00 INFO    evtol_siting.pipeline      ============================================================
01:30:00 INFO    evtol_siting.pipeline      解析 PBF 提取包: sichuan-latest.osm.pbf
01:30:21 INFO    evtol_siting.data.pbf        已扫描 200000 个候选要素…
01:30:45 INFO    evtol_siting.data.pbf        已扫描 400000 个候选要素…
01:31:06 INFO    evtol_siting.data.pbf        已扫描 600000 个候选要素…
01:31:29 INFO    evtol_siting.data.pbf        已扫描 800000 个候选要素…
01:31:35 INFO    evtol_siting.data.pbf        buildings          69675 个要素
01:31:36 INFO    evtol_siting.data.pbf        poi                 8159 个要素
01:31:36 INFO    evtol_siting.data.pbf        roads              42272 个要素
01:31:36 INFO    evtol_siting.data.pbf        landuse             8430 个要素
01:31:36 INFO    evtol_siting.data.pbf        water               2252 个要素
01:31:36 INFO    evtol_siting.data.pbf        airports            1364 个要素
01:31:36 INFO    evtol_siting.data.pbf      PBF 解析完成（扫描 921830 个候选要素，输出 6 个图层）
01:31:36 INFO    evtol_siting.data.rasters  建筑高度栅格已存在: evtol_siting\data\raw\height\chengdu_building_height_10m.tif
01:31:39 INFO    evtol_siting.data.heights  高度栅格提供了 49162 栋建筑的高度（覆盖 70.6%）
01:31:39 INFO    evtol_siting.data.heights  分位数回归填补了 14650 栋建筑的高度（中位数 18.6 m）
01:31:39 INFO    evtol_siting.data.heights  高度融合结果（共 69675 栋）:
    raster_height     70.6%
    imputed           21.0%
    osm_levels         7.3%
    osm_height         1.1%
01:31:39 INFO    evtol_siting.data.heights      有标签覆盖率: 8.4% -> 融合后覆盖率: 100.0%
01:31:39 INFO    evtol_siting.data.rasters  人口栅格已存在: evtol_siting\data\raw\population\chengdu_population_100m.tif
01:31:39 INFO    evtol_siting.data.rasters  收入策略 = poi_index：经济活动指数将在阶段二由 OSM POI 构成计算（见 stage2_demand.build_poi_economic_index）
01:31:39 INFO    evtol_siting.data.rasters  DEM 已存在: evtol_siting\data\raw\dem\chengdu_dem_30m.tif
01:31:44 INFO    evtol_siting.data.rasters  坡度栅格已生成: evtol_siting\data\interim\slope.tif
01:31:45 INFO    evtol_siting.geo           栅格化完成: 单元边长 500 m, 单元数 2519, 覆盖 629.8 km²
01:31:45 INFO    evtol_siting.stage1_candidates 屋顶型筛选: 1430 / 69675 栋建筑满足 h>=20m 且 A_roof>=1600m² (2.05%)
01:31:45 INFO    evtol_siting.stage1_candidates   排除 用地类型: 30 个单元（1.2%）
01:31:45 INFO    evtol_siting.stage1_candidates   排除 水域: 55 个单元（2.2%）
01:31:45 INFO    evtol_siting.stage1_candidates   建筑覆盖率判据 (max=0.55): 剔除 4 个单元（保留 2430）；覆盖率中位数 0.05
01:31:45 INFO    evtol_siting.stage1_candidates 坡度判据: 2430 / 2430 单元满足 slope<=15° (剔除 0)
01:31:45 INFO    evtol_siting.stage1_candidates 地面型筛选: 2430 个候选（用地排除 -89，坡度排除后）
01:31:45 INFO    evtol_siting.stage1_candidates 地面型候选已按路网可达性重新评分（中位距离 91 m）
01:31:45 INFO    evtol_siting.stage1_candidates 已为 1430 个缺少 cell_id 的候选（屋顶型）补齐所属栅格单元（补齐后 3770/3860 有 cell_id）
01:31:45 INFO    evtol_siting.stage1_candidates   90 个候选落在栅格之外，改用坐标分桶作为 cell_id
01:31:45 INFO    evtol_siting.stage1_candidates   运输机场净空区 (r=4000m): 剔除 1472 个候选（占 38.1%）
01:31:45 INFO    evtol_siting.stage1_candidates   既有直升机场 (r=1000m): 剔除 178 个候选（占 4.6%）
01:31:45 INFO    evtol_siting.stage1_candidates 安全排除后剩余 2344 个候选（原有 3860）
01:31:46 INFO    evtol_siting.stage1_candidates   [ground] 类别内稀释: 1581 -> 1581
01:31:46 INFO    evtol_siting.stage1_candidates   [rooftop] 类别内稀释: 693 -> 258
01:31:46 INFO    evtol_siting.stage1_candidates 密度稀释 (c_min=500m, 每栅格<=3): 2344 -> 1332 个候选 （配额 -70，类别内间距 -435，跨类别冲突 -507）；构成: {'ground': 1076, 'rooftop': 256}
01:31:46 INFO    evtol_siting.stage1_candidates 阶段一完成: 1332 个候选起降场（屋顶型 256，地面型 1076）
01:31:46 INFO    evtol_siting.pipeline      ============================================================
01:31:46 INFO    evtol_siting.pipeline      阶段二：K-means 人群分类与需求空间化
01:31:46 INFO    evtol_siting.pipeline      ============================================================
01:31:46 INFO    evtol_siting.data.dasymetric 人口栅格分辨率 80 m 细于需求格网 500 m —— 分区求和已是正确的格网人口总量，**体积重分配在此不产生作用**，直接使用分区求和。（体积权重的价值在于把人口摊到建筑上做更细的分析，需 force=True）
01:31:46 WARNING evtol_siting.data.dasymetric 退化为按分区求和（假设人口在格网内均匀分布）
01:31:52 INFO    evtol_siting.stage2_demand 人口分配方式对比（论文 Table 用）:
    method  total_population  n_nonzero_cells  mean_per_cell  std_per_cell       cv     max_cell  top1pct_share     gini
dasymetric      7.712263e+06             2517    3061.636823   2504.238782 0.817941 12360.637527       0.032418 0.458119
   uniform      7.712263e+06             2517    3061.636823   2504.238782 0.817941 12360.637527       0.032418 0.458119
01:31:52 INFO    evtol_siting.stage2_demand 人口: 合计 7712263 人，单元中位数 2567 人（来源: zonal_sum）
01:31:52 INFO    evtol_siting.stage2_demand 未提供外部收入数据，将使用 OSM POI 构成的经济活动指数作为代理（见 data/rasters.py::build_poi_economic_index 的说明与局限）
01:31:52 INFO    evtol_siting.stage2_demand POI: 研究区内 7442 个，单元密度中位数 0 个/km²
01:31:52 INFO    evtol_siting.data.rasters  POI 经济活动指数: 范围 [0.000, 5.759]，中位数 0.000（加权 POI 总数 7949）
01:31:56 INFO    evtol_siting.stage2_demand K 选择 (silhouette): K=7，得分 0.7798，各 K 得分 {3: 0.7395, 4: 0.7588, 5: 0.7733, 6: 0.7722, 7: 0.7798, 8: 0.7784}
01:31:56 INFO    evtol_siting.choice_model  收入阶梯（K=7）: 1,868  2,799  3,613  4,500  5,605  7,236  10,840
01:31:56 INFO    evtol_siting.choice_model  时间价值: 5.4  8.0  10.4  12.9  16.1  20.8  31.1 元/小时（对应月收入 1,868  2,799  3,613  4,500  5,605  7,236  10,840）
01:31:56 INFO    evtol_siting.choice_model  时间价值: 1.1  1.2  1.4  1.6  1.9  2.2  2.5  2.9  3.3  3.8  4.4  5.0  5.8  6.6  7.6  8.7  10.0  11.5  13.3  15.2  17.5  20.1  23.1  26.6 元/小时（对应月收入 377  433  498  573  658  756  869  999  1,148  1,319  1,516  1,743  2,003  2,302  2,645  3,040  3,494  4,015  4,615  5,304  6,095  7,005  8,051  9,253）
01:31:56 INFO    evtol_siting.choice_model  时间价值: 1.6  1.9  2.1  2.5  2.8  3.3  3.7  4.3  4.9  5.7  6.5  7.5  8.6  9.9  11.4  13.1  15.0  17.3  19.9  22.8  26.2  30.2  34.7  39.8 元/小时（对应月收入 565  649  746  858  986  1,133  1,302  1,496  1,720  1,976  2,271  2,610  3,000  3,448  3,963  4,554  5,234  6,015  6,913  7,945  9,131  10,494  12,061  13,861）
01:31:56 INFO    evtol_siting.choice_model  时间价值: 2.1  2.4  2.8  3.2  3.7  4.2  4.8  5.6  6.4  7.3  8.4  9.7  11.1  12.8  14.7  16.9  19.4  22.3  25.6  29.5  33.9  38.9  44.7  51.4 元/小时（对应月收入 729  838  963  1,107  1,272  1,462  1,681  1,932  2,220  2,551  2,932  3,370  3,873  4,451  5,115  5,879  6,756  7,765  8,924  10,256  11,787  13,547  15,569  17,893）
01:31:56 INFO    evtol_siting.choice_model  时间价值: 2.6  3.0  3.4  4.0  4.6  5.2  6.0  6.9  7.9  9.1  10.5  12.1  13.9  15.9  18.3  21.0  24.2  27.8  31.9  36.7  42.2  48.5  55.7  64.0 元/小时（对应月收入 909  1,044  1,200  1,379  1,585  1,822  2,094  2,406  2,765  3,178  3,652  4,198  4,824  5,544  6,372  7,323  8,416  9,673  11,116  12,776  14,683  16,875  19,394  22,289）
01:31:56 INFO    evtol_siting.choice_model  时间价值: 3.3  3.7  4.3  4.9  5.7  6.5  7.5  8.6  9.9  11.4  13.1  15.0  17.3  19.8  22.8  26.2  30.1  34.6  39.8  45.7  52.6  60.4  69.4  79.8 元/小时（对应月收入 1,132  1,301  1,495  1,718  1,974  2,269  2,608  2,997  3,445  3,959  4,550  5,229  6,009  6,906  7,937  9,122  10,484  12,049  13,847  15,914  18,290  21,020  24,158  27,764）
01:31:56 INFO    evtol_siting.choice_model  时间价值: 4.2  4.8  5.5  6.4  7.3  8.4  9.7  11.1  12.8  14.7  16.9  19.4  22.3  25.6  29.4  33.8  38.9  44.7  51.4  59.0  67.8  78.0  89.6  103.0 元/小时（对应月收入 1,461  1,679  1,930  2,218  2,549  2,929  3,366  3,869  4,446  5,110  5,873  6,750  7,757  8,915  10,246  11,775  13,533  15,553  17,875  20,543  23,610  27,134  31,185  35,840）
01:31:56 INFO    evtol_siting.choice_model  时间价值: 6.3  7.2  8.3  9.5  11.0  12.6  14.5  16.7  19.1  22.0  25.3  29.1  33.4  38.4  44.1  50.7  58.3  67.0  76.9  88.4  101.6  116.8  134.2  154.3 元/小时（对应月收入 2,189  2,515  2,891  3,322  3,818  4,388  5,043  5,796  6,661  7,655  8,798  10,111  11,621  13,355  15,349  17,640  20,273  23,300  26,778  30,775  35,369  40,648  46,716  53,690）
01:31:56 INFO    evtol_siting.choice_model  选择模型 [区域内积分（σ_within=0.4）]: 出行 15 km，地面 55 分钟 / 57 元，eVTOL 24 分钟 / 130 元，节省 31 分钟；采用概率 0.0564–0.0988（类间比 1.75）
01:31:56 INFO    evtol_siting.choice_model  各类人群采用概率:
 cluster  monthly_income_cny  vot_cny_per_h  p_evtol  demand_rate
       3              1868.0           5.37  0.05642     0.005642
       0              2799.0           8.04  0.05974     0.005974
       5              3613.0          10.38  0.06283     0.006283
       2              4500.0          12.93  0.06638     0.006638
       4              5605.0          16.11  0.07112     0.007112
       6              7236.0          20.79  0.07876     0.007876
       1             10840.0          31.15  0.09879     0.009879
01:31:56 INFO    evtol_siting.stage2_demand K-means 聚类完成: K=7，总需求 48720 次/日，总人口 7712263 人
01:31:56 INFO    evtol_siting.stage2_demand 类画像:
 cluster  n_cells   population  income_mean  poi_density_mean  trip_rate  monthly_income_cny  vot_cny_per_h  p_evtol  demand_trips_per_day k_selection
       3     1391 2.642034e+06     0.000000          0.000000   0.005642              1868.0           5.37  0.05642          14906.353102  silhouette
       0      327 9.403271e+05     1.533906          5.321101   0.005974              2799.0           8.04  0.05974           5617.513868  silhouette
       5      321 1.318767e+06     2.598605         13.059190   0.006283              3613.0          10.38  0.06283           8285.811407  silhouette
       2      260 1.389814e+06     3.361789         29.492308   0.006638              4500.0          12.93  0.06638           9225.585950  silhouette
       4      145 9.081153e+05     4.000721         55.172414   0.007112              5605.0          16.11  0.07112           6458.515785  silhouette
       6       62 4.214043e+05     4.560623         96.000000   0.007876              7236.0          20.79  0.07876           3318.980346  silhouette
       1       13 9.180217e+04     5.021334        170.461538   0.009879             10840.0          31.15  0.09879            906.913644  silhouette
01:31:57 INFO    evtol_siting.pipeline      ============================================================
01:31:57 INFO    evtol_siting.pipeline      阶段三：0-1 整数规划选址
01:31:57 INFO    evtol_siting.pipeline      ============================================================
01:31:57 INFO    evtol_siting.stage3_ip     [cost_priority] 需求单元 2519 个（核心 1008 个，阈值 分位数 0.60（>=20.0 次/日）），候选 1332 个，接驳时间预算 15.0 分钟，设施上限 20
01:31:57 INFO    evtol_siting.stage3_ip     [cost_priority] 最优解: 11 个起降场，总成本 3.48 亿元，需求覆盖率 97.1%，人口覆盖率 96.8%（耗时 0.43s）
01:31:57 INFO    evtol_siting.stage3_ip     [coverage_priority] 需求单元 2519 个（核心 1008 个，阈值 分位数 0.60（>=20.0 次/日）），候选 1332 个，接驳时间预算 15.0 分钟，设施上限 35
01:31:58 INFO    evtol_siting.stage3_ip     [coverage_priority] 最优解: 10 个起降场，总成本 5.14 亿元，需求覆盖率 96.5%，人口覆盖率 96.2%（耗时 0.43s）
01:31:58 INFO    evtol_siting.stage3_ip     阶段三完成: 2 个情景求解成功（cost_priority=Optimal, coverage_priority=Optimal）
01:31:58 INFO    evtol_siting.stage4_nsga2  问题实例: 2519 个需求单元（核心 1008），1332 个候选；接驳预算 15.0 分钟；单点最大可覆盖 307 个核心单元（占核心 30.5%）
01:31:58 INFO    evtol_siting.nsga2_core    初始种群: 100 个个体 × 1332 维，期望站点数 36（稀疏初始化）
01:32:20 WARNING evtol_siting.nsga2_core    帕累托前沿在 100 代内**没有改进**（HV 1.055e+08 -> 9.382e+07）。可能原因：(1) 初始种群已被 IP 解锚定在最优附近；(2) 修复算子过强，压制了搜索空间；(3) 目标间无实质权衡。建议检查目标值分布是否退化。
01:32:20 INFO    multirun                     第  1/10 次: 前沿 100 个解，HV=9.382e+07，最优未服务=100.2，耗时 21.8s
01:32:20 INFO    evtol_siting.nsga2_core    初始种群: 100 个个体 × 1332 维，期望站点数 36（稀疏初始化）
01:32:56 INFO    multirun                     第  2/10 次: 前沿 100 个解，HV=8.593e+07，最优未服务=124.2，耗时 35.7s
01:32:56 INFO    evtol_siting.nsga2_core    初始种群: 100 个个体 × 1332 维，期望站点数 36（稀疏初始化）
01:33:38 INFO    multirun                     第  3/10 次: 前沿 100 个解，HV=1.047e+08，最优未服务=153.7，耗时 42.8s
01:33:38 INFO    evtol_siting.nsga2_core    初始种群: 100 个个体 × 1332 维，期望站点数 36（稀疏初始化）
01:34:24 INFO    multirun                     第  4/10 次: 前沿 100 个解，HV=9.056e+07，最优未服务=170.9，耗时 45.4s
01:34:24 INFO    evtol_siting.nsga2_core    初始种群: 100 个个体 × 1332 维，期望站点数 36（稀疏初始化）
01:35:09 INFO    multirun                     第  5/10 次: 前沿 100 个解，HV=1.368e+08，最优未服务=109.6，耗时 44.7s
01:35:09 INFO    evtol_siting.nsga2_core    初始种群: 100 个个体 × 1332 维，期望站点数 36（稀疏初始化）
01:35:48 INFO    multirun                     第  6/10 次: 前沿 100 个解，HV=1.309e+08，最优未服务=112.6，耗时 39.6s
01:35:48 INFO    evtol_siting.nsga2_core    初始种群: 100 个个体 × 1332 维，期望站点数 36（稀疏初始化）
01:36:25 WARNING evtol_siting.nsga2_core    帕累托前沿在 100 代内**没有改进**（HV 1.044e+08 -> 7.046e+07）。可能原因：(1) 初始种群已被 IP 解锚定在最优附近；(2) 修复算子过强，压制了搜索空间；(3) 目标间无实质权衡。建议检查目标值分布是否退化。
01:36:25 INFO    multirun                     第  7/10 次: 前沿 100 个解，HV=7.046e+07，最优未服务=113.0，耗时 37.1s
01:36:25 INFO    evtol_siting.nsga2_core    初始种群: 100 个个体 × 1332 维，期望站点数 36（稀疏初始化）
01:37:06 WARNING evtol_siting.nsga2_core    帕累托前沿在 100 代内**没有改进**（HV 9.785e+07 -> 9.007e+07）。可能原因：(1) 初始种群已被 IP 解锚定在最优附近；(2) 修复算子过强，压制了搜索空间；(3) 目标间无实质权衡。建议检查目标值分布是否退化。
01:37:06 INFO    multirun                     第  8/10 次: 前沿 100 个解，HV=9.007e+07，最优未服务=166.1，耗时 41.1s
01:37:06 INFO    evtol_siting.nsga2_core    初始种群: 100 个个体 × 1332 维，期望站点数 36（稀疏初始化）
01:37:44 INFO    multirun                     第  9/10 次: 前沿 100 个解，HV=1.212e+08，最优未服务=162.4，耗时 37.3s
01:37:44 INFO    evtol_siting.nsga2_core    初始种群: 100 个个体 × 1332 维，期望站点数 36（稀疏初始化）
01:38:28 INFO    multirun                     第 10/10 次: 前沿 100 个解，HV=8.544e+07，最优未服务=85.4，耗时 44.5s
01:39:26 INFO    multirun                   
01:39:26 INFO    multirun                   ── 算法稳定性（10 次独立运行）──
01:39:26 INFO    multirun                      hypervolume    均值 3.1693e+17   标准差 1.0136e+16   （2.9551e+17 – 3.3179e+17）
01:39:26 INFO    multirun                      spacing        均值 0.077748     标准差 0.01751      （0.043709 – 0.10083）
01:39:26 INFO    multirun                      spread         均值 1.2214       标准差 0.081714     （1.0246 – 1.2859）
01:39:26 INFO    multirun                      igd            均值 0.14915      标准差 0.010144     （0.13643 – 0.16564）
01:39:26 INFO    multirun                      n              均值 100          标准差 0            （100 – 100）
01:39:26 INFO    multirun                      注：HV 越大越好；SP/Δ/IGD 越小越好。论文中报告为 均值 ± 标准差。
01:42:56 INFO    multirun                   
01:42:56 INFO    multirun                   ── 与 pymoo NSGA-II 交叉验证 ──
01:42:56 INFO    multirun                      自实现 HV 均值 1.4286e+19 (n=10)
01:42:56 INFO    multirun                      pymoo  HV        4.7418e+19
01:42:56 INFO    multirun                      比值 0.3013，Mann-Whitney p=6.386e-05，Cliff's δ=-1.000
01:42:56 INFO    multirun                      判读：比值接近 1 且 p>0.05 表示两者统计上无显著差异，自实现 NSGA-II 通过正确性验证。
01:42:56 INFO    multirun                   
01:42:56 INFO    multirun                   ── 单目标基线 vs NSGA-II 前沿 ──
01:42:57 INFO    evtol_siting.baselines     [set_covering] -> 10 个设施，耗时 0.6s
01:42:59 INFO    evtol_siting.baselines     [p_median_p8] p=8: 2519 个需求单元 × 25 近邻 = 61777 个分配变量
01:48:00 INFO    evtol_siting.baselines     [p_median_p8] p=8 -> 8 个设施，目标 218614.2，耗时 303.7s
01:48:05 WARNING evtol_siting.baselines     [p_center_p8] 未找到可行解（p=8 过小？）
02:22:37 INFO    multirun                   ============================================================================
02:22:37 INFO    multirun                    多次独立运行：10 次，pop=100，gen=100，data_mode=real
02:22:37 INFO    multirun                   ============================================================================
02:22:37 INFO    evtol_siting.pipeline      ============================================================
02:22:37 INFO    evtol_siting.pipeline      阶段一：基于 GIS 的候选起降场筛选
02:22:37 INFO    evtol_siting.pipeline      ============================================================
02:22:37 INFO    evtol_siting.pipeline      解析 PBF 提取包: sichuan-latest.osm.pbf
02:23:00 INFO    evtol_siting.data.pbf        已扫描 200000 个候选要素…
02:23:28 INFO    evtol_siting.data.pbf        已扫描 400000 个候选要素…
02:23:55 INFO    evtol_siting.data.pbf        已扫描 600000 个候选要素…
02:24:26 INFO    evtol_siting.data.pbf        已扫描 800000 个候选要素…
02:24:45 INFO    evtol_siting.data.pbf        buildings          69675 个要素
02:24:45 INFO    evtol_siting.data.pbf        poi                 8159 个要素
02:24:46 INFO    evtol_siting.data.pbf        roads              42272 个要素
02:24:46 INFO    evtol_siting.data.pbf        landuse             8430 个要素
02:24:46 INFO    evtol_siting.data.pbf        water               2252 个要素
02:24:46 INFO    evtol_siting.data.pbf        airports            1364 个要素
02:24:46 INFO    evtol_siting.data.pbf      PBF 解析完成（扫描 921830 个候选要素，输出 6 个图层）
02:24:46 INFO    evtol_siting.data.rasters  建筑高度栅格已存在: evtol_siting\data\raw\height\chengdu_building_height_10m.tif
02:24:53 INFO    evtol_siting.data.heights  高度栅格提供了 49162 栋建筑的高度（覆盖 70.6%）
02:24:53 INFO    evtol_siting.data.heights  分位数回归填补了 14650 栋建筑的高度（中位数 18.6 m）
02:24:53 INFO    evtol_siting.data.heights  高度融合结果（共 69675 栋）:
    raster_height     70.6%
    imputed           21.0%
    osm_levels         7.3%
    osm_height         1.1%
02:24:53 INFO    evtol_siting.data.heights      有标签覆盖率: 8.4% -> 融合后覆盖率: 100.0%
02:24:54 INFO    evtol_siting.data.rasters  人口栅格已存在: evtol_siting\data\raw\population\chengdu_population_100m.tif
02:24:54 INFO    evtol_siting.data.rasters  收入策略 = poi_index：经济活动指数将在阶段二由 OSM POI 构成计算（见 stage2_demand.build_poi_economic_index）
02:24:54 INFO    evtol_siting.data.rasters  DEM 已存在: evtol_siting\data\raw\dem\chengdu_dem_30m.tif
02:24:59 INFO    evtol_siting.data.rasters  坡度栅格已生成: evtol_siting\data\interim\slope.tif
02:24:59 INFO    evtol_siting.geo           栅格化完成: 单元边长 500 m, 单元数 2519, 覆盖 629.8 km²
02:24:59 INFO    evtol_siting.stage1_candidates 屋顶型筛选: 1430 / 69675 栋建筑满足 h>=20m 且 A_roof>=1600m² (2.05%)
02:24:59 INFO    evtol_siting.stage1_candidates   排除 用地类型: 30 个单元（1.2%）
02:24:59 INFO    evtol_siting.stage1_candidates   排除 水域: 55 个单元（2.2%）
02:24:59 INFO    evtol_siting.stage1_candidates   建筑覆盖率判据 (max=0.55): 剔除 4 个单元（保留 2430）；覆盖率中位数 0.05
02:24:59 INFO    evtol_siting.stage1_candidates 坡度判据: 2430 / 2430 单元满足 slope<=15° (剔除 0)
02:25:00 INFO    evtol_siting.stage1_candidates 地面型筛选: 2430 个候选（用地排除 -89，坡度排除后）
02:25:00 INFO    evtol_siting.stage1_candidates 地面型候选已按路网可达性重新评分（中位距离 91 m）
02:25:00 INFO    evtol_siting.stage1_candidates 已为 1430 个缺少 cell_id 的候选（屋顶型）补齐所属栅格单元（补齐后 3770/3860 有 cell_id）
02:25:00 INFO    evtol_siting.stage1_candidates   90 个候选落在栅格之外，改用坐标分桶作为 cell_id
02:25:00 INFO    evtol_siting.stage1_candidates   运输机场净空区 (r=4000m): 剔除 1472 个候选（占 38.1%）
02:25:00 INFO    evtol_siting.stage1_candidates   既有直升机场 (r=1000m): 剔除 178 个候选（占 4.6%）
02:25:00 INFO    evtol_siting.stage1_candidates 安全排除后剩余 2344 个候选（原有 3860）
02:25:00 INFO    evtol_siting.stage1_candidates   [ground] 类别内稀释: 1581 -> 1581
02:25:00 INFO    evtol_siting.stage1_candidates   [rooftop] 类别内稀释: 693 -> 258
02:25:01 INFO    evtol_siting.stage1_candidates 密度稀释 (c_min=500m, 每栅格<=3): 2344 -> 1332 个候选 （配额 -70，类别内间距 -435，跨类别冲突 -507）；构成: {'ground': 1076, 'rooftop': 256}
02:25:01 INFO    evtol_siting.stage1_candidates 阶段一完成: 1332 个候选起降场（屋顶型 256，地面型 1076）
02:25:01 INFO    evtol_siting.pipeline      ============================================================
02:25:01 INFO    evtol_siting.pipeline      阶段二：K-means 人群分类与需求空间化
02:25:01 INFO    evtol_siting.pipeline      ============================================================
02:25:01 INFO    evtol_siting.data.dasymetric 人口栅格分辨率 80 m 细于需求格网 500 m —— 分区求和已是正确的格网人口总量，**体积重分配在此不产生作用**，直接使用分区求和。（体积权重的价值在于把人口摊到建筑上做更细的分析，需 force=True）
02:25:01 WARNING evtol_siting.data.dasymetric 退化为按分区求和（假设人口在格网内均匀分布）
02:25:14 INFO    evtol_siting.stage2_demand 人口分配方式对比（论文 Table 用）:
    method  total_population  n_nonzero_cells  mean_per_cell  std_per_cell       cv     max_cell  top1pct_share     gini
dasymetric      7.712263e+06             2517    3061.636823   2504.238782 0.817941 12360.637527       0.032418 0.458119
   uniform      7.712263e+06             2517    3061.636823   2504.238782 0.817941 12360.637527       0.032418 0.458119
02:25:14 INFO    evtol_siting.stage2_demand 人口: 合计 7712263 人，单元中位数 2567 人（来源: zonal_sum）
02:25:14 INFO    evtol_siting.stage2_demand 未提供外部收入数据，将使用 OSM POI 构成的经济活动指数作为代理（见 data/rasters.py::build_poi_economic_index 的说明与局限）
02:25:14 INFO    evtol_siting.stage2_demand POI: 研究区内 7442 个，单元密度中位数 0 个/km²
02:25:14 INFO    evtol_siting.data.rasters  POI 经济活动指数: 范围 [0.000, 5.759]，中位数 0.000（加权 POI 总数 7949）
02:25:21 INFO    evtol_siting.stage2_demand K 选择 (silhouette): K=7，得分 0.7798，各 K 得分 {3: 0.7395, 4: 0.7588, 5: 0.7733, 6: 0.7722, 7: 0.7798, 8: 0.7784}
02:25:21 INFO    evtol_siting.choice_model  收入阶梯（K=7）: 1,868  2,799  3,613  4,500  5,605  7,236  10,840
02:25:21 INFO    evtol_siting.choice_model  时间价值: 5.4  8.0  10.4  12.9  16.1  20.8  31.1 元/小时（对应月收入 1,868  2,799  3,613  4,500  5,605  7,236  10,840）
02:25:21 INFO    evtol_siting.choice_model  时间价值: 1.1  1.2  1.4  1.6  1.9  2.2  2.5  2.9  3.3  3.8  4.4  5.0  5.8  6.6  7.6  8.7  10.0  11.5  13.3  15.2  17.5  20.1  23.1  26.6 元/小时（对应月收入 377  433  498  573  658  756  869  999  1,148  1,319  1,516  1,743  2,003  2,302  2,645  3,040  3,494  4,015  4,615  5,304  6,095  7,005  8,051  9,253）
02:25:21 INFO    evtol_siting.choice_model  时间价值: 1.6  1.9  2.1  2.5  2.8  3.3  3.7  4.3  4.9  5.7  6.5  7.5  8.6  9.9  11.4  13.1  15.0  17.3  19.9  22.8  26.2  30.2  34.7  39.8 元/小时（对应月收入 565  649  746  858  986  1,133  1,302  1,496  1,720  1,976  2,271  2,610  3,000  3,448  3,963  4,554  5,234  6,015  6,913  7,945  9,131  10,494  12,061  13,861）
02:25:21 INFO    evtol_siting.choice_model  时间价值: 2.1  2.4  2.8  3.2  3.7  4.2  4.8  5.6  6.4  7.3  8.4  9.7  11.1  12.8  14.7  16.9  19.4  22.3  25.6  29.5  33.9  38.9  44.7  51.4 元/小时（对应月收入 729  838  963  1,107  1,272  1,462  1,681  1,932  2,220  2,551  2,932  3,370  3,873  4,451  5,115  5,879  6,756  7,765  8,924  10,256  11,787  13,547  15,569  17,893）
02:25:21 INFO    evtol_siting.choice_model  时间价值: 2.6  3.0  3.4  4.0  4.6  5.2  6.0  6.9  7.9  9.1  10.5  12.1  13.9  15.9  18.3  21.0  24.2  27.8  31.9  36.7  42.2  48.5  55.7  64.0 元/小时（对应月收入 909  1,044  1,200  1,379  1,585  1,822  2,094  2,406  2,765  3,178  3,652  4,198  4,824  5,544  6,372  7,323  8,416  9,673  11,116  12,776  14,683  16,875  19,394  22,289）
02:25:21 INFO    evtol_siting.choice_model  时间价值: 3.3  3.7  4.3  4.9  5.7  6.5  7.5  8.6  9.9  11.4  13.1  15.0  17.3  19.8  22.8  26.2  30.1  34.6  39.8  45.7  52.6  60.4  69.4  79.8 元/小时（对应月收入 1,132  1,301  1,495  1,718  1,974  2,269  2,608  2,997  3,445  3,959  4,550  5,229  6,009  6,906  7,937  9,122  10,484  12,049  13,847  15,914  18,290  21,020  24,158  27,764）
02:25:21 INFO    evtol_siting.choice_model  时间价值: 4.2  4.8  5.5  6.4  7.3  8.4  9.7  11.1  12.8  14.7  16.9  19.4  22.3  25.6  29.4  33.8  38.9  44.7  51.4  59.0  67.8  78.0  89.6  103.0 元/小时（对应月收入 1,461  1,679  1,930  2,218  2,549  2,929  3,366  3,869  4,446  5,110  5,873  6,750  7,757  8,915  10,246  11,775  13,533  15,553  17,875  20,543  23,610  27,134  31,185  35,840）
02:25:21 INFO    evtol_siting.choice_model  时间价值: 6.3  7.2  8.3  9.5  11.0  12.6  14.5  16.7  19.1  22.0  25.3  29.1  33.4  38.4  44.1  50.7  58.3  67.0  76.9  88.4  101.6  116.8  134.2  154.3 元/小时（对应月收入 2,189  2,515  2,891  3,322  3,818  4,388  5,043  5,796  6,661  7,655  8,798  10,111  11,621  13,355  15,349  17,640  20,273  23,300  26,778  30,775  35,369  40,648  46,716  53,690）
02:25:21 INFO    evtol_siting.choice_model  选择模型 [区域内积分（σ_within=0.4）]: 出行 15 km，地面 55 分钟 / 57 元，eVTOL 24 分钟 / 130 元，节省 31 分钟；采用概率 0.0564–0.0988（类间比 1.75）
02:25:21 INFO    evtol_siting.choice_model  各类人群采用概率:
 cluster  monthly_income_cny  vot_cny_per_h  p_evtol  demand_rate
       3              1868.0           5.37  0.05642     0.005642
       0              2799.0           8.04  0.05974     0.005974
       5              3613.0          10.38  0.06283     0.006283
       2              4500.0          12.93  0.06638     0.006638
       4              5605.0          16.11  0.07112     0.007112
       6              7236.0          20.79  0.07876     0.007876
       1             10840.0          31.15  0.09879     0.009879
02:25:21 INFO    evtol_siting.stage2_demand K-means 聚类完成: K=7，总需求 48720 次/日，总人口 7712263 人
02:25:21 INFO    evtol_siting.stage2_demand 类画像:
 cluster  n_cells   population  income_mean  poi_density_mean  trip_rate  monthly_income_cny  vot_cny_per_h  p_evtol  demand_trips_per_day k_selection
       3     1391 2.642034e+06     0.000000          0.000000   0.005642              1868.0           5.37  0.05642          14906.353102  silhouette
       0      327 9.403271e+05     1.533906          5.321101   0.005974              2799.0           8.04  0.05974           5617.513868  silhouette
       5      321 1.318767e+06     2.598605         13.059190   0.006283              3613.0          10.38  0.06283           8285.811407  silhouette
       2      260 1.389814e+06     3.361789         29.492308   0.006638              4500.0          12.93  0.06638           9225.585950  silhouette
       4      145 9.081153e+05     4.000721         55.172414   0.007112              5605.0          16.11  0.07112           6458.515785  silhouette
       6       62 4.214043e+05     4.560623         96.000000   0.007876              7236.0          20.79  0.07876           3318.980346  silhouette
       1       13 9.180217e+04     5.021334        170.461538   0.009879             10840.0          31.15  0.09879            906.913644  silhouette
02:25:21 INFO    evtol_siting.pipeline      ============================================================
02:25:21 INFO    evtol_siting.pipeline      阶段三：0-1 整数规划选址
02:25:21 INFO    evtol_siting.pipeline      ============================================================
02:25:21 INFO    evtol_siting.stage3_ip     [cost_priority] 需求单元 2519 个（核心 1008 个，阈值 分位数 0.60（>=20.0 次/日）），候选 1332 个，接驳时间预算 15.0 分钟，设施上限 20
02:25:22 INFO    evtol_siting.stage3_ip     [cost_priority] 最优解: 11 个起降场，总成本 3.48 亿元，需求覆盖率 97.1%，人口覆盖率 96.8%（耗时 0.61s）
02:25:22 INFO    evtol_siting.stage3_ip     [coverage_priority] 需求单元 2519 个（核心 1008 个，阈值 分位数 0.60（>=20.0 次/日）），候选 1332 个，接驳时间预算 15.0 分钟，设施上限 35
02:25:23 INFO    evtol_siting.stage3_ip     [coverage_priority] 最优解: 10 个起降场，总成本 5.14 亿元，需求覆盖率 96.5%，人口覆盖率 96.2%（耗时 0.59s）
02:25:23 INFO    evtol_siting.stage3_ip     阶段三完成: 2 个情景求解成功（cost_priority=Optimal, coverage_priority=Optimal）
02:25:23 INFO    evtol_siting.stage4_nsga2  问题实例: 2519 个需求单元（核心 1008），1332 个候选；接驳预算 15.0 分钟；单点最大可覆盖 307 个核心单元（占核心 30.5%）
02:25:23 INFO    evtol_siting.nsga2_core    初始种群: 100 个个体 × 1332 维，站点数 36（稀疏初始化，自由规模）
02:26:06 WARNING evtol_siting.nsga2_core    帕累托前沿在 100 代内**没有改进**（HV 1.055e+08 -> 9.382e+07）。可能原因：(1) 初始种群已被 IP 解锚定在最优附近；(2) 修复算子过强，压制了搜索空间；(3) 目标间无实质权衡。建议检查目标值分布是否退化。
02:26:06 INFO    multirun                     第  1/10 次: 前沿 100 个解，HV=9.382e+07，最优未服务=100.2，耗时 42.5s
02:26:06 INFO    evtol_siting.nsga2_core    初始种群: 100 个个体 × 1332 维，站点数 36（稀疏初始化，自由规模）
02:26:51 INFO    multirun                     第  2/10 次: 前沿 100 个解，HV=8.593e+07，最优未服务=124.2，耗时 45.3s
02:26:51 INFO    evtol_siting.nsga2_core    初始种群: 100 个个体 × 1332 维，站点数 36（稀疏初始化，自由规模）
02:27:33 INFO    multirun                     第  3/10 次: 前沿 100 个解，HV=1.047e+08，最优未服务=153.7，耗时 42.4s
02:27:33 INFO    evtol_siting.nsga2_core    初始种群: 100 个个体 × 1332 维，站点数 36（稀疏初始化，自由规模）
02:28:13 INFO    multirun                     第  4/10 次: 前沿 100 个解，HV=9.056e+07，最优未服务=170.9，耗时 40.2s
02:28:13 INFO    evtol_siting.nsga2_core    初始种群: 100 个个体 × 1332 维，站点数 36（稀疏初始化，自由规模）
02:28:54 INFO    multirun                     第  5/10 次: 前沿 100 个解，HV=1.368e+08，最优未服务=109.6，耗时 40.7s
02:28:54 INFO    evtol_siting.nsga2_core    初始种群: 100 个个体 × 1332 维，站点数 36（稀疏初始化，自由规模）
02:29:34 INFO    multirun                     第  6/10 次: 前沿 100 个解，HV=1.309e+08，最优未服务=112.6，耗时 40.1s
02:29:34 INFO    evtol_siting.nsga2_core    初始种群: 100 个个体 × 1332 维，站点数 36（稀疏初始化，自由规模）
02:30:16 WARNING evtol_siting.nsga2_core    帕累托前沿在 100 代内**没有改进**（HV 1.044e+08 -> 7.046e+07）。可能原因：(1) 初始种群已被 IP 解锚定在最优附近；(2) 修复算子过强，压制了搜索空间；(3) 目标间无实质权衡。建议检查目标值分布是否退化。
02:30:16 INFO    multirun                     第  7/10 次: 前沿 100 个解，HV=7.046e+07，最优未服务=113.0，耗时 41.9s
02:30:16 INFO    evtol_siting.nsga2_core    初始种群: 100 个个体 × 1332 维，站点数 36（稀疏初始化，自由规模）
02:30:55 WARNING evtol_siting.nsga2_core    帕累托前沿在 100 代内**没有改进**（HV 9.785e+07 -> 9.007e+07）。可能原因：(1) 初始种群已被 IP 解锚定在最优附近；(2) 修复算子过强，压制了搜索空间；(3) 目标间无实质权衡。建议检查目标值分布是否退化。
02:30:55 INFO    multirun                     第  8/10 次: 前沿 100 个解，HV=9.007e+07，最优未服务=166.1，耗时 39.3s
02:30:55 INFO    evtol_siting.nsga2_core    初始种群: 100 个个体 × 1332 维，站点数 36（稀疏初始化，自由规模）
02:31:34 INFO    multirun                     第  9/10 次: 前沿 100 个解，HV=1.212e+08，最优未服务=162.4，耗时 38.7s
02:31:34 INFO    evtol_siting.nsga2_core    初始种群: 100 个个体 × 1332 维，站点数 36（稀疏初始化，自由规模）
02:32:14 INFO    multirun                     第 10/10 次: 前沿 100 个解，HV=8.544e+07，最优未服务=85.4，耗时 40.2s
02:33:09 INFO    multirun                   
02:33:09 INFO    multirun                   ── 算法稳定性（10 次独立运行）──
02:33:09 INFO    multirun                      hypervolume    均值 3.1693e+17   标准差 1.0136e+16   （2.9551e+17 – 3.3179e+17）
02:33:09 INFO    multirun                      spacing        均值 0.077748     标准差 0.01751      （0.043709 – 0.10083）
02:33:09 INFO    multirun                      spread         均值 1.2214       标准差 0.081714     （1.0246 – 1.2859）
02:33:09 INFO    multirun                      igd            均值 0.14915      标准差 0.010144     （0.13643 – 0.16564）
02:33:09 INFO    multirun                      n              均值 100          标准差 0            （100 – 100）
02:33:09 INFO    multirun                      注：HV 越大越好；SP/Δ/IGD 越小越好。论文中报告为 均值 ± 标准差。
02:36:37 INFO    multirun                   
02:36:37 INFO    multirun                   ── 与 pymoo NSGA-II 交叉验证 ──
02:36:37 INFO    multirun                      自实现 HV 均值 1.4286e+19 (n=10)
02:36:37 INFO    multirun                      pymoo  HV        4.7418e+19
02:36:37 INFO    multirun                      比值 0.3013，Mann-Whitney p=6.386e-05，Cliff's δ=-1.000
02:36:37 INFO    multirun                      判读：比值接近 1 且 p>0.05 表示两者统计上无显著差异，自实现 NSGA-II 通过正确性验证。
02:36:37 INFO    multirun                   
02:36:37 INFO    multirun                   ── 单目标基线 vs NSGA-II 前沿 ──
02:36:38 INFO    evtol_siting.baselines     [set_covering] -> 10 个设施，耗时 0.5s
02:36:41 INFO    evtol_siting.baselines     [p_median_p8] p=8: 2519 个需求单元 × 25 近邻 = 61777 个分配变量
02:41:43 INFO    evtol_siting.baselines     [p_median_p8] p=8 -> 8 个设施，目标 216862.2，耗时 305.6s
02:41:48 WARNING evtol_siting.baselines     [p_center_p8] 未找到可行解（p=8 过小？）
02:42:35 INFO    evtol_siting.baselines     [max_coverage_p8] p=8 -> 8 个设施，覆盖需求 46386，耗时 46.9s
02:42:38 INFO    evtol_siting.baselines     [p_median_p12] p=12: 2519 个需求单元 × 25 近邻 = 61777 个分配变量
02:47:44 INFO    evtol_siting.baselines     [p_median_p12] p=12 -> 12 个设施，目标 256936.7，耗时 309.2s
02:47:46 INFO    evtol_siting.baselines     [p_center_p12] p=12 -> 12 个设施，最大接驳时间 13.61 分钟，耗时 2.0s
02:47:57 INFO    evtol_siting.baselines     [max_coverage_p12] p=12 -> 12 个设施，覆盖需求 48615，耗时 10.3s
02:47:59 INFO    evtol_siting.baselines     [p_median_p18] p=18: 2519 个需求单元 × 25 近邻 = 61777 个分配变量
02:53:22 INFO    evtol_siting.baselines     [p_median_p18] p=18 -> 18 个设施，目标 290725.8，耗时 326.0s
02:53:25 INFO    evtol_siting.baselines     [p_center_p18] p=18 -> 12 个设施，最大接驳时间 13.61 分钟，耗时 2.0s
02:53:27 INFO    evtol_siting.baselines     [max_coverage_p18] p=18 -> 18 个设施，覆盖需求 48720，耗时 2.5s
02:53:30 INFO    evtol_siting.baselines     [p_median_p25] p=25: 2519 个需求单元 × 25 近邻 = 61777 个分配变量
02:59:20 INFO    evtol_siting.baselines     [p_median_p25] p=25 -> 25 个设施，目标 303122.8，耗时 353.0s
02:59:22 INFO    evtol_siting.baselines     [p_center_p25] p=25 -> 12 个设施，最大接驳时间 13.61 分钟，耗时 2.0s
02:59:24 INFO    evtol_siting.baselines     [max_coverage_p25] p=25 -> 24 个设施，覆盖需求 48720，耗时 2.2s
02:59:24 INFO    evtol_siting.baselines     基线求解完成: 12/13 成功
02:59:24 INFO    multirun                           baseline  n_sites  unserved_demand  total_access_time  inequity   total_cost  n_front_dominating  dominated_by_front_pct  demand_coverage_pct  worst_group_access_time_min  equity_gini
    p_center_p12       12      1048.320402      437393.803132 11.011268 6.683545e+08                  57               22.440945            97.848261                    10.888127     0.040110
    set_covering       10      1681.946466      463958.349320 10.278133 5.141768e+08                  36               14.173228            96.547706                    10.233886     0.025566
    p_center_p18       12      1089.000721      434003.986808  9.684198 6.176481e+08                  23                9.055118            97.764762                     9.946597     0.049086
    p_center_p25       12      1089.000721      434003.986808  9.684198 6.176481e+08                  23                9.055118            97.764762                     9.946597     0.049086
 max_coverage_p8        8      2333.274300      487711.609238 10.906532 4.519011e+08                   9                3.543307            95.210817                    10.750731     0.010223
     p_median_p8        8      9801.336787      380388.193092 10.070068 3.585679e+08                   0                0.000000            79.882179                    10.040659     0.010833
    p_median_p12       12      5985.553754      396893.316280  9.638065 5.156911e+08                   0                0.000000            87.714298                     9.596716     0.008446
max_coverage_p12       12       104.598815      485082.631912 10.482511 6.119808e+08                   0                0.000000            99.785305                    10.318644     0.031815
    p_median_p18       18      1023.930449      404809.666187  8.910879 9.567595e+08                   0                0.000000            97.898322                     9.383497     0.035828
max_coverage_p18       18         0.000000      447219.659934  9.851214 9.442722e+08                   0                0.000000           100.000000                     9.619044     0.011757
    p_median_p25       25       163.123113      397571.618550  8.917760 1.331594e+09                   0                0.000000            99.665180                     8.801421     0.023503
max_coverage_p25       24         0.000000      441915.494751  9.738346 1.274610e+09                   0                0.000000           100.000000                     9.823007     0.022436
02:59:24 INFO    multirun                      判读：dominated_by_front_pct 越高，说明该单目标模型的最优解被 NSGA-II 前沿支配得越彻底——这是'多目标必要性'的直接证据。
02:59:24 INFO    multirun                   
02:59:24 INFO    multirun                   ── 加权求和对照（同一算法、同一预算，仅改选择机制）──
02:59:24 INFO    evtol_siting.nsga2_core    初始种群: 100 个个体 × 1332 维，站点数 36（稀疏初始化，自由规模）
02:59:42 WARNING evtol_siting.nsga2_core    帕累托前沿在 45 代内**没有改进**（HV 2.054e+13 -> 2.054e+13）。可能原因：(1) 初始种群已被 IP 解锚定在最优附近；(2) 修复算子过强，压制了搜索空间；(3) 目标间无实质权衡。建议检查目标值分布是否退化。
02:59:42 INFO    evtol_siting.nsga2_core    初始种群: 100 个个体 × 1332 维，站点数 36（稀疏初始化，自由规模）
03:00:02 WARNING evtol_siting.nsga2_core    帕累托前沿在 45 代内**没有改进**（HV 3.174e+14 -> 3.02e+14）。可能原因：(1) 初始种群已被 IP 解锚定在最优附近；(2) 修复算子过强，压制了搜索空间；(3) 目标间无实质权衡。建议检查目标值分布是否退化。
03:00:02 INFO    evtol_siting.nsga2_core    初始种群: 100 个个体 × 1332 维，站点数 36（稀疏初始化，自由规模）
03:00:19 WARNING evtol_siting.nsga2_core    帕累托前沿在 45 代内**没有改进**（HV 2.119e+14 -> 2.119e+14）。可能原因：(1) 初始种群已被 IP 解锚定在最优附近；(2) 修复算子过强，压制了搜索空间；(3) 目标间无实质权衡。建议检查目标值分布是否退化。
03:00:19 INFO    evtol_siting.nsga2_core    初始种群: 100 个个体 × 1332 维，站点数 36（稀疏初始化，自由规模）
03:00:36 WARNING evtol_siting.nsga2_core    帕累托前沿在 45 代内**没有改进**（HV 2.674e+14 -> 2.673e+14）。可能原因：(1) 初始种群已被 IP 解锚定在最优附近；(2) 修复算子过强，压制了搜索空间；(3) 目标间无实质权衡。建议检查目标值分布是否退化。
03:00:36 INFO    multirun                      已完成 4/16 个权重方向
03:00:36 INFO    evtol_siting.nsga2_core    初始种群: 100 个个体 × 1332 维，站点数 36（稀疏初始化，自由规模）
03:00:54 WARNING evtol_siting.nsga2_core    帕累托前沿在 45 代内**没有改进**（HV 2.977e+13 -> 2.312e+13）。可能原因：(1) 初始种群已被 IP 解锚定在最优附近；(2) 修复算子过强，压制了搜索空间；(3) 目标间无实质权衡。建议检查目标值分布是否退化。
03:00:54 INFO    evtol_siting.nsga2_core    初始种群: 100 个个体 × 1332 维，站点数 36（稀疏初始化，自由规模）
03:01:11 WARNING evtol_siting.nsga2_core    帕累托前沿在 45 代内**没有改进**（HV 5.233e+14 -> 5.233e+14）。可能原因：(1) 初始种群已被 IP 解锚定在最优附近；(2) 修复算子过强，压制了搜索空间；(3) 目标间无实质权衡。建议检查目标值分布是否退化。
03:01:11 INFO    evtol_siting.nsga2_core    初始种群: 100 个个体 × 1332 维，站点数 36（稀疏初始化，自由规模）
03:01:29 WARNING evtol_siting.nsga2_core    帕累托前沿在 45 代内**没有改进**（HV 4.893e+14 -> 4.893e+14）。可能原因：(1) 初始种群已被 IP 解锚定在最优附近；(2) 修复算子过强，压制了搜索空间；(3) 目标间无实质权衡。建议检查目标值分布是否退化。
03:01:29 INFO    evtol_siting.nsga2_core    初始种群: 100 个个体 × 1332 维，站点数 36（稀疏初始化，自由规模）
03:01:48 WARNING evtol_siting.nsga2_core    帕累托前沿在 45 代内**没有改进**（HV 1.417e+13 -> 1.417e+13）。可能原因：(1) 初始种群已被 IP 解锚定在最优附近；(2) 修复算子过强，压制了搜索空间；(3) 目标间无实质权衡。建议检查目标值分布是否退化。
03:01:48 INFO    multirun                      已完成 8/16 个权重方向
03:01:48 INFO    evtol_siting.nsga2_core    初始种群: 100 个个体 × 1332 维，站点数 36（稀疏初始化，自由规模）
03:02:06 WARNING evtol_siting.nsga2_core    帕累托前沿在 45 代内**没有改进**（HV 1.315e+15 -> 1.235e+15）。可能原因：(1) 初始种群已被 IP 解锚定在最优附近；(2) 修复算子过强，压制了搜索空间；(3) 目标间无实质权衡。建议检查目标值分布是否退化。
03:02:06 INFO    evtol_siting.nsga2_core    初始种群: 100 个个体 × 1332 维，站点数 36（稀疏初始化，自由规模）
03:02:22 WARNING evtol_siting.nsga2_core    帕累托前沿在 45 代内**没有改进**（HV 1.148e+13 -> 1.148e+13）。可能原因：(1) 初始种群已被 IP 解锚定在最优附近；(2) 修复算子过强，压制了搜索空间；(3) 目标间无实质权衡。建议检查目标值分布是否退化。
03:02:22 INFO    evtol_siting.nsga2_core    初始种群: 100 个个体 × 1332 维，站点数 36（稀疏初始化，自由规模）
03:02:40 WARNING evtol_siting.nsga2_core    帕累托前沿在 45 代内**没有改进**（HV 8.911e+13 -> 8.911e+13）。可能原因：(1) 初始种群已被 IP 解锚定在最优附近；(2) 修复算子过强，压制了搜索空间；(3) 目标间无实质权衡。建议检查目标值分布是否退化。
03:02:40 INFO    evtol_siting.nsga2_core    初始种群: 100 个个体 × 1332 维，站点数 36（稀疏初始化，自由规模）
03:02:56 WARNING evtol_siting.nsga2_core    帕累托前沿在 45 代内**没有改进**（HV 1.008e+14 -> 9.113e+13）。可能原因：(1) 初始种群已被 IP 解锚定在最优附近；(2) 修复算子过强，压制了搜索空间；(3) 目标间无实质权衡。建议检查目标值分布是否退化。
03:02:56 INFO    multirun                      已完成 12/16 个权重方向
03:02:56 INFO    evtol_siting.nsga2_core    初始种群: 100 个个体 × 1332 维，站点数 36（稀疏初始化，自由规模）
03:03:11 WARNING evtol_siting.nsga2_core    帕累托前沿在 45 代内**没有改进**（HV 268.1 -> 268.1）。可能原因：(1) 初始种群已被 IP 解锚定在最优附近；(2) 修复算子过强，压制了搜索空间；(3) 目标间无实质权衡。建议检查目标值分布是否退化。
03:03:11 INFO    evtol_siting.nsga2_core    初始种群: 100 个个体 × 1332 维，站点数 36（稀疏初始化，自由规模）
03:03:29 WARNING evtol_siting.nsga2_core    帕累托前沿在 45 代内**没有改进**（HV 1.788e+09 -> 1.751e+09）。可能原因：(1) 初始种群已被 IP 解锚定在最优附近；(2) 修复算子过强，压制了搜索空间；(3) 目标间无实质权衡。建议检查目标值分布是否退化。
03:03:29 INFO    evtol_siting.nsga2_core    初始种群: 100 个个体 × 1332 维，站点数 36（稀疏初始化，自由规模）
03:03:46 WARNING evtol_siting.nsga2_core    帕累托前沿在 45 代内**没有改进**（HV 0.8497 -> 0.8497）。可能原因：(1) 初始种群已被 IP 解锚定在最优附近；(2) 修复算子过强，压制了搜索空间；(3) 目标间无实质权衡。建议检查目标值分布是否退化。
03:03:46 INFO    evtol_siting.nsga2_core    初始种群: 100 个个体 × 1332 维，站点数 36（稀疏初始化，自由规模）
03:04:03 WARNING evtol_siting.nsga2_core    帕累托前沿在 45 代内**没有改进**（HV 3.099e+15 -> 2.572e+15）。可能原因：(1) 初始种群已被 IP 解锚定在最优附近；(2) 修复算子过强，压制了搜索空间；(3) 目标间无实质权衡。建议检查目标值分布是否退化。
03:04:03 INFO    multirun                      已完成 16/16 个权重方向
03:04:03 INFO    multirun                      结果：16 个权重方向中，69% 的解被 NSGA-II 前沿支配；平均被 2.4% 的前沿解支配
03:04:03 INFO    multirun                      判读：加权和法的解被前沿支配，说明它**无法到达帕累托前沿的非凸部分**。这正是多目标处理的必要性所在——若所有加权和解都落在前沿上，则说明问题目标间无实质权衡，多目标处理不必要。
03:04:03 INFO    multirun                   
03:04:03 INFO    multirun                   ── 公平性定义对比：人群组均值 vs 单用户最小最大 ──
03:04:03 INFO    evtol_siting.stage4_nsga2  问题实例: 2519 个需求单元（核心 1008），1332 个候选；接驳预算 15.0 分钟；单点最大可覆盖 307 个核心单元（占核心 30.5%）
03:04:03 INFO    evtol_siting.nsga2_core    初始种群: 100 个个体 × 1332 维，站点数 36（稀疏初始化，自由规模）
03:04:43 INFO    evtol_siting.stage4_nsga2  问题实例: 2519 个需求单元（核心 1008），1332 个候选；接驳预算 15.0 分钟；单点最大可覆盖 307 个核心单元（占核心 30.5%）
03:04:43 INFO    evtol_siting.nsga2_core    初始种群: 100 个个体 × 1332 维，站点数 36（稀疏初始化，自由规模）
03:05:22 INFO    multirun                                           direction  count  total  pct
group_mean 被 individual_max 支配的解数      0    100  0.0
individual_max 被 group_mean 支配的解数     33    100 33.0
03:05:22 INFO    multirun                      group_mean 前沿的公平性最优值（目标 3）: 8.9822（该目标即人群组最差可达性）
03:05:22 INFO    multirun                      individual_max 前沿的公平性最优值（目标 3，此时为单用户最大）: 15.0000
03:05:22 INFO    evtol_siting.stage4_nsga2  问题实例: 2519 个需求单元（核心 1008），1332 个候选；接驳预算 15.0 分钟；单点最大可覆盖 307 个核心单元（占核心 30.5%）
03:05:22 INFO    multirun                      注：两者的目标 3 定义不同，数值不可直接比较；上表的分支配对才是有效证据。
03:05:22 INFO    multirun                      判读：若两个方向都存在互相支配的解，说明两种公平性定义刻画的是**不同的**公平维度，'人群组公平'不是 p-中心的重复表述，新意 (A) 成立。若某一方完全支配另一方，则应如实报告后者不构成独立贡献。
03:05:22 INFO    multirun                   
03:05:22 INFO    multirun                   ── 拐点解的指标跨运行分布（论文可报告为 均值 ± 标准差）──
03:05:22 INFO    multirun                      unserved     588.3 ± 445.7
03:05:22 INFO    multirun                      total_time   4.351e+05 ± 1.485e+04
03:05:22 INFO    multirun                      inequity     9.552 ± 0.6089
03:05:22 INFO    multirun                      cost         7.441e+08 ± 1.803e+08
03:05:22 INFO    multirun                   
03:05:22 INFO    multirun                   ============================================================================
03:05:22 INFO    multirun                    完成。输出目录: evtol_siting\outputs\tables
03:05:22 INFO    multirun                    文件: multirun_runs.csv / multirun_metrics.csv / baseline_vs_front.csv / weighted_sum_vs_front.csv / multirun_knee.csv / pymoo_validation.json
03:05:22 INFO    multirun                   ============================================================================
17:34:53 INFO    multirun                   ============================================================================
17:34:53 INFO    multirun                    多次独立运行：10 次，pop=100，gen=100，data_mode=real
17:34:53 INFO    multirun                   ============================================================================
17:34:53 INFO    evtol_siting.pipeline      ============================================================
17:34:53 INFO    evtol_siting.pipeline      阶段一：基于 GIS 的候选起降场筛选
17:34:53 INFO    evtol_siting.pipeline      ============================================================
17:34:53 INFO    evtol_siting.pipeline      解析 PBF 提取包: sichuan-latest.osm.pbf
17:35:02 INFO    evtol_siting.data.pbf        已扫描 200000 个候选要素…
17:35:13 INFO    evtol_siting.data.pbf        已扫描 400000 个候选要素…
17:35:25 INFO    evtol_siting.data.pbf        已扫描 600000 个候选要素…
17:35:34 INFO    evtol_siting.data.pbf        已扫描 800000 个候选要素…
17:35:41 INFO    evtol_siting.data.pbf        buildings          69675 个要素
17:35:41 INFO    evtol_siting.data.pbf        poi                 8159 个要素
17:35:41 INFO    evtol_siting.data.pbf        roads              42272 个要素
17:35:41 INFO    evtol_siting.data.pbf        landuse             8430 个要素
17:35:41 INFO    evtol_siting.data.pbf        water               2252 个要素
17:35:41 INFO    evtol_siting.data.pbf        airports            1364 个要素
17:35:41 INFO    evtol_siting.data.pbf      PBF 解析完成（扫描 921830 个候选要素，输出 6 个图层）
17:35:41 INFO    evtol_siting.data.rasters  建筑高度栅格已存在: evtol_siting\data\raw\height\chengdu_building_height_10m.tif
17:35:44 INFO    evtol_siting.data.heights  高度栅格提供了 49162 栋建筑的高度（覆盖 70.6%）
17:35:44 INFO    evtol_siting.data.heights  分位数回归填补了 14650 栋建筑的高度（中位数 18.6 m）
17:35:44 INFO    evtol_siting.data.heights  高度融合结果（共 69675 栋）:
    raster_height     70.6%
    imputed           21.0%
    osm_levels         7.3%
    osm_height         1.1%
17:35:44 INFO    evtol_siting.data.heights      有标签覆盖率: 8.4% -> 融合后覆盖率: 100.0%
17:35:44 INFO    evtol_siting.data.rasters  人口栅格已存在: evtol_siting\data\raw\population\chengdu_population_100m.tif
17:35:44 INFO    evtol_siting.data.rasters  收入策略 = poi_index：经济活动指数将在阶段二由 OSM POI 构成计算（见 stage2_demand.build_poi_economic_index）
17:35:44 INFO    evtol_siting.data.rasters  DEM 已存在: evtol_siting\data\raw\dem\chengdu_dem_30m.tif
17:35:47 INFO    evtol_siting.data.rasters  坡度栅格已生成: evtol_siting\data\interim\slope.tif
17:35:47 INFO    evtol_siting.geo           栅格化完成: 单元边长 500 m, 单元数 2519, 覆盖 629.8 km²
17:35:47 INFO    evtol_siting.stage1_candidates 屋顶型筛选: 1430 / 69675 栋建筑满足 h>=20m 且 A_roof>=1600m² (2.05%)
17:35:47 INFO    evtol_siting.stage1_candidates   排除 用地类型: 30 个单元（1.2%）
17:35:47 INFO    evtol_siting.stage1_candidates   排除 水域: 55 个单元（2.2%）
17:35:47 INFO    evtol_siting.stage1_candidates   建筑覆盖率判据 (max=0.55): 剔除 4 个单元（保留 2430）；覆盖率中位数 0.05
17:35:47 INFO    evtol_siting.stage1_candidates 坡度判据: 2430 / 2430 单元满足 slope<=15° (剔除 0)
17:35:47 INFO    evtol_siting.stage1_candidates 地面型筛选: 2430 个候选（用地排除 -89，坡度排除后）
17:35:47 INFO    evtol_siting.stage1_candidates 地面型候选已按路网可达性重新评分（中位距离 91 m）
17:35:47 INFO    evtol_siting.stage1_candidates 已为 1430 个缺少 cell_id 的候选（屋顶型）补齐所属栅格单元（补齐后 3770/3860 有 cell_id）
17:35:47 INFO    evtol_siting.stage1_candidates   90 个候选落在栅格之外，改用坐标分桶作为 cell_id
17:35:47 INFO    evtol_siting.stage1_candidates   运输机场净空区 (r=4000m): 剔除 1472 个候选（占 38.1%）
17:35:47 INFO    evtol_siting.stage1_candidates   既有直升机场 (r=1000m): 剔除 178 个候选（占 4.6%）
17:35:47 INFO    evtol_siting.stage1_candidates 安全排除后剩余 2344 个候选（原有 3860）
17:35:48 INFO    evtol_siting.stage1_candidates   [ground] 类别内稀释: 1581 -> 1581
17:35:48 INFO    evtol_siting.stage1_candidates   [rooftop] 类别内稀释: 693 -> 258
17:35:48 INFO    evtol_siting.stage1_candidates 密度稀释 (c_min=500m, 每栅格<=3): 2344 -> 1332 个候选 （配额 -70，类别内间距 -435，跨类别冲突 -507）；构成: {'ground': 1076, 'rooftop': 256}
17:35:48 INFO    evtol_siting.stage1_candidates 阶段一完成: 1332 个候选起降场（屋顶型 256，地面型 1076）
17:35:48 INFO    evtol_siting.pipeline      ============================================================
17:35:48 INFO    evtol_siting.pipeline      阶段二：K-means 人群分类与需求空间化
17:35:48 INFO    evtol_siting.pipeline      ============================================================
17:35:48 INFO    evtol_siting.data.dasymetric 人口栅格分辨率 80 m 细于需求格网 500 m —— 分区求和已是正确的格网人口总量，**体积重分配在此不产生作用**，直接使用分区求和。（体积权重的价值在于把人口摊到建筑上做更细的分析，需 force=True）
17:35:48 WARNING evtol_siting.data.dasymetric 退化为按分区求和（假设人口在格网内均匀分布）
17:35:53 INFO    evtol_siting.stage2_demand 人口分配方式对比（论文 Table 用）:
    method  total_population  n_nonzero_cells  mean_per_cell  std_per_cell       cv     max_cell  top1pct_share     gini
dasymetric      7.712263e+06             2517    3061.636823   2504.238782 0.817941 12360.637527       0.032418 0.458119
   uniform      7.712263e+06             2517    3061.636823   2504.238782 0.817941 12360.637527       0.032418 0.458119
17:35:53 INFO    evtol_siting.stage2_demand 人口: 合计 7712263 人，单元中位数 2567 人（来源: zonal_sum）
17:35:53 INFO    evtol_siting.stage2_demand 未提供外部收入数据，将使用 OSM POI 构成的经济活动指数作为代理（见 data/rasters.py::build_poi_economic_index 的说明与局限）
17:35:53 INFO    evtol_siting.stage2_demand POI: 研究区内 7442 个，单元密度中位数 0 个/km²
17:35:53 INFO    evtol_siting.data.rasters  POI 经济活动指数: 范围 [0.000, 5.759]，中位数 0.000（加权 POI 总数 7949）
17:35:58 INFO    evtol_siting.stage2_demand K 选择 (silhouette): K=7，得分 0.7798，各 K 得分 {3: 0.7395, 4: 0.7588, 5: 0.7733, 6: 0.7722, 7: 0.7798, 8: 0.7784}
17:35:58 INFO    evtol_siting.choice_model  收入阶梯（K=7）: 1,868  2,799  3,613  4,500  5,605  7,236  10,840
17:35:58 INFO    evtol_siting.choice_model  时间价值: 5.4  8.0  10.4  12.9  16.1  20.8  31.1 元/小时（对应月收入 1,868  2,799  3,613  4,500  5,605  7,236  10,840）
17:35:58 INFO    evtol_siting.choice_model  时间价值: 1.1  1.2  1.4  1.6  1.9  2.2  2.5  2.9  3.3  3.8  4.4  5.0  5.8  6.6  7.6  8.7  10.0  11.5  13.3  15.2  17.5  20.1  23.1  26.6 元/小时（对应月收入 377  433  498  573  658  756  869  999  1,148  1,319  1,516  1,743  2,003  2,302  2,645  3,040  3,494  4,015  4,615  5,304  6,095  7,005  8,051  9,253）
17:35:58 INFO    evtol_siting.choice_model  时间价值: 1.6  1.9  2.1  2.5  2.8  3.3  3.7  4.3  4.9  5.7  6.5  7.5  8.6  9.9  11.4  13.1  15.0  17.3  19.9  22.8  26.2  30.2  34.7  39.8 元/小时（对应月收入 565  649  746  858  986  1,133  1,302  1,496  1,720  1,976  2,271  2,610  3,000  3,448  3,963  4,554  5,234  6,015  6,913  7,945  9,131  10,494  12,061  13,861）
17:35:58 INFO    evtol_siting.choice_model  时间价值: 2.1  2.4  2.8  3.2  3.7  4.2  4.8  5.6  6.4  7.3  8.4  9.7  11.1  12.8  14.7  16.9  19.4  22.3  25.6  29.5  33.9  38.9  44.7  51.4 元/小时（对应月收入 729  838  963  1,107  1,272  1,462  1,681  1,932  2,220  2,551  2,932  3,370  3,873  4,451  5,115  5,879  6,756  7,765  8,924  10,256  11,787  13,547  15,569  17,893）
17:35:58 INFO    evtol_siting.choice_model  时间价值: 2.6  3.0  3.4  4.0  4.6  5.2  6.0  6.9  7.9  9.1  10.5  12.1  13.9  15.9  18.3  21.0  24.2  27.8  31.9  36.7  42.2  48.5  55.7  64.0 元/小时（对应月收入 909  1,044  1,200  1,379  1,585  1,822  2,094  2,406  2,765  3,178  3,652  4,198  4,824  5,544  6,372  7,323  8,416  9,673  11,116  12,776  14,683  16,875  19,394  22,289）
17:35:58 INFO    evtol_siting.choice_model  时间价值: 3.3  3.7  4.3  4.9  5.7  6.5  7.5  8.6  9.9  11.4  13.1  15.0  17.3  19.8  22.8  26.2  30.1  34.6  39.8  45.7  52.6  60.4  69.4  79.8 元/小时（对应月收入 1,132  1,301  1,495  1,718  1,974  2,269  2,608  2,997  3,445  3,959  4,550  5,229  6,009  6,906  7,937  9,122  10,484  12,049  13,847  15,914  18,290  21,020  24,158  27,764）
17:35:58 INFO    evtol_siting.choice_model  时间价值: 4.2  4.8  5.5  6.4  7.3  8.4  9.7  11.1  12.8  14.7  16.9  19.4  22.3  25.6  29.4  33.8  38.9  44.7  51.4  59.0  67.8  78.0  89.6  103.0 元/小时（对应月收入 1,461  1,679  1,930  2,218  2,549  2,929  3,366  3,869  4,446  5,110  5,873  6,750  7,757  8,915  10,246  11,775  13,533  15,553  17,875  20,543  23,610  27,134  31,185  35,840）
17:35:58 INFO    evtol_siting.choice_model  时间价值: 6.3  7.2  8.3  9.5  11.0  12.6  14.5  16.7  19.1  22.0  25.3  29.1  33.4  38.4  44.1  50.7  58.3  67.0  76.9  88.4  101.6  116.8  134.2  154.3 元/小时（对应月收入 2,189  2,515  2,891  3,322  3,818  4,388  5,043  5,796  6,661  7,655  8,798  10,111  11,621  13,355  15,349  17,640  20,273  23,300  26,778  30,775  35,369  40,648  46,716  53,690）
17:35:58 INFO    evtol_siting.choice_model  选择模型 [区域内积分（σ_within=0.4）]: 出行 15 km，地面 55 分钟 / 57 元，eVTOL 24 分钟 / 130 元，节省 31 分钟；采用概率 0.0564–0.0988（类间比 1.75）
17:35:58 INFO    evtol_siting.choice_model  各类人群采用概率:
 cluster  monthly_income_cny  vot_cny_per_h  p_evtol  demand_rate
       3              1868.0           5.37  0.05642     0.005642
       0              2799.0           8.04  0.05974     0.005974
       5              3613.0          10.38  0.06283     0.006283
       2              4500.0          12.93  0.06638     0.006638
       4              5605.0          16.11  0.07112     0.007112
       6              7236.0          20.79  0.07876     0.007876
       1             10840.0          31.15  0.09879     0.009879
17:35:58 INFO    evtol_siting.stage2_demand K-means 聚类完成: K=7，总需求 48720 次/日，总人口 7712263 人
17:35:58 INFO    evtol_siting.stage2_demand 类画像:
 cluster  n_cells   population  income_mean  poi_density_mean  trip_rate  monthly_income_cny  vot_cny_per_h  p_evtol  demand_trips_per_day k_selection
       3     1391 2.642034e+06     0.000000          0.000000   0.005642              1868.0           5.37  0.05642          14906.353102  silhouette
       0      327 9.403271e+05     1.533906          5.321101   0.005974              2799.0           8.04  0.05974           5617.513868  silhouette
       5      321 1.318767e+06     2.598605         13.059190   0.006283              3613.0          10.38  0.06283           8285.811407  silhouette
       2      260 1.389814e+06     3.361789         29.492308   0.006638              4500.0          12.93  0.06638           9225.585950  silhouette
       4      145 9.081153e+05     4.000721         55.172414   0.007112              5605.0          16.11  0.07112           6458.515785  silhouette
       6       62 4.214043e+05     4.560623         96.000000   0.007876              7236.0          20.79  0.07876           3318.980346  silhouette
       1       13 9.180217e+04     5.021334        170.461538   0.009879             10840.0          31.15  0.09879            906.913644  silhouette
17:35:58 INFO    evtol_siting.pipeline      ============================================================
17:35:58 INFO    evtol_siting.pipeline      阶段三：0-1 整数规划选址
17:35:58 INFO    evtol_siting.pipeline      ============================================================
17:35:58 INFO    evtol_siting.stage3_ip     [cost_priority] 需求单元 2519 个（核心 1008 个，阈值 分位数 0.60（>=20.0 次/日）），候选 1332 个，接驳时间预算 15.0 分钟，设施上限 20
17:35:59 INFO    evtol_siting.stage3_ip     [cost_priority] 最优解: 11 个起降场，总成本 3.48 亿元，需求覆盖率 97.1%，人口覆盖率 96.8%（耗时 0.41s）
17:35:59 INFO    evtol_siting.stage3_ip     [coverage_priority] 需求单元 2519 个（核心 1008 个，阈值 分位数 0.60（>=20.0 次/日）），候选 1332 个，接驳时间预算 15.0 分钟，设施上限 35
17:35:59 INFO    evtol_siting.stage3_ip     [coverage_priority] 最优解: 10 个起降场，总成本 5.14 亿元，需求覆盖率 96.5%，人口覆盖率 96.2%（耗时 0.40s）
17:35:59 INFO    evtol_siting.stage3_ip     阶段三完成: 2 个情景求解成功（cost_priority=Optimal, coverage_priority=Optimal）
17:35:59 INFO    evtol_siting.stage4_nsga2  问题实例: 2519 个需求单元（核心 1008），1332 个候选；接驳预算 15.0 分钟；单点最大可覆盖 307 个核心单元（占核心 30.5%）
17:35:59 INFO    evtol_siting.nsga2_core    初始种群: 100 个个体 × 1332 维，站点数 区间 (12, 400)（区间初始化，自由规模）
17:36:19 INFO    multirun                     第  1/10 次: 前沿 100 个解，HV=2.067e+08，最优未服务=0.0，耗时 19.9s
17:36:19 INFO    evtol_siting.nsga2_core    初始种群: 100 个个体 × 1332 维，站点数 区间 (12, 400)（区间初始化，自由规模）
17:36:38 WARNING evtol_siting.nsga2_core    帕累托前沿在 100 代内**没有改进**（HV 2.691e+08 -> 2.691e+08）。可能原因：(1) 初始种群已被 IP 解锚定在最优附近；(2) 修复算子过强，压制了搜索空间；(3) 目标间无实质权衡。建议检查目标值分布是否退化。
17:36:38 INFO    multirun                     第  2/10 次: 前沿 100 个解，HV=2.691e+08，最优未服务=0.0，耗时 18.9s
17:36:38 INFO    evtol_siting.nsga2_core    初始种群: 100 个个体 × 1332 维，站点数 区间 (12, 400)（区间初始化，自由规模）
17:36:58 INFO    multirun                     第  3/10 次: 前沿 100 个解，HV=3.286e+08，最优未服务=0.0，耗时 19.9s
17:36:58 INFO    evtol_siting.nsga2_core    初始种群: 100 个个体 × 1332 维，站点数 区间 (12, 400)（区间初始化，自由规模）
17:37:17 INFO    multirun                     第  4/10 次: 前沿 100 个解，HV=2.601e+08，最优未服务=11.6，耗时 18.7s
17:37:17 INFO    evtol_siting.nsga2_core    初始种群: 100 个个体 × 1332 维，站点数 区间 (12, 400)（区间初始化，自由规模）
17:37:35 WARNING evtol_siting.nsga2_core    帕累托前沿在 100 代内**没有改进**（HV 2.717e+08 -> 2.717e+08）。可能原因：(1) 初始种群已被 IP 解锚定在最优附近；(2) 修复算子过强，压制了搜索空间；(3) 目标间无实质权衡。建议检查目标值分布是否退化。
17:37:35 INFO    multirun                     第  5/10 次: 前沿 100 个解，HV=2.717e+08，最优未服务=0.0，耗时 18.5s
17:37:35 INFO    evtol_siting.nsga2_core    初始种群: 100 个个体 × 1332 维，站点数 区间 (12, 400)（区间初始化，自由规模）
17:37:53 WARNING evtol_siting.nsga2_core    帕累托前沿在 100 代内**没有改进**（HV 1.628e+08 -> 1.628e+08）。可能原因：(1) 初始种群已被 IP 解锚定在最优附近；(2) 修复算子过强，压制了搜索空间；(3) 目标间无实质权衡。建议检查目标值分布是否退化。
17:37:53 INFO    multirun                     第  6/10 次: 前沿 100 个解，HV=1.628e+08，最优未服务=0.0，耗时 18.1s
17:37:53 INFO    evtol_siting.nsga2_core    初始种群: 100 个个体 × 1332 维，站点数 区间 (12, 400)（区间初始化，自由规模）
17:38:14 INFO    multirun                     第  7/10 次: 前沿 100 个解，HV=2.794e+08，最优未服务=5.3，耗时 21.2s
17:38:14 INFO    evtol_siting.nsga2_core    初始种群: 100 个个体 × 1332 维，站点数 区间 (12, 400)（区间初始化，自由规模）
17:38:34 INFO    multirun                     第  8/10 次: 前沿 100 个解，HV=3.091e+08，最优未服务=5.3，耗时 19.7s
17:38:34 INFO    evtol_siting.nsga2_core    初始种群: 100 个个体 × 1332 维，站点数 区间 (12, 400)（区间初始化，自由规模）
17:38:55 INFO    multirun                     第  9/10 次: 前沿 100 个解，HV=3.292e+08，最优未服务=0.0，耗时 20.5s
17:38:55 INFO    evtol_siting.nsga2_core    初始种群: 100 个个体 × 1332 维，站点数 区间 (12, 400)（区间初始化，自由规模）
17:39:14 WARNING evtol_siting.nsga2_core    帕累托前沿在 100 代内**没有改进**（HV 3.213e+08 -> 3.213e+08）。可能原因：(1) 初始种群已被 IP 解锚定在最优附近；(2) 修复算子过强，压制了搜索空间；(3) 目标间无实质权衡。建议检查目标值分布是否退化。
17:39:14 INFO    multirun                     第 10/10 次: 前沿 100 个解，HV=3.213e+08，最优未服务=0.0，耗时 19.0s
17:39:42 INFO    multirun                   
17:39:42 INFO    multirun                   ── 算法稳定性（10 次独立运行）──
17:39:42 INFO    multirun                      hypervolume    均值 5.2856e+19   标准差 7.1608e+17   （5.164e+19 – 5.4357e+19）
17:39:42 INFO    multirun                      spacing        均值 0.052301     标准差 0.008095     （0.037401 – 0.06453）
17:39:42 INFO    multirun                      spread         均值 0.96276      标准差 0.054969     （0.86688 – 1.0111）
17:39:42 INFO    multirun                      igd            均值 0.06451      标准差 0.0030978    （0.060648 – 0.06869）
17:39:42 INFO    multirun                      n              均值 100          标准差 0            （100 – 100）
17:39:42 INFO    multirun                      注：HV 越大越好；SP/Δ/IGD 越小越好。论文中报告为 均值 ± 标准差。
17:41:20 INFO    multirun                   
17:41:20 INFO    multirun                   ── 与 pymoo NSGA-II 交叉验证 ──
17:41:20 INFO    multirun                      自实现 HV 均值 9.3979e+19 (n=10)
17:41:20 INFO    multirun                      pymoo  HV        5.8961e+19
17:41:20 INFO    multirun                      比值 1.5939，Mann-Whitney p=6.386e-05，Cliff's δ=+1.000
17:41:20 INFO    multirun                      判读：比值接近 1 且 p>0.05 表示两者统计上无显著差异，自实现 NSGA-II 通过正确性验证。
17:41:20 INFO    multirun                   
17:41:20 INFO    multirun                   ── 单目标基线 vs NSGA-II 前沿 ──
17:41:21 INFO    evtol_siting.baselines     [set_covering] -> 10 个设施，耗时 0.4s
17:41:22 INFO    evtol_siting.baselines     [p_median_p8] p=8: 2519 个需求单元 × 25 近邻 = 61777 个分配变量
17:44:03 INFO    evtol_siting.baselines     [p_median_p8] p=8 -> 8 个设施，目标 216848.2，耗时 162.0s
17:44:05 WARNING evtol_siting.baselines     [p_center_p8] 未找到可行解（p=8 过小？）
17:44:32 INFO    evtol_siting.baselines     [max_coverage_p8] p=8 -> 8 个设施，覆盖需求 46386，耗时 26.6s
17:44:33 INFO    evtol_siting.baselines     [p_median_p12] p=12: 2519 个需求单元 × 25 近邻 = 61777 个分配变量
17:49:39 INFO    evtol_siting.baselines     [p_median_p12] p=12 -> 12 个设施，目标 256936.7，耗时 307.2s
17:49:41 INFO    evtol_siting.baselines     [p_center_p12] p=12 -> 12 个设施，最大接驳时间 13.61 分钟，耗时 1.9s
17:49:52 INFO    evtol_siting.baselines     [max_coverage_p12] p=12 -> 12 个设施，覆盖需求 48615，耗时 10.6s
17:49:54 INFO    evtol_siting.baselines     [p_median_p18] p=18: 2519 个需求单元 × 25 近邻 = 61777 个分配变量
17:55:08 INFO    evtol_siting.baselines     [p_median_p18] p=18 -> 18 个设施，目标 290725.8，耗时 316.9s
17:55:10 INFO    evtol_siting.baselines     [p_center_p18] p=18 -> 12 个设施，最大接驳时间 13.61 分钟，耗时 1.9s
17:55:13 INFO    evtol_siting.baselines     [max_coverage_p18] p=18 -> 18 个设施，覆盖需求 48720，耗时 2.4s
17:55:16 INFO    evtol_siting.baselines     [p_median_p25] p=25: 2519 个需求单元 × 25 近邻 = 61777 个分配变量
18:00:27 INFO    evtol_siting.baselines     [p_median_p25] p=25 -> 25 个设施，目标 303122.8，耗时 314.4s
18:00:29 INFO    evtol_siting.baselines     [p_center_p25] p=25 -> 12 个设施，最大接驳时间 13.61 分钟，耗时 1.4s
18:00:30 INFO    evtol_siting.baselines     [max_coverage_p25] p=25 -> 24 个设施，覆盖需求 48720，耗时 1.7s
18:00:30 INFO    evtol_siting.baselines     基线求解完成: 12/13 成功
18:00:30 INFO    multirun                           baseline  n_sites  unserved_demand  total_access_time  inequity   total_cost  n_front_dominating  dominated_by_front_pct  demand_coverage_pct  worst_group_access_time_min  equity_gini
    p_center_p12       12      1048.320402      437393.803132 11.011268 6.683545e+08                  31               10.130719            97.848261                    10.888127     0.040110
    p_center_p18       12      1089.000721      434003.986808  9.684198 6.176481e+08                  14                4.575163            97.764762                     9.946597     0.049086
    p_center_p25       12      1089.000721      434003.986808  9.684198 6.176481e+08                  14                4.575163            97.764762                     9.946597     0.049086
    set_covering       10      1681.946466      463958.349320 10.278133 5.141768e+08                   7                2.287582            96.547706                    10.233886     0.025566
     p_median_p8        8      9801.336787      380388.193092 10.070068 3.585679e+08                   0                0.000000            79.882179                    10.040659     0.010833
 max_coverage_p8        8      2333.274300      487711.609238 10.906532 4.519011e+08                   0                0.000000            95.210817                    10.750731     0.010223
    p_median_p12       12      5985.553754      396893.316280  9.638065 5.156911e+08                   0                0.000000            87.714298                     9.596716     0.008446
max_coverage_p12       12       104.598815      485082.631912 10.482511 6.119808e+08                   0                0.000000            99.785305                    10.318644     0.031815
    p_median_p18       18      1023.930449      404809.666187  8.910879 9.567595e+08                   0                0.000000            97.898322                     9.383497     0.035828
max_coverage_p18       18         0.000000      447219.659934  9.851214 9.442722e+08                   0                0.000000           100.000000                     9.619044     0.011757
    p_median_p25       25       163.123113      397571.618550  8.917760 1.331594e+09                   0                0.000000            99.665180                     8.801421     0.023503
max_coverage_p25       24         0.000000      441915.494751  9.738346 1.274610e+09                   0                0.000000           100.000000                     9.823007     0.022436
18:00:30 INFO    multirun                      判读：dominated_by_front_pct 越高，说明该单目标模型的最优解被 NSGA-II 前沿支配得越彻底——这是'多目标必要性'的直接证据。
18:00:30 INFO    multirun                   
18:00:30 INFO    multirun                   ── 加权求和对照（同一算法、同一预算，仅改选择机制）──
18:00:30 INFO    evtol_siting.nsga2_core    初始种群: 100 个个体 × 1332 维，站点数 区间 (12, 400)（区间初始化，自由规模）
18:00:38 WARNING evtol_siting.nsga2_core    帕累托前沿在 61 代内**没有改进**（HV 2.688e+13 -> 2.423e+13）。可能原因：(1) 初始种群已被 IP 解锚定在最优附近；(2) 修复算子过强，压制了搜索空间；(3) 目标间无实质权衡。建议检查目标值分布是否退化。
18:00:38 INFO    evtol_siting.nsga2_core    初始种群: 100 个个体 × 1332 维，站点数 区间 (12, 400)（区间初始化，自由规模）
18:00:44 WARNING evtol_siting.nsga2_core    帕累托前沿在 61 代内**没有改进**（HV 3.401e+14 -> 3.401e+14）。可能原因：(1) 初始种群已被 IP 解锚定在最优附近；(2) 修复算子过强，压制了搜索空间；(3) 目标间无实质权衡。建议检查目标值分布是否退化。
18:00:44 INFO    evtol_siting.nsga2_core    初始种群: 100 个个体 × 1332 维，站点数 区间 (12, 400)（区间初始化，自由规模）
18:00:50 WARNING evtol_siting.nsga2_core    帕累托前沿在 61 代内**没有改进**（HV 3.032e+14 -> 2.139e+14）。可能原因：(1) 初始种群已被 IP 解锚定在最优附近；(2) 修复算子过强，压制了搜索空间；(3) 目标间无实质权衡。建议检查目标值分布是否退化。
18:00:50 INFO    evtol_siting.nsga2_core    初始种群: 100 个个体 × 1332 维，站点数 区间 (12, 400)（区间初始化，自由规模）
18:00:55 WARNING evtol_siting.nsga2_core    帕累托前沿在 61 代内**没有改进**（HV 3.351e+14 -> 3.301e+14）。可能原因：(1) 初始种群已被 IP 解锚定在最优附近；(2) 修复算子过强，压制了搜索空间；(3) 目标间无实质权衡。建议检查目标值分布是否退化。
18:00:55 INFO    multirun                      已完成 4/16 个权重方向
18:00:55 INFO    evtol_siting.nsga2_core    初始种群: 100 个个体 × 1332 维，站点数 区间 (12, 400)（区间初始化，自由规模）
18:01:01 WARNING evtol_siting.nsga2_core    帕累托前沿在 61 代内**没有改进**（HV 3.526e+13 -> 3.38e+13）。可能原因：(1) 初始种群已被 IP 解锚定在最优附近；(2) 修复算子过强，压制了搜索空间；(3) 目标间无实质权衡。建议检查目标值分布是否退化。
18:01:01 INFO    evtol_siting.nsga2_core    初始种群: 100 个个体 × 1332 维，站点数 区间 (12, 400)（区间初始化，自由规模）
18:01:08 WARNING evtol_siting.nsga2_core    帕累托前沿在 61 代内**没有改进**（HV 7.162e+14 -> 5.753e+14）。可能原因：(1) 初始种群已被 IP 解锚定在最优附近；(2) 修复算子过强，压制了搜索空间；(3) 目标间无实质权衡。建议检查目标值分布是否退化。
18:01:08 INFO    evtol_siting.nsga2_core    初始种群: 100 个个体 × 1332 维，站点数 区间 (12, 400)（区间初始化，自由规模）
18:01:14 WARNING evtol_siting.nsga2_core    帕累托前沿在 61 代内**没有改进**（HV 8.533e+14 -> 8.533e+14）。可能原因：(1) 初始种群已被 IP 解锚定在最优附近；(2) 修复算子过强，压制了搜索空间；(3) 目标间无实质权衡。建议检查目标值分布是否退化。
18:01:14 INFO    evtol_siting.nsga2_core    初始种群: 100 个个体 × 1332 维，站点数 区间 (12, 400)（区间初始化，自由规模）
18:01:20 WARNING evtol_siting.nsga2_core    帕累托前沿在 61 代内**没有改进**（HV 2.082e+13 -> 1.897e+13）。可能原因：(1) 初始种群已被 IP 解锚定在最优附近；(2) 修复算子过强，压制了搜索空间；(3) 目标间无实质权衡。建议检查目标值分布是否退化。
18:01:20 INFO    multirun                      已完成 8/16 个权重方向
18:01:20 INFO    evtol_siting.nsga2_core    初始种群: 100 个个体 × 1332 维，站点数 区间 (12, 400)（区间初始化，自由规模）
18:01:27 WARNING evtol_siting.nsga2_core    帕累托前沿在 61 代内**没有改进**（HV 1.502e+15 -> 1.358e+15）。可能原因：(1) 初始种群已被 IP 解锚定在最优附近；(2) 修复算子过强，压制了搜索空间；(3) 目标间无实质权衡。建议检查目标值分布是否退化。
18:01:27 INFO    evtol_siting.nsga2_core    初始种群: 100 个个体 × 1332 维，站点数 区间 (12, 400)（区间初始化，自由规模）
18:01:32 WARNING evtol_siting.nsga2_core    帕累托前沿在 61 代内**没有改进**（HV 1.128e+13 -> 1.128e+13）。可能原因：(1) 初始种群已被 IP 解锚定在最优附近；(2) 修复算子过强，压制了搜索空间；(3) 目标间无实质权衡。建议检查目标值分布是否退化。
18:01:32 INFO    evtol_siting.nsga2_core    初始种群: 100 个个体 × 1332 维，站点数 区间 (12, 400)（区间初始化，自由规模）
18:01:38 WARNING evtol_siting.nsga2_core    帕累托前沿在 61 代内**没有改进**（HV 1.282e+14 -> 1.147e+14）。可能原因：(1) 初始种群已被 IP 解锚定在最优附近；(2) 修复算子过强，压制了搜索空间；(3) 目标间无实质权衡。建议检查目标值分布是否退化。
18:01:38 INFO    evtol_siting.nsga2_core    初始种群: 100 个个体 × 1332 维，站点数 区间 (12, 400)（区间初始化，自由规模）
18:01:45 WARNING evtol_siting.nsga2_core    帕累托前沿在 61 代内**没有改进**（HV 1.132e+14 -> 1.01e+14）。可能原因：(1) 初始种群已被 IP 解锚定在最优附近；(2) 修复算子过强，压制了搜索空间；(3) 目标间无实质权衡。建议检查目标值分布是否退化。
18:01:45 INFO    multirun                      已完成 12/16 个权重方向
18:01:45 INFO    evtol_siting.nsga2_core    初始种群: 100 个个体 × 1332 维，站点数 区间 (12, 400)（区间初始化，自由规模）
18:02:14 WARNING evtol_siting.nsga2_core    帕累托前沿在 61 代内**没有改进**（HV 1e-18 -> 1e-18）。可能原因：(1) 初始种群已被 IP 解锚定在最优附近；(2) 修复算子过强，压制了搜索空间；(3) 目标间无实质权衡。建议检查目标值分布是否退化。
18:02:14 INFO    evtol_siting.nsga2_core    初始种群: 100 个个体 × 1332 维，站点数 区间 (12, 400)（区间初始化，自由规模）
18:02:48 WARNING evtol_siting.nsga2_core    帕累托前沿在 61 代内**没有改进**（HV 7.91e+08 -> 7.892e+08）。可能原因：(1) 初始种群已被 IP 解锚定在最优附近；(2) 修复算子过强，压制了搜索空间；(3) 目标间无实质权衡。建议检查目标值分布是否退化。
18:02:48 INFO    evtol_siting.nsga2_core    初始种群: 100 个个体 × 1332 维，站点数 区间 (12, 400)（区间初始化，自由规模）
18:03:20 WARNING evtol_siting.nsga2_core    帕累托前沿在 61 代内**没有改进**（HV 0.3627 -> 0.3626）。可能原因：(1) 初始种群已被 IP 解锚定在最优附近；(2) 修复算子过强，压制了搜索空间；(3) 目标间无实质权衡。建议检查目标值分布是否退化。
18:03:20 INFO    evtol_siting.nsga2_core    初始种群: 100 个个体 × 1332 维，站点数 区间 (12, 400)（区间初始化，自由规模）
18:03:26 WARNING evtol_siting.nsga2_core    帕累托前沿在 61 代内**没有改进**（HV 3.47e+15 -> 2.543e+15）。可能原因：(1) 初始种群已被 IP 解锚定在最优附近；(2) 修复算子过强，压制了搜索空间；(3) 目标间无实质权衡。建议检查目标值分布是否退化。
18:03:26 INFO    multirun                      已完成 16/16 个权重方向
18:03:26 INFO    multirun                      结果：16 个权重方向中，69% 的解被 NSGA-II 前沿支配；平均被 0.9% 的前沿解支配
18:03:26 INFO    multirun                      判读：加权和法的解被前沿支配，说明它**无法到达帕累托前沿的非凸部分**。这正是多目标处理的必要性所在——若所有加权和解都落在前沿上，则说明问题目标间无实质权衡，多目标处理不必要。
18:03:26 INFO    multirun                   
18:03:26 INFO    multirun                   ── 公平性定义对比：人群组均值 vs 单用户最小最大 ──
18:03:26 INFO    evtol_siting.stage4_nsga2  问题实例: 2519 个需求单元（核心 1008），1332 个候选；接驳预算 15.0 分钟；单点最大可覆盖 307 个核心单元（占核心 30.5%）
18:03:26 INFO    evtol_siting.nsga2_core    初始种群: 100 个个体 × 1332 维，站点数 区间 (12, 400)（区间初始化，自由规模）
18:03:45 WARNING evtol_siting.nsga2_core    帕累托前沿在 100 代内**没有改进**（HV 2.838e+08 -> 2.838e+08）。可能原因：(1) 初始种群已被 IP 解锚定在最优附近；(2) 修复算子过强，压制了搜索空间；(3) 目标间无实质权衡。建议检查目标值分布是否退化。
18:03:45 INFO    evtol_siting.stage4_nsga2  问题实例: 2519 个需求单元（核心 1008），1332 个候选；接驳预算 15.0 分钟；单点最大可覆盖 307 个核心单元（占核心 30.5%）
18:03:45 INFO    evtol_siting.nsga2_core    初始种群: 100 个个体 × 1332 维，站点数 区间 (12, 400)（区间初始化，自由规模）
18:04:05 INFO    multirun                                           direction  count  total  pct
group_mean 被 individual_max 支配的解数      0    100  0.0
individual_max 被 group_mean 支配的解数     34    100 34.0
18:04:05 INFO    multirun                      group_mean 前沿的公平性最优值（目标 3）: 5.9629（该目标即人群组最差可达性）
18:04:05 INFO    multirun                      individual_max 前沿的公平性最优值（目标 3，此时为单用户最大）: 14.9811
18:04:05 INFO    evtol_siting.stage4_nsga2  问题实例: 2519 个需求单元（核心 1008），1332 个候选；接驳预算 15.0 分钟；单点最大可覆盖 307 个核心单元（占核心 30.5%）
18:04:05 INFO    multirun                      注：两者的目标 3 定义不同，数值不可直接比较；上表的分支配对才是有效证据。
18:04:05 INFO    multirun                      判读：若两个方向都存在互相支配的解，说明两种公平性定义刻画的是**不同的**公平维度，'人群组公平'不是 p-中心的重复表述，新意 (A) 成立。若某一方完全支配另一方，则应如实报告后者不构成独立贡献。
18:04:05 INFO    multirun                   
18:04:05 INFO    multirun                   ── 拐点解的指标跨运行分布（论文可报告为 均值 ± 标准差）──
18:04:05 INFO    multirun                      unserved     51.84 ± 78.95
18:04:05 INFO    multirun                      total_time   3.137e+05 ± 8.185e+04
18:04:05 INFO    multirun                      inequity     7.184 ± 2.221
18:04:05 INFO    multirun                      cost         1.651e+10 ± 8.319e+09
18:04:05 INFO    multirun                   
18:04:05 INFO    multirun                   ============================================================================
18:04:05 INFO    multirun                    完成。输出目录: evtol_siting\outputs\tables
18:04:05 INFO    multirun                    文件: multirun_runs.csv / multirun_metrics.csv / baseline_vs_front.csv / weighted_sum_vs_front.csv / multirun_knee.csv / pymoo_validation.json
18:04:05 INFO    multirun                   ============================================================================
01:07:27 INFO    multirun                   ============================================================================
01:07:27 INFO    multirun                    多次独立运行：10 次，pop=100，gen=100，data_mode=real
01:07:27 INFO    multirun                   ============================================================================
01:07:27 INFO    evtol_siting.pipeline      ============================================================
01:07:27 INFO    evtol_siting.pipeline      阶段一：基于 GIS 的候选起降场筛选
01:07:27 INFO    evtol_siting.pipeline      ============================================================
01:07:27 INFO    evtol_siting.pipeline      解析 PBF 提取包: sichuan-latest.osm.pbf
01:07:36 INFO    evtol_siting.data.pbf        已扫描 200000 个候选要素…
01:07:45 INFO    evtol_siting.data.pbf        已扫描 400000 个候选要素…
01:07:54 INFO    evtol_siting.data.pbf        已扫描 600000 个候选要素…
01:08:04 INFO    evtol_siting.data.pbf        已扫描 800000 个候选要素…
01:08:10 INFO    evtol_siting.data.pbf        buildings          69675 个要素
01:08:11 INFO    evtol_siting.data.pbf        poi                 8159 个要素
01:08:11 INFO    evtol_siting.data.pbf        roads              42272 个要素
01:08:11 INFO    evtol_siting.data.pbf        landuse             8430 个要素
01:08:11 INFO    evtol_siting.data.pbf        water               2252 个要素
01:08:11 INFO    evtol_siting.data.pbf        airports            1364 个要素
01:08:11 INFO    evtol_siting.data.pbf      PBF 解析完成（扫描 921830 个候选要素，输出 6 个图层）
01:08:11 INFO    evtol_siting.data.rasters  建筑高度栅格已存在: evtol_siting\data\raw\height\chengdu_building_height_10m.tif
01:08:14 INFO    evtol_siting.data.heights  高度栅格提供了 49162 栋建筑的高度（覆盖 70.6%）
01:08:14 INFO    evtol_siting.data.heights  分位数回归填补了 14650 栋建筑的高度（中位数 18.6 m）
01:08:14 INFO    evtol_siting.data.heights  高度融合结果（共 69675 栋）:
    raster_height     70.6%
    imputed           21.0%
    osm_levels         7.3%
    osm_height         1.1%
01:08:14 INFO    evtol_siting.data.heights      有标签覆盖率: 8.4% -> 融合后覆盖率: 100.0%
01:08:14 INFO    evtol_siting.data.rasters  人口栅格已存在: evtol_siting\data\raw\population\chengdu_population_100m.tif
01:08:14 INFO    evtol_siting.data.rasters  收入策略 = poi_index：经济活动指数将在阶段二由 OSM POI 构成计算（见 stage2_demand.build_poi_economic_index）
01:08:14 INFO    evtol_siting.data.rasters  DEM 已存在: evtol_siting\data\raw\dem\chengdu_dem_30m.tif
01:08:17 INFO    evtol_siting.data.rasters  坡度栅格已生成: evtol_siting\data\interim\slope.tif
01:08:17 INFO    evtol_siting.geo           栅格化完成: 单元边长 500 m, 单元数 2519, 覆盖 629.8 km²
01:08:17 INFO    evtol_siting.stage1_candidates 屋顶型筛选: 1430 / 69675 栋建筑满足 h>=20m 且 A_roof>=1600m² (2.05%)
01:08:17 INFO    evtol_siting.stage1_candidates   排除 用地类型: 30 个单元（1.2%）
01:08:17 INFO    evtol_siting.stage1_candidates   排除 水域: 55 个单元（2.2%）
01:08:17 INFO    evtol_siting.stage1_candidates   建筑覆盖率判据 (max=0.55): 剔除 4 个单元（保留 2430）；覆盖率中位数 0.05
01:08:17 INFO    evtol_siting.stage1_candidates 坡度判据: 2430 / 2430 单元满足 slope<=15° (剔除 0)
01:08:17 INFO    evtol_siting.stage1_candidates 地面型筛选: 2430 个候选（用地排除 -89，坡度排除后）
01:08:17 INFO    evtol_siting.stage1_candidates 地面型候选已按路网可达性重新评分（中位距离 91 m）
01:08:17 INFO    evtol_siting.stage1_candidates 已为 1430 个缺少 cell_id 的候选（屋顶型）补齐所属栅格单元（补齐后 3770/3860 有 cell_id）
01:08:17 INFO    evtol_siting.stage1_candidates   90 个候选落在栅格之外，改用坐标分桶作为 cell_id
01:08:17 INFO    evtol_siting.stage1_candidates   民用机场要素 1295 个：按 eVTOL 可设站中转处理，**不排除**
01:08:17 INFO    evtol_siting.stage1_candidates   军用机场净空区 (r=4000m): 剔除 708 个候选（占 18.3%）
01:08:17 INFO    evtol_siting.stage1_candidates   既有直升机场 (r=1000m): 剔除 178 个候选（占 4.6%）
01:08:17 INFO    evtol_siting.stage1_candidates 安全排除后剩余 3023 个候选（原有 3860）
01:08:17 INFO    evtol_siting.stage1_candidates   [ground] 类别内稀释: 1905 -> 1905
01:08:18 INFO    evtol_siting.stage1_candidates   [rooftop] 类别内稀释: 1000 -> 359
01:08:18 INFO    evtol_siting.stage1_candidates 密度稀释 (c_min=500m, 每栅格<=3): 3023 -> 1552 个候选 （配额 -118，类别内间距 -641，跨类别冲突 -712）；构成: {'ground': 1201, 'rooftop': 351}
01:08:18 INFO    evtol_siting.stage1_candidates 阶段一完成: 1552 个候选起降场（屋顶型 351，地面型 1201）
01:08:18 INFO    evtol_siting.pipeline      ============================================================
01:08:18 INFO    evtol_siting.pipeline      阶段二：K-means 人群分类与需求空间化
01:08:18 INFO    evtol_siting.pipeline      ============================================================
01:08:18 INFO    evtol_siting.data.dasymetric 人口栅格分辨率 80 m 细于需求格网 500 m —— 分区求和已是正确的格网人口总量，**体积重分配在此不产生作用**，直接使用分区求和。（体积权重的价值在于把人口摊到建筑上做更细的分析，需 force=True）
01:08:18 WARNING evtol_siting.data.dasymetric 退化为按分区求和（假设人口在格网内均匀分布）
01:08:24 INFO    evtol_siting.stage2_demand 人口分配方式对比（论文 Table 用）:
    method  total_population  n_nonzero_cells  mean_per_cell  std_per_cell       cv     max_cell  top1pct_share     gini
dasymetric      7.712263e+06             2517    3061.636823   2504.238782 0.817941 12360.637527       0.032418 0.458119
   uniform      7.712263e+06             2517    3061.636823   2504.238782 0.817941 12360.637527       0.032418 0.458119
01:08:24 INFO    evtol_siting.stage2_demand 人口: 合计 7712263 人，单元中位数 2567 人（来源: zonal_sum）
01:08:24 INFO    evtol_siting.stage2_demand 未提供外部收入数据，将使用 OSM POI 构成的经济活动指数作为代理（见 data/rasters.py::build_poi_economic_index 的说明与局限）
01:08:24 INFO    evtol_siting.stage2_demand POI: 研究区内 7442 个，单元密度中位数 0 个/km²
01:08:24 INFO    evtol_siting.data.rasters  POI 经济活动指数: 范围 [0.000, 5.759]，中位数 0.000（加权 POI 总数 7949）
01:08:28 INFO    evtol_siting.stage2_demand K 选择 (silhouette): K=7，得分 0.7798，各 K 得分 {3: 0.7395, 4: 0.7588, 5: 0.7733, 6: 0.7722, 7: 0.7798, 8: 0.7784}
01:08:29 INFO    evtol_siting.choice_model  收入阶梯（K=7）: 1,868  2,799  3,613  4,500  5,605  7,236  10,840
01:08:29 INFO    evtol_siting.choice_model  时间价值: 5.4  8.0  10.4  12.9  16.1  20.8  31.1 元/小时（对应月收入 1,868  2,799  3,613  4,500  5,605  7,236  10,840）
01:08:29 INFO    evtol_siting.choice_model  时间价值: 1.1  1.2  1.4  1.6  1.9  2.2  2.5  2.9  3.3  3.8  4.4  5.0  5.8  6.6  7.6  8.7  10.0  11.5  13.3  15.2  17.5  20.1  23.1  26.6 元/小时（对应月收入 377  433  498  573  658  756  869  999  1,148  1,319  1,516  1,743  2,003  2,302  2,645  3,040  3,494  4,015  4,615  5,304  6,095  7,005  8,051  9,253）
01:08:29 INFO    evtol_siting.choice_model  时间价值: 1.6  1.9  2.1  2.5  2.8  3.3  3.7  4.3  4.9  5.7  6.5  7.5  8.6  9.9  11.4  13.1  15.0  17.3  19.9  22.8  26.2  30.2  34.7  39.8 元/小时（对应月收入 565  649  746  858  986  1,133  1,302  1,496  1,720  1,976  2,271  2,610  3,000  3,448  3,963  4,554  5,234  6,015  6,913  7,945  9,131  10,494  12,061  13,861）
01:08:29 INFO    evtol_siting.choice_model  时间价值: 2.1  2.4  2.8  3.2  3.7  4.2  4.8  5.6  6.4  7.3  8.4  9.7  11.1  12.8  14.7  16.9  19.4  22.3  25.6  29.5  33.9  38.9  44.7  51.4 元/小时（对应月收入 729  838  963  1,107  1,272  1,462  1,681  1,932  2,220  2,551  2,932  3,370  3,873  4,451  5,115  5,879  6,756  7,765  8,924  10,256  11,787  13,547  15,569  17,893）
01:08:29 INFO    evtol_siting.choice_model  时间价值: 2.6  3.0  3.4  4.0  4.6  5.2  6.0  6.9  7.9  9.1  10.5  12.1  13.9  15.9  18.3  21.0  24.2  27.8  31.9  36.7  42.2  48.5  55.7  64.0 元/小时（对应月收入 909  1,044  1,200  1,379  1,585  1,822  2,094  2,406  2,765  3,178  3,652  4,198  4,824  5,544  6,372  7,323  8,416  9,673  11,116  12,776  14,683  16,875  19,394  22,289）
01:08:29 INFO    evtol_siting.choice_model  时间价值: 3.3  3.7  4.3  4.9  5.7  6.5  7.5  8.6  9.9  11.4  13.1  15.0  17.3  19.8  22.8  26.2  30.1  34.6  39.8  45.7  52.6  60.4  69.4  79.8 元/小时（对应月收入 1,132  1,301  1,495  1,718  1,974  2,269  2,608  2,997  3,445  3,959  4,550  5,229  6,009  6,906  7,937  9,122  10,484  12,049  13,847  15,914  18,290  21,020  24,158  27,764）
01:08:29 INFO    evtol_siting.choice_model  时间价值: 4.2  4.8  5.5  6.4  7.3  8.4  9.7  11.1  12.8  14.7  16.9  19.4  22.3  25.6  29.4  33.8  38.9  44.7  51.4  59.0  67.8  78.0  89.6  103.0 元/小时（对应月收入 1,461  1,679  1,930  2,218  2,549  2,929  3,366  3,869  4,446  5,110  5,873  6,750  7,757  8,915  10,246  11,775  13,533  15,553  17,875  20,543  23,610  27,134  31,185  35,840）
01:08:29 INFO    evtol_siting.choice_model  时间价值: 6.3  7.2  8.3  9.5  11.0  12.6  14.5  16.7  19.1  22.0  25.3  29.1  33.4  38.4  44.1  50.7  58.3  67.0  76.9  88.4  101.6  116.8  134.2  154.3 元/小时（对应月收入 2,189  2,515  2,891  3,322  3,818  4,388  5,043  5,796  6,661  7,655  8,798  10,111  11,621  13,355  15,349  17,640  20,273  23,300  26,778  30,775  35,369  40,648  46,716  53,690）
01:08:29 INFO    evtol_siting.choice_model  选择模型 [区域内积分（σ_within=0.4）]: 出行 15 km，地面 55 分钟 / 57 元，eVTOL 24 分钟 / 130 元，节省 31 分钟；采用概率 0.0564–0.0988（类间比 1.75）
01:08:29 INFO    evtol_siting.choice_model  各类人群采用概率:
 cluster  monthly_income_cny  vot_cny_per_h  p_evtol  demand_rate
       3              1868.0           5.37  0.05642     0.005642
       0              2799.0           8.04  0.05974     0.005974
       5              3613.0          10.38  0.06283     0.006283
       2              4500.0          12.93  0.06638     0.006638
       4              5605.0          16.11  0.07112     0.007112
       6              7236.0          20.79  0.07876     0.007876
       1             10840.0          31.15  0.09879     0.009879
01:08:29 INFO    evtol_siting.stage2_demand K-means 聚类完成: K=7，总需求 48720 次/日，总人口 7712263 人
01:08:29 INFO    evtol_siting.stage2_demand 类画像:
 cluster  n_cells   population  income_mean  poi_density_mean  trip_rate  monthly_income_cny  vot_cny_per_h  p_evtol  demand_trips_per_day k_selection
       3     1391 2.642034e+06     0.000000          0.000000   0.005642              1868.0           5.37  0.05642          14906.353102  silhouette
       0      327 9.403271e+05     1.533906          5.321101   0.005974              2799.0           8.04  0.05974           5617.513868  silhouette
       5      321 1.318767e+06     2.598605         13.059190   0.006283              3613.0          10.38  0.06283           8285.811407  silhouette
       2      260 1.389814e+06     3.361789         29.492308   0.006638              4500.0          12.93  0.06638           9225.585950  silhouette
       4      145 9.081153e+05     4.000721         55.172414   0.007112              5605.0          16.11  0.07112           6458.515785  silhouette
       6       62 4.214043e+05     4.560623         96.000000   0.007876              7236.0          20.79  0.07876           3318.980346  silhouette
       1       13 9.180217e+04     5.021334        170.461538   0.009879             10840.0          31.15  0.09879            906.913644  silhouette
01:08:29 INFO    evtol_siting.pipeline      ============================================================
01:08:29 INFO    evtol_siting.pipeline      阶段三：0-1 整数规划选址
01:08:29 INFO    evtol_siting.pipeline      ============================================================
01:08:29 INFO    evtol_siting.stage3_ip     [cost_priority] 需求单元 2519 个（核心 1008 个，阈值 分位数 0.60（>=20.0 次/日）），候选 1552 个，接驳时间预算 15.0 分钟，设施上限 20
01:08:30 INFO    evtol_siting.stage3_ip     [cost_priority] 最优解: 10 个起降场，总成本 3.05 亿元，需求覆盖率 96.8%，人口覆盖率 96.4%（耗时 1.23s）
01:08:31 INFO    evtol_siting.stage3_ip     [coverage_priority] 需求单元 2519 个（核心 1008 个，阈值 分位数 0.60（>=20.0 次/日）），候选 1552 个，接驳时间预算 15.0 分钟，设施上限 35
01:08:32 INFO    evtol_siting.stage3_ip     [coverage_priority] 最优解: 9 个起降场，总成本 4.32 亿元，需求覆盖率 96.2%，人口覆盖率 95.7%（耗时 0.89s）
01:08:32 INFO    evtol_siting.stage3_ip     阶段三完成: 2 个情景求解成功（cost_priority=Optimal, coverage_priority=Optimal）
01:08:32 INFO    evtol_siting.stage4_nsga2  问题实例: 2519 个需求单元（核心 1008），1552 个候选；接驳预算 15.0 分钟；单点最大可覆盖 310 个核心单元（占核心 30.8%）
01:08:32 INFO    evtol_siting.nsga2_core    初始种群: 100 个个体 × 1552 维，站点数 区间 (12, 400)（区间初始化，自由规模）
01:08:55 INFO    multirun                     第  1/10 次: 前沿 100 个解，HV=3.275e+08，最优未服务=0.0，耗时 23.0s
01:08:55 INFO    evtol_siting.nsga2_core    初始种群: 100 个个体 × 1552 维，站点数 区间 (12, 400)（区间初始化，自由规模）
01:09:18 INFO    multirun                     第  2/10 次: 前沿 100 个解，HV=3.993e+08，最优未服务=0.0，耗时 22.9s
01:09:18 INFO    evtol_siting.nsga2_core    初始种群: 100 个个体 × 1552 维，站点数 区间 (12, 400)（区间初始化，自由规模）
01:09:44 INFO    multirun                     第  3/10 次: 前沿 100 个解，HV=2.937e+08，最优未服务=0.0，耗时 26.0s
01:09:44 INFO    evtol_siting.nsga2_core    初始种群: 100 个个体 × 1552 维，站点数 区间 (12, 400)（区间初始化，自由规模）
01:10:06 INFO    multirun                     第  4/10 次: 前沿 100 个解，HV=3.629e+08，最优未服务=0.0，耗时 22.6s
01:10:06 INFO    evtol_siting.nsga2_core    初始种群: 100 个个体 × 1552 维，站点数 区间 (12, 400)（区间初始化，自由规模）
01:10:29 INFO    multirun                     第  5/10 次: 前沿 100 个解，HV=4.262e+08，最优未服务=0.0，耗时 23.3s
01:10:29 INFO    evtol_siting.nsga2_core    初始种群: 100 个个体 × 1552 维，站点数 区间 (12, 400)（区间初始化，自由规模）
01:10:51 INFO    multirun                     第  6/10 次: 前沿 100 个解，HV=3.169e+08，最优未服务=0.0，耗时 21.1s
01:10:51 INFO    evtol_siting.nsga2_core    初始种群: 100 个个体 × 1552 维，站点数 区间 (12, 400)（区间初始化，自由规模）
01:11:13 INFO    multirun                     第  7/10 次: 前沿 100 个解，HV=3.752e+08，最优未服务=0.0，耗时 22.1s
01:11:13 INFO    evtol_siting.nsga2_core    初始种群: 100 个个体 × 1552 维，站点数 区间 (12, 400)（区间初始化，自由规模）
01:11:37 INFO    multirun                     第  8/10 次: 前沿 100 个解，HV=3.969e+08，最优未服务=0.0，耗时 23.9s
01:11:37 INFO    evtol_siting.nsga2_core    初始种群: 100 个个体 × 1552 维，站点数 区间 (12, 400)（区间初始化，自由规模）
01:11:57 INFO    multirun                     第  9/10 次: 前沿 100 个解，HV=3.917e+08，最优未服务=0.0，耗时 20.2s
01:11:57 INFO    evtol_siting.nsga2_core    初始种群: 100 个个体 × 1552 维，站点数 区间 (12, 400)（区间初始化，自由规模）
01:12:21 WARNING evtol_siting.nsga2_core    帕累托前沿在 100 代内**没有改进**（HV 3.561e+08 -> 3.561e+08）。可能原因：(1) 初始种群已被 IP 解锚定在最优附近；(2) 修复算子过强，压制了搜索空间；(3) 目标间无实质权衡。建议检查目标值分布是否退化。
01:12:21 INFO    multirun                     第 10/10 次: 前沿 100 个解，HV=3.561e+08，最优未服务=0.0，耗时 24.4s
01:12:53 INFO    multirun                   
01:12:53 INFO    multirun                   ── 算法稳定性（10 次独立运行）──
01:12:53 INFO    multirun                      hypervolume    均值 6.6094e+19   标准差 5.3814e+17   （6.5325e+19 – 6.7345e+19）
01:12:53 INFO    multirun                      spacing        均值 0.049023     标准差 0.0030547    （0.045247 – 0.054886）
01:12:53 INFO    multirun                      spread         均值 0.82354      标准差 0.053391     （0.72225 – 0.9107）
01:12:53 INFO    multirun                      igd            均值 0.049583     标准差 0.0026576    （0.043135 – 0.052657）
01:12:53 INFO    multirun                      n              均值 100          标准差 0            （100 – 100）
01:12:53 INFO    multirun                      注：HV 越大越好；SP/Δ/IGD 越小越好。论文中报告为 均值 ± 标准差。
01:15:13 INFO    multirun                   
01:15:13 INFO    multirun                   ── 与 pymoo NSGA-II 交叉验证 ──
01:15:13 INFO    multirun                      自实现 HV 均值 1.384e+20 (n=10)
01:15:13 INFO    multirun                      pymoo  HV        7.958e+19
01:15:13 INFO    multirun                      比值 1.7391，Mann-Whitney p=6.386e-05，Cliff's δ=+1.000
01:15:13 INFO    multirun                      判读：比值接近 1 且 p>0.05 表示两者统计上无显著差异，自实现 NSGA-II 通过正确性验证。
01:15:13 INFO    multirun                   
01:15:13 INFO    multirun                   ── 单目标基线 vs NSGA-II 前沿 ──
01:15:13 INFO    evtol_siting.baselines     基线求解：13 个 MILP，6 路并发（本机 20 核）
01:15:16 INFO    evtol_siting.baselines     [p_median_p8] p=8: 2519 个需求单元 × 25 近邻 = 62943 个分配变量
01:15:16 INFO    evtol_siting.baselines     [p_median_p12] p=12: 2519 个需求单元 × 25 近邻 = 62943 个分配变量
01:15:19 INFO    evtol_siting.baselines     [set_covering] -> 9 个设施，耗时 5.6s
01:15:24 WARNING evtol_siting.baselines     [p_center_p8] 未找到可行解（p=8 过小？）
01:15:26 WARNING evtol_siting.baselines     [p_center_p12] 未找到可行解（p=12 过小？）
01:15:27 INFO    evtol_siting.baselines     [p_median_p18] p=18: 2519 个需求单元 × 25 近邻 = 62943 个分配变量
01:15:36 INFO    evtol_siting.baselines     [p_center_p18] p=18 -> 18 个设施，最大接驳时间 11.10 分钟，耗时 10.3s
01:15:38 INFO    evtol_siting.baselines     [p_median_p12] p=12 -> 12 个设施，目标 143597.6，耗时 24.6s
01:15:39 INFO    evtol_siting.baselines     [p_median_p25] p=25: 2519 个需求单元 × 25 近邻 = 62943 个分配变量
01:15:50 INFO    evtol_siting.baselines     [max_coverage_p18] p=18 -> 18 个设施，覆盖需求 48720，耗时 13.6s
01:15:59 INFO    evtol_siting.baselines     [p_center_p25] p=25 -> 18 个设施，最大接驳时间 11.10 分钟，耗时 9.0s
01:16:12 INFO    evtol_siting.baselines     [max_coverage_p25] p=25 -> 25 个设施，覆盖需求 48720，耗时 13.3s
01:17:28 INFO    evtol_siting.baselines     [p_median_p8] p=8 -> 8 个设施，目标 103285.4，耗时 134.7s
01:17:56 INFO    evtol_siting.baselines     [max_coverage_p12] p=12 -> 12 个设施，覆盖需求 48706，耗时 157.4s
01:20:19 INFO    evtol_siting.baselines     [max_coverage_p8] p=8 -> 8 个设施，覆盖需求 46732，耗时 305.6s
01:20:37 INFO    evtol_siting.baselines     [p_median_p18] p=18 -> 18 个设施，目标 185350.8，耗时 312.8s
01:20:49 INFO    evtol_siting.baselines     [p_median_p25] p=25 -> 25 个设施，目标 207143.3，耗时 311.7s
01:20:50 INFO    evtol_siting.baselines     基线求解完成: 11/13 成功，墙钟 336s
01:20:50 INFO    evtol_siting.baselines     基线结果已缓存: baselines_b8a766cbf4ebbe9c55f837b0e309a1cd.json
01:20:50 INFO    multirun                           baseline  n_sites  unserved_demand  total_access_time  inequity   total_cost  n_front_dominating  dominated_by_front_pct  demand_coverage_pct  worst_group_access_time_min  equity_gini
    set_covering        9      1869.549131      474248.287411 10.739044 4.315223e+08                   1                  0.3125            96.162640                    10.739044     0.017126
     p_median_p8        8     13161.212241      356735.417465 12.724208 4.562201e+08                   0                  0.0000            72.985837                    12.724208     0.061898
 max_coverage_p8        8      1981.427114      488642.292823 10.850546 3.975322e+08                   0                  0.0000            95.933004                    10.850546     0.011024
    p_median_p12       12      7735.255275      371422.063145 10.111990 5.912686e+08                   0                  0.0000            84.122933                    10.111990     0.028483
max_coverage_p12       12        13.762568      498758.510964 10.865769 6.352540e+08                   0                  0.0000            99.971752                    10.865769     0.034512
    p_median_p18       18      4127.622266      367929.286144  8.677863 8.312997e+08                   0                  0.0000            91.527812                     8.677863     0.021686
    p_center_p18       18       502.629056      384031.602328  8.216846 1.145321e+09                   0                  0.0000            98.968324                     8.216846     0.019064
max_coverage_p18       18         0.000000      455801.269069  9.594493 8.313591e+08                   0                  0.0000           100.000000                     9.594493     0.038085
    p_median_p25       25       534.056480      374666.407374  8.369090 1.178444e+09                   0                  0.0000            98.903818                     8.369090     0.030396
    p_center_p25       18       567.246900      381170.268251  8.371709 1.112754e+09                   0                  0.0000            98.835692                     8.371709     0.022727
max_coverage_p25       25         0.000000      434321.470358  9.184037 1.212901e+09                   0                  0.0000           100.000000                     9.184037     0.041557
01:20:50 INFO    multirun                      判读：dominated_by_front_pct 越高，说明该单目标模型的最优解被 NSGA-II 前沿支配得越彻底——这是'多目标必要性'的直接证据。
01:20:50 INFO    multirun                   
01:20:50 INFO    multirun                   ── 加权求和对照（同一算法、同一预算，仅改选择机制）──
01:20:50 INFO    evtol_siting.nsga2_core    初始种群: 100 个个体 × 1552 维，站点数 区间 (12, 400)（区间初始化，自由规模）
01:20:59 WARNING evtol_siting.nsga2_core    帕累托前沿在 64 代内**没有改进**（HV 2.239e+13 -> 1.774e+13）。可能原因：(1) 初始种群已被 IP 解锚定在最优附近；(2) 修复算子过强，压制了搜索空间；(3) 目标间无实质权衡。建议检查目标值分布是否退化。
01:20:59 INFO    evtol_siting.nsga2_core    初始种群: 100 个个体 × 1552 维，站点数 区间 (12, 400)（区间初始化，自由规模）
01:21:05 WARNING evtol_siting.nsga2_core    帕累托前沿在 64 代内**没有改进**（HV 3.382e+14 -> 2.754e+14）。可能原因：(1) 初始种群已被 IP 解锚定在最优附近；(2) 修复算子过强，压制了搜索空间；(3) 目标间无实质权衡。建议检查目标值分布是否退化。
01:21:05 INFO    evtol_siting.nsga2_core    初始种群: 100 个个体 × 1552 维，站点数 区间 (12, 400)（区间初始化，自由规模）
01:21:30 WARNING evtol_siting.nsga2_core    帕累托前沿在 64 代内**没有改进**（HV 2.202e+14 -> 2.202e+14）。可能原因：(1) 初始种群已被 IP 解锚定在最优附近；(2) 修复算子过强，压制了搜索空间；(3) 目标间无实质权衡。建议检查目标值分布是否退化。
01:21:30 INFO    evtol_siting.nsga2_core    初始种群: 100 个个体 × 1552 维，站点数 区间 (12, 400)（区间初始化，自由规模）
01:21:36 WARNING evtol_siting.nsga2_core    帕累托前沿在 64 代内**没有改进**（HV 3.883e+14 -> 3.422e+14）。可能原因：(1) 初始种群已被 IP 解锚定在最优附近；(2) 修复算子过强，压制了搜索空间；(3) 目标间无实质权衡。建议检查目标值分布是否退化。
01:21:36 INFO    multirun                      已完成 4/16 个权重方向
01:21:36 INFO    evtol_siting.nsga2_core    初始种群: 100 个个体 × 1552 维，站点数 区间 (12, 400)（区间初始化，自由规模）
01:21:47 WARNING evtol_siting.nsga2_core    帕累托前沿在 64 代内**没有改进**（HV 3.819e+13 -> 3.819e+13）。可能原因：(1) 初始种群已被 IP 解锚定在最优附近；(2) 修复算子过强，压制了搜索空间；(3) 目标间无实质权衡。建议检查目标值分布是否退化。
01:21:47 INFO    evtol_siting.nsga2_core    初始种群: 100 个个体 × 1552 维，站点数 区间 (12, 400)（区间初始化，自由规模）
01:21:55 WARNING evtol_siting.nsga2_core    帕累托前沿在 64 代内**没有改进**（HV 7.424e+14 -> 6.376e+14）。可能原因：(1) 初始种群已被 IP 解锚定在最优附近；(2) 修复算子过强，压制了搜索空间；(3) 目标间无实质权衡。建议检查目标值分布是否退化。
01:21:55 INFO    evtol_siting.nsga2_core    初始种群: 100 个个体 × 1552 维，站点数 区间 (12, 400)（区间初始化，自由规模）
01:22:02 WARNING evtol_siting.nsga2_core    帕累托前沿在 64 代内**没有改进**（HV 9.467e+14 -> 5.647e+14）。可能原因：(1) 初始种群已被 IP 解锚定在最优附近；(2) 修复算子过强，压制了搜索空间；(3) 目标间无实质权衡。建议检查目标值分布是否退化。
01:22:02 INFO    evtol_siting.nsga2_core    初始种群: 100 个个体 × 1552 维，站点数 区间 (12, 400)（区间初始化，自由规模）
01:22:10 WARNING evtol_siting.nsga2_core    帕累托前沿在 64 代内**没有改进**（HV 2.496e+13 -> 1.674e+13）。可能原因：(1) 初始种群已被 IP 解锚定在最优附近；(2) 修复算子过强，压制了搜索空间；(3) 目标间无实质权衡。建议检查目标值分布是否退化。
01:22:10 INFO    multirun                      已完成 8/16 个权重方向
01:22:10 INFO    evtol_siting.nsga2_core    初始种群: 100 个个体 × 1552 维，站点数 区间 (12, 400)（区间初始化，自由规模）
01:22:16 WARNING evtol_siting.nsga2_core    帕累托前沿在 64 代内**没有改进**（HV 1.853e+15 -> 1.312e+15）。可能原因：(1) 初始种群已被 IP 解锚定在最优附近；(2) 修复算子过强，压制了搜索空间；(3) 目标间无实质权衡。建议检查目标值分布是否退化。
01:22:16 INFO    evtol_siting.nsga2_core    初始种群: 100 个个体 × 1552 维，站点数 区间 (12, 400)（区间初始化，自由规模）
01:22:27 WARNING evtol_siting.nsga2_core    帕累托前沿在 64 代内**没有改进**（HV 1.31e+13 -> 1.231e+13）。可能原因：(1) 初始种群已被 IP 解锚定在最优附近；(2) 修复算子过强，压制了搜索空间；(3) 目标间无实质权衡。建议检查目标值分布是否退化。
01:22:27 INFO    evtol_siting.nsga2_core    初始种群: 100 个个体 × 1552 维，站点数 区间 (12, 400)（区间初始化，自由规模）
01:22:35 WARNING evtol_siting.nsga2_core    帕累托前沿在 64 代内**没有改进**（HV 1.076e+14 -> 1.034e+14）。可能原因：(1) 初始种群已被 IP 解锚定在最优附近；(2) 修复算子过强，压制了搜索空间；(3) 目标间无实质权衡。建议检查目标值分布是否退化。
01:22:35 INFO    evtol_siting.nsga2_core    初始种群: 100 个个体 × 1552 维，站点数 区间 (12, 400)（区间初始化，自由规模）
01:22:46 WARNING evtol_siting.nsga2_core    帕累托前沿在 64 代内**没有改进**（HV 8.81e+13 -> 8.81e+13）。可能原因：(1) 初始种群已被 IP 解锚定在最优附近；(2) 修复算子过强，压制了搜索空间；(3) 目标间无实质权衡。建议检查目标值分布是否退化。
01:22:46 INFO    multirun                      已完成 12/16 个权重方向
01:22:46 INFO    evtol_siting.nsga2_core    初始种群: 100 个个体 × 1552 维，站点数 区间 (12, 400)（区间初始化，自由规模）
01:23:10 WARNING evtol_siting.nsga2_core    帕累托前沿在 64 代内**没有改进**（HV 1e-18 -> 1e-18）。可能原因：(1) 初始种群已被 IP 解锚定在最优附近；(2) 修复算子过强，压制了搜索空间；(3) 目标间无实质权衡。建议检查目标值分布是否退化。
01:23:10 INFO    evtol_siting.nsga2_core    初始种群: 100 个个体 × 1552 维，站点数 区间 (12, 400)（区间初始化，自由规模）
01:23:45 WARNING evtol_siting.nsga2_core    帕累托前沿在 64 代内**没有改进**（HV 5.449e+08 -> 5.365e+08）。可能原因：(1) 初始种群已被 IP 解锚定在最优附近；(2) 修复算子过强，压制了搜索空间；(3) 目标间无实质权衡。建议检查目标值分布是否退化。
01:23:45 INFO    evtol_siting.nsga2_core    初始种群: 100 个个体 × 1552 维，站点数 区间 (12, 400)（区间初始化，自由规模）
01:24:21 WARNING evtol_siting.nsga2_core    帕累托前沿在 64 代内**没有改进**（HV 0.2532 -> 0.2525）。可能原因：(1) 初始种群已被 IP 解锚定在最优附近；(2) 修复算子过强，压制了搜索空间；(3) 目标间无实质权衡。建议检查目标值分布是否退化。
01:24:21 INFO    evtol_siting.nsga2_core    初始种群: 100 个个体 × 1552 维，站点数 区间 (12, 400)（区间初始化，自由规模）
01:24:26 WARNING evtol_siting.nsga2_core    帕累托前沿在 64 代内**没有改进**（HV 2.708e+15 -> 2.558e+15）。可能原因：(1) 初始种群已被 IP 解锚定在最优附近；(2) 修复算子过强，压制了搜索空间；(3) 目标间无实质权衡。建议检查目标值分布是否退化。
01:24:26 INFO    multirun                      已完成 16/16 个权重方向
01:24:26 INFO    multirun                      结果：16 个权重方向中，62% 的解被 NSGA-II 前沿支配；平均被 0.5% 的前沿解支配
01:24:26 INFO    multirun                      判读：加权和法的解被前沿支配，说明它**无法到达帕累托前沿的非凸部分**。这正是多目标处理的必要性所在——若所有加权和解都落在前沿上，则说明问题目标间无实质权衡，多目标处理不必要。
01:24:26 INFO    multirun                   
01:24:26 INFO    multirun                   ── 公平性定义对比：人群组均值 vs 单用户最小最大 ──
01:24:26 INFO    evtol_siting.stage4_nsga2  问题实例: 2519 个需求单元（核心 1008），1552 个候选；接驳预算 15.0 分钟；单点最大可覆盖 310 个核心单元（占核心 30.8%）
01:24:26 INFO    evtol_siting.nsga2_core    初始种群: 100 个个体 × 1552 维，站点数 区间 (12, 400)（区间初始化，自由规模）
01:24:52 INFO    evtol_siting.stage4_nsga2  问题实例: 2519 个需求单元（核心 1008），1552 个候选；接驳预算 15.0 分钟；单点最大可覆盖 310 个核心单元（占核心 30.8%）
01:24:52 INFO    evtol_siting.nsga2_core    初始种群: 100 个个体 × 1552 维，站点数 区间 (12, 400)（区间初始化，自由规模）
01:25:57 WARNING evtol_siting.nsga2_core    帕累托前沿在 100 代内**没有改进**（HV 3.492e+08 -> 3.492e+08）。可能原因：(1) 初始种群已被 IP 解锚定在最优附近；(2) 修复算子过强，压制了搜索空间；(3) 目标间无实质权衡。建议检查目标值分布是否退化。
01:25:57 INFO    multirun                                           direction  count  total  pct
group_mean 被 individual_max 支配的解数      0    100  0.0
individual_max 被 group_mean 支配的解数     43    100 43.0
01:25:57 INFO    multirun                      group_mean 前沿的公平性最优值（目标 3）: 4.9396（该目标即人群组最差可达性）
01:25:57 INFO    multirun                      individual_max 前沿的公平性最优值（目标 3，此时为单用户最大）: 12.8582
01:25:57 INFO    evtol_siting.stage4_nsga2  问题实例: 2519 个需求单元（核心 1008），1552 个候选；接驳预算 15.0 分钟；单点最大可覆盖 310 个核心单元（占核心 30.8%）
01:25:57 INFO    multirun                      注：两者的目标 3 定义不同，数值不可直接比较；上表的分支配对才是有效证据。
01:25:57 INFO    multirun                      判读：若两个方向都存在互相支配的解，说明两种公平性定义刻画的是**不同的**公平维度，'人群组公平'不是 p-中心的重复表述，新意 (A) 成立。若某一方完全支配另一方，则应如实报告后者不构成独立贡献。
01:25:57 INFO    multirun                   
01:25:57 INFO    multirun                   ── 拐点解的指标跨运行分布（论文可报告为 均值 ± 标准差）──
01:25:57 INFO    multirun                      unserved     193.3 ± 186.2
01:25:57 INFO    multirun                      total_time   4.3e+05 ± 5.227e+04
01:25:57 INFO    multirun                      inequity     10.89 ± 1.55
01:25:57 INFO    multirun                      cost         1.644e+09 ± 2.029e+09
01:25:57 INFO    multirun                   
01:25:57 INFO    multirun                   ============================================================================
01:25:57 INFO    multirun                    完成。输出目录: evtol_siting\outputs\tables
01:25:57 INFO    multirun                    文件: multirun_runs.csv / multirun_metrics.csv / baseline_vs_front.csv / weighted_sum_vs_front.csv / multirun_knee.csv / pymoo_validation.json
01:25:57 INFO    multirun                   ============================================================================
11:42:55 INFO    multirun                   ============================================================================
11:42:55 INFO    multirun                    多次独立运行：10 次，pop=100，gen=100，data_mode=real
11:42:55 INFO    multirun                   ============================================================================
11:42:55 INFO    evtol_siting.pipeline      ============================================================
11:42:55 INFO    evtol_siting.pipeline      阶段一：基于 GIS 的候选起降场筛选
11:42:55 INFO    evtol_siting.pipeline      ============================================================
11:42:55 INFO    evtol_siting.pipeline      解析 PBF 提取包: sichuan-latest.osm.pbf
11:43:12 INFO    evtol_siting.data.pbf        已扫描 200000 个候选要素…
11:43:36 INFO    evtol_siting.data.pbf        已扫描 400000 个候选要素…
11:43:58 INFO    evtol_siting.data.pbf        已扫描 600000 个候选要素…
11:44:21 INFO    evtol_siting.data.pbf        已扫描 800000 个候选要素…
11:44:27 INFO    evtol_siting.data.pbf        buildings          69675 个要素
11:44:28 INFO    evtol_siting.data.pbf        poi                 8159 个要素
11:44:28 INFO    evtol_siting.data.pbf        roads              42272 个要素
11:44:28 INFO    evtol_siting.data.pbf        landuse             8430 个要素
11:44:28 INFO    evtol_siting.data.pbf        water               2252 个要素
11:44:28 INFO    evtol_siting.data.pbf        airports            1364 个要素
11:44:28 INFO    evtol_siting.data.pbf      PBF 解析完成（扫描 921830 个候选要素，输出 6 个图层）
11:44:28 INFO    evtol_siting.data.rasters  建筑高度栅格已存在: evtol_siting\data\raw\height\chengdu_building_height_10m.tif
11:44:33 INFO    evtol_siting.data.heights  高度栅格提供了 49162 栋建筑的高度（覆盖 70.6%）
11:44:33 INFO    evtol_siting.data.heights  分位数回归填补了 14650 栋建筑的高度（中位数 18.6 m）
11:44:33 INFO    evtol_siting.data.heights  高度融合结果（共 69675 栋）:
    raster_height     70.6%
    imputed           21.0%
    osm_levels         7.3%
    osm_height         1.1%
11:44:33 INFO    evtol_siting.data.heights      有标签覆盖率: 8.4% -> 融合后覆盖率: 100.0%
11:44:33 INFO    evtol_siting.data.rasters  人口栅格已存在: evtol_siting\data\raw\population\chengdu_population_100m.tif
11:44:33 INFO    evtol_siting.data.rasters  收入策略 = poi_index：经济活动指数将在阶段二由 OSM POI 构成计算（见 stage2_demand.build_poi_economic_index）
11:44:33 INFO    evtol_siting.data.rasters  DEM 已存在: evtol_siting\data\raw\dem\chengdu_dem_30m.tif
11:44:36 INFO    evtol_siting.data.rasters  坡度栅格已生成: evtol_siting\data\interim\slope.tif
11:44:36 INFO    evtol_siting.geo           栅格化完成: 单元边长 500 m, 单元数 2519, 覆盖 629.8 km²
11:44:36 INFO    evtol_siting.stage1_candidates 屋顶型筛选: 1430 / 69675 栋建筑满足 h>=20m 且 A_roof>=1600m² (2.05%)
11:44:36 INFO    evtol_siting.stage1_candidates   排除 用地类型: 30 个单元（1.2%）
11:44:36 INFO    evtol_siting.stage1_candidates   排除 水域: 55 个单元（2.2%）
11:44:37 INFO    evtol_siting.stage1_candidates   建筑覆盖率判据 (max=0.55): 剔除 4 个单元（保留 2430）；覆盖率中位数 0.05
11:44:37 INFO    evtol_siting.stage1_candidates 坡度判据: 2430 / 2430 单元满足 slope<=15° (剔除 0)
11:44:37 INFO    evtol_siting.stage1_candidates 地面型筛选: 2430 个候选（用地排除 -89，坡度排除后）
11:44:37 INFO    evtol_siting.stage1_candidates 地面型候选已按路网可达性重新评分（中位距离 91 m）
11:44:37 INFO    evtol_siting.stage1_candidates 已为 1430 个缺少 cell_id 的候选（屋顶型）补齐所属栅格单元（补齐后 3770/3860 有 cell_id）
11:44:37 INFO    evtol_siting.stage1_candidates   90 个候选落在栅格之外，改用坐标分桶作为 cell_id
11:44:37 INFO    evtol_siting.stage1_candidates   口径 all_aeroway：1298 个非直升要素全部按运输机场处理
11:44:37 INFO    evtol_siting.stage1_candidates   军用机场净空区 (r=4000m): 剔除 1472 个候选（占 38.1%）
11:44:37 INFO    evtol_siting.stage1_candidates   既有直升机场 (r=1000m): 剔除 178 个候选（占 4.6%）
11:44:37 INFO    evtol_siting.stage1_candidates 安全排除后剩余 2344 个候选（原有 3860）
11:44:37 INFO    evtol_siting.stage1_candidates   [ground] 类别内稀释: 1581 -> 1581
11:44:37 INFO    evtol_siting.stage1_candidates   [rooftop] 类别内稀释: 693 -> 258
11:44:37 INFO    evtol_siting.stage1_candidates 密度稀释 (c_min=500m, 每栅格<=3): 2344 -> 1332 个候选 （配额 -70，类别内间距 -435，跨类别冲突 -507）；构成: {'ground': 1076, 'rooftop': 256}
11:44:37 INFO    evtol_siting.stage1_candidates 阶段一完成: 1332 个候选起降场（屋顶型 256，地面型 1076）
11:44:37 INFO    evtol_siting.pipeline      ============================================================
11:44:37 INFO    evtol_siting.pipeline      阶段二：K-means 人群分类与需求空间化
11:44:37 INFO    evtol_siting.pipeline      ============================================================
11:44:37 INFO    evtol_siting.data.dasymetric 人口栅格分辨率 80 m 细于需求格网 500 m —— 分区求和已是正确的格网人口总量，**体积重分配在此不产生作用**，直接使用分区求和。（体积权重的价值在于把人口摊到建筑上做更细的分析，需 force=True）
11:44:37 WARNING evtol_siting.data.dasymetric 退化为按分区求和（假设人口在格网内均匀分布）
11:44:42 INFO    evtol_siting.stage2_demand 人口分配方式对比（论文 Table 用）:
    method  total_population  n_nonzero_cells  mean_per_cell  std_per_cell       cv     max_cell  top1pct_share     gini
dasymetric      7.712263e+06             2517    3061.636823   2504.238782 0.817941 12360.637527       0.032418 0.458119
   uniform      7.712263e+06             2517    3061.636823   2504.238782 0.817941 12360.637527       0.032418 0.458119
11:44:42 INFO    evtol_siting.stage2_demand 人口: 合计 7712263 人，单元中位数 2567 人（来源: zonal_sum）
11:44:42 INFO    evtol_siting.stage2_demand 未提供外部收入数据，将使用 OSM POI 构成的经济活动指数作为代理（见 data/rasters.py::build_poi_economic_index 的说明与局限）
11:44:42 INFO    evtol_siting.stage2_demand POI: 研究区内 7442 个，单元密度中位数 0 个/km²
11:44:42 INFO    evtol_siting.data.rasters  POI 经济活动指数: 范围 [0.000, 5.759]，中位数 0.000（加权 POI 总数 7949）
11:44:46 INFO    evtol_siting.stage2_demand K 选择 (silhouette): K=7，得分 0.7798，各 K 得分 {3: 0.7395, 4: 0.7588, 5: 0.7733, 6: 0.7722, 7: 0.7798, 8: 0.7784}
11:44:46 INFO    evtol_siting.choice_model  收入阶梯（K=7）: 1,868  2,799  3,613  4,500  5,605  7,236  10,840
11:44:46 INFO    evtol_siting.choice_model  时间价值: 5.4  8.0  10.4  12.9  16.1  20.8  31.1 元/小时（对应月收入 1,868  2,799  3,613  4,500  5,605  7,236  10,840）
11:44:46 INFO    evtol_siting.choice_model  时间价值: 1.1  1.2  1.4  1.6  1.9  2.2  2.5  2.9  3.3  3.8  4.4  5.0  5.8  6.6  7.6  8.7  10.0  11.5  13.3  15.2  17.5  20.1  23.1  26.6 元/小时（对应月收入 377  433  498  573  658  756  869  999  1,148  1,319  1,516  1,743  2,003  2,302  2,645  3,040  3,494  4,015  4,615  5,304  6,095  7,005  8,051  9,253）
11:44:46 INFO    evtol_siting.choice_model  时间价值: 1.6  1.9  2.1  2.5  2.8  3.3  3.7  4.3  4.9  5.7  6.5  7.5  8.6  9.9  11.4  13.1  15.0  17.3  19.9  22.8  26.2  30.2  34.7  39.8 元/小时（对应月收入 565  649  746  858  986  1,133  1,302  1,496  1,720  1,976  2,271  2,610  3,000  3,448  3,963  4,554  5,234  6,015  6,913  7,945  9,131  10,494  12,061  13,861）
11:44:46 INFO    evtol_siting.choice_model  时间价值: 2.1  2.4  2.8  3.2  3.7  4.2  4.8  5.6  6.4  7.3  8.4  9.7  11.1  12.8  14.7  16.9  19.4  22.3  25.6  29.5  33.9  38.9  44.7  51.4 元/小时（对应月收入 729  838  963  1,107  1,272  1,462  1,681  1,932  2,220  2,551  2,932  3,370  3,873  4,451  5,115  5,879  6,756  7,765  8,924  10,256  11,787  13,547  15,569  17,893）
11:44:46 INFO    evtol_siting.choice_model  时间价值: 2.6  3.0  3.4  4.0  4.6  5.2  6.0  6.9  7.9  9.1  10.5  12.1  13.9  15.9  18.3  21.0  24.2  27.8  31.9  36.7  42.2  48.5  55.7  64.0 元/小时（对应月收入 909  1,044  1,200  1,379  1,585  1,822  2,094  2,406  2,765  3,178  3,652  4,198  4,824  5,544  6,372  7,323  8,416  9,673  11,116  12,776  14,683  16,875  19,394  22,289）
11:44:46 INFO    evtol_siting.choice_model  时间价值: 3.3  3.7  4.3  4.9  5.7  6.5  7.5  8.6  9.9  11.4  13.1  15.0  17.3  19.8  22.8  26.2  30.1  34.6  39.8  45.7  52.6  60.4  69.4  79.8 元/小时（对应月收入 1,132  1,301  1,495  1,718  1,974  2,269  2,608  2,997  3,445  3,959  4,550  5,229  6,009  6,906  7,937  9,122  10,484  12,049  13,847  15,914  18,290  21,020  24,158  27,764）
11:44:46 INFO    evtol_siting.choice_model  时间价值: 4.2  4.8  5.5  6.4  7.3  8.4  9.7  11.1  12.8  14.7  16.9  19.4  22.3  25.6  29.4  33.8  38.9  44.7  51.4  59.0  67.8  78.0  89.6  103.0 元/小时（对应月收入 1,461  1,679  1,930  2,218  2,549  2,929  3,366  3,869  4,446  5,110  5,873  6,750  7,757  8,915  10,246  11,775  13,533  15,553  17,875  20,543  23,610  27,134  31,185  35,840）
11:44:46 INFO    evtol_siting.choice_model  时间价值: 6.3  7.2  8.3  9.5  11.0  12.6  14.5  16.7  19.1  22.0  25.3  29.1  33.4  38.4  44.1  50.7  58.3  67.0  76.9  88.4  101.6  116.8  134.2  154.3 元/小时（对应月收入 2,189  2,515  2,891  3,322  3,818  4,388  5,043  5,796  6,661  7,655  8,798  10,111  11,621  13,355  15,349  17,640  20,273  23,300  26,778  30,775  35,369  40,648  46,716  53,690）
11:44:46 INFO    evtol_siting.choice_model  选择模型 [区域内积分（σ_within=0.4）]: 出行 15 km，地面 55 分钟 / 57 元，eVTOL 24 分钟 / 130 元，节省 31 分钟；采用概率 0.0564–0.0988（类间比 1.75）
11:44:46 INFO    evtol_siting.choice_model  各类人群采用概率:
 cluster  monthly_income_cny  vot_cny_per_h  p_evtol  demand_rate
       3              1868.0           5.37  0.05642     0.005642
       0              2799.0           8.04  0.05974     0.005974
       5              3613.0          10.38  0.06283     0.006283
       2              4500.0          12.93  0.06638     0.006638
       4              5605.0          16.11  0.07112     0.007112
       6              7236.0          20.79  0.07876     0.007876
       1             10840.0          31.15  0.09879     0.009879
11:44:46 INFO    evtol_siting.stage2_demand K-means 聚类完成: K=7，总需求 48720 次/日，总人口 7712263 人
11:44:46 INFO    evtol_siting.stage2_demand 类画像:
 cluster  n_cells   population  income_mean  poi_density_mean  trip_rate  monthly_income_cny  vot_cny_per_h  p_evtol  demand_trips_per_day k_selection
       3     1391 2.642034e+06     0.000000          0.000000   0.005642              1868.0           5.37  0.05642          14906.353102  silhouette
       0      327 9.403271e+05     1.533906          5.321101   0.005974              2799.0           8.04  0.05974           5617.513868  silhouette
       5      321 1.318767e+06     2.598605         13.059190   0.006283              3613.0          10.38  0.06283           8285.811407  silhouette
       2      260 1.389814e+06     3.361789         29.492308   0.006638              4500.0          12.93  0.06638           9225.585950  silhouette
       4      145 9.081153e+05     4.000721         55.172414   0.007112              5605.0          16.11  0.07112           6458.515785  silhouette
       6       62 4.214043e+05     4.560623         96.000000   0.007876              7236.0          20.79  0.07876           3318.980346  silhouette
       1       13 9.180217e+04     5.021334        170.461538   0.009879             10840.0          31.15  0.09879            906.913644  silhouette
11:44:46 INFO    evtol_siting.pipeline      ============================================================
11:44:46 INFO    evtol_siting.pipeline      阶段三：0-1 整数规划选址
11:44:46 INFO    evtol_siting.pipeline      ============================================================
11:44:47 INFO    evtol_siting.stage3_ip     [cost_priority] 需求单元 2519 个（核心 1008 个，阈值 分位数 0.60（>=20.0 次/日）），候选 1332 个，接驳时间预算 15.0 分钟，设施上限 20
11:44:47 INFO    evtol_siting.stage3_ip     [cost_priority] 最优解: 11 个起降场，总成本 3.48 亿元，需求覆盖率 97.1%，人口覆盖率 96.8%（耗时 0.40s）
11:44:47 INFO    evtol_siting.stage3_ip     [coverage_priority] 需求单元 2519 个（核心 1008 个，阈值 分位数 0.60（>=20.0 次/日）），候选 1332 个，接驳时间预算 15.0 分钟，设施上限 35
11:44:48 INFO    evtol_siting.stage3_ip     [coverage_priority] 最优解: 10 个起降场，总成本 5.14 亿元，需求覆盖率 96.5%，人口覆盖率 96.2%（耗时 0.38s）
11:44:48 INFO    evtol_siting.stage3_ip     阶段三完成: 2 个情景求解成功（cost_priority=Optimal, coverage_priority=Optimal）
11:44:48 INFO    evtol_siting.stage4_nsga2  问题实例: 2519 个需求单元（核心 1008），1332 个候选；接驳预算 15.0 分钟；单点最大可覆盖 307 个核心单元（占核心 30.5%）
11:44:48 INFO    evtol_siting.nsga2_core    初始种群: 100 个个体 × 1332 维，站点数 区间 (12, 400)（区间初始化，自由规模）
11:45:07 INFO    multirun                     第  1/10 次: 前沿 100 个解，HV=2.067e+08，最优未服务=0.0，耗时 19.5s
11:45:07 INFO    evtol_siting.nsga2_core    初始种群: 100 个个体 × 1332 维，站点数 区间 (12, 400)（区间初始化，自由规模）
11:45:26 WARNING evtol_siting.nsga2_core    帕累托前沿在 100 代内**没有改进**（HV 2.691e+08 -> 2.691e+08）。可能原因：(1) 初始种群已被 IP 解锚定在最优附近；(2) 修复算子过强，压制了搜索空间；(3) 目标间无实质权衡。建议检查目标值分布是否退化。
11:45:26 INFO    multirun                     第  2/10 次: 前沿 100 个解，HV=2.691e+08，最优未服务=0.0，耗时 18.5s
11:45:26 INFO    evtol_siting.nsga2_core    初始种群: 100 个个体 × 1332 维，站点数 区间 (12, 400)（区间初始化，自由规模）
11:45:45 INFO    multirun                     第  3/10 次: 前沿 100 个解，HV=3.286e+08，最优未服务=0.0，耗时 19.6s
11:45:45 INFO    evtol_siting.nsga2_core    初始种群: 100 个个体 × 1332 维，站点数 区间 (12, 400)（区间初始化，自由规模）
11:46:14 INFO    multirun                     第  4/10 次: 前沿 100 个解，HV=2.601e+08，最优未服务=11.6，耗时 28.4s
11:46:14 INFO    evtol_siting.nsga2_core    初始种群: 100 个个体 × 1332 维，站点数 区间 (12, 400)（区间初始化，自由规模）
11:46:32 WARNING evtol_siting.nsga2_core    帕累托前沿在 100 代内**没有改进**（HV 2.717e+08 -> 2.717e+08）。可能原因：(1) 初始种群已被 IP 解锚定在最优附近；(2) 修复算子过强，压制了搜索空间；(3) 目标间无实质权衡。建议检查目标值分布是否退化。
11:46:32 INFO    multirun                     第  5/10 次: 前沿 100 个解，HV=2.717e+08，最优未服务=0.0，耗时 18.2s
11:46:32 INFO    evtol_siting.nsga2_core    初始种群: 100 个个体 × 1332 维，站点数 区间 (12, 400)（区间初始化，自由规模）
11:46:52 WARNING evtol_siting.nsga2_core    帕累托前沿在 100 代内**没有改进**（HV 1.628e+08 -> 1.628e+08）。可能原因：(1) 初始种群已被 IP 解锚定在最优附近；(2) 修复算子过强，压制了搜索空间；(3) 目标间无实质权衡。建议检查目标值分布是否退化。
11:46:52 INFO    multirun                     第  6/10 次: 前沿 100 个解，HV=1.628e+08，最优未服务=0.0，耗时 20.3s
11:46:52 INFO    evtol_siting.nsga2_core    初始种群: 100 个个体 × 1332 维，站点数 区间 (12, 400)（区间初始化，自由规模）
11:47:47 INFO    multirun                     第  7/10 次: 前沿 100 个解，HV=2.794e+08，最优未服务=5.3，耗时 55.1s
11:47:47 INFO    evtol_siting.nsga2_core    初始种群: 100 个个体 × 1332 维，站点数 区间 (12, 400)（区间初始化，自由规模）
11:48:40 INFO    multirun                     第  8/10 次: 前沿 100 个解，HV=3.091e+08，最优未服务=5.3，耗时 52.4s
11:48:40 INFO    evtol_siting.nsga2_core    初始种群: 100 个个体 × 1332 维，站点数 区间 (12, 400)（区间初始化，自由规模）
11:49:35 INFO    multirun                     第  9/10 次: 前沿 100 个解，HV=3.292e+08，最优未服务=0.0，耗时 55.4s
11:49:35 INFO    evtol_siting.nsga2_core    初始种群: 100 个个体 × 1332 维，站点数 区间 (12, 400)（区间初始化，自由规模）
11:50:26 WARNING evtol_siting.nsga2_core    帕累托前沿在 100 代内**没有改进**（HV 3.213e+08 -> 3.213e+08）。可能原因：(1) 初始种群已被 IP 解锚定在最优附近；(2) 修复算子过强，压制了搜索空间；(3) 目标间无实质权衡。建议检查目标值分布是否退化。
11:50:26 INFO    multirun                     第 10/10 次: 前沿 100 个解，HV=3.213e+08，最优未服务=0.0，耗时 51.0s
11:50:56 INFO    multirun                   
11:50:56 INFO    multirun                   ── 算法稳定性（10 次独立运行）──
11:50:56 INFO    multirun                      hypervolume    均值 5.2856e+19   标准差 7.1608e+17   （5.164e+19 – 5.4357e+19）
11:50:56 INFO    multirun                      spacing        均值 0.052301     标准差 0.008095     （0.037401 – 0.06453）
11:50:56 INFO    multirun                      spread         均值 0.96276      标准差 0.054969     （0.86688 – 1.0111）
11:50:56 INFO    multirun                      igd            均值 0.06451      标准差 0.0030978    （0.060648 – 0.06869）
11:50:56 INFO    multirun                      n              均值 100          标准差 0            （100 – 100）
11:50:56 INFO    multirun                      注：HV 越大越好；SP/Δ/IGD 越小越好。论文中报告为 均值 ± 标准差。
11:54:52 INFO    multirun                   
11:54:52 INFO    multirun                   ── 与 pymoo NSGA-II 交叉验证 ──
11:54:52 INFO    multirun                      自实现 HV 均值 9.3979e+19 (n=10)
11:54:52 INFO    multirun                      pymoo  HV        5.8961e+19
11:54:52 INFO    multirun                      比值 1.5939，Mann-Whitney p=6.386e-05，Cliff's δ=+1.000
11:54:52 INFO    multirun                      判读：比值接近 1 且 p>0.05 表示两者统计上无显著差异，自实现 NSGA-II 通过正确性验证。
11:54:52 INFO    multirun                   
11:54:52 INFO    multirun                   ── 单目标基线 vs NSGA-II 前沿 ──
11:54:52 INFO    evtol_siting.baselines     基线求解：13 个 MILP，6 路并发（本机 20 核）
11:54:58 INFO    evtol_siting.baselines     [set_covering] -> 10 个设施，耗时 6.1s
11:54:59 INFO    evtol_siting.baselines     [p_median_p8] p=8: 2519 个需求单元 × 25 近邻 = 61777 个分配变量
11:55:01 INFO    evtol_siting.baselines     [p_median_p12] p=12: 2519 个需求单元 × 25 近邻 = 61777 个分配变量
11:55:08 INFO    evtol_siting.baselines     [p_center_p12] p=12 -> 12 个设施，最大接驳时间 13.61 分钟，耗时 15.7s
11:55:12 INFO    evtol_siting.baselines     [p_median_p18] p=18: 2519 个需求单元 × 25 近邻 = 61777 个分配变量
11:55:16 WARNING evtol_siting.baselines     [p_center_p8] 未找到可行解（p=8 过小？）
11:55:19 INFO    evtol_siting.baselines     [p_center_p18] p=18 -> 12 个设施，最大接驳时间 13.61 分钟，耗时 3.0s
11:55:23 INFO    evtol_siting.baselines     [max_coverage_p18] p=18 -> 18 个设施，覆盖需求 48720，耗时 3.7s
11:55:27 INFO    evtol_siting.baselines     [p_median_p25] p=25: 2519 个需求单元 × 25 近邻 = 61777 个分配变量
11:55:30 INFO    evtol_siting.baselines     [max_coverage_p12] p=12 -> 12 个设施，覆盖需求 48615，耗时 31.8s
11:55:33 INFO    evtol_siting.baselines     [p_center_p25] p=25 -> 12 个设施，最大接驳时间 13.61 分钟，耗时 3.0s
11:55:36 INFO    evtol_siting.baselines     [max_coverage_p25] p=25 -> 24 个设施，覆盖需求 48720，耗时 3.3s
11:56:12 INFO    evtol_siting.baselines     [max_coverage_p8] p=8 -> 8 个设施，覆盖需求 46386，耗时 79.5s
12:00:02 INFO    evtol_siting.baselines     [p_median_p8] p=8 -> 8 个设施，目标 218614.2，耗时 309.9s
12:00:06 INFO    evtol_siting.baselines     [p_median_p12] p=12 -> 12 个设施，目标 257041.5，耗时 313.7s
12:00:37 INFO    evtol_siting.baselines     [p_median_p25] p=25 -> 25 个设施，目标 303122.8，耗时 313.5s
12:00:50 INFO    evtol_siting.baselines     [p_median_p18] p=18 -> 18 个设施，目标 290725.8，耗时 342.0s
12:00:50 INFO    evtol_siting.baselines     基线求解完成: 12/13 成功，墙钟 358s
12:00:50 INFO    evtol_siting.baselines     基线结果已缓存: baselines_e850785d961ac948b2b07a339ecab57c.json
12:00:50 INFO    multirun                           baseline  n_sites  unserved_demand  total_access_time  inequity   total_cost  n_front_dominating  dominated_by_front_pct  demand_coverage_pct  worst_group_access_time_min  equity_gini
    p_center_p12       12      1048.320402      437393.803132 11.011268 6.683545e+08                  31               10.130719            97.848261                    11.011268     0.037957
    p_center_p18       12      1089.000721      434003.986808  9.684198 6.176481e+08                  14                4.575163            97.764762                     9.684198     0.039498
    p_center_p25       12      1089.000721      434003.986808  9.684198 6.176481e+08                  14                4.575163            97.764762                     9.684198     0.039498
    set_covering       10      1681.946466      463958.349320 10.278133 5.141768e+08                   7                2.287582            96.547706                    10.278133     0.028526
     p_median_p8        8      9818.729785      381006.597821 10.090589 3.758873e+08                   0                0.000000            79.846479                    10.090589     0.010407
 max_coverage_p8        8      2333.274300      487711.609238 10.906532 4.519011e+08                   0                0.000000            95.210817                    10.906532     0.011976
    p_median_p12       12      6039.328095      396933.026858  9.638065 5.160191e+08                   0                0.000000            87.603923                     9.638065     0.009162
max_coverage_p12       12       104.598815      485082.631912 10.482511 6.119808e+08                   0                0.000000            99.785305                    10.482511     0.033429
    p_median_p18       18      1023.930449      404809.666187  8.910879 9.567595e+08                   0                0.000000            97.898322                     8.910879     0.027138
max_coverage_p18       18         0.000000      447219.659934  9.851214 9.442722e+08                   0                0.000000           100.000000                     9.851214     0.017697
    p_median_p25       25       163.123113      397571.618550  8.917760 1.331594e+09                   0                0.000000            99.665180                     8.917760     0.024743
max_coverage_p25       24         0.000000      441915.494751  9.738346 1.274610e+09                   0                0.000000           100.000000                     9.738346     0.019736
12:00:50 INFO    multirun                      判读：dominated_by_front_pct 越高，说明该单目标模型的最优解被 NSGA-II 前沿支配得越彻底——这是'多目标必要性'的直接证据。
12:00:50 INFO    multirun                   
12:00:50 INFO    multirun                   ── 加权求和对照（同一算法、同一预算，仅改选择机制）──
12:00:50 INFO    evtol_siting.nsga2_core    初始种群: 100 个个体 × 1332 维，站点数 区间 (12, 400)（区间初始化，自由规模）
12:00:58 WARNING evtol_siting.nsga2_core    帕累托前沿在 61 代内**没有改进**（HV 2.688e+13 -> 2.423e+13）。可能原因：(1) 初始种群已被 IP 解锚定在最优附近；(2) 修复算子过强，压制了搜索空间；(3) 目标间无实质权衡。建议检查目标值分布是否退化。
12:00:58 INFO    evtol_siting.nsga2_core    初始种群: 100 个个体 × 1332 维，站点数 区间 (12, 400)（区间初始化，自由规模）
12:01:04 WARNING evtol_siting.nsga2_core    帕累托前沿在 61 代内**没有改进**（HV 3.401e+14 -> 3.401e+14）。可能原因：(1) 初始种群已被 IP 解锚定在最优附近；(2) 修复算子过强，压制了搜索空间；(3) 目标间无实质权衡。建议检查目标值分布是否退化。
12:01:04 INFO    evtol_siting.nsga2_core    初始种群: 100 个个体 × 1332 维，站点数 区间 (12, 400)（区间初始化，自由规模）
12:01:10 WARNING evtol_siting.nsga2_core    帕累托前沿在 61 代内**没有改进**（HV 3.032e+14 -> 2.139e+14）。可能原因：(1) 初始种群已被 IP 解锚定在最优附近；(2) 修复算子过强，压制了搜索空间；(3) 目标间无实质权衡。建议检查目标值分布是否退化。
12:01:10 INFO    evtol_siting.nsga2_core    初始种群: 100 个个体 × 1332 维，站点数 区间 (12, 400)（区间初始化，自由规模）
12:01:15 WARNING evtol_siting.nsga2_core    帕累托前沿在 61 代内**没有改进**（HV 3.351e+14 -> 3.301e+14）。可能原因：(1) 初始种群已被 IP 解锚定在最优附近；(2) 修复算子过强，压制了搜索空间；(3) 目标间无实质权衡。建议检查目标值分布是否退化。
12:01:15 INFO    multirun                      已完成 4/16 个权重方向
12:01:15 INFO    evtol_siting.nsga2_core    初始种群: 100 个个体 × 1332 维，站点数 区间 (12, 400)（区间初始化，自由规模）
12:01:21 WARNING evtol_siting.nsga2_core    帕累托前沿在 61 代内**没有改进**（HV 3.526e+13 -> 3.38e+13）。可能原因：(1) 初始种群已被 IP 解锚定在最优附近；(2) 修复算子过强，压制了搜索空间；(3) 目标间无实质权衡。建议检查目标值分布是否退化。
12:01:21 INFO    evtol_siting.nsga2_core    初始种群: 100 个个体 × 1332 维，站点数 区间 (12, 400)（区间初始化，自由规模）
12:01:28 WARNING evtol_siting.nsga2_core    帕累托前沿在 61 代内**没有改进**（HV 7.162e+14 -> 5.753e+14）。可能原因：(1) 初始种群已被 IP 解锚定在最优附近；(2) 修复算子过强，压制了搜索空间；(3) 目标间无实质权衡。建议检查目标值分布是否退化。
12:01:28 INFO    evtol_siting.nsga2_core    初始种群: 100 个个体 × 1332 维，站点数 区间 (12, 400)（区间初始化，自由规模）
12:01:34 WARNING evtol_siting.nsga2_core    帕累托前沿在 61 代内**没有改进**（HV 8.533e+14 -> 8.533e+14）。可能原因：(1) 初始种群已被 IP 解锚定在最优附近；(2) 修复算子过强，压制了搜索空间；(3) 目标间无实质权衡。建议检查目标值分布是否退化。
12:01:34 INFO    evtol_siting.nsga2_core    初始种群: 100 个个体 × 1332 维，站点数 区间 (12, 400)（区间初始化，自由规模）
12:01:40 WARNING evtol_siting.nsga2_core    帕累托前沿在 61 代内**没有改进**（HV 2.082e+13 -> 1.897e+13）。可能原因：(1) 初始种群已被 IP 解锚定在最优附近；(2) 修复算子过强，压制了搜索空间；(3) 目标间无实质权衡。建议检查目标值分布是否退化。
12:01:40 INFO    multirun                      已完成 8/16 个权重方向
12:01:40 INFO    evtol_siting.nsga2_core    初始种群: 100 个个体 × 1332 维，站点数 区间 (12, 400)（区间初始化，自由规模）
12:01:47 WARNING evtol_siting.nsga2_core    帕累托前沿在 61 代内**没有改进**（HV 1.502e+15 -> 1.358e+15）。可能原因：(1) 初始种群已被 IP 解锚定在最优附近；(2) 修复算子过强，压制了搜索空间；(3) 目标间无实质权衡。建议检查目标值分布是否退化。
12:01:47 INFO    evtol_siting.nsga2_core    初始种群: 100 个个体 × 1332 维，站点数 区间 (12, 400)（区间初始化，自由规模）
12:01:53 WARNING evtol_siting.nsga2_core    帕累托前沿在 61 代内**没有改进**（HV 1.128e+13 -> 1.128e+13）。可能原因：(1) 初始种群已被 IP 解锚定在最优附近；(2) 修复算子过强，压制了搜索空间；(3) 目标间无实质权衡。建议检查目标值分布是否退化。
12:01:53 INFO    evtol_siting.nsga2_core    初始种群: 100 个个体 × 1332 维，站点数 区间 (12, 400)（区间初始化，自由规模）
12:01:59 WARNING evtol_siting.nsga2_core    帕累托前沿在 61 代内**没有改进**（HV 1.282e+14 -> 1.147e+14）。可能原因：(1) 初始种群已被 IP 解锚定在最优附近；(2) 修复算子过强，压制了搜索空间；(3) 目标间无实质权衡。建议检查目标值分布是否退化。
12:01:59 INFO    evtol_siting.nsga2_core    初始种群: 100 个个体 × 1332 维，站点数 区间 (12, 400)（区间初始化，自由规模）
12:02:06 WARNING evtol_siting.nsga2_core    帕累托前沿在 61 代内**没有改进**（HV 1.132e+14 -> 1.01e+14）。可能原因：(1) 初始种群已被 IP 解锚定在最优附近；(2) 修复算子过强，压制了搜索空间；(3) 目标间无实质权衡。建议检查目标值分布是否退化。
12:02:06 INFO    multirun                      已完成 12/16 个权重方向
12:02:06 INFO    evtol_siting.nsga2_core    初始种群: 100 个个体 × 1332 维，站点数 区间 (12, 400)（区间初始化，自由规模）
12:02:36 WARNING evtol_siting.nsga2_core    帕累托前沿在 61 代内**没有改进**（HV 1e-18 -> 1e-18）。可能原因：(1) 初始种群已被 IP 解锚定在最优附近；(2) 修复算子过强，压制了搜索空间；(3) 目标间无实质权衡。建议检查目标值分布是否退化。
12:02:36 INFO    evtol_siting.nsga2_core    初始种群: 100 个个体 × 1332 维，站点数 区间 (12, 400)（区间初始化，自由规模）
12:03:11 WARNING evtol_siting.nsga2_core    帕累托前沿在 61 代内**没有改进**（HV 7.91e+08 -> 7.892e+08）。可能原因：(1) 初始种群已被 IP 解锚定在最优附近；(2) 修复算子过强，压制了搜索空间；(3) 目标间无实质权衡。建议检查目标值分布是否退化。
12:03:11 INFO    evtol_siting.nsga2_core    初始种群: 100 个个体 × 1332 维，站点数 区间 (12, 400)（区间初始化，自由规模）
12:03:44 WARNING evtol_siting.nsga2_core    帕累托前沿在 61 代内**没有改进**（HV 0.3627 -> 0.3626）。可能原因：(1) 初始种群已被 IP 解锚定在最优附近；(2) 修复算子过强，压制了搜索空间；(3) 目标间无实质权衡。建议检查目标值分布是否退化。
12:03:44 INFO    evtol_siting.nsga2_core    初始种群: 100 个个体 × 1332 维，站点数 区间 (12, 400)（区间初始化，自由规模）
12:03:51 WARNING evtol_siting.nsga2_core    帕累托前沿在 61 代内**没有改进**（HV 3.47e+15 -> 2.543e+15）。可能原因：(1) 初始种群已被 IP 解锚定在最优附近；(2) 修复算子过强，压制了搜索空间；(3) 目标间无实质权衡。建议检查目标值分布是否退化。
12:03:51 INFO    multirun                      已完成 16/16 个权重方向
12:03:51 INFO    multirun                      结果：16 个权重方向中，69% 的解被 NSGA-II 前沿支配；平均被 0.9% 的前沿解支配
12:03:51 INFO    multirun                      判读：加权和法的解被前沿支配，说明它**无法到达帕累托前沿的非凸部分**。这正是多目标处理的必要性所在——若所有加权和解都落在前沿上，则说明问题目标间无实质权衡，多目标处理不必要。
12:03:51 INFO    multirun                   
12:03:51 INFO    multirun                   ── 公平性定义对比：人群组均值 vs 单用户最小最大 ──
12:03:51 INFO    evtol_siting.stage4_nsga2  问题实例: 2519 个需求单元（核心 1008），1332 个候选；接驳预算 15.0 分钟；单点最大可覆盖 307 个核心单元（占核心 30.5%）
12:03:51 INFO    evtol_siting.nsga2_core    初始种群: 100 个个体 × 1332 维，站点数 区间 (12, 400)（区间初始化，自由规模）
12:04:10 WARNING evtol_siting.nsga2_core    帕累托前沿在 100 代内**没有改进**（HV 2.838e+08 -> 2.838e+08）。可能原因：(1) 初始种群已被 IP 解锚定在最优附近；(2) 修复算子过强，压制了搜索空间；(3) 目标间无实质权衡。建议检查目标值分布是否退化。
12:04:10 INFO    evtol_siting.stage4_nsga2  问题实例: 2519 个需求单元（核心 1008），1332 个候选；接驳预算 15.0 分钟；单点最大可覆盖 307 个核心单元（占核心 30.5%）
12:04:10 INFO    evtol_siting.nsga2_core    初始种群: 100 个个体 × 1332 维，站点数 区间 (12, 400)（区间初始化，自由规模）
12:04:30 INFO    multirun                                           direction  count  total  pct
group_mean 被 individual_max 支配的解数      0    100  0.0
individual_max 被 group_mean 支配的解数     34    100 34.0
12:04:30 INFO    multirun                      group_mean 前沿的公平性最优值（目标 3）: 5.9629（该目标即人群组最差可达性）
12:04:30 INFO    multirun                      individual_max 前沿的公平性最优值（目标 3，此时为单用户最大）: 14.9811
12:04:30 INFO    evtol_siting.stage4_nsga2  问题实例: 2519 个需求单元（核心 1008），1332 个候选；接驳预算 15.0 分钟；单点最大可覆盖 307 个核心单元（占核心 30.5%）
12:04:30 INFO    multirun                      注：两者的目标 3 定义不同，数值不可直接比较；上表的分支配对才是有效证据。
12:04:30 INFO    multirun                      判读：若两个方向都存在互相支配的解，说明两种公平性定义刻画的是**不同的**公平维度，'人群组公平'不是 p-中心的重复表述，新意 (A) 成立。若某一方完全支配另一方，则应如实报告后者不构成独立贡献。
12:04:30 INFO    multirun                   
12:04:30 INFO    multirun                   ── 拐点解的指标跨运行分布（论文可报告为 均值 ± 标准差）──
12:04:30 INFO    multirun                      unserved     504.4 ± 588.9
12:04:30 INFO    multirun                      total_time   3.951e+05 ± 4.641e+04
12:04:30 INFO    multirun                      inequity     9.496 ± 1.626
12:04:30 INFO    multirun                      cost         2.453e+09 ± 2.265e+09
12:04:30 INFO    multirun                   
12:04:30 INFO    multirun                   ============================================================================
12:04:30 INFO    multirun                    完成。输出目录: evtol_siting\outputs\tables
12:04:30 INFO    multirun                    文件: multirun_runs.csv / multirun_metrics.csv / baseline_vs_front.csv / weighted_sum_vs_front.csv / multirun_knee.csv / pymoo_validation.json
12:04:30 INFO    multirun                   ============================================================================
21:48:27 INFO    multirun                   ============================================================================
21:48:27 INFO    multirun                    多次独立运行：10 次，pop=100，gen=100，data_mode=real
21:48:27 INFO    multirun                   ============================================================================
21:48:27 INFO    evtol_siting.pipeline      ============================================================
21:48:27 INFO    evtol_siting.pipeline      阶段一：基于 GIS 的候选起降场筛选
21:48:27 INFO    evtol_siting.pipeline      ============================================================
21:48:27 INFO    evtol_siting.pipeline      解析 PBF 提取包: sichuan-latest.osm.pbf
21:48:46 INFO    evtol_siting.data.pbf        已扫描 200000 个候选要素…
21:49:10 INFO    evtol_siting.data.pbf        已扫描 400000 个候选要素…
21:49:32 INFO    evtol_siting.data.pbf        已扫描 600000 个候选要素…
21:49:57 INFO    evtol_siting.data.pbf        已扫描 800000 个候选要素…
21:50:12 INFO    evtol_siting.data.pbf        buildings          69675 个要素
21:50:13 INFO    evtol_siting.data.pbf        poi                 8159 个要素
21:50:14 INFO    evtol_siting.data.pbf        roads              42272 个要素
21:50:14 INFO    evtol_siting.data.pbf        landuse             8430 个要素
21:50:14 INFO    evtol_siting.data.pbf        water               2252 个要素
21:50:14 INFO    evtol_siting.data.pbf        airports            1364 个要素
21:50:14 INFO    evtol_siting.data.pbf      PBF 解析完成（扫描 921830 个候选要素，输出 6 个图层）
21:50:14 INFO    evtol_siting.data.rasters  建筑高度栅格已存在: evtol_siting\data\raw\height\chengdu_building_height_10m.tif
21:50:21 INFO    evtol_siting.data.heights  高度栅格提供了 49162 栋建筑的高度（覆盖 70.6%）
21:50:21 INFO    evtol_siting.data.heights  分位数回归填补了 14650 栋建筑的高度（中位数 18.6 m）
21:50:21 INFO    evtol_siting.data.heights  高度融合结果（共 69675 栋）:
    raster_height     70.6%
    imputed           21.0%
    osm_levels         7.3%
    osm_height         1.1%
21:50:21 INFO    evtol_siting.data.heights      有标签覆盖率: 8.4% -> 融合后覆盖率: 100.0%
21:50:21 INFO    evtol_siting.data.rasters  人口栅格已存在: evtol_siting\data\raw\population\chengdu_population_100m.tif
21:50:21 INFO    evtol_siting.data.rasters  收入代理数据已存在: evtol_siting\data\raw\income\chengdu_income_proxy.gpkg
21:50:22 INFO    evtol_siting.pipeline      收入代理已载入: 6716 个点（EPSG:4326）
21:50:22 INFO    evtol_siting.data.rasters  DEM 已存在: evtol_siting\data\raw\dem\chengdu_dem_30m.tif
21:50:26 INFO    evtol_siting.data.rasters  坡度栅格已生成: evtol_siting\data\interim\slope.tif
21:50:27 INFO    evtol_siting.geo           栅格化完成: 单元边长 500 m, 单元数 2519, 覆盖 629.8 km²
21:50:27 INFO    evtol_siting.stage1_candidates 屋顶型筛选: 1430 / 69675 栋建筑满足 h>=20m 且 A_roof>=1600m² (2.05%)
21:50:27 INFO    evtol_siting.stage1_candidates   排除 用地类型: 30 个单元（1.2%）
21:50:27 INFO    evtol_siting.stage1_candidates   排除 水域: 55 个单元（2.2%）
21:50:27 INFO    evtol_siting.stage1_candidates   建筑覆盖率判据 (max=0.55): 剔除 4 个单元（保留 2430）；覆盖率中位数 0.05
21:50:27 INFO    evtol_siting.stage1_candidates 坡度判据: 2430 / 2430 单元满足 slope<=15° (剔除 0)
21:50:28 INFO    evtol_siting.stage1_candidates 地面型筛选: 2430 个候选（用地排除 -89，坡度排除后）
21:50:28 INFO    evtol_siting.stage1_candidates 地面型候选已按路网可达性重新评分（中位距离 91 m）
21:50:28 INFO    evtol_siting.stage1_candidates 已为 1430 个缺少 cell_id 的候选（屋顶型）补齐所属栅格单元（补齐后 3770/3860 有 cell_id）
21:50:28 INFO    evtol_siting.stage1_candidates   90 个候选落在栅格之外，改用坐标分桶作为 cell_id
21:50:28 INFO    evtol_siting.stage1_candidates   口径 all_aeroway：1298 个非直升要素全部按运输机场处理
21:50:28 INFO    evtol_siting.stage1_candidates   机场净空区（含民用） (r=4000m): 剔除 1472 个候选（占 38.1%）
21:50:28 INFO    evtol_siting.stage1_candidates   既有直升机场 (r=1000m): 剔除 178 个候选（占 4.6%）
21:50:28 INFO    evtol_siting.stage1_candidates 安全排除后剩余 2344 个候选（原有 3860）
21:50:28 INFO    evtol_siting.stage1_candidates   [ground] 类别内稀释: 1581 -> 1581
21:50:28 INFO    evtol_siting.stage1_candidates   [rooftop] 类别内稀释: 693 -> 258
21:50:29 INFO    evtol_siting.stage1_candidates 密度稀释 (c_min=500m, 每栅格<=3): 2344 -> 1332 个候选 （配额 -70，类别内间距 -435，跨类别冲突 -507）；构成: {'ground': 1076, 'rooftop': 256}
21:50:29 INFO    evtol_siting.stage1_candidates 阶段一完成: 1332 个候选起降场（屋顶型 256，地面型 1076）
21:50:29 INFO    evtol_siting.pipeline      ============================================================
21:50:29 INFO    evtol_siting.pipeline      阶段二：K-means 人群分类与需求空间化
21:50:29 INFO    evtol_siting.pipeline      ============================================================
21:50:29 INFO    evtol_siting.data.dasymetric 人口栅格分辨率 80 m 细于需求格网 500 m —— 分区求和已是正确的格网人口总量，**体积重分配在此不产生作用**，直接使用分区求和。（体积权重的价值在于把人口摊到建筑上做更细的分析，需 force=True）
21:50:29 WARNING evtol_siting.data.dasymetric 退化为按分区求和（假设人口在格网内均匀分布）
21:50:43 INFO    evtol_siting.stage2_demand 人口分配方式对比（论文 Table 用）:
    method  total_population  n_nonzero_cells  mean_per_cell  std_per_cell       cv     max_cell  top1pct_share     gini
dasymetric      7.712263e+06             2517    3061.636823   2504.238782 0.817941 12360.637527       0.032418 0.458119
   uniform      7.712263e+06             2517    3061.636823   2504.238782 0.817941 12360.637527       0.032418 0.458119
21:50:43 INFO    evtol_siting.stage2_demand 人口: 合计 7712263 人，单元中位数 2567 人（来源: zonal_sum）
21:50:44 INFO    evtol_siting.stage2_demand 收入代理(RWI): 范围 [4.28, 94.31]，单元均值 28.593
21:50:44 INFO    evtol_siting.stage2_demand POI: 研究区内 7442 个，单元密度中位数 0 个/km²
21:50:49 INFO    evtol_siting.stage2_demand K 选择 (silhouette): K=5，得分 0.4742，各 K 得分 {3: 0.4713, 4: 0.4495, 5: 0.4742, 6: 0.4289, 7: 0.4336, 8: 0.4372}
21:50:49 INFO    evtol_siting.choice_model  收入阶梯（K=5）: 2,086  3,285  4,500  6,164  9,709
21:50:49 INFO    evtol_siting.choice_model  时间价值: 6.0  9.4  12.9  17.7  27.9 元/小时（对应月收入 2,086  3,285  4,500  6,164  9,709）
21:50:49 INFO    evtol_siting.choice_model  时间价值: 1.2  1.4  1.6  1.8  2.1  2.4  2.8  3.2  3.7  4.2  4.9  5.6  6.4  7.4  8.5  9.8  11.2  12.9  14.8  17.0  19.6  22.5  25.8  29.7 元/小时（对应月收入 421  484  556  639  735  844  970  1,115  1,282  1,473  1,693  1,946  2,236  2,570  2,953  3,394  3,901  4,483  5,153  5,922  6,806  7,822  8,989  10,331）
21:50:49 INFO    evtol_siting.choice_model  时间价值: 1.9  2.2  2.5  2.9  3.3  3.8  4.4  5.0  5.8  6.7  7.7  8.8  10.1  11.6  13.4  15.4  17.7  20.3  23.3  26.8  30.8  35.4  40.7  46.8 元/小时（对应月收入 663  762  876  1,007  1,157  1,330  1,528  1,757  2,019  2,320  2,666  3,064  3,522  4,048  4,652  5,346  6,144  7,061  8,116  9,327  10,719  12,319  14,158  16,272）
21:50:49 INFO    evtol_siting.choice_model  时间价值: 2.6  3.0  3.4  4.0  4.6  5.2  6.0  6.9  7.9  9.1  10.5  12.1  13.9  15.9  18.3  21.0  24.2  27.8  31.9  36.7  42.2  48.5  55.7  64.0 元/小时（对应月收入 909  1,044  1,200  1,379  1,585  1,822  2,094  2,406  2,765  3,178  3,652  4,198  4,824  5,544  6,372  7,323  8,416  9,673  11,116  12,776  14,683  16,875  19,394  22,289）
21:50:49 INFO    evtol_siting.choice_model  时间价值: 3.6  4.1  4.7  5.4  6.2  7.2  8.2  9.5  10.9  12.5  14.4  16.5  19.0  21.8  25.1  28.8  33.1  38.1  43.8  50.3  57.8  66.4  76.3  87.7 元/小时（对应月收入 1,244  1,430  1,644  1,889  2,171  2,495  2,868  3,296  3,788  4,353  5,003  5,750  6,608  7,594  8,728  10,031  11,528  13,249  15,227  17,500  20,112  23,114  26,565  30,530）
21:50:49 INFO    evtol_siting.choice_model  时间价值: 5.6  6.5  7.4  8.6  9.8  11.3  13.0  14.9  17.1  19.7  22.6  26.0  29.9  34.4  39.5  45.4  52.2  60.0  68.9  79.2  91.0  104.6  120.2  138.2 元/小时（对应月收入 1,960  2,253  2,589  2,975  3,420  3,930  4,517  5,191  5,966  6,856  7,880  9,056  10,408  11,962  13,747  15,799  18,158  20,868  23,983  27,563  31,678  36,407  41,841  48,087）
21:50:49 INFO    evtol_siting.choice_model  选择模型 [区域内积分（σ_within=0.4）]: 出行 15 km，地面 55 分钟 / 57 元，eVTOL 24 分钟 / 130 元，节省 31 分钟；采用概率 0.0572–0.0920（类间比 1.61）
21:50:49 INFO    evtol_siting.choice_model  各类人群采用概率:
 cluster  monthly_income_cny  vot_cny_per_h  p_evtol  demand_rate
       3              2086.0           5.99  0.05718     0.005718
       0              3285.0           9.44  0.06157     0.006157
       1              4500.0          12.93  0.06638     0.006638
       2              6164.0          17.71  0.07364     0.007364
       4              9709.0          27.90  0.09201     0.009201
21:50:49 INFO    evtol_siting.stage2_demand K-means 聚类完成: K=5，总需求 51899 次/日，总人口 7712263 人
21:50:49 INFO    evtol_siting.stage2_demand 类画像:
 cluster  n_cells   population  income_mean  poi_density_mean  trip_rate  monthly_income_cny  vot_cny_per_h  p_evtol  demand_trips_per_day k_selection
       3      911 1.274286e+06    15.458149          1.242591   0.005718              2086.0           5.99  0.05718           7286.368668  silhouette
       0      916 2.953990e+06    31.667580          4.310044   0.006157              3285.0           9.44  0.06157          18187.714329  silhouette
       1      311 1.804357e+06    33.630300         41.273312   0.006638              4500.0          12.93  0.06638          11977.321363  silhouette
       2       81 5.478822e+05    40.350918        106.123457   0.007364              6164.0          17.71  0.07364           4034.604404  silhouette
       4      300 1.131748e+06    50.690864         10.853333   0.009201              9709.0          27.90  0.09201          10413.214673  silhouette
21:50:49 INFO    evtol_siting.pipeline      ============================================================
21:50:49 INFO    evtol_siting.pipeline      阶段三：0-1 整数规划选址
21:50:49 INFO    evtol_siting.pipeline      ============================================================
21:50:50 INFO    evtol_siting.stage3_ip     [cost_priority] 需求单元 2519 个（核心 1008 个，阈值 分位数 0.60（>=21.5 次/日）），候选 1332 个，接驳时间预算 15.0 分钟，设施上限 20
21:50:50 INFO    evtol_siting.stage3_ip     [cost_priority] 最优解: 11 个起降场，总成本 3.16 亿元，需求覆盖率 96.8%，人口覆盖率 96.5%（耗时 0.62s）
21:50:51 INFO    evtol_siting.stage3_ip     [coverage_priority] 需求单元 2519 个（核心 1008 个，阈值 分位数 0.60（>=21.5 次/日）），候选 1332 个，接驳时间预算 15.0 分钟，设施上限 35
21:50:51 INFO    evtol_siting.stage3_ip     [coverage_priority] 最优解: 10 个起降场，总成本 4.69 亿元，需求覆盖率 96.4%，人口覆盖率 96.0%（耗时 0.83s）
21:50:51 INFO    evtol_siting.stage3_ip     阶段三完成: 2 个情景求解成功（cost_priority=Optimal, coverage_priority=Optimal）
21:50:51 INFO    evtol_siting.stage4_nsga2  问题实例: 2519 个需求单元（核心 1008），1332 个候选；接驳预算 15.0 分钟；单点最大可覆盖 303 个核心单元（占核心 30.1%）
21:50:51 INFO    evtol_siting.nsga2_core    初始种群: 100 个个体 × 1332 维，站点数 区间 (12, 400)（区间初始化，自由规模）
21:51:40 INFO    multirun                     第  1/10 次: 前沿 100 个解，HV=3.78e+08，最优未服务=0.0，耗时 48.7s
21:51:40 INFO    evtol_siting.nsga2_core    初始种群: 100 个个体 × 1332 维，站点数 区间 (12, 400)（区间初始化，自由规模）
21:52:28 INFO    multirun                     第  2/10 次: 前沿 100 个解，HV=3.779e+08，最优未服务=0.0，耗时 47.7s
21:52:28 INFO    evtol_siting.nsga2_core    初始种群: 100 个个体 × 1332 维，站点数 区间 (12, 400)（区间初始化，自由规模）
21:53:17 INFO    multirun                     第  3/10 次: 前沿 100 个解，HV=3.7e+08，最优未服务=0.0，耗时 48.6s
21:53:17 INFO    evtol_siting.nsga2_core    初始种群: 100 个个体 × 1332 维，站点数 区间 (12, 400)（区间初始化，自由规模）
21:54:05 INFO    multirun                     第  4/10 次: 前沿 100 个解，HV=3.874e+08，最优未服务=11.8，耗时 48.5s
21:54:05 INFO    evtol_siting.nsga2_core    初始种群: 100 个个体 × 1332 维，站点数 区间 (12, 400)（区间初始化，自由规模）
21:54:38 WARNING evtol_siting.nsga2_core    帕累托前沿在 100 代内**没有改进**（HV 3.643e+08 -> 3.643e+08）。可能原因：(1) 初始种群已被 IP 解锚定在最优附近；(2) 修复算子过强，压制了搜索空间；(3) 目标间无实质权衡。建议检查目标值分布是否退化。
21:54:38 INFO    multirun                     第  5/10 次: 前沿 100 个解，HV=3.643e+08，最优未服务=0.0，耗时 32.7s
21:54:38 INFO    evtol_siting.nsga2_core    初始种群: 100 个个体 × 1332 维，站点数 区间 (12, 400)（区间初始化，自由规模）
21:54:57 WARNING evtol_siting.nsga2_core    帕累托前沿在 100 代内**没有改进**（HV 2.666e+08 -> 2.666e+08）。可能原因：(1) 初始种群已被 IP 解锚定在最优附近；(2) 修复算子过强，压制了搜索空间；(3) 目标间无实质权衡。建议检查目标值分布是否退化。
21:54:57 INFO    multirun                     第  6/10 次: 前沿 100 个解，HV=2.666e+08，最优未服务=0.0，耗时 19.0s
21:54:57 INFO    evtol_siting.nsga2_core    初始种群: 100 个个体 × 1332 维，站点数 区间 (12, 400)（区间初始化，自由规模）
21:55:17 INFO    multirun                     第  7/10 次: 前沿 100 个解，HV=4.266e+08，最优未服务=5.4，耗时 20.7s
21:55:17 INFO    evtol_siting.nsga2_core    初始种群: 100 个个体 × 1332 维，站点数 区间 (12, 400)（区间初始化，自由规模）
21:55:58 INFO    multirun                     第  8/10 次: 前沿 100 个解，HV=3.701e+08，最优未服务=5.4，耗时 41.1s
21:55:58 INFO    evtol_siting.nsga2_core    初始种群: 100 个个体 × 1332 维，站点数 区间 (12, 400)（区间初始化，自由规模）
21:56:45 INFO    multirun                     第  9/10 次: 前沿 100 个解，HV=3.887e+08，最优未服务=8.5，耗时 46.7s
21:56:45 INFO    evtol_siting.nsga2_core    初始种群: 100 个个体 × 1332 维，站点数 区间 (12, 400)（区间初始化，自由规模）
21:57:38 INFO    multirun                     第 10/10 次: 前沿 100 个解，HV=4.081e+08，最优未服务=0.0，耗时 52.8s
21:58:33 INFO    multirun                   
21:58:33 INFO    multirun                   ── 算法稳定性（10 次独立运行）──
21:58:33 INFO    multirun                      hypervolume    均值 4.8865e+19   标准差 8.5718e+17   （4.7741e+19 – 5.0941e+19）
21:58:33 INFO    multirun                      spacing        均值 0.052116     标准差 0.0035381    （0.045455 – 0.058168）
21:58:33 INFO    multirun                      spread         均值 0.94317      标准差 0.047616     （0.88124 – 1.0113）
21:58:33 INFO    multirun                      igd            均值 0.064138     标准差 0.0034839    （0.059896 – 0.07134）
21:58:33 INFO    multirun                      n              均值 100          标准差 0            （100 – 100）
21:58:33 INFO    multirun                      注：HV 越大越好；SP/Δ/IGD 越小越好。论文中报告为 均值 ± 标准差。
22:02:04 INFO    multirun                   
22:02:04 INFO    multirun                   ── 与 pymoo NSGA-II 交叉验证 ──
22:02:04 INFO    multirun                      自实现 HV 均值 6.5328e+19 (n=10)
22:02:04 INFO    multirun                      pymoo  HV        3.914e+19
22:02:04 INFO    multirun                      比值 1.6691，Mann-Whitney p=6.386e-05，Cliff's δ=+1.000
22:02:04 INFO    multirun                      判读：比值接近 1 且 p>0.05 表示两者统计上无显著差异，自实现 NSGA-II 通过正确性验证。
22:02:04 INFO    multirun                   
22:02:04 INFO    multirun                   ── 单目标基线 vs NSGA-II 前沿 ──
22:02:05 INFO    evtol_siting.baselines     基线求解：13 个 MILP，6 路并发（本机 20 核）
22:02:08 INFO    evtol_siting.baselines     [set_covering] -> 10 个设施，耗时 3.4s
22:02:11 INFO    evtol_siting.baselines     [p_median_p12] p=12: 2519 个需求单元 × 25 近邻 = 61777 个分配变量
22:02:13 INFO    evtol_siting.baselines     [p_median_p8] p=8: 2519 个需求单元 × 25 近邻 = 61777 个分配变量
22:02:18 INFO    evtol_siting.baselines     [p_center_p12] p=12 -> 11 个设施，最大接驳时间 13.61 分钟，耗时 13.4s
22:02:21 INFO    evtol_siting.baselines     [p_median_p18] p=18: 2519 个需求单元 × 25 近邻 = 61777 个分配变量
22:02:22 INFO    evtol_siting.baselines     [max_coverage_p12] p=12 -> 12 个设施，覆盖需求 51787，耗时 14.0s
22:02:26 INFO    evtol_siting.baselines     [p_center_p18] p=18 -> 11 个设施，最大接驳时间 13.61 分钟，耗时 3.3s
22:02:27 WARNING evtol_siting.baselines     [p_center_p8] 未找到可行解（p=8 过小？）
22:02:30 INFO    evtol_siting.baselines     [max_coverage_p18] p=18 -> 18 个设施，覆盖需求 51899，耗时 4.2s
22:02:30 INFO    evtol_siting.baselines     [p_median_p25] p=25: 2519 个需求单元 × 25 近邻 = 61777 个分配变量
22:02:34 INFO    evtol_siting.baselines     [p_center_p25] p=25 -> 11 个设施，最大接驳时间 13.61 分钟，耗时 4.2s
22:02:36 INFO    evtol_siting.baselines     [max_coverage_p25] p=25 -> 22 个设施，覆盖需求 51899，耗时 1.9s
22:02:39 INFO    evtol_siting.baselines     [max_coverage_p8] p=8 -> 8 个设施，覆盖需求 49474，耗时 34.7s
22:07:17 INFO    evtol_siting.baselines     [p_median_p8] p=8 -> 8 个设施，目标 227943.2，耗时 312.4s
22:07:22 INFO    evtol_siting.baselines     [p_median_p12] p=12 -> 12 个设施，目标 272754.5，耗时 317.8s
22:07:47 INFO    evtol_siting.baselines     [p_median_p25] p=25 -> 25 个设施，目标 329005.2，耗时 319.5s
22:08:44 INFO    evtol_siting.baselines     [p_median_p18] p=18 -> 18 个设施，目标 310532.6，耗时 385.9s
22:08:44 INFO    evtol_siting.baselines     基线求解完成: 12/13 成功，墙钟 399s
22:08:44 INFO    evtol_siting.baselines     基线结果已缓存: baselines_a33fff80ce4ff613ec7790b1560de2f5.json
22:08:44 INFO    multirun                           baseline  n_sites  unserved_demand  total_access_time  inequity   total_cost  n_front_dominating  dominated_by_front_pct  demand_coverage_pct  worst_group_access_time_min  equity_gini
    p_center_p12       11      1472.744781      464060.526831  9.808476 6.110598e+08                  26                8.201893            97.162299                     9.808476     0.021438
    p_center_p18       11      1472.744781      464060.526831  9.808476 6.110598e+08                  26                8.201893            97.162299                     9.808476     0.021438
    p_center_p25       11      1472.744781      464060.526831  9.808476 6.110598e+08                  26                8.201893            97.162299                     9.808476     0.021438
    set_covering       10      1559.941985      498419.109516 10.494653 4.684594e+08                   3                0.946372            96.994286                    10.494653     0.019808
 max_coverage_p8        8      2425.217264      520738.701458 10.762218 4.519011e+08                   2                0.630915            95.327064                    10.762218     0.010435
     p_median_p8        8     11752.239373      388278.155167  9.852143 3.769191e+08                   0                0.000000            77.355655                     9.852143     0.015887
    p_median_p12       12      6656.701900      415166.806020  9.647961 5.156911e+08                   0                0.000000            87.173793                     9.647961     0.024248
max_coverage_p12       12       112.141326      513905.577027 10.586259 6.119808e+08                   0                0.000000            99.783925                    10.586259     0.030725
    p_median_p18       18      1058.743858      431240.390387  8.921655 9.567595e+08                   0                0.000000            97.960001                     8.921655     0.026724
max_coverage_p18       18         0.000000      481356.368477  9.866576 8.686490e+08                   0                0.000000           100.000000                     9.866576     0.029006
    p_median_p25       25       335.098708      421977.789606  8.520807 1.367692e+09                   0                0.000000            99.354328                     8.520807     0.020413
max_coverage_p25       22         0.000000      471897.405308  9.525732 1.164256e+09                   0                0.000000           100.000000                     9.525732     0.020955
22:08:44 INFO    multirun                      判读：dominated_by_front_pct 越高，说明该单目标模型的最优解被 NSGA-II 前沿支配得越彻底——这是'多目标必要性'的直接证据。
22:08:44 INFO    multirun                   
22:08:44 INFO    multirun                   ── 加权求和对照（同一算法、同一预算，仅改选择机制）──
22:08:44 INFO    evtol_siting.nsga2_core    初始种群: 100 个个体 × 1332 维，站点数 区间 (12, 400)（区间初始化，自由规模）
22:08:57 WARNING evtol_siting.nsga2_core    帕累托前沿在 62 代内**没有改进**（HV 2.417e+13 -> 2.13e+13）。可能原因：(1) 初始种群已被 IP 解锚定在最优附近；(2) 修复算子过强，压制了搜索空间；(3) 目标间无实质权衡。建议检查目标值分布是否退化。
22:08:57 INFO    evtol_siting.nsga2_core    初始种群: 100 个个体 × 1332 维，站点数 区间 (12, 400)（区间初始化，自由规模）
22:09:13 WARNING evtol_siting.nsga2_core    帕累托前沿在 62 代内**没有改进**（HV 2.98e+14 -> 2.98e+14）。可能原因：(1) 初始种群已被 IP 解锚定在最优附近；(2) 修复算子过强，压制了搜索空间；(3) 目标间无实质权衡。建议检查目标值分布是否退化。
22:09:13 INFO    evtol_siting.nsga2_core    初始种群: 100 个个体 × 1332 维，站点数 区间 (12, 400)（区间初始化，自由规模）
22:09:27 WARNING evtol_siting.nsga2_core    帕累托前沿在 62 代内**没有改进**（HV 2.505e+14 -> 2.028e+14）。可能原因：(1) 初始种群已被 IP 解锚定在最优附近；(2) 修复算子过强，压制了搜索空间；(3) 目标间无实质权衡。建议检查目标值分布是否退化。
22:09:27 INFO    evtol_siting.nsga2_core    初始种群: 100 个个体 × 1332 维，站点数 区间 (12, 400)（区间初始化，自由规模）
22:09:39 WARNING evtol_siting.nsga2_core    帕累托前沿在 62 代内**没有改进**（HV 2.62e+14 -> 2.62e+14）。可能原因：(1) 初始种群已被 IP 解锚定在最优附近；(2) 修复算子过强，压制了搜索空间；(3) 目标间无实质权衡。建议检查目标值分布是否退化。
22:09:39 INFO    multirun                      已完成 4/16 个权重方向
22:09:39 INFO    evtol_siting.nsga2_core    初始种群: 100 个个体 × 1332 维，站点数 区间 (12, 400)（区间初始化，自由规模）
22:09:50 WARNING evtol_siting.nsga2_core    帕累托前沿在 62 代内**没有改进**（HV 2.828e+13 -> 2.828e+13）。可能原因：(1) 初始种群已被 IP 解锚定在最优附近；(2) 修复算子过强，压制了搜索空间；(3) 目标间无实质权衡。建议检查目标值分布是否退化。
22:09:50 INFO    evtol_siting.nsga2_core    初始种群: 100 个个体 × 1332 维，站点数 区间 (12, 400)（区间初始化，自由规模）
22:10:07 WARNING evtol_siting.nsga2_core    帕累托前沿在 62 代内**没有改进**（HV 6.663e+14 -> 5.037e+14）。可能原因：(1) 初始种群已被 IP 解锚定在最优附近；(2) 修复算子过强，压制了搜索空间；(3) 目标间无实质权衡。建议检查目标值分布是否退化。
22:10:07 INFO    evtol_siting.nsga2_core    初始种群: 100 个个体 × 1332 维，站点数 区间 (12, 400)（区间初始化，自由规模）
22:10:20 WARNING evtol_siting.nsga2_core    帕累托前沿在 62 代内**没有改进**（HV 7.197e+14 -> 7.197e+14）。可能原因：(1) 初始种群已被 IP 解锚定在最优附近；(2) 修复算子过强，压制了搜索空间；(3) 目标间无实质权衡。建议检查目标值分布是否退化。
22:10:20 INFO    evtol_siting.nsga2_core    初始种群: 100 个个体 × 1332 维，站点数 区间 (12, 400)（区间初始化，自由规模）
22:10:34 WARNING evtol_siting.nsga2_core    帕累托前沿在 62 代内**没有改进**（HV 2.14e+13 -> 1.286e+13）。可能原因：(1) 初始种群已被 IP 解锚定在最优附近；(2) 修复算子过强，压制了搜索空间；(3) 目标间无实质权衡。建议检查目标值分布是否退化。
22:10:34 INFO    multirun                      已完成 8/16 个权重方向
22:10:34 INFO    evtol_siting.nsga2_core    初始种群: 100 个个体 × 1332 维，站点数 区间 (12, 400)（区间初始化，自由规模）
22:10:51 WARNING evtol_siting.nsga2_core    帕累托前沿在 62 代内**没有改进**（HV 1.601e+15 -> 1.446e+15）。可能原因：(1) 初始种群已被 IP 解锚定在最优附近；(2) 修复算子过强，压制了搜索空间；(3) 目标间无实质权衡。建议检查目标值分布是否退化。
22:10:51 INFO    evtol_siting.nsga2_core    初始种群: 100 个个体 × 1332 维，站点数 区间 (12, 400)（区间初始化，自由规模）
22:11:03 WARNING evtol_siting.nsga2_core    帕累托前沿在 62 代内**没有改进**（HV 8.45e+12 -> 8.45e+12）。可能原因：(1) 初始种群已被 IP 解锚定在最优附近；(2) 修复算子过强，压制了搜索空间；(3) 目标间无实质权衡。建议检查目标值分布是否退化。
22:11:03 INFO    evtol_siting.nsga2_core    初始种群: 100 个个体 × 1332 维，站点数 区间 (12, 400)（区间初始化，自由规模）
22:11:17 WARNING evtol_siting.nsga2_core    帕累托前沿在 62 代内**没有改进**（HV 1.172e+14 -> 1.019e+14）。可能原因：(1) 初始种群已被 IP 解锚定在最优附近；(2) 修复算子过强，压制了搜索空间；(3) 目标间无实质权衡。建议检查目标值分布是否退化。
22:11:17 INFO    evtol_siting.nsga2_core    初始种群: 100 个个体 × 1332 维，站点数 区间 (12, 400)（区间初始化，自由规模）
22:11:33 WARNING evtol_siting.nsga2_core    帕累托前沿在 62 代内**没有改进**（HV 1.121e+14 -> 8.054e+13）。可能原因：(1) 初始种群已被 IP 解锚定在最优附近；(2) 修复算子过强，压制了搜索空间；(3) 目标间无实质权衡。建议检查目标值分布是否退化。
22:11:33 INFO    multirun                      已完成 12/16 个权重方向
22:11:33 INFO    evtol_siting.nsga2_core    初始种群: 100 个个体 × 1332 维，站点数 区间 (12, 400)（区间初始化，自由规模）
22:12:51 WARNING evtol_siting.nsga2_core    帕累托前沿在 62 代内**没有改进**（HV 1e-18 -> 1e-18）。可能原因：(1) 初始种群已被 IP 解锚定在最优附近；(2) 修复算子过强，压制了搜索空间；(3) 目标间无实质权衡。建议检查目标值分布是否退化。
22:12:51 INFO    evtol_siting.nsga2_core    初始种群: 100 个个体 × 1332 维，站点数 区间 (12, 400)（区间初始化，自由规模）
22:14:23 WARNING evtol_siting.nsga2_core    帕累托前沿在 62 代内**没有改进**（HV 9.032e+08 -> 9.004e+08）。可能原因：(1) 初始种群已被 IP 解锚定在最优附近；(2) 修复算子过强，压制了搜索空间；(3) 目标间无实质权衡。建议检查目标值分布是否退化。
22:14:23 INFO    evtol_siting.nsga2_core    初始种群: 100 个个体 × 1332 维，站点数 区间 (12, 400)（区间初始化，自由规模）
22:15:56 WARNING evtol_siting.nsga2_core    帕累托前沿在 62 代内**没有改进**（HV 0.3572 -> 0.3551）。可能原因：(1) 初始种群已被 IP 解锚定在最优附近；(2) 修复算子过强，压制了搜索空间；(3) 目标间无实质权衡。建议检查目标值分布是否退化。
22:15:56 INFO    evtol_siting.nsga2_core    初始种群: 100 个个体 × 1332 维，站点数 区间 (12, 400)（区间初始化，自由规模）
22:16:13 WARNING evtol_siting.nsga2_core    帕累托前沿在 62 代内**没有改进**（HV 3.118e+15 -> 2.452e+15）。可能原因：(1) 初始种群已被 IP 解锚定在最优附近；(2) 修复算子过强，压制了搜索空间；(3) 目标间无实质权衡。建议检查目标值分布是否退化。
22:16:13 INFO    multirun                      已完成 16/16 个权重方向
22:16:13 INFO    multirun                      结果：16 个权重方向中，69% 的解被 NSGA-II 前沿支配；平均被 0.7% 的前沿解支配
22:16:13 INFO    multirun                      判读：加权和法的解被前沿支配，说明它**无法到达帕累托前沿的非凸部分**。这正是多目标处理的必要性所在——若所有加权和解都落在前沿上，则说明问题目标间无实质权衡，多目标处理不必要。
22:16:13 INFO    multirun                   
22:16:13 INFO    multirun                   ── 公平性定义对比：人群组均值 vs 单用户最小最大 ──
22:16:13 INFO    evtol_siting.stage4_nsga2  问题实例: 2519 个需求单元（核心 1008），1332 个候选；接驳预算 15.0 分钟；单点最大可覆盖 303 个核心单元（占核心 30.1%）
22:16:13 INFO    evtol_siting.nsga2_core    初始种群: 100 个个体 × 1332 维，站点数 区间 (12, 400)（区间初始化，自由规模）
22:17:03 WARNING evtol_siting.nsga2_core    帕累托前沿在 100 代内**没有改进**（HV 3.774e+08 -> 3.774e+08）。可能原因：(1) 初始种群已被 IP 解锚定在最优附近；(2) 修复算子过强，压制了搜索空间；(3) 目标间无实质权衡。建议检查目标值分布是否退化。
22:17:03 INFO    evtol_siting.stage4_nsga2  问题实例: 2519 个需求单元（核心 1008），1332 个候选；接驳预算 15.0 分钟；单点最大可覆盖 303 个核心单元（占核心 30.1%）
22:17:03 INFO    evtol_siting.nsga2_core    初始种群: 100 个个体 × 1332 维，站点数 区间 (12, 400)（区间初始化，自由规模）
22:17:51 WARNING evtol_siting.nsga2_core    帕累托前沿在 100 代内**没有改进**（HV 3.774e+08 -> 3.774e+08）。可能原因：(1) 初始种群已被 IP 解锚定在最优附近；(2) 修复算子过强，压制了搜索空间；(3) 目标间无实质权衡。建议检查目标值分布是否退化。
22:17:51 INFO    multirun                                           direction  count  total  pct
group_mean 被 individual_max 支配的解数      0    100  0.0
individual_max 被 group_mean 支配的解数     22    100 22.0
22:17:51 INFO    multirun                      group_mean 前沿的公平性最优值（目标 3）: 5.8476（该目标即人群组最差可达性）
22:17:51 INFO    multirun                      individual_max 前沿的公平性最优值（目标 3，此时为单用户最大）: 14.9811
22:17:51 INFO    evtol_siting.stage4_nsga2  问题实例: 2519 个需求单元（核心 1008），1332 个候选；接驳预算 15.0 分钟；单点最大可覆盖 303 个核心单元（占核心 30.1%）
22:17:51 INFO    multirun                      注：两者的目标 3 定义不同，数值不可直接比较；上表的分支配对才是有效证据。
22:17:51 INFO    multirun                      判读：若两个方向都存在互相支配的解，说明两种公平性定义刻画的是**不同的**公平维度，'人群组公平'不是 p-中心的重复表述，新意 (A) 成立。若某一方完全支配另一方，则应如实报告后者不构成独立贡献。
22:17:51 INFO    multirun                   
22:17:51 INFO    multirun                   ── 拐点解的指标跨运行分布（论文可报告为 均值 ± 标准差）──
22:17:51 INFO    multirun                      unserved     608.9 ± 534
22:17:51 INFO    multirun                      total_time   4.501e+05 ± 4.341e+04
22:17:51 INFO    multirun                      inequity     9.287 ± 0.8595
22:17:51 INFO    multirun                      cost         1.416e+09 ± 1.471e+09
22:17:51 INFO    multirun                   
22:17:51 INFO    multirun                   ============================================================================
22:17:51 INFO    multirun                    完成。输出目录: evtol_siting\outputs\tables
22:17:51 INFO    multirun                    文件: multirun_runs.csv / multirun_metrics.csv / baseline_vs_front.csv / weighted_sum_vs_front.csv / multirun_knee.csv / pymoo_validation.json
22:17:51 INFO    multirun                   ============================================================================
12:28:04 INFO    multirun                   ============================================================================
12:28:04 INFO    multirun                    多次独立运行：10 次，pop=100，gen=100，data_mode=real
12:28:04 INFO    multirun                   ============================================================================
12:28:04 INFO    evtol_siting.pipeline      ============================================================
12:28:04 INFO    evtol_siting.pipeline      阶段一：基于 GIS 的候选起降场筛选
12:28:04 INFO    evtol_siting.pipeline      ============================================================
12:28:04 INFO    evtol_siting.pipeline      解析 PBF 提取包: sichuan-latest.osm.pbf
12:28:13 INFO    evtol_siting.data.pbf        已扫描 200000 个候选要素…
12:28:22 INFO    evtol_siting.data.pbf        已扫描 400000 个候选要素…
12:28:30 INFO    evtol_siting.data.pbf        已扫描 600000 个候选要素…
12:28:39 INFO    evtol_siting.data.pbf        已扫描 800000 个候选要素…
12:28:45 INFO    evtol_siting.data.pbf        buildings          69675 个要素
12:28:45 INFO    evtol_siting.data.pbf        poi                 8159 个要素
12:28:45 INFO    evtol_siting.data.pbf        roads              42272 个要素
12:28:46 INFO    evtol_siting.data.pbf        landuse             8430 个要素
12:28:46 INFO    evtol_siting.data.pbf        water               2252 个要素
12:28:46 INFO    evtol_siting.data.pbf        airports            1364 个要素
12:28:46 INFO    evtol_siting.data.pbf      PBF 解析完成（扫描 921830 个候选要素，输出 6 个图层）
12:28:46 INFO    evtol_siting.data.rasters  建筑高度栅格已存在: evtol_siting\data\raw\height\chengdu_building_height_10m.tif
12:28:48 INFO    evtol_siting.data.heights  高度栅格提供了 49162 栋建筑的高度（覆盖 70.6%）
12:28:48 INFO    evtol_siting.data.heights  分位数回归填补了 14650 栋建筑的高度（中位数 18.6 m）
12:28:48 INFO    evtol_siting.data.heights  高度融合结果（共 69675 栋）:
    raster_height     70.6%
    imputed           21.0%
    osm_levels         7.3%
    osm_height         1.1%
12:28:48 INFO    evtol_siting.data.heights      有标签覆盖率: 8.4% -> 融合后覆盖率: 100.0%
12:28:48 INFO    evtol_siting.data.rasters  人口栅格已存在: evtol_siting\data\raw\population\chengdu_population_100m.tif
12:28:48 INFO    evtol_siting.data.rasters  收入代理数据已存在: evtol_siting\data\raw\income\chengdu_income_proxy.gpkg
12:28:49 INFO    evtol_siting.pipeline      收入代理已载入: 6716 个点（EPSG:4326）
12:28:49 INFO    evtol_siting.data.rasters  DEM 已存在: evtol_siting\data\raw\dem\chengdu_dem_30m.tif
12:28:51 INFO    evtol_siting.data.rasters  坡度栅格已生成: evtol_siting\data\interim\chengdu_slope.tif
12:28:51 INFO    evtol_siting.geo           栅格化完成: 单元边长 500 m, 单元数 2519, 覆盖 629.8 km²
12:28:52 INFO    evtol_siting.stage1_candidates 屋顶型筛选: 1430 / 69675 栋建筑满足 h>=20m 且 A_roof>=1600m² (2.05%)
12:28:52 INFO    evtol_siting.stage1_candidates   排除 用地类型: 30 个单元（1.2%）
12:28:52 INFO    evtol_siting.stage1_candidates   排除 水域: 55 个单元（2.2%）
12:28:52 INFO    evtol_siting.stage1_candidates   建筑覆盖率判据 (max=0.55): 剔除 4 个单元（保留 2430）；覆盖率中位数 0.05
12:28:52 INFO    evtol_siting.stage1_candidates 坡度判据: 2419 / 2430 单元满足 slope<=15° (剔除 11)
12:28:52 INFO    evtol_siting.stage1_candidates 地面型筛选: 2419 个候选（用地排除 -100，坡度排除后）
12:28:52 INFO    evtol_siting.stage1_candidates 地面型候选已按路网可达性重新评分（中位距离 91 m）
12:28:52 INFO    evtol_siting.stage1_candidates 已为 1430 个缺少 cell_id 的候选（屋顶型）补齐所属栅格单元（补齐后 3759/3849 有 cell_id）
12:28:52 INFO    evtol_siting.stage1_candidates   90 个候选落在栅格之外，改用坐标分桶作为 cell_id
12:28:52 INFO    evtol_siting.stage1_candidates   口径 all_aeroway：1298 个非直升要素全部按运输机场处理
12:28:52 INFO    evtol_siting.stage1_candidates   机场净空区（含民用） (r=4000m): 剔除 1472 个候选（占 38.2%）
12:28:52 INFO    evtol_siting.stage1_candidates   既有直升机场 (r=1000m): 剔除 177 个候选（占 4.6%）
12:28:52 INFO    evtol_siting.stage1_candidates 安全排除后剩余 2334 个候选（原有 3849）
12:28:52 INFO    evtol_siting.stage1_candidates   [ground] 类别内稀释: 1571 -> 1571
12:28:52 INFO    evtol_siting.stage1_candidates   [rooftop] 类别内稀释: 693 -> 258
12:28:52 INFO    evtol_siting.stage1_candidates 密度稀释 (c_min=500m, 每栅格<=3): 2334 -> 1324 个候选 （配额 -70，类别内间距 -435，跨类别冲突 -505）；构成: {'ground': 1067, 'rooftop': 257}
12:28:52 INFO    evtol_siting.stage1_candidates 阶段一完成: 1324 个候选起降场（屋顶型 257，地面型 1067）
12:28:52 INFO    evtol_siting.pipeline      ============================================================
12:28:52 INFO    evtol_siting.pipeline      阶段二：K-means 人群分类与需求空间化
12:28:52 INFO    evtol_siting.pipeline      ============================================================
12:28:52 INFO    evtol_siting.data.dasymetric 人口栅格分辨率 80 m 细于需求格网 500 m —— 分区求和已是正确的格网人口总量，**体积重分配在此不产生作用**，直接使用分区求和。（体积权重的价值在于把人口摊到建筑上做更细的分析，需 force=True）
12:28:52 WARNING evtol_siting.data.dasymetric 退化为按分区求和（假设人口在格网内均匀分布）
12:28:57 INFO    evtol_siting.stage2_demand 人口分配方式对比（论文 Table 用）:
    method  total_population  n_nonzero_cells  mean_per_cell  std_per_cell       cv     max_cell  top1pct_share     gini
dasymetric      7.712263e+06             2517    3061.636823   2504.238782 0.817941 12360.637527       0.032418 0.458119
   uniform      7.712263e+06             2517    3061.636823   2504.238782 0.817941 12360.637527       0.032418 0.458119
12:28:57 INFO    evtol_siting.stage2_demand 人口: 合计 7712263 人，单元中位数 2567 人（来源: zonal_sum）
12:28:59 INFO    evtol_siting.stage2_demand 收入代理(RWI): 范围 [4.28, 94.31]，单元均值 28.593
12:28:59 INFO    evtol_siting.stage2_demand POI: 研究区内 7442 个，单元密度中位数 0 个/km²
12:29:05 INFO    evtol_siting.stage2_demand K 选择 (silhouette): K=5，得分 0.4742，各 K 得分 {3: 0.4713, 4: 0.4495, 5: 0.4742, 6: 0.4289, 7: 0.4336, 8: 0.4372}
12:29:05 INFO    evtol_siting.choice_model  收入阶梯（K=5）: 2,086  3,285  4,500  6,164  9,709
12:29:05 INFO    evtol_siting.choice_model  时间价值: 6.0  9.4  12.9  17.7  27.9 元/小时（对应月收入 2,086  3,285  4,500  6,164  9,709）
12:29:05 INFO    evtol_siting.choice_model  时间价值: 1.2  1.4  1.6  1.8  2.1  2.4  2.8  3.2  3.7  4.2  4.9  5.6  6.4  7.4  8.5  9.8  11.2  12.9  14.8  17.0  19.6  22.5  25.8  29.7 元/小时（对应月收入 421  484  556  639  735  844  970  1,115  1,282  1,473  1,693  1,946  2,236  2,570  2,953  3,394  3,901  4,483  5,153  5,922  6,806  7,822  8,989  10,331）
12:29:05 INFO    evtol_siting.choice_model  时间价值: 1.9  2.2  2.5  2.9  3.3  3.8  4.4  5.0  5.8  6.7  7.7  8.8  10.1  11.6  13.4  15.4  17.7  20.3  23.3  26.8  30.8  35.4  40.7  46.8 元/小时（对应月收入 663  762  876  1,007  1,157  1,330  1,528  1,757  2,019  2,320  2,666  3,064  3,522  4,048  4,652  5,346  6,144  7,061  8,116  9,327  10,719  12,319  14,158  16,272）
12:29:05 INFO    evtol_siting.choice_model  时间价值: 2.6  3.0  3.4  4.0  4.6  5.2  6.0  6.9  7.9  9.1  10.5  12.1  13.9  15.9  18.3  21.0  24.2  27.8  31.9  36.7  42.2  48.5  55.7  64.0 元/小时（对应月收入 909  1,044  1,200  1,379  1,585  1,822  2,094  2,406  2,765  3,178  3,652  4,198  4,824  5,544  6,372  7,323  8,416  9,673  11,116  12,776  14,683  16,875  19,394  22,289）
12:29:05 INFO    evtol_siting.choice_model  时间价值: 3.6  4.1  4.7  5.4  6.2  7.2  8.2  9.5  10.9  12.5  14.4  16.5  19.0  21.8  25.1  28.8  33.1  38.1  43.8  50.3  57.8  66.4  76.3  87.7 元/小时（对应月收入 1,244  1,430  1,644  1,889  2,171  2,495  2,868  3,296  3,788  4,353  5,003  5,750  6,608  7,594  8,728  10,031  11,528  13,249  15,227  17,500  20,112  23,114  26,565  30,530）
12:29:05 INFO    evtol_siting.choice_model  时间价值: 5.6  6.5  7.4  8.6  9.8  11.3  13.0  14.9  17.1  19.7  22.6  26.0  29.9  34.4  39.5  45.4  52.2  60.0  68.9  79.2  91.0  104.6  120.2  138.2 元/小时（对应月收入 1,960  2,253  2,589  2,975  3,420  3,930  4,517  5,191  5,966  6,856  7,880  9,056  10,408  11,962  13,747  15,799  18,158  20,868  23,983  27,563  31,678  36,407  41,841  48,087）
12:29:05 INFO    evtol_siting.choice_model  选择模型 [区域内积分（σ_within=0.4）]: 出行 15 km（单点），地面 55 分钟 / 57 元，eVTOL 24 分钟 / 130 元，节省 31 分钟；采用概率 0.0572–0.0920（类间比 1.61）
12:29:05 INFO    evtol_siting.choice_model  各类人群采用概率:
 cluster  monthly_income_cny  vot_cny_per_h  p_evtol  demand_rate
       3              2086.0           5.99  0.05718     0.005718
       0              3285.0           9.44  0.06157     0.006157
       1              4500.0          12.93  0.06638     0.006638
       2              6164.0          17.71  0.07364     0.007364
       4              9709.0          27.90  0.09201     0.009201
12:29:05 INFO    evtol_siting.stage2_demand K-means 聚类完成: K=5，总需求 51899 次/日，总人口 7712263 人
12:29:05 INFO    evtol_siting.stage2_demand 类画像:
 cluster  n_cells   population  income_mean  poi_density_mean  trip_rate  monthly_income_cny  vot_cny_per_h  p_evtol  demand_trips_per_day k_selection
       3      911 1.274286e+06    15.458149          1.242591   0.005718              2086.0           5.99  0.05718           7286.368668  silhouette
       0      916 2.953990e+06    31.667580          4.310044   0.006157              3285.0           9.44  0.06157          18187.714329  silhouette
       1      311 1.804357e+06    33.630300         41.273312   0.006638              4500.0          12.93  0.06638          11977.321363  silhouette
       2       81 5.478822e+05    40.350918        106.123457   0.007364              6164.0          17.71  0.07364           4034.604404  silhouette
       4      300 1.131748e+06    50.690864         10.853333   0.009201              9709.0          27.90  0.09201          10413.214673  silhouette
12:29:05 INFO    evtol_siting.pipeline      ============================================================
12:29:05 INFO    evtol_siting.pipeline      阶段三：0-1 整数规划选址
12:29:05 INFO    evtol_siting.pipeline      ============================================================
12:29:05 INFO    evtol_siting.stage3_ip     [cost_priority] 需求单元 2519 个（核心 1008 个，阈值 分位数 0.60（>=21.5 次/日）），候选 1324 个，接驳时间预算 15.0 分钟，设施上限 20
12:29:06 INFO    evtol_siting.stage3_ip     [cost_priority] 最优解: 11 个起降场，总成本 3.16 亿元，需求覆盖率 96.8%，人口覆盖率 96.4%（耗时 0.39s）
12:29:06 INFO    evtol_siting.stage3_ip     [coverage_priority] 需求单元 2519 个（核心 1008 个，阈值 分位数 0.60（>=21.5 次/日）），候选 1324 个，接驳时间预算 15.0 分钟，设施上限 35
12:29:06 INFO    evtol_siting.stage3_ip     [coverage_priority] 最优解: 10 个起降场，总成本 5.29 亿元，需求覆盖率 96.0%，人口覆盖率 95.6%（耗时 0.48s）
12:29:06 INFO    evtol_siting.stage3_ip     阶段三完成: 2 个情景求解成功（cost_priority=Optimal, coverage_priority=Optimal）
12:29:06 INFO    evtol_siting.stage4_nsga2  问题实例: 2519 个需求单元（核心 1008），1324 个候选；接驳预算 15.0 分钟；单点最大可覆盖 299 个核心单元（占核心 29.7%）
12:29:06 INFO    evtol_siting.nsga2_core    初始种群: 100 个个体 × 1324 维，站点数 区间 (12, 400)（区间初始化，自由规模）
12:29:27 INFO    multirun                     第  1/10 次: 前沿 100 个解，HV=3.021e+08，最优未服务=5.4，耗时 20.3s
12:29:27 INFO    evtol_siting.nsga2_core    初始种群: 100 个个体 × 1324 维，站点数 区间 (12, 400)（区间初始化，自由规模）
12:29:46 INFO    multirun                     第  2/10 次: 前沿 100 个解，HV=3.786e+08，最优未服务=0.0，耗时 19.3s
12:29:46 INFO    evtol_siting.nsga2_core    初始种群: 100 个个体 × 1324 维，站点数 区间 (12, 400)（区间初始化，自由规模）
12:30:04 INFO    multirun                     第  3/10 次: 前沿 100 个解，HV=3.613e+08，最优未服务=5.4，耗时 18.2s
12:30:04 INFO    evtol_siting.nsga2_core    初始种群: 100 个个体 × 1324 维，站点数 区间 (12, 400)（区间初始化，自由规模）
12:30:23 INFO    multirun                     第  4/10 次: 前沿 100 个解，HV=4.08e+08，最优未服务=0.0，耗时 19.4s
12:30:23 INFO    evtol_siting.nsga2_core    初始种群: 100 个个体 × 1324 维，站点数 区间 (12, 400)（区间初始化，自由规模）
12:30:42 WARNING evtol_siting.nsga2_core    帕累托前沿在 100 代内**没有改进**（HV 4.709e+08 -> 4.709e+08）。可能原因：(1) 初始种群已被 IP 解锚定在最优附近；(2) 修复算子过强，压制了搜索空间；(3) 目标间无实质权衡。建议检查目标值分布是否退化。
12:30:42 INFO    multirun                     第  5/10 次: 前沿 100 个解，HV=4.709e+08，最优未服务=5.4，耗时 18.4s
12:30:42 INFO    evtol_siting.nsga2_core    初始种群: 100 个个体 × 1324 维，站点数 区间 (12, 400)（区间初始化，自由规模）
12:31:03 INFO    multirun                     第  6/10 次: 前沿 100 个解，HV=3.526e+08，最优未服务=0.0，耗时 21.2s
12:31:03 INFO    evtol_siting.nsga2_core    初始种群: 100 个个体 × 1324 维，站点数 区间 (12, 400)（区间初始化，自由规模）
12:31:25 WARNING evtol_siting.nsga2_core    帕累托前沿在 100 代内**没有改进**（HV 4.275e+08 -> 4.275e+08）。可能原因：(1) 初始种群已被 IP 解锚定在最优附近；(2) 修复算子过强，压制了搜索空间；(3) 目标间无实质权衡。建议检查目标值分布是否退化。
12:31:25 INFO    multirun                     第  7/10 次: 前沿 100 个解，HV=4.275e+08，最优未服务=0.0，耗时 22.1s
12:31:25 INFO    evtol_siting.nsga2_core    初始种群: 100 个个体 × 1324 维，站点数 区间 (12, 400)（区间初始化，自由规模）
12:31:43 INFO    multirun                     第  8/10 次: 前沿 100 个解，HV=3.744e+08，最优未服务=0.0，耗时 17.4s
12:31:43 INFO    evtol_siting.nsga2_core    初始种群: 100 个个体 × 1324 维，站点数 区间 (12, 400)（区间初始化，自由规模）
12:32:04 INFO    multirun                     第  9/10 次: 前沿 100 个解，HV=4.199e+08，最优未服务=5.4，耗时 21.0s
12:32:04 INFO    evtol_siting.nsga2_core    初始种群: 100 个个体 × 1324 维，站点数 区间 (12, 400)（区间初始化，自由规模）
12:32:25 INFO    multirun                     第 10/10 次: 前沿 100 个解，HV=3.333e+08，最优未服务=5.4，耗时 21.5s
12:32:54 INFO    multirun                   
12:32:54 INFO    multirun                   ── 算法稳定性（10 次独立运行）──
12:32:54 INFO    multirun                      hypervolume    均值 5.2841e+19   标准差 5.5976e+17   （5.1817e+19 – 5.3555e+19）
12:32:54 INFO    multirun                      spacing        均值 0.048166     标准差 0.0049938    （0.038238 – 0.053661）
12:32:54 INFO    multirun                      spread         均值 0.95945      标准差 0.053413     （0.85843 – 1.0222）
12:32:54 INFO    multirun                      igd            均值 0.057783     标准差 0.0028217    （0.053244 – 0.061291）
12:32:54 INFO    multirun                      n              均值 100          标准差 0            （100 – 100）
12:32:54 INFO    multirun                      注：HV 越大越好；SP/Δ/IGD 越小越好。论文中报告为 均值 ± 标准差。
12:34:33 INFO    multirun                   
12:34:33 INFO    multirun                   ── 与 pymoo NSGA-II 交叉验证 ──
12:34:33 INFO    multirun                      自实现 HV 均值 9.8516e+19 (n=10)
12:34:33 INFO    multirun                      pymoo  HV        6.7993e+19
12:34:33 INFO    multirun                      比值 1.4489，Mann-Whitney p=6.386e-05，Cliff's δ=+1.000
12:34:33 INFO    multirun                      判读：比值接近 1 且 p>0.05 表示两者统计上无显著差异，自实现 NSGA-II 通过正确性验证。
12:34:33 INFO    multirun                   
12:34:33 INFO    multirun                   ── 单目标基线 vs NSGA-II 前沿 ──
12:34:34 INFO    evtol_siting.baselines     基线求解：13 个 MILP，6 路并发（本机 20 核）
12:34:36 INFO    evtol_siting.baselines     [p_median_p12] p=12: 2519 个需求单元 × 25 近邻 = 61777 个分配变量
12:34:36 INFO    evtol_siting.baselines     [p_median_p8] p=8: 2519 个需求单元 × 25 近邻 = 61777 个分配变量
12:34:37 INFO    evtol_siting.baselines     [set_covering] -> 10 个设施，耗时 3.7s
12:34:40 INFO    evtol_siting.baselines     [p_center_p12] p=12 -> 11 个设施，最大接驳时间 13.61 分钟，耗时 6.0s
12:34:41 INFO    evtol_siting.baselines     [p_median_p18] p=18: 2519 个需求单元 × 25 近邻 = 61777 个分配变量
12:34:43 WARNING evtol_siting.baselines     [p_center_p8] 未找到可行解（p=8 过小？）
12:34:45 INFO    evtol_siting.baselines     [p_center_p18] p=18 -> 11 个设施，最大接驳时间 13.61 分钟，耗时 1.7s
12:34:46 INFO    evtol_siting.baselines     [max_coverage_p12] p=12 -> 12 个设施，覆盖需求 51787，耗时 8.9s
12:34:48 INFO    evtol_siting.baselines     [p_median_p25] p=25: 2519 个需求单元 × 25 近邻 = 61777 个分配变量
12:34:49 INFO    evtol_siting.baselines     [max_coverage_p18] p=18 -> 18 个设施，覆盖需求 51899，耗时 4.2s
12:34:51 INFO    evtol_siting.baselines     [p_center_p25] p=25 -> 11 个设施，最大接驳时间 13.61 分钟，耗时 1.8s
12:34:53 INFO    evtol_siting.baselines     [max_coverage_p25] p=25 -> 20 个设施，覆盖需求 51899，耗时 1.8s
12:34:53 INFO    evtol_siting.baselines     [max_coverage_p8] p=8 -> 8 个设施，覆盖需求 49474，耗时 20.0s
12:36:14 INFO    evtol_siting.baselines     [p_median_p8] p=8 -> 8 个设施，目标 227473.3，耗时 100.1s
12:39:40 INFO    evtol_siting.baselines     [p_median_p12] p=12 -> 12 个设施，目标 276405.8，耗时 306.5s
12:39:46 INFO    evtol_siting.baselines     [p_median_p18] p=18 -> 18 个设施，目标 301359.9，耗时 306.2s
12:39:54 INFO    evtol_siting.baselines     [p_median_p25] p=25 -> 25 个设施，目标 326014.8，耗时 308.1s
12:39:54 INFO    evtol_siting.baselines     基线求解完成: 12/13 成功，墙钟 321s
12:39:54 INFO    evtol_siting.baselines     基线结果已缓存: baselines_aeb86e4f843feddc374ef6154df40b8d.json
12:39:54 INFO    multirun                           baseline  n_sites  unserved_demand  total_access_time  inequity   total_cost  n_front_dominating  dominated_by_front_pct  demand_coverage_pct  worst_group_access_time_min  equity_gini
    set_covering       10      1595.746737      498737.411170 10.274366 5.556819e+08                  42               11.382114            96.925297                    10.274366     0.015221
    p_center_p12       11      1557.360312      461546.377897  9.808476 6.110598e+08                  24                6.504065            96.999261                     9.808476     0.022556
    p_center_p18       11      1557.360312      461546.377897  9.808476 6.110598e+08                  24                6.504065            96.999261                     9.808476     0.022556
    p_center_p25       11      1557.360312      461546.377897  9.808476 6.110598e+08                  24                6.504065            96.999261                     9.808476     0.022556
 max_coverage_p8        8      2425.217264      520738.701458 10.762218 4.519011e+08                   7                1.897019            95.327064                    10.762218     0.010435
    p_median_p18       18      1586.842177      431872.821519  8.991206 1.081630e+09                   4                1.084011            96.942455                     8.991206     0.021729
     p_median_p8        8     11866.459824      388183.423009  9.918861 3.769191e+08                   0                0.000000            77.135573                     9.918861     0.018999
    p_median_p12       12      6363.119335      421491.091898  9.632321 5.160191e+08                   0                0.000000            87.739471                     9.632321     0.021230
max_coverage_p12       12       112.141326      513905.577027 10.586259 6.119808e+08                   0                0.000000            99.783925                    10.586259     0.030725
max_coverage_p18       18         0.000000      489976.907307 10.003276 9.506039e+08                   0                0.000000           100.000000                    10.003276     0.028983
    p_median_p25       25        91.178593      423933.850407  8.560300 1.399883e+09                   0                0.000000            99.824316                     8.560300     0.018645
max_coverage_p25       20         0.000000      481692.565441  9.729973 1.121232e+09                   0                0.000000           100.000000                     9.729973     0.020157
12:39:54 INFO    multirun                      判读：dominated_by_front_pct 越高，说明该单目标模型的最优解被 NSGA-II 前沿支配得越彻底——这是'多目标必要性'的直接证据。
12:39:54 INFO    multirun                   
12:39:54 INFO    multirun                   ── 加权求和对照（同一算法、同一预算，仅改选择机制）──
12:39:54 INFO    evtol_siting.nsga2_core    初始种群: 100 个个体 × 1324 维，站点数 区间 (12, 400)（区间初始化，自由规模）
12:40:01 WARNING evtol_siting.nsga2_core    帕累托前沿在 64 代内**没有改进**（HV 2.139e+13 -> 1.652e+13）。可能原因：(1) 初始种群已被 IP 解锚定在最优附近；(2) 修复算子过强，压制了搜索空间；(3) 目标间无实质权衡。建议检查目标值分布是否退化。
12:40:01 INFO    evtol_siting.nsga2_core    初始种群: 100 个个体 × 1324 维，站点数 区间 (12, 400)（区间初始化，自由规模）
12:40:08 WARNING evtol_siting.nsga2_core    帕累托前沿在 64 代内**没有改进**（HV 2.577e+14 -> 2.568e+14）。可能原因：(1) 初始种群已被 IP 解锚定在最优附近；(2) 修复算子过强，压制了搜索空间；(3) 目标间无实质权衡。建议检查目标值分布是否退化。
12:40:08 INFO    evtol_siting.nsga2_core    初始种群: 100 个个体 × 1324 维，站点数 区间 (12, 400)（区间初始化，自由规模）
12:40:15 WARNING evtol_siting.nsga2_core    帕累托前沿在 64 代内**没有改进**（HV 2.041e+14 -> 1.824e+14）。可能原因：(1) 初始种群已被 IP 解锚定在最优附近；(2) 修复算子过强，压制了搜索空间；(3) 目标间无实质权衡。建议检查目标值分布是否退化。
12:40:15 INFO    evtol_siting.nsga2_core    初始种群: 100 个个体 × 1324 维，站点数 区间 (12, 400)（区间初始化，自由规模）
12:40:20 WARNING evtol_siting.nsga2_core    帕累托前沿在 64 代内**没有改进**（HV 3.507e+14 -> 2.749e+14）。可能原因：(1) 初始种群已被 IP 解锚定在最优附近；(2) 修复算子过强，压制了搜索空间；(3) 目标间无实质权衡。建议检查目标值分布是否退化。
12:40:20 INFO    multirun                      已完成 4/16 个权重方向
12:40:20 INFO    evtol_siting.nsga2_core    初始种群: 100 个个体 × 1324 维，站点数 区间 (12, 400)（区间初始化，自由规模）
12:40:25 WARNING evtol_siting.nsga2_core    帕累托前沿在 64 代内**没有改进**（HV 4.095e+13 -> 3.56e+13）。可能原因：(1) 初始种群已被 IP 解锚定在最优附近；(2) 修复算子过强，压制了搜索空间；(3) 目标间无实质权衡。建议检查目标值分布是否退化。
12:40:25 INFO    evtol_siting.nsga2_core    初始种群: 100 个个体 × 1324 维，站点数 区间 (12, 400)（区间初始化，自由规模）
12:40:32 WARNING evtol_siting.nsga2_core    帕累托前沿在 64 代内**没有改进**（HV 6.382e+14 -> 5.724e+14）。可能原因：(1) 初始种群已被 IP 解锚定在最优附近；(2) 修复算子过强，压制了搜索空间；(3) 目标间无实质权衡。建议检查目标值分布是否退化。
12:40:32 INFO    evtol_siting.nsga2_core    初始种群: 100 个个体 × 1324 维，站点数 区间 (12, 400)（区间初始化，自由规模）
12:40:38 WARNING evtol_siting.nsga2_core    帕累托前沿在 64 代内**没有改进**（HV 8.593e+14 -> 7.224e+14）。可能原因：(1) 初始种群已被 IP 解锚定在最优附近；(2) 修复算子过强，压制了搜索空间；(3) 目标间无实质权衡。建议检查目标值分布是否退化。
12:40:38 INFO    evtol_siting.nsga2_core    初始种群: 100 个个体 × 1324 维，站点数 区间 (12, 400)（区间初始化，自由规模）
12:40:43 WARNING evtol_siting.nsga2_core    帕累托前沿在 64 代内**没有改进**（HV 1.997e+13 -> 1.511e+13）。可能原因：(1) 初始种群已被 IP 解锚定在最优附近；(2) 修复算子过强，压制了搜索空间；(3) 目标间无实质权衡。建议检查目标值分布是否退化。
12:40:43 INFO    multirun                      已完成 8/16 个权重方向
12:40:43 INFO    evtol_siting.nsga2_core    初始种群: 100 个个体 × 1324 维，站点数 区间 (12, 400)（区间初始化，自由规模）
12:40:49 WARNING evtol_siting.nsga2_core    帕累托前沿在 64 代内**没有改进**（HV 1.125e+15 -> 1.007e+15）。可能原因：(1) 初始种群已被 IP 解锚定在最优附近；(2) 修复算子过强，压制了搜索空间；(3) 目标间无实质权衡。建议检查目标值分布是否退化。
12:40:49 INFO    evtol_siting.nsga2_core    初始种群: 100 个个体 × 1324 维，站点数 区间 (12, 400)（区间初始化，自由规模）
12:40:55 WARNING evtol_siting.nsga2_core    帕累托前沿在 64 代内**没有改进**（HV 1.105e+13 -> 9.111e+12）。可能原因：(1) 初始种群已被 IP 解锚定在最优附近；(2) 修复算子过强，压制了搜索空间；(3) 目标间无实质权衡。建议检查目标值分布是否退化。
12:40:55 INFO    evtol_siting.nsga2_core    初始种群: 100 个个体 × 1324 维，站点数 区间 (12, 400)（区间初始化，自由规模）
12:41:02 WARNING evtol_siting.nsga2_core    帕累托前沿在 64 代内**没有改进**（HV 9.257e+13 -> 8.697e+13）。可能原因：(1) 初始种群已被 IP 解锚定在最优附近；(2) 修复算子过强，压制了搜索空间；(3) 目标间无实质权衡。建议检查目标值分布是否退化。
12:41:02 INFO    evtol_siting.nsga2_core    初始种群: 100 个个体 × 1324 维，站点数 区间 (12, 400)（区间初始化，自由规模）
12:41:09 WARNING evtol_siting.nsga2_core    帕累托前沿在 64 代内**没有改进**（HV 6.318e+13 -> 6.31e+13）。可能原因：(1) 初始种群已被 IP 解锚定在最优附近；(2) 修复算子过强，压制了搜索空间；(3) 目标间无实质权衡。建议检查目标值分布是否退化。
12:41:09 INFO    multirun                      已完成 12/16 个权重方向
12:41:09 INFO    evtol_siting.nsga2_core    初始种群: 100 个个体 × 1324 维，站点数 区间 (12, 400)（区间初始化，自由规模）
12:41:32 WARNING evtol_siting.nsga2_core    帕累托前沿在 64 代内**没有改进**（HV 1e-18 -> 1e-18）。可能原因：(1) 初始种群已被 IP 解锚定在最优附近；(2) 修复算子过强，压制了搜索空间；(3) 目标间无实质权衡。建议检查目标值分布是否退化。
12:41:32 INFO    evtol_siting.nsga2_core    初始种群: 100 个个体 × 1324 维，站点数 区间 (12, 400)（区间初始化，自由规模）
12:42:11 WARNING evtol_siting.nsga2_core    帕累托前沿在 64 代内**没有改进**（HV 8.481e+08 -> 8.444e+08）。可能原因：(1) 初始种群已被 IP 解锚定在最优附近；(2) 修复算子过强，压制了搜索空间；(3) 目标间无实质权衡。建议检查目标值分布是否退化。
12:42:11 INFO    evtol_siting.nsga2_core    初始种群: 100 个个体 × 1324 维，站点数 区间 (12, 400)（区间初始化，自由规模）
12:42:45 WARNING evtol_siting.nsga2_core    帕累托前沿在 64 代内**没有改进**（HV 0.358 -> 0.3531）。可能原因：(1) 初始种群已被 IP 解锚定在最优附近；(2) 修复算子过强，压制了搜索空间；(3) 目标间无实质权衡。建议检查目标值分布是否退化。
12:42:45 INFO    evtol_siting.nsga2_core    初始种群: 100 个个体 × 1324 维，站点数 区间 (12, 400)（区间初始化，自由规模）
12:42:51 WARNING evtol_siting.nsga2_core    帕累托前沿在 64 代内**没有改进**（HV 2.984e+15 -> 2.232e+15）。可能原因：(1) 初始种群已被 IP 解锚定在最优附近；(2) 修复算子过强，压制了搜索空间；(3) 目标间无实质权衡。建议检查目标值分布是否退化。
12:42:51 INFO    multirun                      已完成 16/16 个权重方向
12:42:51 INFO    multirun                      结果：16 个权重方向中，56% 的解被 NSGA-II 前沿支配；平均被 1.1% 的前沿解支配
12:42:51 INFO    multirun                      判读：加权和法的解被前沿支配，说明它**无法到达帕累托前沿的非凸部分**。这正是多目标处理的必要性所在——若所有加权和解都落在前沿上，则说明问题目标间无实质权衡，多目标处理不必要。
12:42:51 INFO    multirun                   
12:42:51 INFO    multirun                   ── 公平性定义对比：人群组均值 vs 单用户最小最大 ──
12:42:51 INFO    evtol_siting.stage4_nsga2  问题实例: 2519 个需求单元（核心 1008），1324 个候选；接驳预算 15.0 分钟；单点最大可覆盖 299 个核心单元（占核心 29.7%）
12:42:51 INFO    evtol_siting.nsga2_core    初始种群: 100 个个体 × 1324 维，站点数 区间 (12, 400)（区间初始化，自由规模）
12:43:11 INFO    evtol_siting.stage4_nsga2  问题实例: 2519 个需求单元（核心 1008），1324 个候选；接驳预算 15.0 分钟；单点最大可覆盖 299 个核心单元（占核心 29.7%）
12:43:11 INFO    evtol_siting.nsga2_core    初始种群: 100 个个体 × 1324 维，站点数 区间 (12, 400)（区间初始化，自由规模）
12:43:33 INFO    multirun                                           direction  count  total  pct
group_mean 被 individual_max 支配的解数      0    100  0.0
individual_max 被 group_mean 支配的解数     39    100 39.0
12:43:33 INFO    multirun                      group_mean 前沿的公平性最优值（目标 3）: 6.0558（该目标即人群组最差可达性）
12:43:33 INFO    multirun                      individual_max 前沿的公平性最优值（目标 3，此时为单用户最大）: 14.8186
12:43:33 INFO    evtol_siting.stage4_nsga2  问题实例: 2519 个需求单元（核心 1008），1324 个候选；接驳预算 15.0 分钟；单点最大可覆盖 299 个核心单元（占核心 29.7%）
12:43:33 INFO    multirun                      注：两者的目标 3 定义不同，数值不可直接比较；上表的分支配对才是有效证据。
12:43:33 INFO    multirun                      判读：若两个方向都存在互相支配的解，说明两种公平性定义刻画的是**不同的**公平维度，'人群组公平'不是 p-中心的重复表述，新意 (A) 成立。若某一方完全支配另一方，则应如实报告后者不构成独立贡献。
12:43:33 INFO    multirun                   
12:43:33 INFO    multirun                   ── 拐点解的指标跨运行分布（论文可报告为 均值 ± 标准差）──
12:43:33 INFO    multirun                      unserved     332.9 ± 184.8
12:43:33 INFO    multirun                      total_time   4.579e+05 ± 4.327e+04
12:43:33 INFO    multirun                      inequity     9.56 ± 0.7443
12:43:33 INFO    multirun                      cost         1.646e+09 ± 1.838e+09
12:43:33 INFO    multirun                   
12:43:33 INFO    multirun                   ============================================================================
12:43:33 INFO    multirun                    完成。输出目录: evtol_siting\outputs\tables
12:43:33 INFO    multirun                    文件: multirun_runs.csv / multirun_metrics.csv / baseline_vs_front.csv / weighted_sum_vs_front.csv / multirun_knee.csv / pymoo_validation.json
12:43:33 INFO    multirun                   ============================================================================
18:27:21 INFO    multirun                   ============================================================================
18:27:21 INFO    multirun                    多次独立运行：10 次，pop=100，gen=100，data_mode=real
18:27:21 INFO    multirun                   ============================================================================
18:27:22 INFO    evtol_siting.pipeline      ============================================================
18:27:22 INFO    evtol_siting.pipeline      阶段一：基于 GIS 的候选起降场筛选
18:27:22 INFO    evtol_siting.pipeline      ============================================================
18:27:22 INFO    evtol_siting.pipeline      解析 PBF 提取包: sichuan-latest.osm.pbf
18:27:39 INFO    evtol_siting.data.pbf        已扫描 200000 个候选要素…
18:28:01 INFO    evtol_siting.data.pbf        已扫描 400000 个候选要素…
18:28:20 INFO    evtol_siting.data.pbf        已扫描 600000 个候选要素…
18:28:42 INFO    evtol_siting.data.pbf        已扫描 800000 个候选要素…
18:28:56 INFO    evtol_siting.data.pbf        buildings          69675 个要素
18:28:56 INFO    evtol_siting.data.pbf        poi                 8159 个要素
18:28:57 INFO    evtol_siting.data.pbf        roads              42272 个要素
18:28:58 INFO    evtol_siting.data.pbf        landuse             8430 个要素
18:28:58 INFO    evtol_siting.data.pbf        water               2252 个要素
18:28:58 INFO    evtol_siting.data.pbf        airports            1364 个要素
18:28:58 INFO    evtol_siting.data.pbf      PBF 解析完成（扫描 921830 个候选要素，输出 6 个图层）
18:28:58 INFO    evtol_siting.data.rasters  建筑高度栅格已存在: evtol_siting\data\raw\height\chengdu_building_height_10m.tif
18:29:04 INFO    evtol_siting.data.heights  高度栅格提供了 49162 栋建筑的高度（覆盖 70.6%）
18:29:04 INFO    evtol_siting.data.heights  分位数回归填补了 14650 栋建筑的高度（中位数 18.6 m）
18:29:04 INFO    evtol_siting.data.heights  高度融合结果（共 69675 栋）:
    raster_height     70.6%
    imputed           21.0%
    osm_levels         7.3%
    osm_height         1.1%
18:29:04 INFO    evtol_siting.data.heights      有标签覆盖率: 8.4% -> 融合后覆盖率: 100.0%
18:29:04 INFO    evtol_siting.data.rasters  人口栅格已存在: evtol_siting\data\raw\population\chengdu_population_100m.tif
18:29:04 INFO    evtol_siting.data.rasters  收入代理数据已存在: evtol_siting\data\raw\income\chengdu_income_proxy.gpkg
18:29:04 INFO    evtol_siting.pipeline      收入代理已载入: 6716 个点（EPSG:4326）
18:29:04 INFO    evtol_siting.data.rasters  DEM 已存在: evtol_siting\data\raw\dem\chengdu_dem_30m.tif
18:29:09 INFO    evtol_siting.data.rasters  坡度栅格已生成: evtol_siting\data\interim\chengdu_slope.tif
18:29:10 INFO    evtol_siting.geo           栅格化完成: 单元边长 500 m, 单元数 2519, 覆盖 629.8 km²
18:29:10 INFO    evtol_siting.stage1_candidates 屋顶型筛选: 1430 / 69675 栋建筑满足 h>=20m 且 A_roof>=1600m² (2.05%)
18:29:10 INFO    evtol_siting.stage1_candidates   排除 用地类型: 30 个单元（1.2%）
18:29:10 INFO    evtol_siting.stage1_candidates   排除 水域: 55 个单元（2.2%）
18:29:10 INFO    evtol_siting.stage1_candidates   建筑覆盖率判据 (max=0.55): 剔除 4 个单元（保留 2430）；覆盖率中位数 0.05
18:29:10 INFO    evtol_siting.stage1_candidates 坡度判据: 2419 / 2430 单元满足 slope<=15° (剔除 11)
18:29:10 INFO    evtol_siting.stage1_candidates 地面型筛选: 2419 个候选（用地排除 -100，坡度排除后）
18:29:10 INFO    evtol_siting.stage1_candidates 地面型候选已按路网可达性重新评分（中位距离 91 m）
18:29:10 INFO    evtol_siting.stage1_candidates 已为 1430 个缺少 cell_id 的候选（屋顶型）补齐所属栅格单元（补齐后 3759/3849 有 cell_id）
18:29:10 INFO    evtol_siting.stage1_candidates   90 个候选落在栅格之外，改用坐标分桶作为 cell_id
18:29:10 INFO    evtol_siting.stage1_candidates   口径 all_aeroway：1298 个非直升要素全部按运输机场处理
18:29:11 INFO    evtol_siting.stage1_candidates   机场净空区（含民用） (r=4000m): 剔除 1472 个候选（占 38.2%）
18:29:11 INFO    evtol_siting.stage1_candidates   既有直升机场 (r=1000m): 剔除 177 个候选（占 4.6%）
18:29:11 INFO    evtol_siting.stage1_candidates 安全排除后剩余 2334 个候选（原有 3849）
18:29:11 INFO    evtol_siting.stage1_candidates   [ground] 类别内稀释: 1571 -> 1571
18:29:11 INFO    evtol_siting.stage1_candidates   [rooftop] 类别内稀释: 693 -> 258
18:29:12 INFO    evtol_siting.stage1_candidates 密度稀释 (c_min=500m, 每栅格<=3): 2334 -> 1324 个候选 （配额 -70，类别内间距 -435，跨类别冲突 -505）；构成: {'ground': 1067, 'rooftop': 257}
18:29:12 INFO    evtol_siting.stage1_candidates 阶段一完成: 1324 个候选起降场（屋顶型 257，地面型 1067）
18:29:12 INFO    evtol_siting.pipeline      ============================================================
18:29:12 INFO    evtol_siting.pipeline      阶段二：K-means 人群分类与需求空间化
18:29:12 INFO    evtol_siting.pipeline      ============================================================
18:29:12 INFO    evtol_siting.data.dasymetric 人口栅格分辨率 80 m 细于需求格网 500 m —— 分区求和已是正确的格网人口总量，**体积重分配在此不产生作用**，直接使用分区求和。（体积权重的价值在于把人口摊到建筑上做更细的分析，需 force=True）
18:29:12 WARNING evtol_siting.data.dasymetric 退化为按分区求和（假设人口在格网内均匀分布）
18:29:24 INFO    evtol_siting.stage2_demand 人口分配方式对比（论文 Table 用）:
    method  total_population  n_nonzero_cells  mean_per_cell  std_per_cell       cv     max_cell  top1pct_share     gini
dasymetric      7.712263e+06             2517    3061.636823   2504.238782 0.817941 12360.637527       0.032418 0.458119
   uniform      7.712263e+06             2517    3061.636823   2504.238782 0.817941 12360.637527       0.032418 0.458119
18:29:24 INFO    evtol_siting.stage2_demand 人口: 合计 7712263 人，单元中位数 2567 人（来源: zonal_sum）
18:29:24 INFO    evtol_siting.stage2_demand 收入代理(RWI): 范围 [4.28, 94.31]，单元均值 28.593
18:29:24 INFO    evtol_siting.stage2_demand POI: 研究区内 7442 个，单元密度中位数 0 个/km²
18:29:29 INFO    evtol_siting.stage2_demand K 选择 (silhouette): K=5，得分 0.4742，各 K 得分 {3: 0.4713, 4: 0.4495, 5: 0.4742, 6: 0.4289, 7: 0.4336, 8: 0.4372}
18:29:29 INFO    evtol_siting.choice_model  收入阶梯（K=5）: 2,086  3,285  4,500  6,164  9,709
18:29:29 INFO    evtol_siting.choice_model  时间价值: 6.0  9.4  12.9  17.7  27.9 元/小时（对应月收入 2,086  3,285  4,500  6,164  9,709）
18:29:29 INFO    evtol_siting.choice_model  时间价值: 1.2  1.4  1.6  1.8  2.1  2.4  2.8  3.2  3.7  4.2  4.9  5.6  6.4  7.4  8.5  9.8  11.2  12.9  14.8  17.0  19.6  22.5  25.8  29.7 元/小时（对应月收入 421  484  556  639  735  844  970  1,115  1,282  1,473  1,693  1,946  2,236  2,570  2,953  3,394  3,901  4,483  5,153  5,922  6,806  7,822  8,989  10,331）
18:29:29 INFO    evtol_siting.choice_model  时间价值: 1.9  2.2  2.5  2.9  3.3  3.8  4.4  5.0  5.8  6.7  7.7  8.8  10.1  11.6  13.4  15.4  17.7  20.3  23.3  26.8  30.8  35.4  40.7  46.8 元/小时（对应月收入 663  762  876  1,007  1,157  1,330  1,528  1,757  2,019  2,320  2,666  3,064  3,522  4,048  4,652  5,346  6,144  7,061  8,116  9,327  10,719  12,319  14,158  16,272）
18:29:29 INFO    evtol_siting.choice_model  时间价值: 2.6  3.0  3.4  4.0  4.6  5.2  6.0  6.9  7.9  9.1  10.5  12.1  13.9  15.9  18.3  21.0  24.2  27.8  31.9  36.7  42.2  48.5  55.7  64.0 元/小时（对应月收入 909  1,044  1,200  1,379  1,585  1,822  2,094  2,406  2,765  3,178  3,652  4,198  4,824  5,544  6,372  7,323  8,416  9,673  11,116  12,776  14,683  16,875  19,394  22,289）
18:29:29 INFO    evtol_siting.choice_model  时间价值: 3.6  4.1  4.7  5.4  6.2  7.2  8.2  9.5  10.9  12.5  14.4  16.5  19.0  21.8  25.1  28.8  33.1  38.1  43.8  50.3  57.8  66.4  76.3  87.7 元/小时（对应月收入 1,244  1,430  1,644  1,889  2,171  2,495  2,868  3,296  3,788  4,353  5,003  5,750  6,608  7,594  8,728  10,031  11,528  13,249  15,227  17,500  20,112  23,114  26,565  30,530）
18:29:29 INFO    evtol_siting.choice_model  时间价值: 5.6  6.5  7.4  8.6  9.8  11.3  13.0  14.9  17.1  19.7  22.6  26.0  29.9  34.4  39.5  45.4  52.2  60.0  68.9  79.2  91.0  104.6  120.2  138.2 元/小时（对应月收入 1,960  2,253  2,589  2,975  3,420  3,930  4,517  5,191  5,966  6,856  7,880  9,056  10,408  11,962  13,747  15,799  18,158  20,868  23,983  27,563  31,678  36,407  41,841  48,087）
18:29:29 INFO    evtol_siting.choice_model  选择模型 [区域内积分（σ_within=0.4）]: 出行 15 km（单点），地面 55 分钟 / 57 元，eVTOL 24 分钟 / 130 元，节省 31 分钟；采用概率 0.0572–0.0920（类间比 1.61）
18:29:29 INFO    evtol_siting.choice_model  各类人群采用概率:
 cluster  monthly_income_cny  vot_cny_per_h  p_evtol  demand_rate
       3              2086.0           5.99  0.05718     0.005718
       0              3285.0           9.44  0.06157     0.006157
       1              4500.0          12.93  0.06638     0.006638
       2              6164.0          17.71  0.07364     0.007364
       4              9709.0          27.90  0.09201     0.009201
18:29:29 INFO    evtol_siting.stage2_demand K-means 聚类完成: K=5，总需求 51899 次/日，总人口 7712263 人
18:29:29 INFO    evtol_siting.stage2_demand 类画像:
 cluster  n_cells   population  income_mean  poi_density_mean  trip_rate  monthly_income_cny  vot_cny_per_h  p_evtol  demand_trips_per_day k_selection
       3      911 1.274286e+06    15.458149          1.242591   0.005718              2086.0           5.99  0.05718           7286.368668  silhouette
       0      916 2.953990e+06    31.667580          4.310044   0.006157              3285.0           9.44  0.06157          18187.714329  silhouette
       1      311 1.804357e+06    33.630300         41.273312   0.006638              4500.0          12.93  0.06638          11977.321363  silhouette
       2       81 5.478822e+05    40.350918        106.123457   0.007364              6164.0          17.71  0.07364           4034.604404  silhouette
       4      300 1.131748e+06    50.690864         10.853333   0.009201              9709.0          27.90  0.09201          10413.214673  silhouette
18:29:29 INFO    evtol_siting.pipeline      ============================================================
18:29:29 INFO    evtol_siting.pipeline      阶段三：0-1 整数规划选址
18:29:29 INFO    evtol_siting.pipeline      ============================================================
18:29:30 INFO    evtol_siting.stage3_ip     [cost_priority] 需求单元 2519 个（核心 1008 个，阈值 分位数 0.60（>=21.5 次/日）），候选 1324 个，接驳时间预算 15.0 分钟，设施上限 20
18:29:30 INFO    evtol_siting.stage3_ip     [cost_priority] 最优解: 11 个起降场，总成本 3.16 亿元，需求覆盖率 96.8%，人口覆盖率 96.4%（耗时 0.60s）
18:29:30 INFO    evtol_siting.stage3_ip     [coverage_priority] 需求单元 2519 个（核心 1008 个，阈值 分位数 0.60（>=21.5 次/日）），候选 1324 个，接驳时间预算 15.0 分钟，设施上限 35
18:29:31 INFO    evtol_siting.stage3_ip     [coverage_priority] 最优解: 10 个起降场，总成本 5.29 亿元，需求覆盖率 96.0%，人口覆盖率 95.6%（耗时 0.70s）
18:29:31 INFO    evtol_siting.stage3_ip     阶段三完成: 2 个情景求解成功（cost_priority=Optimal, coverage_priority=Optimal）
18:29:31 INFO    evtol_siting.stage4_nsga2  问题实例: 2519 个需求单元（核心 1008），1324 个候选；接驳预算 15.0 分钟；单点最大可覆盖 299 个核心单元（占核心 29.7%）
18:29:31 INFO    evtol_siting.nsga2_core    初始种群: 100 个个体 × 1324 维，站点数 区间 (12, 400)（区间初始化，自由规模）
18:30:20 INFO    multirun                     第  1/10 次: 前沿 100 个解，HV=3.021e+08，最优未服务=5.4，耗时 49.3s
18:30:20 INFO    evtol_siting.nsga2_core    初始种群: 100 个个体 × 1324 维，站点数 区间 (12, 400)（区间初始化，自由规模）
18:31:07 INFO    multirun                     第  2/10 次: 前沿 100 个解，HV=3.786e+08，最优未服务=0.0，耗时 46.7s
18:31:07 INFO    evtol_siting.nsga2_core    初始种群: 100 个个体 × 1324 维，站点数 区间 (12, 400)（区间初始化，自由规模）
18:31:50 INFO    multirun                     第  3/10 次: 前沿 100 个解，HV=3.613e+08，最优未服务=5.4，耗时 43.2s
18:31:50 INFO    evtol_siting.nsga2_core    初始种群: 100 个个体 × 1324 维，站点数 区间 (12, 400)（区间初始化，自由规模）
18:32:35 INFO    multirun                     第  4/10 次: 前沿 100 个解，HV=4.08e+08，最优未服务=0.0，耗时 44.7s
18:32:35 INFO    evtol_siting.nsga2_core    初始种群: 100 个个体 × 1324 维，站点数 区间 (12, 400)（区间初始化，自由规模）
18:33:20 WARNING evtol_siting.nsga2_core    帕累托前沿在 100 代内**没有改进**（HV 4.709e+08 -> 4.709e+08）。可能原因：(1) 初始种群已被 IP 解锚定在最优附近；(2) 修复算子过强，压制了搜索空间；(3) 目标间无实质权衡。建议检查目标值分布是否退化。
18:33:20 INFO    multirun                     第  5/10 次: 前沿 100 个解，HV=4.709e+08，最优未服务=5.4，耗时 44.6s
18:33:20 INFO    evtol_siting.nsga2_core    初始种群: 100 个个体 × 1324 维，站点数 区间 (12, 400)（区间初始化，自由规模）
18:33:53 INFO    multirun                     第  6/10 次: 前沿 100 个解，HV=3.526e+08，最优未服务=0.0，耗时 33.1s
18:33:53 INFO    evtol_siting.nsga2_core    初始种群: 100 个个体 × 1324 维，站点数 区间 (12, 400)（区间初始化，自由规模）
18:34:15 WARNING evtol_siting.nsga2_core    帕累托前沿在 100 代内**没有改进**（HV 4.275e+08 -> 4.275e+08）。可能原因：(1) 初始种群已被 IP 解锚定在最优附近；(2) 修复算子过强，压制了搜索空间；(3) 目标间无实质权衡。建议检查目标值分布是否退化。
18:34:15 INFO    multirun                     第  7/10 次: 前沿 100 个解，HV=4.275e+08，最优未服务=0.0，耗时 22.3s
18:34:15 INFO    evtol_siting.nsga2_core    初始种群: 100 个个体 × 1324 维，站点数 区间 (12, 400)（区间初始化，自由规模）
18:34:33 INFO    multirun                     第  8/10 次: 前沿 100 个解，HV=3.744e+08，最优未服务=0.0，耗时 17.8s
18:34:33 INFO    evtol_siting.nsga2_core    初始种群: 100 个个体 × 1324 维，站点数 区间 (12, 400)（区间初始化，自由规模）
18:35:04 INFO    multirun                     第  9/10 次: 前沿 100 个解，HV=4.199e+08，最优未服务=5.4，耗时 31.5s
18:35:04 INFO    evtol_siting.nsga2_core    初始种群: 100 个个体 × 1324 维，站点数 区间 (12, 400)（区间初始化，自由规模）
18:35:56 INFO    multirun                     第 10/10 次: 前沿 100 个解，HV=3.333e+08，最优未服务=5.4，耗时 51.9s
18:36:49 INFO    multirun                   
18:36:49 INFO    multirun                   ── 算法稳定性（10 次独立运行）──
18:36:49 INFO    multirun                      hypervolume    均值 5.2841e+19   标准差 5.5976e+17   （5.1817e+19 – 5.3555e+19）
18:36:49 INFO    multirun                      spacing        均值 0.048166     标准差 0.0049938    （0.038238 – 0.053661）
18:36:49 INFO    multirun                      spread         均值 0.95945      标准差 0.053413     （0.85843 – 1.0222）
18:36:49 INFO    multirun                      igd            均值 0.057783     标准差 0.0028217    （0.053244 – 0.061291）
18:36:49 INFO    multirun                      n              均值 100          标准差 0            （100 – 100）
18:36:49 INFO    multirun                      注：HV 越大越好；SP/Δ/IGD 越小越好。论文中报告为 均值 ± 标准差。
18:40:37 INFO    multirun                   
18:40:37 INFO    multirun                   ── 与 pymoo NSGA-II 交叉验证 ──
18:40:37 INFO    multirun                      自实现 HV 均值 9.8516e+19 (n=10)
18:40:37 INFO    multirun                      pymoo  HV        6.7993e+19
18:40:37 INFO    multirun                      比值 1.4489，Mann-Whitney p=6.386e-05，Cliff's δ=+1.000
18:40:37 INFO    multirun                      判读：比值接近 1 且 p>0.05 表示两者统计上无显著差异，自实现 NSGA-II 通过正确性验证。
18:40:37 INFO    multirun                   
18:40:37 INFO    multirun                   ── 单目标基线 vs NSGA-II 前沿 ──
18:40:38 INFO    evtol_siting.baselines     基线命中缓存（算例指纹 aeb86e4f843f…，13 个解）——跳过全部求解
18:40:38 INFO    multirun                           baseline  n_sites  unserved_demand  total_access_time  inequity   total_cost  n_front_dominating  dominated_by_front_pct  demand_coverage_pct  worst_group_access_time_min  equity_gini
    set_covering       10      1595.746737      498737.411170 10.274366 5.556819e+08                  42               11.382114            96.925297                    10.274366     0.015221
    p_center_p12       11      1557.360312      461546.377897  9.808476 6.110598e+08                  24                6.504065            96.999261                     9.808476     0.022556
    p_center_p18       11      1557.360312      461546.377897  9.808476 6.110598e+08                  24                6.504065            96.999261                     9.808476     0.022556
    p_center_p25       11      1557.360312      461546.377897  9.808476 6.110598e+08                  24                6.504065            96.999261                     9.808476     0.022556
 max_coverage_p8        8      2425.217264      520738.701458 10.762218 4.519011e+08                   7                1.897019            95.327064                    10.762218     0.010435
    p_median_p18       18      1586.842177      431872.821519  8.991206 1.081630e+09                   4                1.084011            96.942455                     8.991206     0.021729
     p_median_p8        8     11866.459824      388183.423009  9.918861 3.769191e+08                   0                0.000000            77.135573                     9.918861     0.018999
    p_median_p12       12      6363.119335      421491.091898  9.632321 5.160191e+08                   0                0.000000            87.739471                     9.632321     0.021230
max_coverage_p12       12       112.141326      513905.577027 10.586259 6.119808e+08                   0                0.000000            99.783925                    10.586259     0.030725
max_coverage_p18       18         0.000000      489976.907307 10.003276 9.506039e+08                   0                0.000000           100.000000                    10.003276     0.028983
    p_median_p25       25        91.178593      423933.850407  8.560300 1.399883e+09                   0                0.000000            99.824316                     8.560300     0.018645
max_coverage_p25       20         0.000000      481692.565441  9.729973 1.121232e+09                   0                0.000000           100.000000                     9.729973     0.020157
18:40:38 INFO    multirun                      判读：dominated_by_front_pct 越高，说明该单目标模型的最优解被 NSGA-II 前沿支配得越彻底——这是'多目标必要性'的直接证据。
18:40:38 INFO    multirun                   
18:40:38 INFO    multirun                   ── 加权求和对照（同一算法、同一预算，仅改选择机制）──
18:40:38 INFO    evtol_siting.nsga2_core    初始种群: 100 个个体 × 1324 维，站点数 区间 (12, 400)（区间初始化，自由规模）
18:40:56 WARNING evtol_siting.nsga2_core    帕累托前沿在 64 代内**没有改进**（HV 2.139e+13 -> 1.652e+13）。可能原因：(1) 初始种群已被 IP 解锚定在最优附近；(2) 修复算子过强，压制了搜索空间；(3) 目标间无实质权衡。建议检查目标值分布是否退化。
18:40:56 INFO    evtol_siting.nsga2_core    初始种群: 100 个个体 × 1324 维，站点数 区间 (12, 400)（区间初始化，自由规模）
18:41:15 WARNING evtol_siting.nsga2_core    帕累托前沿在 64 代内**没有改进**（HV 2.577e+14 -> 2.568e+14）。可能原因：(1) 初始种群已被 IP 解锚定在最优附近；(2) 修复算子过强，压制了搜索空间；(3) 目标间无实质权衡。建议检查目标值分布是否退化。
18:41:15 INFO    evtol_siting.nsga2_core    初始种群: 100 个个体 × 1324 维，站点数 区间 (12, 400)（区间初始化，自由规模）
18:41:36 WARNING evtol_siting.nsga2_core    帕累托前沿在 64 代内**没有改进**（HV 2.041e+14 -> 1.824e+14）。可能原因：(1) 初始种群已被 IP 解锚定在最优附近；(2) 修复算子过强，压制了搜索空间；(3) 目标间无实质权衡。建议检查目标值分布是否退化。
18:41:36 INFO    evtol_siting.nsga2_core    初始种群: 100 个个体 × 1324 维，站点数 区间 (12, 400)（区间初始化，自由规模）
18:41:50 WARNING evtol_siting.nsga2_core    帕累托前沿在 64 代内**没有改进**（HV 3.507e+14 -> 2.749e+14）。可能原因：(1) 初始种群已被 IP 解锚定在最优附近；(2) 修复算子过强，压制了搜索空间；(3) 目标间无实质权衡。建议检查目标值分布是否退化。
18:41:50 INFO    multirun                      已完成 4/16 个权重方向
18:41:50 INFO    evtol_siting.nsga2_core    初始种群: 100 个个体 × 1324 维，站点数 区间 (12, 400)（区间初始化，自由规模）
18:42:05 WARNING evtol_siting.nsga2_core    帕累托前沿在 64 代内**没有改进**（HV 4.095e+13 -> 3.56e+13）。可能原因：(1) 初始种群已被 IP 解锚定在最优附近；(2) 修复算子过强，压制了搜索空间；(3) 目标间无实质权衡。建议检查目标值分布是否退化。
18:42:05 INFO    evtol_siting.nsga2_core    初始种群: 100 个个体 × 1324 维，站点数 区间 (12, 400)（区间初始化，自由规模）
18:42:23 WARNING evtol_siting.nsga2_core    帕累托前沿在 64 代内**没有改进**（HV 6.382e+14 -> 5.724e+14）。可能原因：(1) 初始种群已被 IP 解锚定在最优附近；(2) 修复算子过强，压制了搜索空间；(3) 目标间无实质权衡。建议检查目标值分布是否退化。
18:42:23 INFO    evtol_siting.nsga2_core    初始种群: 100 个个体 × 1324 维，站点数 区间 (12, 400)（区间初始化，自由规模）
18:42:39 WARNING evtol_siting.nsga2_core    帕累托前沿在 64 代内**没有改进**（HV 8.593e+14 -> 7.224e+14）。可能原因：(1) 初始种群已被 IP 解锚定在最优附近；(2) 修复算子过强，压制了搜索空间；(3) 目标间无实质权衡。建议检查目标值分布是否退化。
18:42:39 INFO    evtol_siting.nsga2_core    初始种群: 100 个个体 × 1324 维，站点数 区间 (12, 400)（区间初始化，自由规模）
18:42:55 WARNING evtol_siting.nsga2_core    帕累托前沿在 64 代内**没有改进**（HV 1.997e+13 -> 1.511e+13）。可能原因：(1) 初始种群已被 IP 解锚定在最优附近；(2) 修复算子过强，压制了搜索空间；(3) 目标间无实质权衡。建议检查目标值分布是否退化。
18:42:55 INFO    multirun                      已完成 8/16 个权重方向
18:42:55 INFO    evtol_siting.nsga2_core    初始种群: 100 个个体 × 1324 维，站点数 区间 (12, 400)（区间初始化，自由规模）
18:43:11 WARNING evtol_siting.nsga2_core    帕累托前沿在 64 代内**没有改进**（HV 1.125e+15 -> 1.007e+15）。可能原因：(1) 初始种群已被 IP 解锚定在最优附近；(2) 修复算子过强，压制了搜索空间；(3) 目标间无实质权衡。建议检查目标值分布是否退化。
18:43:11 INFO    evtol_siting.nsga2_core    初始种群: 100 个个体 × 1324 维，站点数 区间 (12, 400)（区间初始化，自由规模）
18:43:27 WARNING evtol_siting.nsga2_core    帕累托前沿在 64 代内**没有改进**（HV 1.105e+13 -> 9.111e+12）。可能原因：(1) 初始种群已被 IP 解锚定在最优附近；(2) 修复算子过强，压制了搜索空间；(3) 目标间无实质权衡。建议检查目标值分布是否退化。
18:43:27 INFO    evtol_siting.nsga2_core    初始种群: 100 个个体 × 1324 维，站点数 区间 (12, 400)（区间初始化，自由规模）
18:43:47 WARNING evtol_siting.nsga2_core    帕累托前沿在 64 代内**没有改进**（HV 9.257e+13 -> 8.697e+13）。可能原因：(1) 初始种群已被 IP 解锚定在最优附近；(2) 修复算子过强，压制了搜索空间；(3) 目标间无实质权衡。建议检查目标值分布是否退化。
18:43:47 INFO    evtol_siting.nsga2_core    初始种群: 100 个个体 × 1324 维，站点数 区间 (12, 400)（区间初始化，自由规模）
18:44:06 WARNING evtol_siting.nsga2_core    帕累托前沿在 64 代内**没有改进**（HV 6.318e+13 -> 6.31e+13）。可能原因：(1) 初始种群已被 IP 解锚定在最优附近；(2) 修复算子过强，压制了搜索空间；(3) 目标间无实质权衡。建议检查目标值分布是否退化。
18:44:06 INFO    multirun                      已完成 12/16 个权重方向
18:44:06 INFO    evtol_siting.nsga2_core    初始种群: 100 个个体 × 1324 维，站点数 区间 (12, 400)（区间初始化，自由规模）
18:45:11 WARNING evtol_siting.nsga2_core    帕累托前沿在 64 代内**没有改进**（HV 1e-18 -> 1e-18）。可能原因：(1) 初始种群已被 IP 解锚定在最优附近；(2) 修复算子过强，压制了搜索空间；(3) 目标间无实质权衡。建议检查目标值分布是否退化。
18:45:11 INFO    evtol_siting.nsga2_core    初始种群: 100 个个体 × 1324 维，站点数 区间 (12, 400)（区间初始化，自由规模）
18:46:53 WARNING evtol_siting.nsga2_core    帕累托前沿在 64 代内**没有改进**（HV 8.481e+08 -> 8.444e+08）。可能原因：(1) 初始种群已被 IP 解锚定在最优附近；(2) 修复算子过强，压制了搜索空间；(3) 目标间无实质权衡。建议检查目标值分布是否退化。
18:46:53 INFO    evtol_siting.nsga2_core    初始种群: 100 个个体 × 1324 维，站点数 区间 (12, 400)（区间初始化，自由规模）
18:48:28 WARNING evtol_siting.nsga2_core    帕累托前沿在 64 代内**没有改进**（HV 0.358 -> 0.3531）。可能原因：(1) 初始种群已被 IP 解锚定在最优附近；(2) 修复算子过强，压制了搜索空间；(3) 目标间无实质权衡。建议检查目标值分布是否退化。
18:48:28 INFO    evtol_siting.nsga2_core    初始种群: 100 个个体 × 1324 维，站点数 区间 (12, 400)（区间初始化，自由规模）
18:48:44 WARNING evtol_siting.nsga2_core    帕累托前沿在 64 代内**没有改进**（HV 2.984e+15 -> 2.232e+15）。可能原因：(1) 初始种群已被 IP 解锚定在最优附近；(2) 修复算子过强，压制了搜索空间；(3) 目标间无实质权衡。建议检查目标值分布是否退化。
18:48:44 INFO    multirun                      已完成 16/16 个权重方向
18:48:44 INFO    multirun                      结果：16 个权重方向中，56% 的解被 NSGA-II 前沿支配；平均被 1.1% 的前沿解支配
18:48:44 INFO    multirun                      判读：加权和法的解被前沿支配，说明它**无法到达帕累托前沿的非凸部分**。这正是多目标处理的必要性所在——若所有加权和解都落在前沿上，则说明问题目标间无实质权衡，多目标处理不必要。
18:48:44 INFO    multirun                   
18:48:44 INFO    multirun                   ── 公平性定义对比：人群组均值 vs 单用户最小最大 ──
18:48:44 INFO    evtol_siting.stage4_nsga2  问题实例: 2519 个需求单元（核心 1008），1324 个候选；接驳预算 15.0 分钟；单点最大可覆盖 299 个核心单元（占核心 29.7%）
18:48:44 INFO    evtol_siting.nsga2_core    初始种群: 100 个个体 × 1324 维，站点数 区间 (12, 400)（区间初始化，自由规模）
18:49:34 INFO    evtol_siting.stage4_nsga2  问题实例: 2519 个需求单元（核心 1008），1324 个候选；接驳预算 15.0 分钟；单点最大可覆盖 299 个核心单元（占核心 29.7%）
18:49:34 INFO    evtol_siting.nsga2_core    初始种群: 100 个个体 × 1324 维，站点数 区间 (12, 400)（区间初始化，自由规模）
18:50:31 INFO    multirun                                           direction  count  total  pct
group_mean 被 individual_max 支配的解数      0    100  0.0
individual_max 被 group_mean 支配的解数     39    100 39.0
18:50:31 INFO    multirun                      group_mean 前沿的公平性最优值（目标 3）: 6.0558（该目标即人群组最差可达性）
18:50:31 INFO    multirun                      individual_max 前沿的公平性最优值（目标 3，此时为单用户最大）: 14.8186
18:50:31 INFO    evtol_siting.stage4_nsga2  问题实例: 2519 个需求单元（核心 1008），1324 个候选；接驳预算 15.0 分钟；单点最大可覆盖 299 个核心单元（占核心 29.7%）
18:50:31 INFO    multirun                      注：两者的目标 3 定义不同，数值不可直接比较；上表的分支配对才是有效证据。
18:50:31 INFO    multirun                      判读：若两个方向都存在互相支配的解，说明两种公平性定义刻画的是**不同的**公平维度，'人群组公平'不是 p-中心的重复表述，新意 (A) 成立。若某一方完全支配另一方，则应如实报告后者不构成独立贡献。
18:50:31 INFO    multirun                   
18:50:31 INFO    multirun                   ── 拐点解的指标跨运行分布（论文可报告为 均值 ± 标准差）──
18:50:31 INFO    multirun                      unserved     332.9 ± 184.8
18:50:31 INFO    multirun                      total_time   4.579e+05 ± 4.327e+04
18:50:31 INFO    multirun                      inequity     9.56 ± 0.7443
18:50:31 INFO    multirun                      cost         1.646e+09 ± 1.838e+09
18:50:31 INFO    multirun                   
18:50:31 INFO    multirun                   ============================================================================
18:50:31 INFO    multirun                    完成。输出目录: evtol_siting\outputs\tables
18:50:31 INFO    multirun                    文件: multirun_runs.csv / multirun_metrics.csv / baseline_vs_front.csv / weighted_sum_vs_front.csv / multirun_knee.csv / pymoo_validation.json
18:50:31 INFO    multirun                   ============================================================================
18:51:48 INFO    multirun                   ============================================================================
18:51:48 INFO    multirun                    多次独立运行：10 次，pop=100，gen=100，data_mode=real
18:51:48 INFO    multirun                   ============================================================================
18:51:48 INFO    evtol_siting.pipeline      ============================================================
18:51:48 INFO    evtol_siting.pipeline      阶段一：基于 GIS 的候选起降场筛选
18:51:48 INFO    evtol_siting.pipeline      ============================================================
18:51:48 INFO    evtol_siting.pipeline      解析 PBF 提取包: sichuan-latest.osm.pbf
18:52:04 INFO    evtol_siting.data.pbf        已扫描 200000 个候选要素…
18:52:25 INFO    evtol_siting.data.pbf        已扫描 400000 个候选要素…
18:52:44 INFO    evtol_siting.data.pbf        已扫描 600000 个候选要素…
18:53:07 INFO    evtol_siting.data.pbf        已扫描 800000 个候选要素…
18:53:21 INFO    evtol_siting.data.pbf        buildings          69675 个要素
18:53:21 INFO    evtol_siting.data.pbf        poi                 8159 个要素
18:53:22 INFO    evtol_siting.data.pbf        roads              42272 个要素
18:53:23 INFO    evtol_siting.data.pbf        landuse             8430 个要素
18:53:23 INFO    evtol_siting.data.pbf        water               2252 个要素
18:53:23 INFO    evtol_siting.data.pbf        airports            1364 个要素
18:53:23 INFO    evtol_siting.data.pbf      PBF 解析完成（扫描 921830 个候选要素，输出 6 个图层）
18:53:23 INFO    evtol_siting.data.rasters  建筑高度栅格已存在: evtol_siting\data\raw\height\chengdu_building_height_10m.tif
18:53:29 INFO    evtol_siting.data.heights  高度栅格提供了 49162 栋建筑的高度（覆盖 70.6%）
18:53:29 INFO    evtol_siting.data.heights  分位数回归填补了 14650 栋建筑的高度（中位数 18.6 m）
18:53:29 INFO    evtol_siting.data.heights  高度融合结果（共 69675 栋）:
    raster_height     70.6%
    imputed           21.0%
    osm_levels         7.3%
    osm_height         1.1%
18:53:29 INFO    evtol_siting.data.heights      有标签覆盖率: 8.4% -> 融合后覆盖率: 100.0%
18:53:29 INFO    evtol_siting.data.rasters  人口栅格已存在: evtol_siting\data\raw\population\chengdu_population_100m.tif
18:53:29 INFO    evtol_siting.data.rasters  收入代理数据已存在: evtol_siting\data\raw\income\chengdu_income_proxy.gpkg
18:53:30 INFO    evtol_siting.pipeline      收入代理已载入: 6716 个点（EPSG:4326）
18:53:30 INFO    evtol_siting.data.rasters  DEM 已存在: evtol_siting\data\raw\dem\chengdu_dem_30m.tif
18:53:34 INFO    evtol_siting.data.rasters  坡度栅格已生成: evtol_siting\data\interim\chengdu_slope.tif
18:53:35 INFO    evtol_siting.geo           栅格化完成: 单元边长 500 m, 单元数 2519, 覆盖 629.8 km²
18:53:35 INFO    evtol_siting.stage1_candidates 屋顶型筛选: 1430 / 69675 栋建筑满足 h>=20m 且 A_roof>=1600m² (2.05%)
18:53:35 INFO    evtol_siting.stage1_candidates   排除 用地类型: 30 个单元（1.2%）
18:53:35 INFO    evtol_siting.stage1_candidates   排除 水域: 55 个单元（2.2%）
18:53:35 INFO    evtol_siting.stage1_candidates   建筑覆盖率判据 (max=0.55): 剔除 4 个单元（保留 2430）；覆盖率中位数 0.05
18:53:35 INFO    evtol_siting.stage1_candidates 坡度判据: 2419 / 2430 单元满足 slope<=15° (剔除 11)
18:53:36 INFO    evtol_siting.stage1_candidates 地面型筛选: 2419 个候选（用地排除 -100，坡度排除后）
18:53:36 INFO    evtol_siting.stage1_candidates 地面型候选已按路网可达性重新评分（中位距离 91 m）
18:53:36 INFO    evtol_siting.stage1_candidates 已为 1430 个缺少 cell_id 的候选（屋顶型）补齐所属栅格单元（补齐后 3759/3849 有 cell_id）
18:53:36 INFO    evtol_siting.stage1_candidates   90 个候选落在栅格之外，改用坐标分桶作为 cell_id
18:53:36 INFO    evtol_siting.stage1_candidates   口径 all_aeroway：1298 个非直升要素全部按运输机场处理
18:53:36 INFO    evtol_siting.stage1_candidates   机场净空区（含民用） (r=4000m): 剔除 1472 个候选（占 38.2%）
18:53:36 INFO    evtol_siting.stage1_candidates   既有直升机场 (r=1000m): 剔除 177 个候选（占 4.6%）
18:53:36 INFO    evtol_siting.stage1_candidates 安全排除后剩余 2334 个候选（原有 3849）
18:53:36 INFO    evtol_siting.stage1_candidates   [ground] 类别内稀释: 1571 -> 1571
18:53:36 INFO    evtol_siting.stage1_candidates   [rooftop] 类别内稀释: 693 -> 258
18:53:37 INFO    evtol_siting.stage1_candidates 密度稀释 (c_min=500m, 每栅格<=3): 2334 -> 1324 个候选 （配额 -70，类别内间距 -435，跨类别冲突 -505）；构成: {'ground': 1067, 'rooftop': 257}
18:53:37 INFO    evtol_siting.stage1_candidates 阶段一完成: 1324 个候选起降场（屋顶型 257，地面型 1067）
18:53:37 INFO    evtol_siting.pipeline      ============================================================
18:53:37 INFO    evtol_siting.pipeline      阶段二：K-means 人群分类与需求空间化
18:53:37 INFO    evtol_siting.pipeline      ============================================================
18:53:37 INFO    evtol_siting.data.dasymetric 人口栅格分辨率 80 m 细于需求格网 500 m —— 分区求和已是正确的格网人口总量，**体积重分配在此不产生作用**，直接使用分区求和。（体积权重的价值在于把人口摊到建筑上做更细的分析，需 force=True）
18:53:37 WARNING evtol_siting.data.dasymetric 退化为按分区求和（假设人口在格网内均匀分布）
18:53:50 INFO    evtol_siting.stage2_demand 人口分配方式对比（论文 Table 用）:
    method  total_population  n_nonzero_cells  mean_per_cell  std_per_cell       cv     max_cell  top1pct_share     gini
dasymetric      7.712263e+06             2517    3061.636823   2504.238782 0.817941 12360.637527       0.032418 0.458119
   uniform      7.712263e+06             2517    3061.636823   2504.238782 0.817941 12360.637527       0.032418 0.458119
18:53:50 INFO    evtol_siting.stage2_demand 人口: 合计 7712263 人，单元中位数 2567 人（来源: zonal_sum）
18:53:51 INFO    evtol_siting.stage2_demand 收入代理(RWI): 范围 [4.28, 94.31]，单元均值 28.593
18:53:51 INFO    evtol_siting.stage2_demand POI: 研究区内 7442 个，单元密度中位数 0 个/km²
18:53:58 INFO    evtol_siting.stage2_demand K 选择 (silhouette): K=5，得分 0.4742，各 K 得分 {3: 0.4713, 4: 0.4495, 5: 0.4742, 6: 0.4289, 7: 0.4336, 8: 0.4372}
18:53:58 INFO    evtol_siting.choice_model  收入阶梯（K=5）: 1,877  2,956  4,049  5,546  8,736
18:53:58 INFO    evtol_siting.choice_model  时间价值: 5.4  8.5  11.6  15.9  25.1 元/小时（对应月收入 1,877  2,956  4,049  5,546  8,736）
18:53:58 INFO    evtol_siting.choice_model  时间价值: 1.1  1.3  1.4  1.7  1.9  2.2  2.5  2.9  3.3  3.8  4.4  5.0  5.8  6.6  7.6  8.8  10.1  11.6  13.3  15.3  17.6  20.2  23.2  26.7 元/小时（对应月收入 379  435  500  575  661  760  873  1,003  1,153  1,325  1,523  1,751  2,012  2,312  2,657  3,054  3,510  4,034  4,636  5,328  6,124  7,038  8,088  9,296）
18:53:58 INFO    evtol_siting.choice_model  时间价值: 1.7  2.0  2.3  2.6  3.0  3.4  4.0  4.5  5.2  6.0  6.9  7.9  9.1  10.5  12.0  13.8  15.9  18.3  21.0  24.1  27.7  31.9  36.6  42.1 元/小时（对应月收入 597  686  788  906  1,041  1,197  1,375  1,581  1,816  2,088  2,399  2,757  3,169  3,642  4,186  4,810  5,529  6,354  7,302  8,392  9,645  11,085  12,739  14,641）
18:53:58 INFO    evtol_siting.choice_model  时间价值: 2.3  2.7  3.1  3.6  4.1  4.7  5.4  6.2  7.1  8.2  9.4  10.9  12.5  14.3  16.5  18.9  21.8  25.0  28.7  33.0  38.0  43.6  50.1  57.6 元/小时（对应月收入 817  940  1,080  1,241  1,426  1,639  1,884  2,165  2,488  2,859  3,286  3,777  4,341  4,989  5,733  6,589  7,573  8,703  10,002  11,495  13,211  15,183  17,450  20,055）
18:53:58 INFO    evtol_siting.choice_model  时间价值: 3.2  3.7  4.3  4.9  5.6  6.5  7.4  8.5  9.8  11.3  12.9  14.9  17.1  19.6  22.6  25.9  29.8  34.3  39.4  45.2  52.0  59.8  68.7  78.9 元/小时（对应月收入 1,120  1,287  1,479  1,700  1,954  2,245  2,580  2,965  3,408  3,917  4,502  5,173  5,946  6,833  7,853  9,026  10,373  11,921  13,701  15,746  18,097  20,798  23,902  27,470）
18:53:58 INFO    evtol_siting.choice_model  时间价值: 5.1  5.8  6.7  7.7  8.8  10.2  11.7  13.4  15.4  17.7  20.4  23.4  26.9  30.9  35.5  40.9  46.9  54.0  62.0  71.3  81.9  94.1  108.2  124.3 元/小时（对应月收入 1,764  2,027  2,330  2,677  3,077  3,536  4,064  4,671  5,368  6,169  7,090  8,149  9,365  10,763  12,369  14,216  16,338  18,777  21,580  24,801  28,503  32,758  37,648  43,267）
18:53:58 INFO    evtol_siting.choice_model  选择模型 [区域内积分（σ_within=0.4）]: 出行 15 km（单点），地面 55 分钟 / 57 元，eVTOL 24 分钟 / 130 元，节省 31 分钟；采用概率 0.0565–0.0865（类间比 1.53）
18:53:58 INFO    evtol_siting.choice_model  各类人群采用概率:
 cluster  monthly_income_cny  vot_cny_per_h  p_evtol  demand_rate
       3              1877.0           5.39  0.05645     0.005645
       0              2956.0           8.49  0.06033     0.006033
       1              4049.0          11.64  0.06455     0.006455
       2              5546.0          15.94  0.07085     0.007085
       4              8736.0          25.10  0.08655     0.008655
18:53:58 INFO    evtol_siting.stage2_demand K-means 聚类完成: K=5，总需求 50339 次/日，总人口 7712263 人
18:53:58 INFO    evtol_siting.stage2_demand 类画像:
 cluster  n_cells   population  income_mean  poi_density_mean  trip_rate  monthly_income_cny  vot_cny_per_h  p_evtol  demand_trips_per_day k_selection
       3      911 1.274286e+06    15.458149          1.242591   0.005645              1877.0           5.39  0.05645           7193.345774  silhouette
       0      916 2.953990e+06    31.667580          4.310044   0.006033              2956.0           8.49  0.06033          17821.419612  silhouette
       1      311 1.804357e+06    33.630300         41.273312   0.006455              4049.0          11.64  0.06455          11647.124043  silhouette
       2       81 5.478822e+05    40.350918        106.123457   0.007085              5546.0          15.94  0.07085           3881.745275  silhouette
       4      300 1.131748e+06    50.690864         10.853333   0.008655              8736.0          25.10  0.08655           9795.280187  silhouette
18:53:58 INFO    evtol_siting.pipeline      ============================================================
18:53:58 INFO    evtol_siting.pipeline      阶段三：0-1 整数规划选址
18:53:58 INFO    evtol_siting.pipeline      ============================================================
18:53:59 INFO    evtol_siting.stage3_ip     [cost_priority] 需求单元 2519 个（核心 1008 个，阈值 分位数 0.60（>=21.0 次/日）），候选 1324 个，接驳时间预算 15.0 分钟，设施上限 20
18:54:00 INFO    evtol_siting.stage3_ip     [cost_priority] 最优解: 10 个起降场，总成本 3.13 亿元，需求覆盖率 96.2%，人口覆盖率 95.9%（耗时 1.36s）
18:54:00 INFO    evtol_siting.stage3_ip     [coverage_priority] 需求单元 2519 个（核心 1008 个，阈值 分位数 0.60（>=21.0 次/日）），候选 1324 个，接驳时间预算 15.0 分钟，设施上限 35
18:54:01 INFO    evtol_siting.stage3_ip     [coverage_priority] 最优解: 10 个起降场，总成本 4.59 亿元，需求覆盖率 96.6%，人口覆盖率 96.2%（耗时 0.68s）
18:54:01 INFO    evtol_siting.stage3_ip     阶段三完成: 2 个情景求解成功（cost_priority=Optimal, coverage_priority=Optimal）
18:54:01 INFO    evtol_siting.stage4_nsga2  问题实例: 2519 个需求单元（核心 1008），1324 个候选；接驳预算 15.0 分钟；单点最大可覆盖 299 个核心单元（占核心 29.7%）
18:54:01 INFO    evtol_siting.nsga2_core    初始种群: 100 个个体 × 1324 维，站点数 区间 (12, 400)（区间初始化，自由规模）
18:54:57 INFO    multirun                     第  1/10 次: 前沿 100 个解，HV=2.941e+08，最优未服务=5.3，耗时 56.5s
18:54:57 INFO    evtol_siting.nsga2_core    初始种群: 100 个个体 × 1324 维，站点数 区间 (12, 400)（区间初始化，自由规模）
18:55:40 INFO    multirun                     第  2/10 次: 前沿 100 个解，HV=3.446e+08，最优未服务=0.0，耗时 42.4s
18:55:40 INFO    evtol_siting.nsga2_core    初始种群: 100 个个体 × 1324 维，站点数 区间 (12, 400)（区间初始化，自由规模）
18:56:25 INFO    multirun                     第  3/10 次: 前沿 100 个解，HV=3.489e+08，最优未服务=5.3，耗时 44.8s
18:56:25 INFO    evtol_siting.nsga2_core    初始种群: 100 个个体 × 1324 维，站点数 区间 (12, 400)（区间初始化，自由规模）
18:57:11 INFO    multirun                     第  4/10 次: 前沿 100 个解，HV=3.892e+08，最优未服务=5.3，耗时 46.6s
18:57:11 INFO    evtol_siting.nsga2_core    初始种群: 100 个个体 × 1324 维，站点数 区间 (12, 400)（区间初始化，自由规模）
18:57:56 INFO    multirun                     第  5/10 次: 前沿 100 个解，HV=4.606e+08，最优未服务=5.3，耗时 44.9s
18:57:56 INFO    evtol_siting.nsga2_core    初始种群: 100 个个体 × 1324 维，站点数 区间 (12, 400)（区间初始化，自由规模）
18:58:43 INFO    multirun                     第  6/10 次: 前沿 100 个解，HV=3.35e+08，最优未服务=0.0，耗时 46.8s
18:58:43 INFO    evtol_siting.nsga2_core    初始种群: 100 个个体 × 1324 维，站点数 区间 (12, 400)（区间初始化，自由规模）
18:59:40 WARNING evtol_siting.nsga2_core    帕累托前沿在 100 代内**没有改进**（HV 4.066e+08 -> 4.066e+08）。可能原因：(1) 初始种群已被 IP 解锚定在最优附近；(2) 修复算子过强，压制了搜索空间；(3) 目标间无实质权衡。建议检查目标值分布是否退化。
18:59:40 INFO    multirun                     第  7/10 次: 前沿 100 个解，HV=4.066e+08，最优未服务=0.0，耗时 57.4s
18:59:40 INFO    evtol_siting.nsga2_core    初始种群: 100 个个体 × 1324 维，站点数 区间 (12, 400)（区间初始化，自由规模）
19:00:27 INFO    multirun                     第  8/10 次: 前沿 100 个解，HV=3.573e+08，最优未服务=0.0，耗时 47.0s
19:00:27 INFO    evtol_siting.nsga2_core    初始种群: 100 个个体 × 1324 维，站点数 区间 (12, 400)（区间初始化，自由规模）
19:01:22 INFO    multirun                     第  9/10 次: 前沿 100 个解，HV=4.001e+08，最优未服务=5.3，耗时 54.1s
19:01:22 INFO    evtol_siting.nsga2_core    初始种群: 100 个个体 × 1324 维，站点数 区间 (12, 400)（区间初始化，自由规模）
19:02:18 INFO    multirun                     第 10/10 次: 前沿 100 个解，HV=3.171e+08，最优未服务=5.3，耗时 56.3s
19:03:15 INFO    multirun                   
19:03:15 INFO    multirun                   ── 算法稳定性（10 次独立运行）──
19:03:15 INFO    multirun                      hypervolume    均值 5.2029e+19   标准差 5.6065e+17   （5.1273e+19 – 5.3173e+19）
19:03:15 INFO    multirun                      spacing        均值 0.05092      标准差 0.0062029    （0.043656 – 0.063293）
19:03:15 INFO    multirun                      spread         均值 0.96466      标准差 0.033819     （0.8959 – 1.0076）
19:03:15 INFO    multirun                      igd            均值 0.057197     标准差 0.001677     （0.054389 – 0.059236）
19:03:15 INFO    multirun                      n              均值 100          标准差 0            （100 – 100）
19:03:15 INFO    multirun                      注：HV 越大越好；SP/Δ/IGD 越小越好。论文中报告为 均值 ± 标准差。
19:07:11 INFO    multirun                   
19:07:11 INFO    multirun                   ── 与 pymoo NSGA-II 交叉验证 ──
19:07:11 INFO    multirun                      自实现 HV 均值 9.1397e+19 (n=10)
19:07:11 INFO    multirun                      pymoo  HV        6.3019e+19
19:07:11 INFO    multirun                      比值 1.4503，Mann-Whitney p=6.386e-05，Cliff's δ=+1.000
19:07:11 INFO    multirun                      判读：比值接近 1 且 p>0.05 表示两者统计上无显著差异，自实现 NSGA-II 通过正确性验证。
19:07:11 INFO    multirun                   
19:07:11 INFO    multirun                   ── 单目标基线 vs NSGA-II 前沿 ──
19:07:11 INFO    evtol_siting.baselines     基线求解：13 个 MILP，6 路并发（本机 20 核）
19:07:16 INFO    evtol_siting.baselines     [p_median_p8] p=8: 2519 个需求单元 × 25 近邻 = 61777 个分配变量
19:07:17 INFO    evtol_siting.baselines     [set_covering] -> 10 个设施，耗时 5.6s
19:07:18 INFO    evtol_siting.baselines     [p_median_p12] p=12: 2519 个需求单元 × 25 近邻 = 61777 个分配变量
19:07:23 INFO    evtol_siting.baselines     [p_center_p12] p=12 -> 11 个设施，最大接驳时间 13.61 分钟，耗时 12.1s
19:07:27 INFO    evtol_siting.baselines     [p_median_p18] p=18: 2519 个需求单元 × 25 近邻 = 61777 个分配变量
19:07:31 WARNING evtol_siting.baselines     [p_center_p8] 未找到可行解（p=8 过小？）
19:07:33 INFO    evtol_siting.baselines     [max_coverage_p12] p=12 -> 12 个设施，覆盖需求 50229，耗时 15.8s
19:07:33 INFO    evtol_siting.baselines     [p_center_p18] p=18 -> 11 个设施，最大接驳时间 13.61 分钟，耗时 2.6s
19:07:37 INFO    evtol_siting.baselines     [p_median_p25] p=25: 2519 个需求单元 × 25 近邻 = 61777 个分配变量
19:07:38 INFO    evtol_siting.baselines     [max_coverage_p18] p=18 -> 18 个设施，覆盖需求 50339，耗时 5.7s
19:07:41 INFO    evtol_siting.baselines     [p_center_p25] p=25 -> 11 个设施，最大接驳时间 13.61 分钟，耗时 2.5s
19:07:43 INFO    evtol_siting.baselines     [max_coverage_p25] p=25 -> 24 个设施，覆盖需求 50339，耗时 1.8s
19:07:46 INFO    evtol_siting.baselines     [max_coverage_p8] p=8 -> 8 个设施，覆盖需求 47961，耗时 35.3s
19:10:16 INFO    evtol_siting.baselines     [p_median_p8] p=8 -> 8 个设施，目标 220407.1，耗时 185.1s
19:12:27 INFO    evtol_siting.baselines     [p_median_p12] p=12 -> 12 个设施，目标 267618.3，耗时 316.0s
19:13:17 INFO    evtol_siting.baselines     [p_median_p25] p=25 -> 25 个设施，目标 19392.5，耗时 343.4s
19:13:54 INFO    evtol_siting.baselines     [p_median_p18] p=18 -> 18 个设施，目标 294862.1，耗时 390.3s
19:13:54 INFO    evtol_siting.baselines     基线求解完成: 12/13 成功，墙钟 403s
19:13:54 INFO    evtol_siting.baselines     基线结果已缓存: baselines_4752c1b7078df10288b16700522429b0.json
19:13:54 INFO    multirun                           baseline  n_sites  unserved_demand  total_access_time  inequity   total_cost  n_front_dominating  dominated_by_front_pct  demand_coverage_pct  worst_group_access_time_min  equity_gini
    set_covering       10      1703.663870      470219.436344 10.236717 5.385700e+08                  38               10.982659            96.615613                    10.236717     0.024218
    p_center_p12       11      1536.129683      450499.433630  9.808476 6.110598e+08                  22                6.358382            96.948425                     9.808476     0.022315
    p_center_p18       11      1536.129683      450499.433630  9.808476 6.110598e+08                  22                6.358382            96.948425                     9.808476     0.022315
    p_center_p25       11      1536.129683      450499.433630  9.808476 6.110598e+08                  22                6.358382            96.948425                     9.808476     0.022315
 max_coverage_p8        8      2377.738861      504723.304638 10.762218 4.519011e+08                  11                3.179191            95.276539                    10.762218     0.010435
     p_median_p8        8     11563.109967      375883.134814  9.918861 3.769191e+08                   0                0.000000            77.029481                     9.918861     0.018999
    p_median_p12       12      6206.918547      408677.370972  9.632321 5.160191e+08                   0                0.000000            87.669741                     9.632321     0.021230
max_coverage_p12       12       109.920854      498723.404554 10.586259 6.119808e+08                   0                0.000000            99.781638                    10.586259     0.030725
    p_median_p18       18      1538.423704      418031.126201  8.880966 1.007049e+09                   0                0.000000            96.943868                     8.880966     0.018000
max_coverage_p18       18         0.000000      482762.796323 10.063398 8.824452e+08                   0                0.000000           100.000000                    10.063398     0.030922
    p_median_p25       25     34114.414669      165561.562505 10.613604 1.146169e+09                   0                0.000000            32.230532                    10.613604     0.019721
max_coverage_p25       24         0.000000      456533.785615  9.644114 1.115050e+09                   0                0.000000           100.000000                     9.644114     0.021910
19:13:54 INFO    multirun                      判读：dominated_by_front_pct 越高，说明该单目标模型的最优解被 NSGA-II 前沿支配得越彻底——这是'多目标必要性'的直接证据。
19:13:54 INFO    multirun                   
19:13:54 INFO    multirun                   ── 加权求和对照（同一算法、同一预算，仅改选择机制）──
19:13:54 INFO    evtol_siting.nsga2_core    初始种群: 100 个个体 × 1324 维，站点数 区间 (12, 400)（区间初始化，自由规模）
19:14:08 WARNING evtol_siting.nsga2_core    帕累托前沿在 62 代内**没有改进**（HV 2.138e+13 -> 1.651e+13）。可能原因：(1) 初始种群已被 IP 解锚定在最优附近；(2) 修复算子过强，压制了搜索空间；(3) 目标间无实质权衡。建议检查目标值分布是否退化。
19:14:08 INFO    evtol_siting.nsga2_core    初始种群: 100 个个体 × 1324 维，站点数 区间 (12, 400)（区间初始化，自由规模）
19:14:25 WARNING evtol_siting.nsga2_core    帕累托前沿在 62 代内**没有改进**（HV 2.577e+14 -> 2.568e+14）。可能原因：(1) 初始种群已被 IP 解锚定在最优附近；(2) 修复算子过强，压制了搜索空间；(3) 目标间无实质权衡。建议检查目标值分布是否退化。
19:14:25 INFO    evtol_siting.nsga2_core    初始种群: 100 个个体 × 1324 维，站点数 区间 (12, 400)（区间初始化，自由规模）
19:14:41 WARNING evtol_siting.nsga2_core    帕累托前沿在 62 代内**没有改进**（HV 2.041e+14 -> 1.824e+14）。可能原因：(1) 初始种群已被 IP 解锚定在最优附近；(2) 修复算子过强，压制了搜索空间；(3) 目标间无实质权衡。建议检查目标值分布是否退化。
19:14:41 INFO    evtol_siting.nsga2_core    初始种群: 100 个个体 × 1324 维，站点数 区间 (12, 400)（区间初始化，自由规模）
19:14:53 WARNING evtol_siting.nsga2_core    帕累托前沿在 62 代内**没有改进**（HV 3.506e+14 -> 2.909e+14）。可能原因：(1) 初始种群已被 IP 解锚定在最优附近；(2) 修复算子过强，压制了搜索空间；(3) 目标间无实质权衡。建议检查目标值分布是否退化。
19:14:53 INFO    multirun                      已完成 4/16 个权重方向
19:14:53 INFO    evtol_siting.nsga2_core    初始种群: 100 个个体 × 1324 维，站点数 区间 (12, 400)（区间初始化，自由规模）
19:15:09 WARNING evtol_siting.nsga2_core    帕累托前沿在 62 代内**没有改进**（HV 3.936e+13 -> 3.56e+13）。可能原因：(1) 初始种群已被 IP 解锚定在最优附近；(2) 修复算子过强，压制了搜索空间；(3) 目标间无实质权衡。建议检查目标值分布是否退化。
19:15:09 INFO    evtol_siting.nsga2_core    初始种群: 100 个个体 × 1324 维，站点数 区间 (12, 400)（区间初始化，自由规模）
19:15:25 WARNING evtol_siting.nsga2_core    帕累托前沿在 62 代内**没有改进**（HV 6.382e+14 -> 5.724e+14）。可能原因：(1) 初始种群已被 IP 解锚定在最优附近；(2) 修复算子过强，压制了搜索空间；(3) 目标间无实质权衡。建议检查目标值分布是否退化。
19:15:25 INFO    evtol_siting.nsga2_core    初始种群: 100 个个体 × 1324 维，站点数 区间 (12, 400)（区间初始化，自由规模）
19:15:38 WARNING evtol_siting.nsga2_core    帕累托前沿在 62 代内**没有改进**（HV 8.592e+14 -> 7.224e+14）。可能原因：(1) 初始种群已被 IP 解锚定在最优附近；(2) 修复算子过强，压制了搜索空间；(3) 目标间无实质权衡。建议检查目标值分布是否退化。
19:15:38 INFO    evtol_siting.nsga2_core    初始种群: 100 个个体 × 1324 维，站点数 区间 (12, 400)（区间初始化，自由规模）
19:15:49 WARNING evtol_siting.nsga2_core    帕累托前沿在 62 代内**没有改进**（HV 1.997e+13 -> 1.584e+13）。可能原因：(1) 初始种群已被 IP 解锚定在最优附近；(2) 修复算子过强，压制了搜索空间；(3) 目标间无实质权衡。建议检查目标值分布是否退化。
19:15:49 INFO    multirun                      已完成 8/16 个权重方向
19:15:49 INFO    evtol_siting.nsga2_core    初始种群: 100 个个体 × 1324 维，站点数 区间 (12, 400)（区间初始化，自由规模）
19:16:02 WARNING evtol_siting.nsga2_core    帕累托前沿在 62 代内**没有改进**（HV 1.125e+15 -> 1.007e+15）。可能原因：(1) 初始种群已被 IP 解锚定在最优附近；(2) 修复算子过强，压制了搜索空间；(3) 目标间无实质权衡。建议检查目标值分布是否退化。
19:16:02 INFO    evtol_siting.nsga2_core    初始种群: 100 个个体 × 1324 维，站点数 区间 (12, 400)（区间初始化，自由规模）
19:16:15 WARNING evtol_siting.nsga2_core    帕累托前沿在 62 代内**没有改进**（HV 1.105e+13 -> 9.107e+12）。可能原因：(1) 初始种群已被 IP 解锚定在最优附近；(2) 修复算子过强，压制了搜索空间；(3) 目标间无实质权衡。建议检查目标值分布是否退化。
19:16:15 INFO    evtol_siting.nsga2_core    初始种群: 100 个个体 × 1324 维，站点数 区间 (12, 400)（区间初始化，自由规模）
19:16:32 WARNING evtol_siting.nsga2_core    帕累托前沿在 62 代内**没有改进**（HV 9.256e+13 -> 7.818e+13）。可能原因：(1) 初始种群已被 IP 解锚定在最优附近；(2) 修复算子过强，压制了搜索空间；(3) 目标间无实质权衡。建议检查目标值分布是否退化。
19:16:32 INFO    evtol_siting.nsga2_core    初始种群: 100 个个体 × 1324 维，站点数 区间 (12, 400)（区间初始化，自由规模）
19:16:46 WARNING evtol_siting.nsga2_core    帕累托前沿在 62 代内**没有改进**（HV 6.318e+13 -> 6.309e+13）。可能原因：(1) 初始种群已被 IP 解锚定在最优附近；(2) 修复算子过强，压制了搜索空间；(3) 目标间无实质权衡。建议检查目标值分布是否退化。
19:16:47 INFO    multirun                      已完成 12/16 个权重方向
19:16:47 INFO    evtol_siting.nsga2_core    初始种群: 100 个个体 × 1324 维，站点数 区间 (12, 400)（区间初始化，自由规模）
19:17:44 WARNING evtol_siting.nsga2_core    帕累托前沿在 62 代内**没有改进**（HV 1e-18 -> 1e-18）。可能原因：(1) 初始种群已被 IP 解锚定在最优附近；(2) 修复算子过强，压制了搜索空间；(3) 目标间无实质权衡。建议检查目标值分布是否退化。
19:17:44 INFO    evtol_siting.nsga2_core    初始种群: 100 个个体 × 1324 维，站点数 区间 (12, 400)（区间初始化，自由规模）
19:19:25 WARNING evtol_siting.nsga2_core    帕累托前沿在 62 代内**没有改进**（HV 7.97e+08 -> 7.935e+08）。可能原因：(1) 初始种群已被 IP 解锚定在最优附近；(2) 修复算子过强，压制了搜索空间；(3) 目标间无实质权衡。建议检查目标值分布是否退化。
19:19:25 INFO    evtol_siting.nsga2_core    初始种群: 100 个个体 × 1324 维，站点数 区间 (12, 400)（区间初始化，自由规模）
19:20:25 WARNING evtol_siting.nsga2_core    帕累托前沿在 62 代内**没有改进**（HV 0.358 -> 0.3531）。可能原因：(1) 初始种群已被 IP 解锚定在最优附近；(2) 修复算子过强，压制了搜索空间；(3) 目标间无实质权衡。建议检查目标值分布是否退化。
19:20:25 INFO    evtol_siting.nsga2_core    初始种群: 100 个个体 × 1324 维，站点数 区间 (12, 400)（区间初始化，自由规模）
19:20:32 WARNING evtol_siting.nsga2_core    帕累托前沿在 62 代内**没有改进**（HV 2.89e+15 -> 2.232e+15）。可能原因：(1) 初始种群已被 IP 解锚定在最优附近；(2) 修复算子过强，压制了搜索空间；(3) 目标间无实质权衡。建议检查目标值分布是否退化。
19:20:32 INFO    multirun                      已完成 16/16 个权重方向
19:20:32 INFO    multirun                      结果：16 个权重方向中，56% 的解被 NSGA-II 前沿支配；平均被 1.0% 的前沿解支配
19:20:32 INFO    multirun                      判读：加权和法的解被前沿支配，说明它**无法到达帕累托前沿的非凸部分**。这正是多目标处理的必要性所在——若所有加权和解都落在前沿上，则说明问题目标间无实质权衡，多目标处理不必要。
19:20:32 INFO    multirun                   
19:20:32 INFO    multirun                   ── 公平性定义对比：人群组均值 vs 单用户最小最大 ──
19:20:32 INFO    evtol_siting.stage4_nsga2  问题实例: 2519 个需求单元（核心 1008），1324 个候选；接驳预算 15.0 分钟；单点最大可覆盖 299 个核心单元（占核心 29.7%）
19:20:32 INFO    evtol_siting.nsga2_core    初始种群: 100 个个体 × 1324 维，站点数 区间 (12, 400)（区间初始化，自由规模）
19:20:53 INFO    evtol_siting.stage4_nsga2  问题实例: 2519 个需求单元（核心 1008），1324 个候选；接驳预算 15.0 分钟；单点最大可覆盖 299 个核心单元（占核心 29.7%）
19:20:53 INFO    evtol_siting.nsga2_core    初始种群: 100 个个体 × 1324 维，站点数 区间 (12, 400)（区间初始化，自由规模）
19:21:15 INFO    multirun                                           direction  count  total  pct
group_mean 被 individual_max 支配的解数      0    100  0.0
individual_max 被 group_mean 支配的解数     34    100 34.0
19:21:15 INFO    multirun                      group_mean 前沿的公平性最优值（目标 3）: 6.0515（该目标即人群组最差可达性）
19:21:15 INFO    multirun                      individual_max 前沿的公平性最优值（目标 3，此时为单用户最大）: 14.8186
19:21:15 INFO    evtol_siting.stage4_nsga2  问题实例: 2519 个需求单元（核心 1008），1324 个候选；接驳预算 15.0 分钟；单点最大可覆盖 299 个核心单元（占核心 29.7%）
19:21:15 INFO    multirun                      注：两者的目标 3 定义不同，数值不可直接比较；上表的分支配对才是有效证据。
19:21:15 INFO    multirun                      判读：若两个方向都存在互相支配的解，说明两种公平性定义刻画的是**不同的**公平维度，'人群组公平'不是 p-中心的重复表述，新意 (A) 成立。若某一方完全支配另一方，则应如实报告后者不构成独立贡献。
19:21:15 INFO    multirun                   
19:21:15 INFO    multirun                   ── 拐点解的指标跨运行分布（论文可报告为 均值 ± 标准差）──
19:21:15 INFO    multirun                      unserved     386.3 ± 384.8
19:21:15 INFO    multirun                      total_time   4.333e+05 ± 3.669e+04
19:21:15 INFO    multirun                      inequity     9.574 ± 1.01
19:21:15 INFO    multirun                      cost         1.745e+09 ± 1.504e+09
19:21:15 INFO    multirun                   
19:21:15 INFO    multirun                   ============================================================================
19:21:15 INFO    multirun                    完成。输出目录: evtol_siting\outputs\tables
19:21:15 INFO    multirun                    文件: multirun_runs.csv / multirun_metrics.csv / baseline_vs_front.csv / weighted_sum_vs_front.csv / multirun_knee.csv / pymoo_validation.json
19:21:15 INFO    multirun                   ============================================================================
21:30:22 INFO    multirun                   ============================================================================
21:30:22 INFO    multirun                    多次独立运行：10 次，pop=100，gen=100，data_mode=real
21:30:22 INFO    multirun                   ============================================================================
21:30:23 INFO    evtol_siting.pipeline      ============================================================
21:30:23 INFO    evtol_siting.pipeline      阶段一：基于 GIS 的候选起降场筛选
21:30:23 INFO    evtol_siting.pipeline      ============================================================
21:30:23 INFO    evtol_siting.pipeline      解析 PBF 提取包: sichuan-latest.osm.pbf
21:30:31 INFO    evtol_siting.data.pbf        已扫描 200000 个候选要素…
21:30:40 INFO    evtol_siting.data.pbf        已扫描 400000 个候选要素…
21:30:48 INFO    evtol_siting.data.pbf        已扫描 600000 个候选要素…
21:30:57 INFO    evtol_siting.data.pbf        已扫描 800000 个候选要素…
21:31:03 INFO    evtol_siting.data.pbf        buildings          69675 个要素
21:31:03 INFO    evtol_siting.data.pbf        poi                 8159 个要素
21:31:04 INFO    evtol_siting.data.pbf        roads              42272 个要素
21:31:04 INFO    evtol_siting.data.pbf        landuse             8430 个要素
21:31:04 INFO    evtol_siting.data.pbf        water               2252 个要素
21:31:04 INFO    evtol_siting.data.pbf        airports            1364 个要素
21:31:04 INFO    evtol_siting.data.pbf      PBF 解析完成（扫描 921830 个候选要素，输出 6 个图层）
21:31:04 INFO    evtol_siting.data.rasters  建筑高度栅格已存在: evtol_siting\data\raw\height\chengdu_building_height_10m.tif
21:31:06 INFO    evtol_siting.data.heights  高度栅格提供了 49162 栋建筑的高度（覆盖 70.6%）
21:31:06 INFO    evtol_siting.data.heights  分位数回归填补了 14650 栋建筑的高度（中位数 18.6 m）
21:31:06 INFO    evtol_siting.data.heights  高度融合结果（共 69675 栋）:
    raster_height     70.6%
    imputed           21.0%
    osm_levels         7.3%
    osm_height         1.1%
21:31:06 INFO    evtol_siting.data.heights      有标签覆盖率: 8.4% -> 融合后覆盖率: 100.0%
21:31:06 INFO    evtol_siting.data.rasters  人口栅格已存在: evtol_siting\data\raw\population\chengdu_population_100m.tif
21:31:06 INFO    evtol_siting.data.rasters  收入代理数据已存在: evtol_siting\data\raw\income\chengdu_income_proxy.gpkg
21:31:06 INFO    evtol_siting.pipeline      收入代理已载入: 6716 个点（EPSG:4326）
21:31:06 INFO    evtol_siting.data.rasters  DEM 已存在: evtol_siting\data\raw\dem\chengdu_dem_30m.tif
21:31:09 INFO    evtol_siting.data.rasters  坡度栅格已生成: evtol_siting\data\interim\chengdu_slope.tif
21:31:09 INFO    evtol_siting.geo           栅格化完成: 单元边长 500 m, 单元数 2519, 覆盖 629.8 km²
21:31:09 INFO    evtol_siting.stage1_candidates 屋顶型筛选: 1430 / 69675 栋建筑满足 h>=20m 且 A_roof>=1600m² (2.05%)
21:31:09 INFO    evtol_siting.stage1_candidates   排除 用地类型: 30 个单元（1.2%）
21:31:09 INFO    evtol_siting.stage1_candidates   排除 水域: 55 个单元（2.2%）
21:31:09 INFO    evtol_siting.stage1_candidates   建筑覆盖率判据 (max=0.55): 剔除 4 个单元（保留 2430）；覆盖率中位数 0.05
21:31:09 INFO    evtol_siting.stage1_candidates 坡度判据: 2419 / 2430 单元满足 slope<=15° (剔除 11)
21:31:09 INFO    evtol_siting.stage1_candidates 地面型筛选: 2419 个候选（用地排除 -100，坡度排除后）
21:31:09 INFO    evtol_siting.stage1_candidates 地面型候选已按路网可达性重新评分（中位距离 91 m）
21:31:09 INFO    evtol_siting.stage1_candidates 已为 1430 个缺少 cell_id 的候选（屋顶型）补齐所属栅格单元（补齐后 3759/3849 有 cell_id）
21:31:09 INFO    evtol_siting.stage1_candidates   90 个候选落在栅格之外，改用坐标分桶作为 cell_id
21:31:09 INFO    evtol_siting.stage1_candidates   口径 all_aeroway：1298 个非直升要素全部按运输机场处理
21:31:09 INFO    evtol_siting.stage1_candidates   机场净空区（含民用） (r=4000m): 剔除 1472 个候选（占 38.2%）
21:31:09 INFO    evtol_siting.stage1_candidates   既有直升机场 (r=1000m): 剔除 177 个候选（占 4.6%）
21:31:09 INFO    evtol_siting.stage1_candidates 安全排除后剩余 2334 个候选（原有 3849）
21:31:10 INFO    evtol_siting.stage1_candidates   [ground] 类别内稀释: 1571 -> 1571
21:31:10 INFO    evtol_siting.stage1_candidates   [rooftop] 类别内稀释: 693 -> 258
21:31:10 INFO    evtol_siting.stage1_candidates 密度稀释 (c_min=500m, 每栅格<=3): 2334 -> 1324 个候选 （配额 -70，类别内间距 -435，跨类别冲突 -505）；构成: {'ground': 1067, 'rooftop': 257}
21:31:10 INFO    evtol_siting.stage1_candidates 阶段一完成: 1324 个候选起降场（屋顶型 257，地面型 1067）
21:31:10 INFO    evtol_siting.pipeline      ============================================================
21:31:10 INFO    evtol_siting.pipeline      阶段二：K-means 人群分类与需求空间化
21:31:10 INFO    evtol_siting.pipeline      ============================================================
21:31:10 INFO    evtol_siting.data.dasymetric 人口栅格分辨率 80 m 细于需求格网 500 m —— 分区求和已是正确的格网人口总量，**体积重分配在此不产生作用**，直接使用分区求和。（体积权重的价值在于把人口摊到建筑上做更细的分析，需 force=True）
21:31:10 WARNING evtol_siting.data.dasymetric 退化为按分区求和（假设人口在格网内均匀分布）
21:31:15 INFO    evtol_siting.stage2_demand 人口分配方式对比（论文 Table 用）:
    method  total_population  n_nonzero_cells  mean_per_cell  std_per_cell       cv     max_cell  top1pct_share     gini
dasymetric      7.712263e+06             2517    3061.636823   2504.238782 0.817941 12360.637527       0.032418 0.458119
   uniform      7.712263e+06             2517    3061.636823   2504.238782 0.817941 12360.637527       0.032418 0.458119
21:31:15 INFO    evtol_siting.stage2_demand 人口: 合计 7712263 人，单元中位数 2567 人（来源: zonal_sum）
21:31:15 INFO    evtol_siting.stage2_demand 收入代理(RWI): 范围 [4.28, 94.31]，单元均值 28.593
21:31:15 INFO    evtol_siting.stage2_demand POI: 研究区内 7442 个，单元密度中位数 0 个/km²
21:31:19 INFO    evtol_siting.stage2_demand K 选择 (silhouette): K=5，得分 0.4742，各 K 得分 {3: 0.4713, 4: 0.4495, 5: 0.4742, 6: 0.4289, 7: 0.4336, 8: 0.4372}
21:31:20 INFO    evtol_siting.choice_model  收入阶梯（K=5）: 1,877  2,956  4,049  5,546  8,736
21:31:20 INFO    evtol_siting.choice_model  时间价值: 5.4  8.5  11.6  15.9  25.1 元/小时（对应月收入 1,877  2,956  4,049  5,546  8,736）
21:31:20 INFO    evtol_siting.choice_model  时间价值: 1.1  1.3  1.4  1.7  1.9  2.2  2.5  2.9  3.3  3.8  4.4  5.0  5.8  6.6  7.6  8.8  10.1  11.6  13.3  15.3  17.6  20.2  23.2  26.7 元/小时（对应月收入 379  435  500  575  661  760  873  1,003  1,153  1,325  1,523  1,751  2,012  2,312  2,657  3,054  3,510  4,034  4,636  5,328  6,124  7,038  8,088  9,296）
21:31:20 INFO    evtol_siting.choice_model  时间价值: 1.7  2.0  2.3  2.6  3.0  3.4  4.0  4.5  5.2  6.0  6.9  7.9  9.1  10.5  12.0  13.8  15.9  18.3  21.0  24.1  27.7  31.9  36.6  42.1 元/小时（对应月收入 597  686  788  906  1,041  1,197  1,375  1,581  1,816  2,088  2,399  2,757  3,169  3,642  4,186  4,810  5,529  6,354  7,302  8,392  9,645  11,085  12,739  14,641）
21:31:20 INFO    evtol_siting.choice_model  时间价值: 2.3  2.7  3.1  3.6  4.1  4.7  5.4  6.2  7.1  8.2  9.4  10.9  12.5  14.3  16.5  18.9  21.8  25.0  28.7  33.0  38.0  43.6  50.1  57.6 元/小时（对应月收入 817  940  1,080  1,241  1,426  1,639  1,884  2,165  2,488  2,859  3,286  3,777  4,341  4,989  5,733  6,589  7,573  8,703  10,002  11,495  13,211  15,183  17,450  20,055）
21:31:20 INFO    evtol_siting.choice_model  时间价值: 3.2  3.7  4.3  4.9  5.6  6.5  7.4  8.5  9.8  11.3  12.9  14.9  17.1  19.6  22.6  25.9  29.8  34.3  39.4  45.2  52.0  59.8  68.7  78.9 元/小时（对应月收入 1,120  1,287  1,479  1,700  1,954  2,245  2,580  2,965  3,408  3,917  4,502  5,173  5,946  6,833  7,853  9,026  10,373  11,921  13,701  15,746  18,097  20,798  23,902  27,470）
21:31:20 INFO    evtol_siting.choice_model  时间价值: 5.1  5.8  6.7  7.7  8.8  10.2  11.7  13.4  15.4  17.7  20.4  23.4  26.9  30.9  35.5  40.9  46.9  54.0  62.0  71.3  81.9  94.1  108.2  124.3 元/小时（对应月收入 1,764  2,027  2,330  2,677  3,077  3,536  4,064  4,671  5,368  6,169  7,090  8,149  9,365  10,763  12,369  14,216  16,338  18,777  21,580  24,801  28,503  32,758  37,648  43,267）
21:31:20 INFO    evtol_siting.choice_model  选择模型 [区域内积分（σ_within=0.4）]: 出行 15 km（单点），地面 55 分钟 / 57 元，eVTOL 24 分钟 / 130 元，节省 31 分钟；采用概率 0.0565–0.0865（类间比 1.53）
21:31:20 INFO    evtol_siting.choice_model  各类人群采用概率:
 cluster  monthly_income_cny  vot_cny_per_h  p_evtol  demand_rate
       3              1877.0           5.39  0.05645     0.005645
       0              2956.0           8.49  0.06033     0.006033
       1              4049.0          11.64  0.06455     0.006455
       2              5546.0          15.94  0.07085     0.007085
       4              8736.0          25.10  0.08655     0.008655
21:31:20 INFO    evtol_siting.stage2_demand K-means 聚类完成: K=5，总需求 50339 次/日，总人口 7712263 人
21:31:20 INFO    evtol_siting.stage2_demand 类画像:
 cluster  n_cells   population  income_mean  poi_density_mean  trip_rate  monthly_income_cny  vot_cny_per_h  p_evtol  demand_trips_per_day k_selection
       3      911 1.274286e+06    15.458149          1.242591   0.005645              1877.0           5.39  0.05645           7193.345774  silhouette
       0      916 2.953990e+06    31.667580          4.310044   0.006033              2956.0           8.49  0.06033          17821.419612  silhouette
       1      311 1.804357e+06    33.630300         41.273312   0.006455              4049.0          11.64  0.06455          11647.124043  silhouette
       2       81 5.478822e+05    40.350918        106.123457   0.007085              5546.0          15.94  0.07085           3881.745275  silhouette
       4      300 1.131748e+06    50.690864         10.853333   0.008655              8736.0          25.10  0.08655           9795.280187  silhouette
21:31:20 INFO    evtol_siting.pipeline      ============================================================
21:31:20 INFO    evtol_siting.pipeline      阶段三：0-1 整数规划选址
21:31:20 INFO    evtol_siting.pipeline      ============================================================
21:31:20 INFO    evtol_siting.stage3_ip     [cost_priority] 需求单元 2519 个（核心 1008 个，阈值 分位数 0.60（>=21.0 次/日）），候选 1324 个，接驳时间预算 15.0 分钟，设施上限 20
21:31:21 INFO    evtol_siting.stage3_ip     [cost_priority] 最优解: 10 个起降场，总成本 3.13 亿元，需求覆盖率 96.2%，人口覆盖率 95.9%（耗时 1.10s）
21:31:21 INFO    evtol_siting.stage3_ip     [coverage_priority] 需求单元 2519 个（核心 1008 个，阈值 分位数 0.60（>=21.0 次/日）），候选 1324 个，接驳时间预算 15.0 分钟，设施上限 35
21:31:22 INFO    evtol_siting.stage3_ip     [coverage_priority] 最优解: 10 个起降场，总成本 4.59 亿元，需求覆盖率 96.6%，人口覆盖率 96.2%（耗时 0.49s）
21:31:22 INFO    evtol_siting.stage3_ip     阶段三完成: 2 个情景求解成功（cost_priority=Optimal, coverage_priority=Optimal）
21:31:22 INFO    evtol_siting.stage4_nsga2  问题实例: 2519 个需求单元（核心 1008），1324 个候选；接驳预算 15.0 分钟；单点最大可覆盖 299 个核心单元（占核心 29.7%）
21:31:22 INFO    evtol_siting.nsga2_core    初始种群: 100 个个体 × 1324 维，站点数 区间 (12, 400)（区间初始化，自由规模）
21:31:43 INFO    multirun                     第  1/10 次: 前沿 100 个解，HV=2.941e+08，最优未服务=5.3，耗时 21.4s
21:31:43 INFO    evtol_siting.nsga2_core    初始种群: 100 个个体 × 1324 维，站点数 区间 (12, 400)（区间初始化，自由规模）
21:31:59 INFO    multirun                     第  2/10 次: 前沿 100 个解，HV=3.446e+08，最优未服务=0.0，耗时 16.2s
21:31:59 INFO    evtol_siting.nsga2_core    初始种群: 100 个个体 × 1324 维，站点数 区间 (12, 400)（区间初始化，自由规模）
21:32:17 INFO    multirun                     第  3/10 次: 前沿 100 个解，HV=3.489e+08，最优未服务=5.3，耗时 18.0s
21:32:17 INFO    evtol_siting.nsga2_core    初始种群: 100 个个体 × 1324 维，站点数 区间 (12, 400)（区间初始化，自由规模）
21:32:36 INFO    multirun                     第  4/10 次: 前沿 100 个解，HV=3.892e+08，最优未服务=5.3，耗时 18.5s
21:32:36 INFO    evtol_siting.nsga2_core    初始种群: 100 个个体 × 1324 维，站点数 区间 (12, 400)（区间初始化，自由规模）
21:32:54 INFO    multirun                     第  5/10 次: 前沿 100 个解，HV=4.606e+08，最优未服务=5.3，耗时 18.2s
21:32:54 INFO    evtol_siting.nsga2_core    初始种群: 100 个个体 × 1324 维，站点数 区间 (12, 400)（区间初始化，自由规模）
21:33:14 INFO    multirun                     第  6/10 次: 前沿 100 个解，HV=3.35e+08，最优未服务=0.0，耗时 19.8s
21:33:14 INFO    evtol_siting.nsga2_core    初始种群: 100 个个体 × 1324 维，站点数 区间 (12, 400)（区间初始化，自由规模）
21:33:36 WARNING evtol_siting.nsga2_core    帕累托前沿在 100 代内**没有改进**（HV 4.066e+08 -> 4.066e+08）。可能原因：(1) 初始种群已被 IP 解锚定在最优附近；(2) 修复算子过强，压制了搜索空间；(3) 目标间无实质权衡。建议检查目标值分布是否退化。
21:33:36 INFO    multirun                     第  7/10 次: 前沿 100 个解，HV=4.066e+08，最优未服务=0.0，耗时 21.7s
21:33:36 INFO    evtol_siting.nsga2_core    初始种群: 100 个个体 × 1324 维，站点数 区间 (12, 400)（区间初始化，自由规模）
21:33:54 INFO    multirun                     第  8/10 次: 前沿 100 个解，HV=3.573e+08，最优未服务=0.0，耗时 18.1s
21:33:54 INFO    evtol_siting.nsga2_core    初始种群: 100 个个体 × 1324 维，站点数 区间 (12, 400)（区间初始化，自由规模）
21:34:14 INFO    multirun                     第  9/10 次: 前沿 100 个解，HV=4.001e+08，最优未服务=5.3，耗时 20.7s
21:34:14 INFO    evtol_siting.nsga2_core    初始种群: 100 个个体 × 1324 维，站点数 区间 (12, 400)（区间初始化，自由规模）
21:34:36 INFO    multirun                     第 10/10 次: 前沿 100 个解，HV=3.171e+08，最优未服务=5.3，耗时 21.6s
21:35:04 INFO    multirun                   
21:35:04 INFO    multirun                   ── 算法稳定性（10 次独立运行）──
21:35:04 INFO    multirun                      hypervolume    均值 5.2029e+19   标准差 5.6065e+17   （5.1273e+19 – 5.3173e+19）
21:35:04 INFO    multirun                      spacing        均值 0.05092      标准差 0.0062029    （0.043656 – 0.063293）
21:35:04 INFO    multirun                      spread         均值 0.96466      标准差 0.033819     （0.8959 – 1.0076）
21:35:04 INFO    multirun                      igd            均值 0.057197     标准差 0.001677     （0.054389 – 0.059236）
21:35:04 INFO    multirun                      n              均值 100          标准差 0            （100 – 100）
21:35:04 INFO    multirun                      注：HV 越大越好；SP/Δ/IGD 越小越好。论文中报告为 均值 ± 标准差。
21:36:47 INFO    multirun                   
21:36:47 INFO    multirun                   ── 与 pymoo NSGA-II 交叉验证 ──
21:36:47 INFO    multirun                      自实现 HV 均值 9.1397e+19 (n=10)
21:36:47 INFO    multirun                      pymoo  HV        6.3019e+19
21:36:47 INFO    multirun                      比值 1.4503，Mann-Whitney p=6.386e-05，Cliff's δ=+1.000
21:36:47 INFO    multirun                      判读：比值接近 1 且 p>0.05 表示两者统计上无显著差异，自实现 NSGA-II 通过正确性验证。
21:36:47 INFO    multirun                   
21:36:47 INFO    multirun                   ── 单目标基线 vs NSGA-II 前沿 ──
21:36:47 INFO    evtol_siting.baselines     基线求解：13 个 MILP，6 路并发（本机 20 核）
21:36:49 INFO    evtol_siting.baselines     [set_covering] -> 10 个设施，耗时 1.7s
21:36:59 INFO    evtol_siting.baselines     [p_median_p8] p=8: 2519 个需求单元 × 1324 近邻 = 327541 个分配变量
21:37:01 INFO    evtol_siting.baselines     [p_median_p12] p=12: 2519 个需求单元 × 1324 近邻 = 327541 个分配变量
21:37:04 INFO    evtol_siting.baselines     [max_coverage_p8] p=8 -> 8 个设施，覆盖需求 47961，耗时 16.8s
21:37:06 INFO    evtol_siting.baselines     [max_coverage_p12] p=12 -> 12 个设施，覆盖需求 50229，耗时 16.7s
21:37:12 INFO    evtol_siting.baselines     [p_median_p18] p=18: 2519 个需求单元 × 1324 近邻 = 327541 个分配变量
21:37:18 INFO    evtol_siting.baselines     [p_center_p12] p=12 -> 11 个设施，最大接驳时间 13.61 分钟，耗时 30.5s
21:37:19 INFO    evtol_siting.baselines     [p_center_p18] p=18 -> 11 个设施，最大接驳时间 13.61 分钟，耗时 13.3s
21:37:23 INFO    evtol_siting.baselines     [max_coverage_p18] p=18 -> 18 个设施，覆盖需求 50339，耗时 5.6s
21:37:28 INFO    evtol_siting.baselines     [p_median_p25] p=25: 2519 个需求单元 × 1324 近邻 = 327541 个分配变量
21:37:34 WARNING evtol_siting.baselines     [p_center_p8] 未找到可行解（p=8 过小？）
21:37:35 INFO    evtol_siting.baselines     [p_center_p25] p=25 -> 11 个设施，最大接驳时间 13.61 分钟，耗时 11.5s
21:37:35 INFO    evtol_siting.baselines     [max_coverage_p25] p=25 -> 24 个设施，覆盖需求 50339，耗时 1.8s
16:24:42 INFO    multirun                   ============================================================================
16:24:42 INFO    multirun                    多次独立运行：10 次，pop=100，gen=100，data_mode=real
16:24:42 INFO    multirun                   ============================================================================
16:24:42 INFO    evtol_siting.pipeline      ============================================================
16:24:42 INFO    evtol_siting.pipeline      阶段一：基于 GIS 的候选起降场筛选
16:24:42 INFO    evtol_siting.pipeline      ============================================================
16:24:42 INFO    evtol_siting.pipeline      解析 PBF 提取包: sichuan-latest.osm.pbf
16:25:00 INFO    evtol_siting.data.pbf        已扫描 200000 个候选要素…
16:25:25 INFO    evtol_siting.data.pbf        已扫描 400000 个候选要素…
16:25:39 INFO    evtol_siting.data.pbf        已扫描 600000 个候选要素…
16:25:53 INFO    evtol_siting.data.pbf        已扫描 800000 个候选要素…
16:26:07 INFO    evtol_siting.data.pbf        buildings          69675 个要素
16:26:07 INFO    evtol_siting.data.pbf        poi                 8159 个要素
16:26:08 INFO    evtol_siting.data.pbf        roads              42272 个要素
16:26:08 INFO    evtol_siting.data.pbf        landuse             8430 个要素
16:26:08 INFO    evtol_siting.data.pbf        water               2252 个要素
16:26:08 INFO    evtol_siting.data.pbf        airports            1364 个要素
16:26:08 INFO    evtol_siting.data.pbf      PBF 解析完成（扫描 921830 个候选要素，输出 6 个图层）
16:26:08 INFO    evtol_siting.data.rasters  建筑高度栅格已存在: evtol_siting\data\raw\height\chengdu_building_height_10m.tif
16:26:13 INFO    evtol_siting.data.heights  高度栅格提供了 49162 栋建筑的高度（覆盖 70.6%）
16:26:13 INFO    evtol_siting.data.heights  分位数回归填补了 14650 栋建筑的高度（中位数 18.6 m）
16:26:13 INFO    evtol_siting.data.heights  高度融合结果（共 69675 栋）:
    raster_height     70.6%
    imputed           21.0%
    osm_levels         7.3%
    osm_height         1.1%
16:26:13 INFO    evtol_siting.data.heights      有标签覆盖率: 8.4% -> 融合后覆盖率: 100.0%
16:26:13 INFO    evtol_siting.data.rasters  人口栅格已存在: evtol_siting\data\raw\population\chengdu_population_100m.tif
16:26:13 INFO    evtol_siting.data.rasters  收入代理数据已存在: evtol_siting\data\raw\income\chengdu_income_proxy.gpkg
16:26:14 INFO    evtol_siting.pipeline      收入代理已载入: 6716 个点（EPSG:4326）
16:26:14 INFO    evtol_siting.data.rasters  DEM 已存在: evtol_siting\data\raw\dem\chengdu_dem_30m.tif
16:26:18 INFO    evtol_siting.data.rasters  坡度栅格已生成: evtol_siting\data\interim\chengdu_slope.tif
16:26:18 INFO    evtol_siting.geo           栅格化完成: 单元边长 500 m, 单元数 2519, 覆盖 629.8 km²
16:26:19 INFO    evtol_siting.stage1_candidates 屋顶型筛选: 1430 / 69675 栋建筑满足 h>=20m 且 A_roof>=1600m² (2.05%)
16:26:19 INFO    evtol_siting.stage1_candidates   排除 用地类型: 30 个单元（1.2%）
16:26:19 INFO    evtol_siting.stage1_candidates   排除 水域: 55 个单元（2.2%）
16:26:19 INFO    evtol_siting.stage1_candidates   建筑覆盖率判据 (max=0.55): 剔除 4 个单元（保留 2430）；覆盖率中位数 0.05
16:26:19 INFO    evtol_siting.stage1_candidates 坡度判据: 2419 / 2430 单元满足 slope<=15° (剔除 11)
16:26:19 INFO    evtol_siting.stage1_candidates 地面型筛选: 2419 个候选（用地排除 -100，坡度排除后）
16:26:19 INFO    evtol_siting.stage1_candidates 地面型候选已按路网可达性重新评分（中位距离 91 m）
16:26:19 INFO    evtol_siting.stage1_candidates 已为 1430 个缺少 cell_id 的候选（屋顶型）补齐所属栅格单元（补齐后 3759/3849 有 cell_id）
16:26:19 INFO    evtol_siting.stage1_candidates   90 个候选落在栅格之外，改用坐标分桶作为 cell_id
16:26:19 INFO    evtol_siting.stage1_candidates   口径 all_aeroway：1298 个非直升要素全部按运输机场处理
16:26:19 INFO    evtol_siting.stage1_candidates   机场净空区（含民用） (r=4000m): 剔除 1472 个候选（占 38.2%）
16:26:19 INFO    evtol_siting.stage1_candidates   既有直升机场 (r=1000m): 剔除 177 个候选（占 4.6%）
16:26:19 INFO    evtol_siting.stage1_candidates 安全排除后剩余 2334 个候选（原有 3849）
16:26:20 INFO    evtol_siting.stage1_candidates   [ground] 类别内稀释: 1571 -> 1571
16:26:20 INFO    evtol_siting.stage1_candidates   [rooftop] 类别内稀释: 693 -> 258
16:26:20 INFO    evtol_siting.stage1_candidates 密度稀释 (c_min=500m, 每栅格<=3): 2334 -> 1324 个候选 （配额 -70，类别内间距 -435，跨类别冲突 -505）；构成: {'ground': 1067, 'rooftop': 257}
16:26:20 INFO    evtol_siting.stage1_candidates 阶段一完成: 1324 个候选起降场（屋顶型 257，地面型 1067）
16:26:20 INFO    evtol_siting.pipeline      ============================================================
16:26:20 INFO    evtol_siting.pipeline      阶段二：K-means 人群分类与需求空间化
16:26:20 INFO    evtol_siting.pipeline      ============================================================
16:26:20 INFO    evtol_siting.data.dasymetric 人口栅格分辨率 80 m 细于需求格网 500 m —— 分区求和已是正确的格网人口总量，**体积重分配在此不产生作用**，直接使用分区求和。（体积权重的价值在于把人口摊到建筑上做更细的分析，需 force=True）
16:26:20 WARNING evtol_siting.data.dasymetric 退化为按分区求和（假设人口在格网内均匀分布）
16:26:32 INFO    evtol_siting.stage2_demand 人口分配方式对比（论文 Table 用）:
    method  total_population  n_nonzero_cells  mean_per_cell  std_per_cell       cv     max_cell  top1pct_share     gini
dasymetric      7.712263e+06             2517    3061.636823   2504.238782 0.817941 12360.637527       0.032418 0.458119
   uniform      7.712263e+06             2517    3061.636823   2504.238782 0.817941 12360.637527       0.032418 0.458119
16:26:32 INFO    evtol_siting.stage2_demand 人口: 合计 7712263 人，单元中位数 2567 人（来源: zonal_sum）
16:26:32 INFO    evtol_siting.stage2_demand 收入代理(RWI): 范围 [4.28, 94.31]，单元均值 28.593
16:26:32 INFO    evtol_siting.stage2_demand POI: 研究区内 7442 个，单元密度中位数 0 个/km²
16:26:37 INFO    evtol_siting.stage2_demand K 选择 (silhouette): K=5，得分 0.4742，各 K 得分 {3: 0.4713, 4: 0.4495, 5: 0.4742, 6: 0.4289, 7: 0.4336, 8: 0.4372}
16:26:37 INFO    evtol_siting.choice_model  收入阶梯（K=5）: 1,877  2,956  4,049  5,546  8,736
16:26:37 INFO    evtol_siting.choice_model  时间价值: 5.4  8.5  11.6  15.9  25.1 元/小时（对应月收入 1,877  2,956  4,049  5,546  8,736）
16:26:37 INFO    evtol_siting.choice_model  时间价值: 1.1  1.3  1.4  1.7  1.9  2.2  2.5  2.9  3.3  3.8  4.4  5.0  5.8  6.6  7.6  8.8  10.1  11.6  13.3  15.3  17.6  20.2  23.2  26.7 元/小时（对应月收入 379  435  500  575  661  760  873  1,003  1,153  1,325  1,523  1,751  2,012  2,312  2,657  3,054  3,510  4,034  4,636  5,328  6,124  7,038  8,088  9,296）
16:26:37 INFO    evtol_siting.choice_model  时间价值: 1.7  2.0  2.3  2.6  3.0  3.4  4.0  4.5  5.2  6.0  6.9  7.9  9.1  10.5  12.0  13.8  15.9  18.3  21.0  24.1  27.7  31.9  36.6  42.1 元/小时（对应月收入 597  686  788  906  1,041  1,197  1,375  1,581  1,816  2,088  2,399  2,757  3,169  3,642  4,186  4,810  5,529  6,354  7,302  8,392  9,645  11,085  12,739  14,641）
16:26:37 INFO    evtol_siting.choice_model  时间价值: 2.3  2.7  3.1  3.6  4.1  4.7  5.4  6.2  7.1  8.2  9.4  10.9  12.5  14.3  16.5  18.9  21.8  25.0  28.7  33.0  38.0  43.6  50.1  57.6 元/小时（对应月收入 817  940  1,080  1,241  1,426  1,639  1,884  2,165  2,488  2,859  3,286  3,777  4,341  4,989  5,733  6,589  7,573  8,703  10,002  11,495  13,211  15,183  17,450  20,055）
16:26:37 INFO    evtol_siting.choice_model  时间价值: 3.2  3.7  4.3  4.9  5.6  6.5  7.4  8.5  9.8  11.3  12.9  14.9  17.1  19.6  22.6  25.9  29.8  34.3  39.4  45.2  52.0  59.8  68.7  78.9 元/小时（对应月收入 1,120  1,287  1,479  1,700  1,954  2,245  2,580  2,965  3,408  3,917  4,502  5,173  5,946  6,833  7,853  9,026  10,373  11,921  13,701  15,746  18,097  20,798  23,902  27,470）
16:26:37 INFO    evtol_siting.choice_model  时间价值: 5.1  5.8  6.7  7.7  8.8  10.2  11.7  13.4  15.4  17.7  20.4  23.4  26.9  30.9  35.5  40.9  46.9  54.0  62.0  71.3  81.9  94.1  108.2  124.3 元/小时（对应月收入 1,764  2,027  2,330  2,677  3,077  3,536  4,064  4,671  5,368  6,169  7,090  8,149  9,365  10,763  12,369  14,216  16,338  18,777  21,580  24,801  28,503  32,758  37,648  43,267）
16:26:37 INFO    evtol_siting.choice_model  选择模型 [区域内积分（σ_within=0.4）]: 出行 15 km（单点），地面 55 分钟 / 57 元，eVTOL 24 分钟 / 130 元，节省 31 分钟；采用概率 0.0565–0.0865（类间比 1.53）
16:26:37 INFO    evtol_siting.choice_model  各类人群采用概率:
 cluster  monthly_income_cny  vot_cny_per_h  p_evtol  demand_rate
       3              1877.0           5.39  0.05645     0.005645
       0              2956.0           8.49  0.06033     0.006033
       1              4049.0          11.64  0.06455     0.006455
       2              5546.0          15.94  0.07085     0.007085
       4              8736.0          25.10  0.08655     0.008655
16:26:37 INFO    evtol_siting.stage2_demand K-means 聚类完成: K=5，总需求 50339 次/日，总人口 7712263 人
16:26:37 INFO    evtol_siting.stage2_demand 类画像:
 cluster  n_cells   population  income_mean  poi_density_mean  trip_rate  monthly_income_cny  vot_cny_per_h  p_evtol  demand_trips_per_day k_selection
       3      911 1.274286e+06    15.458149          1.242591   0.005645              1877.0           5.39  0.05645           7193.345774  silhouette
       0      916 2.953990e+06    31.667580          4.310044   0.006033              2956.0           8.49  0.06033          17821.419612  silhouette
       1      311 1.804357e+06    33.630300         41.273312   0.006455              4049.0          11.64  0.06455          11647.124043  silhouette
       2       81 5.478822e+05    40.350918        106.123457   0.007085              5546.0          15.94  0.07085           3881.745275  silhouette
       4      300 1.131748e+06    50.690864         10.853333   0.008655              8736.0          25.10  0.08655           9795.280187  silhouette
16:26:38 INFO    evtol_siting.pipeline      ============================================================
16:26:38 INFO    evtol_siting.pipeline      阶段三：0-1 整数规划选址
16:26:38 INFO    evtol_siting.pipeline      ============================================================
16:26:38 INFO    evtol_siting.stage3_ip     [cost_priority] 需求单元 2519 个（核心 1008 个，阈值 分位数 0.60（>=21.0 次/日）），候选 1324 个，接驳时间预算 15.0 分钟，设施上限 20
16:26:39 INFO    evtol_siting.stage3_ip     [cost_priority] 最优解: 10 个起降场，总成本 3.13 亿元，需求覆盖率 96.2%，人口覆盖率 95.9%（耗时 1.22s）
16:26:39 INFO    evtol_siting.stage3_ip     [coverage_priority] 需求单元 2519 个（核心 1008 个，阈值 分位数 0.60（>=21.0 次/日）），候选 1324 个，接驳时间预算 15.0 分钟，设施上限 35
16:26:40 INFO    evtol_siting.stage3_ip     [coverage_priority] 最优解: 10 个起降场，总成本 4.59 亿元，需求覆盖率 96.6%，人口覆盖率 96.2%（耗时 0.65s）
16:26:40 INFO    evtol_siting.stage3_ip     阶段三完成: 2 个情景求解成功（cost_priority=Optimal, coverage_priority=Optimal）
16:26:40 INFO    evtol_siting.stage4_nsga2  问题实例: 2519 个需求单元（核心 1008），1324 个候选；接驳预算 15.0 分钟；单点最大可覆盖 299 个核心单元（占核心 29.7%）
16:26:40 INFO    evtol_siting.nsga2_core    初始种群: 100 个个体 × 1324 维，站点数 区间 (12, 400)（区间初始化，自由规模）
16:27:34 INFO    multirun                     第  1/10 次: 前沿 100 个解，HV=2.941e+08，最优未服务=5.3，耗时 53.5s
16:27:34 INFO    evtol_siting.nsga2_core    初始种群: 100 个个体 × 1324 维，站点数 区间 (12, 400)（区间初始化，自由规模）
16:28:08 INFO    multirun                     第  2/10 次: 前沿 100 个解，HV=3.446e+08，最优未服务=0.0，耗时 34.2s
16:28:08 INFO    evtol_siting.nsga2_core    初始种群: 100 个个体 × 1324 维，站点数 区间 (12, 400)（区间初始化，自由规模）
16:28:28 INFO    multirun                     第  3/10 次: 前沿 100 个解，HV=3.489e+08，最优未服务=5.3，耗时 20.0s
16:28:28 INFO    evtol_siting.nsga2_core    初始种群: 100 个个体 × 1324 维，站点数 区间 (12, 400)（区间初始化，自由规模）
16:28:48 INFO    multirun                     第  4/10 次: 前沿 100 个解，HV=3.892e+08，最优未服务=5.3，耗时 20.3s
16:28:48 INFO    evtol_siting.nsga2_core    初始种群: 100 个个体 × 1324 维，站点数 区间 (12, 400)（区间初始化，自由规模）
16:29:31 INFO    multirun                     第  5/10 次: 前沿 100 个解，HV=4.606e+08，最优未服务=5.3，耗时 42.4s
16:29:31 INFO    evtol_siting.nsga2_core    初始种群: 100 个个体 × 1324 维，站点数 区间 (12, 400)（区间初始化，自由规模）
16:30:20 INFO    multirun                     第  6/10 次: 前沿 100 个解，HV=3.35e+08，最优未服务=0.0，耗时 49.8s
16:30:20 INFO    evtol_siting.nsga2_core    初始种群: 100 个个体 × 1324 维，站点数 区间 (12, 400)（区间初始化，自由规模）
16:31:14 WARNING evtol_siting.nsga2_core    帕累托前沿在 100 代内**没有改进**（HV 4.066e+08 -> 4.066e+08）。可能原因：(1) 初始种群已被 IP 解锚定在最优附近；(2) 修复算子过强，压制了搜索空间；(3) 目标间无实质权衡。建议检查目标值分布是否退化。
16:31:14 INFO    multirun                     第  7/10 次: 前沿 100 个解，HV=4.066e+08，最优未服务=0.0，耗时 53.7s
16:31:14 INFO    evtol_siting.nsga2_core    初始种群: 100 个个体 × 1324 维，站点数 区间 (12, 400)（区间初始化，自由规模）
16:31:34 INFO    multirun                     第  8/10 次: 前沿 100 个解，HV=3.573e+08，最优未服务=0.0，耗时 20.4s
16:31:34 INFO    evtol_siting.nsga2_core    初始种群: 100 个个体 × 1324 维，站点数 区间 (12, 400)（区间初始化，自由规模）
16:32:11 INFO    multirun                     第  9/10 次: 前沿 100 个解，HV=4.001e+08，最优未服务=5.3，耗时 36.4s
16:32:11 INFO    evtol_siting.nsga2_core    初始种群: 100 个个体 × 1324 维，站点数 区间 (12, 400)（区间初始化，自由规模）
16:32:34 INFO    multirun                     第 10/10 次: 前沿 100 个解，HV=3.171e+08，最优未服务=5.3，耗时 23.1s
16:33:02 INFO    multirun                   
16:33:02 INFO    multirun                   ── 算法稳定性（10 次独立运行）──
16:33:02 INFO    multirun                      hypervolume    均值 5.2029e+19   标准差 5.6065e+17   （5.1273e+19 – 5.3173e+19）
16:33:02 INFO    multirun                      spacing        均值 0.05092      标准差 0.0062029    （0.043656 – 0.063293）
16:33:02 INFO    multirun                      spread         均值 0.96466      标准差 0.033819     （0.8959 – 1.0076）
16:33:02 INFO    multirun                      igd            均值 0.057197     标准差 0.001677     （0.054389 – 0.059236）
16:33:02 INFO    multirun                      n              均值 100          标准差 0            （100 – 100）
16:33:02 INFO    multirun                      注：HV 越大越好；SP/Δ/IGD 越小越好。论文中报告为 均值 ± 标准差。
16:34:44 INFO    multirun                   
16:34:44 INFO    multirun                   ── 与 pymoo NSGA-II 交叉验证 ──
16:34:44 INFO    multirun                      自实现 HV 均值 9.1397e+19 (n=10)
16:34:44 INFO    multirun                      pymoo  HV        6.3019e+19
16:34:44 INFO    multirun                      比值 1.4503，Mann-Whitney p=6.386e-05，Cliff's δ=+1.000
16:34:44 INFO    multirun                      判读：比值接近 1 且 p>0.05 表示两者统计上无显著差异，自实现 NSGA-II 通过正确性验证。
16:34:44 WARNING multirun                   基线对比失败: cannot import name 'run_all_baselines' from 'evtol_siting.baselines' (evtol_siting\src\evtol_siting\baselines.py)
16:34:44 INFO    multirun                   
16:34:44 INFO    multirun                   ── 加权求和对照（同一算法、同一预算，仅改选择机制）──
16:34:44 INFO    evtol_siting.nsga2_core    初始种群: 100 个个体 × 1324 维，站点数 区间 (12, 400)（区间初始化，自由规模）
16:34:50 WARNING evtol_siting.nsga2_core    帕累托前沿在 62 代内**没有改进**（HV 2.138e+13 -> 1.651e+13）。可能原因：(1) 初始种群已被 IP 解锚定在最优附近；(2) 修复算子过强，压制了搜索空间；(3) 目标间无实质权衡。建议检查目标值分布是否退化。
16:34:50 INFO    evtol_siting.nsga2_core    初始种群: 100 个个体 × 1324 维，站点数 区间 (12, 400)（区间初始化，自由规模）
16:34:58 WARNING evtol_siting.nsga2_core    帕累托前沿在 62 代内**没有改进**（HV 2.577e+14 -> 2.568e+14）。可能原因：(1) 初始种群已被 IP 解锚定在最优附近；(2) 修复算子过强，压制了搜索空间；(3) 目标间无实质权衡。建议检查目标值分布是否退化。
16:34:58 INFO    evtol_siting.nsga2_core    初始种群: 100 个个体 × 1324 维，站点数 区间 (12, 400)（区间初始化，自由规模）
16:35:05 WARNING evtol_siting.nsga2_core    帕累托前沿在 62 代内**没有改进**（HV 2.041e+14 -> 1.824e+14）。可能原因：(1) 初始种群已被 IP 解锚定在最优附近；(2) 修复算子过强，压制了搜索空间；(3) 目标间无实质权衡。建议检查目标值分布是否退化。
16:35:05 INFO    evtol_siting.nsga2_core    初始种群: 100 个个体 × 1324 维，站点数 区间 (12, 400)（区间初始化，自由规模）
16:35:10 WARNING evtol_siting.nsga2_core    帕累托前沿在 62 代内**没有改进**（HV 3.506e+14 -> 2.909e+14）。可能原因：(1) 初始种群已被 IP 解锚定在最优附近；(2) 修复算子过强，压制了搜索空间；(3) 目标间无实质权衡。建议检查目标值分布是否退化。
16:35:10 INFO    multirun                      已完成 4/16 个权重方向
16:35:10 INFO    evtol_siting.nsga2_core    初始种群: 100 个个体 × 1324 维，站点数 区间 (12, 400)（区间初始化，自由规模）
16:35:17 WARNING evtol_siting.nsga2_core    帕累托前沿在 62 代内**没有改进**（HV 3.936e+13 -> 3.56e+13）。可能原因：(1) 初始种群已被 IP 解锚定在最优附近；(2) 修复算子过强，压制了搜索空间；(3) 目标间无实质权衡。建议检查目标值分布是否退化。
16:35:17 INFO    evtol_siting.nsga2_core    初始种群: 100 个个体 × 1324 维，站点数 区间 (12, 400)（区间初始化，自由规模）
16:35:23 WARNING evtol_siting.nsga2_core    帕累托前沿在 62 代内**没有改进**（HV 6.382e+14 -> 5.724e+14）。可能原因：(1) 初始种群已被 IP 解锚定在最优附近；(2) 修复算子过强，压制了搜索空间；(3) 目标间无实质权衡。建议检查目标值分布是否退化。
16:35:23 INFO    evtol_siting.nsga2_core    初始种群: 100 个个体 × 1324 维，站点数 区间 (12, 400)（区间初始化，自由规模）
16:35:29 WARNING evtol_siting.nsga2_core    帕累托前沿在 62 代内**没有改进**（HV 8.592e+14 -> 7.224e+14）。可能原因：(1) 初始种群已被 IP 解锚定在最优附近；(2) 修复算子过强，压制了搜索空间；(3) 目标间无实质权衡。建议检查目标值分布是否退化。
16:35:29 INFO    evtol_siting.nsga2_core    初始种群: 100 个个体 × 1324 维，站点数 区间 (12, 400)（区间初始化，自由规模）
16:35:34 WARNING evtol_siting.nsga2_core    帕累托前沿在 62 代内**没有改进**（HV 1.997e+13 -> 1.584e+13）。可能原因：(1) 初始种群已被 IP 解锚定在最优附近；(2) 修复算子过强，压制了搜索空间；(3) 目标间无实质权衡。建议检查目标值分布是否退化。
16:35:34 INFO    multirun                      已完成 8/16 个权重方向
16:35:34 INFO    evtol_siting.nsga2_core    初始种群: 100 个个体 × 1324 维，站点数 区间 (12, 400)（区间初始化，自由规模）
16:35:39 WARNING evtol_siting.nsga2_core    帕累托前沿在 62 代内**没有改进**（HV 1.125e+15 -> 1.007e+15）。可能原因：(1) 初始种群已被 IP 解锚定在最优附近；(2) 修复算子过强，压制了搜索空间；(3) 目标间无实质权衡。建议检查目标值分布是否退化。
16:35:39 INFO    evtol_siting.nsga2_core    初始种群: 100 个个体 × 1324 维，站点数 区间 (12, 400)（区间初始化，自由规模）
16:35:45 WARNING evtol_siting.nsga2_core    帕累托前沿在 62 代内**没有改进**（HV 1.105e+13 -> 9.107e+12）。可能原因：(1) 初始种群已被 IP 解锚定在最优附近；(2) 修复算子过强，压制了搜索空间；(3) 目标间无实质权衡。建议检查目标值分布是否退化。
16:35:45 INFO    evtol_siting.nsga2_core    初始种群: 100 个个体 × 1324 维，站点数 区间 (12, 400)（区间初始化，自由规模）
16:35:52 WARNING evtol_siting.nsga2_core    帕累托前沿在 62 代内**没有改进**（HV 9.256e+13 -> 7.818e+13）。可能原因：(1) 初始种群已被 IP 解锚定在最优附近；(2) 修复算子过强，压制了搜索空间；(3) 目标间无实质权衡。建议检查目标值分布是否退化。
16:35:52 INFO    evtol_siting.nsga2_core    初始种群: 100 个个体 × 1324 维，站点数 区间 (12, 400)（区间初始化，自由规模）
16:35:58 WARNING evtol_siting.nsga2_core    帕累托前沿在 62 代内**没有改进**（HV 6.318e+13 -> 6.309e+13）。可能原因：(1) 初始种群已被 IP 解锚定在最优附近；(2) 修复算子过强，压制了搜索空间；(3) 目标间无实质权衡。建议检查目标值分布是否退化。
16:35:58 INFO    multirun                      已完成 12/16 个权重方向
16:35:58 INFO    evtol_siting.nsga2_core    初始种群: 100 个个体 × 1324 维，站点数 区间 (12, 400)（区间初始化，自由规模）
16:36:22 WARNING evtol_siting.nsga2_core    帕累托前沿在 62 代内**没有改进**（HV 1e-18 -> 1e-18）。可能原因：(1) 初始种群已被 IP 解锚定在最优附近；(2) 修复算子过强，压制了搜索空间；(3) 目标间无实质权衡。建议检查目标值分布是否退化。
16:36:22 INFO    evtol_siting.nsga2_core    初始种群: 100 个个体 × 1324 维，站点数 区间 (12, 400)（区间初始化，自由规模）
16:37:01 WARNING evtol_siting.nsga2_core    帕累托前沿在 62 代内**没有改进**（HV 7.97e+08 -> 7.935e+08）。可能原因：(1) 初始种群已被 IP 解锚定在最优附近；(2) 修复算子过强，压制了搜索空间；(3) 目标间无实质权衡。建议检查目标值分布是否退化。
16:37:01 INFO    evtol_siting.nsga2_core    初始种群: 100 个个体 × 1324 维，站点数 区间 (12, 400)（区间初始化，自由规模）
16:37:35 WARNING evtol_siting.nsga2_core    帕累托前沿在 62 代内**没有改进**（HV 0.358 -> 0.3531）。可能原因：(1) 初始种群已被 IP 解锚定在最优附近；(2) 修复算子过强，压制了搜索空间；(3) 目标间无实质权衡。建议检查目标值分布是否退化。
16:37:35 INFO    evtol_siting.nsga2_core    初始种群: 100 个个体 × 1324 维，站点数 区间 (12, 400)（区间初始化，自由规模）
16:37:42 WARNING evtol_siting.nsga2_core    帕累托前沿在 62 代内**没有改进**（HV 2.89e+15 -> 2.232e+15）。可能原因：(1) 初始种群已被 IP 解锚定在最优附近；(2) 修复算子过强，压制了搜索空间；(3) 目标间无实质权衡。建议检查目标值分布是否退化。
16:37:42 INFO    multirun                      已完成 16/16 个权重方向
16:37:42 INFO    multirun                      结果：16 个权重方向中，56% 的解被 NSGA-II 前沿支配；平均被 1.0% 的前沿解支配
16:37:42 INFO    multirun                      判读：加权和法的解被前沿支配，说明它**无法到达帕累托前沿的非凸部分**。这正是多目标处理的必要性所在——若所有加权和解都落在前沿上，则说明问题目标间无实质权衡，多目标处理不必要。
16:37:42 INFO    multirun                   
16:37:42 INFO    multirun                   ── 公平性定义对比：人群组均值 vs 单用户最小最大 ──
16:37:42 INFO    evtol_siting.stage4_nsga2  问题实例: 2519 个需求单元（核心 1008），1324 个候选；接驳预算 15.0 分钟；单点最大可覆盖 299 个核心单元（占核心 29.7%）
16:37:42 INFO    evtol_siting.nsga2_core    初始种群: 100 个个体 × 1324 维，站点数 区间 (12, 400)（区间初始化，自由规模）
16:38:03 INFO    evtol_siting.stage4_nsga2  问题实例: 2519 个需求单元（核心 1008），1324 个候选；接驳预算 15.0 分钟；单点最大可覆盖 299 个核心单元（占核心 29.7%）
16:38:03 INFO    evtol_siting.nsga2_core    初始种群: 100 个个体 × 1324 维，站点数 区间 (12, 400)（区间初始化，自由规模）
16:38:25 INFO    multirun                                           direction  count  total  pct
group_mean 被 individual_max 支配的解数      0    100  0.0
individual_max 被 group_mean 支配的解数     34    100 34.0
16:38:25 INFO    multirun                      group_mean 前沿的公平性最优值（目标 3）: 6.0515（该目标即人群组最差可达性）
16:38:25 INFO    multirun                      individual_max 前沿的公平性最优值（目标 3，此时为单用户最大）: 14.8186
16:38:25 INFO    evtol_siting.stage4_nsga2  问题实例: 2519 个需求单元（核心 1008），1324 个候选；接驳预算 15.0 分钟；单点最大可覆盖 299 个核心单元（占核心 29.7%）
16:38:25 INFO    multirun                      注：两者的目标 3 定义不同，数值不可直接比较；上表的分支配对才是有效证据。
16:38:25 INFO    multirun                      判读：若两个方向都存在互相支配的解，说明两种公平性定义刻画的是**不同的**公平维度，'人群组公平'不是 p-中心的重复表述，新意 (A) 成立。若某一方完全支配另一方，则应如实报告后者不构成独立贡献。
16:38:25 INFO    multirun                   
16:38:25 INFO    multirun                   ── 拐点解的指标跨运行分布（论文可报告为 均值 ± 标准差）──
16:38:25 INFO    multirun                      unserved     386.3 ± 384.8
16:38:25 INFO    multirun                      total_time   4.333e+05 ± 3.669e+04
16:38:25 INFO    multirun                      inequity     9.574 ± 1.01
16:38:25 INFO    multirun                      cost         1.745e+09 ± 1.504e+09
16:38:25 INFO    multirun                   
16:38:25 INFO    multirun                   ============================================================================
16:38:25 INFO    multirun                    完成。输出目录: evtol_siting\outputs\tables
16:38:25 INFO    multirun                    文件: multirun_runs.csv / multirun_metrics.csv / baseline_vs_front.csv / weighted_sum_vs_front.csv / multirun_knee.csv / pymoo_validation.json
16:38:25 INFO    multirun                   ============================================================================
17:51:16 INFO    multirun                   ============================================================================
17:51:16 INFO    multirun                    多次独立运行：10 次，pop=100，gen=100，data_mode=real
17:51:16 INFO    multirun                   ============================================================================
17:51:16 INFO    evtol_siting.pipeline      ============================================================
17:51:16 INFO    evtol_siting.pipeline      阶段一：基于 GIS 的候选起降场筛选
17:51:16 INFO    evtol_siting.pipeline      ============================================================
17:51:16 INFO    evtol_siting.pipeline      解析 PBF 提取包: sichuan-latest.osm.pbf
17:51:25 INFO    evtol_siting.data.pbf        已扫描 200000 个候选要素…
17:51:34 INFO    evtol_siting.data.pbf        已扫描 400000 个候选要素…
17:51:42 INFO    evtol_siting.data.pbf        已扫描 600000 个候选要素…
17:51:51 INFO    evtol_siting.data.pbf        已扫描 800000 个候选要素…
17:51:57 INFO    evtol_siting.data.pbf        buildings          69675 个要素
17:51:57 INFO    evtol_siting.data.pbf        poi                 8159 个要素
17:51:58 INFO    evtol_siting.data.pbf        roads              42272 个要素
17:51:58 INFO    evtol_siting.data.pbf        landuse             8430 个要素
17:51:58 INFO    evtol_siting.data.pbf        water               2252 个要素
17:51:58 INFO    evtol_siting.data.pbf        airports            1364 个要素
17:51:58 INFO    evtol_siting.data.pbf      PBF 解析完成（扫描 921830 个候选要素，输出 6 个图层）
17:51:58 INFO    evtol_siting.data.rasters  建筑高度栅格已存在: evtol_siting\data\raw\height\chengdu_building_height_10m.tif
17:52:00 INFO    evtol_siting.data.heights  高度栅格提供了 49162 栋建筑的高度（覆盖 70.6%）
17:52:00 INFO    evtol_siting.data.heights  分位数回归填补了 14650 栋建筑的高度（中位数 18.6 m）
17:52:00 INFO    evtol_siting.data.heights  高度融合结果（共 69675 栋）:
    raster_height     70.6%
    imputed           21.0%
    osm_levels         7.3%
    osm_height         1.1%
17:52:00 INFO    evtol_siting.data.heights      有标签覆盖率: 8.4% -> 融合后覆盖率: 100.0%
17:52:00 INFO    evtol_siting.data.rasters  人口栅格已存在: evtol_siting\data\raw\population\chengdu_population_100m.tif
17:52:00 INFO    evtol_siting.data.rasters  收入代理数据已存在: evtol_siting\data\raw\income\chengdu_income_proxy.gpkg
17:52:00 INFO    evtol_siting.pipeline      收入代理已载入: 6716 个点（EPSG:4326）
17:52:00 INFO    evtol_siting.data.rasters  DEM 已存在: evtol_siting\data\raw\dem\chengdu_dem_30m.tif
17:52:03 INFO    evtol_siting.data.rasters  坡度栅格已生成: evtol_siting\data\interim\chengdu_slope.tif
17:52:03 INFO    evtol_siting.geo           栅格化完成: 单元边长 500 m, 单元数 2519, 覆盖 629.8 km²
17:52:03 INFO    evtol_siting.stage1_candidates 屋顶型筛选: 1430 / 69675 栋建筑满足 h>=20m 且 A_roof>=1600m² (2.05%)
17:52:03 INFO    evtol_siting.stage1_candidates   排除 用地类型: 30 个单元（1.2%）
17:52:03 INFO    evtol_siting.stage1_candidates   排除 水域: 55 个单元（2.2%）
17:52:03 INFO    evtol_siting.stage1_candidates   建筑覆盖率判据 (max=0.55): 剔除 4 个单元（保留 2430）；覆盖率中位数 0.05
17:52:04 INFO    evtol_siting.stage1_candidates 坡度判据: 2419 / 2430 单元满足 slope<=15° (剔除 11)
17:52:04 INFO    evtol_siting.stage1_candidates 地面型筛选: 2419 个候选（用地排除 -100，坡度排除后）
17:52:04 INFO    evtol_siting.stage1_candidates 地面型候选已按路网可达性重新评分（中位距离 91 m）
17:52:04 INFO    evtol_siting.stage1_candidates 已为 1430 个缺少 cell_id 的候选（屋顶型）补齐所属栅格单元（补齐后 3759/3849 有 cell_id）
17:52:04 INFO    evtol_siting.stage1_candidates   90 个候选落在栅格之外，改用坐标分桶作为 cell_id
17:52:04 INFO    evtol_siting.stage1_candidates   口径 all_aeroway：1298 个非直升要素全部按运输机场处理
17:52:04 INFO    evtol_siting.stage1_candidates   机场净空区（含民用） (r=4000m): 剔除 1472 个候选（占 38.2%）
17:52:04 INFO    evtol_siting.stage1_candidates   既有直升机场 (r=1000m): 剔除 177 个候选（占 4.6%）
17:52:04 INFO    evtol_siting.stage1_candidates 安全排除后剩余 2334 个候选（原有 3849）
17:52:04 INFO    evtol_siting.stage1_candidates   [ground] 类别内稀释: 1571 -> 1571
17:52:04 INFO    evtol_siting.stage1_candidates   [rooftop] 类别内稀释: 693 -> 258
17:52:04 INFO    evtol_siting.stage1_candidates 密度稀释 (c_min=500m, 每栅格<=3): 2334 -> 1324 个候选 （配额 -70，类别内间距 -435，跨类别冲突 -505）；构成: {'ground': 1067, 'rooftop': 257}
17:52:04 INFO    evtol_siting.stage1_candidates 阶段一完成: 1324 个候选起降场（屋顶型 257，地面型 1067）
17:52:04 INFO    evtol_siting.pipeline      ============================================================
17:52:04 INFO    evtol_siting.pipeline      阶段二：K-means 人群分类与需求空间化
17:52:04 INFO    evtol_siting.pipeline      ============================================================
17:52:04 INFO    evtol_siting.data.dasymetric 人口栅格分辨率 80 m 细于需求格网 500 m —— 分区求和已是正确的格网人口总量，**体积重分配在此不产生作用**，直接使用分区求和。（体积权重的价值在于把人口摊到建筑上做更细的分析，需 force=True）
17:52:04 WARNING evtol_siting.data.dasymetric 退化为按分区求和（假设人口在格网内均匀分布）
17:52:09 INFO    evtol_siting.stage2_demand 人口分配方式对比（论文 Table 用）:
    method  total_population  n_nonzero_cells  mean_per_cell  std_per_cell       cv     max_cell  top1pct_share     gini
dasymetric      7.712263e+06             2517    3061.636823   2504.238782 0.817941 12360.637527       0.032418 0.458119
   uniform      7.712263e+06             2517    3061.636823   2504.238782 0.817941 12360.637527       0.032418 0.458119
17:52:09 INFO    evtol_siting.stage2_demand 人口: 合计 7712263 人，单元中位数 2567 人（来源: zonal_sum）
17:52:10 INFO    evtol_siting.stage2_demand 收入代理(RWI): 范围 [4.28, 94.31]，单元均值 28.593
17:52:10 INFO    evtol_siting.stage2_demand POI: 研究区内 7442 个，单元密度中位数 0 个/km²
17:52:14 INFO    evtol_siting.stage2_demand K 选择 (silhouette): K=5，得分 0.4742，各 K 得分 {3: 0.4713, 4: 0.4495, 5: 0.4742, 6: 0.4289, 7: 0.4336, 8: 0.4372}
17:52:14 INFO    evtol_siting.choice_model  收入阶梯（K=5）: 1,877  2,956  4,049  5,546  8,736
17:52:14 INFO    evtol_siting.choice_model  时间价值: 5.4  8.5  11.6  15.9  25.1 元/小时（对应月收入 1,877  2,956  4,049  5,546  8,736）
17:52:14 INFO    evtol_siting.choice_model  时间价值: 1.1  1.3  1.4  1.7  1.9  2.2  2.5  2.9  3.3  3.8  4.4  5.0  5.8  6.6  7.6  8.8  10.1  11.6  13.3  15.3  17.6  20.2  23.2  26.7 元/小时（对应月收入 379  435  500  575  661  760  873  1,003  1,153  1,325  1,523  1,751  2,012  2,312  2,657  3,054  3,510  4,034  4,636  5,328  6,124  7,038  8,088  9,296）
17:52:14 INFO    evtol_siting.choice_model  时间价值: 1.7  2.0  2.3  2.6  3.0  3.4  4.0  4.5  5.2  6.0  6.9  7.9  9.1  10.5  12.0  13.8  15.9  18.3  21.0  24.1  27.7  31.9  36.6  42.1 元/小时（对应月收入 597  686  788  906  1,041  1,197  1,375  1,581  1,816  2,088  2,399  2,757  3,169  3,642  4,186  4,810  5,529  6,354  7,302  8,392  9,645  11,085  12,739  14,641）
17:52:14 INFO    evtol_siting.choice_model  时间价值: 2.3  2.7  3.1  3.6  4.1  4.7  5.4  6.2  7.1  8.2  9.4  10.9  12.5  14.3  16.5  18.9  21.8  25.0  28.7  33.0  38.0  43.6  50.1  57.6 元/小时（对应月收入 817  940  1,080  1,241  1,426  1,639  1,884  2,165  2,488  2,859  3,286  3,777  4,341  4,989  5,733  6,589  7,573  8,703  10,002  11,495  13,211  15,183  17,450  20,055）
17:52:14 INFO    evtol_siting.choice_model  时间价值: 3.2  3.7  4.3  4.9  5.6  6.5  7.4  8.5  9.8  11.3  12.9  14.9  17.1  19.6  22.6  25.9  29.8  34.3  39.4  45.2  52.0  59.8  68.7  78.9 元/小时（对应月收入 1,120  1,287  1,479  1,700  1,954  2,245  2,580  2,965  3,408  3,917  4,502  5,173  5,946  6,833  7,853  9,026  10,373  11,921  13,701  15,746  18,097  20,798  23,902  27,470）
17:52:14 INFO    evtol_siting.choice_model  时间价值: 5.1  5.8  6.7  7.7  8.8  10.2  11.7  13.4  15.4  17.7  20.4  23.4  26.9  30.9  35.5  40.9  46.9  54.0  62.0  71.3  81.9  94.1  108.2  124.3 元/小时（对应月收入 1,764  2,027  2,330  2,677  3,077  3,536  4,064  4,671  5,368  6,169  7,090  8,149  9,365  10,763  12,369  14,216  16,338  18,777  21,580  24,801  28,503  32,758  37,648  43,267）
17:52:14 INFO    evtol_siting.choice_model  选择模型 [区域内积分（σ_within=0.4）]: 出行 15 km（单点），地面 55 分钟 / 57 元，eVTOL 24 分钟 / 130 元，节省 31 分钟；采用概率 0.0565–0.0865（类间比 1.53）
17:52:14 INFO    evtol_siting.choice_model  各类人群采用概率:
 cluster  monthly_income_cny  vot_cny_per_h  p_evtol  demand_rate
       3              1877.0           5.39  0.05645     0.005645
       0              2956.0           8.49  0.06033     0.006033
       1              4049.0          11.64  0.06455     0.006455
       2              5546.0          15.94  0.07085     0.007085
       4              8736.0          25.10  0.08655     0.008655
17:52:14 INFO    evtol_siting.stage2_demand K-means 聚类完成: K=5，总需求 50339 次/日，总人口 7712263 人
17:52:14 INFO    evtol_siting.stage2_demand 类画像:
 cluster  n_cells   population  income_mean  poi_density_mean  trip_rate  monthly_income_cny  vot_cny_per_h  p_evtol  demand_trips_per_day k_selection
       3      911 1.274286e+06    15.458149          1.242591   0.005645              1877.0           5.39  0.05645           7193.345774  silhouette
       0      916 2.953990e+06    31.667580          4.310044   0.006033              2956.0           8.49  0.06033          17821.419612  silhouette
       1      311 1.804357e+06    33.630300         41.273312   0.006455              4049.0          11.64  0.06455          11647.124043  silhouette
       2       81 5.478822e+05    40.350918        106.123457   0.007085              5546.0          15.94  0.07085           3881.745275  silhouette
       4      300 1.131748e+06    50.690864         10.853333   0.008655              8736.0          25.10  0.08655           9795.280187  silhouette
17:52:14 INFO    evtol_siting.pipeline      ============================================================
17:52:14 INFO    evtol_siting.pipeline      阶段三：0-1 整数规划选址
17:52:14 INFO    evtol_siting.pipeline      ============================================================
17:52:14 INFO    evtol_siting.stage3_ip     [cost_priority] 需求单元 2519 个（核心 1008 个，阈值 分位数 0.60（>=21.0 次/日）），候选 1324 个，接驳时间预算 15.0 分钟，设施上限 20
17:52:16 INFO    evtol_siting.stage3_ip     [cost_priority] 最优解: 10 个起降场，总成本 3.13 亿元，需求覆盖率 96.2%，人口覆盖率 95.9%（耗时 1.11s）
17:52:16 INFO    evtol_siting.stage3_ip     [coverage_priority] 需求单元 2519 个（核心 1008 个，阈值 分位数 0.60（>=21.0 次/日）），候选 1324 个，接驳时间预算 15.0 分钟，设施上限 35
17:52:16 INFO    evtol_siting.stage3_ip     [coverage_priority] 最优解: 10 个起降场，总成本 4.59 亿元，需求覆盖率 96.6%，人口覆盖率 96.2%（耗时 0.49s）
17:52:16 INFO    evtol_siting.stage3_ip     阶段三完成: 2 个情景求解成功（cost_priority=Optimal, coverage_priority=Optimal）
17:52:16 INFO    evtol_siting.stage4_nsga2  问题实例: 2519 个需求单元（核心 1008），1324 个候选；接驳预算 15.0 分钟；单点最大可覆盖 299 个核心单元（占核心 29.7%）
17:52:16 INFO    evtol_siting.nsga2_core    初始种群: 100 个个体 × 1324 维，站点数 区间 (12, 400)（区间初始化，自由规模）
17:52:38 INFO    multirun                     第  1/10 次: 前沿 100 个解，HV=2.941e+08，最优未服务=5.3，耗时 21.7s
17:52:38 INFO    evtol_siting.nsga2_core    初始种群: 100 个个体 × 1324 维，站点数 区间 (12, 400)（区间初始化，自由规模）
17:52:54 INFO    multirun                     第  2/10 次: 前沿 100 个解，HV=3.446e+08，最优未服务=0.0，耗时 16.4s
17:52:54 INFO    evtol_siting.nsga2_core    初始种群: 100 个个体 × 1324 维，站点数 区间 (12, 400)（区间初始化，自由规模）
17:53:12 INFO    multirun                     第  3/10 次: 前沿 100 个解，HV=3.489e+08，最优未服务=5.3，耗时 18.2s
17:53:12 INFO    evtol_siting.nsga2_core    初始种群: 100 个个体 × 1324 维，站点数 区间 (12, 400)（区间初始化，自由规模）
17:53:31 INFO    multirun                     第  4/10 次: 前沿 100 个解，HV=3.892e+08，最优未服务=5.3，耗时 18.7s
17:53:31 INFO    evtol_siting.nsga2_core    初始种群: 100 个个体 × 1324 维，站点数 区间 (12, 400)（区间初始化，自由规模）
17:53:49 INFO    multirun                     第  5/10 次: 前沿 100 个解，HV=4.606e+08，最优未服务=5.3，耗时 18.3s
17:53:49 INFO    evtol_siting.nsga2_core    初始种群: 100 个个体 × 1324 维，站点数 区间 (12, 400)（区间初始化，自由规模）
17:54:10 INFO    multirun                     第  6/10 次: 前沿 100 个解，HV=3.35e+08，最优未服务=0.0，耗时 20.1s
17:54:10 INFO    evtol_siting.nsga2_core    初始种群: 100 个个体 × 1324 维，站点数 区间 (12, 400)（区间初始化，自由规模）
17:54:32 WARNING evtol_siting.nsga2_core    帕累托前沿在 100 代内**没有改进**（HV 4.066e+08 -> 4.066e+08）。可能原因：(1) 初始种群已被 IP 解锚定在最优附近；(2) 修复算子过强，压制了搜索空间；(3) 目标间无实质权衡。建议检查目标值分布是否退化。
17:54:32 INFO    multirun                     第  7/10 次: 前沿 100 个解，HV=4.066e+08，最优未服务=0.0，耗时 22.2s
17:54:32 INFO    evtol_siting.nsga2_core    初始种群: 100 个个体 × 1324 维，站点数 区间 (12, 400)（区间初始化，自由规模）
17:54:50 INFO    multirun                     第  8/10 次: 前沿 100 个解，HV=3.573e+08，最优未服务=0.0，耗时 18.2s
17:54:50 INFO    evtol_siting.nsga2_core    初始种群: 100 个个体 × 1324 维，站点数 区间 (12, 400)（区间初始化，自由规模）
17:55:11 INFO    multirun                     第  9/10 次: 前沿 100 个解，HV=4.001e+08，最优未服务=5.3，耗时 21.0s
17:55:11 INFO    evtol_siting.nsga2_core    初始种群: 100 个个体 × 1324 维，站点数 区间 (12, 400)（区间初始化，自由规模）
17:55:33 INFO    multirun                     第 10/10 次: 前沿 100 个解，HV=3.171e+08，最优未服务=5.3，耗时 21.8s
17:56:01 INFO    multirun                   
17:56:01 INFO    multirun                   ── 算法稳定性（10 次独立运行）──
17:56:01 INFO    multirun                      hypervolume    均值 5.2029e+19   标准差 5.6065e+17   （5.1273e+19 – 5.3173e+19）
17:56:01 INFO    multirun                      spacing        均值 0.05092      标准差 0.0062029    （0.043656 – 0.063293）
17:56:01 INFO    multirun                      spread         均值 0.96466      标准差 0.033819     （0.8959 – 1.0076）
17:56:01 INFO    multirun                      igd            均值 0.057197     标准差 0.001677     （0.054389 – 0.059236）
17:56:01 INFO    multirun                      n              均值 100          标准差 0            （100 – 100）
17:56:01 INFO    multirun                      注：HV 越大越好；SP/Δ/IGD 越小越好。论文中报告为 均值 ± 标准差。
17:57:43 INFO    multirun                   
17:57:43 INFO    multirun                   ── 与 pymoo NSGA-II 交叉验证 ──
17:57:43 INFO    multirun                      自实现 HV 均值 9.1397e+19 (n=10)
17:57:43 INFO    multirun                      pymoo  HV        6.3019e+19
17:57:43 INFO    multirun                      比值 1.4503，Mann-Whitney p=6.386e-05，Cliff's δ=+1.000
17:57:43 INFO    multirun                      判读：比值接近 1 且 p>0.05 表示两者统计上无显著差异，自实现 NSGA-II 通过正确性验证。
17:57:43 INFO    multirun                   
17:57:43 INFO    multirun                   ── 单目标基线 vs NSGA-II 前沿 ──
17:57:43 INFO    evtol_siting.baselines     求解单目标基线：13 个模型（p 取值 [8, 12, 18, 25]），并行度 6
17:57:44 INFO    evtol_siting.baselines     [set_covering] -> 10 个设施（覆盖 1008 个可达单元），耗时 1.3s
17:57:57 INFO    evtol_siting.baselines     [p_median_p8] p=8: 2519 个需求单元 × 1324 可达候选 = 327541 个分配变量
17:57:57 INFO    evtol_siting.baselines     [p_median_p12] p=12: 2519 个需求单元 × 1324 可达候选 = 327541 个分配变量
17:58:04 INFO    evtol_siting.baselines     [p_center_p12] p=12 -> 11 个设施，最差接驳 13.6138 min，耗时 21.0s
17:58:11 INFO    evtol_siting.baselines     [p_median_p18] p=18: 2519 个需求单元 × 1324 可达候选 = 327541 个分配变量
17:58:18 WARNING evtol_siting.baselines     [p_center_p8] p=8 在最大可达半径下仍不可行
17:58:21 INFO    evtol_siting.baselines     [p_center_p18] p=18 -> 11 个设施，最差接驳 13.6138 min，耗时 3.0s
17:58:29 INFO    evtol_siting.baselines     [max_coverage_p18] p=18 -> 18 个设施，覆盖需求 50338.9，耗时 8.3s
17:58:39 INFO    evtol_siting.baselines     [p_median_p25] p=25: 2519 个需求单元 × 1324 可达候选 = 327541 个分配变量
17:58:45 INFO    evtol_siting.baselines     [max_coverage_p8] p=8 -> 8 个设施，覆盖需求 47961.2，耗时 62.0s
17:58:48 INFO    evtol_siting.baselines     [p_center_p25] p=25 -> 11 个设施，最差接驳 13.6138 min，耗时 3.1s
17:58:55 INFO    evtol_siting.baselines     [max_coverage_p25] p=25 -> 25 个设施，覆盖需求 50338.9，耗时 7.2s
17:59:02 INFO    evtol_siting.baselines     [max_coverage_p12] p=12 -> 12 个设施，覆盖需求 50229.0，耗时 77.9s
18:21:18 INFO    evtol_siting.baselines     [p_median_p25] p=25 -> 25 个设施，总接驳 367969.9，耗时 1368.5s
18:25:02 INFO    evtol_siting.baselines     [p_median_p18] p=18 -> 18 个设施，总接驳 411780.8，耗时 1618.0s
18:33:43 WARNING evtol_siting.baselines     [p_median_p8] 求解状态 Not Solved
18:33:43 INFO    evtol_siting.baselines     [p_median_p8] p=8 -> 0 个设施，总接驳 -2617531.1，耗时 2160.3s
18:42:19 INFO    evtol_siting.baselines     [p_median_p12] p=12 -> 12 个设施，总接驳 479582.8，耗时 2676.1s
18:42:19 WARNING multirun                   基线对比失败: 'NoneType' object has no attribute 'feasible'
18:42:19 INFO    multirun                   
18:42:19 INFO    multirun                   ── 加权求和对照（同一算法、同一预算，仅改选择机制）──
18:42:19 INFO    evtol_siting.nsga2_core    初始种群: 100 个个体 × 1324 维，站点数 区间 (12, 400)（区间初始化，自由规模）
18:42:26 WARNING evtol_siting.nsga2_core    帕累托前沿在 62 代内**没有改进**（HV 2.138e+13 -> 1.651e+13）。可能原因：(1) 初始种群已被 IP 解锚定在最优附近；(2) 修复算子过强，压制了搜索空间；(3) 目标间无实质权衡。建议检查目标值分布是否退化。
18:42:26 INFO    evtol_siting.nsga2_core    初始种群: 100 个个体 × 1324 维，站点数 区间 (12, 400)（区间初始化，自由规模）
18:42:33 WARNING evtol_siting.nsga2_core    帕累托前沿在 62 代内**没有改进**（HV 2.577e+14 -> 2.568e+14）。可能原因：(1) 初始种群已被 IP 解锚定在最优附近；(2) 修复算子过强，压制了搜索空间；(3) 目标间无实质权衡。建议检查目标值分布是否退化。
18:42:33 INFO    evtol_siting.nsga2_core    初始种群: 100 个个体 × 1324 维，站点数 区间 (12, 400)（区间初始化，自由规模）
18:42:40 WARNING evtol_siting.nsga2_core    帕累托前沿在 62 代内**没有改进**（HV 2.041e+14 -> 1.824e+14）。可能原因：(1) 初始种群已被 IP 解锚定在最优附近；(2) 修复算子过强，压制了搜索空间；(3) 目标间无实质权衡。建议检查目标值分布是否退化。
18:42:40 INFO    evtol_siting.nsga2_core    初始种群: 100 个个体 × 1324 维，站点数 区间 (12, 400)（区间初始化，自由规模）
18:42:45 WARNING evtol_siting.nsga2_core    帕累托前沿在 62 代内**没有改进**（HV 3.506e+14 -> 2.909e+14）。可能原因：(1) 初始种群已被 IP 解锚定在最优附近；(2) 修复算子过强，压制了搜索空间；(3) 目标间无实质权衡。建议检查目标值分布是否退化。
18:42:45 INFO    multirun                      已完成 4/16 个权重方向
18:42:45 INFO    evtol_siting.nsga2_core    初始种群: 100 个个体 × 1324 维，站点数 区间 (12, 400)（区间初始化，自由规模）
18:42:52 WARNING evtol_siting.nsga2_core    帕累托前沿在 62 代内**没有改进**（HV 3.936e+13 -> 3.56e+13）。可能原因：(1) 初始种群已被 IP 解锚定在最优附近；(2) 修复算子过强，压制了搜索空间；(3) 目标间无实质权衡。建议检查目标值分布是否退化。
18:42:52 INFO    evtol_siting.nsga2_core    初始种群: 100 个个体 × 1324 维，站点数 区间 (12, 400)（区间初始化，自由规模）
18:42:59 WARNING evtol_siting.nsga2_core    帕累托前沿在 62 代内**没有改进**（HV 6.382e+14 -> 5.724e+14）。可能原因：(1) 初始种群已被 IP 解锚定在最优附近；(2) 修复算子过强，压制了搜索空间；(3) 目标间无实质权衡。建议检查目标值分布是否退化。
18:42:59 INFO    evtol_siting.nsga2_core    初始种群: 100 个个体 × 1324 维，站点数 区间 (12, 400)（区间初始化，自由规模）
18:43:05 WARNING evtol_siting.nsga2_core    帕累托前沿在 62 代内**没有改进**（HV 8.592e+14 -> 7.224e+14）。可能原因：(1) 初始种群已被 IP 解锚定在最优附近；(2) 修复算子过强，压制了搜索空间；(3) 目标间无实质权衡。建议检查目标值分布是否退化。
18:43:05 INFO    evtol_siting.nsga2_core    初始种群: 100 个个体 × 1324 维，站点数 区间 (12, 400)（区间初始化，自由规模）
18:43:10 WARNING evtol_siting.nsga2_core    帕累托前沿在 62 代内**没有改进**（HV 1.997e+13 -> 1.584e+13）。可能原因：(1) 初始种群已被 IP 解锚定在最优附近；(2) 修复算子过强，压制了搜索空间；(3) 目标间无实质权衡。建议检查目标值分布是否退化。
18:43:10 INFO    multirun                      已完成 8/16 个权重方向
18:43:10 INFO    evtol_siting.nsga2_core    初始种群: 100 个个体 × 1324 维，站点数 区间 (12, 400)（区间初始化，自由规模）
18:43:15 WARNING evtol_siting.nsga2_core    帕累托前沿在 62 代内**没有改进**（HV 1.125e+15 -> 1.007e+15）。可能原因：(1) 初始种群已被 IP 解锚定在最优附近；(2) 修复算子过强，压制了搜索空间；(3) 目标间无实质权衡。建议检查目标值分布是否退化。
18:43:15 INFO    evtol_siting.nsga2_core    初始种群: 100 个个体 × 1324 维，站点数 区间 (12, 400)（区间初始化，自由规模）
18:43:21 WARNING evtol_siting.nsga2_core    帕累托前沿在 62 代内**没有改进**（HV 1.105e+13 -> 9.107e+12）。可能原因：(1) 初始种群已被 IP 解锚定在最优附近；(2) 修复算子过强，压制了搜索空间；(3) 目标间无实质权衡。建议检查目标值分布是否退化。
18:43:21 INFO    evtol_siting.nsga2_core    初始种群: 100 个个体 × 1324 维，站点数 区间 (12, 400)（区间初始化，自由规模）
18:43:28 WARNING evtol_siting.nsga2_core    帕累托前沿在 62 代内**没有改进**（HV 9.256e+13 -> 7.818e+13）。可能原因：(1) 初始种群已被 IP 解锚定在最优附近；(2) 修复算子过强，压制了搜索空间；(3) 目标间无实质权衡。建议检查目标值分布是否退化。
18:43:28 INFO    evtol_siting.nsga2_core    初始种群: 100 个个体 × 1324 维，站点数 区间 (12, 400)（区间初始化，自由规模）
18:43:34 WARNING evtol_siting.nsga2_core    帕累托前沿在 62 代内**没有改进**（HV 6.318e+13 -> 6.309e+13）。可能原因：(1) 初始种群已被 IP 解锚定在最优附近；(2) 修复算子过强，压制了搜索空间；(3) 目标间无实质权衡。建议检查目标值分布是否退化。
18:43:34 INFO    multirun                      已完成 12/16 个权重方向
18:43:34 INFO    evtol_siting.nsga2_core    初始种群: 100 个个体 × 1324 维，站点数 区间 (12, 400)（区间初始化，自由规模）
18:44:11 WARNING evtol_siting.nsga2_core    帕累托前沿在 62 代内**没有改进**（HV 1e-18 -> 1e-18）。可能原因：(1) 初始种群已被 IP 解锚定在最优附近；(2) 修复算子过强，压制了搜索空间；(3) 目标间无实质权衡。建议检查目标值分布是否退化。
18:44:11 INFO    evtol_siting.nsga2_core    初始种群: 100 个个体 × 1324 维，站点数 区间 (12, 400)（区间初始化，自由规模）
18:45:55 WARNING evtol_siting.nsga2_core    帕累托前沿在 62 代内**没有改进**（HV 7.97e+08 -> 7.935e+08）。可能原因：(1) 初始种群已被 IP 解锚定在最优附近；(2) 修复算子过强，压制了搜索空间；(3) 目标间无实质权衡。建议检查目标值分布是否退化。
18:45:55 INFO    evtol_siting.nsga2_core    初始种群: 100 个个体 × 1324 维，站点数 区间 (12, 400)（区间初始化，自由规模）
18:47:23 WARNING evtol_siting.nsga2_core    帕累托前沿在 62 代内**没有改进**（HV 0.358 -> 0.3531）。可能原因：(1) 初始种群已被 IP 解锚定在最优附近；(2) 修复算子过强，压制了搜索空间；(3) 目标间无实质权衡。建议检查目标值分布是否退化。
18:47:23 INFO    evtol_siting.nsga2_core    初始种群: 100 个个体 × 1324 维，站点数 区间 (12, 400)（区间初始化，自由规模）
18:47:40 WARNING evtol_siting.nsga2_core    帕累托前沿在 62 代内**没有改进**（HV 2.89e+15 -> 2.232e+15）。可能原因：(1) 初始种群已被 IP 解锚定在最优附近；(2) 修复算子过强，压制了搜索空间；(3) 目标间无实质权衡。建议检查目标值分布是否退化。
18:47:40 INFO    multirun                      已完成 16/16 个权重方向
18:47:40 INFO    multirun                      结果：16 个权重方向中，56% 的解被 NSGA-II 前沿支配；平均被 1.0% 的前沿解支配
18:47:40 INFO    multirun                      判读：加权和法的解被前沿支配，说明它**无法到达帕累托前沿的非凸部分**。这正是多目标处理的必要性所在——若所有加权和解都落在前沿上，则说明问题目标间无实质权衡，多目标处理不必要。
18:47:40 INFO    multirun                   
18:47:40 INFO    multirun                   ── 公平性定义对比：人群组均值 vs 单用户最小最大 ──
18:47:40 INFO    evtol_siting.stage4_nsga2  问题实例: 2519 个需求单元（核心 1008），1324 个候选；接驳预算 15.0 分钟；单点最大可覆盖 299 个核心单元（占核心 29.7%）
18:47:40 INFO    evtol_siting.nsga2_core    初始种群: 100 个个体 × 1324 维，站点数 区间 (12, 400)（区间初始化，自由规模）
18:48:32 INFO    evtol_siting.stage4_nsga2  问题实例: 2519 个需求单元（核心 1008），1324 个候选；接驳预算 15.0 分钟；单点最大可覆盖 299 个核心单元（占核心 29.7%）
18:48:32 INFO    evtol_siting.nsga2_core    初始种群: 100 个个体 × 1324 维，站点数 区间 (12, 400)（区间初始化，自由规模）
18:49:26 INFO    multirun                                           direction  count  total  pct
group_mean 被 individual_max 支配的解数      0    100  0.0
individual_max 被 group_mean 支配的解数     34    100 34.0
18:49:26 INFO    multirun                      group_mean 前沿的公平性最优值（目标 3）: 6.0515（该目标即人群组最差可达性）
18:49:26 INFO    multirun                      individual_max 前沿的公平性最优值（目标 3，此时为单用户最大）: 14.8186
18:49:26 INFO    evtol_siting.stage4_nsga2  问题实例: 2519 个需求单元（核心 1008），1324 个候选；接驳预算 15.0 分钟；单点最大可覆盖 299 个核心单元（占核心 29.7%）
18:49:26 INFO    multirun                      注：两者的目标 3 定义不同，数值不可直接比较；上表的分支配对才是有效证据。
18:49:26 INFO    multirun                      判读：若两个方向都存在互相支配的解，说明两种公平性定义刻画的是**不同的**公平维度，'人群组公平'不是 p-中心的重复表述，新意 (A) 成立。若某一方完全支配另一方，则应如实报告后者不构成独立贡献。
18:49:26 INFO    multirun                   
18:49:26 INFO    multirun                   ── 拐点解的指标跨运行分布（论文可报告为 均值 ± 标准差）──
18:49:26 INFO    multirun                      unserved     386.3 ± 384.8
18:49:26 INFO    multirun                      total_time   4.333e+05 ± 3.669e+04
18:49:26 INFO    multirun                      inequity     9.574 ± 1.01
18:49:26 INFO    multirun                      cost         1.745e+09 ± 1.504e+09
18:49:26 INFO    multirun                   
18:49:26 INFO    multirun                   ============================================================================
18:49:26 INFO    multirun                    完成。输出目录: evtol_siting\outputs\tables
18:49:26 INFO    multirun                    文件: multirun_runs.csv / multirun_metrics.csv / baseline_vs_front.csv / weighted_sum_vs_front.csv / multirun_knee.csv / pymoo_validation.json
18:49:26 INFO    multirun                   ============================================================================
21:06:30 INFO    multirun                   ============================================================================
21:06:30 INFO    multirun                    多次独立运行：10 次，pop=100，gen=100，data_mode=real
21:06:30 INFO    multirun                   ============================================================================
21:06:31 INFO    evtol_siting.pipeline      ============================================================
21:06:31 INFO    evtol_siting.pipeline      阶段一：基于 GIS 的候选起降场筛选
21:06:31 INFO    evtol_siting.pipeline      ============================================================
21:06:31 INFO    evtol_siting.pipeline      解析 PBF 提取包: sichuan-latest.osm.pbf
21:06:53 INFO    evtol_siting.data.pbf        已扫描 200000 个候选要素…
21:07:16 INFO    evtol_siting.data.pbf        已扫描 400000 个候选要素…
21:07:38 INFO    evtol_siting.data.pbf        已扫描 600000 个候选要素…
21:08:01 INFO    evtol_siting.data.pbf        已扫描 800000 个候选要素…
21:08:16 INFO    evtol_siting.data.pbf        buildings          69675 个要素
21:08:16 INFO    evtol_siting.data.pbf        poi                 8159 个要素
21:08:17 INFO    evtol_siting.data.pbf        roads              42272 个要素
21:08:17 INFO    evtol_siting.data.pbf        landuse             8430 个要素
21:08:17 INFO    evtol_siting.data.pbf        water               2252 个要素
21:08:17 INFO    evtol_siting.data.pbf        airports            1364 个要素
21:08:17 INFO    evtol_siting.data.pbf      PBF 解析完成（扫描 921830 个候选要素，输出 6 个图层）
21:08:17 INFO    evtol_siting.data.rasters  建筑高度栅格已存在: evtol_siting\data\raw\height\chengdu_building_height_10m.tif
21:08:24 INFO    evtol_siting.data.heights  高度栅格提供了 49162 栋建筑的高度（覆盖 70.6%）
21:08:24 INFO    evtol_siting.data.heights  分位数回归填补了 14650 栋建筑的高度（中位数 18.6 m）
21:08:24 INFO    evtol_siting.data.heights  高度融合结果（共 69675 栋）:
    raster_height     70.6%
    imputed           21.0%
    osm_levels         7.3%
    osm_height         1.1%
21:08:24 INFO    evtol_siting.data.heights      有标签覆盖率: 8.4% -> 融合后覆盖率: 100.0%
21:08:24 INFO    evtol_siting.data.rasters  人口栅格已存在: evtol_siting\data\raw\population\chengdu_population_100m.tif
21:08:24 INFO    evtol_siting.data.rasters  收入代理数据已存在: evtol_siting\data\raw\income\chengdu_income_proxy.gpkg
21:08:25 INFO    evtol_siting.pipeline      收入代理已载入: 6716 个点（EPSG:4326）
21:08:25 INFO    evtol_siting.data.rasters  DEM 已存在: evtol_siting\data\raw\dem\chengdu_dem_30m.tif
21:08:30 INFO    evtol_siting.data.rasters  坡度栅格已生成: evtol_siting\data\interim\chengdu_slope.tif
21:08:30 INFO    evtol_siting.geo           栅格化完成: 单元边长 500 m, 单元数 2519, 覆盖 629.8 km²
21:08:30 INFO    evtol_siting.stage1_candidates 屋顶型筛选: 1430 / 69675 栋建筑满足 h>=20m 且 A_roof>=1600m² (2.05%)
21:08:30 INFO    evtol_siting.stage1_candidates   排除 用地类型: 30 个单元（1.2%）
21:08:30 INFO    evtol_siting.stage1_candidates   排除 水域: 55 个单元（2.2%）
21:08:30 INFO    evtol_siting.stage1_candidates   建筑覆盖率判据 (max=0.55): 剔除 4 个单元（保留 2430）；覆盖率中位数 0.05
21:08:31 INFO    evtol_siting.stage1_candidates 坡度判据: 2419 / 2430 单元满足 slope<=15° (剔除 11)
21:08:31 INFO    evtol_siting.stage1_candidates 地面型筛选: 2419 个候选（用地排除 -100，坡度排除后）
21:08:31 INFO    evtol_siting.stage1_candidates 地面型候选已按路网可达性重新评分（中位距离 91 m）
21:08:31 INFO    evtol_siting.stage1_candidates 已为 1430 个缺少 cell_id 的候选（屋顶型）补齐所属栅格单元（补齐后 3759/3849 有 cell_id）
21:08:31 INFO    evtol_siting.stage1_candidates   90 个候选落在栅格之外，改用坐标分桶作为 cell_id
21:08:31 INFO    evtol_siting.stage1_candidates   口径 all_aeroway：1298 个非直升要素全部按运输机场处理
21:08:31 INFO    evtol_siting.stage1_candidates   机场净空区（含民用） (r=4000m): 剔除 1472 个候选（占 38.2%）
21:08:31 INFO    evtol_siting.stage1_candidates   既有直升机场 (r=1000m): 剔除 177 个候选（占 4.6%）
21:08:31 INFO    evtol_siting.stage1_candidates 安全排除后剩余 2334 个候选（原有 3849）
21:08:31 INFO    evtol_siting.stage1_candidates   [ground] 类别内稀释: 1571 -> 1571
21:08:31 INFO    evtol_siting.stage1_candidates   [rooftop] 类别内稀释: 693 -> 258
21:08:32 INFO    evtol_siting.stage1_candidates 密度稀释 (c_min=500m, 每栅格<=3): 2334 -> 1324 个候选 （配额 -70，类别内间距 -435，跨类别冲突 -505）；构成: {'ground': 1067, 'rooftop': 257}
21:08:32 INFO    evtol_siting.stage1_candidates 阶段一完成: 1324 个候选起降场（屋顶型 257，地面型 1067）
21:08:32 INFO    evtol_siting.pipeline      ============================================================
21:08:32 INFO    evtol_siting.pipeline      阶段二：K-means 人群分类与需求空间化
21:08:32 INFO    evtol_siting.pipeline      ============================================================
21:08:32 INFO    evtol_siting.data.dasymetric 人口栅格分辨率 80 m 细于需求格网 500 m —— 分区求和已是正确的格网人口总量，**体积重分配在此不产生作用**，直接使用分区求和。（体积权重的价值在于把人口摊到建筑上做更细的分析，需 force=True）
21:08:32 WARNING evtol_siting.data.dasymetric 退化为按分区求和（假设人口在格网内均匀分布）
21:08:44 INFO    evtol_siting.stage2_demand 人口分配方式对比（论文 Table 用）:
    method  total_population  n_nonzero_cells  mean_per_cell  std_per_cell       cv     max_cell  top1pct_share     gini
dasymetric      7.712263e+06             2517    3061.636823   2504.238782 0.817941 12360.637527       0.032418 0.458119
   uniform      7.712263e+06             2517    3061.636823   2504.238782 0.817941 12360.637527       0.032418 0.458119
21:08:44 INFO    evtol_siting.stage2_demand 人口: 合计 7712263 人，单元中位数 2567 人（来源: zonal_sum）
21:08:44 INFO    evtol_siting.stage2_demand 收入代理(RWI): 范围 [4.28, 94.31]，单元均值 28.593
21:08:44 INFO    evtol_siting.stage2_demand POI: 研究区内 7442 个，单元密度中位数 0 个/km²
21:08:53 INFO    evtol_siting.stage2_demand K 选择 (silhouette): K=5，得分 0.4742，各 K 得分 {3: 0.4713, 4: 0.4495, 5: 0.4742, 6: 0.4289, 7: 0.4336, 8: 0.4372}
21:08:53 INFO    evtol_siting.choice_model  收入阶梯（K=5）: 1,877  2,956  4,049  5,546  8,736
21:08:53 INFO    evtol_siting.choice_model  时间价值: 5.4  8.5  11.6  15.9  25.1 元/小时（对应月收入 1,877  2,956  4,049  5,546  8,736）
21:08:53 INFO    evtol_siting.choice_model  时间价值: 1.1  1.3  1.4  1.7  1.9  2.2  2.5  2.9  3.3  3.8  4.4  5.0  5.8  6.6  7.6  8.8  10.1  11.6  13.3  15.3  17.6  20.2  23.2  26.7 元/小时（对应月收入 379  435  500  575  661  760  873  1,003  1,153  1,325  1,523  1,751  2,012  2,312  2,657  3,054  3,510  4,034  4,636  5,328  6,124  7,038  8,088  9,296）
21:08:53 INFO    evtol_siting.choice_model  时间价值: 1.7  2.0  2.3  2.6  3.0  3.4  4.0  4.5  5.2  6.0  6.9  7.9  9.1  10.5  12.0  13.8  15.9  18.3  21.0  24.1  27.7  31.9  36.6  42.1 元/小时（对应月收入 597  686  788  906  1,041  1,197  1,375  1,581  1,816  2,088  2,399  2,757  3,169  3,642  4,186  4,810  5,529  6,354  7,302  8,392  9,645  11,085  12,739  14,641）
21:08:53 INFO    evtol_siting.choice_model  时间价值: 2.3  2.7  3.1  3.6  4.1  4.7  5.4  6.2  7.1  8.2  9.4  10.9  12.5  14.3  16.5  18.9  21.8  25.0  28.7  33.0  38.0  43.6  50.1  57.6 元/小时（对应月收入 817  940  1,080  1,241  1,426  1,639  1,884  2,165  2,488  2,859  3,286  3,777  4,341  4,989  5,733  6,589  7,573  8,703  10,002  11,495  13,211  15,183  17,450  20,055）
21:08:53 INFO    evtol_siting.choice_model  时间价值: 3.2  3.7  4.3  4.9  5.6  6.5  7.4  8.5  9.8  11.3  12.9  14.9  17.1  19.6  22.6  25.9  29.8  34.3  39.4  45.2  52.0  59.8  68.7  78.9 元/小时（对应月收入 1,120  1,287  1,479  1,700  1,954  2,245  2,580  2,965  3,408  3,917  4,502  5,173  5,946  6,833  7,853  9,026  10,373  11,921  13,701  15,746  18,097  20,798  23,902  27,470）
21:08:53 INFO    evtol_siting.choice_model  时间价值: 5.1  5.8  6.7  7.7  8.8  10.2  11.7  13.4  15.4  17.7  20.4  23.4  26.9  30.9  35.5  40.9  46.9  54.0  62.0  71.3  81.9  94.1  108.2  124.3 元/小时（对应月收入 1,764  2,027  2,330  2,677  3,077  3,536  4,064  4,671  5,368  6,169  7,090  8,149  9,365  10,763  12,369  14,216  16,338  18,777  21,580  24,801  28,503  32,758  37,648  43,267）
21:08:53 INFO    evtol_siting.choice_model  选择模型 [区域内积分（σ_within=0.4）]: 出行 15 km（单点），地面 55 分钟 / 57 元，eVTOL 24 分钟 / 130 元，节省 31 分钟；采用概率 0.0565–0.0865（类间比 1.53）
21:08:53 INFO    evtol_siting.choice_model  各类人群采用概率:
 cluster  monthly_income_cny  vot_cny_per_h  p_evtol  demand_rate
       3              1877.0           5.39  0.05645     0.005645
       0              2956.0           8.49  0.06033     0.006033
       1              4049.0          11.64  0.06455     0.006455
       2              5546.0          15.94  0.07085     0.007085
       4              8736.0          25.10  0.08655     0.008655
21:08:53 INFO    evtol_siting.stage2_demand K-means 聚类完成: K=5，总需求 50339 次/日，总人口 7712263 人
21:08:53 INFO    evtol_siting.stage2_demand 类画像:
 cluster  n_cells   population  income_mean  poi_density_mean  trip_rate  monthly_income_cny  vot_cny_per_h  p_evtol  demand_trips_per_day k_selection
       3      911 1.274286e+06    15.458149          1.242591   0.005645              1877.0           5.39  0.05645           7193.345774  silhouette
       0      916 2.953990e+06    31.667580          4.310044   0.006033              2956.0           8.49  0.06033          17821.419612  silhouette
       1      311 1.804357e+06    33.630300         41.273312   0.006455              4049.0          11.64  0.06455          11647.124043  silhouette
       2       81 5.478822e+05    40.350918        106.123457   0.007085              5546.0          15.94  0.07085           3881.745275  silhouette
       4      300 1.131748e+06    50.690864         10.853333   0.008655              8736.0          25.10  0.08655           9795.280187  silhouette
21:08:53 INFO    evtol_siting.pipeline      ============================================================
21:08:53 INFO    evtol_siting.pipeline      阶段三：0-1 整数规划选址
21:08:53 INFO    evtol_siting.pipeline      ============================================================
21:08:54 INFO    evtol_siting.stage3_ip     [cost_priority] 需求单元 2519 个（核心 1008 个，阈值 分位数 0.60（>=21.0 次/日）），候选 1324 个，接驳时间预算 15.0 分钟，设施上限 20
21:08:55 INFO    evtol_siting.stage3_ip     [cost_priority] 最优解: 10 个起降场，总成本 3.13 亿元，需求覆盖率 96.2%，人口覆盖率 95.9%（耗时 1.57s）
21:08:56 INFO    evtol_siting.stage3_ip     [coverage_priority] 需求单元 2519 个（核心 1008 个，阈值 分位数 0.60（>=21.0 次/日）），候选 1324 个，接驳时间预算 15.0 分钟，设施上限 35
21:08:56 INFO    evtol_siting.stage3_ip     [coverage_priority] 最优解: 10 个起降场，总成本 4.59 亿元，需求覆盖率 96.6%，人口覆盖率 96.2%（耗时 0.63s）
21:08:56 INFO    evtol_siting.stage3_ip     阶段三完成: 2 个情景求解成功（cost_priority=Optimal, coverage_priority=Optimal）
21:08:56 INFO    evtol_siting.stage4_nsga2  问题实例: 2519 个需求单元（核心 1008），1324 个候选；接驳预算 15.0 分钟；单点最大可覆盖 299 个核心单元（占核心 29.7%）
21:08:56 INFO    evtol_siting.nsga2_core    初始种群: 100 个个体 × 1324 维，站点数 区间 (12, 400)（区间初始化，自由规模）
21:09:51 INFO    multirun                     第  1/10 次: 前沿 100 个解，HV=2.941e+08，最优未服务=5.3，耗时 54.6s
21:09:51 INFO    evtol_siting.nsga2_core    初始种群: 100 个个体 × 1324 维，站点数 区间 (12, 400)（区间初始化，自由规模）
21:10:32 INFO    multirun                     第  2/10 次: 前沿 100 个解，HV=3.446e+08，最优未服务=0.0，耗时 40.8s
21:10:32 INFO    evtol_siting.nsga2_core    初始种群: 100 个个体 × 1324 维，站点数 区间 (12, 400)（区间初始化，自由规模）
21:11:17 INFO    multirun                     第  3/10 次: 前沿 100 个解，HV=3.489e+08，最优未服务=5.3，耗时 44.9s
21:11:17 INFO    evtol_siting.nsga2_core    初始种群: 100 个个体 × 1324 维，站点数 区间 (12, 400)（区间初始化，自由规模）
21:12:03 INFO    multirun                     第  4/10 次: 前沿 100 个解，HV=3.892e+08，最优未服务=5.3，耗时 46.2s
21:12:03 INFO    evtol_siting.nsga2_core    初始种群: 100 个个体 × 1324 维，站点数 区间 (12, 400)（区间初始化，自由规模）
21:12:50 INFO    multirun                     第  5/10 次: 前沿 100 个解，HV=4.606e+08，最优未服务=5.3，耗时 47.0s
21:12:50 INFO    evtol_siting.nsga2_core    初始种群: 100 个个体 × 1324 维，站点数 区间 (12, 400)（区间初始化，自由规模）
21:13:43 INFO    multirun                     第  6/10 次: 前沿 100 个解，HV=3.35e+08，最优未服务=0.0，耗时 53.6s
21:13:43 INFO    evtol_siting.nsga2_core    初始种群: 100 个个体 × 1324 维，站点数 区间 (12, 400)（区间初始化，自由规模）
21:14:40 WARNING evtol_siting.nsga2_core    帕累托前沿在 100 代内**没有改进**（HV 4.066e+08 -> 4.066e+08）。可能原因：(1) 初始种群已被 IP 解锚定在最优附近；(2) 修复算子过强，压制了搜索空间；(3) 目标间无实质权衡。建议检查目标值分布是否退化。
21:14:40 INFO    multirun                     第  7/10 次: 前沿 100 个解，HV=4.066e+08，最优未服务=0.0，耗时 56.1s
21:14:40 INFO    evtol_siting.nsga2_core    初始种群: 100 个个体 × 1324 维，站点数 区间 (12, 400)（区间初始化，自由规模）
21:15:24 INFO    multirun                     第  8/10 次: 前沿 100 个解，HV=3.573e+08，最优未服务=0.0，耗时 44.2s
21:15:24 INFO    evtol_siting.nsga2_core    初始种群: 100 个个体 × 1324 维，站点数 区间 (12, 400)（区间初始化，自由规模）
21:16:15 INFO    multirun                     第  9/10 次: 前沿 100 个解，HV=4.001e+08，最优未服务=5.3，耗时 51.7s
21:16:15 INFO    evtol_siting.nsga2_core    初始种群: 100 个个体 × 1324 维，站点数 区间 (12, 400)（区间初始化，自由规模）
21:17:09 INFO    multirun                     第 10/10 次: 前沿 100 个解，HV=3.171e+08，最优未服务=5.3，耗时 54.0s
21:17:59 INFO    multirun                   
21:17:59 INFO    multirun                   ── 算法稳定性（10 次独立运行）──
21:17:59 INFO    multirun                      hypervolume    均值 5.2029e+19   标准差 5.6065e+17   （5.1273e+19 – 5.3173e+19）
21:17:59 INFO    multirun                      spacing        均值 0.05092      标准差 0.0062029    （0.043656 – 0.063293）
21:17:59 INFO    multirun                      spread         均值 0.96466      标准差 0.033819     （0.8959 – 1.0076）
21:17:59 INFO    multirun                      igd            均值 0.057197     标准差 0.001677     （0.054389 – 0.059236）
21:17:59 INFO    multirun                      n              均值 100          标准差 0            （100 – 100）
21:17:59 INFO    multirun                      注：HV 越大越好；SP/Δ/IGD 越小越好。论文中报告为 均值 ± 标准差。
21:22:28 INFO    multirun                   
21:22:28 INFO    multirun                   ── 与 pymoo NSGA-II 交叉验证 ──
21:22:28 INFO    multirun                      自实现 HV 均值 9.1397e+19 (n=10)
21:22:28 INFO    multirun                      pymoo  HV        6.3019e+19
21:22:28 INFO    multirun                      比值 1.4503，Mann-Whitney p=6.386e-05，Cliff's δ=+1.000
21:22:28 INFO    multirun                      判读：比值接近 1 且 p>0.05 表示两者统计上无显著差异，自实现 NSGA-II 通过正确性验证。
21:22:28 INFO    multirun                   
21:22:28 INFO    multirun                   ── 单目标基线 vs NSGA-II 前沿 ──
21:22:28 INFO    evtol_siting.baselines     求解单目标基线：13 个模型（p 取值 [8, 12, 18, 25]），并行度 6
21:22:30 INFO    evtol_siting.baselines     [set_covering] -> 10 个设施（覆盖 1008 个可达单元），耗时 2.6s
21:22:56 INFO    evtol_siting.baselines     [p_median_p8] p=8: 2519 个需求单元 × 1324 可达候选 = 327541 个分配变量 + 2519 个未服务变量（P=15.15），时限 3600s，相对间隙 0.001
21:23:05 INFO    evtol_siting.baselines     [max_coverage_p12] p=12 -> 12 个设施，覆盖需求 50229.0，耗时 35.0s
21:23:08 INFO    evtol_siting.baselines     [p_median_p12] p=12: 2519 个需求单元 × 1324 可达候选 = 327541 个分配变量 + 2519 个未服务变量（P=15.15），时限 3600s，相对间隙 0.001
21:23:17 INFO    evtol_siting.baselines     [p_center_p12] p=12 -> 11 个设施，最差接驳 13.6138 min，耗时 49.5s
21:23:37 INFO    evtol_siting.baselines     [max_coverage_p8] p=8 -> 8 个设施，覆盖需求 47961.2，耗时 69.2s
21:23:41 INFO    evtol_siting.baselines     [p_median_p18] p=18: 2519 个需求单元 × 1324 可达候选 = 327541 个分配变量 + 2519 个未服务变量（P=15.15），时限 3600s，相对间隙 0.001
21:23:49 INFO    evtol_siting.baselines     [p_center_p18] p=18 -> 11 个设施，最差接驳 13.6138 min，耗时 31.3s
21:23:57 WARNING evtol_siting.baselines     [p_center_p8] p=8 在最大可达半径下仍不可行
21:24:17 INFO    evtol_siting.baselines     [p_center_p25] p=25 -> 11 个设施，最差接驳 13.6138 min，耗时 20.1s
21:24:20 INFO    evtol_siting.baselines     [p_median_p25] p=25: 2519 个需求单元 × 1324 可达候选 = 327541 个分配变量 + 2519 个未服务变量（P=15.15），时限 3600s，相对间隙 0.001
21:24:52 INFO    evtol_siting.baselines     [max_coverage_p18] p=18 -> 18 个设施，覆盖需求 50338.9，耗时 74.4s
21:25:13 INFO    evtol_siting.baselines     [max_coverage_p25] p=25 -> 22 个设施，覆盖需求 50338.9，耗时 55.9s
21:32:28 INFO    evtol_siting.baselines     [p_median_p18] p=18 -> 18 个设施，总接驳 380078.2，未服务 319 个单元，耗时 562.6s
21:40:02 INFO    multirun                   ============================================================================
21:40:02 INFO    multirun                    多次独立运行：10 次，pop=100，gen=100，data_mode=real
21:40:02 INFO    multirun                   ============================================================================
21:40:02 INFO    evtol_siting.pipeline      ============================================================
21:40:02 INFO    evtol_siting.pipeline      阶段一：基于 GIS 的候选起降场筛选
21:40:02 INFO    evtol_siting.pipeline      ============================================================
21:40:02 INFO    evtol_siting.pipeline      解析 PBF 提取包: sichuan-latest.osm.pbf
21:40:19 INFO    evtol_siting.data.pbf        已扫描 200000 个候选要素…
21:40:41 INFO    evtol_siting.data.pbf        已扫描 400000 个候选要素…
21:41:01 INFO    evtol_siting.data.pbf        已扫描 600000 个候选要素…
21:41:24 INFO    evtol_siting.data.pbf        已扫描 800000 个候选要素…
21:41:39 INFO    evtol_siting.data.pbf        buildings          69675 个要素
21:41:39 INFO    evtol_siting.data.pbf        poi                 8159 个要素
21:41:41 INFO    evtol_siting.data.pbf        roads              42272 个要素
21:41:41 INFO    evtol_siting.data.pbf        landuse             8430 个要素
21:41:41 INFO    evtol_siting.data.pbf        water               2252 个要素
21:41:41 INFO    evtol_siting.data.pbf        airports            1364 个要素
21:41:41 INFO    evtol_siting.data.pbf      PBF 解析完成（扫描 921830 个候选要素，输出 6 个图层）
21:41:41 INFO    evtol_siting.data.rasters  建筑高度栅格已存在: evtol_siting\data\raw\height\chengdu_building_height_10m.tif
21:41:47 INFO    evtol_siting.data.heights  高度栅格提供了 49162 栋建筑的高度（覆盖 70.6%）
21:41:47 INFO    evtol_siting.data.heights  分位数回归填补了 14650 栋建筑的高度（中位数 18.6 m）
21:41:47 INFO    evtol_siting.data.heights  高度融合结果（共 69675 栋）:
    raster_height     70.6%
    imputed           21.0%
    osm_levels         7.3%
    osm_height         1.1%
21:41:47 INFO    evtol_siting.data.heights      有标签覆盖率: 8.4% -> 融合后覆盖率: 100.0%
21:41:47 INFO    evtol_siting.data.rasters  人口栅格已存在: evtol_siting\data\raw\population\chengdu_population_100m.tif
21:41:47 INFO    evtol_siting.data.rasters  收入代理数据已存在: evtol_siting\data\raw\income\chengdu_income_proxy.gpkg
21:41:47 INFO    evtol_siting.pipeline      收入代理已载入: 6716 个点（EPSG:4326）
21:41:47 INFO    evtol_siting.data.rasters  DEM 已存在: evtol_siting\data\raw\dem\chengdu_dem_30m.tif
21:41:52 INFO    evtol_siting.data.rasters  坡度栅格已生成: evtol_siting\data\interim\chengdu_slope.tif
21:41:52 INFO    evtol_siting.geo           栅格化完成: 单元边长 500 m, 单元数 2519, 覆盖 629.8 km²
21:41:52 INFO    evtol_siting.stage1_candidates 屋顶型筛选: 1430 / 69675 栋建筑满足 h>=20m 且 A_roof>=1600m² (2.05%)
21:41:52 INFO    evtol_siting.stage1_candidates   排除 用地类型: 30 个单元（1.2%）
21:41:52 INFO    evtol_siting.stage1_candidates   排除 水域: 55 个单元（2.2%）
21:41:52 INFO    evtol_siting.stage1_candidates   建筑覆盖率判据 (max=0.55): 剔除 4 个单元（保留 2430）；覆盖率中位数 0.05
21:41:53 INFO    evtol_siting.stage1_candidates 坡度判据: 2419 / 2430 单元满足 slope<=15° (剔除 11)
21:41:53 INFO    evtol_siting.stage1_candidates 地面型筛选: 2419 个候选（用地排除 -100，坡度排除后）
21:41:53 INFO    evtol_siting.stage1_candidates 地面型候选已按路网可达性重新评分（中位距离 91 m）
21:41:53 INFO    evtol_siting.stage1_candidates 已为 1430 个缺少 cell_id 的候选（屋顶型）补齐所属栅格单元（补齐后 3759/3849 有 cell_id）
21:41:53 INFO    evtol_siting.stage1_candidates   90 个候选落在栅格之外，改用坐标分桶作为 cell_id
21:41:53 INFO    evtol_siting.stage1_candidates   口径 all_aeroway：1298 个非直升要素全部按运输机场处理
21:41:53 INFO    evtol_siting.stage1_candidates   机场净空区（含民用） (r=4000m): 剔除 1472 个候选（占 38.2%）
21:41:53 INFO    evtol_siting.stage1_candidates   既有直升机场 (r=1000m): 剔除 177 个候选（占 4.6%）
21:41:53 INFO    evtol_siting.stage1_candidates 安全排除后剩余 2334 个候选（原有 3849）
21:41:53 INFO    evtol_siting.stage1_candidates   [ground] 类别内稀释: 1571 -> 1571
21:41:53 INFO    evtol_siting.stage1_candidates   [rooftop] 类别内稀释: 693 -> 258
21:41:54 INFO    evtol_siting.stage1_candidates 密度稀释 (c_min=500m, 每栅格<=3): 2334 -> 1324 个候选 （配额 -70，类别内间距 -435，跨类别冲突 -505）；构成: {'ground': 1067, 'rooftop': 257}
21:41:54 INFO    evtol_siting.stage1_candidates 阶段一完成: 1324 个候选起降场（屋顶型 257，地面型 1067）
21:41:54 INFO    evtol_siting.pipeline      ============================================================
21:41:54 INFO    evtol_siting.pipeline      阶段二：K-means 人群分类与需求空间化
21:41:54 INFO    evtol_siting.pipeline      ============================================================
21:41:54 INFO    evtol_siting.data.dasymetric 人口栅格分辨率 80 m 细于需求格网 500 m —— 分区求和已是正确的格网人口总量，**体积重分配在此不产生作用**，直接使用分区求和。（体积权重的价值在于把人口摊到建筑上做更细的分析，需 force=True）
21:41:54 WARNING evtol_siting.data.dasymetric 退化为按分区求和（假设人口在格网内均匀分布）
21:42:06 INFO    evtol_siting.stage2_demand 人口分配方式对比（论文 Table 用）:
    method  total_population  n_nonzero_cells  mean_per_cell  std_per_cell       cv     max_cell  top1pct_share     gini
dasymetric      7.712263e+06             2517    3061.636823   2504.238782 0.817941 12360.637527       0.032418 0.458119
   uniform      7.712263e+06             2517    3061.636823   2504.238782 0.817941 12360.637527       0.032418 0.458119
21:42:06 INFO    evtol_siting.stage2_demand 人口: 合计 7712263 人，单元中位数 2567 人（来源: zonal_sum）
21:42:07 INFO    evtol_siting.stage2_demand 收入代理(RWI): 范围 [4.28, 94.31]，单元均值 28.593
21:42:07 INFO    evtol_siting.stage2_demand POI: 研究区内 7442 个，单元密度中位数 0 个/km²
21:42:12 INFO    evtol_siting.stage2_demand K 选择 (silhouette): K=5，得分 0.4742，各 K 得分 {3: 0.4713, 4: 0.4495, 5: 0.4742, 6: 0.4289, 7: 0.4336, 8: 0.4372}
21:42:12 INFO    evtol_siting.choice_model  收入阶梯（K=5）: 1,877  2,956  4,049  5,546  8,736
21:42:12 INFO    evtol_siting.choice_model  时间价值: 5.4  8.5  11.6  15.9  25.1 元/小时（对应月收入 1,877  2,956  4,049  5,546  8,736）
21:42:12 INFO    evtol_siting.choice_model  时间价值: 1.1  1.3  1.4  1.7  1.9  2.2  2.5  2.9  3.3  3.8  4.4  5.0  5.8  6.6  7.6  8.8  10.1  11.6  13.3  15.3  17.6  20.2  23.2  26.7 元/小时（对应月收入 379  435  500  575  661  760  873  1,003  1,153  1,325  1,523  1,751  2,012  2,312  2,657  3,054  3,510  4,034  4,636  5,328  6,124  7,038  8,088  9,296）
21:42:12 INFO    evtol_siting.choice_model  时间价值: 1.7  2.0  2.3  2.6  3.0  3.4  4.0  4.5  5.2  6.0  6.9  7.9  9.1  10.5  12.0  13.8  15.9  18.3  21.0  24.1  27.7  31.9  36.6  42.1 元/小时（对应月收入 597  686  788  906  1,041  1,197  1,375  1,581  1,816  2,088  2,399  2,757  3,169  3,642  4,186  4,810  5,529  6,354  7,302  8,392  9,645  11,085  12,739  14,641）
21:42:12 INFO    evtol_siting.choice_model  时间价值: 2.3  2.7  3.1  3.6  4.1  4.7  5.4  6.2  7.1  8.2  9.4  10.9  12.5  14.3  16.5  18.9  21.8  25.0  28.7  33.0  38.0  43.6  50.1  57.6 元/小时（对应月收入 817  940  1,080  1,241  1,426  1,639  1,884  2,165  2,488  2,859  3,286  3,777  4,341  4,989  5,733  6,589  7,573  8,703  10,002  11,495  13,211  15,183  17,450  20,055）
21:42:12 INFO    evtol_siting.choice_model  时间价值: 3.2  3.7  4.3  4.9  5.6  6.5  7.4  8.5  9.8  11.3  12.9  14.9  17.1  19.6  22.6  25.9  29.8  34.3  39.4  45.2  52.0  59.8  68.7  78.9 元/小时（对应月收入 1,120  1,287  1,479  1,700  1,954  2,245  2,580  2,965  3,408  3,917  4,502  5,173  5,946  6,833  7,853  9,026  10,373  11,921  13,701  15,746  18,097  20,798  23,902  27,470）
21:42:12 INFO    evtol_siting.choice_model  时间价值: 5.1  5.8  6.7  7.7  8.8  10.2  11.7  13.4  15.4  17.7  20.4  23.4  26.9  30.9  35.5  40.9  46.9  54.0  62.0  71.3  81.9  94.1  108.2  124.3 元/小时（对应月收入 1,764  2,027  2,330  2,677  3,077  3,536  4,064  4,671  5,368  6,169  7,090  8,149  9,365  10,763  12,369  14,216  16,338  18,777  21,580  24,801  28,503  32,758  37,648  43,267）
21:42:12 INFO    evtol_siting.choice_model  选择模型 [区域内积分（σ_within=0.4）]: 出行 15 km（单点），地面 55 分钟 / 57 元，eVTOL 24 分钟 / 130 元，节省 31 分钟；采用概率 0.0565–0.0865（类间比 1.53）
21:42:12 INFO    evtol_siting.choice_model  各类人群采用概率:
 cluster  monthly_income_cny  vot_cny_per_h  p_evtol  demand_rate
       3              1877.0           5.39  0.05645     0.005645
       0              2956.0           8.49  0.06033     0.006033
       1              4049.0          11.64  0.06455     0.006455
       2              5546.0          15.94  0.07085     0.007085
       4              8736.0          25.10  0.08655     0.008655
21:42:12 INFO    evtol_siting.stage2_demand K-means 聚类完成: K=5，总需求 50339 次/日，总人口 7712263 人
21:42:12 INFO    evtol_siting.stage2_demand 类画像:
 cluster  n_cells   population  income_mean  poi_density_mean  trip_rate  monthly_income_cny  vot_cny_per_h  p_evtol  demand_trips_per_day k_selection
       3      911 1.274286e+06    15.458149          1.242591   0.005645              1877.0           5.39  0.05645           7193.345774  silhouette
       0      916 2.953990e+06    31.667580          4.310044   0.006033              2956.0           8.49  0.06033          17821.419612  silhouette
       1      311 1.804357e+06    33.630300         41.273312   0.006455              4049.0          11.64  0.06455          11647.124043  silhouette
       2       81 5.478822e+05    40.350918        106.123457   0.007085              5546.0          15.94  0.07085           3881.745275  silhouette
       4      300 1.131748e+06    50.690864         10.853333   0.008655              8736.0          25.10  0.08655           9795.280187  silhouette
21:42:12 INFO    evtol_siting.pipeline      ============================================================
21:42:12 INFO    evtol_siting.pipeline      阶段三：0-1 整数规划选址
21:42:12 INFO    evtol_siting.pipeline      ============================================================
21:42:12 INFO    evtol_siting.stage3_ip     [cost_priority] 需求单元 2519 个（核心 1008 个，阈值 分位数 0.60（>=21.0 次/日）），候选 1324 个，接驳时间预算 15.0 分钟，设施上限 20
21:42:14 INFO    evtol_siting.stage3_ip     [cost_priority] 最优解: 10 个起降场，总成本 3.13 亿元，需求覆盖率 96.2%，人口覆盖率 95.9%（耗时 1.65s）
21:42:14 INFO    evtol_siting.stage3_ip     [coverage_priority] 需求单元 2519 个（核心 1008 个，阈值 分位数 0.60（>=21.0 次/日）），候选 1324 个，接驳时间预算 15.0 分钟，设施上限 35
21:42:15 INFO    evtol_siting.stage3_ip     [coverage_priority] 最优解: 10 个起降场，总成本 4.59 亿元，需求覆盖率 96.6%，人口覆盖率 96.2%（耗时 0.69s）
21:42:15 INFO    evtol_siting.stage3_ip     阶段三完成: 2 个情景求解成功（cost_priority=Optimal, coverage_priority=Optimal）
21:42:15 INFO    evtol_siting.stage4_nsga2  问题实例: 2519 个需求单元（核心 1008），1324 个候选；接驳预算 15.0 分钟；单点最大可覆盖 299 个核心单元（占核心 29.7%）
21:42:15 INFO    evtol_siting.nsga2_core    初始种群: 100 个个体 × 1324 维，站点数 区间 (12, 400)（区间初始化，自由规模）
21:43:09 INFO    multirun                     第  1/10 次: 前沿 100 个解，HV=2.941e+08，最优未服务=5.3，耗时 53.8s
21:43:09 INFO    evtol_siting.nsga2_core    初始种群: 100 个个体 × 1324 维，站点数 区间 (12, 400)（区间初始化，自由规模）
21:43:48 INFO    multirun                     第  2/10 次: 前沿 100 个解，HV=3.446e+08，最优未服务=0.0，耗时 39.6s
21:43:48 INFO    evtol_siting.nsga2_core    初始种群: 100 个个体 × 1324 维，站点数 区间 (12, 400)（区间初始化，自由规模）
21:44:32 INFO    multirun                     第  3/10 次: 前沿 100 个解，HV=3.489e+08，最优未服务=5.3，耗时 43.9s
21:44:32 INFO    evtol_siting.nsga2_core    初始种群: 100 个个体 × 1324 维，站点数 区间 (12, 400)（区间初始化，自由规模）
21:45:18 INFO    multirun                     第  4/10 次: 前沿 100 个解，HV=3.892e+08，最优未服务=5.3，耗时 45.8s
21:45:18 INFO    evtol_siting.nsga2_core    初始种群: 100 个个体 × 1324 维，站点数 区间 (12, 400)（区间初始化，自由规模）
21:46:04 INFO    multirun                     第  5/10 次: 前沿 100 个解，HV=4.606e+08，最优未服务=5.3，耗时 45.5s
21:46:04 INFO    evtol_siting.nsga2_core    初始种群: 100 个个体 × 1324 维，站点数 区间 (12, 400)（区间初始化，自由规模）
21:46:53 INFO    multirun                     第  6/10 次: 前沿 100 个解，HV=3.35e+08，最优未服务=0.0，耗时 49.6s
21:46:53 INFO    evtol_siting.nsga2_core    初始种群: 100 个个体 × 1324 维，站点数 区间 (12, 400)（区间初始化，自由规模）
21:47:51 WARNING evtol_siting.nsga2_core    帕累托前沿在 100 代内**没有改进**（HV 4.066e+08 -> 4.066e+08）。可能原因：(1) 初始种群已被 IP 解锚定在最优附近；(2) 修复算子过强，压制了搜索空间；(3) 目标间无实质权衡。建议检查目标值分布是否退化。
21:47:51 INFO    multirun                     第  7/10 次: 前沿 100 个解，HV=4.066e+08，最优未服务=0.0，耗时 57.3s
21:47:51 INFO    evtol_siting.nsga2_core    初始种群: 100 个个体 × 1324 维，站点数 区间 (12, 400)（区间初始化，自由规模）
21:48:39 INFO    multirun                     第  8/10 次: 前沿 100 个解，HV=3.573e+08，最优未服务=0.0，耗时 48.5s
21:48:39 INFO    evtol_siting.nsga2_core    初始种群: 100 个个体 × 1324 维，站点数 区间 (12, 400)（区间初始化，自由规模）
21:49:38 INFO    multirun                     第  9/10 次: 前沿 100 个解，HV=4.001e+08，最优未服务=5.3，耗时 58.5s
21:49:38 INFO    evtol_siting.nsga2_core    初始种群: 100 个个体 × 1324 维，站点数 区间 (12, 400)（区间初始化，自由规模）
21:50:38 INFO    multirun                     第 10/10 次: 前沿 100 个解，HV=3.171e+08，最优未服务=5.3，耗时 60.1s
21:51:27 INFO    multirun                   
21:51:27 INFO    multirun                   ── 算法稳定性（10 次独立运行）──
21:51:27 INFO    multirun                      hypervolume    均值 5.2029e+19   标准差 5.6065e+17   （5.1273e+19 – 5.3173e+19）
21:51:27 INFO    multirun                      spacing        均值 0.05092      标准差 0.0062029    （0.043656 – 0.063293）
21:51:27 INFO    multirun                      spread         均值 0.96466      标准差 0.033819     （0.8959 – 1.0076）
21:51:27 INFO    multirun                      igd            均值 0.057197     标准差 0.001677     （0.054389 – 0.059236）
21:51:27 INFO    multirun                      n              均值 100          标准差 0            （100 – 100）
21:51:27 INFO    multirun                      注：HV 越大越好；SP/Δ/IGD 越小越好。论文中报告为 均值 ± 标准差。
21:55:08 INFO    multirun                   
21:55:08 INFO    multirun                   ── 与 pymoo NSGA-II 交叉验证 ──
21:55:08 INFO    multirun                      自实现 HV 均值 9.1397e+19 (n=10)
21:55:08 INFO    multirun                      pymoo  HV        6.3019e+19
21:55:08 INFO    multirun                      比值 1.4503，Mann-Whitney p=6.386e-05，Cliff's δ=+1.000
21:55:08 INFO    multirun                      判读：比值接近 1 且 p>0.05 表示两者统计上无显著差异，自实现 NSGA-II 通过正确性验证。
21:55:08 INFO    multirun                   
21:55:08 INFO    multirun                   ── 单目标基线 vs NSGA-II 前沿 ──
21:55:08 INFO    evtol_siting.baselines     求解单目标基线：本次需解 13/13 个模型（p 取值 [8, 12, 18, 25]），并行度 3
21:55:11 INFO    evtol_siting.baselines     [set_covering] -> 10 个设施（覆盖 1008 个可达单元），耗时 2.7s
21:55:11 INFO    evtol_siting.baselines     基线结果已缓存: baselines_84dae7c519a07529946eb245e388a6f8.json
21:55:26 INFO    evtol_siting.baselines     [p_median_p8] p=8: 2519 个需求单元 × 1324 可达候选 = 327541 个分配变量 + 2519 个未服务变量（P=15.15），时限 3600s，相对间隙 0.001
21:55:37 WARNING evtol_siting.baselines     [p_center_p8] p=8 在最大可达半径下仍不可行
21:55:54 INFO    evtol_siting.baselines     [p_median_p12] p=12: 2519 个需求单元 × 1324 可达候选 = 327541 个分配变量 + 2519 个未服务变量（P=15.15），时限 3600s，相对间隙 0.001
21:56:16 INFO    evtol_siting.baselines     [max_coverage_p8] p=8 -> 8 个设施，覆盖需求 47961.2，耗时 65.1s
21:56:24 INFO    evtol_siting.baselines     [p_center_p12] p=12 -> 11 个设施，最差接驳 13.6138 min，耗时 7.7s
21:56:57 INFO    evtol_siting.baselines     [max_coverage_p12] p=12 -> 12 个设施，覆盖需求 50229.0，耗时 33.5s
21:57:14 INFO    evtol_siting.baselines     [p_median_p18] p=18: 2519 个需求单元 × 1324 可达候选 = 327541 个分配变量 + 2519 个未服务变量（P=15.15），时限 3600s，相对间隙 0.001
22:04:40 INFO    evtol_siting.baselines     [p_median_p18] p=18 -> 18 个设施，总接驳 380078.2，未服务 319 个单元，耗时 462.5s
22:04:48 INFO    evtol_siting.baselines     [p_center_p18] p=18 -> 11 个设施，最差接驳 13.6138 min，耗时 7.7s
22:05:29 INFO    evtol_siting.baselines     [max_coverage_p18] p=18 -> 18 个设施，覆盖需求 50338.9，耗时 41.1s
22:05:43 INFO    evtol_siting.baselines     [p_median_p25] p=25: 2519 个需求单元 × 1324 可达候选 = 327541 个分配变量 + 2519 个未服务变量（P=15.15），时限 3600s，相对间隙 0.001
22:14:47 INFO    evtol_siting.baselines     [p_median_p8] p=8 -> 8 个设施，总接驳 403106.2，未服务 781 个单元，耗时 1178.6s
22:14:49 INFO    evtol_siting.baselines     基线结果已缓存: baselines_84dae7c519a07529946eb245e388a6f8.json
22:14:49 WARNING evtol_siting.baselines       p_center_p8 不可行/未解出（Infeasible）
22:14:49 INFO    evtol_siting.baselines     基线结果已缓存: baselines_84dae7c519a07529946eb245e388a6f8.json
22:14:49 INFO    evtol_siting.baselines     基线结果已缓存: baselines_84dae7c519a07529946eb245e388a6f8.json
22:14:56 INFO    evtol_siting.baselines     [p_center_p25] p=25 -> 11 个设施，最差接驳 13.6138 min，耗时 7.2s
22:15:28 INFO    evtol_siting.baselines     [max_coverage_p25] p=25 -> 22 个设施，覆盖需求 50338.9，耗时 32.0s
22:19:10 INFO    evtol_siting.baselines     [p_median_p25] p=25 -> 25 个设施，总接驳 357995.0，未服务 150 个单元，耗时 820.4s
22:21:28 INFO    evtol_siting.baselines     [p_median_p12] p=12 -> 12 个设施，总接驳 413554.1，未服务 447 个单元，耗时 1550.6s
22:21:29 INFO    evtol_siting.baselines     基线结果已缓存: baselines_84dae7c519a07529946eb245e388a6f8.json
22:21:29 INFO    evtol_siting.baselines     基线结果已缓存: baselines_84dae7c519a07529946eb245e388a6f8.json
22:21:29 INFO    evtol_siting.baselines     基线结果已缓存: baselines_84dae7c519a07529946eb245e388a6f8.json
22:21:29 INFO    evtol_siting.baselines     基线结果已缓存: baselines_84dae7c519a07529946eb245e388a6f8.json
22:21:29 INFO    evtol_siting.baselines     基线结果已缓存: baselines_84dae7c519a07529946eb245e388a6f8.json
22:21:29 INFO    evtol_siting.baselines     基线结果已缓存: baselines_84dae7c519a07529946eb245e388a6f8.json
22:21:29 INFO    evtol_siting.baselines     基线结果已缓存: baselines_84dae7c519a07529946eb245e388a6f8.json
22:21:29 INFO    evtol_siting.baselines     基线结果已缓存: baselines_84dae7c519a07529946eb245e388a6f8.json
22:21:29 INFO    evtol_siting.baselines     基线结果已缓存: baselines_84dae7c519a07529946eb245e388a6f8.json
22:21:29 INFO    evtol_siting.baselines     基线结果已缓存: baselines_84dae7c519a07529946eb245e388a6f8.json
22:21:29 WARNING multirun                      以下基线未解出，已从对比表中剔除：p_center_p8
22:21:29 INFO    multirun                           baseline  n_sites  unserved_demand  total_access_time  inequity   total_cost  n_front_dominating  dominated_by_front_pct  demand_coverage_pct  worst_group_access_time_min  equity_gini
    set_covering       10      2057.884734      470132.483714 10.083810 4.816104e+08                  18                5.202312            95.911941                    10.083810     0.016117
    p_center_p12       11      1554.269814      448817.374177  9.815267 6.148745e+08                  18                5.202312            96.912389                     9.815267     0.022199
    p_center_p18       11      1554.269814      448817.374177  9.815267 6.148745e+08                  18                5.202312            96.912389                     9.815267     0.022199
    p_center_p25       11      1554.269814      448817.374177  9.815267 6.148745e+08                  18                5.202312            96.912389                     9.815267     0.022199
 max_coverage_p8        8      2377.738861      504723.304638 10.762218 4.519011e+08                  11                3.179191            95.276539                    10.762218     0.010435
     p_median_p8        8      6120.037084      403106.236589 11.176702 3.441706e+08                   0                0.000000            87.842334                    11.176702     0.061856
    p_median_p12       12      2105.212005      413554.089427 10.139920 6.580030e+08                   0                0.000000            95.817923                    10.139920     0.050026
max_coverage_p12       12       109.920854      498723.404554 10.586259 6.119808e+08                   0                0.000000            99.781638                    10.586259     0.030725
    p_median_p18       18      1022.244981      380078.165727  8.783778 9.597734e+08                   0                0.000000            97.969275                     8.783778     0.044428
max_coverage_p18       18         0.000000      462181.999868  9.634550 8.937112e+08                   0                0.000000           100.000000                     9.634550     0.026625
    p_median_p25       25       420.385662      357994.961476  8.155670 1.289719e+09                   0                0.000000            99.164889                     8.155670     0.043528
max_coverage_p25       22         0.000000      470149.396412  9.528243 1.153992e+09                   0                0.000000           100.000000                     9.528243     0.015924
22:21:29 INFO    multirun                      判读：dominated_by_front_pct 越高，说明该单目标模型的最优解被 NSGA-II 前沿支配得越彻底——这是'多目标必要性'的直接证据。
22:21:29 INFO    multirun                   
22:21:29 INFO    multirun                   ── 加权求和对照（同一算法、同一预算，仅改选择机制）──
22:21:29 INFO    evtol_siting.nsga2_core    初始种群: 100 个个体 × 1324 维，站点数 区间 (12, 400)（区间初始化，自由规模）
22:21:45 WARNING evtol_siting.nsga2_core    帕累托前沿在 62 代内**没有改进**（HV 2.138e+13 -> 1.651e+13）。可能原因：(1) 初始种群已被 IP 解锚定在最优附近；(2) 修复算子过强，压制了搜索空间；(3) 目标间无实质权衡。建议检查目标值分布是否退化。
22:21:45 INFO    evtol_siting.nsga2_core    初始种群: 100 个个体 × 1324 维，站点数 区间 (12, 400)（区间初始化，自由规模）
22:22:03 WARNING evtol_siting.nsga2_core    帕累托前沿在 62 代内**没有改进**（HV 2.577e+14 -> 2.568e+14）。可能原因：(1) 初始种群已被 IP 解锚定在最优附近；(2) 修复算子过强，压制了搜索空间；(3) 目标间无实质权衡。建议检查目标值分布是否退化。
22:22:03 INFO    evtol_siting.nsga2_core    初始种群: 100 个个体 × 1324 维，站点数 区间 (12, 400)（区间初始化，自由规模）
22:22:21 WARNING evtol_siting.nsga2_core    帕累托前沿在 62 代内**没有改进**（HV 2.041e+14 -> 1.824e+14）。可能原因：(1) 初始种群已被 IP 解锚定在最优附近；(2) 修复算子过强，压制了搜索空间；(3) 目标间无实质权衡。建议检查目标值分布是否退化。
22:22:21 INFO    evtol_siting.nsga2_core    初始种群: 100 个个体 × 1324 维，站点数 区间 (12, 400)（区间初始化，自由规模）
22:22:33 WARNING evtol_siting.nsga2_core    帕累托前沿在 62 代内**没有改进**（HV 3.506e+14 -> 2.909e+14）。可能原因：(1) 初始种群已被 IP 解锚定在最优附近；(2) 修复算子过强，压制了搜索空间；(3) 目标间无实质权衡。建议检查目标值分布是否退化。
22:22:33 INFO    multirun                      已完成 4/16 个权重方向
22:22:33 INFO    evtol_siting.nsga2_core    初始种群: 100 个个体 × 1324 维，站点数 区间 (12, 400)（区间初始化，自由规模）
22:22:50 WARNING evtol_siting.nsga2_core    帕累托前沿在 62 代内**没有改进**（HV 3.936e+13 -> 3.56e+13）。可能原因：(1) 初始种群已被 IP 解锚定在最优附近；(2) 修复算子过强，压制了搜索空间；(3) 目标间无实质权衡。建议检查目标值分布是否退化。
22:22:50 INFO    evtol_siting.nsga2_core    初始种群: 100 个个体 × 1324 维，站点数 区间 (12, 400)（区间初始化，自由规模）
22:23:06 WARNING evtol_siting.nsga2_core    帕累托前沿在 62 代内**没有改进**（HV 6.382e+14 -> 5.724e+14）。可能原因：(1) 初始种群已被 IP 解锚定在最优附近；(2) 修复算子过强，压制了搜索空间；(3) 目标间无实质权衡。建议检查目标值分布是否退化。
22:23:06 INFO    evtol_siting.nsga2_core    初始种群: 100 个个体 × 1324 维，站点数 区间 (12, 400)（区间初始化，自由规模）
22:23:21 WARNING evtol_siting.nsga2_core    帕累托前沿在 62 代内**没有改进**（HV 8.592e+14 -> 7.224e+14）。可能原因：(1) 初始种群已被 IP 解锚定在最优附近；(2) 修复算子过强，压制了搜索空间；(3) 目标间无实质权衡。建议检查目标值分布是否退化。
22:23:21 INFO    evtol_siting.nsga2_core    初始种群: 100 个个体 × 1324 维，站点数 区间 (12, 400)（区间初始化，自由规模）
22:23:33 WARNING evtol_siting.nsga2_core    帕累托前沿在 62 代内**没有改进**（HV 1.997e+13 -> 1.584e+13）。可能原因：(1) 初始种群已被 IP 解锚定在最优附近；(2) 修复算子过强，压制了搜索空间；(3) 目标间无实质权衡。建议检查目标值分布是否退化。
22:23:33 INFO    multirun                      已完成 8/16 个权重方向
22:23:33 INFO    evtol_siting.nsga2_core    初始种群: 100 个个体 × 1324 维，站点数 区间 (12, 400)（区间初始化，自由规模）
22:23:47 WARNING evtol_siting.nsga2_core    帕累托前沿在 62 代内**没有改进**（HV 1.125e+15 -> 1.007e+15）。可能原因：(1) 初始种群已被 IP 解锚定在最优附近；(2) 修复算子过强，压制了搜索空间；(3) 目标间无实质权衡。建议检查目标值分布是否退化。
22:23:47 INFO    evtol_siting.nsga2_core    初始种群: 100 个个体 × 1324 维，站点数 区间 (12, 400)（区间初始化，自由规模）
22:24:01 WARNING evtol_siting.nsga2_core    帕累托前沿在 62 代内**没有改进**（HV 1.105e+13 -> 9.107e+12）。可能原因：(1) 初始种群已被 IP 解锚定在最优附近；(2) 修复算子过强，压制了搜索空间；(3) 目标间无实质权衡。建议检查目标值分布是否退化。
22:24:01 INFO    evtol_siting.nsga2_core    初始种群: 100 个个体 × 1324 维，站点数 区间 (12, 400)（区间初始化，自由规模）
22:24:19 WARNING evtol_siting.nsga2_core    帕累托前沿在 62 代内**没有改进**（HV 9.256e+13 -> 7.818e+13）。可能原因：(1) 初始种群已被 IP 解锚定在最优附近；(2) 修复算子过强，压制了搜索空间；(3) 目标间无实质权衡。建议检查目标值分布是否退化。
22:24:19 INFO    evtol_siting.nsga2_core    初始种群: 100 个个体 × 1324 维，站点数 区间 (12, 400)（区间初始化，自由规模）
22:24:36 WARNING evtol_siting.nsga2_core    帕累托前沿在 62 代内**没有改进**（HV 6.318e+13 -> 6.309e+13）。可能原因：(1) 初始种群已被 IP 解锚定在最优附近；(2) 修复算子过强，压制了搜索空间；(3) 目标间无实质权衡。建议检查目标值分布是否退化。
22:24:36 INFO    multirun                      已完成 12/16 个权重方向
22:24:36 INFO    evtol_siting.nsga2_core    初始种群: 100 个个体 × 1324 维，站点数 区间 (12, 400)（区间初始化，自由规模）
22:25:42 WARNING evtol_siting.nsga2_core    帕累托前沿在 62 代内**没有改进**（HV 1e-18 -> 1e-18）。可能原因：(1) 初始种群已被 IP 解锚定在最优附近；(2) 修复算子过强，压制了搜索空间；(3) 目标间无实质权衡。建议检查目标值分布是否退化。
22:25:42 INFO    evtol_siting.nsga2_core    初始种群: 100 个个体 × 1324 维，站点数 区间 (12, 400)（区间初始化，自由规模）
22:27:31 WARNING evtol_siting.nsga2_core    帕累托前沿在 62 代内**没有改进**（HV 7.97e+08 -> 7.935e+08）。可能原因：(1) 初始种群已被 IP 解锚定在最优附近；(2) 修复算子过强，压制了搜索空间；(3) 目标间无实质权衡。建议检查目标值分布是否退化。
22:27:31 INFO    evtol_siting.nsga2_core    初始种群: 100 个个体 × 1324 维，站点数 区间 (12, 400)（区间初始化，自由规模）
22:29:06 WARNING evtol_siting.nsga2_core    帕累托前沿在 62 代内**没有改进**（HV 0.358 -> 0.3531）。可能原因：(1) 初始种群已被 IP 解锚定在最优附近；(2) 修复算子过强，压制了搜索空间；(3) 目标间无实质权衡。建议检查目标值分布是否退化。
22:29:06 INFO    evtol_siting.nsga2_core    初始种群: 100 个个体 × 1324 维，站点数 区间 (12, 400)（区间初始化，自由规模）
22:29:23 WARNING evtol_siting.nsga2_core    帕累托前沿在 62 代内**没有改进**（HV 2.89e+15 -> 2.232e+15）。可能原因：(1) 初始种群已被 IP 解锚定在最优附近；(2) 修复算子过强，压制了搜索空间；(3) 目标间无实质权衡。建议检查目标值分布是否退化。
22:29:23 INFO    multirun                      已完成 16/16 个权重方向
22:29:23 INFO    multirun                      结果：16 个权重方向中，56% 的解被 NSGA-II 前沿支配；平均被 1.0% 的前沿解支配
22:29:23 INFO    multirun                      判读：加权和法的解被前沿支配，说明它**无法到达帕累托前沿的非凸部分**。这正是多目标处理的必要性所在——若所有加权和解都落在前沿上，则说明问题目标间无实质权衡，多目标处理不必要。
22:29:23 INFO    multirun                   
22:29:23 INFO    multirun                   ── 公平性定义对比：人群组均值 vs 单用户最小最大 ──
22:29:23 INFO    evtol_siting.stage4_nsga2  问题实例: 2519 个需求单元（核心 1008），1324 个候选；接驳预算 15.0 分钟；单点最大可覆盖 299 个核心单元（占核心 29.7%）
22:29:23 INFO    evtol_siting.nsga2_core    初始种群: 100 个个体 × 1324 维，站点数 区间 (12, 400)（区间初始化，自由规模）
22:30:47 INFO    evtol_siting.stage4_nsga2  问题实例: 2519 个需求单元（核心 1008），1324 个候选；接驳预算 15.0 分钟；单点最大可覆盖 299 个核心单元（占核心 29.7%）
22:30:47 INFO    evtol_siting.nsga2_core    初始种群: 100 个个体 × 1324 维，站点数 区间 (12, 400)（区间初始化，自由规模）
22:31:30 INFO    multirun                                           direction  count  total  pct
group_mean 被 individual_max 支配的解数      0    100  0.0
individual_max 被 group_mean 支配的解数     34    100 34.0
22:31:30 INFO    multirun                      group_mean 前沿的公平性最优值（目标 3）: 6.0515（该目标即人群组最差可达性）
22:31:30 INFO    multirun                      individual_max 前沿的公平性最优值（目标 3，此时为单用户最大）: 14.8186
22:31:30 INFO    evtol_siting.stage4_nsga2  问题实例: 2519 个需求单元（核心 1008），1324 个候选；接驳预算 15.0 分钟；单点最大可覆盖 299 个核心单元（占核心 29.7%）
22:31:30 INFO    multirun                      注：两者的目标 3 定义不同，数值不可直接比较；上表的分支配对才是有效证据。
22:31:30 INFO    multirun                      判读：若两个方向都存在互相支配的解，说明两种公平性定义刻画的是**不同的**公平维度，'人群组公平'不是 p-中心的重复表述，新意 (A) 成立。若某一方完全支配另一方，则应如实报告后者不构成独立贡献。
22:31:30 INFO    multirun                   
22:31:30 INFO    multirun                   ── 拐点解的指标跨运行分布（论文可报告为 均值 ± 标准差）──
22:31:30 INFO    multirun                      unserved     386.3 ± 384.8
22:31:30 INFO    multirun                      total_time   4.333e+05 ± 3.669e+04
22:31:30 INFO    multirun                      inequity     9.574 ± 1.01
22:31:30 INFO    multirun                      cost         1.745e+09 ± 1.504e+09
22:31:30 INFO    multirun                   
22:31:30 INFO    multirun                   ============================================================================
22:31:30 INFO    multirun                    完成。输出目录: evtol_siting\outputs\tables
22:31:30 INFO    multirun                    文件: multirun_runs.csv / multirun_metrics.csv / baseline_vs_front.csv / weighted_sum_vs_front.csv / multirun_knee.csv / pymoo_validation.json
22:31:30 INFO    multirun                   ============================================================================
00:55:03 INFO    multirun                   ============================================================================
00:55:03 INFO    multirun                    多次独立运行：10 次，pop=100，gen=100，data_mode=auto
00:55:03 INFO    multirun                   ============================================================================
00:55:03 INFO    evtol_siting.pipeline      ============================================================
00:55:03 INFO    evtol_siting.pipeline      阶段一：基于 GIS 的候选起降场筛选
00:55:03 INFO    evtol_siting.pipeline      ============================================================
00:55:03 INFO    evtol_siting.pipeline      解析 PBF 提取包: sichuan-latest.osm.pbf
00:55:21 INFO    evtol_siting.data.pbf        已扫描 200000 个候选要素…
00:55:41 INFO    evtol_siting.data.pbf        已扫描 400000 个候选要素…
00:56:01 INFO    evtol_siting.data.pbf        已扫描 600000 个候选要素…
00:56:19 INFO    evtol_siting.data.pbf        已扫描 800000 个候选要素…
00:56:39 INFO    evtol_siting.data.pbf        已扫描 1000000 个候选要素…
00:57:00 INFO    evtol_siting.data.pbf        已扫描 1200000 个候选要素…
00:57:09 INFO    evtol_siting.data.pbf        buildings          70006 个要素
00:57:10 INFO    evtol_siting.data.pbf        poi                 8159 个要素
00:57:10 INFO    evtol_siting.data.pbf        roads              42272 个要素
00:57:10 INFO    evtol_siting.data.pbf        landuse             8605 个要素
00:57:10 INFO    evtol_siting.data.pbf        water               3671 个要素
00:57:10 INFO    evtol_siting.data.pbf        airports            1365 个要素
00:57:10 INFO    evtol_siting.data.pbf      PBF 解析完成（扫描 1271295 个候选要素，装配并保留 79825 个面要素，丢弃 0 个非法几何，输出 6 个图层）
00:57:10 INFO    evtol_siting.data.rasters  建筑高度栅格已存在: evtol_siting\data\raw\height\chengdu_building_height_10m.tif
00:57:15 INFO    evtol_siting.data.heights  高度栅格提供了 49323 栋建筑的高度（覆盖 70.5%）
00:57:15 INFO    evtol_siting.data.heights  分位数回归填补了 14740 栋建筑的高度（中位数 18.6 m）
00:57:15 INFO    evtol_siting.data.heights  高度融合结果（共 70006 栋）:
    raster_height     70.5%
    imputed           21.1%
    osm_levels         7.3%
    osm_height         1.2%
00:57:15 INFO    evtol_siting.data.heights  各来源的栋数与高度分布（论文 §3.3 引用这些数）:
                   n  median  mean   std
src                                     
raster_height  49323   18.65 19.44  5.25
imputed        14740   18.60 18.42  1.34
osm_levels      5100   14.10 29.66 34.60
osm_height       843   20.00 34.44 47.47
00:57:15 INFO    evtol_siting.data.heights      合计 70006 栋（逐来源栋数之和必须等于此数）
00:57:20 INFO    evtol_siting.data.heights  §3.3 诊断（同口径，均为 CNBH 栅格实测）: 带 OSM 高度标签 5352 栋，中位数 23.0 m，均值 22.9 m
00:57:20 INFO    evtol_siting.data.heights  §3.3 诊断（同口径，均为 CNBH 栅格实测）: 无 OSM 高度标签 49323 栋，中位数 18.6 m，均值 19.4 m
00:57:20 INFO    evtol_siting.data.heights      （两个子集的中位数之差即 §3.3 所述的选择偏差；差值方向应为正值——标签偏向更高建筑）
00:57:20 INFO    evtol_siting.data.heights      有标签覆盖率: 8.5% -> 融合后覆盖率: 100.0%
00:57:21 INFO    evtol_siting.data.rasters  人口栅格已存在: evtol_siting\data\raw\population\chengdu_population_100m.tif
00:57:21 INFO    evtol_siting.data.rasters  收入代理数据已存在: evtol_siting\data\raw\income\chengdu_income_proxy.gpkg
00:57:21 INFO    evtol_siting.pipeline      收入代理已载入: 6716 个点（EPSG:4326）
00:57:21 INFO    evtol_siting.data.rasters  DEM 已存在: evtol_siting\data\raw\dem\chengdu_dem_30m.tif
00:57:26 INFO    evtol_siting.data.rasters  坡度栅格已生成: evtol_siting\data\interim\chengdu_slope.tif
00:57:26 INFO    evtol_siting.geo           栅格化完成: 单元边长 500 m, 单元数 2519, 覆盖 629.8 km²
00:57:26 INFO    evtol_siting.stage1_candidates 屋顶型筛选: 1517 / 70006 栋建筑满足 h>=20m 且 A_roof>=1600m² (2.17%)
00:57:26 INFO    evtol_siting.stage1_candidates   排除 用地类型: 35 个单元（1.4%）
00:57:26 INFO    evtol_siting.stage1_candidates   排除 水域: 62 个单元（2.5%）
00:57:26 INFO    evtol_siting.stage1_candidates   建筑覆盖率判据 (max=0.55): 剔除 6 个单元（保留 2416）；覆盖率中位数 0.05
00:57:27 INFO    evtol_siting.stage1_candidates 坡度判据: 2405 / 2416 单元满足 slope<=15° (剔除 11)
00:57:27 INFO    evtol_siting.stage1_candidates 地面型筛选: 2405 个候选（用地排除 -114，坡度排除后）
00:57:27 INFO    evtol_siting.stage1_candidates 地面型候选已按路网可达性重新评分（中位距离 91 m）
00:57:27 INFO    evtol_siting.stage1_candidates 已为 1517 个缺少 cell_id 的候选（屋顶型）补齐所属栅格单元（补齐后 3818/3922 有 cell_id）
00:57:27 INFO    evtol_siting.stage1_candidates   104 个候选落在栅格之外，改用坐标分桶作为 cell_id
00:57:27 INFO    evtol_siting.stage1_candidates   口径 all_aeroway：1299 个非直升要素全部按运输机场处理
00:57:27 INFO    evtol_siting.stage1_candidates   机场净空区（含民用） (r=4000m): 剔除 1498 个候选（占 38.2%）
00:57:27 INFO    evtol_siting.stage1_candidates   既有直升机场 (r=1000m): 剔除 179 个候选（占 4.6%）
00:57:27 INFO    evtol_siting.stage1_candidates 安全排除后剩余 2381 个候选（原有 3922）
00:57:27 INFO    evtol_siting.stage1_candidates   [ground] 类别内稀释: 1560 -> 1560
00:57:28 INFO    evtol_siting.stage1_candidates   [rooftop] 类别内稀释: 745 -> 269
00:57:28 INFO    evtol_siting.stage1_candidates 密度稀释 (c_min=500m, 每栅格<=3): 2381 -> 1315 个候选 （配额 -76，类别内间距 -476，跨类别冲突 -514）；构成: {'ground': 1051, 'rooftop': 264}
00:57:28 INFO    evtol_siting.stage1_candidates 阶段一完成: 1315 个候选起降场（屋顶型 264，地面型 1051）
00:57:28 INFO    evtol_siting.pipeline      ============================================================
00:57:28 INFO    evtol_siting.pipeline      阶段二：K-means 人群分类与需求空间化
00:57:28 INFO    evtol_siting.pipeline      ============================================================
00:57:28 INFO    evtol_siting.data.dasymetric 人口栅格分辨率 80 m 细于需求格网 500 m —— 分区求和已是正确的格网人口总量，**体积重分配在此不产生作用**，直接使用分区求和。（体积权重的价值在于把人口摊到建筑上做更细的分析，需 force=True）
00:57:28 WARNING evtol_siting.data.dasymetric 退化为按分区求和（假设人口在格网内均匀分布）
00:57:41 INFO    evtol_siting.stage2_demand 人口分配方式对比（论文 Table 用）:
    method  total_population  n_nonzero_cells  mean_per_cell  std_per_cell       cv     max_cell  top1pct_share     gini
dasymetric      7.712263e+06             2517    3061.636823   2504.238782 0.817941 12360.637527       0.032418 0.458119
   uniform      7.712263e+06             2517    3061.636823   2504.238782 0.817941 12360.637527       0.032418 0.458119
00:57:41 INFO    evtol_siting.stage2_demand 人口: 合计 7712263 人，单元中位数 2567 人（来源: zonal_sum）
00:57:42 INFO    evtol_siting.stage2_demand 收入代理(RWI): 范围 [4.28, 94.31]，单元均值 28.593
00:57:42 INFO    evtol_siting.stage2_demand POI: 研究区内 7442 个，单元密度中位数 0 个/km²
00:57:47 INFO    evtol_siting.stage2_demand K 选择 (silhouette): K=5，得分 0.4742，各 K 得分 {3: 0.4713, 4: 0.4495, 5: 0.4742, 6: 0.4289, 7: 0.4336, 8: 0.4372}
00:57:47 INFO    evtol_siting.choice_model  收入阶梯（K=5）: 1,877  2,956  4,049  5,546  8,736
00:57:47 INFO    evtol_siting.choice_model  时间价值: 5.4  8.5  11.6  15.9  25.1 元/小时（对应月收入 1,877  2,956  4,049  5,546  8,736）
00:57:47 INFO    evtol_siting.choice_model  时间价值: 1.1  1.3  1.4  1.7  1.9  2.2  2.5  2.9  3.3  3.8  4.4  5.0  5.8  6.6  7.6  8.8  10.1  11.6  13.3  15.3  17.6  20.2  23.2  26.7 元/小时（对应月收入 379  435  500  575  661  760  873  1,003  1,153  1,325  1,523  1,751  2,012  2,312  2,657  3,054  3,510  4,034  4,636  5,328  6,124  7,038  8,088  9,296）
00:57:47 INFO    evtol_siting.choice_model  时间价值: 1.7  2.0  2.3  2.6  3.0  3.4  4.0  4.5  5.2  6.0  6.9  7.9  9.1  10.5  12.0  13.8  15.9  18.3  21.0  24.1  27.7  31.9  36.6  42.1 元/小时（对应月收入 597  686  788  906  1,041  1,197  1,375  1,581  1,816  2,088  2,399  2,757  3,169  3,642  4,186  4,810  5,529  6,354  7,302  8,392  9,645  11,085  12,739  14,641）
00:57:47 INFO    evtol_siting.choice_model  时间价值: 2.3  2.7  3.1  3.6  4.1  4.7  5.4  6.2  7.1  8.2  9.4  10.9  12.5  14.3  16.5  18.9  21.8  25.0  28.7  33.0  38.0  43.6  50.1  57.6 元/小时（对应月收入 817  940  1,080  1,241  1,426  1,639  1,884  2,165  2,488  2,859  3,286  3,777  4,341  4,989  5,733  6,589  7,573  8,703  10,002  11,495  13,211  15,183  17,450  20,055）
00:57:47 INFO    evtol_siting.choice_model  时间价值: 3.2  3.7  4.3  4.9  5.6  6.5  7.4  8.5  9.8  11.3  12.9  14.9  17.1  19.6  22.6  25.9  29.8  34.3  39.4  45.2  52.0  59.8  68.7  78.9 元/小时（对应月收入 1,120  1,287  1,479  1,700  1,954  2,245  2,580  2,965  3,408  3,917  4,502  5,173  5,946  6,833  7,853  9,026  10,373  11,921  13,701  15,746  18,097  20,798  23,902  27,470）
00:57:47 INFO    evtol_siting.choice_model  时间价值: 5.1  5.8  6.7  7.7  8.8  10.2  11.7  13.4  15.4  17.7  20.4  23.4  26.9  30.9  35.5  40.9  46.9  54.0  62.0  71.3  81.9  94.1  108.2  124.3 元/小时（对应月收入 1,764  2,027  2,330  2,677  3,077  3,536  4,064  4,671  5,368  6,169  7,090  8,149  9,365  10,763  12,369  14,216  16,338  18,777  21,580  24,801  28,503  32,758  37,648  43,267）
00:57:47 INFO    evtol_siting.choice_model  选择模型 [区域内积分（σ_within=0.4）]: 出行 15 km（单点），地面 55 分钟 / 57 元，eVTOL 24 分钟 / 130 元，节省 31 分钟；采用概率 0.0565–0.0865（类间比 1.53）
00:57:47 INFO    evtol_siting.choice_model  各类人群采用概率:
 cluster  monthly_income_cny  vot_cny_per_h  p_evtol  demand_rate
       3              1877.0           5.39  0.05645     0.005645
       0              2956.0           8.49  0.06033     0.006033
       1              4049.0          11.64  0.06455     0.006455
       2              5546.0          15.94  0.07085     0.007085
       4              8736.0          25.10  0.08655     0.008655
00:57:47 INFO    evtol_siting.stage2_demand K-means 聚类完成: K=5，总需求 50339 次/日，总人口 7712263 人
00:57:47 INFO    evtol_siting.stage2_demand 类画像:
 cluster  n_cells   population  income_mean  poi_density_mean  trip_rate  monthly_income_cny  vot_cny_per_h  p_evtol  demand_trips_per_day k_selection
       3      911 1.274286e+06    15.458149          1.242591   0.005645              1877.0           5.39  0.05645           7193.345774  silhouette
       0      916 2.953990e+06    31.667580          4.310044   0.006033              2956.0           8.49  0.06033          17821.419612  silhouette
       1      311 1.804357e+06    33.630300         41.273312   0.006455              4049.0          11.64  0.06455          11647.124043  silhouette
       2       81 5.478822e+05    40.350918        106.123457   0.007085              5546.0          15.94  0.07085           3881.745275  silhouette
       4      300 1.131748e+06    50.690864         10.853333   0.008655              8736.0          25.10  0.08655           9795.280187  silhouette
00:57:48 INFO    evtol_siting.pipeline      ============================================================
00:57:48 INFO    evtol_siting.pipeline      阶段三：0-1 整数规划选址
00:57:48 INFO    evtol_siting.pipeline      ============================================================
00:57:48 INFO    evtol_siting.stage3_ip     [cost_priority] 需求单元 2519 个（核心 1008 个，阈值 分位数 0.60（>=21.0 次/日）），候选 1315 个，接驳时间预算 15.0 分钟，设施上限 20
00:57:49 INFO    evtol_siting.solver_status [cost_priority] 已证明最优（相对间隙 <= 1e-09）
00:57:49 INFO    evtol_siting.stage3_ip     [cost_priority] 解: 11 个起降场，总成本 3.14 亿元，需求覆盖率 96.1%，人口覆盖率 95.8%，核心覆盖率 100.0%（耗时 0.62s，已证明最优）
00:57:49 INFO    evtol_siting.stage3_ip     [coverage_priority] 需求单元 2519 个（核心 1008 个，阈值 分位数 0.60（>=21.0 次/日）），候选 1315 个，接驳时间预算 15.0 分钟，设施上限 35
00:57:50 INFO    evtol_siting.solver_status [coverage_priority] 已证明最优（相对间隙 <= 1e-09）
00:57:50 INFO    evtol_siting.stage3_ip     [coverage_priority] 解: 10 个起降场，总成本 5.45 亿元，需求覆盖率 96.7%，人口覆盖率 96.5%，核心覆盖率 100.0%（耗时 0.82s，已证明最优）
00:57:50 INFO    evtol_siting.stage3_ip     阶段三完成: 2 个情景求解成功（cost_priority=Optimal, coverage_priority=Optimal）
00:57:50 INFO    evtol_siting.stage4_nsga2  问题实例: 2519 个需求单元（核心 1008），1315 个候选；接驳预算 15.0 分钟；单点最大可覆盖 299 个核心单元（占核心 29.7%）
00:57:50 INFO    evtol_siting.nsga2_core    初始种群: 100 个个体 × 1315 维，站点数 区间 (12, 400)（区间初始化，自由规模）
00:58:36 INFO    multirun                     第  1/10 次: 前沿 100 个解，HV=3.544e+08，最优未服务=5.3，耗时 45.7s
00:58:36 INFO    evtol_siting.nsga2_core    初始种群: 100 个个体 × 1315 维，站点数 区间 (12, 400)（区间初始化，自由规模）
00:59:23 INFO    multirun                     第  2/10 次: 前沿 100 个解，HV=5.068e+08，最优未服务=0.0，耗时 47.7s
00:59:23 INFO    evtol_siting.nsga2_core    初始种群: 100 个个体 × 1315 维，站点数 区间 (12, 400)（区间初始化，自由规模）
01:00:13 INFO    multirun                     第  3/10 次: 前沿 100 个解，HV=3.315e+08，最优未服务=0.0，耗时 50.0s
01:00:13 INFO    evtol_siting.nsga2_core    初始种群: 100 个个体 × 1315 维，站点数 区间 (12, 400)（区间初始化，自由规模）
01:00:51 INFO    multirun                     第  4/10 次: 前沿 100 个解，HV=3.68e+08，最优未服务=5.3，耗时 37.2s
01:00:51 INFO    evtol_siting.nsga2_core    初始种群: 100 个个体 × 1315 维，站点数 区间 (12, 400)（区间初始化，自由规模）
01:01:41 INFO    multirun                     第  5/10 次: 前沿 100 个解，HV=4.136e+08，最优未服务=0.0，耗时 50.4s
01:01:41 INFO    evtol_siting.nsga2_core    初始种群: 100 个个体 × 1315 维，站点数 区间 (12, 400)（区间初始化，自由规模）
01:02:33 WARNING evtol_siting.nsga2_core    帕累托前沿在 100 代内**没有改进**（HV 3.202e+08 -> 3.202e+08）。可能原因：(1) 初始种群已被 IP 解锚定在最优附近；(2) 修复算子过强，压制了搜索空间；(3) 目标间无实质权衡。建议检查目标值分布是否退化。
01:02:33 INFO    multirun                     第  6/10 次: 前沿 100 个解，HV=3.202e+08，最优未服务=0.0，耗时 51.8s
01:02:33 INFO    evtol_siting.nsga2_core    初始种群: 100 个个体 × 1315 维，站点数 区间 (12, 400)（区间初始化，自由规模）
01:03:23 INFO    multirun                     第  7/10 次: 前沿 100 个解，HV=4.476e+08，最优未服务=0.0，耗时 50.5s
01:03:23 INFO    evtol_siting.nsga2_core    初始种群: 100 个个体 × 1315 维，站点数 区间 (12, 400)（区间初始化，自由规模）
01:04:18 WARNING evtol_siting.nsga2_core    帕累托前沿在 100 代内**没有改进**（HV 4.108e+08 -> 4.108e+08）。可能原因：(1) 初始种群已被 IP 解锚定在最优附近；(2) 修复算子过强，压制了搜索空间；(3) 目标间无实质权衡。建议检查目标值分布是否退化。
01:04:18 INFO    multirun                     第  8/10 次: 前沿 100 个解，HV=4.108e+08，最优未服务=0.0，耗时 54.2s
01:04:18 INFO    evtol_siting.nsga2_core    初始种群: 100 个个体 × 1315 维，站点数 区间 (12, 400)（区间初始化，自由规模）
01:05:06 INFO    multirun                     第  9/10 次: 前沿 100 个解，HV=3.734e+08，最优未服务=0.0，耗时 48.3s
01:05:06 INFO    evtol_siting.nsga2_core    初始种群: 100 个个体 × 1315 维，站点数 区间 (12, 400)（区间初始化，自由规模）
01:05:56 WARNING evtol_siting.nsga2_core    帕累托前沿在 100 代内**没有改进**（HV 2.953e+08 -> 2.953e+08）。可能原因：(1) 初始种群已被 IP 解锚定在最优附近；(2) 修复算子过强，压制了搜索空间；(3) 目标间无实质权衡。建议检查目标值分布是否退化。
01:05:56 INFO    multirun                     第 10/10 次: 前沿 100 个解，HV=2.953e+08，最优未服务=5.3，耗时 49.9s
01:06:48 INFO    multirun                   
01:06:48 INFO    multirun                   ── 算法稳定性（10 次独立运行）──
01:06:48 INFO    multirun                      hypervolume    均值 4.6178e+19   标准差 7.3968e+17   （4.4661e+19 – 4.7098e+19）
01:06:48 INFO    multirun                      spacing        均值 0.051716     标准差 0.006351     （0.043697 – 0.064249）
01:06:48 INFO    multirun                      spread         均值 0.90989      标准差 0.058508     （0.82932 – 0.99403）
01:06:48 INFO    multirun                      igd            均值 0.064202     标准差 0.0034863    （0.058651 – 0.070233）
01:06:48 INFO    multirun                      n              均值 100          标准差 0            （100 – 100）
01:06:48 INFO    multirun                      注：HV 越大越好；SP/Δ/IGD 越小越好。论文中报告为 均值 ± 标准差。
01:09:29 INFO    multirun                      pymoo 第 1/10 个种子完成（seed=20240501，前沿 100 个解）
01:11:09 INFO    multirun                      pymoo 第 2/10 个种子完成（seed=20240502，前沿 100 个解）
01:12:21 INFO    multirun                      pymoo 第 3/10 个种子完成（seed=20240503，前沿 100 个解）
01:13:34 INFO    multirun                      pymoo 第 4/10 个种子完成（seed=20240504，前沿 100 个解）
01:14:49 INFO    multirun                      pymoo 第 5/10 个种子完成（seed=20240505，前沿 100 个解）
01:16:02 INFO    multirun                      pymoo 第 6/10 个种子完成（seed=20240506，前沿 100 个解）
01:17:15 INFO    multirun                      pymoo 第 7/10 个种子完成（seed=20240507，前沿 100 个解）
01:18:29 INFO    multirun                      pymoo 第 8/10 个种子完成（seed=20240508，前沿 100 个解）
01:19:41 INFO    multirun                      pymoo 第 9/10 个种子完成（seed=20240509，前沿 100 个解）
01:20:53 INFO    multirun                      pymoo 第 10/10 个种子完成（seed=20240510，前沿 100 个解）
01:21:51 INFO    multirun                   
01:21:51 INFO    multirun                   ── 与 pymoo NSGA-II 交叉验证（n 个种子，含同一修复算子）──
01:21:51 INFO    multirun                      自实现 HV 均值 7.3923e+19 ± 1.4e+18 (n=10)
01:21:51 INFO    multirun                      pymoo  HV 均值 5.5947e+19 ± 2.45e+18 (n=10)
01:21:51 INFO    multirun                      比值 1.3213，Mann-Whitney p=0.0001827，Cliff's δ=+1.000
01:21:51 INFO    multirun                      判读：自实现**优于** pymoo，这不是验证通过的证据，而是提示两者仍有未对齐之处（最可能是修复算子的作用强度不同）。论文应如实报告为「存在差异，来源待查」，不得写成正确性验证。
01:21:51 INFO    multirun                   
01:21:51 INFO    multirun                   ── 单目标基线 vs NSGA-II 前沿 ──
01:21:51 INFO    evtol_siting.baselines     求解单目标基线：本次需解 13/13 个模型（p 取值 [8, 12, 18, 25]），并行度 3
01:21:52 INFO    evtol_siting.baselines     [set_covering] 已证明最优
01:21:52 INFO    evtol_siting.baselines     [set_covering] -> 10 个设施（覆盖 1008 个可达单元），耗时 0.8s
01:21:52 INFO    evtol_siting.baselines     基线结果已缓存: baselines_bc4c831b70ae3c8fbbd765281086aab6.json
01:21:59 INFO    evtol_siting.baselines     [p_median_p8] p=8: 2519 个需求单元 × 1315 可达候选 = 323898 个分配变量 + 2519 个未服务变量（P=15.15），时限 3600s，相对间隙 0.001
01:22:05 WARNING evtol_siting.baselines     [p_center_p8] p=8 在最大可达半径下仍不可行
01:22:05 WARNING evtol_siting.baselines       p_center_p8 不可行/未解出（Infeasible）
01:22:05 INFO    evtol_siting.baselines     基线结果已缓存: baselines_bc4c831b70ae3c8fbbd765281086aab6.json
01:22:11 INFO    evtol_siting.baselines     [p_median_p12] p=12: 2519 个需求单元 × 1315 可达候选 = 323898 个分配变量 + 2519 个未服务变量（P=15.15），时限 3600s，相对间隙 0.001
01:22:28 WARNING evtol_siting.solver_status [max_coverage_p8] 未证明最优：相对间隙 0.0055% —— 返回当前最好解。论文引用该结果时须写成「求解至相对间隙 X%」而非「最优」。
01:22:28 INFO    evtol_siting.baselines     [max_coverage_p8] p=8 -> 8 个设施，覆盖需求 47961.2，耗时 36.4s
01:22:28 INFO    evtol_siting.baselines     基线结果已缓存: baselines_bc4c831b70ae3c8fbbd765281086aab6.json
01:22:33 INFO    evtol_siting.baselines     [p_center_p12] p=12 -> 11 个设施，最差接驳 13.6138 min，耗时 4.6s
01:22:33 INFO    evtol_siting.baselines     基线结果已缓存: baselines_bc4c831b70ae3c8fbbd765281086aab6.json
01:22:57 INFO    evtol_siting.solver_status [max_coverage_p12] 已证明最优（相对间隙 <= 1e-09）
01:22:57 INFO    evtol_siting.baselines     [max_coverage_p12] p=12 -> 12 个设施，覆盖需求 50227.2，耗时 23.9s
01:22:57 INFO    evtol_siting.baselines     基线结果已缓存: baselines_bc4c831b70ae3c8fbbd765281086aab6.json
01:23:06 INFO    evtol_siting.baselines     [p_median_p18] p=18: 2519 个需求单元 × 1315 可达候选 = 323898 个分配变量 + 2519 个未服务变量（P=15.15），时限 3600s，相对间隙 0.001
01:29:28 INFO    evtol_siting.baselines     [p_median_p18] 已证明最优
01:29:28 INFO    evtol_siting.baselines     [p_median_p18] p=18 -> 18 个设施，总接驳 379714.3，未服务 323 个单元，耗时 390.8s
01:29:28 INFO    evtol_siting.baselines     基线结果已缓存: baselines_bc4c831b70ae3c8fbbd765281086aab6.json
01:29:32 INFO    evtol_siting.baselines     [p_center_p18] p=18 -> 11 个设施，最差接驳 13.6138 min，耗时 4.1s
01:29:32 INFO    evtol_siting.baselines     基线结果已缓存: baselines_bc4c831b70ae3c8fbbd765281086aab6.json
01:29:51 INFO    evtol_siting.solver_status [max_coverage_p18] 已证明最优（相对间隙 <= 1e-09）
01:29:51 INFO    evtol_siting.baselines     [max_coverage_p18] p=18 -> 16 个设施，覆盖需求 50338.9，耗时 19.0s
01:29:51 INFO    evtol_siting.baselines     基线结果已缓存: baselines_bc4c831b70ae3c8fbbd765281086aab6.json
01:29:58 INFO    evtol_siting.baselines     [p_median_p25] p=25: 2519 个需求单元 × 1315 可达候选 = 323898 个分配变量 + 2519 个未服务变量（P=15.15），时限 3600s，相对间隙 0.001
01:32:11 WARNING evtol_siting.baselines     [p_median_p8] 未证明最优（0.06% 相对间隙 / 或达到时限），返回当前最好解——论文不得称其为「最优」
01:32:11 INFO    evtol_siting.baselines     [p_median_p8] p=8 -> 8 个设施，总接驳 401120.3，未服务 796 个单元，耗时 620.2s
01:32:12 INFO    evtol_siting.baselines     基线结果已缓存: baselines_bc4c831b70ae3c8fbbd765281086aab6.json
01:32:17 INFO    evtol_siting.baselines     [p_center_p25] p=25 -> 11 个设施，最差接驳 13.6138 min，耗时 4.3s
01:32:17 INFO    evtol_siting.baselines     基线结果已缓存: baselines_bc4c831b70ae3c8fbbd765281086aab6.json
01:32:33 INFO    evtol_siting.solver_status [max_coverage_p25] 已证明最优（相对间隙 <= 1e-09）
01:32:33 INFO    evtol_siting.baselines     [max_coverage_p25] p=25 -> 24 个设施，覆盖需求 50338.9，耗时 16.6s
01:32:33 INFO    evtol_siting.baselines     基线结果已缓存: baselines_bc4c831b70ae3c8fbbd765281086aab6.json
01:36:44 WARNING evtol_siting.baselines     [p_median_p12] 未证明最优（0.03% 相对间隙 / 或达到时限），返回当前最好解——论文不得称其为「最优」
01:36:44 INFO    evtol_siting.baselines     [p_median_p12] p=12 -> 12 个设施，总接驳 413169.6，未服务 454 个单元，耗时 879.1s
01:36:44 INFO    evtol_siting.baselines     基线结果已缓存: baselines_bc4c831b70ae3c8fbbd765281086aab6.json
01:37:23 WARNING evtol_siting.baselines     [p_median_p25] 未证明最优（0.02% 相对间隙 / 或达到时限），返回当前最好解——论文不得称其为「最优」
01:37:23 INFO    evtol_siting.baselines     [p_median_p25] p=25 -> 25 个设施，总接驳 357935.6，未服务 156 个单元，耗时 451.8s
01:37:23 INFO    evtol_siting.baselines     基线结果已缓存: baselines_bc4c831b70ae3c8fbbd765281086aab6.json
01:37:23 INFO    evtol_siting.baselines     基线结果已缓存: baselines_bc4c831b70ae3c8fbbd765281086aab6.json
01:37:23 WARNING multirun                      以下基线未解出，已从对比表中剔除：p_center_p8
01:37:23 INFO    multirun                           baseline  n_sites  unserved_demand  total_access_time  inequity   total_cost  n_front_dominating  dominated_by_front_pct  demand_coverage_pct  worst_group_access_time_min  equity_gini
    p_center_p12       11      1584.755396      449555.552706  9.814331 6.148745e+08                  17                4.970760            96.851828                 1.000000e+12     0.022134
    p_center_p18       11      1584.755396      449555.552706  9.814331 6.148745e+08                  17                4.970760            96.851828                 1.000000e+12     0.022134
    p_center_p25       11      1584.755396      449555.552706  9.814331 6.148745e+08                  17                4.970760            96.851828                 1.000000e+12     0.022134
 max_coverage_p8        8      2377.738861      504723.304638 10.762218 4.519011e+08                   7                2.046784            95.276539                 1.000000e+12     0.010435
    set_covering       10      1587.602178      471654.831500 10.304790 5.014715e+08                   6                1.754386            96.846173                 1.000000e+12     0.015966
     p_median_p8        8      6265.568063      401120.314780 11.115842 3.119125e+08                   0                0.000000            87.553232                 1.000000e+12     0.062136
    p_median_p12       12      2132.593934      413169.646127 10.309466 6.800898e+08                   0                0.000000            95.763528                 1.000000e+12     0.057324
max_coverage_p12       12       111.716853      500608.615459 10.723817 6.119808e+08                   0                0.000000            99.778071                 1.000000e+12     0.032277
    p_median_p18       18      1057.201068      379714.297567  8.811178 9.558956e+08                   0                0.000000            97.899833                 1.000000e+12     0.044992
max_coverage_p18       16         0.000000      474269.345748  9.939397 7.940631e+08                   0                0.000000           100.000000                 9.939397e+00     0.019510
    p_median_p25       25       443.852461      357935.603785  8.159182 1.328121e+09                   0                0.000000            99.118272                 1.000000e+12     0.040296
max_coverage_p25       24         0.000000      472601.846221 10.442708 1.227146e+09                   0                0.000000           100.000000                 1.044271e+01     0.047113
01:37:23 INFO    multirun                      判读：dominated_by_front_pct 越高，说明该单目标模型的最优解被 NSGA-II 前沿支配得越彻底——这是'多目标必要性'的直接证据。
01:37:23 INFO    multirun                   
01:37:23 INFO    multirun                   ── 加权求和对照（同一算法、同一预算，仅改选择机制）──
01:37:23 INFO    multirun                      两臂预算：pop_size=100，n_gen=100（NSGA-II 实测最大评估数 6236）
01:37:23 INFO    evtol_siting.nsga2_core    初始种群: 100 个个体 × 1315 维，站点数 区间 (12, 400)（区间初始化，自由规模）
01:37:34 WARNING evtol_siting.nsga2_core    帕累托前沿在 100 代内**没有改进**（HV 1.329e+13 -> 1.147e+13）。可能原因：(1) 初始种群已被 IP 解锚定在最优附近；(2) 修复算子过强，压制了搜索空间；(3) 目标间无实质权衡。建议检查目标值分布是否退化。
01:37:34 INFO    evtol_siting.nsga2_core    初始种群: 100 个个体 × 1315 维，站点数 区间 (12, 400)（区间初始化，自由规模）
01:37:42 WARNING evtol_siting.nsga2_core    帕累托前沿在 100 代内**没有改进**（HV 2.547e+14 -> 2.49e+14）。可能原因：(1) 初始种群已被 IP 解锚定在最优附近；(2) 修复算子过强，压制了搜索空间；(3) 目标间无实质权衡。建议检查目标值分布是否退化。
01:37:42 INFO    evtol_siting.nsga2_core    初始种群: 100 个个体 × 1315 维，站点数 区间 (12, 400)（区间初始化，自由规模）
01:37:49 WARNING evtol_siting.nsga2_core    帕累托前沿在 100 代内**没有改进**（HV 2.397e+14 -> 2.046e+14）。可能原因：(1) 初始种群已被 IP 解锚定在最优附近；(2) 修复算子过强，压制了搜索空间；(3) 目标间无实质权衡。建议检查目标值分布是否退化。
01:37:49 INFO    evtol_siting.nsga2_core    初始种群: 100 个个体 × 1315 维，站点数 区间 (12, 400)（区间初始化，自由规模）
01:37:59 WARNING evtol_siting.nsga2_core    帕累托前沿在 100 代内**没有改进**（HV 2.752e+14 -> 2.752e+14）。可能原因：(1) 初始种群已被 IP 解锚定在最优附近；(2) 修复算子过强，压制了搜索空间；(3) 目标间无实质权衡。建议检查目标值分布是否退化。
01:37:59 INFO    multirun                      已完成 4/16 个权重方向
01:37:59 INFO    evtol_siting.nsga2_core    初始种群: 100 个个体 × 1315 维，站点数 区间 (12, 400)（区间初始化，自由规模）
01:38:07 WARNING evtol_siting.nsga2_core    帕累托前沿在 100 代内**没有改进**（HV 4.715e+13 -> 3.351e+13）。可能原因：(1) 初始种群已被 IP 解锚定在最优附近；(2) 修复算子过强，压制了搜索空间；(3) 目标间无实质权衡。建议检查目标值分布是否退化。
01:38:07 INFO    evtol_siting.nsga2_core    初始种群: 100 个个体 × 1315 维，站点数 区间 (12, 400)（区间初始化，自由规模）
01:38:14 WARNING evtol_siting.nsga2_core    帕累托前沿在 100 代内**没有改进**（HV 6.822e+14 -> 6.821e+14）。可能原因：(1) 初始种群已被 IP 解锚定在最优附近；(2) 修复算子过强，压制了搜索空间；(3) 目标间无实质权衡。建议检查目标值分布是否退化。
01:38:14 INFO    evtol_siting.nsga2_core    初始种群: 100 个个体 × 1315 维，站点数 区间 (12, 400)（区间初始化，自由规模）
01:38:25 WARNING evtol_siting.nsga2_core    帕累托前沿在 100 代内**没有改进**（HV 1.08e+15 -> 6.289e+14）。可能原因：(1) 初始种群已被 IP 解锚定在最优附近；(2) 修复算子过强，压制了搜索空间；(3) 目标间无实质权衡。建议检查目标值分布是否退化。
01:38:25 INFO    evtol_siting.nsga2_core    初始种群: 100 个个体 × 1315 维，站点数 区间 (12, 400)（区间初始化，自由规模）
01:38:32 WARNING evtol_siting.nsga2_core    帕累托前沿在 100 代内**没有改进**（HV 2.2e+13 -> 1.478e+13）。可能原因：(1) 初始种群已被 IP 解锚定在最优附近；(2) 修复算子过强，压制了搜索空间；(3) 目标间无实质权衡。建议检查目标值分布是否退化。
01:38:32 INFO    multirun                      已完成 8/16 个权重方向
01:38:32 INFO    evtol_siting.nsga2_core    初始种群: 100 个个体 × 1315 维，站点数 区间 (12, 400)（区间初始化，自由规模）
01:38:41 WARNING evtol_siting.nsga2_core    帕累托前沿在 100 代内**没有改进**（HV 1.299e+15 -> 1.299e+15）。可能原因：(1) 初始种群已被 IP 解锚定在最优附近；(2) 修复算子过强，压制了搜索空间；(3) 目标间无实质权衡。建议检查目标值分布是否退化。
01:38:41 INFO    evtol_siting.nsga2_core    初始种群: 100 个个体 × 1315 维，站点数 区间 (12, 400)（区间初始化，自由规模）
01:38:49 WARNING evtol_siting.nsga2_core    帕累托前沿在 100 代内**没有改进**（HV 9.478e+12 -> 8.905e+12）。可能原因：(1) 初始种群已被 IP 解锚定在最优附近；(2) 修复算子过强，压制了搜索空间；(3) 目标间无实质权衡。建议检查目标值分布是否退化。
01:38:49 INFO    evtol_siting.nsga2_core    初始种群: 100 个个体 × 1315 维，站点数 区间 (12, 400)（区间初始化，自由规模）
01:38:56 WARNING evtol_siting.nsga2_core    帕累托前沿在 100 代内**没有改进**（HV 1.355e+14 -> 8.687e+13）。可能原因：(1) 初始种群已被 IP 解锚定在最优附近；(2) 修复算子过强，压制了搜索空间；(3) 目标间无实质权衡。建议检查目标值分布是否退化。
01:38:56 INFO    evtol_siting.nsga2_core    初始种群: 100 个个体 × 1315 维，站点数 区间 (12, 400)（区间初始化，自由规模）
01:39:03 WARNING evtol_siting.nsga2_core    帕累托前沿在 100 代内**没有改进**（HV 1.038e+14 -> 9.182e+13）。可能原因：(1) 初始种群已被 IP 解锚定在最优附近；(2) 修复算子过强，压制了搜索空间；(3) 目标间无实质权衡。建议检查目标值分布是否退化。
01:39:03 INFO    multirun                      已完成 12/16 个权重方向
01:39:03 INFO    evtol_siting.nsga2_core    初始种群: 100 个个体 × 1315 维，站点数 区间 (12, 400)（区间初始化，自由规模）
01:40:07 WARNING evtol_siting.nsga2_core    帕累托前沿在 100 代内**没有改进**（HV 1e-18 -> 1e-18）。可能原因：(1) 初始种群已被 IP 解锚定在最优附近；(2) 修复算子过强，压制了搜索空间；(3) 目标间无实质权衡。建议检查目标值分布是否退化。
01:40:07 INFO    evtol_siting.nsga2_core    初始种群: 100 个个体 × 1315 维，站点数 区间 (12, 400)（区间初始化，自由规模）
01:41:01 WARNING evtol_siting.nsga2_core    帕累托前沿在 100 代内**没有改进**（HV 8.328e+08 -> 8.206e+08）。可能原因：(1) 初始种群已被 IP 解锚定在最优附近；(2) 修复算子过强，压制了搜索空间；(3) 目标间无实质权衡。建议检查目标值分布是否退化。
01:41:01 INFO    evtol_siting.nsga2_core    初始种群: 100 个个体 × 1315 维，站点数 区间 (12, 400)（区间初始化，自由规模）
01:42:07 WARNING evtol_siting.nsga2_core    帕累托前沿在 100 代内**没有改进**（HV 0.346 -> 0.3383）。可能原因：(1) 初始种群已被 IP 解锚定在最优附近；(2) 修复算子过强，压制了搜索空间；(3) 目标间无实质权衡。建议检查目标值分布是否退化。
01:42:07 INFO    evtol_siting.nsga2_core    初始种群: 100 个个体 × 1315 维，站点数 区间 (12, 400)（区间初始化，自由规模）
01:42:21 WARNING evtol_siting.nsga2_core    帕累托前沿在 100 代内**没有改进**（HV 2.938e+15 -> 2.303e+15）。可能原因：(1) 初始种群已被 IP 解锚定在最优附近；(2) 修复算子过强，压制了搜索空间；(3) 目标间无实质权衡。建议检查目标值分布是否退化。
01:42:21 INFO    multirun                      已完成 16/16 个权重方向
01:42:21 INFO    multirun                      对 **n 次运行并集**：62% 的解被支配，平均被 0.7% 的前沿解支配
01:42:21 INFO    multirun                      对 **单次运行**（等预算，主判据）：0% 的解被支配，平均被 0.0% 的前沿解支配
01:42:21 INFO    multirun                      判读：加权和法的解被前沿支配，说明它**无法到达帕累托前沿的非凸部分**。这正是多目标处理的必要性所在——若所有加权和解都落在前沿上，则说明问题目标间无实质权衡，多目标处理不必要。
01:42:21 WARNING multirun                      注意：多数加权和解**未被**同等预算的单次前沿支配。这意味着在本算例中加权和法是有效的，论文不应声称多目标处理绝对必要，而应改述为「提供更完整的权衡信息」。如实报告。
01:42:21 INFO    multirun                   
01:42:21 INFO    multirun                   ── 公平性定义对比：人群组均值 vs 单用户最小最大 ──
01:42:21 INFO    evtol_siting.stage4_nsga2  问题实例: 2519 个需求单元（核心 1008），1315 个候选；接驳预算 15.0 分钟；单点最大可覆盖 299 个核心单元（占核心 29.7%）
01:42:21 INFO    evtol_siting.nsga2_core    初始种群: 100 个个体 × 1315 维，站点数 区间 (12, 400)（区间初始化，自由规模）
01:42:44 INFO    evtol_siting.nsga2_core    初始种群: 100 个个体 × 1315 维，站点数 区间 (12, 400)（区间初始化，自由规模）
01:43:05 INFO    evtol_siting.nsga2_core    初始种群: 100 个个体 × 1315 维，站点数 区间 (12, 400)（区间初始化，自由规模）
01:43:27 INFO    evtol_siting.nsga2_core    初始种群: 100 个个体 × 1315 维，站点数 区间 (12, 400)（区间初始化，自由规模）
01:43:50 INFO    evtol_siting.nsga2_core    初始种群: 100 个个体 × 1315 维，站点数 区间 (12, 400)（区间初始化，自由规模）
01:44:12 INFO    evtol_siting.nsga2_core    初始种群: 100 个个体 × 1315 维，站点数 区间 (12, 400)（区间初始化，自由规模）
01:44:36 INFO    evtol_siting.nsga2_core    初始种群: 100 个个体 × 1315 维，站点数 区间 (12, 400)（区间初始化，自由规模）
01:44:59 WARNING evtol_siting.nsga2_core    帕累托前沿在 100 代内**没有改进**（HV 4.277e+08 -> 4.277e+08）。可能原因：(1) 初始种群已被 IP 解锚定在最优附近；(2) 修复算子过强，压制了搜索空间；(3) 目标间无实质权衡。建议检查目标值分布是否退化。
01:44:59 INFO    evtol_siting.nsga2_core    初始种群: 100 个个体 × 1315 维，站点数 区间 (12, 400)（区间初始化，自由规模）
01:45:19 WARNING evtol_siting.nsga2_core    帕累托前沿在 100 代内**没有改进**（HV 3.846e+08 -> 3.846e+08）。可能原因：(1) 初始种群已被 IP 解锚定在最优附近；(2) 修复算子过强，压制了搜索空间；(3) 目标间无实质权衡。建议检查目标值分布是否退化。
01:45:19 INFO    evtol_siting.nsga2_core    初始种群: 100 个个体 × 1315 维，站点数 区间 (12, 400)（区间初始化，自由规模）
01:45:42 WARNING evtol_siting.nsga2_core    帕累托前沿在 100 代内**没有改进**（HV 3.809e+08 -> 3.809e+08）。可能原因：(1) 初始种群已被 IP 解锚定在最优附近；(2) 修复算子过强，压制了搜索空间；(3) 目标间无实质权衡。建议检查目标值分布是否退化。
01:45:42 INFO    evtol_siting.nsga2_core    初始种群: 100 个个体 × 1315 维，站点数 区间 (12, 400)（区间初始化，自由规模）
01:46:03 INFO    multirun                      group_mean     完成 10 次运行，合并前沿 1000 个解
01:46:03 INFO    evtol_siting.stage4_nsga2  问题实例: 2519 个需求单元（核心 1008），1315 个候选；接驳预算 15.0 分钟；单点最大可覆盖 299 个核心单元（占核心 29.7%）
01:46:03 INFO    evtol_siting.nsga2_core    初始种群: 100 个个体 × 1315 维，站点数 区间 (12, 400)（区间初始化，自由规模）
01:46:25 INFO    evtol_siting.nsga2_core    初始种群: 100 个个体 × 1315 维，站点数 区间 (12, 400)（区间初始化，自由规模）
01:46:47 INFO    evtol_siting.nsga2_core    初始种群: 100 个个体 × 1315 维，站点数 区间 (12, 400)（区间初始化，自由规模）
01:47:08 WARNING evtol_siting.nsga2_core    帕累托前沿在 100 代内**没有改进**（HV 4.042e+08 -> 4.042e+08）。可能原因：(1) 初始种群已被 IP 解锚定在最优附近；(2) 修复算子过强，压制了搜索空间；(3) 目标间无实质权衡。建议检查目标值分布是否退化。
01:47:08 INFO    evtol_siting.nsga2_core    初始种群: 100 个个体 × 1315 维，站点数 区间 (12, 400)（区间初始化，自由规模）
01:47:34 INFO    evtol_siting.nsga2_core    初始种群: 100 个个体 × 1315 维，站点数 区间 (12, 400)（区间初始化，自由规模）
01:47:58 INFO    evtol_siting.nsga2_core    初始种群: 100 个个体 × 1315 维，站点数 区间 (12, 400)（区间初始化，自由规模）
01:48:21 WARNING evtol_siting.nsga2_core    帕累托前沿在 100 代内**没有改进**（HV 3.298e+08 -> 3.298e+08）。可能原因：(1) 初始种群已被 IP 解锚定在最优附近；(2) 修复算子过强，压制了搜索空间；(3) 目标间无实质权衡。建议检查目标值分布是否退化。
01:48:21 INFO    evtol_siting.nsga2_core    初始种群: 100 个个体 × 1315 维，站点数 区间 (12, 400)（区间初始化，自由规模）
01:48:45 INFO    evtol_siting.nsga2_core    初始种群: 100 个个体 × 1315 维，站点数 区间 (12, 400)（区间初始化，自由规模）
01:49:06 INFO    evtol_siting.nsga2_core    初始种群: 100 个个体 × 1315 维，站点数 区间 (12, 400)（区间初始化，自由规模）
01:49:31 WARNING evtol_siting.nsga2_core    帕累托前沿在 100 代内**没有改进**（HV 3.809e+08 -> 3.809e+08）。可能原因：(1) 初始种群已被 IP 解锚定在最优附近；(2) 修复算子过强，压制了搜索空间；(3) 目标间无实质权衡。建议检查目标值分布是否退化。
01:49:31 INFO    evtol_siting.nsga2_core    初始种群: 100 个个体 × 1315 维，站点数 区间 (12, 400)（区间初始化，自由规模）
01:49:51 INFO    multirun                      individual_max 完成 10 次运行，合并前沿 1000 个解
01:49:51 INFO    evtol_siting.stage4_nsga2  问题实例: 2519 个需求单元（核心 1008），1315 个候选；接驳预算 15.0 分钟；单点最大可覆盖 299 个核心单元（占核心 29.7%）
01:49:59 INFO    multirun                   
01:49:59 INFO    multirun                      【统一口径】两臂的解都在 group_mean 目标空间重评：
01:49:59 INFO    multirun                                           direction  count  total  pct
group_mean 被 individual_max 支配的解数    690   1000 69.0
individual_max 被 group_mean 支配的解数    545   1000 54.5
01:49:59 INFO    multirun                      【各自口径】未统一时（旧做法，仅作对照）：
01:49:59 INFO    multirun                         group_mean 被 individual_max 支配的解数: 0/1000 (0.0%)
01:49:59 INFO    multirun                         individual_max 被 group_mean 支配的解数: 678/1000 (67.8%)
01:49:59 INFO    multirun                      group_mean     统一口径 f3 最小 5.8886 / 中位 8.1818
01:49:59 INFO    multirun                      individual_max 统一口径 f3 最小 5.8908 / 中位 8.1171
01:49:59 INFO    multirun                      判读：统一口径下若**两个方向都存在互相支配的解**，说明两种公平性定义刻画的是**不同的**公平维度，「人群组公平」不是 p-中心的重复表述，新意 (A) 成立。若某一方完全支配另一方，则应如实报告后者不构成独立贡献。
01:49:59 INFO    multirun                   
01:49:59 INFO    multirun                   ── 拐点解的指标跨运行分布（论文可报告为 均值 ± 标准差）──
01:49:59 INFO    multirun                      unserved     608.8 ± 530.8
01:49:59 INFO    multirun                      total_time   4.441e+05 ± 4.394e+04
01:49:59 INFO    multirun                      inequity     9.463 ± 0.6098
01:49:59 INFO    multirun                      cost         1.584e+09 ± 2.023e+09
01:49:59 INFO    multirun                   
01:49:59 INFO    multirun                   ============================================================================
01:49:59 INFO    multirun                    完成。输出目录: evtol_siting\outputs\tables
01:49:59 INFO    multirun                    文件: multirun_runs.csv / multirun_metrics.csv / baseline_vs_front.csv / weighted_sum_vs_front.csv / multirun_knee.csv / pymoo_validation.json
01:49:59 INFO    multirun                   ============================================================================
