02:19:32 INFO    scheme_family              ==============================================================================
02:19:32 INFO    scheme_family               固定规模方案族与保规模杂交     N = 11，data_mode = synthetic
02:19:32 INFO    scheme_family              ==============================================================================
02:19:32 INFO    evtol_siting.pipeline      ============================================================
02:19:32 INFO    evtol_siting.pipeline      阶段一：基于 GIS 的候选起降场筛选
02:19:32 INFO    evtol_siting.pipeline      ============================================================
02:19:32 WARNING evtol_siting.pipeline      ======================================================================
02:19:32 WARNING evtol_siting.pipeline        正在使用 SYNTHETIC 合成数据 —— 结果不可用于论文
02:19:32 WARNING evtol_siting.pipeline      ======================================================================
02:19:38 INFO    evtol_siting.data.synthetic 生成合成建筑 60000 栋（height 标签 5.4%，levels 标签 18.7%）
02:19:42 INFO    evtol_siting.data.synthetic 生成合成路网 52 条
02:19:42 INFO    evtol_siting.geo           栅格化完成: 单元边长 500 m, 单元数 2519, 覆盖 629.8 km²
02:19:43 INFO    evtol_siting.data.heights  分位数回归填补了 46217 栋建筑的高度（中位数 18.6 m）
02:19:43 INFO    evtol_siting.data.heights  高度融合结果（共 60000 栋）:
    imputed           77.0%
    osm_levels        17.5%
    osm_height         5.4%
02:19:43 INFO    evtol_siting.data.heights      有标签覆盖率: 23.0% -> 融合后覆盖率: 100.0%
02:19:43 INFO    evtol_siting.stage1_candidates 屋顶型筛选: 351 / 60000 栋建筑满足 h>=20m 且 A_roof>=1600m² (0.58%)
02:19:43 INFO    evtol_siting.stage1_candidates   排除 用地类型: 223 个单元（8.9%）
02:19:43 INFO    evtol_siting.stage1_candidates   建筑覆盖率判据 (max=0.55): 剔除 0 个单元（保留 2296）；覆盖率中位数 0.05
02:19:43 WARNING evtol_siting.stage1_candidates 未提供坡度栅格：地面型候选**未施加坡度判据**。成都平原坡度普遍 <5°，影响有限，但论文中必须说明。
02:19:43 INFO    evtol_siting.stage1_candidates 地面型筛选: 2296 个候选（用地排除 -223，坡度排除后）
02:19:43 INFO    evtol_siting.stage1_candidates 地面型候选已按路网可达性重新评分（中位距离 574 m）
02:19:43 INFO    evtol_siting.stage1_candidates 已为 351 个缺少 cell_id 的候选（屋顶型）补齐所属栅格单元（补齐后 2622/2647 有 cell_id）
02:19:43 INFO    evtol_siting.stage1_candidates   25 个候选落在栅格之外，改用坐标分桶作为 cell_id
02:19:43 INFO    evtol_siting.stage1_candidates   运输机场净空区 (r=4000m): 剔除 17 个候选（占 0.6%）
02:19:43 INFO    evtol_siting.stage1_candidates 安全排除后剩余 2630 个候选（原有 2647）
02:19:44 INFO    evtol_siting.stage1_candidates   [ground] 类别内稀释: 2281 -> 2281
02:19:44 INFO    evtol_siting.stage1_candidates   [rooftop] 类别内稀释: 346 -> 228
02:19:45 INFO    evtol_siting.stage1_candidates 密度稀释 (c_min=500m, 每栅格<=3): 2630 -> 2010 个候选 （配额 -3，类别内间距 -118，跨类别冲突 -499）；构成: {'ground': 1794, 'rooftop': 216}
02:19:45 INFO    evtol_siting.stage1_candidates 阶段一完成: 2010 个候选起降场（屋顶型 216，地面型 1794）
02:19:45 INFO    evtol_siting.pipeline      ============================================================
02:19:45 INFO    evtol_siting.pipeline      阶段二：K-means 人群分类与需求空间化
02:19:45 INFO    evtol_siting.pipeline      ============================================================
02:19:45 INFO    evtol_siting.data.dasymetric 已按建筑类型居住权重折算体积（住宅 1.0，工业 0.15）
02:19:45 INFO    evtol_siting.data.dasymetric 建筑体积统计: 总量 8.131e+08 m³，有建筑的格网 2513/2519 (99.8%)
02:19:45 INFO    evtol_siting.data.dasymetric 建筑体量法人口估计: 合计 6160019 人（人均 40 m²，层高 3.3 m）
    在成都市的量级参照：第七次人口普查（2020）中心城区常住人口约 700–900 万。
    ⚠️ 这是**估计值**而非普查值，论文须报告标定依据与隐含总量。
02:19:45 WARNING evtol_siting.stage2_demand **人口栅格不可得，改用建筑体量估计人口**（合计 6160019 人）。该估计量有人均住房面积的标定假设，论文须报告标定依据与隐含总量，并在敏感性分析中检验。
02:19:45 INFO    evtol_siting.stage2_demand 未提供外部收入数据，将使用 OSM POI 构成的经济活动指数作为代理（见 data/rasters.py::build_poi_economic_index 的说明与局限）
02:19:45 INFO    evtol_siting.stage2_demand POI: 研究区内 18712 个，单元密度中位数 8 个/km²
02:19:45 INFO    evtol_siting.data.rasters  POI 经济活动指数: 范围 [0.000, 5.786]，中位数 2.398（加权 POI 总数 21175）
02:19:52 INFO    evtol_siting.stage2_demand K 选择 (silhouette): K=8，得分 0.7005，各 K 得分 {3: 0.6523, 4: 0.6358, 5: 0.6685, 6: 0.6789, 7: 0.696, 8: 0.7005}
02:19:52 INFO    evtol_siting.choice_model  收入阶梯（K=8）: 1,792  2,643  3,356  4,095  4,945  6,034  7,663  11,297
02:19:52 INFO    evtol_siting.choice_model  时间价值: 5.2  7.6  9.6  11.8  14.2  17.3  22.0  32.5 元/小时（对应月收入 1,792  2,643  3,356  4,095  4,945  6,034  7,663  11,297）
02:19:52 INFO    evtol_siting.choice_model  时间价值: 1.0  1.2  1.4  1.6  1.8  2.1  2.4  2.8  3.2  3.6  4.2  4.8  5.5  6.3  7.3  8.4  9.6  11.1  12.7  14.6  16.8  19.3  22.2  25.5 元/小时（对应月收入 362  416  478  549  631  726  834  958  1,101  1,266  1,455  1,672  1,922  2,208  2,538  2,917  3,352  3,853  4,428  5,089  5,849  6,722  7,725  8,878）
02:19:52 INFO    evtol_siting.choice_model  时间价值: 1.5  1.8  2.0  2.3  2.7  3.1  3.5  4.1  4.7  5.4  6.2  7.1  8.1  9.4  10.8  12.4  14.2  16.3  18.8  21.6  24.8  28.5  32.7  37.6 元/小时（对应月收入 534  613  705  810  931  1,070  1,229  1,413  1,624  1,866  2,145  2,465  2,833  3,256  3,742  4,301  4,943  5,680  6,528  7,503  8,623  9,910  11,389  13,089）
02:19:52 INFO    evtol_siting.choice_model  时间价值: 1.9  2.2  2.6  3.0  3.4  3.9  4.5  5.2  5.9  6.8  7.8  9.0  10.3  11.9  13.7  15.7  18.0  20.7  23.8  27.4  31.5  36.2  41.6  47.8 元/小时（对应月收入 678  779  895  1,029  1,182  1,359  1,561  1,794  2,062  2,370  2,724  3,131  3,598  4,135  4,752  5,462  6,277  7,214  8,291  9,529  10,951  12,586  14,464  16,623）
02:19:52 INFO    evtol_siting.choice_model  时间价值: 2.4  2.7  3.1  3.6  4.1  4.8  5.5  6.3  7.2  8.3  9.6  11.0  12.6  14.5  16.7  19.1  22.0  25.3  29.1  33.4  38.4  44.1  50.7  58.3 元/小时（对应月收入 827  950  1,092  1,255  1,442  1,658  1,905  2,189  2,516  2,892  3,323  3,820  4,390  5,045  5,798  6,664  7,658  8,801  10,115  11,625  13,360  15,355  17,647  20,281）
02:19:52 INFO    evtol_siting.choice_model  时间价值: 2.9  3.3  3.8  4.4  5.0  5.8  6.6  7.6  8.7  10.0  11.5  13.3  15.2  17.5  20.1  23.1  26.6  30.5  35.1  40.3  46.4  53.3  61.2  70.4 元/小时（对应月收入 998  1,148  1,319  1,516  1,742  2,002  2,301  2,644  3,039  3,493  4,014  4,613  5,302  6,093  7,003  8,048  9,249  10,630  12,217  14,040  16,136  18,545  21,313  24,495）
02:19:52 INFO    evtol_siting.choice_model  时间价值: 3.5  4.0  4.6  5.3  6.1  7.0  8.1  9.3  10.7  12.2  14.1  16.2  18.6  21.4  24.6  28.2  32.4  37.3  42.8  49.2  56.6  65.0  74.7  85.9 元/小时（对应月收入 1,218  1,400  1,609  1,849  2,125  2,442  2,807  3,226  3,708  4,261  4,897  5,628  6,468  7,434  8,543  9,819  11,285  12,969  14,905  17,130  19,687  22,626  26,003  29,885）
02:19:52 INFO    evtol_siting.choice_model  时间价值: 4.4  5.1  5.9  6.7  7.8  8.9  10.2  11.8  13.5  15.6  17.9  20.5  23.6  27.1  31.2  35.8  41.2  47.3  54.4  62.5  71.8  82.6  94.9  109.1 元/小时（对应月收入 1,547  1,778  2,043  2,348  2,699  3,102  3,565  4,097  4,709  5,412  6,219  7,148  8,215  9,441  10,850  12,470  14,331  16,471  18,929  21,755  25,002  28,735  33,024  37,954）
02:19:52 INFO    evtol_siting.choice_model  时间价值: 6.6  7.5  8.7  9.9  11.4  13.1  15.1  17.4  19.9  22.9  26.3  30.3  34.8  40.0  46.0  52.8  60.7  69.8  80.2  92.2  105.9  121.7  139.9  160.8 元/小时（对应月收入 2,281  2,621  3,013  3,462  3,979  4,573  5,256  6,040  6,942  7,978  9,169  10,538  12,111  13,919  15,997  18,384  21,129  24,283  27,908  32,073  36,861  42,364  48,687  55,955）
02:19:52 INFO    evtol_siting.choice_model  选择模型 [区域内积分（σ_within=0.4）]: 出行 15 km，地面 55 分钟 / 57 元，eVTOL 24 分钟 / 130 元，节省 31 分钟；采用概率 0.0562–0.1017（类间比 1.81）
02:19:52 INFO    evtol_siting.choice_model  各类人群采用概率:
 cluster  monthly_income_cny  vot_cny_per_h  p_evtol  demand_rate
       0              1792.0           5.15  0.05616     0.005616
       6              2643.0           7.59  0.05917     0.005917
       2              3356.0           9.64  0.06184     0.006184
       5              4095.0          11.77  0.06473     0.006473
       1              4945.0          14.21  0.06825     0.006825
       7              6034.0          17.34  0.07305     0.007305
       4              7663.0          22.02  0.08090     0.008090
       3             11297.0          32.46  0.10166     0.010166
02:19:52 INFO    evtol_siting.stage2_demand K-means 聚类完成: K=8，总需求 41565 次/日，总人口 6160019 人
02:19:52 INFO    evtol_siting.stage2_demand 类画像:
 cluster  n_cells   population  income_mean  poi_density_mean  trip_rate  monthly_income_cny  vot_cny_per_h  p_evtol  demand_trips_per_day k_selection
       0      853 9.755181e+05     0.000000          0.000000   0.005616              1792.0           5.15  0.05616           5478.509736  silhouette
       6      354 6.784727e+05     1.497191          5.175141   0.005917              2643.0           7.59  0.05917           4014.522824  silhouette
       2      389 9.580823e+05     2.700376         13.233933   0.006184              3356.0           9.64  0.06184           5924.781083  silhouette
       5      362 9.928347e+05     3.558362         32.453039   0.006473              4095.0          11.77  0.06473           6426.619039  silhouette
       1      318 1.022945e+06     4.166679         61.534591   0.006825              4945.0          14.21  0.06825           6981.598096  silhouette
       7      127 6.750358e+05     4.743297        109.385827   0.007305              6034.0          17.34  0.07305           4931.136256  silhouette
       4       65 4.362382e+05     5.187187        168.061538   0.008090              7663.0          22.02  0.08090           3529.166985  silhouette
       3       51 4.208928e+05     5.480163        230.117647   0.010166             11297.0          32.46  0.10166           4278.795942  silhouette
02:19:53 INFO    evtol_siting.pipeline      ============================================================
02:19:53 INFO    evtol_siting.pipeline      阶段三：0-1 整数规划选址
02:19:53 INFO    evtol_siting.pipeline      ============================================================
02:19:53 INFO    evtol_siting.stage3_ip     [cost_priority] 需求单元 2519 个（核心 1008 个，阈值 分位数 0.60（>=13.7 次/日）），候选 2010 个，接驳时间预算 15.0 分钟，设施上限 20
02:19:55 INFO    evtol_siting.stage3_ip     [cost_priority] 最优解: 12 个起降场，总成本 3.34 亿元，需求覆盖率 99.0%，人口覆盖率 98.8%（耗时 1.78s）
02:19:55 INFO    evtol_siting.stage3_ip     [coverage_priority] 需求单元 2519 个（核心 1008 个，阈值 分位数 0.60（>=13.7 次/日）），候选 2010 个，接驳时间预算 15.0 分钟，设施上限 35
02:19:58 INFO    evtol_siting.stage3_ip     [coverage_priority] 最优解: 10 个起降场，总成本 5.70 亿元，需求覆盖率 97.8%，人口覆盖率 97.5%（耗时 1.92s）
02:19:58 INFO    evtol_siting.stage3_ip     阶段三完成: 2 个情景求解成功（cost_priority=Optimal, coverage_priority=Optimal）
02:19:58 INFO    evtol_siting.stage4_nsga2  问题实例: 2519 个需求单元（核心 1008），2010 个候选；接驳预算 15.0 分钟；单点最大可覆盖 318 个核心单元（占核心 31.5%）
02:19:58 INFO    scheme_family              候选 2010 个，需求单元 2519 个，总需求 41565 次/日
02:19:58 INFO    scheme_family              
02:19:58 INFO    scheme_family              ── 步骤 1：固定 N=11 的方案族（不同目标 → 不同布局）──
02:19:58 INFO    evtol_siting.schemes       生成固定规模方案族: N=11，4 个目标
02:19:58 INFO    evtol_siting.schemes       [最低成本] N=11 固定规模: 11 站 | 总接驳 362154 分钟·次/日 | 最差人群 12.71 分钟 | 覆盖 85.3% | 成本 2.76 亿元 | 耗时 0.2s
02:19:58 ERROR   evtol_siting.schemes       方案 'min_total_time' 求解失败: Cannot multiply variables with NaN/inf values
02:30:00 INFO    evtol_siting.schemes       [最大覆盖] N=11 固定规模: 11 站 | 总接驳 420105 分钟·次/日 | 最差人群 11.08 分钟 | 覆盖 99.9% | 成本 5.96 亿元 | 耗时 602.3s
02:30:00 ERROR   evtol_siting.schemes       方案 'min_worst_case' 求解失败: Cannot multiply variables with NaN/inf values
02:30:00 INFO    evtol_siting.schemes       方案族生成完成: 2/4 成功
02:30:00 INFO    scheme_family              
02:30:00 INFO    scheme_family              方案族对照（论文表）:
02:30:00 INFO    scheme_family              
name  n_sites  cost_1e8  total_access_time  demand_coverage_pct  worst_group_access_time_min
最低成本       11     2.761        362154.3580              85.3145                      12.7143
最大覆盖       11     5.959        420105.1835              99.8888                      11.0762
02:30:00 INFO    scheme_family              
02:30:00 INFO    scheme_family              方案族内部支配关系（行是否支配列）:
02:30:00 INFO    scheme_family                 最低成本             支配: （无）
02:30:00 INFO    scheme_family                 最大覆盖             支配: （无）
02:30:00 INFO    scheme_family              
02:30:00 INFO    scheme_family              ── 步骤 2：保规模杂交（子代恒含 11 站，以方案族为初始种群）──
02:30:00 INFO    scheme_family              注入 2 个方案族个体作为初始种子
02:30:00 INFO    evtol_siting.nsga2_core    初始种群: 40 个个体 × 2010 维，站点数 11（固定规模模式，保规模算子）
02:30:04 INFO    scheme_family                 第 1/2 次: 前沿  40 解，站点数恒为 11: **否**，耗时 4s
02:30:04 INFO    evtol_siting.nsga2_core    初始种群: 40 个个体 × 2010 维，站点数 11（固定规模模式，保规模算子）
02:30:08 INFO    scheme_family                 第 2/2 次: 前沿  40 解，站点数恒为 11: **否**，耗时 4s
02:30:08 ERROR   scheme_family                 ✗ 存在站点数不等于 11 的解，保规模算子未生效！
02:30:08 INFO    scheme_family              
02:30:08 INFO    scheme_family              ── 步骤 3：对照（自由规模 NSGA-II，设施数由模型自定）──
02:30:08 INFO    evtol_siting.nsga2_core    初始种群: 40 个个体 × 2010 维，站点数 44（稀疏初始化，自由规模）
02:30:12 INFO    scheme_family                 第 1/2 次: 前沿  40 解，站点数 11–19
02:30:12 INFO    evtol_siting.nsga2_core    初始种群: 40 个个体 × 2010 维，站点数 44（稀疏初始化，自由规模）
02:30:17 INFO    scheme_family                 第 2/2 次: 前沿  40 解，站点数 11–19
02:30:17 INFO    scheme_family              
02:30:17 INFO    scheme_family              ── 步骤 4：统一参考点下的对照 ──
02:30:25 INFO    scheme_family              
                approach  n_solutions  hypervolume  min_cost_1e8  min_unserved  min_inequity
    Scheme family (N=11)            2 5.630602e+17      2.760733     46.231891     11.076200
     Fixed-N GA breeding           65 2.523576e+18      3.850916      7.097587      9.208891
Free-cardinality NSGA-II           66 1.832270e+18      4.305329     46.231891      9.232734
02:30:25 INFO    scheme_family              
02:30:25 INFO    scheme_family              方案族中被**杂交结果支配**的：0/2（0%）
02:30:25 INFO    scheme_family              判读：若比例高，说明『杂交不同方案』确实产出了优于任一单目标方案的折中解——这正是该设计的价值所在；若为 0，说明方案族本身已在前沿上，杂交没有带来改进，应如实报告。
02:30:25 INFO    scheme_family              
02:30:25 INFO    scheme_family              ==============================================================================
02:30:25 INFO    scheme_family               完成。输出目录: evtol_siting\outputs\tables
02:30:25 INFO    scheme_family               文件: scheme_family.csv / scheme_family_ga_runs.csv / scheme_family_free_runs.csv / scheme_family_comparison.csv
02:30:25 INFO    scheme_family              ==============================================================================
16:05:55 INFO    scheme_family              ==============================================================================
16:05:55 INFO    scheme_family               固定规模方案族与保规模杂交     N = 11，data_mode = real
16:05:55 INFO    scheme_family              ==============================================================================
16:05:56 INFO    evtol_siting.pipeline      ============================================================
16:05:56 INFO    evtol_siting.pipeline      阶段一：基于 GIS 的候选起降场筛选
16:05:56 INFO    evtol_siting.pipeline      ============================================================
16:05:56 INFO    evtol_siting.pipeline      解析 PBF 提取包: sichuan-latest.osm.pbf
16:06:04 INFO    evtol_siting.data.pbf        已扫描 200000 个候选要素…
16:06:13 INFO    evtol_siting.data.pbf        已扫描 400000 个候选要素…
16:06:21 INFO    evtol_siting.data.pbf        已扫描 600000 个候选要素…
16:06:30 INFO    evtol_siting.data.pbf        已扫描 800000 个候选要素…
16:06:36 INFO    evtol_siting.data.pbf        buildings          69675 个要素
16:06:37 INFO    evtol_siting.data.pbf        poi                 8159 个要素
16:06:37 INFO    evtol_siting.data.pbf        roads              42272 个要素
16:06:37 INFO    evtol_siting.data.pbf        landuse             8430 个要素
16:06:37 INFO    evtol_siting.data.pbf        water               2252 个要素
16:06:37 INFO    evtol_siting.data.pbf        airports            1364 个要素
16:06:37 INFO    evtol_siting.data.pbf      PBF 解析完成（扫描 921830 个候选要素，输出 6 个图层）
16:06:37 INFO    evtol_siting.data.rasters  建筑高度栅格已存在: evtol_siting\data\raw\height\chengdu_building_height_10m.tif
16:06:39 INFO    evtol_siting.data.heights  高度栅格提供了 49162 栋建筑的高度（覆盖 70.6%）
16:06:39 INFO    evtol_siting.data.heights  分位数回归填补了 14650 栋建筑的高度（中位数 18.6 m）
16:06:39 INFO    evtol_siting.data.heights  高度融合结果（共 69675 栋）:
    raster_height     70.6%
    imputed           21.0%
    osm_levels         7.3%
    osm_height         1.1%
16:06:39 INFO    evtol_siting.data.heights      有标签覆盖率: 8.4% -> 融合后覆盖率: 100.0%
16:06:39 INFO    evtol_siting.data.rasters  人口栅格已存在: evtol_siting\data\raw\population\chengdu_population_100m.tif
16:06:39 INFO    evtol_siting.data.rasters  收入策略 = poi_index：经济活动指数将在阶段二由 OSM POI 构成计算（见 stage2_demand.build_poi_economic_index）
16:06:39 INFO    evtol_siting.data.rasters  DEM 已存在: evtol_siting\data\raw\dem\chengdu_dem_30m.tif
16:06:43 INFO    evtol_siting.data.rasters  坡度栅格已生成: evtol_siting\data\interim\slope.tif
16:06:43 INFO    evtol_siting.geo           栅格化完成: 单元边长 500 m, 单元数 2519, 覆盖 629.8 km²
16:06:43 INFO    evtol_siting.stage1_candidates 屋顶型筛选: 1430 / 69675 栋建筑满足 h>=20m 且 A_roof>=1600m² (2.05%)
16:06:43 INFO    evtol_siting.stage1_candidates   排除 用地类型: 30 个单元（1.2%）
16:06:43 INFO    evtol_siting.stage1_candidates   排除 水域: 55 个单元（2.2%）
16:06:43 INFO    evtol_siting.stage1_candidates   建筑覆盖率判据 (max=0.55): 剔除 4 个单元（保留 2430）；覆盖率中位数 0.05
16:06:43 INFO    evtol_siting.stage1_candidates 坡度判据: 2430 / 2430 单元满足 slope<=15° (剔除 0)
16:06:43 INFO    evtol_siting.stage1_candidates 地面型筛选: 2430 个候选（用地排除 -89，坡度排除后）
16:06:43 INFO    evtol_siting.stage1_candidates 地面型候选已按路网可达性重新评分（中位距离 91 m）
16:06:43 INFO    evtol_siting.stage1_candidates 已为 1430 个缺少 cell_id 的候选（屋顶型）补齐所属栅格单元（补齐后 3770/3860 有 cell_id）
16:06:43 INFO    evtol_siting.stage1_candidates   90 个候选落在栅格之外，改用坐标分桶作为 cell_id
16:06:43 INFO    evtol_siting.stage1_candidates   运输机场净空区 (r=4000m): 剔除 1472 个候选（占 38.1%）
16:06:43 INFO    evtol_siting.stage1_candidates   既有直升机场 (r=1000m): 剔除 178 个候选（占 4.6%）
16:06:43 INFO    evtol_siting.stage1_candidates 安全排除后剩余 2344 个候选（原有 3860）
16:06:43 INFO    evtol_siting.stage1_candidates   [ground] 类别内稀释: 1581 -> 1581
16:06:43 INFO    evtol_siting.stage1_candidates   [rooftop] 类别内稀释: 693 -> 258
16:06:44 INFO    evtol_siting.stage1_candidates 密度稀释 (c_min=500m, 每栅格<=3): 2344 -> 1332 个候选 （配额 -70，类别内间距 -435，跨类别冲突 -507）；构成: {'ground': 1076, 'rooftop': 256}
16:06:44 INFO    evtol_siting.stage1_candidates 阶段一完成: 1332 个候选起降场（屋顶型 256，地面型 1076）
16:06:44 INFO    evtol_siting.pipeline      ============================================================
16:06:44 INFO    evtol_siting.pipeline      阶段二：K-means 人群分类与需求空间化
16:06:44 INFO    evtol_siting.pipeline      ============================================================
16:06:44 INFO    evtol_siting.data.dasymetric 人口栅格分辨率 80 m 细于需求格网 500 m —— 分区求和已是正确的格网人口总量，**体积重分配在此不产生作用**，直接使用分区求和。（体积权重的价值在于把人口摊到建筑上做更细的分析，需 force=True）
16:06:44 WARNING evtol_siting.data.dasymetric 退化为按分区求和（假设人口在格网内均匀分布）
16:06:49 INFO    evtol_siting.stage2_demand 人口分配方式对比（论文 Table 用）:
    method  total_population  n_nonzero_cells  mean_per_cell  std_per_cell       cv     max_cell  top1pct_share     gini
dasymetric      7.712263e+06             2517    3061.636823   2504.238782 0.817941 12360.637527       0.032418 0.458119
   uniform      7.712263e+06             2517    3061.636823   2504.238782 0.817941 12360.637527       0.032418 0.458119
16:06:49 INFO    evtol_siting.stage2_demand 人口: 合计 7712263 人，单元中位数 2567 人（来源: zonal_sum）
16:06:49 INFO    evtol_siting.stage2_demand 未提供外部收入数据，将使用 OSM POI 构成的经济活动指数作为代理（见 data/rasters.py::build_poi_economic_index 的说明与局限）
16:06:49 INFO    evtol_siting.stage2_demand POI: 研究区内 7442 个，单元密度中位数 0 个/km²
16:06:49 INFO    evtol_siting.data.rasters  POI 经济活动指数: 范围 [0.000, 5.759]，中位数 0.000（加权 POI 总数 7949）
16:06:53 INFO    evtol_siting.stage2_demand K 选择 (silhouette): K=7，得分 0.7798，各 K 得分 {3: 0.7395, 4: 0.7588, 5: 0.7733, 6: 0.7722, 7: 0.7798, 8: 0.7784}
16:06:53 INFO    evtol_siting.choice_model  收入阶梯（K=7）: 1,868  2,799  3,613  4,500  5,605  7,236  10,840
16:06:53 INFO    evtol_siting.choice_model  时间价值: 5.4  8.0  10.4  12.9  16.1  20.8  31.1 元/小时（对应月收入 1,868  2,799  3,613  4,500  5,605  7,236  10,840）
16:06:53 INFO    evtol_siting.choice_model  时间价值: 1.1  1.2  1.4  1.6  1.9  2.2  2.5  2.9  3.3  3.8  4.4  5.0  5.8  6.6  7.6  8.7  10.0  11.5  13.3  15.2  17.5  20.1  23.1  26.6 元/小时（对应月收入 377  433  498  573  658  756  869  999  1,148  1,319  1,516  1,743  2,003  2,302  2,645  3,040  3,494  4,015  4,615  5,304  6,095  7,005  8,051  9,253）
16:06:53 INFO    evtol_siting.choice_model  时间价值: 1.6  1.9  2.1  2.5  2.8  3.3  3.7  4.3  4.9  5.7  6.5  7.5  8.6  9.9  11.4  13.1  15.0  17.3  19.9  22.8  26.2  30.2  34.7  39.8 元/小时（对应月收入 565  649  746  858  986  1,133  1,302  1,496  1,720  1,976  2,271  2,610  3,000  3,448  3,963  4,554  5,234  6,015  6,913  7,945  9,131  10,494  12,061  13,861）
16:06:53 INFO    evtol_siting.choice_model  时间价值: 2.1  2.4  2.8  3.2  3.7  4.2  4.8  5.6  6.4  7.3  8.4  9.7  11.1  12.8  14.7  16.9  19.4  22.3  25.6  29.5  33.9  38.9  44.7  51.4 元/小时（对应月收入 729  838  963  1,107  1,272  1,462  1,681  1,932  2,220  2,551  2,932  3,370  3,873  4,451  5,115  5,879  6,756  7,765  8,924  10,256  11,787  13,547  15,569  17,893）
16:06:53 INFO    evtol_siting.choice_model  时间价值: 2.6  3.0  3.4  4.0  4.6  5.2  6.0  6.9  7.9  9.1  10.5  12.1  13.9  15.9  18.3  21.0  24.2  27.8  31.9  36.7  42.2  48.5  55.7  64.0 元/小时（对应月收入 909  1,044  1,200  1,379  1,585  1,822  2,094  2,406  2,765  3,178  3,652  4,198  4,824  5,544  6,372  7,323  8,416  9,673  11,116  12,776  14,683  16,875  19,394  22,289）
16:06:53 INFO    evtol_siting.choice_model  时间价值: 3.3  3.7  4.3  4.9  5.7  6.5  7.5  8.6  9.9  11.4  13.1  15.0  17.3  19.8  22.8  26.2  30.1  34.6  39.8  45.7  52.6  60.4  69.4  79.8 元/小时（对应月收入 1,132  1,301  1,495  1,718  1,974  2,269  2,608  2,997  3,445  3,959  4,550  5,229  6,009  6,906  7,937  9,122  10,484  12,049  13,847  15,914  18,290  21,020  24,158  27,764）
16:06:53 INFO    evtol_siting.choice_model  时间价值: 4.2  4.8  5.5  6.4  7.3  8.4  9.7  11.1  12.8  14.7  16.9  19.4  22.3  25.6  29.4  33.8  38.9  44.7  51.4  59.0  67.8  78.0  89.6  103.0 元/小时（对应月收入 1,461  1,679  1,930  2,218  2,549  2,929  3,366  3,869  4,446  5,110  5,873  6,750  7,757  8,915  10,246  11,775  13,533  15,553  17,875  20,543  23,610  27,134  31,185  35,840）
16:06:53 INFO    evtol_siting.choice_model  时间价值: 6.3  7.2  8.3  9.5  11.0  12.6  14.5  16.7  19.1  22.0  25.3  29.1  33.4  38.4  44.1  50.7  58.3  67.0  76.9  88.4  101.6  116.8  134.2  154.3 元/小时（对应月收入 2,189  2,515  2,891  3,322  3,818  4,388  5,043  5,796  6,661  7,655  8,798  10,111  11,621  13,355  15,349  17,640  20,273  23,300  26,778  30,775  35,369  40,648  46,716  53,690）
16:06:53 INFO    evtol_siting.choice_model  选择模型 [区域内积分（σ_within=0.4）]: 出行 15 km，地面 55 分钟 / 57 元，eVTOL 24 分钟 / 130 元，节省 31 分钟；采用概率 0.0564–0.0988（类间比 1.75）
16:06:53 INFO    evtol_siting.choice_model  各类人群采用概率:
 cluster  monthly_income_cny  vot_cny_per_h  p_evtol  demand_rate
       3              1868.0           5.37  0.05642     0.005642
       0              2799.0           8.04  0.05974     0.005974
       5              3613.0          10.38  0.06283     0.006283
       2              4500.0          12.93  0.06638     0.006638
       4              5605.0          16.11  0.07112     0.007112
       6              7236.0          20.79  0.07876     0.007876
       1             10840.0          31.15  0.09879     0.009879
16:06:53 INFO    evtol_siting.stage2_demand K-means 聚类完成: K=7，总需求 48720 次/日，总人口 7712263 人
16:06:53 INFO    evtol_siting.stage2_demand 类画像:
 cluster  n_cells   population  income_mean  poi_density_mean  trip_rate  monthly_income_cny  vot_cny_per_h  p_evtol  demand_trips_per_day k_selection
       3     1391 2.642034e+06     0.000000          0.000000   0.005642              1868.0           5.37  0.05642          14906.353102  silhouette
       0      327 9.403271e+05     1.533906          5.321101   0.005974              2799.0           8.04  0.05974           5617.513868  silhouette
       5      321 1.318767e+06     2.598605         13.059190   0.006283              3613.0          10.38  0.06283           8285.811407  silhouette
       2      260 1.389814e+06     3.361789         29.492308   0.006638              4500.0          12.93  0.06638           9225.585950  silhouette
       4      145 9.081153e+05     4.000721         55.172414   0.007112              5605.0          16.11  0.07112           6458.515785  silhouette
       6       62 4.214043e+05     4.560623         96.000000   0.007876              7236.0          20.79  0.07876           3318.980346  silhouette
       1       13 9.180217e+04     5.021334        170.461538   0.009879             10840.0          31.15  0.09879            906.913644  silhouette
16:06:53 INFO    evtol_siting.pipeline      ============================================================
16:06:53 INFO    evtol_siting.pipeline      阶段三：0-1 整数规划选址
16:06:53 INFO    evtol_siting.pipeline      ============================================================
16:06:54 INFO    evtol_siting.stage3_ip     [cost_priority] 需求单元 2519 个（核心 1008 个，阈值 分位数 0.60（>=20.0 次/日）），候选 1332 个，接驳时间预算 15.0 分钟，设施上限 20
16:06:54 INFO    evtol_siting.stage3_ip     [cost_priority] 最优解: 11 个起降场，总成本 3.48 亿元，需求覆盖率 97.1%，人口覆盖率 96.8%（耗时 0.40s）
16:06:54 INFO    evtol_siting.stage3_ip     [coverage_priority] 需求单元 2519 个（核心 1008 个，阈值 分位数 0.60（>=20.0 次/日）），候选 1332 个，接驳时间预算 15.0 分钟，设施上限 35
16:06:55 INFO    evtol_siting.stage3_ip     [coverage_priority] 最优解: 10 个起降场，总成本 5.14 亿元，需求覆盖率 96.5%，人口覆盖率 96.2%（耗时 0.41s）
16:06:55 INFO    evtol_siting.stage3_ip     阶段三完成: 2 个情景求解成功（cost_priority=Optimal, coverage_priority=Optimal）
16:06:55 INFO    evtol_siting.stage4_nsga2  问题实例: 2519 个需求单元（核心 1008），1332 个候选；接驳预算 15.0 分钟；单点最大可覆盖 307 个核心单元（占核心 30.5%）
16:06:55 INFO    scheme_family              候选 1332 个，需求单元 2519 个，总需求 48720 次/日
16:06:55 INFO    scheme_family              
16:06:55 INFO    scheme_family              ── 步骤 1：固定 N=11 的方案族（不同目标 → 不同布局）──
16:06:55 INFO    evtol_siting.schemes       生成固定规模方案族: N=11，4 个目标
16:06:55 INFO    evtol_siting.schemes       [最低成本] N=11 固定规模: 11 站 | 总接驳 253967 分钟·次/日 | 最差人群 11.90 分钟 | 覆盖 50.0% | 成本 2.74 亿元 | 耗时 0.1s
16:13:48 INFO    evtol_siting.schemes       [最短接驳（距离最近）] N=11 固定规模: 11 站 | 总接驳 386004 分钟·次/日 | 最差人群 9.64 分钟 | 覆盖 85.8% | 成本 4.59 亿元 | 耗时 413.1s
16:15:15 INFO    scheme_family              ==============================================================================
16:15:15 INFO    scheme_family               固定规模方案族与保规模杂交     N = 11，data_mode = real
16:15:15 INFO    scheme_family              ==============================================================================
16:15:16 INFO    evtol_siting.pipeline      ============================================================
16:15:16 INFO    evtol_siting.pipeline      阶段一：基于 GIS 的候选起降场筛选
16:15:16 INFO    evtol_siting.pipeline      ============================================================
16:15:16 INFO    evtol_siting.pipeline      解析 PBF 提取包: sichuan-latest.osm.pbf
16:15:37 INFO    evtol_siting.data.pbf        已扫描 200000 个候选要素…
16:16:00 INFO    evtol_siting.data.pbf        已扫描 400000 个候选要素…
16:16:20 INFO    evtol_siting.data.pbf        已扫描 600000 个候选要素…
16:16:29 INFO    evtol_siting.data.pbf        已扫描 800000 个候选要素…
16:16:36 INFO    evtol_siting.data.pbf        buildings          69675 个要素
16:16:36 INFO    evtol_siting.data.pbf        poi                 8159 个要素
16:16:36 INFO    evtol_siting.data.pbf        roads              42272 个要素
16:16:36 INFO    evtol_siting.data.pbf        landuse             8430 个要素
16:16:36 INFO    evtol_siting.data.pbf        water               2252 个要素
16:16:36 INFO    evtol_siting.data.pbf        airports            1364 个要素
16:16:36 INFO    evtol_siting.data.pbf      PBF 解析完成（扫描 921830 个候选要素，输出 6 个图层）
16:16:36 INFO    evtol_siting.data.rasters  建筑高度栅格已存在: evtol_siting\data\raw\height\chengdu_building_height_10m.tif
16:16:39 INFO    evtol_siting.data.heights  高度栅格提供了 49162 栋建筑的高度（覆盖 70.6%）
16:16:39 INFO    evtol_siting.data.heights  分位数回归填补了 14650 栋建筑的高度（中位数 18.6 m）
16:16:39 INFO    evtol_siting.data.heights  高度融合结果（共 69675 栋）:
    raster_height     70.6%
    imputed           21.0%
    osm_levels         7.3%
    osm_height         1.1%
16:16:39 INFO    evtol_siting.data.heights      有标签覆盖率: 8.4% -> 融合后覆盖率: 100.0%
16:16:39 INFO    evtol_siting.data.rasters  人口栅格已存在: evtol_siting\data\raw\population\chengdu_population_100m.tif
16:16:39 INFO    evtol_siting.data.rasters  收入策略 = poi_index：经济活动指数将在阶段二由 OSM POI 构成计算（见 stage2_demand.build_poi_economic_index）
16:16:39 INFO    evtol_siting.data.rasters  DEM 已存在: evtol_siting\data\raw\dem\chengdu_dem_30m.tif
16:16:42 INFO    evtol_siting.data.rasters  坡度栅格已生成: evtol_siting\data\interim\slope.tif
16:16:42 INFO    evtol_siting.geo           栅格化完成: 单元边长 500 m, 单元数 2519, 覆盖 629.8 km²
16:16:42 INFO    evtol_siting.stage1_candidates 屋顶型筛选: 1430 / 69675 栋建筑满足 h>=20m 且 A_roof>=1600m² (2.05%)
16:16:42 INFO    evtol_siting.stage1_candidates   排除 用地类型: 30 个单元（1.2%）
16:16:42 INFO    evtol_siting.stage1_candidates   排除 水域: 55 个单元（2.2%）
16:16:42 INFO    evtol_siting.stage1_candidates   建筑覆盖率判据 (max=0.55): 剔除 4 个单元（保留 2430）；覆盖率中位数 0.05
16:16:42 INFO    evtol_siting.stage1_candidates 坡度判据: 2430 / 2430 单元满足 slope<=15° (剔除 0)
16:16:42 INFO    evtol_siting.stage1_candidates 地面型筛选: 2430 个候选（用地排除 -89，坡度排除后）
16:16:42 INFO    evtol_siting.stage1_candidates 地面型候选已按路网可达性重新评分（中位距离 91 m）
16:16:42 INFO    evtol_siting.stage1_candidates 已为 1430 个缺少 cell_id 的候选（屋顶型）补齐所属栅格单元（补齐后 3770/3860 有 cell_id）
16:16:42 INFO    evtol_siting.stage1_candidates   90 个候选落在栅格之外，改用坐标分桶作为 cell_id
16:16:42 INFO    evtol_siting.stage1_candidates   运输机场净空区 (r=4000m): 剔除 1472 个候选（占 38.1%）
16:16:42 INFO    evtol_siting.stage1_candidates   既有直升机场 (r=1000m): 剔除 178 个候选（占 4.6%）
16:16:42 INFO    evtol_siting.stage1_candidates 安全排除后剩余 2344 个候选（原有 3860）
16:16:43 INFO    evtol_siting.stage1_candidates   [ground] 类别内稀释: 1581 -> 1581
16:16:43 INFO    evtol_siting.stage1_candidates   [rooftop] 类别内稀释: 693 -> 258
16:16:43 INFO    evtol_siting.stage1_candidates 密度稀释 (c_min=500m, 每栅格<=3): 2344 -> 1332 个候选 （配额 -70，类别内间距 -435，跨类别冲突 -507）；构成: {'ground': 1076, 'rooftop': 256}
16:16:43 INFO    evtol_siting.stage1_candidates 阶段一完成: 1332 个候选起降场（屋顶型 256，地面型 1076）
16:16:43 INFO    evtol_siting.pipeline      ============================================================
16:16:43 INFO    evtol_siting.pipeline      阶段二：K-means 人群分类与需求空间化
16:16:43 INFO    evtol_siting.pipeline      ============================================================
16:16:43 INFO    evtol_siting.data.dasymetric 人口栅格分辨率 80 m 细于需求格网 500 m —— 分区求和已是正确的格网人口总量，**体积重分配在此不产生作用**，直接使用分区求和。（体积权重的价值在于把人口摊到建筑上做更细的分析，需 force=True）
16:16:43 WARNING evtol_siting.data.dasymetric 退化为按分区求和（假设人口在格网内均匀分布）
16:16:48 INFO    evtol_siting.stage2_demand 人口分配方式对比（论文 Table 用）:
    method  total_population  n_nonzero_cells  mean_per_cell  std_per_cell       cv     max_cell  top1pct_share     gini
dasymetric      7.712263e+06             2517    3061.636823   2504.238782 0.817941 12360.637527       0.032418 0.458119
   uniform      7.712263e+06             2517    3061.636823   2504.238782 0.817941 12360.637527       0.032418 0.458119
16:16:48 INFO    evtol_siting.stage2_demand 人口: 合计 7712263 人，单元中位数 2567 人（来源: zonal_sum）
16:16:48 INFO    evtol_siting.stage2_demand 未提供外部收入数据，将使用 OSM POI 构成的经济活动指数作为代理（见 data/rasters.py::build_poi_economic_index 的说明与局限）
16:16:48 INFO    evtol_siting.stage2_demand POI: 研究区内 7442 个，单元密度中位数 0 个/km²
16:16:48 INFO    evtol_siting.data.rasters  POI 经济活动指数: 范围 [0.000, 5.759]，中位数 0.000（加权 POI 总数 7949）
16:16:58 INFO    evtol_siting.stage2_demand K 选择 (silhouette): K=7，得分 0.7798，各 K 得分 {3: 0.7395, 4: 0.7588, 5: 0.7733, 6: 0.7722, 7: 0.7798, 8: 0.7784}
16:16:58 INFO    evtol_siting.choice_model  收入阶梯（K=7）: 1,868  2,799  3,613  4,500  5,605  7,236  10,840
16:16:58 INFO    evtol_siting.choice_model  时间价值: 5.4  8.0  10.4  12.9  16.1  20.8  31.1 元/小时（对应月收入 1,868  2,799  3,613  4,500  5,605  7,236  10,840）
16:16:58 INFO    evtol_siting.choice_model  时间价值: 1.1  1.2  1.4  1.6  1.9  2.2  2.5  2.9  3.3  3.8  4.4  5.0  5.8  6.6  7.6  8.7  10.0  11.5  13.3  15.2  17.5  20.1  23.1  26.6 元/小时（对应月收入 377  433  498  573  658  756  869  999  1,148  1,319  1,516  1,743  2,003  2,302  2,645  3,040  3,494  4,015  4,615  5,304  6,095  7,005  8,051  9,253）
16:16:58 INFO    evtol_siting.choice_model  时间价值: 1.6  1.9  2.1  2.5  2.8  3.3  3.7  4.3  4.9  5.7  6.5  7.5  8.6  9.9  11.4  13.1  15.0  17.3  19.9  22.8  26.2  30.2  34.7  39.8 元/小时（对应月收入 565  649  746  858  986  1,133  1,302  1,496  1,720  1,976  2,271  2,610  3,000  3,448  3,963  4,554  5,234  6,015  6,913  7,945  9,131  10,494  12,061  13,861）
16:16:58 INFO    evtol_siting.choice_model  时间价值: 2.1  2.4  2.8  3.2  3.7  4.2  4.8  5.6  6.4  7.3  8.4  9.7  11.1  12.8  14.7  16.9  19.4  22.3  25.6  29.5  33.9  38.9  44.7  51.4 元/小时（对应月收入 729  838  963  1,107  1,272  1,462  1,681  1,932  2,220  2,551  2,932  3,370  3,873  4,451  5,115  5,879  6,756  7,765  8,924  10,256  11,787  13,547  15,569  17,893）
16:16:58 INFO    evtol_siting.choice_model  时间价值: 2.6  3.0  3.4  4.0  4.6  5.2  6.0  6.9  7.9  9.1  10.5  12.1  13.9  15.9  18.3  21.0  24.2  27.8  31.9  36.7  42.2  48.5  55.7  64.0 元/小时（对应月收入 909  1,044  1,200  1,379  1,585  1,822  2,094  2,406  2,765  3,178  3,652  4,198  4,824  5,544  6,372  7,323  8,416  9,673  11,116  12,776  14,683  16,875  19,394  22,289）
16:16:58 INFO    evtol_siting.choice_model  时间价值: 3.3  3.7  4.3  4.9  5.7  6.5  7.5  8.6  9.9  11.4  13.1  15.0  17.3  19.8  22.8  26.2  30.1  34.6  39.8  45.7  52.6  60.4  69.4  79.8 元/小时（对应月收入 1,132  1,301  1,495  1,718  1,974  2,269  2,608  2,997  3,445  3,959  4,550  5,229  6,009  6,906  7,937  9,122  10,484  12,049  13,847  15,914  18,290  21,020  24,158  27,764）
16:16:58 INFO    evtol_siting.choice_model  时间价值: 4.2  4.8  5.5  6.4  7.3  8.4  9.7  11.1  12.8  14.7  16.9  19.4  22.3  25.6  29.4  33.8  38.9  44.7  51.4  59.0  67.8  78.0  89.6  103.0 元/小时（对应月收入 1,461  1,679  1,930  2,218  2,549  2,929  3,366  3,869  4,446  5,110  5,873  6,750  7,757  8,915  10,246  11,775  13,533  15,553  17,875  20,543  23,610  27,134  31,185  35,840）
16:16:58 INFO    evtol_siting.choice_model  时间价值: 6.3  7.2  8.3  9.5  11.0  12.6  14.5  16.7  19.1  22.0  25.3  29.1  33.4  38.4  44.1  50.7  58.3  67.0  76.9  88.4  101.6  116.8  134.2  154.3 元/小时（对应月收入 2,189  2,515  2,891  3,322  3,818  4,388  5,043  5,796  6,661  7,655  8,798  10,111  11,621  13,355  15,349  17,640  20,273  23,300  26,778  30,775  35,369  40,648  46,716  53,690）
16:16:58 INFO    evtol_siting.choice_model  选择模型 [区域内积分（σ_within=0.4）]: 出行 15 km，地面 55 分钟 / 57 元，eVTOL 24 分钟 / 130 元，节省 31 分钟；采用概率 0.0564–0.0988（类间比 1.75）
16:16:58 INFO    evtol_siting.choice_model  各类人群采用概率:
 cluster  monthly_income_cny  vot_cny_per_h  p_evtol  demand_rate
       3              1868.0           5.37  0.05642     0.005642
       0              2799.0           8.04  0.05974     0.005974
       5              3613.0          10.38  0.06283     0.006283
       2              4500.0          12.93  0.06638     0.006638
       4              5605.0          16.11  0.07112     0.007112
       6              7236.0          20.79  0.07876     0.007876
       1             10840.0          31.15  0.09879     0.009879
16:16:58 INFO    evtol_siting.stage2_demand K-means 聚类完成: K=7，总需求 48720 次/日，总人口 7712263 人
16:16:58 INFO    evtol_siting.stage2_demand 类画像:
 cluster  n_cells   population  income_mean  poi_density_mean  trip_rate  monthly_income_cny  vot_cny_per_h  p_evtol  demand_trips_per_day k_selection
       3     1391 2.642034e+06     0.000000          0.000000   0.005642              1868.0           5.37  0.05642          14906.353102  silhouette
       0      327 9.403271e+05     1.533906          5.321101   0.005974              2799.0           8.04  0.05974           5617.513868  silhouette
       5      321 1.318767e+06     2.598605         13.059190   0.006283              3613.0          10.38  0.06283           8285.811407  silhouette
       2      260 1.389814e+06     3.361789         29.492308   0.006638              4500.0          12.93  0.06638           9225.585950  silhouette
       4      145 9.081153e+05     4.000721         55.172414   0.007112              5605.0          16.11  0.07112           6458.515785  silhouette
       6       62 4.214043e+05     4.560623         96.000000   0.007876              7236.0          20.79  0.07876           3318.980346  silhouette
       1       13 9.180217e+04     5.021334        170.461538   0.009879             10840.0          31.15  0.09879            906.913644  silhouette
16:16:58 INFO    evtol_siting.pipeline      ============================================================
16:16:58 INFO    evtol_siting.pipeline      阶段三：0-1 整数规划选址
16:16:58 INFO    evtol_siting.pipeline      ============================================================
16:16:58 INFO    evtol_siting.stage3_ip     [cost_priority] 需求单元 2519 个（核心 1008 个，阈值 分位数 0.60（>=20.0 次/日）），候选 1332 个，接驳时间预算 15.0 分钟，设施上限 20
16:16:59 INFO    evtol_siting.stage3_ip     [cost_priority] 最优解: 11 个起降场，总成本 3.48 亿元，需求覆盖率 97.1%，人口覆盖率 96.8%（耗时 0.41s）
16:16:59 INFO    evtol_siting.stage3_ip     [coverage_priority] 需求单元 2519 个（核心 1008 个，阈值 分位数 0.60（>=20.0 次/日）），候选 1332 个，接驳时间预算 15.0 分钟，设施上限 35
16:16:59 INFO    evtol_siting.stage3_ip     [coverage_priority] 最优解: 10 个起降场，总成本 5.14 亿元，需求覆盖率 96.5%，人口覆盖率 96.2%（耗时 0.40s）
16:16:59 INFO    evtol_siting.stage3_ip     阶段三完成: 2 个情景求解成功（cost_priority=Optimal, coverage_priority=Optimal）
16:16:59 INFO    evtol_siting.stage4_nsga2  问题实例: 2519 个需求单元（核心 1008），1332 个候选；接驳预算 15.0 分钟；单点最大可覆盖 307 个核心单元（占核心 30.5%）
16:16:59 INFO    scheme_family              候选 1332 个，需求单元 2519 个，总需求 48720 次/日
16:16:59 INFO    scheme_family              
16:16:59 INFO    scheme_family              ── 步骤 1：固定 N=11 的方案族（不同目标 → 不同布局）──
16:16:59 INFO    evtol_siting.schemes       生成固定规模方案族: N=11，4 个目标
16:17:00 INFO    evtol_siting.schemes       [最低成本] N=11 固定规模: 11 站 | 总接驳 450715 分钟·次/日 | 最差人群 9.75 分钟 | 覆盖 97.1% | 成本 3.48 亿元 | 耗时 0.4s
16:17:16 INFO    evtol_siting.schemes       [最短接驳（距离最近）] N=11 固定规模: 11 站 | 总接驳 453955 分钟·次/日 | 最差人群 9.80 分钟 | 覆盖 97.0% | 成本 6.20 亿元 | 耗时 16.4s
16:17:23 INFO    evtol_siting.schemes       [最大覆盖] N=11 固定规模: 11 站 | 总接驳 477082 分钟·次/日 | 最差人群 10.12 分钟 | 覆盖 99.2% | 成本 5.50 亿元 | 耗时 7.1s
16:17:45 INFO    evtol_siting.schemes       [最均衡体验] N=11 固定规模: 11 站 | 总接驳 445518 分钟·次/日 | 最差人群 9.64 分钟 | 覆盖 96.9% | 成本 5.98 亿元 | 耗时 22.2s
16:17:45 INFO    evtol_siting.schemes       方案族生成完成: 4/4 成功
16:17:45 INFO    scheme_family              
16:17:45 INFO    scheme_family              方案族对照（论文表）:
16:17:45 INFO    scheme_family              
      name  n_sites  cost_1e8  total_access_time  demand_coverage_pct  worst_group_access_time_min
      最低成本       11     3.480        450715.3662              97.1203                       9.7480
最短接驳（距离最近）       11     6.201        453954.6736              96.9972                       9.7982
      最大覆盖       11     5.496        477082.3213              99.1731                      10.1218
     最均衡体验       11     5.977        445518.1385              96.9278                       9.6375
16:17:45 INFO    scheme_family              
16:17:45 INFO    scheme_family              方案族内部支配关系（行是否支配列）:
16:17:45 INFO    scheme_family                 最低成本             支配: 最短接驳（距离最近）
16:17:45 INFO    scheme_family                 最短接驳（距离最近）       支配: （无）
16:17:45 INFO    scheme_family                 最大覆盖             支配: （无）
16:17:45 INFO    scheme_family                 最均衡体验            支配: （无）
16:17:45 INFO    scheme_family              
16:17:45 INFO    scheme_family              ── 步骤 2：保规模杂交（子代恒含 11 站，以方案族为初始种群）──
16:17:45 INFO    scheme_family              注入 4 个方案族个体作为初始种子
16:17:45 INFO    evtol_siting.nsga2_core    初始种群: 60 个个体 × 1332 维，站点数 恒为 11（固定规模模式，保规模算子）
16:17:49 INFO    scheme_family                 第 1/2 次: 前沿  60 解，站点数恒为 11: **否**，耗时 3s
16:17:49 INFO    evtol_siting.nsga2_core    初始种群: 60 个个体 × 1332 维，站点数 恒为 11（固定规模模式，保规模算子）
16:17:51 INFO    scheme_family                 第 2/2 次: 前沿  60 解，站点数恒为 11: **否**，耗时 3s
16:17:51 ERROR   scheme_family                 ✗ 存在站点数不等于 11 的解，保规模算子未生效！
16:17:51 INFO    scheme_family              
16:17:51 INFO    scheme_family              ── 步骤 3：对照（自由规模 NSGA-II，设施数由模型自定）──
16:17:51 INFO    evtol_siting.nsga2_core    初始种群: 60 个个体 × 1332 维，站点数 区间 (12, 400)（区间初始化，自由规模）
16:17:56 INFO    scheme_family                 第 1/2 次: 前沿  60 解，站点数 11–391
16:17:56 INFO    evtol_siting.nsga2_core    初始种群: 60 个个体 × 1332 维，站点数 区间 (12, 400)（区间初始化，自由规模）
16:18:05 WARNING evtol_siting.nsga2_core    帕累托前沿在 40 代内**没有改进**（HV 4.03e+08 -> 3.778e+08）。可能原因：(1) 初始种群已被 IP 解锚定在最优附近；(2) 修复算子过强，压制了搜索空间；(3) 目标间无实质权衡。建议检查目标值分布是否退化。
16:18:05 INFO    scheme_family                 第 2/2 次: 前沿  60 解，站点数 11–328
16:18:05 INFO    scheme_family              
16:18:05 INFO    scheme_family              ── 步骤 4：统一参考点下的对照 ──
16:18:11 INFO    scheme_family              
                approach  n_solutions  hypervolume  min_cost_1e8  min_unserved  min_inequity
    Scheme family (N=11)            4 4.902465e+18      3.480112    402.876962      9.637462
     Fixed-N GA breeding           89 2.294948e+19      3.480112     20.876818      8.370480
Free-cardinality NSGA-II          106 5.048933e+19      3.480112      0.000000      6.116750
16:18:11 INFO    scheme_family              
16:18:11 INFO    scheme_family              方案族中被**杂交结果支配**的：3/4（75%）
16:18:11 INFO    scheme_family              判读：若比例高，说明『杂交不同方案』确实产出了优于任一单目标方案的折中解——这正是该设计的价值所在；若为 0，说明方案族本身已在前沿上，杂交没有带来改进，应如实报告。
16:18:11 INFO    scheme_family              
16:18:11 INFO    scheme_family              ==============================================================================
16:18:11 INFO    scheme_family               完成。输出目录: evtol_siting\outputs\tables
16:18:11 INFO    scheme_family               文件: scheme_family.csv / scheme_family_ga_runs.csv / scheme_family_free_runs.csv / scheme_family_comparison.csv
16:18:11 INFO    scheme_family              ==============================================================================
16:24:58 INFO    scheme_family              ==============================================================================
16:24:58 INFO    scheme_family               固定规模方案族与保规模杂交     N = 11，data_mode = real
16:24:58 INFO    scheme_family              ==============================================================================
16:24:58 INFO    evtol_siting.pipeline      ============================================================
16:24:58 INFO    evtol_siting.pipeline      阶段一：基于 GIS 的候选起降场筛选
16:24:58 INFO    evtol_siting.pipeline      ============================================================
16:24:58 INFO    evtol_siting.pipeline      解析 PBF 提取包: sichuan-latest.osm.pbf
16:25:16 INFO    evtol_siting.data.pbf        已扫描 200000 个候选要素…
16:25:35 INFO    evtol_siting.data.pbf        已扫描 400000 个候选要素…
16:25:55 INFO    evtol_siting.data.pbf        已扫描 600000 个候选要素…
16:26:19 INFO    evtol_siting.data.pbf        已扫描 800000 个候选要素…
16:26:34 INFO    evtol_siting.data.pbf        buildings          69675 个要素
16:26:34 INFO    evtol_siting.data.pbf        poi                 8159 个要素
16:26:35 INFO    evtol_siting.data.pbf        roads              42272 个要素
16:26:35 INFO    evtol_siting.data.pbf        landuse             8430 个要素
16:26:35 INFO    evtol_siting.data.pbf        water               2252 个要素
16:26:35 INFO    evtol_siting.data.pbf        airports            1364 个要素
16:26:35 INFO    evtol_siting.data.pbf      PBF 解析完成（扫描 921830 个候选要素，输出 6 个图层）
16:26:36 INFO    evtol_siting.data.rasters  建筑高度栅格已存在: evtol_siting\data\raw\height\chengdu_building_height_10m.tif
16:26:44 INFO    evtol_siting.data.heights  高度栅格提供了 49162 栋建筑的高度（覆盖 70.6%）
16:26:44 INFO    evtol_siting.data.heights  分位数回归填补了 14650 栋建筑的高度（中位数 18.6 m）
16:26:44 INFO    evtol_siting.data.heights  高度融合结果（共 69675 栋）:
    raster_height     70.6%
    imputed           21.0%
    osm_levels         7.3%
    osm_height         1.1%
16:26:44 INFO    evtol_siting.data.heights      有标签覆盖率: 8.4% -> 融合后覆盖率: 100.0%
16:26:44 INFO    evtol_siting.data.rasters  人口栅格已存在: evtol_siting\data\raw\population\chengdu_population_100m.tif
16:26:44 INFO    evtol_siting.data.rasters  收入策略 = poi_index：经济活动指数将在阶段二由 OSM POI 构成计算（见 stage2_demand.build_poi_economic_index）
16:26:44 INFO    evtol_siting.data.rasters  DEM 已存在: evtol_siting\data\raw\dem\chengdu_dem_30m.tif
16:26:50 INFO    evtol_siting.data.rasters  坡度栅格已生成: evtol_siting\data\interim\slope.tif
16:26:50 INFO    evtol_siting.geo           栅格化完成: 单元边长 500 m, 单元数 2519, 覆盖 629.8 km²
16:26:50 INFO    evtol_siting.stage1_candidates 屋顶型筛选: 1430 / 69675 栋建筑满足 h>=20m 且 A_roof>=1600m² (2.05%)
16:26:50 INFO    evtol_siting.stage1_candidates   排除 用地类型: 30 个单元（1.2%）
16:26:50 INFO    evtol_siting.stage1_candidates   排除 水域: 55 个单元（2.2%）
16:26:50 INFO    evtol_siting.stage1_candidates   建筑覆盖率判据 (max=0.55): 剔除 4 个单元（保留 2430）；覆盖率中位数 0.05
16:26:50 INFO    evtol_siting.stage1_candidates 坡度判据: 2430 / 2430 单元满足 slope<=15° (剔除 0)
16:26:51 INFO    evtol_siting.stage1_candidates 地面型筛选: 2430 个候选（用地排除 -89，坡度排除后）
16:26:51 INFO    evtol_siting.stage1_candidates 地面型候选已按路网可达性重新评分（中位距离 91 m）
16:26:51 INFO    evtol_siting.stage1_candidates 已为 1430 个缺少 cell_id 的候选（屋顶型）补齐所属栅格单元（补齐后 3770/3860 有 cell_id）
16:26:51 INFO    evtol_siting.stage1_candidates   90 个候选落在栅格之外，改用坐标分桶作为 cell_id
16:26:51 INFO    evtol_siting.stage1_candidates   运输机场净空区 (r=4000m): 剔除 1472 个候选（占 38.1%）
16:26:51 INFO    evtol_siting.stage1_candidates   既有直升机场 (r=1000m): 剔除 178 个候选（占 4.6%）
16:26:51 INFO    evtol_siting.stage1_candidates 安全排除后剩余 2344 个候选（原有 3860）
16:26:51 INFO    evtol_siting.stage1_candidates   [ground] 类别内稀释: 1581 -> 1581
16:26:51 INFO    evtol_siting.stage1_candidates   [rooftop] 类别内稀释: 693 -> 258
16:26:52 INFO    evtol_siting.stage1_candidates 密度稀释 (c_min=500m, 每栅格<=3): 2344 -> 1332 个候选 （配额 -70，类别内间距 -435，跨类别冲突 -507）；构成: {'ground': 1076, 'rooftop': 256}
16:26:52 INFO    evtol_siting.stage1_candidates 阶段一完成: 1332 个候选起降场（屋顶型 256，地面型 1076）
16:26:52 INFO    evtol_siting.pipeline      ============================================================
16:26:52 INFO    evtol_siting.pipeline      阶段二：K-means 人群分类与需求空间化
16:26:52 INFO    evtol_siting.pipeline      ============================================================
16:26:52 INFO    evtol_siting.data.dasymetric 人口栅格分辨率 80 m 细于需求格网 500 m —— 分区求和已是正确的格网人口总量，**体积重分配在此不产生作用**，直接使用分区求和。（体积权重的价值在于把人口摊到建筑上做更细的分析，需 force=True）
16:26:52 WARNING evtol_siting.data.dasymetric 退化为按分区求和（假设人口在格网内均匀分布）
16:27:05 INFO    evtol_siting.stage2_demand 人口分配方式对比（论文 Table 用）:
    method  total_population  n_nonzero_cells  mean_per_cell  std_per_cell       cv     max_cell  top1pct_share     gini
dasymetric      7.712263e+06             2517    3061.636823   2504.238782 0.817941 12360.637527       0.032418 0.458119
   uniform      7.712263e+06             2517    3061.636823   2504.238782 0.817941 12360.637527       0.032418 0.458119
16:27:05 INFO    evtol_siting.stage2_demand 人口: 合计 7712263 人，单元中位数 2567 人（来源: zonal_sum）
16:27:05 INFO    evtol_siting.stage2_demand 未提供外部收入数据，将使用 OSM POI 构成的经济活动指数作为代理（见 data/rasters.py::build_poi_economic_index 的说明与局限）
16:27:05 INFO    evtol_siting.stage2_demand POI: 研究区内 7442 个，单元密度中位数 0 个/km²
16:27:05 INFO    evtol_siting.data.rasters  POI 经济活动指数: 范围 [0.000, 5.759]，中位数 0.000（加权 POI 总数 7949）
16:27:13 INFO    evtol_siting.stage2_demand K 选择 (silhouette): K=7，得分 0.7798，各 K 得分 {3: 0.7395, 4: 0.7588, 5: 0.7733, 6: 0.7722, 7: 0.7798, 8: 0.7784}
16:27:13 INFO    evtol_siting.choice_model  收入阶梯（K=7）: 1,868  2,799  3,613  4,500  5,605  7,236  10,840
16:27:13 INFO    evtol_siting.choice_model  时间价值: 5.4  8.0  10.4  12.9  16.1  20.8  31.1 元/小时（对应月收入 1,868  2,799  3,613  4,500  5,605  7,236  10,840）
16:27:13 INFO    evtol_siting.choice_model  时间价值: 1.1  1.2  1.4  1.6  1.9  2.2  2.5  2.9  3.3  3.8  4.4  5.0  5.8  6.6  7.6  8.7  10.0  11.5  13.3  15.2  17.5  20.1  23.1  26.6 元/小时（对应月收入 377  433  498  573  658  756  869  999  1,148  1,319  1,516  1,743  2,003  2,302  2,645  3,040  3,494  4,015  4,615  5,304  6,095  7,005  8,051  9,253）
16:27:13 INFO    evtol_siting.choice_model  时间价值: 1.6  1.9  2.1  2.5  2.8  3.3  3.7  4.3  4.9  5.7  6.5  7.5  8.6  9.9  11.4  13.1  15.0  17.3  19.9  22.8  26.2  30.2  34.7  39.8 元/小时（对应月收入 565  649  746  858  986  1,133  1,302  1,496  1,720  1,976  2,271  2,610  3,000  3,448  3,963  4,554  5,234  6,015  6,913  7,945  9,131  10,494  12,061  13,861）
16:27:13 INFO    evtol_siting.choice_model  时间价值: 2.1  2.4  2.8  3.2  3.7  4.2  4.8  5.6  6.4  7.3  8.4  9.7  11.1  12.8  14.7  16.9  19.4  22.3  25.6  29.5  33.9  38.9  44.7  51.4 元/小时（对应月收入 729  838  963  1,107  1,272  1,462  1,681  1,932  2,220  2,551  2,932  3,370  3,873  4,451  5,115  5,879  6,756  7,765  8,924  10,256  11,787  13,547  15,569  17,893）
16:27:13 INFO    evtol_siting.choice_model  时间价值: 2.6  3.0  3.4  4.0  4.6  5.2  6.0  6.9  7.9  9.1  10.5  12.1  13.9  15.9  18.3  21.0  24.2  27.8  31.9  36.7  42.2  48.5  55.7  64.0 元/小时（对应月收入 909  1,044  1,200  1,379  1,585  1,822  2,094  2,406  2,765  3,178  3,652  4,198  4,824  5,544  6,372  7,323  8,416  9,673  11,116  12,776  14,683  16,875  19,394  22,289）
16:27:13 INFO    evtol_siting.choice_model  时间价值: 3.3  3.7  4.3  4.9  5.7  6.5  7.5  8.6  9.9  11.4  13.1  15.0  17.3  19.8  22.8  26.2  30.1  34.6  39.8  45.7  52.6  60.4  69.4  79.8 元/小时（对应月收入 1,132  1,301  1,495  1,718  1,974  2,269  2,608  2,997  3,445  3,959  4,550  5,229  6,009  6,906  7,937  9,122  10,484  12,049  13,847  15,914  18,290  21,020  24,158  27,764）
16:27:13 INFO    evtol_siting.choice_model  时间价值: 4.2  4.8  5.5  6.4  7.3  8.4  9.7  11.1  12.8  14.7  16.9  19.4  22.3  25.6  29.4  33.8  38.9  44.7  51.4  59.0  67.8  78.0  89.6  103.0 元/小时（对应月收入 1,461  1,679  1,930  2,218  2,549  2,929  3,366  3,869  4,446  5,110  5,873  6,750  7,757  8,915  10,246  11,775  13,533  15,553  17,875  20,543  23,610  27,134  31,185  35,840）
16:27:13 INFO    evtol_siting.choice_model  时间价值: 6.3  7.2  8.3  9.5  11.0  12.6  14.5  16.7  19.1  22.0  25.3  29.1  33.4  38.4  44.1  50.7  58.3  67.0  76.9  88.4  101.6  116.8  134.2  154.3 元/小时（对应月收入 2,189  2,515  2,891  3,322  3,818  4,388  5,043  5,796  6,661  7,655  8,798  10,111  11,621  13,355  15,349  17,640  20,273  23,300  26,778  30,775  35,369  40,648  46,716  53,690）
16:27:13 INFO    evtol_siting.choice_model  选择模型 [区域内积分（σ_within=0.4）]: 出行 15 km，地面 55 分钟 / 57 元，eVTOL 24 分钟 / 130 元，节省 31 分钟；采用概率 0.0564–0.0988（类间比 1.75）
16:27:13 INFO    evtol_siting.choice_model  各类人群采用概率:
 cluster  monthly_income_cny  vot_cny_per_h  p_evtol  demand_rate
       3              1868.0           5.37  0.05642     0.005642
       0              2799.0           8.04  0.05974     0.005974
       5              3613.0          10.38  0.06283     0.006283
       2              4500.0          12.93  0.06638     0.006638
       4              5605.0          16.11  0.07112     0.007112
       6              7236.0          20.79  0.07876     0.007876
       1             10840.0          31.15  0.09879     0.009879
16:27:13 INFO    evtol_siting.stage2_demand K-means 聚类完成: K=7，总需求 48720 次/日，总人口 7712263 人
16:27:13 INFO    evtol_siting.stage2_demand 类画像:
 cluster  n_cells   population  income_mean  poi_density_mean  trip_rate  monthly_income_cny  vot_cny_per_h  p_evtol  demand_trips_per_day k_selection
       3     1391 2.642034e+06     0.000000          0.000000   0.005642              1868.0           5.37  0.05642          14906.353102  silhouette
       0      327 9.403271e+05     1.533906          5.321101   0.005974              2799.0           8.04  0.05974           5617.513868  silhouette
       5      321 1.318767e+06     2.598605         13.059190   0.006283              3613.0          10.38  0.06283           8285.811407  silhouette
       2      260 1.389814e+06     3.361789         29.492308   0.006638              4500.0          12.93  0.06638           9225.585950  silhouette
       4      145 9.081153e+05     4.000721         55.172414   0.007112              5605.0          16.11  0.07112           6458.515785  silhouette
       6       62 4.214043e+05     4.560623         96.000000   0.007876              7236.0          20.79  0.07876           3318.980346  silhouette
       1       13 9.180217e+04     5.021334        170.461538   0.009879             10840.0          31.15  0.09879            906.913644  silhouette
16:27:13 INFO    evtol_siting.pipeline      ============================================================
16:27:13 INFO    evtol_siting.pipeline      阶段三：0-1 整数规划选址
16:27:13 INFO    evtol_siting.pipeline      ============================================================
16:27:14 INFO    evtol_siting.stage3_ip     [cost_priority] 需求单元 2519 个（核心 1008 个，阈值 分位数 0.60（>=20.0 次/日）），候选 1332 个，接驳时间预算 15.0 分钟，设施上限 20
16:27:15 INFO    evtol_siting.stage3_ip     [cost_priority] 最优解: 11 个起降场，总成本 3.48 亿元，需求覆盖率 97.1%，人口覆盖率 96.8%（耗时 0.63s）
16:27:15 INFO    evtol_siting.stage3_ip     [coverage_priority] 需求单元 2519 个（核心 1008 个，阈值 分位数 0.60（>=20.0 次/日）），候选 1332 个，接驳时间预算 15.0 分钟，设施上限 35
16:27:16 INFO    evtol_siting.stage3_ip     [coverage_priority] 最优解: 10 个起降场，总成本 5.14 亿元，需求覆盖率 96.5%，人口覆盖率 96.2%（耗时 0.61s）
16:27:16 INFO    evtol_siting.stage3_ip     阶段三完成: 2 个情景求解成功（cost_priority=Optimal, coverage_priority=Optimal）
16:27:16 INFO    evtol_siting.stage4_nsga2  问题实例: 2519 个需求单元（核心 1008），1332 个候选；接驳预算 15.0 分钟；单点最大可覆盖 307 个核心单元（占核心 30.5%）
16:27:16 INFO    scheme_family              候选 1332 个，需求单元 2519 个，总需求 48720 次/日
16:27:16 INFO    scheme_family              
16:27:16 INFO    scheme_family              ── 步骤 1：固定 N=11 的方案族（不同目标 → 不同布局）──
16:27:16 INFO    evtol_siting.schemes       生成固定规模方案族: N=11，4 个目标
16:27:16 INFO    evtol_siting.schemes       [最低成本] N=11 固定规模: 11 站 | 总接驳 450715 分钟·次/日 | 最差人群 9.75 分钟 | 覆盖 97.1% | 成本 3.48 亿元 | 耗时 0.5s
16:27:45 INFO    evtol_siting.schemes       [最短接驳（距离最近）] N=11 固定规模: 11 站 | 总接驳 453955 分钟·次/日 | 最差人群 9.80 分钟 | 覆盖 97.0% | 成本 6.20 亿元 | 耗时 28.9s
16:27:56 INFO    evtol_siting.schemes       [最大覆盖] N=11 固定规模: 11 站 | 总接驳 477082 分钟·次/日 | 最差人群 10.12 分钟 | 覆盖 99.2% | 成本 5.50 亿元 | 耗时 10.5s
16:28:25 INFO    evtol_siting.schemes       [最均衡体验] N=11 固定规模: 11 站 | 总接驳 445518 分钟·次/日 | 最差人群 9.64 分钟 | 覆盖 96.9% | 成本 5.98 亿元 | 耗时 29.1s
16:28:25 INFO    evtol_siting.schemes       方案族生成完成: 4/4 成功
16:28:25 INFO    scheme_family              
16:28:25 INFO    scheme_family              方案族对照（论文表）:
16:28:25 INFO    scheme_family              
      name  n_sites  cost_1e8  total_access_time  demand_coverage_pct  worst_group_access_time_min
      最低成本       11     3.480        450715.3662              97.1203                       9.7480
最短接驳（距离最近）       11     6.201        453954.6736              96.9972                       9.7982
      最大覆盖       11     5.496        477082.3213              99.1731                      10.1218
     最均衡体验       11     5.977        445518.1385              96.9278                       9.6375
16:28:25 INFO    scheme_family              
16:28:25 INFO    scheme_family              方案族内部支配关系（行是否支配列）:
16:28:25 INFO    scheme_family                 最低成本             支配: 最短接驳（距离最近）
16:28:25 INFO    scheme_family                 最短接驳（距离最近）       支配: （无）
16:28:25 INFO    scheme_family                 最大覆盖             支配: （无）
16:28:25 INFO    scheme_family                 最均衡体验            支配: （无）
16:28:25 INFO    scheme_family              
16:28:25 INFO    scheme_family              ── 步骤 2：保规模杂交（子代恒含 11 站，以方案族为初始种群）──
16:28:25 INFO    scheme_family              注入 4 个方案族个体作为初始种子
16:28:25 INFO    evtol_siting.nsga2_core    初始种群: 60 个个体 × 1332 维，站点数 恒为 11（固定规模模式，保规模算子）
16:28:33 INFO    scheme_family                 第 1/2 次: 前沿  60 解，站点数恒为 11: 是，耗时 8s
16:28:33 INFO    evtol_siting.nsga2_core    初始种群: 60 个个体 × 1332 维，站点数 恒为 11（固定规模模式，保规模算子）
16:28:45 INFO    scheme_family                 第 2/2 次: 前沿  60 解，站点数恒为 11: 是，耗时 13s
16:28:45 INFO    scheme_family                 ✓ 全部运行的解都恰好含 11 个站——保规模算子有效
16:28:45 INFO    scheme_family              
16:28:45 INFO    scheme_family              ── 步骤 3：对照（自由规模 NSGA-II，设施数由模型自定）──
16:28:45 INFO    evtol_siting.nsga2_core    初始种群: 60 个个体 × 1332 维，站点数 区间 (12, 400)（区间初始化，自由规模）
16:28:54 INFO    scheme_family                 第 1/2 次: 前沿  60 解，站点数 11–391
16:28:54 INFO    evtol_siting.nsga2_core    初始种群: 60 个个体 × 1332 维，站点数 区间 (12, 400)（区间初始化，自由规模）
16:29:04 WARNING evtol_siting.nsga2_core    帕累托前沿在 30 代内**没有改进**（HV 4.03e+08 -> 3.778e+08）。可能原因：(1) 初始种群已被 IP 解锚定在最优附近；(2) 修复算子过强，压制了搜索空间；(3) 目标间无实质权衡。建议检查目标值分布是否退化。
16:29:04 INFO    scheme_family                 第 2/2 次: 前沿  60 解，站点数 11–328
16:29:04 INFO    scheme_family              
16:29:04 INFO    scheme_family              ── 步骤 4：统一参考点下的对照 ──
16:29:16 INFO    scheme_family              
                approach  n_solutions  hypervolume  min_cost_1e8  min_unserved  min_inequity
    Scheme family (N=11)            4 1.242012e+19      3.480112    402.876962      9.637462
     Fixed-N GA breeding          102 1.717438e+19      3.124032    402.876962      9.332015
Free-cardinality NSGA-II          108 8.845025e+19      3.480112      0.000000      6.116750
16:29:16 INFO    scheme_family              
16:29:16 INFO    scheme_family              方案族中被**杂交结果支配**的：2/4（50%）
16:29:16 INFO    scheme_family              判读：若比例高，说明『杂交不同方案』确实产出了优于任一单目标方案的折中解——这正是该设计的价值所在；若为 0，说明方案族本身已在前沿上，杂交没有带来改进，应如实报告。
16:29:16 INFO    scheme_family              
16:29:16 INFO    scheme_family              ==============================================================================
16:29:16 INFO    scheme_family               完成。输出目录: evtol_siting\outputs\tables
16:29:16 INFO    scheme_family               文件: scheme_family.csv / scheme_family_ga_runs.csv / scheme_family_free_runs.csv / scheme_family_comparison.csv
16:29:16 INFO    scheme_family              ==============================================================================
16:33:52 INFO    scheme_family              ==============================================================================
16:33:52 INFO    scheme_family               固定规模方案族与保规模杂交     N = 11，data_mode = real
16:33:52 INFO    scheme_family              ==============================================================================
16:33:52 INFO    evtol_siting.pipeline      ============================================================
16:33:52 INFO    evtol_siting.pipeline      阶段一：基于 GIS 的候选起降场筛选
16:33:52 INFO    evtol_siting.pipeline      ============================================================
16:33:52 INFO    evtol_siting.pipeline      解析 PBF 提取包: sichuan-latest.osm.pbf
16:34:12 INFO    evtol_siting.data.pbf        已扫描 200000 个候选要素…
16:34:35 INFO    evtol_siting.data.pbf        已扫描 400000 个候选要素…
16:34:55 INFO    evtol_siting.data.pbf        已扫描 600000 个候选要素…
16:35:19 INFO    evtol_siting.data.pbf        已扫描 800000 个候选要素…
16:35:34 INFO    evtol_siting.data.pbf        buildings          69675 个要素
16:35:34 INFO    evtol_siting.data.pbf        poi                 8159 个要素
16:35:35 INFO    evtol_siting.data.pbf        roads              42272 个要素
16:35:36 INFO    evtol_siting.data.pbf        landuse             8430 个要素
16:35:36 INFO    evtol_siting.data.pbf        water               2252 个要素
16:35:36 INFO    evtol_siting.data.pbf        airports            1364 个要素
16:35:36 INFO    evtol_siting.data.pbf      PBF 解析完成（扫描 921830 个候选要素，输出 6 个图层）
16:35:36 INFO    evtol_siting.data.rasters  建筑高度栅格已存在: evtol_siting\data\raw\height\chengdu_building_height_10m.tif
16:35:44 INFO    evtol_siting.data.heights  高度栅格提供了 49162 栋建筑的高度（覆盖 70.6%）
16:35:44 INFO    evtol_siting.data.heights  分位数回归填补了 14650 栋建筑的高度（中位数 18.6 m）
16:35:44 INFO    evtol_siting.data.heights  高度融合结果（共 69675 栋）:
    raster_height     70.6%
    imputed           21.0%
    osm_levels         7.3%
    osm_height         1.1%
16:35:44 INFO    evtol_siting.data.heights      有标签覆盖率: 8.4% -> 融合后覆盖率: 100.0%
16:35:44 INFO    evtol_siting.data.rasters  人口栅格已存在: evtol_siting\data\raw\population\chengdu_population_100m.tif
16:35:44 INFO    evtol_siting.data.rasters  收入策略 = poi_index：经济活动指数将在阶段二由 OSM POI 构成计算（见 stage2_demand.build_poi_economic_index）
16:35:44 INFO    evtol_siting.data.rasters  DEM 已存在: evtol_siting\data\raw\dem\chengdu_dem_30m.tif
16:35:49 INFO    evtol_siting.data.rasters  坡度栅格已生成: evtol_siting\data\interim\slope.tif
16:35:50 INFO    evtol_siting.geo           栅格化完成: 单元边长 500 m, 单元数 2519, 覆盖 629.8 km²
16:35:50 INFO    evtol_siting.stage1_candidates 屋顶型筛选: 1430 / 69675 栋建筑满足 h>=20m 且 A_roof>=1600m² (2.05%)
16:35:50 INFO    evtol_siting.stage1_candidates   排除 用地类型: 30 个单元（1.2%）
16:35:50 INFO    evtol_siting.stage1_candidates   排除 水域: 55 个单元（2.2%）
16:35:50 INFO    evtol_siting.stage1_candidates   建筑覆盖率判据 (max=0.55): 剔除 4 个单元（保留 2430）；覆盖率中位数 0.05
16:35:50 INFO    evtol_siting.stage1_candidates 坡度判据: 2430 / 2430 单元满足 slope<=15° (剔除 0)
16:35:50 INFO    evtol_siting.stage1_candidates 地面型筛选: 2430 个候选（用地排除 -89，坡度排除后）
16:35:50 INFO    evtol_siting.stage1_candidates 地面型候选已按路网可达性重新评分（中位距离 91 m）
16:35:50 INFO    evtol_siting.stage1_candidates 已为 1430 个缺少 cell_id 的候选（屋顶型）补齐所属栅格单元（补齐后 3770/3860 有 cell_id）
16:35:50 INFO    evtol_siting.stage1_candidates   90 个候选落在栅格之外，改用坐标分桶作为 cell_id
16:35:50 INFO    evtol_siting.stage1_candidates   运输机场净空区 (r=4000m): 剔除 1472 个候选（占 38.1%）
16:35:50 INFO    evtol_siting.stage1_candidates   既有直升机场 (r=1000m): 剔除 178 个候选（占 4.6%）
16:35:50 INFO    evtol_siting.stage1_candidates 安全排除后剩余 2344 个候选（原有 3860）
16:35:51 INFO    evtol_siting.stage1_candidates   [ground] 类别内稀释: 1581 -> 1581
16:35:51 INFO    evtol_siting.stage1_candidates   [rooftop] 类别内稀释: 693 -> 258
16:35:52 INFO    evtol_siting.stage1_candidates 密度稀释 (c_min=500m, 每栅格<=3): 2344 -> 1332 个候选 （配额 -70，类别内间距 -435，跨类别冲突 -507）；构成: {'ground': 1076, 'rooftop': 256}
16:35:52 INFO    evtol_siting.stage1_candidates 阶段一完成: 1332 个候选起降场（屋顶型 256，地面型 1076）
16:35:52 INFO    evtol_siting.pipeline      ============================================================
16:35:52 INFO    evtol_siting.pipeline      阶段二：K-means 人群分类与需求空间化
16:35:52 INFO    evtol_siting.pipeline      ============================================================
16:35:52 INFO    evtol_siting.data.dasymetric 人口栅格分辨率 80 m 细于需求格网 500 m —— 分区求和已是正确的格网人口总量，**体积重分配在此不产生作用**，直接使用分区求和。（体积权重的价值在于把人口摊到建筑上做更细的分析，需 force=True）
16:35:52 WARNING evtol_siting.data.dasymetric 退化为按分区求和（假设人口在格网内均匀分布）
16:36:05 INFO    evtol_siting.stage2_demand 人口分配方式对比（论文 Table 用）:
    method  total_population  n_nonzero_cells  mean_per_cell  std_per_cell       cv     max_cell  top1pct_share     gini
dasymetric      7.712263e+06             2517    3061.636823   2504.238782 0.817941 12360.637527       0.032418 0.458119
   uniform      7.712263e+06             2517    3061.636823   2504.238782 0.817941 12360.637527       0.032418 0.458119
16:36:05 INFO    evtol_siting.stage2_demand 人口: 合计 7712263 人，单元中位数 2567 人（来源: zonal_sum）
16:36:05 INFO    evtol_siting.stage2_demand 未提供外部收入数据，将使用 OSM POI 构成的经济活动指数作为代理（见 data/rasters.py::build_poi_economic_index 的说明与局限）
16:36:05 INFO    evtol_siting.stage2_demand POI: 研究区内 7442 个，单元密度中位数 0 个/km²
16:36:05 INFO    evtol_siting.data.rasters  POI 经济活动指数: 范围 [0.000, 5.759]，中位数 0.000（加权 POI 总数 7949）
16:36:11 INFO    evtol_siting.stage2_demand K 选择 (silhouette): K=7，得分 0.7798，各 K 得分 {3: 0.7395, 4: 0.7588, 5: 0.7733, 6: 0.7722, 7: 0.7798, 8: 0.7784}
16:36:12 INFO    evtol_siting.choice_model  收入阶梯（K=7）: 1,868  2,799  3,613  4,500  5,605  7,236  10,840
16:36:12 INFO    evtol_siting.choice_model  时间价值: 5.4  8.0  10.4  12.9  16.1  20.8  31.1 元/小时（对应月收入 1,868  2,799  3,613  4,500  5,605  7,236  10,840）
16:36:12 INFO    evtol_siting.choice_model  时间价值: 1.1  1.2  1.4  1.6  1.9  2.2  2.5  2.9  3.3  3.8  4.4  5.0  5.8  6.6  7.6  8.7  10.0  11.5  13.3  15.2  17.5  20.1  23.1  26.6 元/小时（对应月收入 377  433  498  573  658  756  869  999  1,148  1,319  1,516  1,743  2,003  2,302  2,645  3,040  3,494  4,015  4,615  5,304  6,095  7,005  8,051  9,253）
16:36:12 INFO    evtol_siting.choice_model  时间价值: 1.6  1.9  2.1  2.5  2.8  3.3  3.7  4.3  4.9  5.7  6.5  7.5  8.6  9.9  11.4  13.1  15.0  17.3  19.9  22.8  26.2  30.2  34.7  39.8 元/小时（对应月收入 565  649  746  858  986  1,133  1,302  1,496  1,720  1,976  2,271  2,610  3,000  3,448  3,963  4,554  5,234  6,015  6,913  7,945  9,131  10,494  12,061  13,861）
16:36:12 INFO    evtol_siting.choice_model  时间价值: 2.1  2.4  2.8  3.2  3.7  4.2  4.8  5.6  6.4  7.3  8.4  9.7  11.1  12.8  14.7  16.9  19.4  22.3  25.6  29.5  33.9  38.9  44.7  51.4 元/小时（对应月收入 729  838  963  1,107  1,272  1,462  1,681  1,932  2,220  2,551  2,932  3,370  3,873  4,451  5,115  5,879  6,756  7,765  8,924  10,256  11,787  13,547  15,569  17,893）
16:36:12 INFO    evtol_siting.choice_model  时间价值: 2.6  3.0  3.4  4.0  4.6  5.2  6.0  6.9  7.9  9.1  10.5  12.1  13.9  15.9  18.3  21.0  24.2  27.8  31.9  36.7  42.2  48.5  55.7  64.0 元/小时（对应月收入 909  1,044  1,200  1,379  1,585  1,822  2,094  2,406  2,765  3,178  3,652  4,198  4,824  5,544  6,372  7,323  8,416  9,673  11,116  12,776  14,683  16,875  19,394  22,289）
16:36:12 INFO    evtol_siting.choice_model  时间价值: 3.3  3.7  4.3  4.9  5.7  6.5  7.5  8.6  9.9  11.4  13.1  15.0  17.3  19.8  22.8  26.2  30.1  34.6  39.8  45.7  52.6  60.4  69.4  79.8 元/小时（对应月收入 1,132  1,301  1,495  1,718  1,974  2,269  2,608  2,997  3,445  3,959  4,550  5,229  6,009  6,906  7,937  9,122  10,484  12,049  13,847  15,914  18,290  21,020  24,158  27,764）
16:36:12 INFO    evtol_siting.choice_model  时间价值: 4.2  4.8  5.5  6.4  7.3  8.4  9.7  11.1  12.8  14.7  16.9  19.4  22.3  25.6  29.4  33.8  38.9  44.7  51.4  59.0  67.8  78.0  89.6  103.0 元/小时（对应月收入 1,461  1,679  1,930  2,218  2,549  2,929  3,366  3,869  4,446  5,110  5,873  6,750  7,757  8,915  10,246  11,775  13,533  15,553  17,875  20,543  23,610  27,134  31,185  35,840）
16:36:12 INFO    evtol_siting.choice_model  时间价值: 6.3  7.2  8.3  9.5  11.0  12.6  14.5  16.7  19.1  22.0  25.3  29.1  33.4  38.4  44.1  50.7  58.3  67.0  76.9  88.4  101.6  116.8  134.2  154.3 元/小时（对应月收入 2,189  2,515  2,891  3,322  3,818  4,388  5,043  5,796  6,661  7,655  8,798  10,111  11,621  13,355  15,349  17,640  20,273  23,300  26,778  30,775  35,369  40,648  46,716  53,690）
16:36:12 INFO    evtol_siting.choice_model  选择模型 [区域内积分（σ_within=0.4）]: 出行 15 km，地面 55 分钟 / 57 元，eVTOL 24 分钟 / 130 元，节省 31 分钟；采用概率 0.0564–0.0988（类间比 1.75）
16:36:12 INFO    evtol_siting.choice_model  各类人群采用概率:
 cluster  monthly_income_cny  vot_cny_per_h  p_evtol  demand_rate
       3              1868.0           5.37  0.05642     0.005642
       0              2799.0           8.04  0.05974     0.005974
       5              3613.0          10.38  0.06283     0.006283
       2              4500.0          12.93  0.06638     0.006638
       4              5605.0          16.11  0.07112     0.007112
       6              7236.0          20.79  0.07876     0.007876
       1             10840.0          31.15  0.09879     0.009879
16:36:12 INFO    evtol_siting.stage2_demand K-means 聚类完成: K=7，总需求 48720 次/日，总人口 7712263 人
16:36:12 INFO    evtol_siting.stage2_demand 类画像:
 cluster  n_cells   population  income_mean  poi_density_mean  trip_rate  monthly_income_cny  vot_cny_per_h  p_evtol  demand_trips_per_day k_selection
       3     1391 2.642034e+06     0.000000          0.000000   0.005642              1868.0           5.37  0.05642          14906.353102  silhouette
       0      327 9.403271e+05     1.533906          5.321101   0.005974              2799.0           8.04  0.05974           5617.513868  silhouette
       5      321 1.318767e+06     2.598605         13.059190   0.006283              3613.0          10.38  0.06283           8285.811407  silhouette
       2      260 1.389814e+06     3.361789         29.492308   0.006638              4500.0          12.93  0.06638           9225.585950  silhouette
       4      145 9.081153e+05     4.000721         55.172414   0.007112              5605.0          16.11  0.07112           6458.515785  silhouette
       6       62 4.214043e+05     4.560623         96.000000   0.007876              7236.0          20.79  0.07876           3318.980346  silhouette
       1       13 9.180217e+04     5.021334        170.461538   0.009879             10840.0          31.15  0.09879            906.913644  silhouette
16:36:12 INFO    evtol_siting.pipeline      ============================================================
16:36:12 INFO    evtol_siting.pipeline      阶段三：0-1 整数规划选址
16:36:12 INFO    evtol_siting.pipeline      ============================================================
16:36:12 INFO    evtol_siting.stage3_ip     [cost_priority] 需求单元 2519 个（核心 1008 个，阈值 分位数 0.60（>=20.0 次/日）），候选 1332 个，接驳时间预算 15.0 分钟，设施上限 20
16:36:13 INFO    evtol_siting.stage3_ip     [cost_priority] 最优解: 11 个起降场，总成本 3.48 亿元，需求覆盖率 97.1%，人口覆盖率 96.8%（耗时 0.83s）
16:36:13 INFO    evtol_siting.stage3_ip     [coverage_priority] 需求单元 2519 个（核心 1008 个，阈值 分位数 0.60（>=20.0 次/日）），候选 1332 个，接驳时间预算 15.0 分钟，设施上限 35
16:36:14 INFO    evtol_siting.stage3_ip     [coverage_priority] 最优解: 10 个起降场，总成本 5.14 亿元，需求覆盖率 96.5%，人口覆盖率 96.2%（耗时 0.68s）
16:36:14 INFO    evtol_siting.stage3_ip     阶段三完成: 2 个情景求解成功（cost_priority=Optimal, coverage_priority=Optimal）
16:36:14 INFO    evtol_siting.stage4_nsga2  问题实例: 2519 个需求单元（核心 1008），1332 个候选；接驳预算 15.0 分钟；单点最大可覆盖 307 个核心单元（占核心 30.5%）
16:36:14 INFO    scheme_family              候选 1332 个，需求单元 2519 个，总需求 48720 次/日
16:36:14 INFO    scheme_family              
16:36:14 INFO    scheme_family              ── 步骤 1：固定 N=11 的方案族（不同目标 → 不同布局）──
16:36:14 INFO    evtol_siting.schemes       生成固定规模方案族: N=11，4 个目标
16:36:15 INFO    evtol_siting.schemes       [最低成本] N=11 固定规模: 11 站 | 总接驳 450715 分钟·次/日 | 最差人群 9.75 分钟 | 覆盖 97.1% | 成本 3.48 亿元 | 耗时 0.6s
16:43:54 INFO    evtol_siting.schemes       [最短接驳（距离最近）] N=11 固定规模: 11 站 | 总接驳 477615 分钟·次/日 | 最差人群 10.47 分钟 | 覆盖 98.7% | 成本 5.93 亿元 | 耗时 459.1s
16:44:05 INFO    evtol_siting.schemes       [最大覆盖] N=11 固定规模: 11 站 | 总接驳 477082 分钟·次/日 | 最差人群 10.12 分钟 | 覆盖 99.2% | 成本 5.50 亿元 | 耗时 11.0s
16:44:39 INFO    scheme_family              ==============================================================================
16:44:39 INFO    scheme_family               固定规模方案族与保规模杂交     N = 11，data_mode = real
16:44:39 INFO    scheme_family              ==============================================================================
16:44:39 INFO    evtol_siting.pipeline      ============================================================
16:44:39 INFO    evtol_siting.pipeline      阶段一：基于 GIS 的候选起降场筛选
16:44:39 INFO    evtol_siting.pipeline      ============================================================
16:44:39 INFO    evtol_siting.pipeline      解析 PBF 提取包: sichuan-latest.osm.pbf
16:44:57 INFO    evtol_siting.data.pbf        已扫描 200000 个候选要素…
16:45:21 INFO    evtol_siting.data.pbf        已扫描 400000 个候选要素…
16:45:42 INFO    evtol_siting.data.pbf        已扫描 600000 个候选要素…
16:46:07 INFO    evtol_siting.data.pbf        已扫描 800000 个候选要素…
16:46:23 INFO    evtol_siting.data.pbf        buildings          69675 个要素
16:46:24 INFO    evtol_siting.data.pbf        poi                 8159 个要素
16:46:25 INFO    evtol_siting.data.pbf        roads              42272 个要素
16:46:25 INFO    evtol_siting.data.pbf        landuse             8430 个要素
16:46:25 INFO    evtol_siting.data.pbf        water               2252 个要素
16:46:25 INFO    evtol_siting.data.pbf        airports            1364 个要素
16:46:25 INFO    evtol_siting.data.pbf      PBF 解析完成（扫描 921830 个候选要素，输出 6 个图层）
16:46:25 INFO    evtol_siting.data.rasters  建筑高度栅格已存在: evtol_siting\data\raw\height\chengdu_building_height_10m.tif
16:46:32 INFO    evtol_siting.data.heights  高度栅格提供了 49162 栋建筑的高度（覆盖 70.6%）
16:46:32 INFO    evtol_siting.data.heights  分位数回归填补了 14650 栋建筑的高度（中位数 18.6 m）
16:46:32 INFO    evtol_siting.data.heights  高度融合结果（共 69675 栋）:
    raster_height     70.6%
    imputed           21.0%
    osm_levels         7.3%
    osm_height         1.1%
16:46:32 INFO    evtol_siting.data.heights      有标签覆盖率: 8.4% -> 融合后覆盖率: 100.0%
16:46:32 INFO    evtol_siting.data.rasters  人口栅格已存在: evtol_siting\data\raw\population\chengdu_population_100m.tif
16:46:32 INFO    evtol_siting.data.rasters  收入策略 = poi_index：经济活动指数将在阶段二由 OSM POI 构成计算（见 stage2_demand.build_poi_economic_index）
16:46:32 INFO    evtol_siting.data.rasters  DEM 已存在: evtol_siting\data\raw\dem\chengdu_dem_30m.tif
16:46:38 INFO    evtol_siting.data.rasters  坡度栅格已生成: evtol_siting\data\interim\slope.tif
16:46:38 INFO    evtol_siting.geo           栅格化完成: 单元边长 500 m, 单元数 2519, 覆盖 629.8 km²
16:46:38 INFO    evtol_siting.stage1_candidates 屋顶型筛选: 1430 / 69675 栋建筑满足 h>=20m 且 A_roof>=1600m² (2.05%)
16:46:39 INFO    evtol_siting.stage1_candidates   排除 用地类型: 30 个单元（1.2%）
16:46:39 INFO    evtol_siting.stage1_candidates   排除 水域: 55 个单元（2.2%）
16:46:39 INFO    evtol_siting.stage1_candidates   建筑覆盖率判据 (max=0.55): 剔除 4 个单元（保留 2430）；覆盖率中位数 0.05
16:46:39 INFO    evtol_siting.stage1_candidates 坡度判据: 2430 / 2430 单元满足 slope<=15° (剔除 0)
16:46:39 INFO    evtol_siting.stage1_candidates 地面型筛选: 2430 个候选（用地排除 -89，坡度排除后）
16:46:39 INFO    evtol_siting.stage1_candidates 地面型候选已按路网可达性重新评分（中位距离 91 m）
16:46:39 INFO    evtol_siting.stage1_candidates 已为 1430 个缺少 cell_id 的候选（屋顶型）补齐所属栅格单元（补齐后 3770/3860 有 cell_id）
16:46:39 INFO    evtol_siting.stage1_candidates   90 个候选落在栅格之外，改用坐标分桶作为 cell_id
16:46:39 INFO    evtol_siting.stage1_candidates   运输机场净空区 (r=4000m): 剔除 1472 个候选（占 38.1%）
16:46:39 INFO    evtol_siting.stage1_candidates   既有直升机场 (r=1000m): 剔除 178 个候选（占 4.6%）
16:46:39 INFO    evtol_siting.stage1_candidates 安全排除后剩余 2344 个候选（原有 3860）
16:46:40 INFO    evtol_siting.stage1_candidates   [ground] 类别内稀释: 1581 -> 1581
16:46:40 INFO    evtol_siting.stage1_candidates   [rooftop] 类别内稀释: 693 -> 258
16:46:40 INFO    evtol_siting.stage1_candidates 密度稀释 (c_min=500m, 每栅格<=3): 2344 -> 1332 个候选 （配额 -70，类别内间距 -435，跨类别冲突 -507）；构成: {'ground': 1076, 'rooftop': 256}
16:46:40 INFO    evtol_siting.stage1_candidates 阶段一完成: 1332 个候选起降场（屋顶型 256，地面型 1076）
16:46:40 INFO    evtol_siting.pipeline      ============================================================
16:46:40 INFO    evtol_siting.pipeline      阶段二：K-means 人群分类与需求空间化
16:46:40 INFO    evtol_siting.pipeline      ============================================================
16:46:40 INFO    evtol_siting.data.dasymetric 人口栅格分辨率 80 m 细于需求格网 500 m —— 分区求和已是正确的格网人口总量，**体积重分配在此不产生作用**，直接使用分区求和。（体积权重的价值在于把人口摊到建筑上做更细的分析，需 force=True）
16:46:40 WARNING evtol_siting.data.dasymetric 退化为按分区求和（假设人口在格网内均匀分布）
16:46:55 INFO    evtol_siting.stage2_demand 人口分配方式对比（论文 Table 用）:
    method  total_population  n_nonzero_cells  mean_per_cell  std_per_cell       cv     max_cell  top1pct_share     gini
dasymetric      7.712263e+06             2517    3061.636823   2504.238782 0.817941 12360.637527       0.032418 0.458119
   uniform      7.712263e+06             2517    3061.636823   2504.238782 0.817941 12360.637527       0.032418 0.458119
16:46:55 INFO    evtol_siting.stage2_demand 人口: 合计 7712263 人，单元中位数 2567 人（来源: zonal_sum）
16:46:55 INFO    evtol_siting.stage2_demand 未提供外部收入数据，将使用 OSM POI 构成的经济活动指数作为代理（见 data/rasters.py::build_poi_economic_index 的说明与局限）
16:46:55 INFO    evtol_siting.stage2_demand POI: 研究区内 7442 个，单元密度中位数 0 个/km²
16:46:55 INFO    evtol_siting.data.rasters  POI 经济活动指数: 范围 [0.000, 5.759]，中位数 0.000（加权 POI 总数 7949）
16:47:02 INFO    evtol_siting.stage2_demand K 选择 (silhouette): K=7，得分 0.7798，各 K 得分 {3: 0.7395, 4: 0.7588, 5: 0.7733, 6: 0.7722, 7: 0.7798, 8: 0.7784}
16:47:03 INFO    evtol_siting.choice_model  收入阶梯（K=7）: 1,868  2,799  3,613  4,500  5,605  7,236  10,840
16:47:03 INFO    evtol_siting.choice_model  时间价值: 5.4  8.0  10.4  12.9  16.1  20.8  31.1 元/小时（对应月收入 1,868  2,799  3,613  4,500  5,605  7,236  10,840）
16:47:03 INFO    evtol_siting.choice_model  时间价值: 1.1  1.2  1.4  1.6  1.9  2.2  2.5  2.9  3.3  3.8  4.4  5.0  5.8  6.6  7.6  8.7  10.0  11.5  13.3  15.2  17.5  20.1  23.1  26.6 元/小时（对应月收入 377  433  498  573  658  756  869  999  1,148  1,319  1,516  1,743  2,003  2,302  2,645  3,040  3,494  4,015  4,615  5,304  6,095  7,005  8,051  9,253）
16:47:03 INFO    evtol_siting.choice_model  时间价值: 1.6  1.9  2.1  2.5  2.8  3.3  3.7  4.3  4.9  5.7  6.5  7.5  8.6  9.9  11.4  13.1  15.0  17.3  19.9  22.8  26.2  30.2  34.7  39.8 元/小时（对应月收入 565  649  746  858  986  1,133  1,302  1,496  1,720  1,976  2,271  2,610  3,000  3,448  3,963  4,554  5,234  6,015  6,913  7,945  9,131  10,494  12,061  13,861）
16:47:03 INFO    evtol_siting.choice_model  时间价值: 2.1  2.4  2.8  3.2  3.7  4.2  4.8  5.6  6.4  7.3  8.4  9.7  11.1  12.8  14.7  16.9  19.4  22.3  25.6  29.5  33.9  38.9  44.7  51.4 元/小时（对应月收入 729  838  963  1,107  1,272  1,462  1,681  1,932  2,220  2,551  2,932  3,370  3,873  4,451  5,115  5,879  6,756  7,765  8,924  10,256  11,787  13,547  15,569  17,893）
16:47:03 INFO    evtol_siting.choice_model  时间价值: 2.6  3.0  3.4  4.0  4.6  5.2  6.0  6.9  7.9  9.1  10.5  12.1  13.9  15.9  18.3  21.0  24.2  27.8  31.9  36.7  42.2  48.5  55.7  64.0 元/小时（对应月收入 909  1,044  1,200  1,379  1,585  1,822  2,094  2,406  2,765  3,178  3,652  4,198  4,824  5,544  6,372  7,323  8,416  9,673  11,116  12,776  14,683  16,875  19,394  22,289）
16:47:03 INFO    evtol_siting.choice_model  时间价值: 3.3  3.7  4.3  4.9  5.7  6.5  7.5  8.6  9.9  11.4  13.1  15.0  17.3  19.8  22.8  26.2  30.1  34.6  39.8  45.7  52.6  60.4  69.4  79.8 元/小时（对应月收入 1,132  1,301  1,495  1,718  1,974  2,269  2,608  2,997  3,445  3,959  4,550  5,229  6,009  6,906  7,937  9,122  10,484  12,049  13,847  15,914  18,290  21,020  24,158  27,764）
16:47:03 INFO    evtol_siting.choice_model  时间价值: 4.2  4.8  5.5  6.4  7.3  8.4  9.7  11.1  12.8  14.7  16.9  19.4  22.3  25.6  29.4  33.8  38.9  44.7  51.4  59.0  67.8  78.0  89.6  103.0 元/小时（对应月收入 1,461  1,679  1,930  2,218  2,549  2,929  3,366  3,869  4,446  5,110  5,873  6,750  7,757  8,915  10,246  11,775  13,533  15,553  17,875  20,543  23,610  27,134  31,185  35,840）
16:47:03 INFO    evtol_siting.choice_model  时间价值: 6.3  7.2  8.3  9.5  11.0  12.6  14.5  16.7  19.1  22.0  25.3  29.1  33.4  38.4  44.1  50.7  58.3  67.0  76.9  88.4  101.6  116.8  134.2  154.3 元/小时（对应月收入 2,189  2,515  2,891  3,322  3,818  4,388  5,043  5,796  6,661  7,655  8,798  10,111  11,621  13,355  15,349  17,640  20,273  23,300  26,778  30,775  35,369  40,648  46,716  53,690）
16:47:03 INFO    evtol_siting.choice_model  选择模型 [区域内积分（σ_within=0.4）]: 出行 15 km，地面 55 分钟 / 57 元，eVTOL 24 分钟 / 130 元，节省 31 分钟；采用概率 0.0564–0.0988（类间比 1.75）
16:47:03 INFO    evtol_siting.choice_model  各类人群采用概率:
 cluster  monthly_income_cny  vot_cny_per_h  p_evtol  demand_rate
       3              1868.0           5.37  0.05642     0.005642
       0              2799.0           8.04  0.05974     0.005974
       5              3613.0          10.38  0.06283     0.006283
       2              4500.0          12.93  0.06638     0.006638
       4              5605.0          16.11  0.07112     0.007112
       6              7236.0          20.79  0.07876     0.007876
       1             10840.0          31.15  0.09879     0.009879
16:47:03 INFO    evtol_siting.stage2_demand K-means 聚类完成: K=7，总需求 48720 次/日，总人口 7712263 人
16:47:03 INFO    evtol_siting.stage2_demand 类画像:
 cluster  n_cells   population  income_mean  poi_density_mean  trip_rate  monthly_income_cny  vot_cny_per_h  p_evtol  demand_trips_per_day k_selection
       3     1391 2.642034e+06     0.000000          0.000000   0.005642              1868.0           5.37  0.05642          14906.353102  silhouette
       0      327 9.403271e+05     1.533906          5.321101   0.005974              2799.0           8.04  0.05974           5617.513868  silhouette
       5      321 1.318767e+06     2.598605         13.059190   0.006283              3613.0          10.38  0.06283           8285.811407  silhouette
       2      260 1.389814e+06     3.361789         29.492308   0.006638              4500.0          12.93  0.06638           9225.585950  silhouette
       4      145 9.081153e+05     4.000721         55.172414   0.007112              5605.0          16.11  0.07112           6458.515785  silhouette
       6       62 4.214043e+05     4.560623         96.000000   0.007876              7236.0          20.79  0.07876           3318.980346  silhouette
       1       13 9.180217e+04     5.021334        170.461538   0.009879             10840.0          31.15  0.09879            906.913644  silhouette
16:47:03 INFO    evtol_siting.pipeline      ============================================================
16:47:03 INFO    evtol_siting.pipeline      阶段三：0-1 整数规划选址
16:47:03 INFO    evtol_siting.pipeline      ============================================================
16:47:03 INFO    evtol_siting.stage3_ip     [cost_priority] 需求单元 2519 个（核心 1008 个，阈值 分位数 0.60（>=20.0 次/日）），候选 1332 个，接驳时间预算 15.0 分钟，设施上限 20
16:47:04 INFO    evtol_siting.stage3_ip     [cost_priority] 最优解: 11 个起降场，总成本 3.48 亿元，需求覆盖率 97.1%，人口覆盖率 96.8%（耗时 0.65s）
16:47:04 INFO    evtol_siting.stage3_ip     [coverage_priority] 需求单元 2519 个（核心 1008 个，阈值 分位数 0.60（>=20.0 次/日）），候选 1332 个，接驳时间预算 15.0 分钟，设施上限 35
16:47:05 INFO    evtol_siting.stage3_ip     [coverage_priority] 最优解: 10 个起降场，总成本 5.14 亿元，需求覆盖率 96.5%，人口覆盖率 96.2%（耗时 0.65s）
16:47:05 INFO    evtol_siting.stage3_ip     阶段三完成: 2 个情景求解成功（cost_priority=Optimal, coverage_priority=Optimal）
16:47:05 INFO    evtol_siting.stage4_nsga2  问题实例: 2519 个需求单元（核心 1008），1332 个候选；接驳预算 15.0 分钟；单点最大可覆盖 307 个核心单元（占核心 30.5%）
16:47:05 INFO    scheme_family              候选 1332 个，需求单元 2519 个，总需求 48720 次/日
16:47:05 INFO    scheme_family              
16:47:05 INFO    scheme_family              ── 步骤 1：固定 N=11 的方案族（不同目标 → 不同布局）──
16:47:05 INFO    evtol_siting.schemes       生成固定规模方案族: N=11，4 个目标
16:47:06 INFO    evtol_siting.schemes       [最低成本] N=11 固定规模: 11 站 | 总接驳 450715 分钟·次/日 | 最差人群 9.75 分钟 | 覆盖 97.1% | 成本 3.48 亿元 | 耗时 0.6s
16:48:07 INFO    evtol_siting.schemes       [最短接驳（距离最近）] N=11 固定规模: 11 站 | 总接驳 448886 分钟·次/日 | 最差人群 11.00 分钟 | 覆盖 97.6% | 成本 5.88 亿元 | 耗时 61.1s
16:48:18 INFO    evtol_siting.schemes       [最大覆盖] N=11 固定规模: 11 站 | 总接驳 477082 分钟·次/日 | 最差人群 10.12 分钟 | 覆盖 99.2% | 成本 5.50 亿元 | 耗时 10.8s
18:04:07 INFO    scheme_family              ==============================================================================
18:04:07 INFO    scheme_family               固定规模方案族与保规模杂交     N = 11，data_mode = real
18:04:07 INFO    scheme_family              ==============================================================================
18:04:07 INFO    evtol_siting.pipeline      ============================================================
18:04:07 INFO    evtol_siting.pipeline      阶段一：基于 GIS 的候选起降场筛选
18:04:07 INFO    evtol_siting.pipeline      ============================================================
18:04:07 INFO    evtol_siting.pipeline      解析 PBF 提取包: sichuan-latest.osm.pbf
18:04:15 INFO    evtol_siting.data.pbf        已扫描 200000 个候选要素…
18:04:24 INFO    evtol_siting.data.pbf        已扫描 400000 个候选要素…
18:04:32 INFO    evtol_siting.data.pbf        已扫描 600000 个候选要素…
18:04:41 INFO    evtol_siting.data.pbf        已扫描 800000 个候选要素…
18:04:48 INFO    evtol_siting.data.pbf        buildings          69675 个要素
18:04:48 INFO    evtol_siting.data.pbf        poi                 8159 个要素
18:04:48 INFO    evtol_siting.data.pbf        roads              42272 个要素
18:04:48 INFO    evtol_siting.data.pbf        landuse             8430 个要素
18:04:48 INFO    evtol_siting.data.pbf        water               2252 个要素
18:04:48 INFO    evtol_siting.data.pbf        airports            1364 个要素
18:04:48 INFO    evtol_siting.data.pbf      PBF 解析完成（扫描 921830 个候选要素，输出 6 个图层）
18:04:49 INFO    evtol_siting.data.rasters  建筑高度栅格已存在: evtol_siting\data\raw\height\chengdu_building_height_10m.tif
18:04:51 INFO    evtol_siting.data.heights  高度栅格提供了 49162 栋建筑的高度（覆盖 70.6%）
18:04:51 INFO    evtol_siting.data.heights  分位数回归填补了 14650 栋建筑的高度（中位数 18.6 m）
18:04:51 INFO    evtol_siting.data.heights  高度融合结果（共 69675 栋）:
    raster_height     70.6%
    imputed           21.0%
    osm_levels         7.3%
    osm_height         1.1%
18:04:51 INFO    evtol_siting.data.heights      有标签覆盖率: 8.4% -> 融合后覆盖率: 100.0%
18:04:51 INFO    evtol_siting.data.rasters  人口栅格已存在: evtol_siting\data\raw\population\chengdu_population_100m.tif
18:04:51 INFO    evtol_siting.data.rasters  收入策略 = poi_index：经济活动指数将在阶段二由 OSM POI 构成计算（见 stage2_demand.build_poi_economic_index）
18:04:51 INFO    evtol_siting.data.rasters  DEM 已存在: evtol_siting\data\raw\dem\chengdu_dem_30m.tif
18:04:54 INFO    evtol_siting.data.rasters  坡度栅格已生成: evtol_siting\data\interim\slope.tif
18:04:54 INFO    evtol_siting.geo           栅格化完成: 单元边长 500 m, 单元数 2519, 覆盖 629.8 km²
18:04:54 INFO    evtol_siting.stage1_candidates 屋顶型筛选: 1430 / 69675 栋建筑满足 h>=20m 且 A_roof>=1600m² (2.05%)
18:04:54 INFO    evtol_siting.stage1_candidates   排除 用地类型: 30 个单元（1.2%）
18:04:54 INFO    evtol_siting.stage1_candidates   排除 水域: 55 个单元（2.2%）
18:04:54 INFO    evtol_siting.stage1_candidates   建筑覆盖率判据 (max=0.55): 剔除 4 个单元（保留 2430）；覆盖率中位数 0.05
18:04:54 INFO    evtol_siting.stage1_candidates 坡度判据: 2430 / 2430 单元满足 slope<=15° (剔除 0)
18:04:54 INFO    evtol_siting.stage1_candidates 地面型筛选: 2430 个候选（用地排除 -89，坡度排除后）
18:04:54 INFO    evtol_siting.stage1_candidates 地面型候选已按路网可达性重新评分（中位距离 91 m）
18:04:54 INFO    evtol_siting.stage1_candidates 已为 1430 个缺少 cell_id 的候选（屋顶型）补齐所属栅格单元（补齐后 3770/3860 有 cell_id）
18:04:54 INFO    evtol_siting.stage1_candidates   90 个候选落在栅格之外，改用坐标分桶作为 cell_id
18:04:54 INFO    evtol_siting.stage1_candidates   运输机场净空区 (r=4000m): 剔除 1472 个候选（占 38.1%）
18:04:54 INFO    evtol_siting.stage1_candidates   既有直升机场 (r=1000m): 剔除 178 个候选（占 4.6%）
18:04:54 INFO    evtol_siting.stage1_candidates 安全排除后剩余 2344 个候选（原有 3860）
18:04:54 INFO    evtol_siting.stage1_candidates   [ground] 类别内稀释: 1581 -> 1581
18:04:54 INFO    evtol_siting.stage1_candidates   [rooftop] 类别内稀释: 693 -> 258
18:04:55 INFO    evtol_siting.stage1_candidates 密度稀释 (c_min=500m, 每栅格<=3): 2344 -> 1332 个候选 （配额 -70，类别内间距 -435，跨类别冲突 -507）；构成: {'ground': 1076, 'rooftop': 256}
18:04:55 INFO    evtol_siting.stage1_candidates 阶段一完成: 1332 个候选起降场（屋顶型 256，地面型 1076）
18:04:55 INFO    evtol_siting.pipeline      ============================================================
18:04:55 INFO    evtol_siting.pipeline      阶段二：K-means 人群分类与需求空间化
18:04:55 INFO    evtol_siting.pipeline      ============================================================
18:04:55 INFO    evtol_siting.data.dasymetric 人口栅格分辨率 80 m 细于需求格网 500 m —— 分区求和已是正确的格网人口总量，**体积重分配在此不产生作用**，直接使用分区求和。（体积权重的价值在于把人口摊到建筑上做更细的分析，需 force=True）
18:04:55 WARNING evtol_siting.data.dasymetric 退化为按分区求和（假设人口在格网内均匀分布）
18:05:00 INFO    evtol_siting.stage2_demand 人口分配方式对比（论文 Table 用）:
    method  total_population  n_nonzero_cells  mean_per_cell  std_per_cell       cv     max_cell  top1pct_share     gini
dasymetric      7.712263e+06             2517    3061.636823   2504.238782 0.817941 12360.637527       0.032418 0.458119
   uniform      7.712263e+06             2517    3061.636823   2504.238782 0.817941 12360.637527       0.032418 0.458119
18:05:00 INFO    evtol_siting.stage2_demand 人口: 合计 7712263 人，单元中位数 2567 人（来源: zonal_sum）
18:05:00 INFO    evtol_siting.stage2_demand 未提供外部收入数据，将使用 OSM POI 构成的经济活动指数作为代理（见 data/rasters.py::build_poi_economic_index 的说明与局限）
18:05:00 INFO    evtol_siting.stage2_demand POI: 研究区内 7442 个，单元密度中位数 0 个/km²
18:05:00 INFO    evtol_siting.data.rasters  POI 经济活动指数: 范围 [0.000, 5.759]，中位数 0.000（加权 POI 总数 7949）
18:05:05 INFO    evtol_siting.stage2_demand K 选择 (silhouette): K=7，得分 0.7798，各 K 得分 {3: 0.7395, 4: 0.7588, 5: 0.7733, 6: 0.7722, 7: 0.7798, 8: 0.7784}
18:05:05 INFO    evtol_siting.choice_model  收入阶梯（K=7）: 1,868  2,799  3,613  4,500  5,605  7,236  10,840
18:05:05 INFO    evtol_siting.choice_model  时间价值: 5.4  8.0  10.4  12.9  16.1  20.8  31.1 元/小时（对应月收入 1,868  2,799  3,613  4,500  5,605  7,236  10,840）
18:05:05 INFO    evtol_siting.choice_model  时间价值: 1.1  1.2  1.4  1.6  1.9  2.2  2.5  2.9  3.3  3.8  4.4  5.0  5.8  6.6  7.6  8.7  10.0  11.5  13.3  15.2  17.5  20.1  23.1  26.6 元/小时（对应月收入 377  433  498  573  658  756  869  999  1,148  1,319  1,516  1,743  2,003  2,302  2,645  3,040  3,494  4,015  4,615  5,304  6,095  7,005  8,051  9,253）
18:05:05 INFO    evtol_siting.choice_model  时间价值: 1.6  1.9  2.1  2.5  2.8  3.3  3.7  4.3  4.9  5.7  6.5  7.5  8.6  9.9  11.4  13.1  15.0  17.3  19.9  22.8  26.2  30.2  34.7  39.8 元/小时（对应月收入 565  649  746  858  986  1,133  1,302  1,496  1,720  1,976  2,271  2,610  3,000  3,448  3,963  4,554  5,234  6,015  6,913  7,945  9,131  10,494  12,061  13,861）
18:05:05 INFO    evtol_siting.choice_model  时间价值: 2.1  2.4  2.8  3.2  3.7  4.2  4.8  5.6  6.4  7.3  8.4  9.7  11.1  12.8  14.7  16.9  19.4  22.3  25.6  29.5  33.9  38.9  44.7  51.4 元/小时（对应月收入 729  838  963  1,107  1,272  1,462  1,681  1,932  2,220  2,551  2,932  3,370  3,873  4,451  5,115  5,879  6,756  7,765  8,924  10,256  11,787  13,547  15,569  17,893）
18:05:05 INFO    evtol_siting.choice_model  时间价值: 2.6  3.0  3.4  4.0  4.6  5.2  6.0  6.9  7.9  9.1  10.5  12.1  13.9  15.9  18.3  21.0  24.2  27.8  31.9  36.7  42.2  48.5  55.7  64.0 元/小时（对应月收入 909  1,044  1,200  1,379  1,585  1,822  2,094  2,406  2,765  3,178  3,652  4,198  4,824  5,544  6,372  7,323  8,416  9,673  11,116  12,776  14,683  16,875  19,394  22,289）
18:05:05 INFO    evtol_siting.choice_model  时间价值: 3.3  3.7  4.3  4.9  5.7  6.5  7.5  8.6  9.9  11.4  13.1  15.0  17.3  19.8  22.8  26.2  30.1  34.6  39.8  45.7  52.6  60.4  69.4  79.8 元/小时（对应月收入 1,132  1,301  1,495  1,718  1,974  2,269  2,608  2,997  3,445  3,959  4,550  5,229  6,009  6,906  7,937  9,122  10,484  12,049  13,847  15,914  18,290  21,020  24,158  27,764）
18:05:05 INFO    evtol_siting.choice_model  时间价值: 4.2  4.8  5.5  6.4  7.3  8.4  9.7  11.1  12.8  14.7  16.9  19.4  22.3  25.6  29.4  33.8  38.9  44.7  51.4  59.0  67.8  78.0  89.6  103.0 元/小时（对应月收入 1,461  1,679  1,930  2,218  2,549  2,929  3,366  3,869  4,446  5,110  5,873  6,750  7,757  8,915  10,246  11,775  13,533  15,553  17,875  20,543  23,610  27,134  31,185  35,840）
18:05:05 INFO    evtol_siting.choice_model  时间价值: 6.3  7.2  8.3  9.5  11.0  12.6  14.5  16.7  19.1  22.0  25.3  29.1  33.4  38.4  44.1  50.7  58.3  67.0  76.9  88.4  101.6  116.8  134.2  154.3 元/小时（对应月收入 2,189  2,515  2,891  3,322  3,818  4,388  5,043  5,796  6,661  7,655  8,798  10,111  11,621  13,355  15,349  17,640  20,273  23,300  26,778  30,775  35,369  40,648  46,716  53,690）
18:05:05 INFO    evtol_siting.choice_model  选择模型 [区域内积分（σ_within=0.4）]: 出行 15 km，地面 55 分钟 / 57 元，eVTOL 24 分钟 / 130 元，节省 31 分钟；采用概率 0.0564–0.0988（类间比 1.75）
18:05:05 INFO    evtol_siting.choice_model  各类人群采用概率:
 cluster  monthly_income_cny  vot_cny_per_h  p_evtol  demand_rate
       3              1868.0           5.37  0.05642     0.005642
       0              2799.0           8.04  0.05974     0.005974
       5              3613.0          10.38  0.06283     0.006283
       2              4500.0          12.93  0.06638     0.006638
       4              5605.0          16.11  0.07112     0.007112
       6              7236.0          20.79  0.07876     0.007876
       1             10840.0          31.15  0.09879     0.009879
18:05:05 INFO    evtol_siting.stage2_demand K-means 聚类完成: K=7，总需求 48720 次/日，总人口 7712263 人
18:05:05 INFO    evtol_siting.stage2_demand 类画像:
 cluster  n_cells   population  income_mean  poi_density_mean  trip_rate  monthly_income_cny  vot_cny_per_h  p_evtol  demand_trips_per_day k_selection
       3     1391 2.642034e+06     0.000000          0.000000   0.005642              1868.0           5.37  0.05642          14906.353102  silhouette
       0      327 9.403271e+05     1.533906          5.321101   0.005974              2799.0           8.04  0.05974           5617.513868  silhouette
       5      321 1.318767e+06     2.598605         13.059190   0.006283              3613.0          10.38  0.06283           8285.811407  silhouette
       2      260 1.389814e+06     3.361789         29.492308   0.006638              4500.0          12.93  0.06638           9225.585950  silhouette
       4      145 9.081153e+05     4.000721         55.172414   0.007112              5605.0          16.11  0.07112           6458.515785  silhouette
       6       62 4.214043e+05     4.560623         96.000000   0.007876              7236.0          20.79  0.07876           3318.980346  silhouette
       1       13 9.180217e+04     5.021334        170.461538   0.009879             10840.0          31.15  0.09879            906.913644  silhouette
18:05:05 INFO    evtol_siting.pipeline      ============================================================
18:05:05 INFO    evtol_siting.pipeline      阶段三：0-1 整数规划选址
18:05:05 INFO    evtol_siting.pipeline      ============================================================
18:05:05 INFO    evtol_siting.stage3_ip     [cost_priority] 需求单元 2519 个（核心 1008 个，阈值 分位数 0.60（>=20.0 次/日）），候选 1332 个，接驳时间预算 15.0 分钟，设施上限 20
18:05:06 INFO    evtol_siting.stage3_ip     [cost_priority] 最优解: 11 个起降场，总成本 3.48 亿元，需求覆盖率 97.1%，人口覆盖率 96.8%（耗时 0.40s）
18:05:06 INFO    evtol_siting.stage3_ip     [coverage_priority] 需求单元 2519 个（核心 1008 个，阈值 分位数 0.60（>=20.0 次/日）），候选 1332 个，接驳时间预算 15.0 分钟，设施上限 35
18:05:06 INFO    evtol_siting.stage3_ip     [coverage_priority] 最优解: 10 个起降场，总成本 5.14 亿元，需求覆盖率 96.5%，人口覆盖率 96.2%（耗时 0.39s）
18:05:06 INFO    evtol_siting.stage3_ip     阶段三完成: 2 个情景求解成功（cost_priority=Optimal, coverage_priority=Optimal）
18:05:06 INFO    evtol_siting.stage4_nsga2  问题实例: 2519 个需求单元（核心 1008），1332 个候选；接驳预算 15.0 分钟；单点最大可覆盖 307 个核心单元（占核心 30.5%）
18:05:06 INFO    scheme_family              候选 1332 个，需求单元 2519 个，总需求 48720 次/日
18:05:06 INFO    scheme_family              
18:05:06 INFO    scheme_family              ── 步骤 1：固定 N=11 的方案族（不同目标 → 不同布局）──
18:05:06 INFO    evtol_siting.schemes       生成固定规模方案族: N=11，4 个目标
18:05:06 INFO    evtol_siting.schemes       [最低成本] N=11 固定规模: 11 站 | 总接驳 450715 分钟·次/日 | 最差人群 9.75 分钟 | 覆盖 97.1% | 成本 3.48 亿元 | 耗时 0.3s
18:05:36 INFO    evtol_siting.schemes       [最短接驳（距离最近）] N=11 固定规模: 11 站 | 总接驳 448886 分钟·次/日 | 最差人群 11.00 分钟 | 覆盖 97.6% | 成本 5.88 亿元 | 耗时 29.3s
18:05:43 INFO    evtol_siting.schemes       [最大覆盖] N=11 固定规模: 11 站 | 总接驳 477082 分钟·次/日 | 最差人群 10.12 分钟 | 覆盖 99.2% | 成本 5.50 亿元 | 耗时 7.4s
18:18:47 INFO    evtol_siting.schemes       [最均衡体验] N=11 固定规模: 11 站 | 总接驳 477615 分钟·次/日 | 最差人群 10.47 分钟 | 覆盖 98.7% | 成本 5.93 亿元 | 耗时 783.6s
18:18:47 INFO    evtol_siting.schemes       方案族生成完成: 4/4 成功
18:18:47 INFO    scheme_family              
18:18:47 INFO    scheme_family              方案族对照（论文表）:
18:18:47 INFO    scheme_family              
      name  n_sites  cost_1e8  total_access_time  demand_coverage_pct  worst_group_access_time_min
      最低成本       11     3.480        450715.3662              97.1203                       9.7480
最短接驳（距离最近）       11     5.882        448886.4717              97.6058                      10.9996
      最大覆盖       11     5.496        477082.3213              99.1731                      10.1218
     最均衡体验       11     5.935        477615.3632              98.7007                      10.4688
18:18:47 INFO    scheme_family              
18:18:47 INFO    scheme_family              方案族内部支配关系（行是否支配列）:
18:18:47 INFO    scheme_family                 最低成本             支配: （无）
18:18:47 INFO    scheme_family                 最短接驳（距离最近）       支配: （无）
18:18:47 INFO    scheme_family                 最大覆盖             支配: 最均衡体验
18:18:47 INFO    scheme_family                 最均衡体验            支配: （无）
18:18:47 INFO    scheme_family              
18:18:47 INFO    scheme_family              ── 步骤 2：保规模杂交（子代恒含 11 站，以方案族为初始种群）──
18:18:47 INFO    scheme_family              注入 4 个方案族个体作为初始种子
18:18:47 INFO    evtol_siting.nsga2_core    初始种群: 100 个个体 × 1332 维，站点数 恒为 11（固定规模模式，保规模算子）
18:19:28 INFO    scheme_family                 第 1/5 次: 前沿 100 解，站点数恒为 11: 是，耗时 41s
18:19:28 INFO    evtol_siting.nsga2_core    初始种群: 100 个个体 × 1332 维，站点数 恒为 11（固定规模模式，保规模算子）
18:20:10 INFO    scheme_family                 第 2/5 次: 前沿 100 解，站点数恒为 11: 是，耗时 42s
18:20:10 INFO    evtol_siting.nsga2_core    初始种群: 100 个个体 × 1332 维，站点数 恒为 11（固定规模模式，保规模算子）
18:20:51 INFO    scheme_family                 第 3/5 次: 前沿 100 解，站点数恒为 11: 是，耗时 41s
18:20:51 INFO    evtol_siting.nsga2_core    初始种群: 100 个个体 × 1332 维，站点数 恒为 11（固定规模模式，保规模算子）
18:21:32 INFO    scheme_family                 第 4/5 次: 前沿 100 解，站点数恒为 11: 是，耗时 41s
18:21:32 INFO    evtol_siting.nsga2_core    初始种群: 100 个个体 × 1332 维，站点数 恒为 11（固定规模模式，保规模算子）
18:22:14 INFO    scheme_family                 第 5/5 次: 前沿 100 解，站点数恒为 11: 是，耗时 42s
18:22:14 INFO    scheme_family                 ✓ 全部运行的解都恰好含 11 个站——保规模算子有效
18:22:14 INFO    scheme_family              
18:22:14 INFO    scheme_family              ── 步骤 3：对照（自由规模 NSGA-II，设施数由模型自定）──
18:22:14 INFO    evtol_siting.nsga2_core    初始种群: 100 个个体 × 1332 维，站点数 区间 (12, 400)（区间初始化，自由规模）
18:22:33 INFO    scheme_family                 第 1/5 次: 前沿 100 解，站点数 11–392
18:22:33 INFO    evtol_siting.nsga2_core    初始种群: 100 个个体 × 1332 维，站点数 区间 (12, 400)（区间初始化，自由规模）
18:22:52 INFO    scheme_family                 第 2/5 次: 前沿 100 解，站点数 11–389
18:22:52 INFO    evtol_siting.nsga2_core    初始种群: 100 个个体 × 1332 维，站点数 区间 (12, 400)（区间初始化，自由规模）
18:23:12 INFO    scheme_family                 第 3/5 次: 前沿 100 解，站点数 11–403
18:23:12 INFO    evtol_siting.nsga2_core    初始种群: 100 个个体 × 1332 维，站点数 区间 (12, 400)（区间初始化，自由规模）
18:23:33 INFO    scheme_family                 第 4/5 次: 前沿 100 解，站点数 11–400
18:23:33 INFO    evtol_siting.nsga2_core    初始种群: 100 个个体 × 1332 维，站点数 区间 (12, 400)（区间初始化，自由规模）
18:23:53 INFO    scheme_family                 第 5/5 次: 前沿 100 解，站点数 11–389
18:23:53 INFO    scheme_family              
18:23:53 INFO    scheme_family              ── 步骤 4：统一参考点下的对照 ──
18:24:09 INFO    scheme_family              
                approach  n_solutions  hypervolume  min_cost_1e8  min_unserved  min_inequity
    Scheme family (N=11)            4 1.833973e+19      3.480112    402.876962      9.747988
     Fixed-N GA breeding          295 2.894603e+19      3.068950    402.876962      9.254410
Free-cardinality NSGA-II          270 1.256056e+20      3.480112      0.000000      5.886887
18:24:09 INFO    scheme_family              
18:24:09 INFO    scheme_family              方案族中被**杂交结果支配**的：2/4（50%）
18:24:09 INFO    scheme_family              判读：若比例高，说明『杂交不同方案』确实产出了优于任一单目标方案的折中解——这正是该设计的价值所在；若为 0，说明方案族本身已在前沿上，杂交没有带来改进，应如实报告。
18:24:09 INFO    scheme_family              
18:24:09 INFO    scheme_family              ==============================================================================
18:24:09 INFO    scheme_family               完成。输出目录: evtol_siting\outputs\tables
18:24:09 INFO    scheme_family               文件: scheme_family.csv / scheme_family_ga_runs.csv / scheme_family_free_runs.csv / scheme_family_comparison.csv
18:24:09 INFO    scheme_family              ==============================================================================
18:30:26 INFO    scheme_family              ==============================================================================
18:30:26 INFO    scheme_family               固定规模方案族与保规模杂交     N = 11，data_mode = real
18:30:26 INFO    scheme_family              ==============================================================================
18:30:26 INFO    evtol_siting.pipeline      ============================================================
18:30:26 INFO    evtol_siting.pipeline      阶段一：基于 GIS 的候选起降场筛选
18:30:26 INFO    evtol_siting.pipeline      ============================================================
18:30:26 INFO    evtol_siting.pipeline      解析 PBF 提取包: sichuan-latest.osm.pbf
18:30:35 INFO    evtol_siting.data.pbf        已扫描 200000 个候选要素…
18:30:44 INFO    evtol_siting.data.pbf        已扫描 400000 个候选要素…
18:30:52 INFO    evtol_siting.data.pbf        已扫描 600000 个候选要素…
18:31:01 INFO    evtol_siting.data.pbf        已扫描 800000 个候选要素…
18:31:07 INFO    evtol_siting.data.pbf        buildings          69675 个要素
18:31:07 INFO    evtol_siting.data.pbf        poi                 8159 个要素
18:31:08 INFO    evtol_siting.data.pbf        roads              42272 个要素
18:31:08 INFO    evtol_siting.data.pbf        landuse             8430 个要素
18:31:08 INFO    evtol_siting.data.pbf        water               2252 个要素
18:31:08 INFO    evtol_siting.data.pbf        airports            1364 个要素
18:31:08 INFO    evtol_siting.data.pbf      PBF 解析完成（扫描 921830 个候选要素，输出 6 个图层）
18:31:08 INFO    evtol_siting.data.rasters  建筑高度栅格已存在: evtol_siting\data\raw\height\chengdu_building_height_10m.tif
18:31:10 INFO    evtol_siting.data.heights  高度栅格提供了 49162 栋建筑的高度（覆盖 70.6%）
18:31:10 INFO    evtol_siting.data.heights  分位数回归填补了 14650 栋建筑的高度（中位数 18.6 m）
18:31:10 INFO    evtol_siting.data.heights  高度融合结果（共 69675 栋）:
    raster_height     70.6%
    imputed           21.0%
    osm_levels         7.3%
    osm_height         1.1%
18:31:10 INFO    evtol_siting.data.heights      有标签覆盖率: 8.4% -> 融合后覆盖率: 100.0%
18:31:10 INFO    evtol_siting.data.rasters  人口栅格已存在: evtol_siting\data\raw\population\chengdu_population_100m.tif
18:31:10 INFO    evtol_siting.data.rasters  收入策略 = poi_index：经济活动指数将在阶段二由 OSM POI 构成计算（见 stage2_demand.build_poi_economic_index）
18:31:10 INFO    evtol_siting.data.rasters  DEM 已存在: evtol_siting\data\raw\dem\chengdu_dem_30m.tif
18:31:13 INFO    evtol_siting.data.rasters  坡度栅格已生成: evtol_siting\data\interim\slope.tif
18:31:13 INFO    evtol_siting.geo           栅格化完成: 单元边长 500 m, 单元数 2519, 覆盖 629.8 km²
18:31:13 INFO    evtol_siting.stage1_candidates 屋顶型筛选: 1430 / 69675 栋建筑满足 h>=20m 且 A_roof>=1600m² (2.05%)
18:31:13 INFO    evtol_siting.stage1_candidates   排除 用地类型: 30 个单元（1.2%）
18:31:13 INFO    evtol_siting.stage1_candidates   排除 水域: 55 个单元（2.2%）
18:31:13 INFO    evtol_siting.stage1_candidates   建筑覆盖率判据 (max=0.55): 剔除 4 个单元（保留 2430）；覆盖率中位数 0.05
18:31:13 INFO    evtol_siting.stage1_candidates 坡度判据: 2430 / 2430 单元满足 slope<=15° (剔除 0)
18:31:13 INFO    evtol_siting.stage1_candidates 地面型筛选: 2430 个候选（用地排除 -89，坡度排除后）
18:31:13 INFO    evtol_siting.stage1_candidates 地面型候选已按路网可达性重新评分（中位距离 91 m）
18:31:13 INFO    evtol_siting.stage1_candidates 已为 1430 个缺少 cell_id 的候选（屋顶型）补齐所属栅格单元（补齐后 3770/3860 有 cell_id）
18:31:13 INFO    evtol_siting.stage1_candidates   90 个候选落在栅格之外，改用坐标分桶作为 cell_id
18:31:13 INFO    evtol_siting.stage1_candidates   运输机场净空区 (r=4000m): 剔除 1472 个候选（占 38.1%）
18:31:13 INFO    evtol_siting.stage1_candidates   既有直升机场 (r=1000m): 剔除 178 个候选（占 4.6%）
18:31:13 INFO    evtol_siting.stage1_candidates 安全排除后剩余 2344 个候选（原有 3860）
18:31:14 INFO    evtol_siting.stage1_candidates   [ground] 类别内稀释: 1581 -> 1581
18:31:14 INFO    evtol_siting.stage1_candidates   [rooftop] 类别内稀释: 693 -> 258
18:31:14 INFO    evtol_siting.stage1_candidates 密度稀释 (c_min=500m, 每栅格<=3): 2344 -> 1332 个候选 （配额 -70，类别内间距 -435，跨类别冲突 -507）；构成: {'ground': 1076, 'rooftop': 256}
18:31:14 INFO    evtol_siting.stage1_candidates 阶段一完成: 1332 个候选起降场（屋顶型 256，地面型 1076）
18:31:14 INFO    evtol_siting.pipeline      ============================================================
18:31:14 INFO    evtol_siting.pipeline      阶段二：K-means 人群分类与需求空间化
18:31:14 INFO    evtol_siting.pipeline      ============================================================
18:31:14 INFO    evtol_siting.data.dasymetric 人口栅格分辨率 80 m 细于需求格网 500 m —— 分区求和已是正确的格网人口总量，**体积重分配在此不产生作用**，直接使用分区求和。（体积权重的价值在于把人口摊到建筑上做更细的分析，需 force=True）
18:31:14 WARNING evtol_siting.data.dasymetric 退化为按分区求和（假设人口在格网内均匀分布）
18:31:19 INFO    evtol_siting.stage2_demand 人口分配方式对比（论文 Table 用）:
    method  total_population  n_nonzero_cells  mean_per_cell  std_per_cell       cv     max_cell  top1pct_share     gini
dasymetric      7.712263e+06             2517    3061.636823   2504.238782 0.817941 12360.637527       0.032418 0.458119
   uniform      7.712263e+06             2517    3061.636823   2504.238782 0.817941 12360.637527       0.032418 0.458119
18:31:19 INFO    evtol_siting.stage2_demand 人口: 合计 7712263 人，单元中位数 2567 人（来源: zonal_sum）
18:31:19 INFO    evtol_siting.stage2_demand 未提供外部收入数据，将使用 OSM POI 构成的经济活动指数作为代理（见 data/rasters.py::build_poi_economic_index 的说明与局限）
18:31:19 INFO    evtol_siting.stage2_demand POI: 研究区内 7442 个，单元密度中位数 0 个/km²
18:31:19 INFO    evtol_siting.data.rasters  POI 经济活动指数: 范围 [0.000, 5.759]，中位数 0.000（加权 POI 总数 7949）
18:31:24 INFO    evtol_siting.stage2_demand K 选择 (silhouette): K=7，得分 0.7798，各 K 得分 {3: 0.7395, 4: 0.7588, 5: 0.7733, 6: 0.7722, 7: 0.7798, 8: 0.7784}
18:31:24 INFO    evtol_siting.choice_model  收入阶梯（K=7）: 1,868  2,799  3,613  4,500  5,605  7,236  10,840
18:31:24 INFO    evtol_siting.choice_model  时间价值: 5.4  8.0  10.4  12.9  16.1  20.8  31.1 元/小时（对应月收入 1,868  2,799  3,613  4,500  5,605  7,236  10,840）
18:31:24 INFO    evtol_siting.choice_model  时间价值: 1.1  1.2  1.4  1.6  1.9  2.2  2.5  2.9  3.3  3.8  4.4  5.0  5.8  6.6  7.6  8.7  10.0  11.5  13.3  15.2  17.5  20.1  23.1  26.6 元/小时（对应月收入 377  433  498  573  658  756  869  999  1,148  1,319  1,516  1,743  2,003  2,302  2,645  3,040  3,494  4,015  4,615  5,304  6,095  7,005  8,051  9,253）
18:31:24 INFO    evtol_siting.choice_model  时间价值: 1.6  1.9  2.1  2.5  2.8  3.3  3.7  4.3  4.9  5.7  6.5  7.5  8.6  9.9  11.4  13.1  15.0  17.3  19.9  22.8  26.2  30.2  34.7  39.8 元/小时（对应月收入 565  649  746  858  986  1,133  1,302  1,496  1,720  1,976  2,271  2,610  3,000  3,448  3,963  4,554  5,234  6,015  6,913  7,945  9,131  10,494  12,061  13,861）
18:31:24 INFO    evtol_siting.choice_model  时间价值: 2.1  2.4  2.8  3.2  3.7  4.2  4.8  5.6  6.4  7.3  8.4  9.7  11.1  12.8  14.7  16.9  19.4  22.3  25.6  29.5  33.9  38.9  44.7  51.4 元/小时（对应月收入 729  838  963  1,107  1,272  1,462  1,681  1,932  2,220  2,551  2,932  3,370  3,873  4,451  5,115  5,879  6,756  7,765  8,924  10,256  11,787  13,547  15,569  17,893）
18:31:24 INFO    evtol_siting.choice_model  时间价值: 2.6  3.0  3.4  4.0  4.6  5.2  6.0  6.9  7.9  9.1  10.5  12.1  13.9  15.9  18.3  21.0  24.2  27.8  31.9  36.7  42.2  48.5  55.7  64.0 元/小时（对应月收入 909  1,044  1,200  1,379  1,585  1,822  2,094  2,406  2,765  3,178  3,652  4,198  4,824  5,544  6,372  7,323  8,416  9,673  11,116  12,776  14,683  16,875  19,394  22,289）
18:31:24 INFO    evtol_siting.choice_model  时间价值: 3.3  3.7  4.3  4.9  5.7  6.5  7.5  8.6  9.9  11.4  13.1  15.0  17.3  19.8  22.8  26.2  30.1  34.6  39.8  45.7  52.6  60.4  69.4  79.8 元/小时（对应月收入 1,132  1,301  1,495  1,718  1,974  2,269  2,608  2,997  3,445  3,959  4,550  5,229  6,009  6,906  7,937  9,122  10,484  12,049  13,847  15,914  18,290  21,020  24,158  27,764）
18:31:24 INFO    evtol_siting.choice_model  时间价值: 4.2  4.8  5.5  6.4  7.3  8.4  9.7  11.1  12.8  14.7  16.9  19.4  22.3  25.6  29.4  33.8  38.9  44.7  51.4  59.0  67.8  78.0  89.6  103.0 元/小时（对应月收入 1,461  1,679  1,930  2,218  2,549  2,929  3,366  3,869  4,446  5,110  5,873  6,750  7,757  8,915  10,246  11,775  13,533  15,553  17,875  20,543  23,610  27,134  31,185  35,840）
18:31:24 INFO    evtol_siting.choice_model  时间价值: 6.3  7.2  8.3  9.5  11.0  12.6  14.5  16.7  19.1  22.0  25.3  29.1  33.4  38.4  44.1  50.7  58.3  67.0  76.9  88.4  101.6  116.8  134.2  154.3 元/小时（对应月收入 2,189  2,515  2,891  3,322  3,818  4,388  5,043  5,796  6,661  7,655  8,798  10,111  11,621  13,355  15,349  17,640  20,273  23,300  26,778  30,775  35,369  40,648  46,716  53,690）
18:31:24 INFO    evtol_siting.choice_model  选择模型 [区域内积分（σ_within=0.4）]: 出行 15 km，地面 55 分钟 / 57 元，eVTOL 24 分钟 / 130 元，节省 31 分钟；采用概率 0.0564–0.0988（类间比 1.75）
18:31:24 INFO    evtol_siting.choice_model  各类人群采用概率:
 cluster  monthly_income_cny  vot_cny_per_h  p_evtol  demand_rate
       3              1868.0           5.37  0.05642     0.005642
       0              2799.0           8.04  0.05974     0.005974
       5              3613.0          10.38  0.06283     0.006283
       2              4500.0          12.93  0.06638     0.006638
       4              5605.0          16.11  0.07112     0.007112
       6              7236.0          20.79  0.07876     0.007876
       1             10840.0          31.15  0.09879     0.009879
18:31:24 INFO    evtol_siting.stage2_demand K-means 聚类完成: K=7，总需求 48720 次/日，总人口 7712263 人
18:31:24 INFO    evtol_siting.stage2_demand 类画像:
 cluster  n_cells   population  income_mean  poi_density_mean  trip_rate  monthly_income_cny  vot_cny_per_h  p_evtol  demand_trips_per_day k_selection
       3     1391 2.642034e+06     0.000000          0.000000   0.005642              1868.0           5.37  0.05642          14906.353102  silhouette
       0      327 9.403271e+05     1.533906          5.321101   0.005974              2799.0           8.04  0.05974           5617.513868  silhouette
       5      321 1.318767e+06     2.598605         13.059190   0.006283              3613.0          10.38  0.06283           8285.811407  silhouette
       2      260 1.389814e+06     3.361789         29.492308   0.006638              4500.0          12.93  0.06638           9225.585950  silhouette
       4      145 9.081153e+05     4.000721         55.172414   0.007112              5605.0          16.11  0.07112           6458.515785  silhouette
       6       62 4.214043e+05     4.560623         96.000000   0.007876              7236.0          20.79  0.07876           3318.980346  silhouette
       1       13 9.180217e+04     5.021334        170.461538   0.009879             10840.0          31.15  0.09879            906.913644  silhouette
18:31:24 INFO    evtol_siting.pipeline      ============================================================
18:31:24 INFO    evtol_siting.pipeline      阶段三：0-1 整数规划选址
18:31:24 INFO    evtol_siting.pipeline      ============================================================
18:31:24 INFO    evtol_siting.stage3_ip     [cost_priority] 需求单元 2519 个（核心 1008 个，阈值 分位数 0.60（>=20.0 次/日）），候选 1332 个，接驳时间预算 15.0 分钟，设施上限 20
18:31:25 INFO    evtol_siting.stage3_ip     [cost_priority] 最优解: 11 个起降场，总成本 3.48 亿元，需求覆盖率 97.1%，人口覆盖率 96.8%（耗时 0.39s）
18:31:25 INFO    evtol_siting.stage3_ip     [coverage_priority] 需求单元 2519 个（核心 1008 个，阈值 分位数 0.60（>=20.0 次/日）），候选 1332 个，接驳时间预算 15.0 分钟，设施上限 35
18:31:25 INFO    evtol_siting.stage3_ip     [coverage_priority] 最优解: 10 个起降场，总成本 5.14 亿元，需求覆盖率 96.5%，人口覆盖率 96.2%（耗时 0.39s）
18:31:25 INFO    evtol_siting.stage3_ip     阶段三完成: 2 个情景求解成功（cost_priority=Optimal, coverage_priority=Optimal）
18:31:25 INFO    evtol_siting.stage4_nsga2  问题实例: 2519 个需求单元（核心 1008），1332 个候选；接驳预算 15.0 分钟；单点最大可覆盖 307 个核心单元（占核心 30.5%）
18:31:25 INFO    scheme_family              候选 1332 个，需求单元 2519 个，总需求 48720 次/日
18:31:25 INFO    scheme_family              
18:31:25 INFO    scheme_family              ── 步骤 1：固定 N=11 的方案族（不同目标 → 不同布局）──
18:31:25 INFO    evtol_siting.schemes       生成固定规模方案族: N=11，4 个目标
18:31:25 INFO    evtol_siting.schemes       [最低成本] N=11 固定规模: 11 站 | 总接驳 450715 分钟·次/日 | 最差人群 9.75 分钟 | 覆盖 97.1% | 成本 3.48 亿元 | 耗时 0.3s
18:31:55 INFO    evtol_siting.schemes       [最短接驳（距离最近）] N=11 固定规模: 11 站 | 总接驳 448886 分钟·次/日 | 最差人群 11.00 分钟 | 覆盖 97.6% | 成本 5.88 亿元 | 耗时 29.1s
18:32:02 INFO    evtol_siting.schemes       [最大覆盖] N=11 固定规模: 11 站 | 总接驳 477082 分钟·次/日 | 最差人群 10.12 分钟 | 覆盖 99.2% | 成本 5.50 亿元 | 耗时 7.1s
18:32:04 ERROR   evtol_siting.schemes       方案 'min_worst_case' 求解失败: (3, 0)
18:32:04 INFO    evtol_siting.schemes       方案族生成完成: 3/4 成功
18:32:04 INFO    scheme_family              
18:32:04 INFO    scheme_family              方案族对照（论文表）:
18:32:04 INFO    scheme_family              
      name  n_sites  cost_1e8  total_access_time  demand_coverage_pct  worst_group_access_time_min
      最低成本       11     3.480        450715.3662              97.1203                       9.7480
最短接驳（距离最近）       11     5.882        448886.4717              97.6058                      10.9996
      最大覆盖       11     5.496        477082.3213              99.1731                      10.1218
18:32:04 INFO    scheme_family              
18:32:04 INFO    scheme_family              方案族内部支配关系（行是否支配列）:
18:32:04 INFO    scheme_family                 最低成本             支配: （无）
18:32:04 INFO    scheme_family                 最短接驳（距离最近）       支配: （无）
18:32:04 INFO    scheme_family                 最大覆盖             支配: （无）
18:32:04 INFO    scheme_family              
18:32:04 INFO    scheme_family              ── 步骤 2：保规模杂交（子代恒含 11 站，以方案族为初始种群）──
18:32:04 INFO    scheme_family              注入 3 个方案族个体作为初始种子
18:32:04 INFO    evtol_siting.nsga2_core    初始种群: 100 个个体 × 1332 维，站点数 恒为 11（固定规模模式，保规模算子）
18:32:47 INFO    scheme_family                 第 1/5 次: 前沿 100 解，站点数恒为 11: 是，耗时 43s
18:32:47 INFO    evtol_siting.nsga2_core    初始种群: 100 个个体 × 1332 维，站点数 恒为 11（固定规模模式，保规模算子）
18:33:29 INFO    scheme_family                 第 2/5 次: 前沿 100 解，站点数恒为 11: 是，耗时 42s
18:33:29 INFO    evtol_siting.nsga2_core    初始种群: 100 个个体 × 1332 维，站点数 恒为 11（固定规模模式，保规模算子）
18:34:12 INFO    scheme_family                 第 3/5 次: 前沿 100 解，站点数恒为 11: 是，耗时 43s
18:34:12 INFO    evtol_siting.nsga2_core    初始种群: 100 个个体 × 1332 维，站点数 恒为 11（固定规模模式，保规模算子）
18:34:55 INFO    scheme_family                 第 4/5 次: 前沿 100 解，站点数恒为 11: 是，耗时 43s
18:34:55 INFO    evtol_siting.nsga2_core    初始种群: 100 个个体 × 1332 维，站点数 恒为 11（固定规模模式，保规模算子）
18:35:35 INFO    scheme_family                 第 5/5 次: 前沿 100 解，站点数恒为 11: 是，耗时 40s
18:35:35 INFO    scheme_family                 ✓ 全部运行的解都恰好含 11 个站——保规模算子有效
18:35:35 INFO    scheme_family              
18:35:35 INFO    scheme_family              ── 步骤 3：对照（自由规模 NSGA-II，设施数由模型自定）──
18:35:35 INFO    evtol_siting.nsga2_core    初始种群: 100 个个体 × 1332 维，站点数 区间 (12, 400)（区间初始化，自由规模）
18:35:55 INFO    scheme_family                 第 1/5 次: 前沿 100 解，站点数 11–392
18:35:55 INFO    evtol_siting.nsga2_core    初始种群: 100 个个体 × 1332 维，站点数 区间 (12, 400)（区间初始化，自由规模）
18:36:15 INFO    scheme_family                 第 2/5 次: 前沿 100 解，站点数 11–389
18:36:15 INFO    evtol_siting.nsga2_core    初始种群: 100 个个体 × 1332 维，站点数 区间 (12, 400)（区间初始化，自由规模）
18:36:35 INFO    scheme_family                 第 3/5 次: 前沿 100 解，站点数 11–403
18:36:35 INFO    evtol_siting.nsga2_core    初始种群: 100 个个体 × 1332 维，站点数 区间 (12, 400)（区间初始化，自由规模）
18:36:56 INFO    scheme_family                 第 4/5 次: 前沿 100 解，站点数 11–399
18:36:56 INFO    evtol_siting.nsga2_core    初始种群: 100 个个体 × 1332 维，站点数 区间 (12, 400)（区间初始化，自由规模）
18:37:17 INFO    scheme_family                 第 5/5 次: 前沿 100 解，站点数 11–392
18:37:17 INFO    scheme_family              
18:37:17 INFO    scheme_family              ── 步骤 4：统一参考点下的对照 ──
18:37:32 INFO    scheme_family              
                approach  n_solutions  hypervolume  min_cost_1e8  min_unserved  min_inequity
    Scheme family (N=11)            3 1.388005e+19      3.480112    402.876962      9.747988
     Fixed-N GA breeding          308 2.174596e+19      3.111940    402.876962      9.266198
Free-cardinality NSGA-II          227 1.052260e+20      3.480112      0.000000      5.886887
18:37:32 INFO    scheme_family              
18:37:32 INFO    scheme_family              方案族中被**杂交结果支配**的：1/3（33%）
18:37:32 INFO    scheme_family              判读：若比例高，说明『杂交不同方案』确实产出了优于任一单目标方案的折中解——这正是该设计的价值所在；若为 0，说明方案族本身已在前沿上，杂交没有带来改进，应如实报告。
18:37:32 INFO    scheme_family              
18:37:32 INFO    scheme_family              ==============================================================================
18:37:32 INFO    scheme_family               完成。输出目录: evtol_siting\outputs\tables
18:37:32 INFO    scheme_family               文件: scheme_family.csv / scheme_family_ga_runs.csv / scheme_family_free_runs.csv / scheme_family_comparison.csv
18:37:32 INFO    scheme_family              ==============================================================================
18:40:18 INFO    scheme_family              ==============================================================================
18:40:18 INFO    scheme_family               固定规模方案族与保规模杂交     N = 11，data_mode = real
18:40:18 INFO    scheme_family              ==============================================================================
18:40:18 INFO    evtol_siting.pipeline      ============================================================
18:40:18 INFO    evtol_siting.pipeline      阶段一：基于 GIS 的候选起降场筛选
18:40:18 INFO    evtol_siting.pipeline      ============================================================
18:40:18 INFO    evtol_siting.pipeline      解析 PBF 提取包: sichuan-latest.osm.pbf
18:40:27 INFO    evtol_siting.data.pbf        已扫描 200000 个候选要素…
18:40:36 INFO    evtol_siting.data.pbf        已扫描 400000 个候选要素…
18:40:44 INFO    evtol_siting.data.pbf        已扫描 600000 个候选要素…
18:40:53 INFO    evtol_siting.data.pbf        已扫描 800000 个候选要素…
18:40:59 INFO    evtol_siting.data.pbf        buildings          69675 个要素
18:41:00 INFO    evtol_siting.data.pbf        poi                 8159 个要素
18:41:00 INFO    evtol_siting.data.pbf        roads              42272 个要素
18:41:00 INFO    evtol_siting.data.pbf        landuse             8430 个要素
18:41:00 INFO    evtol_siting.data.pbf        water               2252 个要素
18:41:00 INFO    evtol_siting.data.pbf        airports            1364 个要素
18:41:00 INFO    evtol_siting.data.pbf      PBF 解析完成（扫描 921830 个候选要素，输出 6 个图层）
18:41:00 INFO    evtol_siting.data.rasters  建筑高度栅格已存在: evtol_siting\data\raw\height\chengdu_building_height_10m.tif
18:41:02 INFO    evtol_siting.data.heights  高度栅格提供了 49162 栋建筑的高度（覆盖 70.6%）
18:41:02 INFO    evtol_siting.data.heights  分位数回归填补了 14650 栋建筑的高度（中位数 18.6 m）
18:41:02 INFO    evtol_siting.data.heights  高度融合结果（共 69675 栋）:
    raster_height     70.6%
    imputed           21.0%
    osm_levels         7.3%
    osm_height         1.1%
18:41:02 INFO    evtol_siting.data.heights      有标签覆盖率: 8.4% -> 融合后覆盖率: 100.0%
18:41:02 INFO    evtol_siting.data.rasters  人口栅格已存在: evtol_siting\data\raw\population\chengdu_population_100m.tif
18:41:02 INFO    evtol_siting.data.rasters  收入策略 = poi_index：经济活动指数将在阶段二由 OSM POI 构成计算（见 stage2_demand.build_poi_economic_index）
18:41:02 INFO    evtol_siting.data.rasters  DEM 已存在: evtol_siting\data\raw\dem\chengdu_dem_30m.tif
18:41:06 INFO    evtol_siting.data.rasters  坡度栅格已生成: evtol_siting\data\interim\slope.tif
18:41:06 INFO    evtol_siting.geo           栅格化完成: 单元边长 500 m, 单元数 2519, 覆盖 629.8 km²
18:41:06 INFO    evtol_siting.stage1_candidates 屋顶型筛选: 1430 / 69675 栋建筑满足 h>=20m 且 A_roof>=1600m² (2.05%)
18:41:06 INFO    evtol_siting.stage1_candidates   排除 用地类型: 30 个单元（1.2%）
18:41:06 INFO    evtol_siting.stage1_candidates   排除 水域: 55 个单元（2.2%）
18:41:06 INFO    evtol_siting.stage1_candidates   建筑覆盖率判据 (max=0.55): 剔除 4 个单元（保留 2430）；覆盖率中位数 0.05
18:41:06 INFO    evtol_siting.stage1_candidates 坡度判据: 2430 / 2430 单元满足 slope<=15° (剔除 0)
18:41:06 INFO    evtol_siting.stage1_candidates 地面型筛选: 2430 个候选（用地排除 -89，坡度排除后）
18:41:06 INFO    evtol_siting.stage1_candidates 地面型候选已按路网可达性重新评分（中位距离 91 m）
18:41:06 INFO    evtol_siting.stage1_candidates 已为 1430 个缺少 cell_id 的候选（屋顶型）补齐所属栅格单元（补齐后 3770/3860 有 cell_id）
18:41:06 INFO    evtol_siting.stage1_candidates   90 个候选落在栅格之外，改用坐标分桶作为 cell_id
18:41:06 INFO    evtol_siting.stage1_candidates   运输机场净空区 (r=4000m): 剔除 1472 个候选（占 38.1%）
18:41:06 INFO    evtol_siting.stage1_candidates   既有直升机场 (r=1000m): 剔除 178 个候选（占 4.6%）
18:41:06 INFO    evtol_siting.stage1_candidates 安全排除后剩余 2344 个候选（原有 3860）
18:41:06 INFO    evtol_siting.stage1_candidates   [ground] 类别内稀释: 1581 -> 1581
18:41:06 INFO    evtol_siting.stage1_candidates   [rooftop] 类别内稀释: 693 -> 258
18:41:07 INFO    evtol_siting.stage1_candidates 密度稀释 (c_min=500m, 每栅格<=3): 2344 -> 1332 个候选 （配额 -70，类别内间距 -435，跨类别冲突 -507）；构成: {'ground': 1076, 'rooftop': 256}
18:41:07 INFO    evtol_siting.stage1_candidates 阶段一完成: 1332 个候选起降场（屋顶型 256，地面型 1076）
18:41:07 INFO    evtol_siting.pipeline      ============================================================
18:41:07 INFO    evtol_siting.pipeline      阶段二：K-means 人群分类与需求空间化
18:41:07 INFO    evtol_siting.pipeline      ============================================================
18:41:07 INFO    evtol_siting.data.dasymetric 人口栅格分辨率 80 m 细于需求格网 500 m —— 分区求和已是正确的格网人口总量，**体积重分配在此不产生作用**，直接使用分区求和。（体积权重的价值在于把人口摊到建筑上做更细的分析，需 force=True）
18:41:07 WARNING evtol_siting.data.dasymetric 退化为按分区求和（假设人口在格网内均匀分布）
18:41:12 INFO    evtol_siting.stage2_demand 人口分配方式对比（论文 Table 用）:
    method  total_population  n_nonzero_cells  mean_per_cell  std_per_cell       cv     max_cell  top1pct_share     gini
dasymetric      7.712263e+06             2517    3061.636823   2504.238782 0.817941 12360.637527       0.032418 0.458119
   uniform      7.712263e+06             2517    3061.636823   2504.238782 0.817941 12360.637527       0.032418 0.458119
18:41:12 INFO    evtol_siting.stage2_demand 人口: 合计 7712263 人，单元中位数 2567 人（来源: zonal_sum）
18:41:12 INFO    evtol_siting.stage2_demand 未提供外部收入数据，将使用 OSM POI 构成的经济活动指数作为代理（见 data/rasters.py::build_poi_economic_index 的说明与局限）
18:41:12 INFO    evtol_siting.stage2_demand POI: 研究区内 7442 个，单元密度中位数 0 个/km²
18:41:12 INFO    evtol_siting.data.rasters  POI 经济活动指数: 范围 [0.000, 5.759]，中位数 0.000（加权 POI 总数 7949）
18:41:16 INFO    evtol_siting.stage2_demand K 选择 (silhouette): K=7，得分 0.7798，各 K 得分 {3: 0.7395, 4: 0.7588, 5: 0.7733, 6: 0.7722, 7: 0.7798, 8: 0.7784}
18:41:16 INFO    evtol_siting.choice_model  收入阶梯（K=7）: 1,868  2,799  3,613  4,500  5,605  7,236  10,840
18:41:16 INFO    evtol_siting.choice_model  时间价值: 5.4  8.0  10.4  12.9  16.1  20.8  31.1 元/小时（对应月收入 1,868  2,799  3,613  4,500  5,605  7,236  10,840）
18:41:16 INFO    evtol_siting.choice_model  时间价值: 1.1  1.2  1.4  1.6  1.9  2.2  2.5  2.9  3.3  3.8  4.4  5.0  5.8  6.6  7.6  8.7  10.0  11.5  13.3  15.2  17.5  20.1  23.1  26.6 元/小时（对应月收入 377  433  498  573  658  756  869  999  1,148  1,319  1,516  1,743  2,003  2,302  2,645  3,040  3,494  4,015  4,615  5,304  6,095  7,005  8,051  9,253）
18:41:16 INFO    evtol_siting.choice_model  时间价值: 1.6  1.9  2.1  2.5  2.8  3.3  3.7  4.3  4.9  5.7  6.5  7.5  8.6  9.9  11.4  13.1  15.0  17.3  19.9  22.8  26.2  30.2  34.7  39.8 元/小时（对应月收入 565  649  746  858  986  1,133  1,302  1,496  1,720  1,976  2,271  2,610  3,000  3,448  3,963  4,554  5,234  6,015  6,913  7,945  9,131  10,494  12,061  13,861）
18:41:16 INFO    evtol_siting.choice_model  时间价值: 2.1  2.4  2.8  3.2  3.7  4.2  4.8  5.6  6.4  7.3  8.4  9.7  11.1  12.8  14.7  16.9  19.4  22.3  25.6  29.5  33.9  38.9  44.7  51.4 元/小时（对应月收入 729  838  963  1,107  1,272  1,462  1,681  1,932  2,220  2,551  2,932  3,370  3,873  4,451  5,115  5,879  6,756  7,765  8,924  10,256  11,787  13,547  15,569  17,893）
18:41:16 INFO    evtol_siting.choice_model  时间价值: 2.6  3.0  3.4  4.0  4.6  5.2  6.0  6.9  7.9  9.1  10.5  12.1  13.9  15.9  18.3  21.0  24.2  27.8  31.9  36.7  42.2  48.5  55.7  64.0 元/小时（对应月收入 909  1,044  1,200  1,379  1,585  1,822  2,094  2,406  2,765  3,178  3,652  4,198  4,824  5,544  6,372  7,323  8,416  9,673  11,116  12,776  14,683  16,875  19,394  22,289）
18:41:16 INFO    evtol_siting.choice_model  时间价值: 3.3  3.7  4.3  4.9  5.7  6.5  7.5  8.6  9.9  11.4  13.1  15.0  17.3  19.8  22.8  26.2  30.1  34.6  39.8  45.7  52.6  60.4  69.4  79.8 元/小时（对应月收入 1,132  1,301  1,495  1,718  1,974  2,269  2,608  2,997  3,445  3,959  4,550  5,229  6,009  6,906  7,937  9,122  10,484  12,049  13,847  15,914  18,290  21,020  24,158  27,764）
18:41:16 INFO    evtol_siting.choice_model  时间价值: 4.2  4.8  5.5  6.4  7.3  8.4  9.7  11.1  12.8  14.7  16.9  19.4  22.3  25.6  29.4  33.8  38.9  44.7  51.4  59.0  67.8  78.0  89.6  103.0 元/小时（对应月收入 1,461  1,679  1,930  2,218  2,549  2,929  3,366  3,869  4,446  5,110  5,873  6,750  7,757  8,915  10,246  11,775  13,533  15,553  17,875  20,543  23,610  27,134  31,185  35,840）
18:41:16 INFO    evtol_siting.choice_model  时间价值: 6.3  7.2  8.3  9.5  11.0  12.6  14.5  16.7  19.1  22.0  25.3  29.1  33.4  38.4  44.1  50.7  58.3  67.0  76.9  88.4  101.6  116.8  134.2  154.3 元/小时（对应月收入 2,189  2,515  2,891  3,322  3,818  4,388  5,043  5,796  6,661  7,655  8,798  10,111  11,621  13,355  15,349  17,640  20,273  23,300  26,778  30,775  35,369  40,648  46,716  53,690）
18:41:16 INFO    evtol_siting.choice_model  选择模型 [区域内积分（σ_within=0.4）]: 出行 15 km，地面 55 分钟 / 57 元，eVTOL 24 分钟 / 130 元，节省 31 分钟；采用概率 0.0564–0.0988（类间比 1.75）
18:41:16 INFO    evtol_siting.choice_model  各类人群采用概率:
 cluster  monthly_income_cny  vot_cny_per_h  p_evtol  demand_rate
       3              1868.0           5.37  0.05642     0.005642
       0              2799.0           8.04  0.05974     0.005974
       5              3613.0          10.38  0.06283     0.006283
       2              4500.0          12.93  0.06638     0.006638
       4              5605.0          16.11  0.07112     0.007112
       6              7236.0          20.79  0.07876     0.007876
       1             10840.0          31.15  0.09879     0.009879
18:41:16 INFO    evtol_siting.stage2_demand K-means 聚类完成: K=7，总需求 48720 次/日，总人口 7712263 人
18:41:16 INFO    evtol_siting.stage2_demand 类画像:
 cluster  n_cells   population  income_mean  poi_density_mean  trip_rate  monthly_income_cny  vot_cny_per_h  p_evtol  demand_trips_per_day k_selection
       3     1391 2.642034e+06     0.000000          0.000000   0.005642              1868.0           5.37  0.05642          14906.353102  silhouette
       0      327 9.403271e+05     1.533906          5.321101   0.005974              2799.0           8.04  0.05974           5617.513868  silhouette
       5      321 1.318767e+06     2.598605         13.059190   0.006283              3613.0          10.38  0.06283           8285.811407  silhouette
       2      260 1.389814e+06     3.361789         29.492308   0.006638              4500.0          12.93  0.06638           9225.585950  silhouette
       4      145 9.081153e+05     4.000721         55.172414   0.007112              5605.0          16.11  0.07112           6458.515785  silhouette
       6       62 4.214043e+05     4.560623         96.000000   0.007876              7236.0          20.79  0.07876           3318.980346  silhouette
       1       13 9.180217e+04     5.021334        170.461538   0.009879             10840.0          31.15  0.09879            906.913644  silhouette
18:41:16 INFO    evtol_siting.pipeline      ============================================================
18:41:16 INFO    evtol_siting.pipeline      阶段三：0-1 整数规划选址
18:41:16 INFO    evtol_siting.pipeline      ============================================================
18:41:17 INFO    evtol_siting.stage3_ip     [cost_priority] 需求单元 2519 个（核心 1008 个，阈值 分位数 0.60（>=20.0 次/日）），候选 1332 个，接驳时间预算 15.0 分钟，设施上限 20
18:41:17 INFO    evtol_siting.stage3_ip     [cost_priority] 最优解: 11 个起降场，总成本 3.48 亿元，需求覆盖率 97.1%，人口覆盖率 96.8%（耗时 0.39s）
18:41:17 INFO    evtol_siting.stage3_ip     [coverage_priority] 需求单元 2519 个（核心 1008 个，阈值 分位数 0.60（>=20.0 次/日）），候选 1332 个，接驳时间预算 15.0 分钟，设施上限 35
18:41:18 INFO    evtol_siting.stage3_ip     [coverage_priority] 最优解: 10 个起降场，总成本 5.14 亿元，需求覆盖率 96.5%，人口覆盖率 96.2%（耗时 0.39s）
18:41:18 INFO    evtol_siting.stage3_ip     阶段三完成: 2 个情景求解成功（cost_priority=Optimal, coverage_priority=Optimal）
18:41:18 INFO    evtol_siting.stage4_nsga2  问题实例: 2519 个需求单元（核心 1008），1332 个候选；接驳预算 15.0 分钟；单点最大可覆盖 307 个核心单元（占核心 30.5%）
18:41:18 INFO    scheme_family              候选 1332 个，需求单元 2519 个，总需求 48720 次/日
18:41:18 INFO    scheme_family              
18:41:18 INFO    scheme_family              ── 步骤 1：固定 N=11 的方案族（不同目标 → 不同布局）──
18:41:18 INFO    evtol_siting.schemes       生成固定规模方案族: N=11，4 个目标
18:41:18 INFO    evtol_siting.schemes       [最低成本] N=11 固定规模: 11 站 | 总接驳 450715 分钟·次/日 | 最差人群 9.75 分钟 | 覆盖 97.1% | 成本 3.48 亿元 | 耗时 0.4s
18:41:48 INFO    evtol_siting.schemes       [最短接驳（距离最近）] N=11 固定规模: 11 站 | 总接驳 448886 分钟·次/日 | 最差人群 11.00 分钟 | 覆盖 97.6% | 成本 5.88 亿元 | 耗时 29.8s
18:41:55 INFO    evtol_siting.schemes       [最大覆盖] N=11 固定规模: 11 站 | 总接驳 477082 分钟·次/日 | 最差人群 10.12 分钟 | 覆盖 99.2% | 成本 5.50 亿元 | 耗时 7.4s
19:16:40 WARNING evtol_siting.schemes       [最均衡体验] 求解状态: Infeasible
19:16:40 INFO    evtol_siting.schemes       方案族生成完成: 4/4 成功
19:16:40 INFO    scheme_family              
19:16:40 INFO    scheme_family              方案族对照（论文表）:
19:16:40 INFO    scheme_family              
      name  n_sites  cost_1e8  total_access_time  demand_coverage_pct  worst_group_access_time_min
      最低成本       11     3.480        450715.3662              97.1203                       9.7480
最短接驳（距离最近）       11     5.882        448886.4717              97.6058                      10.9996
      最大覆盖       11     5.496        477082.3213              99.1731                      10.1218
19:16:40 INFO    scheme_family              
19:16:40 INFO    scheme_family              方案族内部支配关系（行是否支配列）:
19:16:40 INFO    scheme_family                 最低成本             支配: （无）
19:16:40 INFO    scheme_family                 最短接驳（距离最近）       支配: （无）
19:16:40 INFO    scheme_family                 最大覆盖             支配: （无）
19:16:40 INFO    scheme_family              
19:16:40 INFO    scheme_family              ── 步骤 2：保规模杂交（子代恒含 11 站，以方案族为初始种群）──
19:16:40 INFO    scheme_family              注入 3 个方案族个体作为初始种子
19:16:40 INFO    evtol_siting.nsga2_core    初始种群: 100 个个体 × 1332 维，站点数 恒为 11（固定规模模式，保规模算子）
19:18:39 INFO    scheme_family                 第 1/3 次: 前沿 100 解，站点数恒为 11: 是，耗时 119s
19:18:39 INFO    evtol_siting.nsga2_core    初始种群: 100 个个体 × 1332 维，站点数 恒为 11（固定规模模式，保规模算子）
19:20:21 INFO    scheme_family                 第 2/3 次: 前沿 100 解，站点数恒为 11: 是，耗时 103s
19:20:21 INFO    evtol_siting.nsga2_core    初始种群: 100 个个体 × 1332 维，站点数 恒为 11（固定规模模式，保规模算子）
19:22:26 INFO    scheme_family                 第 3/3 次: 前沿 100 解，站点数恒为 11: 是，耗时 125s
19:22:26 INFO    scheme_family                 ✓ 全部运行的解都恰好含 11 个站——保规模算子有效
19:22:26 INFO    scheme_family              
19:22:26 INFO    scheme_family              ── 步骤 3：对照（自由规模 NSGA-II，设施数由模型自定）──
19:22:26 INFO    evtol_siting.nsga2_core    初始种群: 100 个个体 × 1332 维，站点数 区间 (12, 400)（区间初始化，自由规模）
19:23:17 INFO    scheme_family                 第 1/3 次: 前沿 100 解，站点数 11–392
19:23:17 INFO    evtol_siting.nsga2_core    初始种群: 100 个个体 × 1332 维，站点数 区间 (12, 400)（区间初始化，自由规模）
19:24:10 INFO    scheme_family                 第 2/3 次: 前沿 100 解，站点数 11–389
19:24:10 INFO    evtol_siting.nsga2_core    初始种群: 100 个个体 × 1332 维，站点数 区间 (12, 400)（区间初始化，自由规模）
19:25:02 INFO    scheme_family                 第 3/3 次: 前沿 100 解，站点数 11–403
19:25:02 INFO    scheme_family              
19:25:02 INFO    scheme_family              ── 步骤 4：统一参考点下的对照 ──
19:25:22 INFO    scheme_family              
                approach  n_solutions  hypervolume  min_cost_1e8  min_unserved  min_inequity
    Scheme family (N=11)            3 1.388005e+19      3.480112    402.876962      9.747988
     Fixed-N GA breeding          213 2.162253e+19      3.127915    402.876962      9.300422
Free-cardinality NSGA-II          177 1.033119e+20      3.480112      0.000000      5.976258
19:25:22 INFO    scheme_family              
19:25:22 INFO    scheme_family              方案族中被**杂交结果支配**的：1/3（33%）
19:25:22 INFO    scheme_family              判读：若比例高，说明『杂交不同方案』确实产出了优于任一单目标方案的折中解——这正是该设计的价值所在；若为 0，说明方案族本身已在前沿上，杂交没有带来改进，应如实报告。
19:25:22 INFO    scheme_family              
19:25:22 INFO    scheme_family              ==============================================================================
19:25:22 INFO    scheme_family               完成。输出目录: evtol_siting\outputs\tables
19:25:22 INFO    scheme_family               文件: scheme_family.csv / scheme_family_ga_runs.csv / scheme_family_free_runs.csv / scheme_family_comparison.csv
19:25:22 INFO    scheme_family              ==============================================================================
19:30:33 INFO    scheme_family              ==============================================================================
19:30:33 INFO    scheme_family               固定规模方案族与保规模杂交     N = 11，data_mode = real
19:30:33 INFO    scheme_family              ==============================================================================
19:30:33 INFO    evtol_siting.pipeline      ============================================================
19:30:33 INFO    evtol_siting.pipeline      阶段一：基于 GIS 的候选起降场筛选
19:30:33 INFO    evtol_siting.pipeline      ============================================================
19:30:33 INFO    evtol_siting.pipeline      解析 PBF 提取包: sichuan-latest.osm.pbf
19:30:56 INFO    evtol_siting.data.pbf        已扫描 200000 个候选要素…
19:31:19 INFO    evtol_siting.data.pbf        已扫描 400000 个候选要素…
19:31:40 INFO    evtol_siting.data.pbf        已扫描 600000 个候选要素…
19:32:04 INFO    evtol_siting.data.pbf        已扫描 800000 个候选要素…
19:32:20 INFO    evtol_siting.data.pbf        buildings          69675 个要素
19:32:20 INFO    evtol_siting.data.pbf        poi                 8159 个要素
19:32:21 INFO    evtol_siting.data.pbf        roads              42272 个要素
19:32:21 INFO    evtol_siting.data.pbf        landuse             8430 个要素
19:32:21 INFO    evtol_siting.data.pbf        water               2252 个要素
19:32:21 INFO    evtol_siting.data.pbf        airports            1364 个要素
19:32:21 INFO    evtol_siting.data.pbf      PBF 解析完成（扫描 921830 个候选要素，输出 6 个图层）
19:32:21 INFO    evtol_siting.data.rasters  建筑高度栅格已存在: evtol_siting\data\raw\height\chengdu_building_height_10m.tif
19:32:28 INFO    evtol_siting.data.heights  高度栅格提供了 49162 栋建筑的高度（覆盖 70.6%）
19:32:28 INFO    evtol_siting.data.heights  分位数回归填补了 14650 栋建筑的高度（中位数 18.6 m）
19:32:28 INFO    evtol_siting.data.heights  高度融合结果（共 69675 栋）:
    raster_height     70.6%
    imputed           21.0%
    osm_levels         7.3%
    osm_height         1.1%
19:32:28 INFO    evtol_siting.data.heights      有标签覆盖率: 8.4% -> 融合后覆盖率: 100.0%
19:32:29 INFO    evtol_siting.data.rasters  人口栅格已存在: evtol_siting\data\raw\population\chengdu_population_100m.tif
19:32:29 INFO    evtol_siting.data.rasters  收入策略 = poi_index：经济活动指数将在阶段二由 OSM POI 构成计算（见 stage2_demand.build_poi_economic_index）
19:32:29 INFO    evtol_siting.data.rasters  DEM 已存在: evtol_siting\data\raw\dem\chengdu_dem_30m.tif
19:32:34 INFO    evtol_siting.data.rasters  坡度栅格已生成: evtol_siting\data\interim\slope.tif
19:32:34 INFO    evtol_siting.geo           栅格化完成: 单元边长 500 m, 单元数 2519, 覆盖 629.8 km²
19:32:34 INFO    evtol_siting.stage1_candidates 屋顶型筛选: 1430 / 69675 栋建筑满足 h>=20m 且 A_roof>=1600m² (2.05%)
19:32:34 INFO    evtol_siting.stage1_candidates   排除 用地类型: 30 个单元（1.2%）
19:32:34 INFO    evtol_siting.stage1_candidates   排除 水域: 55 个单元（2.2%）
19:32:35 INFO    evtol_siting.stage1_candidates   建筑覆盖率判据 (max=0.55): 剔除 4 个单元（保留 2430）；覆盖率中位数 0.05
19:32:35 INFO    evtol_siting.stage1_candidates 坡度判据: 2430 / 2430 单元满足 slope<=15° (剔除 0)
19:32:35 INFO    evtol_siting.stage1_candidates 地面型筛选: 2430 个候选（用地排除 -89，坡度排除后）
19:32:35 INFO    evtol_siting.stage1_candidates 地面型候选已按路网可达性重新评分（中位距离 91 m）
19:32:35 INFO    evtol_siting.stage1_candidates 已为 1430 个缺少 cell_id 的候选（屋顶型）补齐所属栅格单元（补齐后 3770/3860 有 cell_id）
19:32:35 INFO    evtol_siting.stage1_candidates   90 个候选落在栅格之外，改用坐标分桶作为 cell_id
19:32:35 INFO    evtol_siting.stage1_candidates   运输机场净空区 (r=4000m): 剔除 1472 个候选（占 38.1%）
19:32:35 INFO    evtol_siting.stage1_candidates   既有直升机场 (r=1000m): 剔除 178 个候选（占 4.6%）
19:32:35 INFO    evtol_siting.stage1_candidates 安全排除后剩余 2344 个候选（原有 3860）
19:32:35 INFO    evtol_siting.stage1_candidates   [ground] 类别内稀释: 1581 -> 1581
19:32:35 INFO    evtol_siting.stage1_candidates   [rooftop] 类别内稀释: 693 -> 258
19:32:36 INFO    evtol_siting.stage1_candidates 密度稀释 (c_min=500m, 每栅格<=3): 2344 -> 1332 个候选 （配额 -70，类别内间距 -435，跨类别冲突 -507）；构成: {'ground': 1076, 'rooftop': 256}
19:32:36 INFO    evtol_siting.stage1_candidates 阶段一完成: 1332 个候选起降场（屋顶型 256，地面型 1076）
19:32:36 INFO    evtol_siting.pipeline      ============================================================
19:32:36 INFO    evtol_siting.pipeline      阶段二：K-means 人群分类与需求空间化
19:32:36 INFO    evtol_siting.pipeline      ============================================================
19:32:36 INFO    evtol_siting.data.dasymetric 人口栅格分辨率 80 m 细于需求格网 500 m —— 分区求和已是正确的格网人口总量，**体积重分配在此不产生作用**，直接使用分区求和。（体积权重的价值在于把人口摊到建筑上做更细的分析，需 force=True）
19:32:36 WARNING evtol_siting.data.dasymetric 退化为按分区求和（假设人口在格网内均匀分布）
19:32:49 INFO    evtol_siting.stage2_demand 人口分配方式对比（论文 Table 用）:
    method  total_population  n_nonzero_cells  mean_per_cell  std_per_cell       cv     max_cell  top1pct_share     gini
dasymetric      7.712263e+06             2517    3061.636823   2504.238782 0.817941 12360.637527       0.032418 0.458119
   uniform      7.712263e+06             2517    3061.636823   2504.238782 0.817941 12360.637527       0.032418 0.458119
19:32:49 INFO    evtol_siting.stage2_demand 人口: 合计 7712263 人，单元中位数 2567 人（来源: zonal_sum）
19:32:49 INFO    evtol_siting.stage2_demand 未提供外部收入数据，将使用 OSM POI 构成的经济活动指数作为代理（见 data/rasters.py::build_poi_economic_index 的说明与局限）
19:32:49 INFO    evtol_siting.stage2_demand POI: 研究区内 7442 个，单元密度中位数 0 个/km²
19:32:49 INFO    evtol_siting.data.rasters  POI 经济活动指数: 范围 [0.000, 5.759]，中位数 0.000（加权 POI 总数 7949）
19:32:58 INFO    evtol_siting.stage2_demand K 选择 (silhouette): K=7，得分 0.7798，各 K 得分 {3: 0.7395, 4: 0.7588, 5: 0.7733, 6: 0.7722, 7: 0.7798, 8: 0.7784}
19:32:58 INFO    evtol_siting.choice_model  收入阶梯（K=7）: 1,868  2,799  3,613  4,500  5,605  7,236  10,840
19:32:58 INFO    evtol_siting.choice_model  时间价值: 5.4  8.0  10.4  12.9  16.1  20.8  31.1 元/小时（对应月收入 1,868  2,799  3,613  4,500  5,605  7,236  10,840）
19:32:58 INFO    evtol_siting.choice_model  时间价值: 1.1  1.2  1.4  1.6  1.9  2.2  2.5  2.9  3.3  3.8  4.4  5.0  5.8  6.6  7.6  8.7  10.0  11.5  13.3  15.2  17.5  20.1  23.1  26.6 元/小时（对应月收入 377  433  498  573  658  756  869  999  1,148  1,319  1,516  1,743  2,003  2,302  2,645  3,040  3,494  4,015  4,615  5,304  6,095  7,005  8,051  9,253）
19:32:58 INFO    evtol_siting.choice_model  时间价值: 1.6  1.9  2.1  2.5  2.8  3.3  3.7  4.3  4.9  5.7  6.5  7.5  8.6  9.9  11.4  13.1  15.0  17.3  19.9  22.8  26.2  30.2  34.7  39.8 元/小时（对应月收入 565  649  746  858  986  1,133  1,302  1,496  1,720  1,976  2,271  2,610  3,000  3,448  3,963  4,554  5,234  6,015  6,913  7,945  9,131  10,494  12,061  13,861）
19:32:58 INFO    evtol_siting.choice_model  时间价值: 2.1  2.4  2.8  3.2  3.7  4.2  4.8  5.6  6.4  7.3  8.4  9.7  11.1  12.8  14.7  16.9  19.4  22.3  25.6  29.5  33.9  38.9  44.7  51.4 元/小时（对应月收入 729  838  963  1,107  1,272  1,462  1,681  1,932  2,220  2,551  2,932  3,370  3,873  4,451  5,115  5,879  6,756  7,765  8,924  10,256  11,787  13,547  15,569  17,893）
19:32:58 INFO    evtol_siting.choice_model  时间价值: 2.6  3.0  3.4  4.0  4.6  5.2  6.0  6.9  7.9  9.1  10.5  12.1  13.9  15.9  18.3  21.0  24.2  27.8  31.9  36.7  42.2  48.5  55.7  64.0 元/小时（对应月收入 909  1,044  1,200  1,379  1,585  1,822  2,094  2,406  2,765  3,178  3,652  4,198  4,824  5,544  6,372  7,323  8,416  9,673  11,116  12,776  14,683  16,875  19,394  22,289）
19:32:58 INFO    evtol_siting.choice_model  时间价值: 3.3  3.7  4.3  4.9  5.7  6.5  7.5  8.6  9.9  11.4  13.1  15.0  17.3  19.8  22.8  26.2  30.1  34.6  39.8  45.7  52.6  60.4  69.4  79.8 元/小时（对应月收入 1,132  1,301  1,495  1,718  1,974  2,269  2,608  2,997  3,445  3,959  4,550  5,229  6,009  6,906  7,937  9,122  10,484  12,049  13,847  15,914  18,290  21,020  24,158  27,764）
19:32:58 INFO    evtol_siting.choice_model  时间价值: 4.2  4.8  5.5  6.4  7.3  8.4  9.7  11.1  12.8  14.7  16.9  19.4  22.3  25.6  29.4  33.8  38.9  44.7  51.4  59.0  67.8  78.0  89.6  103.0 元/小时（对应月收入 1,461  1,679  1,930  2,218  2,549  2,929  3,366  3,869  4,446  5,110  5,873  6,750  7,757  8,915  10,246  11,775  13,533  15,553  17,875  20,543  23,610  27,134  31,185  35,840）
19:32:58 INFO    evtol_siting.choice_model  时间价值: 6.3  7.2  8.3  9.5  11.0  12.6  14.5  16.7  19.1  22.0  25.3  29.1  33.4  38.4  44.1  50.7  58.3  67.0  76.9  88.4  101.6  116.8  134.2  154.3 元/小时（对应月收入 2,189  2,515  2,891  3,322  3,818  4,388  5,043  5,796  6,661  7,655  8,798  10,111  11,621  13,355  15,349  17,640  20,273  23,300  26,778  30,775  35,369  40,648  46,716  53,690）
19:32:58 INFO    evtol_siting.choice_model  选择模型 [区域内积分（σ_within=0.4）]: 出行 15 km，地面 55 分钟 / 57 元，eVTOL 24 分钟 / 130 元，节省 31 分钟；采用概率 0.0564–0.0988（类间比 1.75）
19:32:58 INFO    evtol_siting.choice_model  各类人群采用概率:
 cluster  monthly_income_cny  vot_cny_per_h  p_evtol  demand_rate
       3              1868.0           5.37  0.05642     0.005642
       0              2799.0           8.04  0.05974     0.005974
       5              3613.0          10.38  0.06283     0.006283
       2              4500.0          12.93  0.06638     0.006638
       4              5605.0          16.11  0.07112     0.007112
       6              7236.0          20.79  0.07876     0.007876
       1             10840.0          31.15  0.09879     0.009879
19:32:58 INFO    evtol_siting.stage2_demand K-means 聚类完成: K=7，总需求 48720 次/日，总人口 7712263 人
19:32:58 INFO    evtol_siting.stage2_demand 类画像:
 cluster  n_cells   population  income_mean  poi_density_mean  trip_rate  monthly_income_cny  vot_cny_per_h  p_evtol  demand_trips_per_day k_selection
       3     1391 2.642034e+06     0.000000          0.000000   0.005642              1868.0           5.37  0.05642          14906.353102  silhouette
       0      327 9.403271e+05     1.533906          5.321101   0.005974              2799.0           8.04  0.05974           5617.513868  silhouette
       5      321 1.318767e+06     2.598605         13.059190   0.006283              3613.0          10.38  0.06283           8285.811407  silhouette
       2      260 1.389814e+06     3.361789         29.492308   0.006638              4500.0          12.93  0.06638           9225.585950  silhouette
       4      145 9.081153e+05     4.000721         55.172414   0.007112              5605.0          16.11  0.07112           6458.515785  silhouette
       6       62 4.214043e+05     4.560623         96.000000   0.007876              7236.0          20.79  0.07876           3318.980346  silhouette
       1       13 9.180217e+04     5.021334        170.461538   0.009879             10840.0          31.15  0.09879            906.913644  silhouette
19:32:59 INFO    evtol_siting.pipeline      ============================================================
19:32:59 INFO    evtol_siting.pipeline      阶段三：0-1 整数规划选址
19:32:59 INFO    evtol_siting.pipeline      ============================================================
19:32:59 INFO    evtol_siting.stage3_ip     [cost_priority] 需求单元 2519 个（核心 1008 个，阈值 分位数 0.60（>=20.0 次/日）），候选 1332 个，接驳时间预算 15.0 分钟，设施上限 20
19:33:00 INFO    evtol_siting.stage3_ip     [cost_priority] 最优解: 11 个起降场，总成本 3.48 亿元，需求覆盖率 97.1%，人口覆盖率 96.8%（耗时 0.65s）
19:33:00 INFO    evtol_siting.stage3_ip     [coverage_priority] 需求单元 2519 个（核心 1008 个，阈值 分位数 0.60（>=20.0 次/日）），候选 1332 个，接驳时间预算 15.0 分钟，设施上限 35
19:33:01 INFO    evtol_siting.stage3_ip     [coverage_priority] 最优解: 10 个起降场，总成本 5.14 亿元，需求覆盖率 96.5%，人口覆盖率 96.2%（耗时 0.65s）
19:33:01 INFO    evtol_siting.stage3_ip     阶段三完成: 2 个情景求解成功（cost_priority=Optimal, coverage_priority=Optimal）
19:33:01 INFO    evtol_siting.stage4_nsga2  问题实例: 2519 个需求单元（核心 1008），1332 个候选；接驳预算 15.0 分钟；单点最大可覆盖 307 个核心单元（占核心 30.5%）
19:33:01 INFO    scheme_family              候选 1332 个，需求单元 2519 个，总需求 48720 次/日
19:33:01 INFO    scheme_family              
19:33:01 INFO    scheme_family              ── 步骤 1：固定 N=11 的方案族（不同目标 → 不同布局）──
19:33:01 INFO    evtol_siting.schemes       生成固定规模方案族: N=11，4 个目标
19:33:01 INFO    evtol_siting.schemes       [最低成本] N=11 固定规模: 11 站 | 总接驳 450715 分钟·次/日 | 最差人群 9.75 分钟 | 覆盖 97.1% | 成本 3.48 亿元 | 耗时 0.5s
19:33:57 INFO    evtol_siting.schemes       [最短接驳（距离最近）] N=11 固定规模: 11 站 | 总接驳 448886 分钟·次/日 | 最差人群 11.00 分钟 | 覆盖 97.6% | 成本 5.88 亿元 | 耗时 55.7s
19:34:08 INFO    evtol_siting.schemes       [最大覆盖] N=11 固定规模: 11 站 | 总接驳 477082 分钟·次/日 | 最差人群 10.12 分钟 | 覆盖 99.2% | 成本 5.50 亿元 | 耗时 11.0s
19:34:11 ERROR   evtol_siting.schemes       方案 'min_worst_case' 求解失败: (3, 1032)
19:34:11 INFO    evtol_siting.schemes       方案族生成完成: 3/4 成功
19:34:11 INFO    scheme_family              
19:34:11 INFO    scheme_family              方案族对照（论文表）:
19:34:11 INFO    scheme_family              
      name  n_sites  cost_1e8  total_access_time  demand_coverage_pct  worst_group_access_time_min
      最低成本       11     3.480        450715.3662              97.1203                       9.7480
最短接驳（距离最近）       11     5.882        448886.4717              97.6058                      10.9996
      最大覆盖       11     5.496        477082.3213              99.1731                      10.1218
19:34:11 INFO    scheme_family              
19:34:11 INFO    scheme_family              方案族内部支配关系（行是否支配列）:
19:34:11 INFO    scheme_family                 最低成本             支配: （无）
19:34:11 INFO    scheme_family                 最短接驳（距离最近）       支配: （无）
19:34:11 INFO    scheme_family                 最大覆盖             支配: （无）
19:34:11 INFO    scheme_family              
19:34:11 INFO    scheme_family              ── 步骤 2：保规模杂交（子代恒含 11 站，以方案族为初始种群）──
19:34:11 INFO    scheme_family              注入 3 个方案族个体作为初始种子
19:34:11 INFO    evtol_siting.nsga2_core    初始种群: 100 个个体 × 1332 维，站点数 恒为 11（固定规模模式，保规模算子）
19:35:15 INFO    scheme_family                 第 1/2 次: 前沿 100 解，站点数恒为 11: 是，耗时 65s
19:35:15 INFO    evtol_siting.nsga2_core    初始种群: 100 个个体 × 1332 维，站点数 恒为 11（固定规模模式，保规模算子）
19:35:41 INFO    scheme_family                 第 2/2 次: 前沿 100 解，站点数恒为 11: 是，耗时 26s
19:35:41 INFO    scheme_family                 ✓ 全部运行的解都恰好含 11 个站——保规模算子有效
19:35:41 INFO    scheme_family              
19:35:41 INFO    scheme_family              ── 步骤 3：对照（自由规模 NSGA-II，设施数由模型自定）──
19:35:41 INFO    evtol_siting.nsga2_core    初始种群: 100 个个体 × 1332 维，站点数 区间 (12, 400)（区间初始化，自由规模）
19:35:53 INFO    scheme_family                 第 1/2 次: 前沿 100 解，站点数 11–391
19:35:53 INFO    evtol_siting.nsga2_core    初始种群: 100 个个体 × 1332 维，站点数 区间 (12, 400)（区间初始化，自由规模）
19:36:04 INFO    scheme_family                 第 2/2 次: 前沿 100 解，站点数 11–388
19:36:04 INFO    scheme_family              
19:36:04 INFO    scheme_family              ── 步骤 4：统一参考点下的对照 ──
19:36:13 INFO    scheme_family              
                approach  n_solutions  hypervolume  min_cost_1e8  min_unserved  min_inequity
    Scheme family (N=11)            3 1.148722e+19      3.480112    402.876962      9.747988
     Fixed-N GA breeding          173 1.745210e+19      3.140503    402.876962      9.329125
Free-cardinality NSGA-II          134 8.689379e+19      3.480112      0.000000      6.033737
19:36:13 INFO    scheme_family              
19:36:13 INFO    scheme_family              方案族中被**杂交结果支配**的：1/3（33%）
19:36:13 INFO    scheme_family              判读：若比例高，说明『杂交不同方案』确实产出了优于任一单目标方案的折中解——这正是该设计的价值所在；若为 0，说明方案族本身已在前沿上，杂交没有带来改进，应如实报告。
19:36:13 INFO    scheme_family              
19:36:13 INFO    scheme_family              ==============================================================================
19:36:13 INFO    scheme_family               完成。输出目录: evtol_siting\outputs\tables
19:36:13 INFO    scheme_family               文件: scheme_family.csv / scheme_family_ga_runs.csv / scheme_family_free_runs.csv / scheme_family_comparison.csv
19:36:13 INFO    scheme_family              ==============================================================================
19:38:22 INFO    scheme_family              ==============================================================================
19:38:22 INFO    scheme_family               固定规模方案族与保规模杂交     N = 11，data_mode = real
19:38:22 INFO    scheme_family              ==============================================================================
19:38:22 INFO    evtol_siting.pipeline      ============================================================
19:38:22 INFO    evtol_siting.pipeline      阶段一：基于 GIS 的候选起降场筛选
19:38:22 INFO    evtol_siting.pipeline      ============================================================
19:38:22 INFO    evtol_siting.pipeline      解析 PBF 提取包: sichuan-latest.osm.pbf
19:38:31 INFO    evtol_siting.data.pbf        已扫描 200000 个候选要素…
19:38:40 INFO    evtol_siting.data.pbf        已扫描 400000 个候选要素…
19:38:48 INFO    evtol_siting.data.pbf        已扫描 600000 个候选要素…
19:38:57 INFO    evtol_siting.data.pbf        已扫描 800000 个候选要素…
19:39:03 INFO    evtol_siting.data.pbf        buildings          69675 个要素
19:39:04 INFO    evtol_siting.data.pbf        poi                 8159 个要素
19:39:04 INFO    evtol_siting.data.pbf        roads              42272 个要素
19:39:04 INFO    evtol_siting.data.pbf        landuse             8430 个要素
19:39:04 INFO    evtol_siting.data.pbf        water               2252 个要素
19:39:04 INFO    evtol_siting.data.pbf        airports            1364 个要素
19:39:04 INFO    evtol_siting.data.pbf      PBF 解析完成（扫描 921830 个候选要素，输出 6 个图层）
19:39:04 INFO    evtol_siting.data.rasters  建筑高度栅格已存在: evtol_siting\data\raw\height\chengdu_building_height_10m.tif
19:39:06 INFO    evtol_siting.data.heights  高度栅格提供了 49162 栋建筑的高度（覆盖 70.6%）
19:39:06 INFO    evtol_siting.data.heights  分位数回归填补了 14650 栋建筑的高度（中位数 18.6 m）
19:39:06 INFO    evtol_siting.data.heights  高度融合结果（共 69675 栋）:
    raster_height     70.6%
    imputed           21.0%
    osm_levels         7.3%
    osm_height         1.1%
19:39:06 INFO    evtol_siting.data.heights      有标签覆盖率: 8.4% -> 融合后覆盖率: 100.0%
19:39:06 INFO    evtol_siting.data.rasters  人口栅格已存在: evtol_siting\data\raw\population\chengdu_population_100m.tif
19:39:06 INFO    evtol_siting.data.rasters  收入策略 = poi_index：经济活动指数将在阶段二由 OSM POI 构成计算（见 stage2_demand.build_poi_economic_index）
19:39:06 INFO    evtol_siting.data.rasters  DEM 已存在: evtol_siting\data\raw\dem\chengdu_dem_30m.tif
19:39:09 INFO    evtol_siting.data.rasters  坡度栅格已生成: evtol_siting\data\interim\slope.tif
19:39:10 INFO    evtol_siting.geo           栅格化完成: 单元边长 500 m, 单元数 2519, 覆盖 629.8 km²
19:39:10 INFO    evtol_siting.stage1_candidates 屋顶型筛选: 1430 / 69675 栋建筑满足 h>=20m 且 A_roof>=1600m² (2.05%)
19:39:10 INFO    evtol_siting.stage1_candidates   排除 用地类型: 30 个单元（1.2%）
19:39:10 INFO    evtol_siting.stage1_candidates   排除 水域: 55 个单元（2.2%）
19:39:10 INFO    evtol_siting.stage1_candidates   建筑覆盖率判据 (max=0.55): 剔除 4 个单元（保留 2430）；覆盖率中位数 0.05
19:39:10 INFO    evtol_siting.stage1_candidates 坡度判据: 2430 / 2430 单元满足 slope<=15° (剔除 0)
19:39:10 INFO    evtol_siting.stage1_candidates 地面型筛选: 2430 个候选（用地排除 -89，坡度排除后）
19:39:10 INFO    evtol_siting.stage1_candidates 地面型候选已按路网可达性重新评分（中位距离 91 m）
19:39:10 INFO    evtol_siting.stage1_candidates 已为 1430 个缺少 cell_id 的候选（屋顶型）补齐所属栅格单元（补齐后 3770/3860 有 cell_id）
19:39:10 INFO    evtol_siting.stage1_candidates   90 个候选落在栅格之外，改用坐标分桶作为 cell_id
19:39:10 INFO    evtol_siting.stage1_candidates   运输机场净空区 (r=4000m): 剔除 1472 个候选（占 38.1%）
19:39:10 INFO    evtol_siting.stage1_candidates   既有直升机场 (r=1000m): 剔除 178 个候选（占 4.6%）
19:39:10 INFO    evtol_siting.stage1_candidates 安全排除后剩余 2344 个候选（原有 3860）
19:39:10 INFO    evtol_siting.stage1_candidates   [ground] 类别内稀释: 1581 -> 1581
19:39:10 INFO    evtol_siting.stage1_candidates   [rooftop] 类别内稀释: 693 -> 258
19:39:10 INFO    evtol_siting.stage1_candidates 密度稀释 (c_min=500m, 每栅格<=3): 2344 -> 1332 个候选 （配额 -70，类别内间距 -435，跨类别冲突 -507）；构成: {'ground': 1076, 'rooftop': 256}
19:39:10 INFO    evtol_siting.stage1_candidates 阶段一完成: 1332 个候选起降场（屋顶型 256，地面型 1076）
19:39:10 INFO    evtol_siting.pipeline      ============================================================
19:39:10 INFO    evtol_siting.pipeline      阶段二：K-means 人群分类与需求空间化
19:39:10 INFO    evtol_siting.pipeline      ============================================================
19:39:10 INFO    evtol_siting.data.dasymetric 人口栅格分辨率 80 m 细于需求格网 500 m —— 分区求和已是正确的格网人口总量，**体积重分配在此不产生作用**，直接使用分区求和。（体积权重的价值在于把人口摊到建筑上做更细的分析，需 force=True）
19:39:10 WARNING evtol_siting.data.dasymetric 退化为按分区求和（假设人口在格网内均匀分布）
19:39:16 INFO    evtol_siting.stage2_demand 人口分配方式对比（论文 Table 用）:
    method  total_population  n_nonzero_cells  mean_per_cell  std_per_cell       cv     max_cell  top1pct_share     gini
dasymetric      7.712263e+06             2517    3061.636823   2504.238782 0.817941 12360.637527       0.032418 0.458119
   uniform      7.712263e+06             2517    3061.636823   2504.238782 0.817941 12360.637527       0.032418 0.458119
19:39:16 INFO    evtol_siting.stage2_demand 人口: 合计 7712263 人，单元中位数 2567 人（来源: zonal_sum）
19:39:16 INFO    evtol_siting.stage2_demand 未提供外部收入数据，将使用 OSM POI 构成的经济活动指数作为代理（见 data/rasters.py::build_poi_economic_index 的说明与局限）
19:39:16 INFO    evtol_siting.stage2_demand POI: 研究区内 7442 个，单元密度中位数 0 个/km²
19:39:16 INFO    evtol_siting.data.rasters  POI 经济活动指数: 范围 [0.000, 5.759]，中位数 0.000（加权 POI 总数 7949）
19:39:20 INFO    evtol_siting.stage2_demand K 选择 (silhouette): K=7，得分 0.7798，各 K 得分 {3: 0.7395, 4: 0.7588, 5: 0.7733, 6: 0.7722, 7: 0.7798, 8: 0.7784}
19:39:20 INFO    evtol_siting.choice_model  收入阶梯（K=7）: 1,868  2,799  3,613  4,500  5,605  7,236  10,840
19:39:20 INFO    evtol_siting.choice_model  时间价值: 5.4  8.0  10.4  12.9  16.1  20.8  31.1 元/小时（对应月收入 1,868  2,799  3,613  4,500  5,605  7,236  10,840）
19:39:20 INFO    evtol_siting.choice_model  时间价值: 1.1  1.2  1.4  1.6  1.9  2.2  2.5  2.9  3.3  3.8  4.4  5.0  5.8  6.6  7.6  8.7  10.0  11.5  13.3  15.2  17.5  20.1  23.1  26.6 元/小时（对应月收入 377  433  498  573  658  756  869  999  1,148  1,319  1,516  1,743  2,003  2,302  2,645  3,040  3,494  4,015  4,615  5,304  6,095  7,005  8,051  9,253）
19:39:20 INFO    evtol_siting.choice_model  时间价值: 1.6  1.9  2.1  2.5  2.8  3.3  3.7  4.3  4.9  5.7  6.5  7.5  8.6  9.9  11.4  13.1  15.0  17.3  19.9  22.8  26.2  30.2  34.7  39.8 元/小时（对应月收入 565  649  746  858  986  1,133  1,302  1,496  1,720  1,976  2,271  2,610  3,000  3,448  3,963  4,554  5,234  6,015  6,913  7,945  9,131  10,494  12,061  13,861）
19:39:20 INFO    evtol_siting.choice_model  时间价值: 2.1  2.4  2.8  3.2  3.7  4.2  4.8  5.6  6.4  7.3  8.4  9.7  11.1  12.8  14.7  16.9  19.4  22.3  25.6  29.5  33.9  38.9  44.7  51.4 元/小时（对应月收入 729  838  963  1,107  1,272  1,462  1,681  1,932  2,220  2,551  2,932  3,370  3,873  4,451  5,115  5,879  6,756  7,765  8,924  10,256  11,787  13,547  15,569  17,893）
19:39:20 INFO    evtol_siting.choice_model  时间价值: 2.6  3.0  3.4  4.0  4.6  5.2  6.0  6.9  7.9  9.1  10.5  12.1  13.9  15.9  18.3  21.0  24.2  27.8  31.9  36.7  42.2  48.5  55.7  64.0 元/小时（对应月收入 909  1,044  1,200  1,379  1,585  1,822  2,094  2,406  2,765  3,178  3,652  4,198  4,824  5,544  6,372  7,323  8,416  9,673  11,116  12,776  14,683  16,875  19,394  22,289）
19:39:20 INFO    evtol_siting.choice_model  时间价值: 3.3  3.7  4.3  4.9  5.7  6.5  7.5  8.6  9.9  11.4  13.1  15.0  17.3  19.8  22.8  26.2  30.1  34.6  39.8  45.7  52.6  60.4  69.4  79.8 元/小时（对应月收入 1,132  1,301  1,495  1,718  1,974  2,269  2,608  2,997  3,445  3,959  4,550  5,229  6,009  6,906  7,937  9,122  10,484  12,049  13,847  15,914  18,290  21,020  24,158  27,764）
19:39:20 INFO    evtol_siting.choice_model  时间价值: 4.2  4.8  5.5  6.4  7.3  8.4  9.7  11.1  12.8  14.7  16.9  19.4  22.3  25.6  29.4  33.8  38.9  44.7  51.4  59.0  67.8  78.0  89.6  103.0 元/小时（对应月收入 1,461  1,679  1,930  2,218  2,549  2,929  3,366  3,869  4,446  5,110  5,873  6,750  7,757  8,915  10,246  11,775  13,533  15,553  17,875  20,543  23,610  27,134  31,185  35,840）
19:39:20 INFO    evtol_siting.choice_model  时间价值: 6.3  7.2  8.3  9.5  11.0  12.6  14.5  16.7  19.1  22.0  25.3  29.1  33.4  38.4  44.1  50.7  58.3  67.0  76.9  88.4  101.6  116.8  134.2  154.3 元/小时（对应月收入 2,189  2,515  2,891  3,322  3,818  4,388  5,043  5,796  6,661  7,655  8,798  10,111  11,621  13,355  15,349  17,640  20,273  23,300  26,778  30,775  35,369  40,648  46,716  53,690）
19:39:20 INFO    evtol_siting.choice_model  选择模型 [区域内积分（σ_within=0.4）]: 出行 15 km，地面 55 分钟 / 57 元，eVTOL 24 分钟 / 130 元，节省 31 分钟；采用概率 0.0564–0.0988（类间比 1.75）
19:39:20 INFO    evtol_siting.choice_model  各类人群采用概率:
 cluster  monthly_income_cny  vot_cny_per_h  p_evtol  demand_rate
       3              1868.0           5.37  0.05642     0.005642
       0              2799.0           8.04  0.05974     0.005974
       5              3613.0          10.38  0.06283     0.006283
       2              4500.0          12.93  0.06638     0.006638
       4              5605.0          16.11  0.07112     0.007112
       6              7236.0          20.79  0.07876     0.007876
       1             10840.0          31.15  0.09879     0.009879
19:39:20 INFO    evtol_siting.stage2_demand K-means 聚类完成: K=7，总需求 48720 次/日，总人口 7712263 人
19:39:20 INFO    evtol_siting.stage2_demand 类画像:
 cluster  n_cells   population  income_mean  poi_density_mean  trip_rate  monthly_income_cny  vot_cny_per_h  p_evtol  demand_trips_per_day k_selection
       3     1391 2.642034e+06     0.000000          0.000000   0.005642              1868.0           5.37  0.05642          14906.353102  silhouette
       0      327 9.403271e+05     1.533906          5.321101   0.005974              2799.0           8.04  0.05974           5617.513868  silhouette
       5      321 1.318767e+06     2.598605         13.059190   0.006283              3613.0          10.38  0.06283           8285.811407  silhouette
       2      260 1.389814e+06     3.361789         29.492308   0.006638              4500.0          12.93  0.06638           9225.585950  silhouette
       4      145 9.081153e+05     4.000721         55.172414   0.007112              5605.0          16.11  0.07112           6458.515785  silhouette
       6       62 4.214043e+05     4.560623         96.000000   0.007876              7236.0          20.79  0.07876           3318.980346  silhouette
       1       13 9.180217e+04     5.021334        170.461538   0.009879             10840.0          31.15  0.09879            906.913644  silhouette
19:39:20 INFO    evtol_siting.pipeline      ============================================================
19:39:20 INFO    evtol_siting.pipeline      阶段三：0-1 整数规划选址
19:39:20 INFO    evtol_siting.pipeline      ============================================================
19:39:20 INFO    evtol_siting.stage3_ip     [cost_priority] 需求单元 2519 个（核心 1008 个，阈值 分位数 0.60（>=20.0 次/日）），候选 1332 个，接驳时间预算 15.0 分钟，设施上限 20
19:39:21 INFO    evtol_siting.stage3_ip     [cost_priority] 最优解: 11 个起降场，总成本 3.48 亿元，需求覆盖率 97.1%，人口覆盖率 96.8%（耗时 0.39s）
19:39:21 INFO    evtol_siting.stage3_ip     [coverage_priority] 需求单元 2519 个（核心 1008 个，阈值 分位数 0.60（>=20.0 次/日）），候选 1332 个，接驳时间预算 15.0 分钟，设施上限 35
19:39:21 INFO    evtol_siting.stage3_ip     [coverage_priority] 最优解: 10 个起降场，总成本 5.14 亿元，需求覆盖率 96.5%，人口覆盖率 96.2%（耗时 0.39s）
19:39:21 INFO    evtol_siting.stage3_ip     阶段三完成: 2 个情景求解成功（cost_priority=Optimal, coverage_priority=Optimal）
19:39:21 INFO    evtol_siting.stage4_nsga2  问题实例: 2519 个需求单元（核心 1008），1332 个候选；接驳预算 15.0 分钟；单点最大可覆盖 307 个核心单元（占核心 30.5%）
19:39:21 INFO    scheme_family              候选 1332 个，需求单元 2519 个，总需求 48720 次/日
19:39:21 INFO    scheme_family              
19:39:21 INFO    scheme_family              ── 步骤 1：固定 N=11 的方案族（不同目标 → 不同布局）──
19:39:21 INFO    evtol_siting.schemes       生成固定规模方案族: N=11，4 个目标
19:39:22 INFO    evtol_siting.schemes       [最低成本] N=11 固定规模: 11 站 | 总接驳 450715 分钟·次/日 | 最差人群 9.75 分钟 | 覆盖 97.1% | 成本 3.48 亿元 | 耗时 0.3s
19:39:51 INFO    evtol_siting.schemes       [最短接驳（距离最近）] N=11 固定规模: 11 站 | 总接驳 448886 分钟·次/日 | 最差人群 11.00 分钟 | 覆盖 97.6% | 成本 5.88 亿元 | 耗时 28.7s
19:39:58 INFO    evtol_siting.schemes       [最大覆盖] N=11 固定规模: 11 站 | 总接驳 477082 分钟·次/日 | 最差人群 10.12 分钟 | 覆盖 99.2% | 成本 5.50 亿元 | 耗时 7.0s
19:50:13 INFO    evtol_siting.schemes       [最均衡体验] N=11 固定规模: 11 站 | 总接驳 430640 分钟·次/日 | 最差人群 9.59 分钟 | 覆盖 96.9% | 成本 6.04 亿元 | 耗时 615.4s
19:50:13 INFO    evtol_siting.schemes       方案族生成完成: 4/4 成功
19:50:13 INFO    scheme_family              
19:50:13 INFO    scheme_family              方案族对照（论文表）:
19:50:13 INFO    scheme_family              
      name  n_sites  cost_1e8  total_access_time  demand_coverage_pct  worst_group_access_time_min
      最低成本       11     3.480        450715.3662              97.1203                       9.7480
最短接驳（距离最近）       11     5.882        448886.4717              97.6058                      10.9996
      最大覆盖       11     5.496        477082.3213              99.1731                      10.1218
     最均衡体验       11     6.043        430640.2326              96.8936                       9.5893
19:50:13 INFO    scheme_family              
19:50:13 INFO    scheme_family              方案族内部支配关系（行是否支配列）:
19:50:13 INFO    scheme_family                 最低成本             支配: （无）
19:50:13 INFO    scheme_family                 最短接驳（距离最近）       支配: （无）
19:50:13 INFO    scheme_family                 最大覆盖             支配: （无）
19:50:13 INFO    scheme_family                 最均衡体验            支配: （无）
19:50:13 INFO    scheme_family              
19:50:13 INFO    scheme_family              ── 步骤 2：保规模杂交（子代恒含 11 站，以方案族为初始种群）──
19:50:13 INFO    scheme_family              注入 4 个方案族个体作为初始种子
19:50:13 INFO    evtol_siting.nsga2_core    初始种群: 100 个个体 × 1332 维，站点数 恒为 11（固定规模模式，保规模算子）
19:50:38 INFO    scheme_family                 第 1/2 次: 前沿 100 解，站点数恒为 11: 是，耗时 25s
19:50:38 INFO    evtol_siting.nsga2_core    初始种群: 100 个个体 × 1332 维，站点数 恒为 11（固定规模模式，保规模算子）
19:51:02 INFO    scheme_family                 第 2/2 次: 前沿 100 解，站点数恒为 11: 是，耗时 24s
19:51:02 INFO    scheme_family                 ✓ 全部运行的解都恰好含 11 个站——保规模算子有效
19:51:02 INFO    scheme_family              
19:51:02 INFO    scheme_family              ── 步骤 3：对照（自由规模 NSGA-II，设施数由模型自定）──
19:51:02 INFO    evtol_siting.nsga2_core    初始种群: 100 个个体 × 1332 维，站点数 区间 (12, 400)（区间初始化，自由规模）
19:51:14 INFO    scheme_family                 第 1/2 次: 前沿 100 解，站点数 11–392
19:51:14 INFO    evtol_siting.nsga2_core    初始种群: 100 个个体 × 1332 维，站点数 区间 (12, 400)（区间初始化，自由规模）
19:51:26 INFO    scheme_family                 第 2/2 次: 前沿 100 解，站点数 11–388
19:51:26 INFO    scheme_family              
19:51:26 INFO    scheme_family              ── 步骤 4：统一参考点下的对照 ──
19:51:34 INFO    scheme_family              
                approach  n_solutions  hypervolume  min_cost_1e8  min_unserved  min_inequity
    Scheme family (N=11)            4 1.556969e+19      3.480112    402.876962      9.589304
     Fixed-N GA breeding          157 1.947352e+19      3.111940    402.876962      9.332704
Free-cardinality NSGA-II          137 9.336996e+19      3.480112      0.000000      6.023812
19:51:34 INFO    scheme_family              
19:51:34 INFO    scheme_family              方案族中被**杂交结果支配**的：1/4（25%）
19:51:34 INFO    scheme_family              判读：若比例高，说明『杂交不同方案』确实产出了优于任一单目标方案的折中解——这正是该设计的价值所在；若为 0，说明方案族本身已在前沿上，杂交没有带来改进，应如实报告。
19:51:34 INFO    scheme_family              
19:51:34 INFO    scheme_family              ==============================================================================
19:51:34 INFO    scheme_family               完成。输出目录: evtol_siting\outputs\tables
19:51:34 INFO    scheme_family               文件: scheme_family.csv / scheme_family_ga_runs.csv / scheme_family_free_runs.csv / scheme_family_comparison.csv
19:51:34 INFO    scheme_family              ==============================================================================
00:56:02 INFO    scheme_family              ==============================================================================
00:56:02 INFO    scheme_family               固定规模方案族与保规模杂交     N = 10，data_mode = real
00:56:02 INFO    scheme_family              ==============================================================================
00:56:02 INFO    evtol_siting.pipeline      ============================================================
00:56:02 INFO    evtol_siting.pipeline      阶段一：基于 GIS 的候选起降场筛选
00:56:02 INFO    evtol_siting.pipeline      ============================================================
00:56:02 INFO    evtol_siting.pipeline      解析 PBF 提取包: sichuan-latest.osm.pbf
00:56:20 INFO    evtol_siting.data.pbf        已扫描 200000 个候选要素…
00:56:41 INFO    evtol_siting.data.pbf        已扫描 400000 个候选要素…
00:56:57 INFO    evtol_siting.data.pbf        已扫描 600000 个候选要素…
00:57:15 INFO    evtol_siting.data.pbf        已扫描 800000 个候选要素…
00:57:29 INFO    evtol_siting.data.pbf        buildings          69675 个要素
00:57:29 INFO    evtol_siting.data.pbf        poi                 8159 个要素
00:57:30 INFO    evtol_siting.data.pbf        roads              42272 个要素
00:57:31 INFO    evtol_siting.data.pbf        landuse             8430 个要素
00:57:31 INFO    evtol_siting.data.pbf        water               2252 个要素
00:57:31 INFO    evtol_siting.data.pbf        airports            1364 个要素
00:57:31 INFO    evtol_siting.data.pbf      PBF 解析完成（扫描 921830 个候选要素，输出 6 个图层）
00:57:31 INFO    evtol_siting.data.rasters  建筑高度栅格已存在: evtol_siting\data\raw\height\chengdu_building_height_10m.tif
00:57:38 INFO    evtol_siting.data.heights  高度栅格提供了 49162 栋建筑的高度（覆盖 70.6%）
00:57:38 INFO    evtol_siting.data.heights  分位数回归填补了 14650 栋建筑的高度（中位数 18.6 m）
00:57:38 INFO    evtol_siting.data.heights  高度融合结果（共 69675 栋）:
    raster_height     70.6%
    imputed           21.0%
    osm_levels         7.3%
    osm_height         1.1%
00:57:38 INFO    evtol_siting.data.heights      有标签覆盖率: 8.4% -> 融合后覆盖率: 100.0%
00:57:38 INFO    evtol_siting.data.rasters  人口栅格已存在: evtol_siting\data\raw\population\chengdu_population_100m.tif
00:57:38 INFO    evtol_siting.data.rasters  收入策略 = poi_index：经济活动指数将在阶段二由 OSM POI 构成计算（见 stage2_demand.build_poi_economic_index）
00:57:38 INFO    evtol_siting.data.rasters  DEM 已存在: evtol_siting\data\raw\dem\chengdu_dem_30m.tif
00:57:43 INFO    evtol_siting.data.rasters  坡度栅格已生成: evtol_siting\data\interim\slope.tif
00:57:44 INFO    evtol_siting.geo           栅格化完成: 单元边长 500 m, 单元数 2519, 覆盖 629.8 km²
00:57:44 INFO    evtol_siting.stage1_candidates 屋顶型筛选: 1430 / 69675 栋建筑满足 h>=20m 且 A_roof>=1600m² (2.05%)
00:57:44 INFO    evtol_siting.stage1_candidates   排除 用地类型: 30 个单元（1.2%）
00:57:44 INFO    evtol_siting.stage1_candidates   排除 水域: 55 个单元（2.2%）
00:57:44 INFO    evtol_siting.stage1_candidates   建筑覆盖率判据 (max=0.55): 剔除 4 个单元（保留 2430）；覆盖率中位数 0.05
00:57:44 INFO    evtol_siting.stage1_candidates 坡度判据: 2430 / 2430 单元满足 slope<=15° (剔除 0)
00:57:45 INFO    evtol_siting.stage1_candidates 地面型筛选: 2430 个候选（用地排除 -89，坡度排除后）
00:57:45 INFO    evtol_siting.stage1_candidates 地面型候选已按路网可达性重新评分（中位距离 91 m）
00:57:45 INFO    evtol_siting.stage1_candidates 已为 1430 个缺少 cell_id 的候选（屋顶型）补齐所属栅格单元（补齐后 3770/3860 有 cell_id）
00:57:45 INFO    evtol_siting.stage1_candidates   90 个候选落在栅格之外，改用坐标分桶作为 cell_id
00:57:45 INFO    evtol_siting.stage1_candidates   民用机场要素 1295 个：按 eVTOL 可设站中转处理，**不排除**
00:57:45 INFO    evtol_siting.stage1_candidates   军用机场净空区 (r=4000m): 剔除 708 个候选（占 18.3%）
00:57:45 INFO    evtol_siting.stage1_candidates   既有直升机场 (r=1000m): 剔除 178 个候选（占 4.6%）
00:57:45 INFO    evtol_siting.stage1_candidates 安全排除后剩余 3023 个候选（原有 3860）
00:57:45 INFO    evtol_siting.stage1_candidates   [ground] 类别内稀释: 1905 -> 1905
00:57:45 INFO    evtol_siting.stage1_candidates   [rooftop] 类别内稀释: 1000 -> 359
00:57:46 INFO    evtol_siting.stage1_candidates 密度稀释 (c_min=500m, 每栅格<=3): 3023 -> 1552 个候选 （配额 -118，类别内间距 -641，跨类别冲突 -712）；构成: {'ground': 1201, 'rooftop': 351}
00:57:46 INFO    evtol_siting.stage1_candidates 阶段一完成: 1552 个候选起降场（屋顶型 351，地面型 1201）
00:57:46 INFO    evtol_siting.pipeline      ============================================================
00:57:46 INFO    evtol_siting.pipeline      阶段二：K-means 人群分类与需求空间化
00:57:46 INFO    evtol_siting.pipeline      ============================================================
00:57:46 INFO    evtol_siting.data.dasymetric 人口栅格分辨率 80 m 细于需求格网 500 m —— 分区求和已是正确的格网人口总量，**体积重分配在此不产生作用**，直接使用分区求和。（体积权重的价值在于把人口摊到建筑上做更细的分析，需 force=True）
00:57:46 WARNING evtol_siting.data.dasymetric 退化为按分区求和（假设人口在格网内均匀分布）
01:07:38 INFO    scheme_family              ==============================================================================
01:07:38 INFO    scheme_family               固定规模方案族与保规模杂交     N = 10，data_mode = real
01:07:38 INFO    scheme_family              ==============================================================================
01:07:38 INFO    evtol_siting.pipeline      ============================================================
01:07:38 INFO    evtol_siting.pipeline      阶段一：基于 GIS 的候选起降场筛选
01:07:38 INFO    evtol_siting.pipeline      ============================================================
01:07:38 INFO    evtol_siting.pipeline      解析 PBF 提取包: sichuan-latest.osm.pbf
01:07:47 INFO    evtol_siting.data.pbf        已扫描 200000 个候选要素…
01:07:57 INFO    evtol_siting.data.pbf        已扫描 400000 个候选要素…
01:08:06 INFO    evtol_siting.data.pbf        已扫描 600000 个候选要素…
01:08:16 INFO    evtol_siting.data.pbf        已扫描 800000 个候选要素…
01:08:22 INFO    evtol_siting.data.pbf        buildings          69675 个要素
01:08:23 INFO    evtol_siting.data.pbf        poi                 8159 个要素
01:08:23 INFO    evtol_siting.data.pbf        roads              42272 个要素
01:08:23 INFO    evtol_siting.data.pbf        landuse             8430 个要素
01:08:23 INFO    evtol_siting.data.pbf        water               2252 个要素
01:08:23 INFO    evtol_siting.data.pbf        airports            1364 个要素
01:08:23 INFO    evtol_siting.data.pbf      PBF 解析完成（扫描 921830 个候选要素，输出 6 个图层）
01:08:23 INFO    evtol_siting.data.rasters  建筑高度栅格已存在: evtol_siting\data\raw\height\chengdu_building_height_10m.tif
01:08:26 INFO    evtol_siting.data.heights  高度栅格提供了 49162 栋建筑的高度（覆盖 70.6%）
01:08:26 INFO    evtol_siting.data.heights  分位数回归填补了 14650 栋建筑的高度（中位数 18.6 m）
01:08:26 INFO    evtol_siting.data.heights  高度融合结果（共 69675 栋）:
    raster_height     70.6%
    imputed           21.0%
    osm_levels         7.3%
    osm_height         1.1%
01:08:26 INFO    evtol_siting.data.heights      有标签覆盖率: 8.4% -> 融合后覆盖率: 100.0%
01:08:26 INFO    evtol_siting.data.rasters  人口栅格已存在: evtol_siting\data\raw\population\chengdu_population_100m.tif
01:08:26 INFO    evtol_siting.data.rasters  收入策略 = poi_index：经济活动指数将在阶段二由 OSM POI 构成计算（见 stage2_demand.build_poi_economic_index）
01:08:26 INFO    evtol_siting.data.rasters  DEM 已存在: evtol_siting\data\raw\dem\chengdu_dem_30m.tif
01:08:29 INFO    evtol_siting.data.rasters  坡度栅格已生成: evtol_siting\data\interim\slope.tif
01:08:29 INFO    evtol_siting.geo           栅格化完成: 单元边长 500 m, 单元数 2519, 覆盖 629.8 km²
01:08:29 INFO    evtol_siting.stage1_candidates 屋顶型筛选: 1430 / 69675 栋建筑满足 h>=20m 且 A_roof>=1600m² (2.05%)
01:08:29 INFO    evtol_siting.stage1_candidates   排除 用地类型: 30 个单元（1.2%）
01:08:29 INFO    evtol_siting.stage1_candidates   排除 水域: 55 个单元（2.2%）
01:08:29 INFO    evtol_siting.stage1_candidates   建筑覆盖率判据 (max=0.55): 剔除 4 个单元（保留 2430）；覆盖率中位数 0.05
01:08:29 INFO    evtol_siting.stage1_candidates 坡度判据: 2430 / 2430 单元满足 slope<=15° (剔除 0)
01:08:29 INFO    evtol_siting.stage1_candidates 地面型筛选: 2430 个候选（用地排除 -89，坡度排除后）
01:08:30 INFO    evtol_siting.stage1_candidates 地面型候选已按路网可达性重新评分（中位距离 91 m）
01:08:30 INFO    evtol_siting.stage1_candidates 已为 1430 个缺少 cell_id 的候选（屋顶型）补齐所属栅格单元（补齐后 3770/3860 有 cell_id）
01:08:30 INFO    evtol_siting.stage1_candidates   90 个候选落在栅格之外，改用坐标分桶作为 cell_id
01:08:30 INFO    evtol_siting.stage1_candidates   民用机场要素 1295 个：按 eVTOL 可设站中转处理，**不排除**
01:08:30 INFO    evtol_siting.stage1_candidates   军用机场净空区 (r=4000m): 剔除 708 个候选（占 18.3%）
01:08:30 INFO    evtol_siting.stage1_candidates   既有直升机场 (r=1000m): 剔除 178 个候选（占 4.6%）
01:08:30 INFO    evtol_siting.stage1_candidates 安全排除后剩余 3023 个候选（原有 3860）
01:08:30 INFO    evtol_siting.stage1_candidates   [ground] 类别内稀释: 1905 -> 1905
01:08:30 INFO    evtol_siting.stage1_candidates   [rooftop] 类别内稀释: 1000 -> 359
01:08:30 INFO    evtol_siting.stage1_candidates 密度稀释 (c_min=500m, 每栅格<=3): 3023 -> 1552 个候选 （配额 -118，类别内间距 -641，跨类别冲突 -712）；构成: {'ground': 1201, 'rooftop': 351}
01:08:30 INFO    evtol_siting.stage1_candidates 阶段一完成: 1552 个候选起降场（屋顶型 351，地面型 1201）
01:08:30 INFO    evtol_siting.pipeline      ============================================================
01:08:30 INFO    evtol_siting.pipeline      阶段二：K-means 人群分类与需求空间化
01:08:30 INFO    evtol_siting.pipeline      ============================================================
01:08:30 INFO    evtol_siting.data.dasymetric 人口栅格分辨率 80 m 细于需求格网 500 m —— 分区求和已是正确的格网人口总量，**体积重分配在此不产生作用**，直接使用分区求和。（体积权重的价值在于把人口摊到建筑上做更细的分析，需 force=True）
01:08:30 WARNING evtol_siting.data.dasymetric 退化为按分区求和（假设人口在格网内均匀分布）
01:08:37 INFO    evtol_siting.stage2_demand 人口分配方式对比（论文 Table 用）:
    method  total_population  n_nonzero_cells  mean_per_cell  std_per_cell       cv     max_cell  top1pct_share     gini
dasymetric      7.712263e+06             2517    3061.636823   2504.238782 0.817941 12360.637527       0.032418 0.458119
   uniform      7.712263e+06             2517    3061.636823   2504.238782 0.817941 12360.637527       0.032418 0.458119
01:08:37 INFO    evtol_siting.stage2_demand 人口: 合计 7712263 人，单元中位数 2567 人（来源: zonal_sum）
01:08:37 INFO    evtol_siting.stage2_demand 未提供外部收入数据，将使用 OSM POI 构成的经济活动指数作为代理（见 data/rasters.py::build_poi_economic_index 的说明与局限）
01:08:37 INFO    evtol_siting.stage2_demand POI: 研究区内 7442 个，单元密度中位数 0 个/km²
01:08:37 INFO    evtol_siting.data.rasters  POI 经济活动指数: 范围 [0.000, 5.759]，中位数 0.000（加权 POI 总数 7949）
01:08:42 INFO    evtol_siting.stage2_demand K 选择 (silhouette): K=7，得分 0.7798，各 K 得分 {3: 0.7395, 4: 0.7588, 5: 0.7733, 6: 0.7722, 7: 0.7798, 8: 0.7784}
01:08:42 INFO    evtol_siting.choice_model  收入阶梯（K=7）: 1,868  2,799  3,613  4,500  5,605  7,236  10,840
01:08:42 INFO    evtol_siting.choice_model  时间价值: 5.4  8.0  10.4  12.9  16.1  20.8  31.1 元/小时（对应月收入 1,868  2,799  3,613  4,500  5,605  7,236  10,840）
01:08:42 INFO    evtol_siting.choice_model  时间价值: 1.1  1.2  1.4  1.6  1.9  2.2  2.5  2.9  3.3  3.8  4.4  5.0  5.8  6.6  7.6  8.7  10.0  11.5  13.3  15.2  17.5  20.1  23.1  26.6 元/小时（对应月收入 377  433  498  573  658  756  869  999  1,148  1,319  1,516  1,743  2,003  2,302  2,645  3,040  3,494  4,015  4,615  5,304  6,095  7,005  8,051  9,253）
01:08:42 INFO    evtol_siting.choice_model  时间价值: 1.6  1.9  2.1  2.5  2.8  3.3  3.7  4.3  4.9  5.7  6.5  7.5  8.6  9.9  11.4  13.1  15.0  17.3  19.9  22.8  26.2  30.2  34.7  39.8 元/小时（对应月收入 565  649  746  858  986  1,133  1,302  1,496  1,720  1,976  2,271  2,610  3,000  3,448  3,963  4,554  5,234  6,015  6,913  7,945  9,131  10,494  12,061  13,861）
01:08:42 INFO    evtol_siting.choice_model  时间价值: 2.1  2.4  2.8  3.2  3.7  4.2  4.8  5.6  6.4  7.3  8.4  9.7  11.1  12.8  14.7  16.9  19.4  22.3  25.6  29.5  33.9  38.9  44.7  51.4 元/小时（对应月收入 729  838  963  1,107  1,272  1,462  1,681  1,932  2,220  2,551  2,932  3,370  3,873  4,451  5,115  5,879  6,756  7,765  8,924  10,256  11,787  13,547  15,569  17,893）
01:08:42 INFO    evtol_siting.choice_model  时间价值: 2.6  3.0  3.4  4.0  4.6  5.2  6.0  6.9  7.9  9.1  10.5  12.1  13.9  15.9  18.3  21.0  24.2  27.8  31.9  36.7  42.2  48.5  55.7  64.0 元/小时（对应月收入 909  1,044  1,200  1,379  1,585  1,822  2,094  2,406  2,765  3,178  3,652  4,198  4,824  5,544  6,372  7,323  8,416  9,673  11,116  12,776  14,683  16,875  19,394  22,289）
01:08:42 INFO    evtol_siting.choice_model  时间价值: 3.3  3.7  4.3  4.9  5.7  6.5  7.5  8.6  9.9  11.4  13.1  15.0  17.3  19.8  22.8  26.2  30.1  34.6  39.8  45.7  52.6  60.4  69.4  79.8 元/小时（对应月收入 1,132  1,301  1,495  1,718  1,974  2,269  2,608  2,997  3,445  3,959  4,550  5,229  6,009  6,906  7,937  9,122  10,484  12,049  13,847  15,914  18,290  21,020  24,158  27,764）
01:08:42 INFO    evtol_siting.choice_model  时间价值: 4.2  4.8  5.5  6.4  7.3  8.4  9.7  11.1  12.8  14.7  16.9  19.4  22.3  25.6  29.4  33.8  38.9  44.7  51.4  59.0  67.8  78.0  89.6  103.0 元/小时（对应月收入 1,461  1,679  1,930  2,218  2,549  2,929  3,366  3,869  4,446  5,110  5,873  6,750  7,757  8,915  10,246  11,775  13,533  15,553  17,875  20,543  23,610  27,134  31,185  35,840）
01:08:42 INFO    evtol_siting.choice_model  时间价值: 6.3  7.2  8.3  9.5  11.0  12.6  14.5  16.7  19.1  22.0  25.3  29.1  33.4  38.4  44.1  50.7  58.3  67.0  76.9  88.4  101.6  116.8  134.2  154.3 元/小时（对应月收入 2,189  2,515  2,891  3,322  3,818  4,388  5,043  5,796  6,661  7,655  8,798  10,111  11,621  13,355  15,349  17,640  20,273  23,300  26,778  30,775  35,369  40,648  46,716  53,690）
01:08:42 INFO    evtol_siting.choice_model  选择模型 [区域内积分（σ_within=0.4）]: 出行 15 km，地面 55 分钟 / 57 元，eVTOL 24 分钟 / 130 元，节省 31 分钟；采用概率 0.0564–0.0988（类间比 1.75）
01:08:42 INFO    evtol_siting.choice_model  各类人群采用概率:
 cluster  monthly_income_cny  vot_cny_per_h  p_evtol  demand_rate
       3              1868.0           5.37  0.05642     0.005642
       0              2799.0           8.04  0.05974     0.005974
       5              3613.0          10.38  0.06283     0.006283
       2              4500.0          12.93  0.06638     0.006638
       4              5605.0          16.11  0.07112     0.007112
       6              7236.0          20.79  0.07876     0.007876
       1             10840.0          31.15  0.09879     0.009879
01:08:42 INFO    evtol_siting.stage2_demand K-means 聚类完成: K=7，总需求 48720 次/日，总人口 7712263 人
01:08:42 INFO    evtol_siting.stage2_demand 类画像:
 cluster  n_cells   population  income_mean  poi_density_mean  trip_rate  monthly_income_cny  vot_cny_per_h  p_evtol  demand_trips_per_day k_selection
       3     1391 2.642034e+06     0.000000          0.000000   0.005642              1868.0           5.37  0.05642          14906.353102  silhouette
       0      327 9.403271e+05     1.533906          5.321101   0.005974              2799.0           8.04  0.05974           5617.513868  silhouette
       5      321 1.318767e+06     2.598605         13.059190   0.006283              3613.0          10.38  0.06283           8285.811407  silhouette
       2      260 1.389814e+06     3.361789         29.492308   0.006638              4500.0          12.93  0.06638           9225.585950  silhouette
       4      145 9.081153e+05     4.000721         55.172414   0.007112              5605.0          16.11  0.07112           6458.515785  silhouette
       6       62 4.214043e+05     4.560623         96.000000   0.007876              7236.0          20.79  0.07876           3318.980346  silhouette
       1       13 9.180217e+04     5.021334        170.461538   0.009879             10840.0          31.15  0.09879            906.913644  silhouette
01:08:42 INFO    evtol_siting.pipeline      ============================================================
01:08:42 INFO    evtol_siting.pipeline      阶段三：0-1 整数规划选址
01:08:42 INFO    evtol_siting.pipeline      ============================================================
01:08:43 INFO    evtol_siting.stage3_ip     [cost_priority] 需求单元 2519 个（核心 1008 个，阈值 分位数 0.60（>=20.0 次/日）），候选 1552 个，接驳时间预算 15.0 分钟，设施上限 20
01:08:44 INFO    evtol_siting.stage3_ip     [cost_priority] 最优解: 10 个起降场，总成本 3.05 亿元，需求覆盖率 96.8%，人口覆盖率 96.4%（耗时 1.26s）
01:08:44 INFO    evtol_siting.stage3_ip     [coverage_priority] 需求单元 2519 个（核心 1008 个，阈值 分位数 0.60（>=20.0 次/日）），候选 1552 个，接驳时间预算 15.0 分钟，设施上限 35
01:08:45 INFO    evtol_siting.stage3_ip     [coverage_priority] 最优解: 9 个起降场，总成本 4.32 亿元，需求覆盖率 96.2%，人口覆盖率 95.7%（耗时 0.91s）
01:08:45 INFO    evtol_siting.stage3_ip     阶段三完成: 2 个情景求解成功（cost_priority=Optimal, coverage_priority=Optimal）
01:08:45 INFO    evtol_siting.stage4_nsga2  问题实例: 2519 个需求单元（核心 1008），1552 个候选；接驳预算 15.0 分钟；单点最大可覆盖 310 个核心单元（占核心 30.8%）
01:08:45 INFO    scheme_family              候选 1552 个，需求单元 2519 个，总需求 48720 次/日
01:08:45 INFO    scheme_family              
01:08:45 INFO    scheme_family              ── 步骤 1：固定 N=10 的方案族（不同目标 → 不同布局）──
01:08:45 INFO    evtol_siting.schemes       生成固定规模方案族: N=10，4 个目标
01:08:46 INFO    evtol_siting.schemes       [最低成本] N=10 固定规模: 10 站 | 总接驳 466196 分钟·次/日 | 最差人群 10.90 分钟 | 覆盖 96.8% | 成本 3.05 亿元 | 耗时 1.1s
01:19:17 INFO    evtol_siting.schemes       [最短接驳（距离最近）] N=10 固定规模: 10 站 | 总接驳 476165 分钟·次/日 | 最差人群 10.25 分钟 | 覆盖 98.3% | 成本 5.91 亿元 | 耗时 630.9s
01:29:19 INFO    evtol_siting.schemes       [最大覆盖] N=10 固定规模: 10 站 | 总接驳 505951 分钟·次/日 | 最差人群 10.75 分钟 | 覆盖 99.1% | 成本 5.40 亿元 | 耗时 601.5s
01:41:44 WARNING evtol_siting.schemes       [最均衡体验] 求解状态: Not Solved
01:41:44 INFO    evtol_siting.schemes       方案族生成完成: 4/4 成功
01:41:44 INFO    scheme_family              
01:41:44 INFO    scheme_family              方案族对照（论文表）:
01:41:44 INFO    scheme_family              
      name  n_sites  cost_1e8  total_access_time  demand_coverage_pct  worst_group_access_time_min
      最低成本       10     3.046        466195.6434              96.7562                      10.8970
最短接驳（距离最近）       10     5.908        476164.8187              98.2621                      10.2489
      最大覆盖       10     5.399        505951.3867              99.0578                      10.7549
01:41:44 INFO    scheme_family              
01:41:44 INFO    scheme_family              方案族内部支配关系（行是否支配列）:
01:41:44 INFO    scheme_family                 最低成本             支配: （无）
01:41:44 INFO    scheme_family                 最短接驳（距离最近）       支配: （无）
01:41:44 INFO    scheme_family                 最大覆盖             支配: （无）
01:41:44 INFO    scheme_family              
01:41:44 INFO    scheme_family              ── 步骤 2：保规模杂交（子代恒含 10 站，以方案族为初始种群）──
01:41:44 INFO    scheme_family              注入 3 个方案族个体作为初始种子
01:41:44 INFO    evtol_siting.nsga2_core    初始种群: 100 个个体 × 1552 维，站点数 恒为 10（固定规模模式，保规模算子）
01:42:42 INFO    scheme_family                 第 1/5 次: 前沿 100 解，站点数恒为 10: 是，耗时 58s
01:42:42 INFO    evtol_siting.nsga2_core    初始种群: 100 个个体 × 1552 维，站点数 恒为 10（固定规模模式，保规模算子）
01:43:37 INFO    scheme_family                 第 2/5 次: 前沿 100 解，站点数恒为 10: 是，耗时 55s
01:43:37 INFO    evtol_siting.nsga2_core    初始种群: 100 个个体 × 1552 维，站点数 恒为 10（固定规模模式，保规模算子）
01:44:26 INFO    scheme_family                 第 3/5 次: 前沿 100 解，站点数恒为 10: 是，耗时 48s
01:44:26 INFO    evtol_siting.nsga2_core    初始种群: 100 个个体 × 1552 维，站点数 恒为 10（固定规模模式，保规模算子）
01:45:17 INFO    scheme_family                 第 4/5 次: 前沿 100 解，站点数恒为 10: 是，耗时 51s
01:45:17 INFO    evtol_siting.nsga2_core    初始种群: 100 个个体 × 1552 维，站点数 恒为 10（固定规模模式，保规模算子）
01:46:05 INFO    scheme_family                 第 5/5 次: 前沿 100 解，站点数恒为 10: 是，耗时 49s
01:46:05 INFO    scheme_family                 ✓ 全部运行的解都恰好含 10 个站——保规模算子有效
01:46:05 INFO    scheme_family              
01:46:05 INFO    scheme_family              ── 步骤 3：对照（自由规模 NSGA-II，设施数由模型自定）──
01:46:05 INFO    evtol_siting.nsga2_core    初始种群: 100 个个体 × 1552 维，站点数 区间 (12, 400)（区间初始化，自由规模）
01:46:32 INFO    scheme_family                 第 1/5 次: 前沿 100 解，站点数 10–398
01:46:32 INFO    evtol_siting.nsga2_core    初始种群: 100 个个体 × 1552 维，站点数 区间 (12, 400)（区间初始化，自由规模）
01:46:55 WARNING evtol_siting.nsga2_core    帕累托前沿在 100 代内**没有改进**（HV 5.705e+08 -> 5.705e+08）。可能原因：(1) 初始种群已被 IP 解锚定在最优附近；(2) 修复算子过强，压制了搜索空间；(3) 目标间无实质权衡。建议检查目标值分布是否退化。
01:46:55 INFO    scheme_family                 第 2/5 次: 前沿 100 解，站点数 10–396
01:46:55 INFO    evtol_siting.nsga2_core    初始种群: 100 个个体 × 1552 维，站点数 区间 (12, 400)（区间初始化，自由规模）
01:47:15 WARNING evtol_siting.nsga2_core    帕累托前沿在 100 代内**没有改进**（HV 5.788e+08 -> 5.788e+08）。可能原因：(1) 初始种群已被 IP 解锚定在最优附近；(2) 修复算子过强，压制了搜索空间；(3) 目标间无实质权衡。建议检查目标值分布是否退化。
01:47:15 INFO    scheme_family                 第 3/5 次: 前沿 100 解，站点数 10–393
01:47:15 INFO    evtol_siting.nsga2_core    初始种群: 100 个个体 × 1552 维，站点数 区间 (12, 400)（区间初始化，自由规模）
01:47:37 INFO    scheme_family                 第 4/5 次: 前沿 100 解，站点数 10–372
01:47:37 INFO    evtol_siting.nsga2_core    初始种群: 100 个个体 × 1552 维，站点数 区间 (12, 400)（区间初始化，自由规模）
01:47:58 INFO    scheme_family                 第 5/5 次: 前沿 100 解，站点数 10–408
01:47:58 INFO    scheme_family              
01:47:58 INFO    scheme_family              ── 步骤 4：统一参考点下的对照 ──
01:48:12 INFO    scheme_family              
                approach  n_solutions  hypervolume  min_cost_1e8  min_unserved  min_inequity
    Scheme family (N=10)            3 3.783658e+19      3.045501    459.036325     10.248901
     Fixed-N GA breeding          259 6.710727e+19      2.560390    459.036325      9.448183
Free-cardinality NSGA-II          219 3.012954e+20      3.045501      0.000000      4.826561
01:48:12 INFO    scheme_family              
01:48:12 INFO    scheme_family              方案族中被**杂交结果支配**的：1/3（33%）
01:48:12 INFO    scheme_family              判读：若比例高，说明『杂交不同方案』确实产出了优于任一单目标方案的折中解——这正是该设计的价值所在；若为 0，说明方案族本身已在前沿上，杂交没有带来改进，应如实报告。
01:48:12 INFO    scheme_family              
01:48:12 INFO    scheme_family              ==============================================================================
01:48:12 INFO    scheme_family               完成。输出目录: evtol_siting\outputs\tables
01:48:12 INFO    scheme_family               文件: scheme_family.csv / scheme_family_ga_runs.csv / scheme_family_free_runs.csv / scheme_family_comparison.csv
01:48:12 INFO    scheme_family              ==============================================================================
12:04:31 INFO    scheme_family              ==============================================================================
12:04:31 INFO    scheme_family               固定规模方案族与保规模杂交     N = 10，data_mode = real
12:04:31 INFO    scheme_family              ==============================================================================
12:04:31 INFO    evtol_siting.pipeline      ============================================================
12:04:31 INFO    evtol_siting.pipeline      阶段一：基于 GIS 的候选起降场筛选
12:04:31 INFO    evtol_siting.pipeline      ============================================================
12:04:31 INFO    evtol_siting.pipeline      解析 PBF 提取包: sichuan-latest.osm.pbf
12:04:40 INFO    evtol_siting.data.pbf        已扫描 200000 个候选要素…
12:04:49 INFO    evtol_siting.data.pbf        已扫描 400000 个候选要素…
12:04:57 INFO    evtol_siting.data.pbf        已扫描 600000 个候选要素…
12:05:08 INFO    evtol_siting.data.pbf        已扫描 800000 个候选要素…
12:05:23 INFO    evtol_siting.data.pbf        buildings          69675 个要素
12:05:24 INFO    evtol_siting.data.pbf        poi                 8159 个要素
12:05:25 INFO    evtol_siting.data.pbf        roads              42272 个要素
12:05:25 INFO    evtol_siting.data.pbf        landuse             8430 个要素
12:05:25 INFO    evtol_siting.data.pbf        water               2252 个要素
12:05:25 INFO    evtol_siting.data.pbf        airports            1364 个要素
12:05:25 INFO    evtol_siting.data.pbf      PBF 解析完成（扫描 921830 个候选要素，输出 6 个图层）
12:05:25 INFO    evtol_siting.data.rasters  建筑高度栅格已存在: evtol_siting\data\raw\height\chengdu_building_height_10m.tif
12:05:31 INFO    evtol_siting.data.heights  高度栅格提供了 49162 栋建筑的高度（覆盖 70.6%）
12:05:31 INFO    evtol_siting.data.heights  分位数回归填补了 14650 栋建筑的高度（中位数 18.6 m）
12:05:31 INFO    evtol_siting.data.heights  高度融合结果（共 69675 栋）:
    raster_height     70.6%
    imputed           21.0%
    osm_levels         7.3%
    osm_height         1.1%
12:05:31 INFO    evtol_siting.data.heights      有标签覆盖率: 8.4% -> 融合后覆盖率: 100.0%
12:05:32 INFO    evtol_siting.data.rasters  人口栅格已存在: evtol_siting\data\raw\population\chengdu_population_100m.tif
12:05:32 INFO    evtol_siting.data.rasters  收入策略 = poi_index：经济活动指数将在阶段二由 OSM POI 构成计算（见 stage2_demand.build_poi_economic_index）
12:05:32 INFO    evtol_siting.data.rasters  DEM 已存在: evtol_siting\data\raw\dem\chengdu_dem_30m.tif
12:05:37 INFO    evtol_siting.data.rasters  坡度栅格已生成: evtol_siting\data\interim\slope.tif
12:05:37 INFO    evtol_siting.geo           栅格化完成: 单元边长 500 m, 单元数 2519, 覆盖 629.8 km²
12:05:37 INFO    evtol_siting.stage1_candidates 屋顶型筛选: 1430 / 69675 栋建筑满足 h>=20m 且 A_roof>=1600m² (2.05%)
12:05:37 INFO    evtol_siting.stage1_candidates   排除 用地类型: 30 个单元（1.2%）
12:05:37 INFO    evtol_siting.stage1_candidates   排除 水域: 55 个单元（2.2%）
12:05:38 INFO    evtol_siting.stage1_candidates   建筑覆盖率判据 (max=0.55): 剔除 4 个单元（保留 2430）；覆盖率中位数 0.05
12:05:38 INFO    evtol_siting.stage1_candidates 坡度判据: 2430 / 2430 单元满足 slope<=15° (剔除 0)
12:05:38 INFO    evtol_siting.stage1_candidates 地面型筛选: 2430 个候选（用地排除 -89，坡度排除后）
12:05:38 INFO    evtol_siting.stage1_candidates 地面型候选已按路网可达性重新评分（中位距离 91 m）
12:05:38 INFO    evtol_siting.stage1_candidates 已为 1430 个缺少 cell_id 的候选（屋顶型）补齐所属栅格单元（补齐后 3770/3860 有 cell_id）
12:05:38 INFO    evtol_siting.stage1_candidates   90 个候选落在栅格之外，改用坐标分桶作为 cell_id
12:05:38 INFO    evtol_siting.stage1_candidates   口径 all_aeroway：1298 个非直升要素全部按运输机场处理
12:05:38 INFO    evtol_siting.stage1_candidates   机场净空区（含民用） (r=4000m): 剔除 1472 个候选（占 38.1%）
12:05:38 INFO    evtol_siting.stage1_candidates   既有直升机场 (r=1000m): 剔除 178 个候选（占 4.6%）
12:05:38 INFO    evtol_siting.stage1_candidates 安全排除后剩余 2344 个候选（原有 3860）
12:05:38 INFO    evtol_siting.stage1_candidates   [ground] 类别内稀释: 1581 -> 1581
12:05:38 INFO    evtol_siting.stage1_candidates   [rooftop] 类别内稀释: 693 -> 258
12:05:39 INFO    evtol_siting.stage1_candidates 密度稀释 (c_min=500m, 每栅格<=3): 2344 -> 1332 个候选 （配额 -70，类别内间距 -435，跨类别冲突 -507）；构成: {'ground': 1076, 'rooftop': 256}
12:05:39 INFO    evtol_siting.stage1_candidates 阶段一完成: 1332 个候选起降场（屋顶型 256，地面型 1076）
12:05:39 INFO    evtol_siting.pipeline      ============================================================
12:05:39 INFO    evtol_siting.pipeline      阶段二：K-means 人群分类与需求空间化
12:05:39 INFO    evtol_siting.pipeline      ============================================================
12:05:39 INFO    evtol_siting.data.dasymetric 人口栅格分辨率 80 m 细于需求格网 500 m —— 分区求和已是正确的格网人口总量，**体积重分配在此不产生作用**，直接使用分区求和。（体积权重的价值在于把人口摊到建筑上做更细的分析，需 force=True）
12:05:39 WARNING evtol_siting.data.dasymetric 退化为按分区求和（假设人口在格网内均匀分布）
12:05:47 INFO    scheme_family              ==============================================================================
12:05:47 INFO    scheme_family               固定规模方案族与保规模杂交     N = 11，data_mode = real
12:05:47 INFO    scheme_family              ==============================================================================
12:05:48 INFO    evtol_siting.pipeline      ============================================================
12:05:48 INFO    evtol_siting.pipeline      阶段一：基于 GIS 的候选起降场筛选
12:05:48 INFO    evtol_siting.pipeline      ============================================================
12:05:48 INFO    evtol_siting.pipeline      解析 PBF 提取包: sichuan-latest.osm.pbf
12:05:52 INFO    evtol_siting.stage2_demand 人口分配方式对比（论文 Table 用）:
    method  total_population  n_nonzero_cells  mean_per_cell  std_per_cell       cv     max_cell  top1pct_share     gini
dasymetric      7.712263e+06             2517    3061.636823   2504.238782 0.817941 12360.637527       0.032418 0.458119
   uniform      7.712263e+06             2517    3061.636823   2504.238782 0.817941 12360.637527       0.032418 0.458119
12:05:52 INFO    evtol_siting.stage2_demand 人口: 合计 7712263 人，单元中位数 2567 人（来源: zonal_sum）
12:05:52 INFO    evtol_siting.stage2_demand 未提供外部收入数据，将使用 OSM POI 构成的经济活动指数作为代理（见 data/rasters.py::build_poi_economic_index 的说明与局限）
12:05:52 INFO    evtol_siting.stage2_demand POI: 研究区内 7442 个，单元密度中位数 0 个/km²
12:05:52 INFO    evtol_siting.data.rasters  POI 经济活动指数: 范围 [0.000, 5.759]，中位数 0.000（加权 POI 总数 7949）
12:05:57 INFO    evtol_siting.stage2_demand K 选择 (silhouette): K=7，得分 0.7798，各 K 得分 {3: 0.7395, 4: 0.7588, 5: 0.7733, 6: 0.7722, 7: 0.7798, 8: 0.7784}
12:05:58 INFO    evtol_siting.choice_model  收入阶梯（K=7）: 1,868  2,799  3,613  4,500  5,605  7,236  10,840
12:05:58 INFO    evtol_siting.choice_model  时间价值: 5.4  8.0  10.4  12.9  16.1  20.8  31.1 元/小时（对应月收入 1,868  2,799  3,613  4,500  5,605  7,236  10,840）
12:05:58 INFO    evtol_siting.choice_model  时间价值: 1.1  1.2  1.4  1.6  1.9  2.2  2.5  2.9  3.3  3.8  4.4  5.0  5.8  6.6  7.6  8.7  10.0  11.5  13.3  15.2  17.5  20.1  23.1  26.6 元/小时（对应月收入 377  433  498  573  658  756  869  999  1,148  1,319  1,516  1,743  2,003  2,302  2,645  3,040  3,494  4,015  4,615  5,304  6,095  7,005  8,051  9,253）
12:05:58 INFO    evtol_siting.choice_model  时间价值: 1.6  1.9  2.1  2.5  2.8  3.3  3.7  4.3  4.9  5.7  6.5  7.5  8.6  9.9  11.4  13.1  15.0  17.3  19.9  22.8  26.2  30.2  34.7  39.8 元/小时（对应月收入 565  649  746  858  986  1,133  1,302  1,496  1,720  1,976  2,271  2,610  3,000  3,448  3,963  4,554  5,234  6,015  6,913  7,945  9,131  10,494  12,061  13,861）
12:05:58 INFO    evtol_siting.choice_model  时间价值: 2.1  2.4  2.8  3.2  3.7  4.2  4.8  5.6  6.4  7.3  8.4  9.7  11.1  12.8  14.7  16.9  19.4  22.3  25.6  29.5  33.9  38.9  44.7  51.4 元/小时（对应月收入 729  838  963  1,107  1,272  1,462  1,681  1,932  2,220  2,551  2,932  3,370  3,873  4,451  5,115  5,879  6,756  7,765  8,924  10,256  11,787  13,547  15,569  17,893）
12:05:58 INFO    evtol_siting.choice_model  时间价值: 2.6  3.0  3.4  4.0  4.6  5.2  6.0  6.9  7.9  9.1  10.5  12.1  13.9  15.9  18.3  21.0  24.2  27.8  31.9  36.7  42.2  48.5  55.7  64.0 元/小时（对应月收入 909  1,044  1,200  1,379  1,585  1,822  2,094  2,406  2,765  3,178  3,652  4,198  4,824  5,544  6,372  7,323  8,416  9,673  11,116  12,776  14,683  16,875  19,394  22,289）
12:05:58 INFO    evtol_siting.choice_model  时间价值: 3.3  3.7  4.3  4.9  5.7  6.5  7.5  8.6  9.9  11.4  13.1  15.0  17.3  19.8  22.8  26.2  30.1  34.6  39.8  45.7  52.6  60.4  69.4  79.8 元/小时（对应月收入 1,132  1,301  1,495  1,718  1,974  2,269  2,608  2,997  3,445  3,959  4,550  5,229  6,009  6,906  7,937  9,122  10,484  12,049  13,847  15,914  18,290  21,020  24,158  27,764）
12:05:58 INFO    evtol_siting.choice_model  时间价值: 4.2  4.8  5.5  6.4  7.3  8.4  9.7  11.1  12.8  14.7  16.9  19.4  22.3  25.6  29.4  33.8  38.9  44.7  51.4  59.0  67.8  78.0  89.6  103.0 元/小时（对应月收入 1,461  1,679  1,930  2,218  2,549  2,929  3,366  3,869  4,446  5,110  5,873  6,750  7,757  8,915  10,246  11,775  13,533  15,553  17,875  20,543  23,610  27,134  31,185  35,840）
12:05:58 INFO    evtol_siting.choice_model  时间价值: 6.3  7.2  8.3  9.5  11.0  12.6  14.5  16.7  19.1  22.0  25.3  29.1  33.4  38.4  44.1  50.7  58.3  67.0  76.9  88.4  101.6  116.8  134.2  154.3 元/小时（对应月收入 2,189  2,515  2,891  3,322  3,818  4,388  5,043  5,796  6,661  7,655  8,798  10,111  11,621  13,355  15,349  17,640  20,273  23,300  26,778  30,775  35,369  40,648  46,716  53,690）
12:05:58 INFO    evtol_siting.choice_model  选择模型 [区域内积分（σ_within=0.4）]: 出行 15 km，地面 55 分钟 / 57 元，eVTOL 24 分钟 / 130 元，节省 31 分钟；采用概率 0.0564–0.0988（类间比 1.75）
12:05:58 INFO    evtol_siting.choice_model  各类人群采用概率:
 cluster  monthly_income_cny  vot_cny_per_h  p_evtol  demand_rate
       3              1868.0           5.37  0.05642     0.005642
       0              2799.0           8.04  0.05974     0.005974
       5              3613.0          10.38  0.06283     0.006283
       2              4500.0          12.93  0.06638     0.006638
       4              5605.0          16.11  0.07112     0.007112
       6              7236.0          20.79  0.07876     0.007876
       1             10840.0          31.15  0.09879     0.009879
12:05:58 INFO    evtol_siting.stage2_demand K-means 聚类完成: K=7，总需求 48720 次/日，总人口 7712263 人
12:05:58 INFO    evtol_siting.stage2_demand 类画像:
 cluster  n_cells   population  income_mean  poi_density_mean  trip_rate  monthly_income_cny  vot_cny_per_h  p_evtol  demand_trips_per_day k_selection
       3     1391 2.642034e+06     0.000000          0.000000   0.005642              1868.0           5.37  0.05642          14906.353102  silhouette
       0      327 9.403271e+05     1.533906          5.321101   0.005974              2799.0           8.04  0.05974           5617.513868  silhouette
       5      321 1.318767e+06     2.598605         13.059190   0.006283              3613.0          10.38  0.06283           8285.811407  silhouette
       2      260 1.389814e+06     3.361789         29.492308   0.006638              4500.0          12.93  0.06638           9225.585950  silhouette
       4      145 9.081153e+05     4.000721         55.172414   0.007112              5605.0          16.11  0.07112           6458.515785  silhouette
       6       62 4.214043e+05     4.560623         96.000000   0.007876              7236.0          20.79  0.07876           3318.980346  silhouette
       1       13 9.180217e+04     5.021334        170.461538   0.009879             10840.0          31.15  0.09879            906.913644  silhouette
12:05:58 INFO    evtol_siting.pipeline      ============================================================
12:05:58 INFO    evtol_siting.pipeline      阶段三：0-1 整数规划选址
12:05:58 INFO    evtol_siting.pipeline      ============================================================
12:05:58 INFO    evtol_siting.stage3_ip     [cost_priority] 需求单元 2519 个（核心 1008 个，阈值 分位数 0.60（>=20.0 次/日）），候选 1332 个，接驳时间预算 15.0 分钟，设施上限 20
12:05:59 ERROR   evtol_siting.stage3_ip     [cost_priority] 求解器异常: Pulp: Error while trying to execute, use msg=True for more detailsC:\Users\L\AppData\Local\Programs\Python\Python311\Lib\site-packages\pulp\apis\../solverdir/cbc/win/i64/cbc.exe
12:05:59 INFO    evtol_siting.stage3_ip     [coverage_priority] 需求单元 2519 个（核心 1008 个，阈值 分位数 0.60（>=20.0 次/日）），候选 1332 个，接驳时间预算 15.0 分钟，设施上限 35
12:06:00 ERROR   evtol_siting.stage3_ip     [coverage_priority] 求解器异常: Pulp: Error while trying to execute, use msg=True for more detailsC:\Users\L\AppData\Local\Programs\Python\Python311\Lib\site-packages\pulp\apis\../solverdir/cbc/win/i64/cbc.exe
12:06:00 INFO    evtol_siting.stage3_ip     阶段三完成: 0 个情景求解成功（cost_priority=solver_error, coverage_priority=solver_error）
12:06:00 INFO    evtol_siting.stage4_nsga2  问题实例: 2519 个需求单元（核心 1008），1332 个候选；接驳预算 15.0 分钟；单点最大可覆盖 307 个核心单元（占核心 30.5%）
12:06:00 INFO    scheme_family              候选 1332 个，需求单元 2519 个，总需求 48720 次/日
12:06:00 INFO    scheme_family              
12:06:00 INFO    scheme_family              ── 步骤 1：固定 N=10 的方案族（不同目标 → 不同布局）──
12:06:00 INFO    evtol_siting.schemes       生成固定规模方案族: N=10，4 个目标
12:06:00 ERROR   evtol_siting.schemes       [最低成本] 求解器异常: Pulp: Error while trying to execute, use msg=True for more detailsC:\Users\L\AppData\Local\Programs\Python\Python311\Lib\site-packages\pulp\apis\../solverdir/cb
12:06:06 ERROR   evtol_siting.schemes       [最短接驳（距离最近）] 求解器异常: Pulp: Error while trying to execute, use msg=True for more detailsC:\Users\L\AppData\Local\Programs\Python\Python311\Lib\site-packages\pulp\apis\../solverdir/cb
12:06:06 INFO    evtol_siting.data.pbf        已扫描 200000 个候选要素…
12:06:07 ERROR   evtol_siting.schemes       [最大覆盖] 求解器异常: Pulp: Error while trying to execute, use msg=True for more detailsC:\Users\L\AppData\Local\Programs\Python\Python311\Lib\site-packages\pulp\apis\../solverdir/cb
12:06:16 ERROR   evtol_siting.schemes       [最均衡体验] 求解器异常: Pulp: Error while trying to execute, use msg=True for more detailsC:\Users\L\AppData\Local\Programs\Python\Python311\Lib\site-packages\pulp\apis\../solverdir/cb
12:06:16 INFO    evtol_siting.schemes       方案族生成完成: 4/4 成功
12:06:16 ERROR   scheme_family              方案族为空，无法继续
12:06:30 INFO    evtol_siting.data.pbf        已扫描 400000 个候选要素…
12:06:51 INFO    evtol_siting.data.pbf        已扫描 600000 个候选要素…
12:07:02 INFO    evtol_siting.data.pbf        已扫描 800000 个候选要素…
12:07:08 INFO    evtol_siting.data.pbf        buildings          69675 个要素
12:07:09 INFO    evtol_siting.data.pbf        poi                 8159 个要素
12:07:09 INFO    evtol_siting.data.pbf        roads              42272 个要素
12:07:09 INFO    evtol_siting.data.pbf        landuse             8430 个要素
12:07:09 INFO    evtol_siting.data.pbf        water               2252 个要素
12:07:09 INFO    evtol_siting.data.pbf        airports            1364 个要素
12:07:09 INFO    evtol_siting.data.pbf      PBF 解析完成（扫描 921830 个候选要素，输出 6 个图层）
12:07:09 INFO    evtol_siting.data.rasters  建筑高度栅格已存在: evtol_siting\data\raw\height\chengdu_building_height_10m.tif
12:07:12 INFO    evtol_siting.data.heights  高度栅格提供了 49162 栋建筑的高度（覆盖 70.6%）
12:07:12 INFO    evtol_siting.data.heights  分位数回归填补了 14650 栋建筑的高度（中位数 18.6 m）
12:07:12 INFO    evtol_siting.data.heights  高度融合结果（共 69675 栋）:
    raster_height     70.6%
    imputed           21.0%
    osm_levels         7.3%
    osm_height         1.1%
12:07:12 INFO    evtol_siting.data.heights      有标签覆盖率: 8.4% -> 融合后覆盖率: 100.0%
12:07:12 INFO    evtol_siting.data.rasters  人口栅格已存在: evtol_siting\data\raw\population\chengdu_population_100m.tif
12:07:12 INFO    evtol_siting.data.rasters  收入策略 = poi_index：经济活动指数将在阶段二由 OSM POI 构成计算（见 stage2_demand.build_poi_economic_index）
12:07:12 INFO    evtol_siting.data.rasters  DEM 已存在: evtol_siting\data\raw\dem\chengdu_dem_30m.tif
12:07:15 INFO    evtol_siting.data.rasters  坡度栅格已生成: evtol_siting\data\interim\slope.tif
12:07:15 INFO    evtol_siting.geo           栅格化完成: 单元边长 500 m, 单元数 2519, 覆盖 629.8 km²
12:07:15 INFO    evtol_siting.stage1_candidates 屋顶型筛选: 1430 / 69675 栋建筑满足 h>=20m 且 A_roof>=1600m² (2.05%)
12:07:15 INFO    evtol_siting.stage1_candidates   排除 用地类型: 30 个单元（1.2%）
12:07:15 INFO    evtol_siting.stage1_candidates   排除 水域: 55 个单元（2.2%）
12:07:15 INFO    evtol_siting.stage1_candidates   建筑覆盖率判据 (max=0.55): 剔除 4 个单元（保留 2430）；覆盖率中位数 0.05
12:07:15 INFO    evtol_siting.stage1_candidates 坡度判据: 2430 / 2430 单元满足 slope<=15° (剔除 0)
12:07:15 INFO    evtol_siting.stage1_candidates 地面型筛选: 2430 个候选（用地排除 -89，坡度排除后）
12:07:16 INFO    evtol_siting.stage1_candidates 地面型候选已按路网可达性重新评分（中位距离 91 m）
12:07:16 INFO    evtol_siting.stage1_candidates 已为 1430 个缺少 cell_id 的候选（屋顶型）补齐所属栅格单元（补齐后 3770/3860 有 cell_id）
12:07:16 INFO    evtol_siting.stage1_candidates   90 个候选落在栅格之外，改用坐标分桶作为 cell_id
12:07:16 INFO    evtol_siting.stage1_candidates   口径 all_aeroway：1298 个非直升要素全部按运输机场处理
12:07:16 INFO    evtol_siting.stage1_candidates   机场净空区（含民用） (r=4000m): 剔除 1472 个候选（占 38.1%）
12:07:16 INFO    evtol_siting.stage1_candidates   既有直升机场 (r=1000m): 剔除 178 个候选（占 4.6%）
12:07:16 INFO    evtol_siting.stage1_candidates 安全排除后剩余 2344 个候选（原有 3860）
12:07:16 INFO    evtol_siting.stage1_candidates   [ground] 类别内稀释: 1581 -> 1581
12:07:16 INFO    evtol_siting.stage1_candidates   [rooftop] 类别内稀释: 693 -> 258
12:07:16 INFO    evtol_siting.stage1_candidates 密度稀释 (c_min=500m, 每栅格<=3): 2344 -> 1332 个候选 （配额 -70，类别内间距 -435，跨类别冲突 -507）；构成: {'ground': 1076, 'rooftop': 256}
12:07:16 INFO    evtol_siting.stage1_candidates 阶段一完成: 1332 个候选起降场（屋顶型 256，地面型 1076）
12:07:16 INFO    evtol_siting.pipeline      ============================================================
12:07:16 INFO    evtol_siting.pipeline      阶段二：K-means 人群分类与需求空间化
12:07:16 INFO    evtol_siting.pipeline      ============================================================
12:07:16 INFO    evtol_siting.data.dasymetric 人口栅格分辨率 80 m 细于需求格网 500 m —— 分区求和已是正确的格网人口总量，**体积重分配在此不产生作用**，直接使用分区求和。（体积权重的价值在于把人口摊到建筑上做更细的分析，需 force=True）
12:07:16 WARNING evtol_siting.data.dasymetric 退化为按分区求和（假设人口在格网内均匀分布）
12:07:22 INFO    evtol_siting.stage2_demand 人口分配方式对比（论文 Table 用）:
    method  total_population  n_nonzero_cells  mean_per_cell  std_per_cell       cv     max_cell  top1pct_share     gini
dasymetric      7.712263e+06             2517    3061.636823   2504.238782 0.817941 12360.637527       0.032418 0.458119
   uniform      7.712263e+06             2517    3061.636823   2504.238782 0.817941 12360.637527       0.032418 0.458119
12:07:22 INFO    evtol_siting.stage2_demand 人口: 合计 7712263 人，单元中位数 2567 人（来源: zonal_sum）
12:07:22 INFO    evtol_siting.stage2_demand 未提供外部收入数据，将使用 OSM POI 构成的经济活动指数作为代理（见 data/rasters.py::build_poi_economic_index 的说明与局限）
12:07:22 INFO    evtol_siting.stage2_demand POI: 研究区内 7442 个，单元密度中位数 0 个/km²
12:07:22 INFO    evtol_siting.data.rasters  POI 经济活动指数: 范围 [0.000, 5.759]，中位数 0.000（加权 POI 总数 7949）
12:07:26 INFO    evtol_siting.stage2_demand K 选择 (silhouette): K=7，得分 0.7798，各 K 得分 {3: 0.7395, 4: 0.7588, 5: 0.7733, 6: 0.7722, 7: 0.7798, 8: 0.7784}
12:07:26 INFO    evtol_siting.choice_model  收入阶梯（K=7）: 1,868  2,799  3,613  4,500  5,605  7,236  10,840
12:07:26 INFO    evtol_siting.choice_model  时间价值: 5.4  8.0  10.4  12.9  16.1  20.8  31.1 元/小时（对应月收入 1,868  2,799  3,613  4,500  5,605  7,236  10,840）
12:07:26 INFO    evtol_siting.choice_model  时间价值: 1.1  1.2  1.4  1.6  1.9  2.2  2.5  2.9  3.3  3.8  4.4  5.0  5.8  6.6  7.6  8.7  10.0  11.5  13.3  15.2  17.5  20.1  23.1  26.6 元/小时（对应月收入 377  433  498  573  658  756  869  999  1,148  1,319  1,516  1,743  2,003  2,302  2,645  3,040  3,494  4,015  4,615  5,304  6,095  7,005  8,051  9,253）
12:07:26 INFO    evtol_siting.choice_model  时间价值: 1.6  1.9  2.1  2.5  2.8  3.3  3.7  4.3  4.9  5.7  6.5  7.5  8.6  9.9  11.4  13.1  15.0  17.3  19.9  22.8  26.2  30.2  34.7  39.8 元/小时（对应月收入 565  649  746  858  986  1,133  1,302  1,496  1,720  1,976  2,271  2,610  3,000  3,448  3,963  4,554  5,234  6,015  6,913  7,945  9,131  10,494  12,061  13,861）
12:07:26 INFO    evtol_siting.choice_model  时间价值: 2.1  2.4  2.8  3.2  3.7  4.2  4.8  5.6  6.4  7.3  8.4  9.7  11.1  12.8  14.7  16.9  19.4  22.3  25.6  29.5  33.9  38.9  44.7  51.4 元/小时（对应月收入 729  838  963  1,107  1,272  1,462  1,681  1,932  2,220  2,551  2,932  3,370  3,873  4,451  5,115  5,879  6,756  7,765  8,924  10,256  11,787  13,547  15,569  17,893）
12:07:26 INFO    evtol_siting.choice_model  时间价值: 2.6  3.0  3.4  4.0  4.6  5.2  6.0  6.9  7.9  9.1  10.5  12.1  13.9  15.9  18.3  21.0  24.2  27.8  31.9  36.7  42.2  48.5  55.7  64.0 元/小时（对应月收入 909  1,044  1,200  1,379  1,585  1,822  2,094  2,406  2,765  3,178  3,652  4,198  4,824  5,544  6,372  7,323  8,416  9,673  11,116  12,776  14,683  16,875  19,394  22,289）
12:07:26 INFO    evtol_siting.choice_model  时间价值: 3.3  3.7  4.3  4.9  5.7  6.5  7.5  8.6  9.9  11.4  13.1  15.0  17.3  19.8  22.8  26.2  30.1  34.6  39.8  45.7  52.6  60.4  69.4  79.8 元/小时（对应月收入 1,132  1,301  1,495  1,718  1,974  2,269  2,608  2,997  3,445  3,959  4,550  5,229  6,009  6,906  7,937  9,122  10,484  12,049  13,847  15,914  18,290  21,020  24,158  27,764）
12:07:26 INFO    evtol_siting.choice_model  时间价值: 4.2  4.8  5.5  6.4  7.3  8.4  9.7  11.1  12.8  14.7  16.9  19.4  22.3  25.6  29.4  33.8  38.9  44.7  51.4  59.0  67.8  78.0  89.6  103.0 元/小时（对应月收入 1,461  1,679  1,930  2,218  2,549  2,929  3,366  3,869  4,446  5,110  5,873  6,750  7,757  8,915  10,246  11,775  13,533  15,553  17,875  20,543  23,610  27,134  31,185  35,840）
12:07:26 INFO    evtol_siting.choice_model  时间价值: 6.3  7.2  8.3  9.5  11.0  12.6  14.5  16.7  19.1  22.0  25.3  29.1  33.4  38.4  44.1  50.7  58.3  67.0  76.9  88.4  101.6  116.8  134.2  154.3 元/小时（对应月收入 2,189  2,515  2,891  3,322  3,818  4,388  5,043  5,796  6,661  7,655  8,798  10,111  11,621  13,355  15,349  17,640  20,273  23,300  26,778  30,775  35,369  40,648  46,716  53,690）
12:07:26 INFO    evtol_siting.choice_model  选择模型 [区域内积分（σ_within=0.4）]: 出行 15 km，地面 55 分钟 / 57 元，eVTOL 24 分钟 / 130 元，节省 31 分钟；采用概率 0.0564–0.0988（类间比 1.75）
12:07:26 INFO    evtol_siting.choice_model  各类人群采用概率:
 cluster  monthly_income_cny  vot_cny_per_h  p_evtol  demand_rate
       3              1868.0           5.37  0.05642     0.005642
       0              2799.0           8.04  0.05974     0.005974
       5              3613.0          10.38  0.06283     0.006283
       2              4500.0          12.93  0.06638     0.006638
       4              5605.0          16.11  0.07112     0.007112
       6              7236.0          20.79  0.07876     0.007876
       1             10840.0          31.15  0.09879     0.009879
12:07:26 INFO    evtol_siting.stage2_demand K-means 聚类完成: K=7，总需求 48720 次/日，总人口 7712263 人
12:07:26 INFO    evtol_siting.stage2_demand 类画像:
 cluster  n_cells   population  income_mean  poi_density_mean  trip_rate  monthly_income_cny  vot_cny_per_h  p_evtol  demand_trips_per_day k_selection
       3     1391 2.642034e+06     0.000000          0.000000   0.005642              1868.0           5.37  0.05642          14906.353102  silhouette
       0      327 9.403271e+05     1.533906          5.321101   0.005974              2799.0           8.04  0.05974           5617.513868  silhouette
       5      321 1.318767e+06     2.598605         13.059190   0.006283              3613.0          10.38  0.06283           8285.811407  silhouette
       2      260 1.389814e+06     3.361789         29.492308   0.006638              4500.0          12.93  0.06638           9225.585950  silhouette
       4      145 9.081153e+05     4.000721         55.172414   0.007112              5605.0          16.11  0.07112           6458.515785  silhouette
       6       62 4.214043e+05     4.560623         96.000000   0.007876              7236.0          20.79  0.07876           3318.980346  silhouette
       1       13 9.180217e+04     5.021334        170.461538   0.009879             10840.0          31.15  0.09879            906.913644  silhouette
12:07:26 INFO    evtol_siting.pipeline      ============================================================
12:07:26 INFO    evtol_siting.pipeline      阶段三：0-1 整数规划选址
12:07:26 INFO    evtol_siting.pipeline      ============================================================
12:07:27 INFO    evtol_siting.stage3_ip     [cost_priority] 需求单元 2519 个（核心 1008 个，阈值 分位数 0.60（>=20.0 次/日）），候选 1332 个，接驳时间预算 15.0 分钟，设施上限 20
12:07:27 INFO    evtol_siting.stage3_ip     [cost_priority] 最优解: 11 个起降场，总成本 3.48 亿元，需求覆盖率 97.1%，人口覆盖率 96.8%（耗时 0.44s）
12:07:27 INFO    evtol_siting.stage3_ip     [coverage_priority] 需求单元 2519 个（核心 1008 个，阈值 分位数 0.60（>=20.0 次/日）），候选 1332 个，接驳时间预算 15.0 分钟，设施上限 35
12:07:28 INFO    evtol_siting.stage3_ip     [coverage_priority] 最优解: 10 个起降场，总成本 5.14 亿元，需求覆盖率 96.5%，人口覆盖率 96.2%（耗时 0.42s）
12:07:28 INFO    evtol_siting.stage3_ip     阶段三完成: 2 个情景求解成功（cost_priority=Optimal, coverage_priority=Optimal）
12:07:28 INFO    evtol_siting.stage4_nsga2  问题实例: 2519 个需求单元（核心 1008），1332 个候选；接驳预算 15.0 分钟；单点最大可覆盖 307 个核心单元（占核心 30.5%）
12:07:28 INFO    scheme_family              候选 1332 个，需求单元 2519 个，总需求 48720 次/日
12:07:28 INFO    scheme_family              
12:07:28 INFO    scheme_family              ── 步骤 1：固定 N=11 的方案族（不同目标 → 不同布局）──
12:07:28 INFO    evtol_siting.schemes       生成固定规模方案族: N=11，4 个目标
12:07:28 INFO    evtol_siting.schemes       [最低成本] N=11 固定规模: 11 站 | 总接驳 450715 分钟·次/日 | 最差人群 9.75 分钟 | 覆盖 97.1% | 成本 3.48 亿元 | 耗时 0.4s
12:08:03 INFO    evtol_siting.schemes       [最短接驳（距离最近）] N=11 固定规模: 11 站 | 总接驳 448886 分钟·次/日 | 最差人群 11.00 分钟 | 覆盖 97.6% | 成本 5.88 亿元 | 耗时 35.3s
12:08:11 INFO    evtol_siting.schemes       [最大覆盖] N=11 固定规模: 11 站 | 总接驳 477082 分钟·次/日 | 最差人群 10.12 分钟 | 覆盖 99.2% | 成本 5.50 亿元 | 耗时 7.7s
12:08:59 INFO    scheme_family              ==============================================================================
12:08:59 INFO    scheme_family               固定规模方案族与保规模杂交     N = 11，data_mode = real
12:08:59 INFO    scheme_family              ==============================================================================
12:08:59 INFO    evtol_siting.pipeline      ============================================================
12:08:59 INFO    evtol_siting.pipeline      阶段一：基于 GIS 的候选起降场筛选
12:08:59 INFO    evtol_siting.pipeline      ============================================================
12:08:59 INFO    evtol_siting.pipeline      解析 PBF 提取包: sichuan-latest.osm.pbf
12:09:08 INFO    evtol_siting.data.pbf        已扫描 200000 个候选要素…
12:09:18 INFO    evtol_siting.data.pbf        已扫描 400000 个候选要素…
12:09:27 INFO    evtol_siting.data.pbf        已扫描 600000 个候选要素…
12:09:37 INFO    evtol_siting.data.pbf        已扫描 800000 个候选要素…
12:09:43 INFO    evtol_siting.data.pbf        buildings          69675 个要素
12:09:44 INFO    evtol_siting.data.pbf        poi                 8159 个要素
12:09:44 INFO    evtol_siting.data.pbf        roads              42272 个要素
12:09:44 INFO    evtol_siting.data.pbf        landuse             8430 个要素
12:09:44 INFO    evtol_siting.data.pbf        water               2252 个要素
12:09:44 INFO    evtol_siting.data.pbf        airports            1364 个要素
12:09:44 INFO    evtol_siting.data.pbf      PBF 解析完成（扫描 921830 个候选要素，输出 6 个图层）
12:09:44 INFO    evtol_siting.data.rasters  建筑高度栅格已存在: evtol_siting\data\raw\height\chengdu_building_height_10m.tif
12:09:47 INFO    evtol_siting.data.heights  高度栅格提供了 49162 栋建筑的高度（覆盖 70.6%）
12:09:47 INFO    evtol_siting.data.heights  分位数回归填补了 14650 栋建筑的高度（中位数 18.6 m）
12:09:47 INFO    evtol_siting.data.heights  高度融合结果（共 69675 栋）:
    raster_height     70.6%
    imputed           21.0%
    osm_levels         7.3%
    osm_height         1.1%
12:09:47 INFO    evtol_siting.data.heights      有标签覆盖率: 8.4% -> 融合后覆盖率: 100.0%
12:09:47 INFO    evtol_siting.data.rasters  人口栅格已存在: evtol_siting\data\raw\population\chengdu_population_100m.tif
12:09:47 INFO    evtol_siting.data.rasters  收入策略 = poi_index：经济活动指数将在阶段二由 OSM POI 构成计算（见 stage2_demand.build_poi_economic_index）
12:09:47 INFO    evtol_siting.data.rasters  DEM 已存在: evtol_siting\data\raw\dem\chengdu_dem_30m.tif
12:09:50 INFO    evtol_siting.data.rasters  坡度栅格已生成: evtol_siting\data\interim\slope.tif
12:09:51 INFO    evtol_siting.geo           栅格化完成: 单元边长 500 m, 单元数 2519, 覆盖 629.8 km²
12:09:51 INFO    evtol_siting.stage1_candidates 屋顶型筛选: 1430 / 69675 栋建筑满足 h>=20m 且 A_roof>=1600m² (2.05%)
12:09:51 INFO    evtol_siting.stage1_candidates   排除 用地类型: 30 个单元（1.2%）
12:09:51 INFO    evtol_siting.stage1_candidates   排除 水域: 55 个单元（2.2%）
12:09:51 INFO    evtol_siting.stage1_candidates   建筑覆盖率判据 (max=0.55): 剔除 4 个单元（保留 2430）；覆盖率中位数 0.05
12:09:51 INFO    evtol_siting.stage1_candidates 坡度判据: 2430 / 2430 单元满足 slope<=15° (剔除 0)
12:09:51 INFO    evtol_siting.stage1_candidates 地面型筛选: 2430 个候选（用地排除 -89，坡度排除后）
12:09:51 INFO    evtol_siting.stage1_candidates 地面型候选已按路网可达性重新评分（中位距离 91 m）
12:09:51 INFO    evtol_siting.stage1_candidates 已为 1430 个缺少 cell_id 的候选（屋顶型）补齐所属栅格单元（补齐后 3770/3860 有 cell_id）
12:09:51 INFO    evtol_siting.stage1_candidates   90 个候选落在栅格之外，改用坐标分桶作为 cell_id
12:09:51 INFO    evtol_siting.stage1_candidates   口径 all_aeroway：1298 个非直升要素全部按运输机场处理
12:09:51 INFO    evtol_siting.stage1_candidates   机场净空区（含民用） (r=4000m): 剔除 1472 个候选（占 38.1%）
12:09:51 INFO    evtol_siting.stage1_candidates   既有直升机场 (r=1000m): 剔除 178 个候选（占 4.6%）
12:09:51 INFO    evtol_siting.stage1_candidates 安全排除后剩余 2344 个候选（原有 3860）
12:09:51 INFO    evtol_siting.stage1_candidates   [ground] 类别内稀释: 1581 -> 1581
12:09:51 INFO    evtol_siting.stage1_candidates   [rooftop] 类别内稀释: 693 -> 258
12:09:52 INFO    evtol_siting.stage1_candidates 密度稀释 (c_min=500m, 每栅格<=3): 2344 -> 1332 个候选 （配额 -70，类别内间距 -435，跨类别冲突 -507）；构成: {'ground': 1076, 'rooftop': 256}
12:09:52 INFO    evtol_siting.stage1_candidates 阶段一完成: 1332 个候选起降场（屋顶型 256，地面型 1076）
12:09:52 INFO    evtol_siting.pipeline      ============================================================
12:09:52 INFO    evtol_siting.pipeline      阶段二：K-means 人群分类与需求空间化
12:09:52 INFO    evtol_siting.pipeline      ============================================================
12:09:52 INFO    evtol_siting.data.dasymetric 人口栅格分辨率 80 m 细于需求格网 500 m —— 分区求和已是正确的格网人口总量，**体积重分配在此不产生作用**，直接使用分区求和。（体积权重的价值在于把人口摊到建筑上做更细的分析，需 force=True）
12:09:52 WARNING evtol_siting.data.dasymetric 退化为按分区求和（假设人口在格网内均匀分布）
12:09:58 INFO    evtol_siting.stage2_demand 人口分配方式对比（论文 Table 用）:
    method  total_population  n_nonzero_cells  mean_per_cell  std_per_cell       cv     max_cell  top1pct_share     gini
dasymetric      7.712263e+06             2517    3061.636823   2504.238782 0.817941 12360.637527       0.032418 0.458119
   uniform      7.712263e+06             2517    3061.636823   2504.238782 0.817941 12360.637527       0.032418 0.458119
12:09:58 INFO    evtol_siting.stage2_demand 人口: 合计 7712263 人，单元中位数 2567 人（来源: zonal_sum）
12:09:58 INFO    evtol_siting.stage2_demand 未提供外部收入数据，将使用 OSM POI 构成的经济活动指数作为代理（见 data/rasters.py::build_poi_economic_index 的说明与局限）
12:09:58 INFO    evtol_siting.stage2_demand POI: 研究区内 7442 个，单元密度中位数 0 个/km²
12:09:58 INFO    evtol_siting.data.rasters  POI 经济活动指数: 范围 [0.000, 5.759]，中位数 0.000（加权 POI 总数 7949）
12:10:02 INFO    evtol_siting.stage2_demand K 选择 (silhouette): K=7，得分 0.7798，各 K 得分 {3: 0.7395, 4: 0.7588, 5: 0.7733, 6: 0.7722, 7: 0.7798, 8: 0.7784}
12:10:02 INFO    evtol_siting.choice_model  收入阶梯（K=7）: 1,868  2,799  3,613  4,500  5,605  7,236  10,840
12:10:02 INFO    evtol_siting.choice_model  时间价值: 5.4  8.0  10.4  12.9  16.1  20.8  31.1 元/小时（对应月收入 1,868  2,799  3,613  4,500  5,605  7,236  10,840）
12:10:02 INFO    evtol_siting.choice_model  时间价值: 1.1  1.2  1.4  1.6  1.9  2.2  2.5  2.9  3.3  3.8  4.4  5.0  5.8  6.6  7.6  8.7  10.0  11.5  13.3  15.2  17.5  20.1  23.1  26.6 元/小时（对应月收入 377  433  498  573  658  756  869  999  1,148  1,319  1,516  1,743  2,003  2,302  2,645  3,040  3,494  4,015  4,615  5,304  6,095  7,005  8,051  9,253）
12:10:02 INFO    evtol_siting.choice_model  时间价值: 1.6  1.9  2.1  2.5  2.8  3.3  3.7  4.3  4.9  5.7  6.5  7.5  8.6  9.9  11.4  13.1  15.0  17.3  19.9  22.8  26.2  30.2  34.7  39.8 元/小时（对应月收入 565  649  746  858  986  1,133  1,302  1,496  1,720  1,976  2,271  2,610  3,000  3,448  3,963  4,554  5,234  6,015  6,913  7,945  9,131  10,494  12,061  13,861）
12:10:02 INFO    evtol_siting.choice_model  时间价值: 2.1  2.4  2.8  3.2  3.7  4.2  4.8  5.6  6.4  7.3  8.4  9.7  11.1  12.8  14.7  16.9  19.4  22.3  25.6  29.5  33.9  38.9  44.7  51.4 元/小时（对应月收入 729  838  963  1,107  1,272  1,462  1,681  1,932  2,220  2,551  2,932  3,370  3,873  4,451  5,115  5,879  6,756  7,765  8,924  10,256  11,787  13,547  15,569  17,893）
12:10:02 INFO    evtol_siting.choice_model  时间价值: 2.6  3.0  3.4  4.0  4.6  5.2  6.0  6.9  7.9  9.1  10.5  12.1  13.9  15.9  18.3  21.0  24.2  27.8  31.9  36.7  42.2  48.5  55.7  64.0 元/小时（对应月收入 909  1,044  1,200  1,379  1,585  1,822  2,094  2,406  2,765  3,178  3,652  4,198  4,824  5,544  6,372  7,323  8,416  9,673  11,116  12,776  14,683  16,875  19,394  22,289）
12:10:02 INFO    evtol_siting.choice_model  时间价值: 3.3  3.7  4.3  4.9  5.7  6.5  7.5  8.6  9.9  11.4  13.1  15.0  17.3  19.8  22.8  26.2  30.1  34.6  39.8  45.7  52.6  60.4  69.4  79.8 元/小时（对应月收入 1,132  1,301  1,495  1,718  1,974  2,269  2,608  2,997  3,445  3,959  4,550  5,229  6,009  6,906  7,937  9,122  10,484  12,049  13,847  15,914  18,290  21,020  24,158  27,764）
12:10:02 INFO    evtol_siting.choice_model  时间价值: 4.2  4.8  5.5  6.4  7.3  8.4  9.7  11.1  12.8  14.7  16.9  19.4  22.3  25.6  29.4  33.8  38.9  44.7  51.4  59.0  67.8  78.0  89.6  103.0 元/小时（对应月收入 1,461  1,679  1,930  2,218  2,549  2,929  3,366  3,869  4,446  5,110  5,873  6,750  7,757  8,915  10,246  11,775  13,533  15,553  17,875  20,543  23,610  27,134  31,185  35,840）
12:10:02 INFO    evtol_siting.choice_model  时间价值: 6.3  7.2  8.3  9.5  11.0  12.6  14.5  16.7  19.1  22.0  25.3  29.1  33.4  38.4  44.1  50.7  58.3  67.0  76.9  88.4  101.6  116.8  134.2  154.3 元/小时（对应月收入 2,189  2,515  2,891  3,322  3,818  4,388  5,043  5,796  6,661  7,655  8,798  10,111  11,621  13,355  15,349  17,640  20,273  23,300  26,778  30,775  35,369  40,648  46,716  53,690）
12:10:02 INFO    evtol_siting.choice_model  选择模型 [区域内积分（σ_within=0.4）]: 出行 15 km，地面 55 分钟 / 57 元，eVTOL 24 分钟 / 130 元，节省 31 分钟；采用概率 0.0564–0.0988（类间比 1.75）
12:10:02 INFO    evtol_siting.choice_model  各类人群采用概率:
 cluster  monthly_income_cny  vot_cny_per_h  p_evtol  demand_rate
       3              1868.0           5.37  0.05642     0.005642
       0              2799.0           8.04  0.05974     0.005974
       5              3613.0          10.38  0.06283     0.006283
       2              4500.0          12.93  0.06638     0.006638
       4              5605.0          16.11  0.07112     0.007112
       6              7236.0          20.79  0.07876     0.007876
       1             10840.0          31.15  0.09879     0.009879
12:10:02 INFO    evtol_siting.stage2_demand K-means 聚类完成: K=7，总需求 48720 次/日，总人口 7712263 人
12:10:02 INFO    evtol_siting.stage2_demand 类画像:
 cluster  n_cells   population  income_mean  poi_density_mean  trip_rate  monthly_income_cny  vot_cny_per_h  p_evtol  demand_trips_per_day k_selection
       3     1391 2.642034e+06     0.000000          0.000000   0.005642              1868.0           5.37  0.05642          14906.353102  silhouette
       0      327 9.403271e+05     1.533906          5.321101   0.005974              2799.0           8.04  0.05974           5617.513868  silhouette
       5      321 1.318767e+06     2.598605         13.059190   0.006283              3613.0          10.38  0.06283           8285.811407  silhouette
       2      260 1.389814e+06     3.361789         29.492308   0.006638              4500.0          12.93  0.06638           9225.585950  silhouette
       4      145 9.081153e+05     4.000721         55.172414   0.007112              5605.0          16.11  0.07112           6458.515785  silhouette
       6       62 4.214043e+05     4.560623         96.000000   0.007876              7236.0          20.79  0.07876           3318.980346  silhouette
       1       13 9.180217e+04     5.021334        170.461538   0.009879             10840.0          31.15  0.09879            906.913644  silhouette
12:10:02 INFO    evtol_siting.pipeline      ============================================================
12:10:02 INFO    evtol_siting.pipeline      阶段三：0-1 整数规划选址
12:10:02 INFO    evtol_siting.pipeline      ============================================================
12:10:03 INFO    evtol_siting.stage3_ip     [cost_priority] 需求单元 2519 个（核心 1008 个，阈值 分位数 0.60（>=20.0 次/日）），候选 1332 个，接驳时间预算 15.0 分钟，设施上限 20
12:10:03 INFO    evtol_siting.stage3_ip     [cost_priority] 最优解: 11 个起降场，总成本 3.48 亿元，需求覆盖率 97.1%，人口覆盖率 96.8%（耗时 0.45s）
12:10:03 INFO    evtol_siting.stage3_ip     [coverage_priority] 需求单元 2519 个（核心 1008 个，阈值 分位数 0.60（>=20.0 次/日）），候选 1332 个，接驳时间预算 15.0 分钟，设施上限 35
12:10:04 INFO    evtol_siting.stage3_ip     [coverage_priority] 最优解: 10 个起降场，总成本 5.14 亿元，需求覆盖率 96.5%，人口覆盖率 96.2%（耗时 0.45s）
12:10:04 INFO    evtol_siting.stage3_ip     阶段三完成: 2 个情景求解成功（cost_priority=Optimal, coverage_priority=Optimal）
12:10:04 INFO    evtol_siting.stage4_nsga2  问题实例: 2519 个需求单元（核心 1008），1332 个候选；接驳预算 15.0 分钟；单点最大可覆盖 307 个核心单元（占核心 30.5%）
12:10:04 INFO    scheme_family              候选 1332 个，需求单元 2519 个，总需求 48720 次/日
12:10:04 INFO    scheme_family              
12:10:04 INFO    scheme_family              ── 步骤 1：固定 N=11 的方案族（不同目标 → 不同布局）──
12:10:04 INFO    evtol_siting.schemes       生成固定规模方案族: N=11，4 个目标
12:10:04 INFO    evtol_siting.schemes       [最低成本] N=11 固定规模: 11 站 | 总接驳 450715 分钟·次/日 | 最差人群 9.75 分钟 | 覆盖 97.1% | 成本 3.48 亿元 | 耗时 0.4s
12:10:41 INFO    evtol_siting.schemes       [最短接驳（距离最近）] N=11 固定规模: 11 站 | 总接驳 448886 分钟·次/日 | 最差人群 11.00 分钟 | 覆盖 97.6% | 成本 5.88 亿元 | 耗时 36.4s
12:10:48 INFO    evtol_siting.schemes       [最大覆盖] N=11 固定规模: 11 站 | 总接驳 477082 分钟·次/日 | 最差人群 10.12 分钟 | 覆盖 99.2% | 成本 5.50 亿元 | 耗时 7.7s
12:21:33 INFO    evtol_siting.schemes       [最均衡体验] N=11 固定规模: 11 站 | 总接驳 430640 分钟·次/日 | 最差人群 9.59 分钟 | 覆盖 96.9% | 成本 6.04 亿元 | 耗时 801.6s
12:21:33 INFO    evtol_siting.schemes       方案族生成完成: 4/4 成功
12:21:33 INFO    scheme_family              
12:21:33 INFO    scheme_family              方案族对照（论文表）:
12:21:33 INFO    scheme_family              
      name  n_sites  cost_1e8  total_access_time  demand_coverage_pct  worst_group_access_time_min
      最低成本       11     3.480        450715.3662              97.1203                       9.7480
最短接驳（距离最近）       11     5.882        448886.4717              97.6058                      10.9996
      最大覆盖       11     5.496        477082.3213              99.1731                      10.1218
     最均衡体验       11     6.043        430640.2326              96.8936                       9.5893
12:21:33 INFO    scheme_family              
12:21:33 INFO    scheme_family              方案族内部支配关系（行是否支配列）:
12:21:33 INFO    scheme_family                 最低成本             支配: （无）
12:21:33 INFO    scheme_family                 最短接驳（距离最近）       支配: （无）
12:21:33 INFO    scheme_family                 最大覆盖             支配: （无）
12:21:33 INFO    scheme_family                 最均衡体验            支配: （无）
12:21:33 INFO    scheme_family              
12:21:33 INFO    scheme_family              ── 步骤 2：保规模杂交（子代恒含 11 站，以方案族为初始种群）──
12:21:33 INFO    scheme_family              注入 4 个方案族个体作为初始种子
12:21:33 INFO    evtol_siting.nsga2_core    初始种群: 100 个个体 × 1332 维，站点数 恒为 11（固定规模模式，保规模算子）
12:23:03 INFO    scheme_family                 第 1/5 次: 前沿 100 解，站点数恒为 11: 是，耗时 90s
12:23:03 INFO    evtol_siting.nsga2_core    初始种群: 100 个个体 × 1332 维，站点数 恒为 11（固定规模模式，保规模算子）
12:24:22 INFO    scheme_family                 第 2/5 次: 前沿 100 解，站点数恒为 11: 是，耗时 79s
12:24:22 INFO    evtol_siting.nsga2_core    初始种群: 100 个个体 × 1332 维，站点数 恒为 11（固定规模模式，保规模算子）
12:25:06 INFO    scheme_family                 第 3/5 次: 前沿 100 解，站点数恒为 11: 是，耗时 44s
12:25:06 INFO    evtol_siting.nsga2_core    初始种群: 100 个个体 × 1332 维，站点数 恒为 11（固定规模模式，保规模算子）
12:25:10 INFO    evtol_siting.schemes       [最均衡体验] N=11 固定规模: 11 站 | 总接驳 430640 分钟·次/日 | 最差人群 9.59 分钟 | 覆盖 96.9% | 成本 6.04 亿元 | 耗时 861.7s
12:25:10 INFO    evtol_siting.schemes       方案族生成完成: 4/4 成功
12:25:10 INFO    scheme_family              
12:25:10 INFO    scheme_family              方案族对照（论文表）:
12:25:10 INFO    scheme_family              
      name  n_sites  cost_1e8  total_access_time  demand_coverage_pct  worst_group_access_time_min
      最低成本       11     3.480        450715.3662              97.1203                       9.7480
最短接驳（距离最近）       11     5.882        448886.4717              97.6058                      10.9996
      最大覆盖       11     5.496        477082.3213              99.1731                      10.1218
     最均衡体验       11     6.043        430640.2326              96.8936                       9.5893
12:25:10 INFO    scheme_family              
12:25:10 INFO    scheme_family              方案族内部支配关系（行是否支配列）:
12:25:10 INFO    scheme_family                 最低成本             支配: （无）
12:25:10 INFO    scheme_family                 最短接驳（距离最近）       支配: （无）
12:25:10 INFO    scheme_family                 最大覆盖             支配: （无）
12:25:10 INFO    scheme_family                 最均衡体验            支配: （无）
12:25:10 INFO    scheme_family              
12:25:10 INFO    scheme_family              ── 步骤 2：保规模杂交（子代恒含 11 站，以方案族为初始种群）──
12:25:10 INFO    scheme_family              注入 4 个方案族个体作为初始种子
12:25:10 INFO    evtol_siting.nsga2_core    初始种群: 100 个个体 × 1332 维，站点数 恒为 11（固定规模模式，保规模算子）
12:25:49 INFO    scheme_family                 第 4/5 次: 前沿 100 解，站点数恒为 11: 是，耗时 43s
12:25:49 INFO    evtol_siting.nsga2_core    初始种群: 100 个个体 × 1332 维，站点数 恒为 11（固定规模模式，保规模算子）
12:25:53 INFO    scheme_family                 第 1/5 次: 前沿 100 解，站点数恒为 11: 是，耗时 43s
12:25:53 INFO    evtol_siting.nsga2_core    初始种群: 100 个个体 × 1332 维，站点数 恒为 11（固定规模模式，保规模算子）
12:26:30 INFO    scheme_family                 第 5/5 次: 前沿 100 解，站点数恒为 11: 是，耗时 41s
12:26:30 INFO    scheme_family                 ✓ 全部运行的解都恰好含 11 个站——保规模算子有效
12:26:30 INFO    scheme_family              
12:26:30 INFO    scheme_family              ── 步骤 3：对照（自由规模 NSGA-II，设施数由模型自定）──
12:26:30 INFO    evtol_siting.nsga2_core    初始种群: 100 个个体 × 1332 维，站点数 区间 (12, 400)（区间初始化，自由规模）
12:26:36 INFO    scheme_family                 第 2/5 次: 前沿 100 解，站点数恒为 11: 是，耗时 42s
12:26:36 INFO    evtol_siting.nsga2_core    初始种群: 100 个个体 × 1332 维，站点数 恒为 11（固定规模模式，保规模算子）
12:26:52 INFO    scheme_family                 第 1/5 次: 前沿 100 解，站点数 11–394
12:26:52 INFO    evtol_siting.nsga2_core    初始种群: 100 个个体 × 1332 维，站点数 区间 (12, 400)（区间初始化，自由规模）
12:27:14 INFO    scheme_family                 第 2/5 次: 前沿 100 解，站点数 11–391
12:27:14 INFO    evtol_siting.nsga2_core    初始种群: 100 个个体 × 1332 维，站点数 区间 (12, 400)（区间初始化，自由规模）
12:27:18 INFO    scheme_family                 第 3/5 次: 前沿 100 解，站点数恒为 11: 是，耗时 42s
12:27:18 INFO    evtol_siting.nsga2_core    初始种群: 100 个个体 × 1332 维，站点数 恒为 11（固定规模模式，保规模算子）
12:27:38 INFO    scheme_family                 第 3/5 次: 前沿 100 解，站点数 11–402
12:27:38 INFO    evtol_siting.nsga2_core    初始种群: 100 个个体 × 1332 维，站点数 区间 (12, 400)（区间初始化，自由规模）
12:28:04 INFO    scheme_family                 第 4/5 次: 前沿 100 解，站点数 11–403
12:28:04 INFO    evtol_siting.nsga2_core    初始种群: 100 个个体 × 1332 维，站点数 区间 (12, 400)（区间初始化，自由规模）
12:28:10 INFO    scheme_family                 第 4/5 次: 前沿 100 解，站点数恒为 11: 是，耗时 53s
12:28:10 INFO    evtol_siting.nsga2_core    初始种群: 100 个个体 × 1332 维，站点数 恒为 11（固定规模模式，保规模算子）
12:28:27 WARNING evtol_siting.nsga2_core    帕累托前沿在 100 代内**没有改进**（HV 4.204e+08 -> 4.204e+08）。可能原因：(1) 初始种群已被 IP 解锚定在最优附近；(2) 修复算子过强，压制了搜索空间；(3) 目标间无实质权衡。建议检查目标值分布是否退化。
12:28:27 INFO    scheme_family                 第 5/5 次: 前沿 100 解，站点数 11–393
12:28:27 INFO    scheme_family              
12:28:27 INFO    scheme_family              ── 步骤 4：统一参考点下的对照 ──
12:28:44 INFO    scheme_family              
                approach  n_solutions  hypervolume  min_cost_1e8  min_unserved  min_inequity
    Scheme family (N=11)            4 2.361034e+19      3.480112    402.876962      9.589304
     Fixed-N GA breeding          306 2.998963e+19      3.109115    402.876962      9.284562
Free-cardinality NSGA-II          241 1.291730e+20      3.480112      0.000000      5.886887
12:28:44 INFO    scheme_family              
12:28:44 INFO    scheme_family              方案族中被**杂交结果支配**的：1/4（25%）
12:28:44 INFO    scheme_family              判读：若比例高，说明『杂交不同方案』确实产出了优于任一单目标方案的折中解——这正是该设计的价值所在；若为 0，说明方案族本身已在前沿上，杂交没有带来改进，应如实报告。
12:28:44 INFO    scheme_family              
12:28:44 INFO    scheme_family              ==============================================================================
12:28:44 INFO    scheme_family               完成。输出目录: evtol_siting\outputs\tables
12:28:44 INFO    scheme_family               文件: scheme_family.csv / scheme_family_ga_runs.csv / scheme_family_free_runs.csv / scheme_family_comparison.csv
12:28:44 INFO    scheme_family              ==============================================================================
12:28:55 INFO    scheme_family                 第 5/5 次: 前沿 100 解，站点数恒为 11: 是，耗时 45s
12:28:55 INFO    scheme_family                 ✓ 全部运行的解都恰好含 11 个站——保规模算子有效
12:28:55 INFO    scheme_family              
12:28:55 INFO    scheme_family              ── 步骤 3：对照（自由规模 NSGA-II，设施数由模型自定）──
12:28:55 INFO    evtol_siting.nsga2_core    初始种群: 100 个个体 × 1332 维，站点数 区间 (12, 400)（区间初始化，自由规模）
12:29:18 INFO    scheme_family                 第 1/5 次: 前沿 100 解，站点数 11–394
12:29:18 INFO    evtol_siting.nsga2_core    初始种群: 100 个个体 × 1332 维，站点数 区间 (12, 400)（区间初始化，自由规模）
12:29:41 INFO    scheme_family                 第 2/5 次: 前沿 100 解，站点数 11–391
12:29:41 INFO    evtol_siting.nsga2_core    初始种群: 100 个个体 × 1332 维，站点数 区间 (12, 400)（区间初始化，自由规模）
12:30:05 INFO    scheme_family                 第 3/5 次: 前沿 100 解，站点数 11–402
12:30:05 INFO    evtol_siting.nsga2_core    初始种群: 100 个个体 × 1332 维，站点数 区间 (12, 400)（区间初始化，自由规模）
12:30:28 INFO    scheme_family                 第 4/5 次: 前沿 100 解，站点数 11–403
12:30:28 INFO    evtol_siting.nsga2_core    初始种群: 100 个个体 × 1332 维，站点数 区间 (12, 400)（区间初始化，自由规模）
12:30:49 WARNING evtol_siting.nsga2_core    帕累托前沿在 100 代内**没有改进**（HV 4.204e+08 -> 4.204e+08）。可能原因：(1) 初始种群已被 IP 解锚定在最优附近；(2) 修复算子过强，压制了搜索空间；(3) 目标间无实质权衡。建议检查目标值分布是否退化。
12:30:49 INFO    scheme_family                 第 5/5 次: 前沿 100 解，站点数 11–393
12:30:49 INFO    scheme_family              
12:30:49 INFO    scheme_family              ── 步骤 4：统一参考点下的对照 ──
12:31:08 INFO    scheme_family              
                approach  n_solutions  hypervolume  min_cost_1e8  min_unserved  min_inequity
    Scheme family (N=11)            4 2.361034e+19      3.480112    402.876962      9.589304
     Fixed-N GA breeding          306 2.998963e+19      3.109115    402.876962      9.284562
Free-cardinality NSGA-II          241 1.291730e+20      3.480112      0.000000      5.886887
12:31:08 INFO    scheme_family              
12:31:08 INFO    scheme_family              方案族中被**杂交结果支配**的：1/4（25%）
12:31:08 INFO    scheme_family              判读：若比例高，说明『杂交不同方案』确实产出了优于任一单目标方案的折中解——这正是该设计的价值所在；若为 0，说明方案族本身已在前沿上，杂交没有带来改进，应如实报告。
12:31:08 INFO    scheme_family              
12:31:08 INFO    scheme_family              ==============================================================================
12:31:08 INFO    scheme_family               完成。输出目录: evtol_siting\outputs\tables
12:31:08 INFO    scheme_family               文件: scheme_family.csv / scheme_family_ga_runs.csv / scheme_family_free_runs.csv / scheme_family_comparison.csv
12:31:08 INFO    scheme_family              ==============================================================================
22:17:53 INFO    scheme_family              ==============================================================================
22:17:53 INFO    scheme_family               固定规模方案族与保规模杂交     N = 11，data_mode = real
22:17:53 INFO    scheme_family              ==============================================================================
22:17:53 INFO    evtol_siting.pipeline      ============================================================
22:17:53 INFO    evtol_siting.pipeline      阶段一：基于 GIS 的候选起降场筛选
22:17:53 INFO    evtol_siting.pipeline      ============================================================
22:17:53 INFO    evtol_siting.pipeline      解析 PBF 提取包: sichuan-latest.osm.pbf
22:18:12 INFO    evtol_siting.data.pbf        已扫描 200000 个候选要素…
22:18:38 INFO    evtol_siting.data.pbf        已扫描 400000 个候选要素…
22:19:02 INFO    evtol_siting.data.pbf        已扫描 600000 个候选要素…
22:19:30 INFO    evtol_siting.data.pbf        已扫描 800000 个候选要素…
22:19:46 INFO    evtol_siting.data.pbf        buildings          69675 个要素
22:19:46 INFO    evtol_siting.data.pbf        poi                 8159 个要素
22:19:47 INFO    evtol_siting.data.pbf        roads              42272 个要素
22:19:48 INFO    evtol_siting.data.pbf        landuse             8430 个要素
22:19:48 INFO    evtol_siting.data.pbf        water               2252 个要素
22:19:48 INFO    evtol_siting.data.pbf        airports            1364 个要素
22:19:48 INFO    evtol_siting.data.pbf      PBF 解析完成（扫描 921830 个候选要素，输出 6 个图层）
22:19:48 INFO    evtol_siting.data.rasters  建筑高度栅格已存在: evtol_siting\data\raw\height\chengdu_building_height_10m.tif
22:19:55 INFO    evtol_siting.data.heights  高度栅格提供了 49162 栋建筑的高度（覆盖 70.6%）
22:19:55 INFO    evtol_siting.data.heights  分位数回归填补了 14650 栋建筑的高度（中位数 18.6 m）
22:19:55 INFO    evtol_siting.data.heights  高度融合结果（共 69675 栋）:
    raster_height     70.6%
    imputed           21.0%
    osm_levels         7.3%
    osm_height         1.1%
22:19:55 INFO    evtol_siting.data.heights      有标签覆盖率: 8.4% -> 融合后覆盖率: 100.0%
22:19:55 INFO    evtol_siting.data.rasters  人口栅格已存在: evtol_siting\data\raw\population\chengdu_population_100m.tif
22:19:55 INFO    evtol_siting.data.rasters  收入代理数据已存在: evtol_siting\data\raw\income\chengdu_income_proxy.gpkg
22:19:55 INFO    evtol_siting.pipeline      收入代理已载入: 6716 个点（EPSG:4326）
22:19:55 INFO    evtol_siting.data.rasters  DEM 已存在: evtol_siting\data\raw\dem\chengdu_dem_30m.tif
22:20:00 INFO    evtol_siting.data.rasters  坡度栅格已生成: evtol_siting\data\interim\slope.tif
22:20:00 INFO    evtol_siting.geo           栅格化完成: 单元边长 500 m, 单元数 2519, 覆盖 629.8 km²
22:20:00 INFO    evtol_siting.stage1_candidates 屋顶型筛选: 1430 / 69675 栋建筑满足 h>=20m 且 A_roof>=1600m² (2.05%)
22:20:00 INFO    evtol_siting.stage1_candidates   排除 用地类型: 30 个单元（1.2%）
22:20:00 INFO    evtol_siting.stage1_candidates   排除 水域: 55 个单元（2.2%）
22:20:01 INFO    evtol_siting.stage1_candidates   建筑覆盖率判据 (max=0.55): 剔除 4 个单元（保留 2430）；覆盖率中位数 0.05
22:20:01 INFO    evtol_siting.stage1_candidates 坡度判据: 2430 / 2430 单元满足 slope<=15° (剔除 0)
22:20:01 INFO    evtol_siting.stage1_candidates 地面型筛选: 2430 个候选（用地排除 -89，坡度排除后）
22:20:01 INFO    evtol_siting.stage1_candidates 地面型候选已按路网可达性重新评分（中位距离 91 m）
22:20:01 INFO    evtol_siting.stage1_candidates 已为 1430 个缺少 cell_id 的候选（屋顶型）补齐所属栅格单元（补齐后 3770/3860 有 cell_id）
22:20:01 INFO    evtol_siting.stage1_candidates   90 个候选落在栅格之外，改用坐标分桶作为 cell_id
22:20:01 INFO    evtol_siting.stage1_candidates   口径 all_aeroway：1298 个非直升要素全部按运输机场处理
22:20:01 INFO    evtol_siting.stage1_candidates   机场净空区（含民用） (r=4000m): 剔除 1472 个候选（占 38.1%）
22:20:01 INFO    evtol_siting.stage1_candidates   既有直升机场 (r=1000m): 剔除 178 个候选（占 4.6%）
22:20:01 INFO    evtol_siting.stage1_candidates 安全排除后剩余 2344 个候选（原有 3860）
22:20:01 INFO    evtol_siting.stage1_candidates   [ground] 类别内稀释: 1581 -> 1581
22:20:01 INFO    evtol_siting.stage1_candidates   [rooftop] 类别内稀释: 693 -> 258
22:20:02 INFO    evtol_siting.stage1_candidates 密度稀释 (c_min=500m, 每栅格<=3): 2344 -> 1332 个候选 （配额 -70，类别内间距 -435，跨类别冲突 -507）；构成: {'ground': 1076, 'rooftop': 256}
22:20:02 INFO    evtol_siting.stage1_candidates 阶段一完成: 1332 个候选起降场（屋顶型 256，地面型 1076）
22:20:02 INFO    evtol_siting.pipeline      ============================================================
22:20:02 INFO    evtol_siting.pipeline      阶段二：K-means 人群分类与需求空间化
22:20:02 INFO    evtol_siting.pipeline      ============================================================
22:20:02 INFO    evtol_siting.data.dasymetric 人口栅格分辨率 80 m 细于需求格网 500 m —— 分区求和已是正确的格网人口总量，**体积重分配在此不产生作用**，直接使用分区求和。（体积权重的价值在于把人口摊到建筑上做更细的分析，需 force=True）
22:20:02 WARNING evtol_siting.data.dasymetric 退化为按分区求和（假设人口在格网内均匀分布）
22:20:14 INFO    evtol_siting.stage2_demand 人口分配方式对比（论文 Table 用）:
    method  total_population  n_nonzero_cells  mean_per_cell  std_per_cell       cv     max_cell  top1pct_share     gini
dasymetric      7.712263e+06             2517    3061.636823   2504.238782 0.817941 12360.637527       0.032418 0.458119
   uniform      7.712263e+06             2517    3061.636823   2504.238782 0.817941 12360.637527       0.032418 0.458119
22:20:14 INFO    evtol_siting.stage2_demand 人口: 合计 7712263 人，单元中位数 2567 人（来源: zonal_sum）
22:20:15 INFO    evtol_siting.stage2_demand 收入代理(RWI): 范围 [4.28, 94.31]，单元均值 28.593
22:20:15 INFO    evtol_siting.stage2_demand POI: 研究区内 7442 个，单元密度中位数 0 个/km²
22:20:19 INFO    evtol_siting.stage2_demand K 选择 (silhouette): K=5，得分 0.4742，各 K 得分 {3: 0.4713, 4: 0.4495, 5: 0.4742, 6: 0.4289, 7: 0.4336, 8: 0.4372}
22:20:19 INFO    evtol_siting.choice_model  收入阶梯（K=5）: 2,086  3,285  4,500  6,164  9,709
22:20:19 INFO    evtol_siting.choice_model  时间价值: 6.0  9.4  12.9  17.7  27.9 元/小时（对应月收入 2,086  3,285  4,500  6,164  9,709）
22:20:19 INFO    evtol_siting.choice_model  时间价值: 1.2  1.4  1.6  1.8  2.1  2.4  2.8  3.2  3.7  4.2  4.9  5.6  6.4  7.4  8.5  9.8  11.2  12.9  14.8  17.0  19.6  22.5  25.8  29.7 元/小时（对应月收入 421  484  556  639  735  844  970  1,115  1,282  1,473  1,693  1,946  2,236  2,570  2,953  3,394  3,901  4,483  5,153  5,922  6,806  7,822  8,989  10,331）
22:20:19 INFO    evtol_siting.choice_model  时间价值: 1.9  2.2  2.5  2.9  3.3  3.8  4.4  5.0  5.8  6.7  7.7  8.8  10.1  11.6  13.4  15.4  17.7  20.3  23.3  26.8  30.8  35.4  40.7  46.8 元/小时（对应月收入 663  762  876  1,007  1,157  1,330  1,528  1,757  2,019  2,320  2,666  3,064  3,522  4,048  4,652  5,346  6,144  7,061  8,116  9,327  10,719  12,319  14,158  16,272）
22:20:19 INFO    evtol_siting.choice_model  时间价值: 2.6  3.0  3.4  4.0  4.6  5.2  6.0  6.9  7.9  9.1  10.5  12.1  13.9  15.9  18.3  21.0  24.2  27.8  31.9  36.7  42.2  48.5  55.7  64.0 元/小时（对应月收入 909  1,044  1,200  1,379  1,585  1,822  2,094  2,406  2,765  3,178  3,652  4,198  4,824  5,544  6,372  7,323  8,416  9,673  11,116  12,776  14,683  16,875  19,394  22,289）
22:20:19 INFO    evtol_siting.choice_model  时间价值: 3.6  4.1  4.7  5.4  6.2  7.2  8.2  9.5  10.9  12.5  14.4  16.5  19.0  21.8  25.1  28.8  33.1  38.1  43.8  50.3  57.8  66.4  76.3  87.7 元/小时（对应月收入 1,244  1,430  1,644  1,889  2,171  2,495  2,868  3,296  3,788  4,353  5,003  5,750  6,608  7,594  8,728  10,031  11,528  13,249  15,227  17,500  20,112  23,114  26,565  30,530）
22:20:19 INFO    evtol_siting.choice_model  时间价值: 5.6  6.5  7.4  8.6  9.8  11.3  13.0  14.9  17.1  19.7  22.6  26.0  29.9  34.4  39.5  45.4  52.2  60.0  68.9  79.2  91.0  104.6  120.2  138.2 元/小时（对应月收入 1,960  2,253  2,589  2,975  3,420  3,930  4,517  5,191  5,966  6,856  7,880  9,056  10,408  11,962  13,747  15,799  18,158  20,868  23,983  27,563  31,678  36,407  41,841  48,087）
22:20:19 INFO    evtol_siting.choice_model  选择模型 [区域内积分（σ_within=0.4）]: 出行 15 km，地面 55 分钟 / 57 元，eVTOL 24 分钟 / 130 元，节省 31 分钟；采用概率 0.0572–0.0920（类间比 1.61）
22:20:19 INFO    evtol_siting.choice_model  各类人群采用概率:
 cluster  monthly_income_cny  vot_cny_per_h  p_evtol  demand_rate
       3              2086.0           5.99  0.05718     0.005718
       0              3285.0           9.44  0.06157     0.006157
       1              4500.0          12.93  0.06638     0.006638
       2              6164.0          17.71  0.07364     0.007364
       4              9709.0          27.90  0.09201     0.009201
22:20:19 INFO    evtol_siting.stage2_demand K-means 聚类完成: K=5，总需求 51899 次/日，总人口 7712263 人
22:20:19 INFO    evtol_siting.stage2_demand 类画像:
 cluster  n_cells   population  income_mean  poi_density_mean  trip_rate  monthly_income_cny  vot_cny_per_h  p_evtol  demand_trips_per_day k_selection
       3      911 1.274286e+06    15.458149          1.242591   0.005718              2086.0           5.99  0.05718           7286.368668  silhouette
       0      916 2.953990e+06    31.667580          4.310044   0.006157              3285.0           9.44  0.06157          18187.714329  silhouette
       1      311 1.804357e+06    33.630300         41.273312   0.006638              4500.0          12.93  0.06638          11977.321363  silhouette
       2       81 5.478822e+05    40.350918        106.123457   0.007364              6164.0          17.71  0.07364           4034.604404  silhouette
       4      300 1.131748e+06    50.690864         10.853333   0.009201              9709.0          27.90  0.09201          10413.214673  silhouette
22:20:20 INFO    evtol_siting.pipeline      ============================================================
22:20:20 INFO    evtol_siting.pipeline      阶段三：0-1 整数规划选址
22:20:20 INFO    evtol_siting.pipeline      ============================================================
22:20:20 INFO    evtol_siting.stage3_ip     [cost_priority] 需求单元 2519 个（核心 1008 个，阈值 分位数 0.60（>=21.5 次/日）），候选 1332 个，接驳时间预算 15.0 分钟，设施上限 20
22:20:21 INFO    evtol_siting.stage3_ip     [cost_priority] 最优解: 11 个起降场，总成本 3.16 亿元，需求覆盖率 96.8%，人口覆盖率 96.5%（耗时 0.58s）
22:20:21 INFO    evtol_siting.stage3_ip     [coverage_priority] 需求单元 2519 个（核心 1008 个，阈值 分位数 0.60（>=21.5 次/日）），候选 1332 个，接驳时间预算 15.0 分钟，设施上限 35
22:20:22 INFO    evtol_siting.stage3_ip     [coverage_priority] 最优解: 10 个起降场，总成本 4.69 亿元，需求覆盖率 96.4%，人口覆盖率 96.0%（耗时 0.66s）
22:20:22 INFO    evtol_siting.stage3_ip     阶段三完成: 2 个情景求解成功（cost_priority=Optimal, coverage_priority=Optimal）
22:20:22 INFO    evtol_siting.stage4_nsga2  问题实例: 2519 个需求单元（核心 1008），1332 个候选；接驳预算 15.0 分钟；单点最大可覆盖 303 个核心单元（占核心 30.1%）
22:20:22 INFO    scheme_family              候选 1332 个，需求单元 2519 个，总需求 51899 次/日
22:20:22 INFO    scheme_family              
22:20:22 INFO    scheme_family              ── 步骤 1：固定 N=11 的方案族（不同目标 → 不同布局）──
22:20:22 INFO    evtol_siting.schemes       生成固定规模方案族: N=11，4 个目标
22:20:22 INFO    evtol_siting.schemes       [最低成本] N=11 固定规模: 11 站 | 总接驳 474618 分钟·次/日 | 最差人群 10.03 分钟 | 覆盖 96.8% | 成本 3.16 亿元 | 耗时 0.5s
22:25:11 INFO    evtol_siting.schemes       [最短接驳（距离最近）] N=11 固定规模: 11 站 | 总接驳 454493 分钟·次/日 | 最差人群 9.73 分钟 | 覆盖 96.9% | 成本 5.63 亿元 | 耗时 288.8s
22:26:08 INFO    evtol_siting.schemes       [最大覆盖] N=11 固定规模: 11 站 | 总接驳 507012 分钟·次/日 | 最差人群 10.21 分钟 | 覆盖 99.2% | 成本 5.50 亿元 | 耗时 56.7s
22:36:46 INFO    evtol_siting.schemes       [最均衡体验] N=11 固定规模: 11 站 | 总接驳 450721 分钟·次/日 | 最差人群 9.98 分钟 | 覆盖 95.9% | 成本 4.89 亿元 | 耗时 638.4s
22:36:46 INFO    evtol_siting.schemes       方案族生成完成: 4/4 成功
22:36:46 INFO    scheme_family              
22:36:46 INFO    scheme_family              方案族对照（论文表）:
22:36:46 INFO    scheme_family              
      name  n_sites  cost_1e8  total_access_time  demand_coverage_pct  worst_group_access_time_min
      最低成本       11     3.159        474618.3642              96.8002                      10.0297
最短接驳（距离最近）       11     5.632        454492.7633              96.8664                       9.7342
      最大覆盖       11     5.496        507012.2054              99.1844                      10.2074
     最均衡体验       11     4.893        450720.9484              95.9410                       9.9763
22:36:46 INFO    scheme_family              
22:36:46 INFO    scheme_family              方案族内部支配关系（行是否支配列）:
22:36:46 INFO    scheme_family                 最低成本             支配: （无）
22:36:46 INFO    scheme_family                 最短接驳（距离最近）       支配: （无）
22:36:46 INFO    scheme_family                 最大覆盖             支配: （无）
22:36:46 INFO    scheme_family                 最均衡体验            支配: （无）
22:36:46 INFO    scheme_family              
22:36:46 INFO    scheme_family              ── 步骤 2：保规模杂交（子代恒含 11 站，以方案族为初始种群）──
22:36:46 INFO    scheme_family              注入 4 个方案族个体作为初始种子
22:36:46 INFO    evtol_siting.nsga2_core    初始种群: 100 个个体 × 1332 维，站点数 恒为 11（固定规模模式，保规模算子）
22:38:35 INFO    scheme_family                 第 1/5 次: 前沿 100 解，站点数恒为 11: 是，耗时 109s
22:38:35 INFO    evtol_siting.nsga2_core    初始种群: 100 个个体 × 1332 维，站点数 恒为 11（固定规模模式，保规模算子）
22:40:20 INFO    scheme_family                 第 2/5 次: 前沿 100 解，站点数恒为 11: 是，耗时 105s
22:40:20 INFO    evtol_siting.nsga2_core    初始种群: 100 个个体 × 1332 维，站点数 恒为 11（固定规模模式，保规模算子）
22:42:07 INFO    scheme_family                 第 3/5 次: 前沿 100 解，站点数恒为 11: 是，耗时 107s
22:42:07 INFO    evtol_siting.nsga2_core    初始种群: 100 个个体 × 1332 维，站点数 恒为 11（固定规模模式，保规模算子）
22:43:50 INFO    scheme_family                 第 4/5 次: 前沿 100 解，站点数恒为 11: 是，耗时 103s
22:43:50 INFO    evtol_siting.nsga2_core    初始种群: 100 个个体 × 1332 维，站点数 恒为 11（固定规模模式，保规模算子）
22:45:40 INFO    scheme_family                 第 5/5 次: 前沿 100 解，站点数恒为 11: 是，耗时 110s
22:45:40 INFO    scheme_family                 ✓ 全部运行的解都恰好含 11 个站——保规模算子有效
22:45:40 INFO    scheme_family              
22:45:40 INFO    scheme_family              ── 步骤 3：对照（自由规模 NSGA-II，设施数由模型自定）──
22:45:40 INFO    evtol_siting.nsga2_core    初始种群: 100 个个体 × 1332 维，站点数 区间 (12, 400)（区间初始化，自由规模）
22:46:27 INFO    scheme_family                 第 1/5 次: 前沿 100 解，站点数 11–391
22:46:27 INFO    evtol_siting.nsga2_core    初始种群: 100 个个体 × 1332 维，站点数 区间 (12, 400)（区间初始化，自由规模）
22:47:20 INFO    scheme_family                 第 2/5 次: 前沿 100 解，站点数 10–389
22:47:20 INFO    evtol_siting.nsga2_core    初始种群: 100 个个体 × 1332 维，站点数 区间 (12, 400)（区间初始化，自由规模）
22:48:10 INFO    scheme_family                 第 3/5 次: 前沿 100 解，站点数 11–337
22:48:10 INFO    evtol_siting.nsga2_core    初始种群: 100 个个体 × 1332 维，站点数 区间 (12, 400)（区间初始化，自由规模）
22:49:04 INFO    scheme_family                 第 4/5 次: 前沿 100 解，站点数 11–403
22:49:04 INFO    evtol_siting.nsga2_core    初始种群: 100 个个体 × 1332 维，站点数 区间 (12, 400)（区间初始化，自由规模）
22:49:54 INFO    scheme_family                 第 5/5 次: 前沿 100 解，站点数 11–386
22:49:54 INFO    scheme_family              
22:49:54 INFO    scheme_family              ── 步骤 4：统一参考点下的对照 ──
22:50:25 INFO    scheme_family              
                approach  n_solutions  hypervolume  min_cost_1e8  min_unserved  min_inequity
    Scheme family (N=11)            4 1.271404e+19      3.158845    423.274099      9.734187
     Fixed-N GA breeding          344 1.824699e+19      3.017427    423.274099      9.247866
Free-cardinality NSGA-II          238 1.030027e+20      3.158845      0.000000      5.905871
22:50:25 INFO    scheme_family              
22:50:25 INFO    scheme_family              方案族中被**杂交结果支配**的：0/4（0%）
22:50:25 INFO    scheme_family              判读：若比例高，说明『杂交不同方案』确实产出了优于任一单目标方案的折中解——这正是该设计的价值所在；若为 0，说明方案族本身已在前沿上，杂交没有带来改进，应如实报告。
22:50:25 INFO    scheme_family              
22:50:25 INFO    scheme_family              ==============================================================================
22:50:25 INFO    scheme_family               完成。输出目录: evtol_siting\outputs\tables
22:50:25 INFO    scheme_family               文件: scheme_family.csv / scheme_family_ga_runs.csv / scheme_family_free_runs.csv / scheme_family_comparison.csv
22:50:25 INFO    scheme_family              ==============================================================================
12:43:34 INFO    scheme_family              ==============================================================================
12:43:34 INFO    scheme_family               固定规模方案族与保规模杂交     N = 11，data_mode = real
12:43:34 INFO    scheme_family              ==============================================================================
12:43:34 INFO    evtol_siting.pipeline      ============================================================
12:43:34 INFO    evtol_siting.pipeline      阶段一：基于 GIS 的候选起降场筛选
12:43:34 INFO    evtol_siting.pipeline      ============================================================
12:43:34 INFO    evtol_siting.pipeline      解析 PBF 提取包: sichuan-latest.osm.pbf
12:43:42 INFO    evtol_siting.data.pbf        已扫描 200000 个候选要素…
12:43:51 INFO    evtol_siting.data.pbf        已扫描 400000 个候选要素…
12:43:59 INFO    evtol_siting.data.pbf        已扫描 600000 个候选要素…
12:44:08 INFO    evtol_siting.data.pbf        已扫描 800000 个候选要素…
12:44:14 INFO    evtol_siting.data.pbf        buildings          69675 个要素
12:44:14 INFO    evtol_siting.data.pbf        poi                 8159 个要素
12:44:15 INFO    evtol_siting.data.pbf        roads              42272 个要素
12:44:15 INFO    evtol_siting.data.pbf        landuse             8430 个要素
12:44:15 INFO    evtol_siting.data.pbf        water               2252 个要素
12:44:15 INFO    evtol_siting.data.pbf        airports            1364 个要素
12:44:15 INFO    evtol_siting.data.pbf      PBF 解析完成（扫描 921830 个候选要素，输出 6 个图层）
12:44:15 INFO    evtol_siting.data.rasters  建筑高度栅格已存在: evtol_siting\data\raw\height\chengdu_building_height_10m.tif
12:44:17 INFO    evtol_siting.data.heights  高度栅格提供了 49162 栋建筑的高度（覆盖 70.6%）
12:44:17 INFO    evtol_siting.data.heights  分位数回归填补了 14650 栋建筑的高度（中位数 18.6 m）
12:44:17 INFO    evtol_siting.data.heights  高度融合结果（共 69675 栋）:
    raster_height     70.6%
    imputed           21.0%
    osm_levels         7.3%
    osm_height         1.1%
12:44:17 INFO    evtol_siting.data.heights      有标签覆盖率: 8.4% -> 融合后覆盖率: 100.0%
12:44:17 INFO    evtol_siting.data.rasters  人口栅格已存在: evtol_siting\data\raw\population\chengdu_population_100m.tif
12:44:17 INFO    evtol_siting.data.rasters  收入代理数据已存在: evtol_siting\data\raw\income\chengdu_income_proxy.gpkg
12:44:17 INFO    evtol_siting.pipeline      收入代理已载入: 6716 个点（EPSG:4326）
12:44:17 INFO    evtol_siting.data.rasters  DEM 已存在: evtol_siting\data\raw\dem\chengdu_dem_30m.tif
12:44:20 INFO    evtol_siting.data.rasters  坡度栅格已生成: evtol_siting\data\interim\chengdu_slope.tif
12:44:20 INFO    evtol_siting.geo           栅格化完成: 单元边长 500 m, 单元数 2519, 覆盖 629.8 km²
12:44:20 INFO    evtol_siting.stage1_candidates 屋顶型筛选: 1430 / 69675 栋建筑满足 h>=20m 且 A_roof>=1600m² (2.05%)
12:44:20 INFO    evtol_siting.stage1_candidates   排除 用地类型: 30 个单元（1.2%）
12:44:20 INFO    evtol_siting.stage1_candidates   排除 水域: 55 个单元（2.2%）
12:44:20 INFO    evtol_siting.stage1_candidates   建筑覆盖率判据 (max=0.55): 剔除 4 个单元（保留 2430）；覆盖率中位数 0.05
12:44:20 INFO    evtol_siting.stage1_candidates 坡度判据: 2419 / 2430 单元满足 slope<=15° (剔除 11)
12:44:20 INFO    evtol_siting.stage1_candidates 地面型筛选: 2419 个候选（用地排除 -100，坡度排除后）
12:44:20 INFO    evtol_siting.stage1_candidates 地面型候选已按路网可达性重新评分（中位距离 91 m）
12:44:20 INFO    evtol_siting.stage1_candidates 已为 1430 个缺少 cell_id 的候选（屋顶型）补齐所属栅格单元（补齐后 3759/3849 有 cell_id）
12:44:20 INFO    evtol_siting.stage1_candidates   90 个候选落在栅格之外，改用坐标分桶作为 cell_id
12:44:20 INFO    evtol_siting.stage1_candidates   口径 all_aeroway：1298 个非直升要素全部按运输机场处理
12:44:21 INFO    evtol_siting.stage1_candidates   机场净空区（含民用） (r=4000m): 剔除 1472 个候选（占 38.2%）
12:44:21 INFO    evtol_siting.stage1_candidates   既有直升机场 (r=1000m): 剔除 177 个候选（占 4.6%）
12:44:21 INFO    evtol_siting.stage1_candidates 安全排除后剩余 2334 个候选（原有 3849）
12:44:21 INFO    evtol_siting.stage1_candidates   [ground] 类别内稀释: 1571 -> 1571
12:44:21 INFO    evtol_siting.stage1_candidates   [rooftop] 类别内稀释: 693 -> 258
12:44:21 INFO    evtol_siting.stage1_candidates 密度稀释 (c_min=500m, 每栅格<=3): 2334 -> 1324 个候选 （配额 -70，类别内间距 -435，跨类别冲突 -505）；构成: {'ground': 1067, 'rooftop': 257}
12:44:21 INFO    evtol_siting.stage1_candidates 阶段一完成: 1324 个候选起降场（屋顶型 257，地面型 1067）
12:44:21 INFO    evtol_siting.pipeline      ============================================================
12:44:21 INFO    evtol_siting.pipeline      阶段二：K-means 人群分类与需求空间化
12:44:21 INFO    evtol_siting.pipeline      ============================================================
12:44:21 INFO    evtol_siting.data.dasymetric 人口栅格分辨率 80 m 细于需求格网 500 m —— 分区求和已是正确的格网人口总量，**体积重分配在此不产生作用**，直接使用分区求和。（体积权重的价值在于把人口摊到建筑上做更细的分析，需 force=True）
12:44:21 WARNING evtol_siting.data.dasymetric 退化为按分区求和（假设人口在格网内均匀分布）
12:44:26 INFO    evtol_siting.stage2_demand 人口分配方式对比（论文 Table 用）:
    method  total_population  n_nonzero_cells  mean_per_cell  std_per_cell       cv     max_cell  top1pct_share     gini
dasymetric      7.712263e+06             2517    3061.636823   2504.238782 0.817941 12360.637527       0.032418 0.458119
   uniform      7.712263e+06             2517    3061.636823   2504.238782 0.817941 12360.637527       0.032418 0.458119
12:44:26 INFO    evtol_siting.stage2_demand 人口: 合计 7712263 人，单元中位数 2567 人（来源: zonal_sum）
12:44:26 INFO    evtol_siting.stage2_demand 收入代理(RWI): 范围 [4.28, 94.31]，单元均值 28.593
12:44:26 INFO    evtol_siting.stage2_demand POI: 研究区内 7442 个，单元密度中位数 0 个/km²
12:44:30 INFO    evtol_siting.stage2_demand K 选择 (silhouette): K=5，得分 0.4742，各 K 得分 {3: 0.4713, 4: 0.4495, 5: 0.4742, 6: 0.4289, 7: 0.4336, 8: 0.4372}
12:44:30 INFO    evtol_siting.choice_model  收入阶梯（K=5）: 2,086  3,285  4,500  6,164  9,709
12:44:30 INFO    evtol_siting.choice_model  时间价值: 6.0  9.4  12.9  17.7  27.9 元/小时（对应月收入 2,086  3,285  4,500  6,164  9,709）
12:44:30 INFO    evtol_siting.choice_model  时间价值: 1.2  1.4  1.6  1.8  2.1  2.4  2.8  3.2  3.7  4.2  4.9  5.6  6.4  7.4  8.5  9.8  11.2  12.9  14.8  17.0  19.6  22.5  25.8  29.7 元/小时（对应月收入 421  484  556  639  735  844  970  1,115  1,282  1,473  1,693  1,946  2,236  2,570  2,953  3,394  3,901  4,483  5,153  5,922  6,806  7,822  8,989  10,331）
12:44:30 INFO    evtol_siting.choice_model  时间价值: 1.9  2.2  2.5  2.9  3.3  3.8  4.4  5.0  5.8  6.7  7.7  8.8  10.1  11.6  13.4  15.4  17.7  20.3  23.3  26.8  30.8  35.4  40.7  46.8 元/小时（对应月收入 663  762  876  1,007  1,157  1,330  1,528  1,757  2,019  2,320  2,666  3,064  3,522  4,048  4,652  5,346  6,144  7,061  8,116  9,327  10,719  12,319  14,158  16,272）
12:44:30 INFO    evtol_siting.choice_model  时间价值: 2.6  3.0  3.4  4.0  4.6  5.2  6.0  6.9  7.9  9.1  10.5  12.1  13.9  15.9  18.3  21.0  24.2  27.8  31.9  36.7  42.2  48.5  55.7  64.0 元/小时（对应月收入 909  1,044  1,200  1,379  1,585  1,822  2,094  2,406  2,765  3,178  3,652  4,198  4,824  5,544  6,372  7,323  8,416  9,673  11,116  12,776  14,683  16,875  19,394  22,289）
12:44:30 INFO    evtol_siting.choice_model  时间价值: 3.6  4.1  4.7  5.4  6.2  7.2  8.2  9.5  10.9  12.5  14.4  16.5  19.0  21.8  25.1  28.8  33.1  38.1  43.8  50.3  57.8  66.4  76.3  87.7 元/小时（对应月收入 1,244  1,430  1,644  1,889  2,171  2,495  2,868  3,296  3,788  4,353  5,003  5,750  6,608  7,594  8,728  10,031  11,528  13,249  15,227  17,500  20,112  23,114  26,565  30,530）
12:44:30 INFO    evtol_siting.choice_model  时间价值: 5.6  6.5  7.4  8.6  9.8  11.3  13.0  14.9  17.1  19.7  22.6  26.0  29.9  34.4  39.5  45.4  52.2  60.0  68.9  79.2  91.0  104.6  120.2  138.2 元/小时（对应月收入 1,960  2,253  2,589  2,975  3,420  3,930  4,517  5,191  5,966  6,856  7,880  9,056  10,408  11,962  13,747  15,799  18,158  20,868  23,983  27,563  31,678  36,407  41,841  48,087）
12:44:30 INFO    evtol_siting.choice_model  选择模型 [区域内积分（σ_within=0.4）]: 出行 15 km（单点），地面 55 分钟 / 57 元，eVTOL 24 分钟 / 130 元，节省 31 分钟；采用概率 0.0572–0.0920（类间比 1.61）
12:44:30 INFO    evtol_siting.choice_model  各类人群采用概率:
 cluster  monthly_income_cny  vot_cny_per_h  p_evtol  demand_rate
       3              2086.0           5.99  0.05718     0.005718
       0              3285.0           9.44  0.06157     0.006157
       1              4500.0          12.93  0.06638     0.006638
       2              6164.0          17.71  0.07364     0.007364
       4              9709.0          27.90  0.09201     0.009201
12:44:30 INFO    evtol_siting.stage2_demand K-means 聚类完成: K=5，总需求 51899 次/日，总人口 7712263 人
12:44:30 INFO    evtol_siting.stage2_demand 类画像:
 cluster  n_cells   population  income_mean  poi_density_mean  trip_rate  monthly_income_cny  vot_cny_per_h  p_evtol  demand_trips_per_day k_selection
       3      911 1.274286e+06    15.458149          1.242591   0.005718              2086.0           5.99  0.05718           7286.368668  silhouette
       0      916 2.953990e+06    31.667580          4.310044   0.006157              3285.0           9.44  0.06157          18187.714329  silhouette
       1      311 1.804357e+06    33.630300         41.273312   0.006638              4500.0          12.93  0.06638          11977.321363  silhouette
       2       81 5.478822e+05    40.350918        106.123457   0.007364              6164.0          17.71  0.07364           4034.604404  silhouette
       4      300 1.131748e+06    50.690864         10.853333   0.009201              9709.0          27.90  0.09201          10413.214673  silhouette
12:44:30 INFO    evtol_siting.pipeline      ============================================================
12:44:30 INFO    evtol_siting.pipeline      阶段三：0-1 整数规划选址
12:44:30 INFO    evtol_siting.pipeline      ============================================================
12:44:30 INFO    evtol_siting.stage3_ip     [cost_priority] 需求单元 2519 个（核心 1008 个，阈值 分位数 0.60（>=21.5 次/日）），候选 1324 个，接驳时间预算 15.0 分钟，设施上限 20
12:44:31 INFO    evtol_siting.stage3_ip     [cost_priority] 最优解: 11 个起降场，总成本 3.16 亿元，需求覆盖率 96.8%，人口覆盖率 96.4%（耗时 0.39s）
12:44:31 INFO    evtol_siting.stage3_ip     [coverage_priority] 需求单元 2519 个（核心 1008 个，阈值 分位数 0.60（>=21.5 次/日）），候选 1324 个，接驳时间预算 15.0 分钟，设施上限 35
12:44:31 INFO    evtol_siting.stage3_ip     [coverage_priority] 最优解: 10 个起降场，总成本 5.29 亿元，需求覆盖率 96.0%，人口覆盖率 95.6%（耗时 0.49s）
12:44:31 INFO    evtol_siting.stage3_ip     阶段三完成: 2 个情景求解成功（cost_priority=Optimal, coverage_priority=Optimal）
12:44:31 INFO    evtol_siting.stage4_nsga2  问题实例: 2519 个需求单元（核心 1008），1324 个候选；接驳预算 15.0 分钟；单点最大可覆盖 299 个核心单元（占核心 29.7%）
12:44:31 INFO    scheme_family              候选 1324 个，需求单元 2519 个，总需求 51899 次/日
12:44:31 INFO    scheme_family              
12:44:31 INFO    scheme_family              ── 步骤 1：固定 N=11 的方案族（不同目标 → 不同布局）──
12:44:31 INFO    evtol_siting.schemes       生成固定规模方案族: N=11，4 个目标
12:44:32 INFO    evtol_siting.schemes       [最低成本] N=11 固定规模: 11 站 | 总接驳 475558 分钟·次/日 | 最差人群 10.00 分钟 | 覆盖 96.8% | 成本 3.16 亿元 | 耗时 0.4s
12:47:01 INFO    evtol_siting.schemes       [最短接驳（距离最近）] N=11 固定规模: 11 站 | 总接驳 454493 分钟·次/日 | 最差人群 9.73 分钟 | 覆盖 96.9% | 成本 5.63 亿元 | 耗时 149.7s
12:47:37 INFO    evtol_siting.schemes       [最大覆盖] N=11 固定规模: 11 站 | 总接驳 507012 分钟·次/日 | 最差人群 10.21 分钟 | 覆盖 99.2% | 成本 5.50 亿元 | 耗时 35.6s
12:59:45 INFO    evtol_siting.schemes       [最均衡体验] N=11 固定规模: 11 站 | 总接驳 450159 分钟·次/日 | 最差人群 9.84 分钟 | 覆盖 96.0% | 成本 5.66 亿元 | 耗时 728.2s
12:59:45 INFO    evtol_siting.schemes       方案族生成完成: 4/4 成功
12:59:45 INFO    scheme_family              
12:59:45 INFO    scheme_family              方案族对照（论文表）:
12:59:45 INFO    scheme_family              
      name  n_sites  cost_1e8  total_access_time  demand_coverage_pct  worst_group_access_time_min
      最低成本       11     3.159        475558.2761              96.7627                       9.9980
最短接驳（距离最近）       11     5.632        454492.7633              96.8664                       9.7342
      最大覆盖       11     5.496        507012.2054              99.1844                      10.2074
     最均衡体验       11     5.661        450158.7068              96.0138                       9.8401
12:59:45 INFO    scheme_family              
12:59:45 INFO    scheme_family              方案族内部支配关系（行是否支配列）:
12:59:45 INFO    scheme_family                 最低成本             支配: （无）
12:59:45 INFO    scheme_family                 最短接驳（距离最近）       支配: （无）
12:59:45 INFO    scheme_family                 最大覆盖             支配: （无）
12:59:45 INFO    scheme_family                 最均衡体验            支配: （无）
12:59:45 INFO    scheme_family              
12:59:45 INFO    scheme_family              ── 步骤 2：保规模杂交（子代恒含 11 站，以方案族为初始种群）──
12:59:45 INFO    scheme_family              注入 4 个方案族个体作为初始种子
12:59:45 INFO    evtol_siting.nsga2_core    初始种群: 100 个个体 × 1324 维，站点数 恒为 11（固定规模模式，保规模算子）
13:00:24 INFO    scheme_family                 第 1/5 次: 前沿 100 解，站点数恒为 11: 是，耗时 39s
13:00:24 INFO    evtol_siting.nsga2_core    初始种群: 100 个个体 × 1324 维，站点数 恒为 11（固定规模模式，保规模算子）
13:01:01 INFO    scheme_family                 第 2/5 次: 前沿 100 解，站点数恒为 11: 是，耗时 37s
13:01:01 INFO    evtol_siting.nsga2_core    初始种群: 100 个个体 × 1324 维，站点数 恒为 11（固定规模模式，保规模算子）
13:01:39 INFO    scheme_family                 第 3/5 次: 前沿 100 解，站点数恒为 11: 是，耗时 38s
13:01:39 INFO    evtol_siting.nsga2_core    初始种群: 100 个个体 × 1324 维，站点数 恒为 11（固定规模模式，保规模算子）
13:02:18 INFO    scheme_family                 第 4/5 次: 前沿 100 解，站点数恒为 11: 是，耗时 39s
13:02:18 INFO    evtol_siting.nsga2_core    初始种群: 100 个个体 × 1324 维，站点数 恒为 11（固定规模模式，保规模算子）
13:02:56 INFO    scheme_family                 第 5/5 次: 前沿 100 解，站点数恒为 11: 是，耗时 38s
13:02:56 INFO    scheme_family                 ✓ 全部运行的解都恰好含 11 个站——保规模算子有效
13:02:56 INFO    scheme_family              
13:02:56 INFO    scheme_family              ── 步骤 3：对照（自由规模 NSGA-II，设施数由模型自定）──
13:02:56 INFO    evtol_siting.nsga2_core    初始种群: 100 个个体 × 1324 维，站点数 区间 (12, 400)（区间初始化，自由规模）
13:03:15 INFO    scheme_family                 第 1/5 次: 前沿 100 解，站点数 10–394
13:03:15 INFO    evtol_siting.nsga2_core    初始种群: 100 个个体 × 1324 维，站点数 区间 (12, 400)（区间初始化，自由规模）
13:03:34 INFO    scheme_family                 第 2/5 次: 前沿 100 解，站点数 11–393
13:03:34 INFO    evtol_siting.nsga2_core    初始种群: 100 个个体 × 1324 维，站点数 区间 (12, 400)（区间初始化，自由规模）
13:03:55 INFO    scheme_family                 第 3/5 次: 前沿 100 解，站点数 11–397
13:03:55 INFO    evtol_siting.nsga2_core    初始种群: 100 个个体 × 1324 维，站点数 区间 (12, 400)（区间初始化，自由规模）
13:04:15 INFO    scheme_family                 第 4/5 次: 前沿 100 解，站点数 11–371
13:04:15 INFO    evtol_siting.nsga2_core    初始种群: 100 个个体 × 1324 维，站点数 区间 (12, 400)（区间初始化，自由规模）
13:04:34 INFO    scheme_family                 第 5/5 次: 前沿 100 解，站点数 11–385
13:04:34 INFO    scheme_family              
13:04:34 INFO    scheme_family              ── 步骤 4：统一参考点下的对照 ──
13:04:50 INFO    scheme_family              
                approach  n_solutions  hypervolume  min_cost_1e8  min_unserved  min_inequity
    Scheme family (N=11)            4 1.547272e+19      3.158845  4.232741e+02      9.734187
     Fixed-N GA breeding          329 2.198567e+19      3.104299  4.232741e+02      9.237894
Free-cardinality NSGA-II          250 1.176232e+20      3.158845 -7.275958e-12      5.744149
13:04:50 INFO    scheme_family              
13:04:50 INFO    scheme_family              方案族中被**杂交结果支配**的：1/4（25%）
13:04:50 INFO    scheme_family              判读：若比例高，说明『杂交不同方案』确实产出了优于任一单目标方案的折中解——这正是该设计的价值所在；若为 0，说明方案族本身已在前沿上，杂交没有带来改进，应如实报告。
13:04:50 INFO    scheme_family              
13:04:50 INFO    scheme_family              ==============================================================================
13:04:50 INFO    scheme_family               完成。输出目录: evtol_siting\outputs\tables
13:04:50 INFO    scheme_family               文件: scheme_family.csv / scheme_family_ga_runs.csv / scheme_family_free_runs.csv / scheme_family_comparison.csv
13:04:50 INFO    scheme_family              ==============================================================================
18:50:33 INFO    scheme_family              ==============================================================================
18:50:33 INFO    scheme_family               固定规模方案族与保规模杂交     N = 11，data_mode = real
18:50:33 INFO    scheme_family              ==============================================================================
18:50:33 INFO    evtol_siting.pipeline      ============================================================
18:50:33 INFO    evtol_siting.pipeline      阶段一：基于 GIS 的候选起降场筛选
18:50:33 INFO    evtol_siting.pipeline      ============================================================
18:50:33 INFO    evtol_siting.pipeline      解析 PBF 提取包: sichuan-latest.osm.pbf
18:50:51 INFO    evtol_siting.data.pbf        已扫描 200000 个候选要素…
18:51:13 INFO    evtol_siting.data.pbf        已扫描 400000 个候选要素…
18:51:33 INFO    evtol_siting.data.pbf        已扫描 600000 个候选要素…
18:51:55 INFO    evtol_siting.data.pbf        已扫描 800000 个候选要素…
18:52:09 INFO    evtol_siting.data.pbf        buildings          69675 个要素
18:52:09 INFO    evtol_siting.data.pbf        poi                 8159 个要素
18:52:10 INFO    evtol_siting.data.pbf        roads              42272 个要素
18:52:10 INFO    evtol_siting.data.pbf        landuse             8430 个要素
18:52:10 INFO    evtol_siting.data.pbf        water               2252 个要素
18:52:10 INFO    evtol_siting.data.pbf        airports            1364 个要素
18:52:10 INFO    evtol_siting.data.pbf      PBF 解析完成（扫描 921830 个候选要素，输出 6 个图层）
18:52:10 INFO    evtol_siting.data.rasters  建筑高度栅格已存在: evtol_siting\data\raw\height\chengdu_building_height_10m.tif
18:52:16 INFO    evtol_siting.data.heights  高度栅格提供了 49162 栋建筑的高度（覆盖 70.6%）
18:52:16 INFO    evtol_siting.data.heights  分位数回归填补了 14650 栋建筑的高度（中位数 18.6 m）
18:52:16 INFO    evtol_siting.data.heights  高度融合结果（共 69675 栋）:
    raster_height     70.6%
    imputed           21.0%
    osm_levels         7.3%
    osm_height         1.1%
18:52:16 INFO    evtol_siting.data.heights      有标签覆盖率: 8.4% -> 融合后覆盖率: 100.0%
18:52:16 INFO    evtol_siting.data.rasters  人口栅格已存在: evtol_siting\data\raw\population\chengdu_population_100m.tif
18:52:16 INFO    evtol_siting.data.rasters  收入代理数据已存在: evtol_siting\data\raw\income\chengdu_income_proxy.gpkg
18:52:16 INFO    evtol_siting.pipeline      收入代理已载入: 6716 个点（EPSG:4326）
18:52:16 INFO    evtol_siting.data.rasters  DEM 已存在: evtol_siting\data\raw\dem\chengdu_dem_30m.tif
18:52:20 INFO    evtol_siting.data.rasters  坡度栅格已生成: evtol_siting\data\interim\chengdu_slope.tif
18:52:21 INFO    evtol_siting.geo           栅格化完成: 单元边长 500 m, 单元数 2519, 覆盖 629.8 km²
18:52:21 INFO    evtol_siting.stage1_candidates 屋顶型筛选: 1430 / 69675 栋建筑满足 h>=20m 且 A_roof>=1600m² (2.05%)
18:52:21 INFO    evtol_siting.stage1_candidates   排除 用地类型: 30 个单元（1.2%）
18:52:21 INFO    evtol_siting.stage1_candidates   排除 水域: 55 个单元（2.2%）
18:52:21 INFO    evtol_siting.stage1_candidates   建筑覆盖率判据 (max=0.55): 剔除 4 个单元（保留 2430）；覆盖率中位数 0.05
18:52:21 INFO    evtol_siting.stage1_candidates 坡度判据: 2419 / 2430 单元满足 slope<=15° (剔除 11)
18:52:21 INFO    evtol_siting.stage1_candidates 地面型筛选: 2419 个候选（用地排除 -100，坡度排除后）
18:52:22 INFO    evtol_siting.stage1_candidates 地面型候选已按路网可达性重新评分（中位距离 91 m）
18:52:22 INFO    evtol_siting.stage1_candidates 已为 1430 个缺少 cell_id 的候选（屋顶型）补齐所属栅格单元（补齐后 3759/3849 有 cell_id）
18:52:22 INFO    evtol_siting.stage1_candidates   90 个候选落在栅格之外，改用坐标分桶作为 cell_id
18:52:22 INFO    evtol_siting.stage1_candidates   口径 all_aeroway：1298 个非直升要素全部按运输机场处理
18:52:22 INFO    evtol_siting.stage1_candidates   机场净空区（含民用） (r=4000m): 剔除 1472 个候选（占 38.2%）
18:52:22 INFO    evtol_siting.stage1_candidates   既有直升机场 (r=1000m): 剔除 177 个候选（占 4.6%）
18:52:22 INFO    evtol_siting.stage1_candidates 安全排除后剩余 2334 个候选（原有 3849）
18:52:22 INFO    evtol_siting.stage1_candidates   [ground] 类别内稀释: 1571 -> 1571
18:52:22 INFO    evtol_siting.stage1_candidates   [rooftop] 类别内稀释: 693 -> 258
18:52:23 INFO    evtol_siting.stage1_candidates 密度稀释 (c_min=500m, 每栅格<=3): 2334 -> 1324 个候选 （配额 -70，类别内间距 -435，跨类别冲突 -505）；构成: {'ground': 1067, 'rooftop': 257}
18:52:23 INFO    evtol_siting.stage1_candidates 阶段一完成: 1324 个候选起降场（屋顶型 257，地面型 1067）
18:52:23 INFO    evtol_siting.pipeline      ============================================================
18:52:23 INFO    evtol_siting.pipeline      阶段二：K-means 人群分类与需求空间化
18:52:23 INFO    evtol_siting.pipeline      ============================================================
18:52:23 INFO    evtol_siting.data.dasymetric 人口栅格分辨率 80 m 细于需求格网 500 m —— 分区求和已是正确的格网人口总量，**体积重分配在此不产生作用**，直接使用分区求和。（体积权重的价值在于把人口摊到建筑上做更细的分析，需 force=True）
18:52:23 WARNING evtol_siting.data.dasymetric 退化为按分区求和（假设人口在格网内均匀分布）
18:52:34 INFO    evtol_siting.stage2_demand 人口分配方式对比（论文 Table 用）:
    method  total_population  n_nonzero_cells  mean_per_cell  std_per_cell       cv     max_cell  top1pct_share     gini
dasymetric      7.712263e+06             2517    3061.636823   2504.238782 0.817941 12360.637527       0.032418 0.458119
   uniform      7.712263e+06             2517    3061.636823   2504.238782 0.817941 12360.637527       0.032418 0.458119
18:52:34 INFO    evtol_siting.stage2_demand 人口: 合计 7712263 人，单元中位数 2567 人（来源: zonal_sum）
18:52:35 INFO    evtol_siting.stage2_demand 收入代理(RWI): 范围 [4.28, 94.31]，单元均值 28.593
18:52:35 INFO    evtol_siting.stage2_demand POI: 研究区内 7442 个，单元密度中位数 0 个/km²
18:52:41 INFO    evtol_siting.stage2_demand K 选择 (silhouette): K=5，得分 0.4742，各 K 得分 {3: 0.4713, 4: 0.4495, 5: 0.4742, 6: 0.4289, 7: 0.4336, 8: 0.4372}
18:52:42 INFO    evtol_siting.choice_model  收入阶梯（K=5）: 1,877  2,956  4,049  5,546  8,736
18:52:42 INFO    evtol_siting.choice_model  时间价值: 5.4  8.5  11.6  15.9  25.1 元/小时（对应月收入 1,877  2,956  4,049  5,546  8,736）
18:52:42 INFO    evtol_siting.choice_model  时间价值: 1.1  1.3  1.4  1.7  1.9  2.2  2.5  2.9  3.3  3.8  4.4  5.0  5.8  6.6  7.6  8.8  10.1  11.6  13.3  15.3  17.6  20.2  23.2  26.7 元/小时（对应月收入 379  435  500  575  661  760  873  1,003  1,153  1,325  1,523  1,751  2,012  2,312  2,657  3,054  3,510  4,034  4,636  5,328  6,124  7,038  8,088  9,296）
18:52:42 INFO    evtol_siting.choice_model  时间价值: 1.7  2.0  2.3  2.6  3.0  3.4  4.0  4.5  5.2  6.0  6.9  7.9  9.1  10.5  12.0  13.8  15.9  18.3  21.0  24.1  27.7  31.9  36.6  42.1 元/小时（对应月收入 597  686  788  906  1,041  1,197  1,375  1,581  1,816  2,088  2,399  2,757  3,169  3,642  4,186  4,810  5,529  6,354  7,302  8,392  9,645  11,085  12,739  14,641）
18:52:42 INFO    evtol_siting.choice_model  时间价值: 2.3  2.7  3.1  3.6  4.1  4.7  5.4  6.2  7.1  8.2  9.4  10.9  12.5  14.3  16.5  18.9  21.8  25.0  28.7  33.0  38.0  43.6  50.1  57.6 元/小时（对应月收入 817  940  1,080  1,241  1,426  1,639  1,884  2,165  2,488  2,859  3,286  3,777  4,341  4,989  5,733  6,589  7,573  8,703  10,002  11,495  13,211  15,183  17,450  20,055）
18:52:42 INFO    evtol_siting.choice_model  时间价值: 3.2  3.7  4.3  4.9  5.6  6.5  7.4  8.5  9.8  11.3  12.9  14.9  17.1  19.6  22.6  25.9  29.8  34.3  39.4  45.2  52.0  59.8  68.7  78.9 元/小时（对应月收入 1,120  1,287  1,479  1,700  1,954  2,245  2,580  2,965  3,408  3,917  4,502  5,173  5,946  6,833  7,853  9,026  10,373  11,921  13,701  15,746  18,097  20,798  23,902  27,470）
18:52:42 INFO    evtol_siting.choice_model  时间价值: 5.1  5.8  6.7  7.7  8.8  10.2  11.7  13.4  15.4  17.7  20.4  23.4  26.9  30.9  35.5  40.9  46.9  54.0  62.0  71.3  81.9  94.1  108.2  124.3 元/小时（对应月收入 1,764  2,027  2,330  2,677  3,077  3,536  4,064  4,671  5,368  6,169  7,090  8,149  9,365  10,763  12,369  14,216  16,338  18,777  21,580  24,801  28,503  32,758  37,648  43,267）
18:52:42 INFO    evtol_siting.choice_model  选择模型 [区域内积分（σ_within=0.4）]: 出行 15 km（单点），地面 55 分钟 / 57 元，eVTOL 24 分钟 / 130 元，节省 31 分钟；采用概率 0.0565–0.0865（类间比 1.53）
18:52:42 INFO    evtol_siting.choice_model  各类人群采用概率:
 cluster  monthly_income_cny  vot_cny_per_h  p_evtol  demand_rate
       3              1877.0           5.39  0.05645     0.005645
       0              2956.0           8.49  0.06033     0.006033
       1              4049.0          11.64  0.06455     0.006455
       2              5546.0          15.94  0.07085     0.007085
       4              8736.0          25.10  0.08655     0.008655
18:52:42 INFO    evtol_siting.stage2_demand K-means 聚类完成: K=5，总需求 50339 次/日，总人口 7712263 人
18:52:42 INFO    evtol_siting.stage2_demand 类画像:
 cluster  n_cells   population  income_mean  poi_density_mean  trip_rate  monthly_income_cny  vot_cny_per_h  p_evtol  demand_trips_per_day k_selection
       3      911 1.274286e+06    15.458149          1.242591   0.005645              1877.0           5.39  0.05645           7193.345774  silhouette
       0      916 2.953990e+06    31.667580          4.310044   0.006033              2956.0           8.49  0.06033          17821.419612  silhouette
       1      311 1.804357e+06    33.630300         41.273312   0.006455              4049.0          11.64  0.06455          11647.124043  silhouette
       2       81 5.478822e+05    40.350918        106.123457   0.007085              5546.0          15.94  0.07085           3881.745275  silhouette
       4      300 1.131748e+06    50.690864         10.853333   0.008655              8736.0          25.10  0.08655           9795.280187  silhouette
18:52:42 INFO    evtol_siting.pipeline      ============================================================
18:52:42 INFO    evtol_siting.pipeline      阶段三：0-1 整数规划选址
18:52:42 INFO    evtol_siting.pipeline      ============================================================
18:52:42 INFO    evtol_siting.stage3_ip     [cost_priority] 需求单元 2519 个（核心 1008 个，阈值 分位数 0.60（>=21.0 次/日）），候选 1324 个，接驳时间预算 15.0 分钟，设施上限 20
18:52:44 INFO    evtol_siting.stage3_ip     [cost_priority] 最优解: 10 个起降场，总成本 3.13 亿元，需求覆盖率 96.2%，人口覆盖率 95.9%（耗时 1.27s）
18:52:44 INFO    evtol_siting.stage3_ip     [coverage_priority] 需求单元 2519 个（核心 1008 个，阈值 分位数 0.60（>=21.0 次/日）），候选 1324 个，接驳时间预算 15.0 分钟，设施上限 35
18:52:44 INFO    evtol_siting.stage3_ip     [coverage_priority] 最优解: 10 个起降场，总成本 4.59 亿元，需求覆盖率 96.6%，人口覆盖率 96.2%（耗时 0.63s）
18:52:44 INFO    evtol_siting.stage3_ip     阶段三完成: 2 个情景求解成功（cost_priority=Optimal, coverage_priority=Optimal）
18:52:44 INFO    evtol_siting.stage4_nsga2  问题实例: 2519 个需求单元（核心 1008），1324 个候选；接驳预算 15.0 分钟；单点最大可覆盖 299 个核心单元（占核心 29.7%）
18:52:44 INFO    scheme_family              候选 1324 个，需求单元 2519 个，总需求 50339 次/日
18:52:44 INFO    scheme_family              
18:52:44 INFO    scheme_family              ── 步骤 1：固定 N=11 的方案族（不同目标 → 不同布局）──
18:52:44 INFO    evtol_siting.schemes       生成固定规模方案族: N=11，4 个目标
18:52:45 INFO    evtol_siting.schemes       [最低成本] N=11 固定规模: 11 站 | 总接驳 461410 分钟·次/日 | 最差人群 10.00 分钟 | 覆盖 96.7% | 成本 3.16 亿元 | 耗时 0.5s
18:56:57 INFO    evtol_siting.schemes       [最短接驳（距离最近）] N=11 固定规模: 11 站 | 总接驳 440819 分钟·次/日 | 最差人群 9.73 分钟 | 覆盖 96.8% | 成本 5.63 亿元 | 耗时 252.5s
18:58:02 INFO    evtol_siting.schemes       [最大覆盖] N=11 固定规模: 11 站 | 总接驳 491876 分钟·次/日 | 最差人群 10.21 分钟 | 覆盖 99.2% | 成本 5.50 亿元 | 耗时 64.5s
19:09:25 INFO    evtol_siting.schemes       [最均衡体验] N=11 固定规模: 11 站 | 总接驳 437037 分钟·次/日 | 最差人群 9.98 分钟 | 覆盖 95.9% | 成本 4.89 亿元 | 耗时 682.9s
19:09:25 INFO    evtol_siting.schemes       方案族生成完成: 4/4 成功
19:09:25 INFO    scheme_family              
19:09:25 INFO    scheme_family              方案族对照（论文表）:
19:09:25 INFO    scheme_family              
      name  n_sites  cost_1e8  total_access_time  demand_coverage_pct  worst_group_access_time_min
      最低成本       11     3.159        461410.2642              96.7278                       9.9980
最短接驳（距离最近）       11     5.632        440819.0451              96.8245                       9.7342
      最大覆盖       11     5.496        491876.1219              99.1749                      10.2074
     最均衡体验       11     4.893        437036.8597              95.8897                       9.9763
19:09:25 INFO    scheme_family              
19:09:25 INFO    scheme_family              方案族内部支配关系（行是否支配列）:
19:09:25 INFO    scheme_family                 最低成本             支配: （无）
19:09:25 INFO    scheme_family                 最短接驳（距离最近）       支配: （无）
19:09:25 INFO    scheme_family                 最大覆盖             支配: （无）
19:09:25 INFO    scheme_family                 最均衡体验            支配: （无）
19:09:25 INFO    scheme_family              
19:09:25 INFO    scheme_family              ── 步骤 2：保规模杂交（子代恒含 11 站，以方案族为初始种群）──
19:09:25 INFO    scheme_family              注入 4 个方案族个体作为初始种子
19:09:25 INFO    evtol_siting.nsga2_core    初始种群: 100 个个体 × 1324 维，站点数 恒为 11（固定规模模式，保规模算子）
19:11:17 INFO    scheme_family                 第 1/5 次: 前沿 100 解，站点数恒为 11: 是，耗时 112s
19:11:17 INFO    evtol_siting.nsga2_core    初始种群: 100 个个体 × 1324 维，站点数 恒为 11（固定规模模式，保规模算子）
19:13:10 INFO    scheme_family                 第 2/5 次: 前沿 100 解，站点数恒为 11: 是，耗时 113s
19:13:10 INFO    evtol_siting.nsga2_core    初始种群: 100 个个体 × 1324 维，站点数 恒为 11（固定规模模式，保规模算子）
19:14:46 INFO    scheme_family                 第 3/5 次: 前沿 100 解，站点数恒为 11: 是，耗时 96s
19:14:46 INFO    evtol_siting.nsga2_core    初始种群: 100 个个体 × 1324 维，站点数 恒为 11（固定规模模式，保规模算子）
19:16:26 INFO    scheme_family                 第 4/5 次: 前沿 100 解，站点数恒为 11: 是，耗时 99s
19:16:26 INFO    evtol_siting.nsga2_core    初始种群: 100 个个体 × 1324 维，站点数 恒为 11（固定规模模式，保规模算子）
19:18:09 INFO    scheme_family                 第 5/5 次: 前沿 100 解，站点数恒为 11: 是，耗时 104s
19:18:09 INFO    scheme_family                 ✓ 全部运行的解都恰好含 11 个站——保规模算子有效
19:18:09 INFO    scheme_family              
19:18:09 INFO    scheme_family              ── 步骤 3：对照（自由规模 NSGA-II，设施数由模型自定）──
19:18:09 INFO    evtol_siting.nsga2_core    初始种群: 100 个个体 × 1324 维，站点数 区间 (12, 400)（区间初始化，自由规模）
19:18:59 INFO    scheme_family                 第 1/5 次: 前沿 100 解，站点数 11–394
19:18:59 INFO    evtol_siting.nsga2_core    初始种群: 100 个个体 × 1324 维，站点数 区间 (12, 400)（区间初始化，自由规模）
19:19:51 INFO    scheme_family                 第 2/5 次: 前沿 100 解，站点数 11–391
19:19:51 INFO    evtol_siting.nsga2_core    初始种群: 100 个个体 × 1324 维，站点数 区间 (12, 400)（区间初始化，自由规模）
19:20:22 WARNING evtol_siting.nsga2_core    帕累托前沿在 100 代内**没有改进**（HV 5.994e+08 -> 5.994e+08）。可能原因：(1) 初始种群已被 IP 解锚定在最优附近；(2) 修复算子过强，压制了搜索空间；(3) 目标间无实质权衡。建议检查目标值分布是否退化。
19:20:22 INFO    scheme_family                 第 3/5 次: 前沿 100 解，站点数 11–393
19:20:22 INFO    evtol_siting.nsga2_core    初始种群: 100 个个体 × 1324 维，站点数 区间 (12, 400)（区间初始化，自由规模）
19:20:41 INFO    scheme_family                 第 4/5 次: 前沿 100 解，站点数 11–377
19:20:41 INFO    evtol_siting.nsga2_core    初始种群: 100 个个体 × 1324 维，站点数 区间 (12, 400)（区间初始化，自由规模）
19:21:01 INFO    scheme_family                 第 5/5 次: 前沿 100 解，站点数 11–387
19:21:01 INFO    scheme_family              
19:21:01 INFO    scheme_family              ── 步骤 4：统一参考点下的对照 ──
19:21:18 INFO    scheme_family              
                approach  n_solutions  hypervolume  min_cost_1e8  min_unserved  min_inequity
    Scheme family (N=11)            4 1.609731e+19      3.158845    415.334575      9.734187
     Fixed-N GA breeding          323 2.219218e+19      3.107873    415.334575      9.243266
Free-cardinality NSGA-II          295 1.126178e+20      3.158845      0.000000      5.744149
19:21:18 INFO    scheme_family              ==============================================================================
19:21:18 INFO    scheme_family               固定规模方案族与保规模杂交     N = 11，data_mode = real
19:21:18 INFO    scheme_family              ==============================================================================
19:21:18 INFO    scheme_family              
19:21:18 INFO    scheme_family              方案族中被**杂交结果支配**的：0/4（0%）
19:21:18 INFO    scheme_family              判读：若比例高，说明『杂交不同方案』确实产出了优于任一单目标方案的折中解——这正是该设计的价值所在；若为 0，说明方案族本身已在前沿上，杂交没有带来改进，应如实报告。
19:21:18 INFO    scheme_family              
19:21:18 INFO    scheme_family              ==============================================================================
19:21:18 INFO    scheme_family               完成。输出目录: evtol_siting\outputs\tables
19:21:18 INFO    scheme_family               文件: scheme_family.csv / scheme_family_ga_runs.csv / scheme_family_free_runs.csv / scheme_family_comparison.csv
19:21:18 INFO    scheme_family              ==============================================================================
19:21:18 INFO    evtol_siting.pipeline      ============================================================
19:21:18 INFO    evtol_siting.pipeline      阶段一：基于 GIS 的候选起降场筛选
19:21:18 INFO    evtol_siting.pipeline      ============================================================
19:21:18 INFO    evtol_siting.pipeline      解析 PBF 提取包: sichuan-latest.osm.pbf
19:21:26 INFO    evtol_siting.data.pbf        已扫描 200000 个候选要素…
19:21:35 INFO    evtol_siting.data.pbf        已扫描 400000 个候选要素…
19:21:43 INFO    evtol_siting.data.pbf        已扫描 600000 个候选要素…
19:21:52 INFO    evtol_siting.data.pbf        已扫描 800000 个候选要素…
19:21:58 INFO    evtol_siting.data.pbf        buildings          69675 个要素
19:21:58 INFO    evtol_siting.data.pbf        poi                 8159 个要素
19:21:59 INFO    evtol_siting.data.pbf        roads              42272 个要素
19:21:59 INFO    evtol_siting.data.pbf        landuse             8430 个要素
19:21:59 INFO    evtol_siting.data.pbf        water               2252 个要素
19:21:59 INFO    evtol_siting.data.pbf        airports            1364 个要素
19:21:59 INFO    evtol_siting.data.pbf      PBF 解析完成（扫描 921830 个候选要素，输出 6 个图层）
19:21:59 INFO    evtol_siting.data.rasters  建筑高度栅格已存在: evtol_siting\data\raw\height\chengdu_building_height_10m.tif
19:22:02 INFO    evtol_siting.data.heights  高度栅格提供了 49162 栋建筑的高度（覆盖 70.6%）
19:22:02 INFO    evtol_siting.data.heights  分位数回归填补了 14650 栋建筑的高度（中位数 18.6 m）
19:22:02 INFO    evtol_siting.data.heights  高度融合结果（共 69675 栋）:
    raster_height     70.6%
    imputed           21.0%
    osm_levels         7.3%
    osm_height         1.1%
19:22:02 INFO    evtol_siting.data.heights      有标签覆盖率: 8.4% -> 融合后覆盖率: 100.0%
19:22:02 INFO    evtol_siting.data.rasters  人口栅格已存在: evtol_siting\data\raw\population\chengdu_population_100m.tif
19:22:02 INFO    evtol_siting.data.rasters  收入代理数据已存在: evtol_siting\data\raw\income\chengdu_income_proxy.gpkg
19:22:02 INFO    evtol_siting.pipeline      收入代理已载入: 6716 个点（EPSG:4326）
19:22:02 INFO    evtol_siting.data.rasters  DEM 已存在: evtol_siting\data\raw\dem\chengdu_dem_30m.tif
19:22:05 INFO    evtol_siting.data.rasters  坡度栅格已生成: evtol_siting\data\interim\chengdu_slope.tif
19:22:05 INFO    evtol_siting.geo           栅格化完成: 单元边长 500 m, 单元数 2519, 覆盖 629.8 km²
19:22:05 INFO    evtol_siting.stage1_candidates 屋顶型筛选: 1430 / 69675 栋建筑满足 h>=20m 且 A_roof>=1600m² (2.05%)
19:22:05 INFO    evtol_siting.stage1_candidates   排除 用地类型: 30 个单元（1.2%）
19:22:05 INFO    evtol_siting.stage1_candidates   排除 水域: 55 个单元（2.2%）
19:22:05 INFO    evtol_siting.stage1_candidates   建筑覆盖率判据 (max=0.55): 剔除 4 个单元（保留 2430）；覆盖率中位数 0.05
19:22:06 INFO    evtol_siting.stage1_candidates 坡度判据: 2419 / 2430 单元满足 slope<=15° (剔除 11)
19:22:06 INFO    evtol_siting.stage1_candidates 地面型筛选: 2419 个候选（用地排除 -100，坡度排除后）
19:22:06 INFO    evtol_siting.stage1_candidates 地面型候选已按路网可达性重新评分（中位距离 91 m）
19:22:06 INFO    evtol_siting.stage1_candidates 已为 1430 个缺少 cell_id 的候选（屋顶型）补齐所属栅格单元（补齐后 3759/3849 有 cell_id）
19:22:06 INFO    evtol_siting.stage1_candidates   90 个候选落在栅格之外，改用坐标分桶作为 cell_id
19:22:06 INFO    evtol_siting.stage1_candidates   口径 all_aeroway：1298 个非直升要素全部按运输机场处理
19:22:06 INFO    evtol_siting.stage1_candidates   机场净空区（含民用） (r=4000m): 剔除 1472 个候选（占 38.2%）
19:22:06 INFO    evtol_siting.stage1_candidates   既有直升机场 (r=1000m): 剔除 177 个候选（占 4.6%）
19:22:06 INFO    evtol_siting.stage1_candidates 安全排除后剩余 2334 个候选（原有 3849）
19:22:06 INFO    evtol_siting.stage1_candidates   [ground] 类别内稀释: 1571 -> 1571
19:22:06 INFO    evtol_siting.stage1_candidates   [rooftop] 类别内稀释: 693 -> 258
19:22:06 INFO    evtol_siting.stage1_candidates 密度稀释 (c_min=500m, 每栅格<=3): 2334 -> 1324 个候选 （配额 -70，类别内间距 -435，跨类别冲突 -505）；构成: {'ground': 1067, 'rooftop': 257}
19:22:06 INFO    evtol_siting.stage1_candidates 阶段一完成: 1324 个候选起降场（屋顶型 257，地面型 1067）
19:22:06 INFO    evtol_siting.pipeline      ============================================================
19:22:06 INFO    evtol_siting.pipeline      阶段二：K-means 人群分类与需求空间化
19:22:06 INFO    evtol_siting.pipeline      ============================================================
19:22:06 INFO    evtol_siting.data.dasymetric 人口栅格分辨率 80 m 细于需求格网 500 m —— 分区求和已是正确的格网人口总量，**体积重分配在此不产生作用**，直接使用分区求和。（体积权重的价值在于把人口摊到建筑上做更细的分析，需 force=True）
19:22:06 WARNING evtol_siting.data.dasymetric 退化为按分区求和（假设人口在格网内均匀分布）
19:22:13 INFO    evtol_siting.stage2_demand 人口分配方式对比（论文 Table 用）:
    method  total_population  n_nonzero_cells  mean_per_cell  std_per_cell       cv     max_cell  top1pct_share     gini
dasymetric      7.712263e+06             2517    3061.636823   2504.238782 0.817941 12360.637527       0.032418 0.458119
   uniform      7.712263e+06             2517    3061.636823   2504.238782 0.817941 12360.637527       0.032418 0.458119
19:22:13 INFO    evtol_siting.stage2_demand 人口: 合计 7712263 人，单元中位数 2567 人（来源: zonal_sum）
19:22:14 INFO    evtol_siting.stage2_demand 收入代理(RWI): 范围 [4.28, 94.31]，单元均值 28.593
19:22:14 INFO    evtol_siting.stage2_demand POI: 研究区内 7442 个，单元密度中位数 0 个/km²
19:22:21 INFO    evtol_siting.stage2_demand K 选择 (silhouette): K=5，得分 0.4742，各 K 得分 {3: 0.4713, 4: 0.4495, 5: 0.4742, 6: 0.4289, 7: 0.4336, 8: 0.4372}
19:22:21 INFO    evtol_siting.choice_model  收入阶梯（K=5）: 1,877  2,956  4,049  5,546  8,736
19:22:21 INFO    evtol_siting.choice_model  时间价值: 5.4  8.5  11.6  15.9  25.1 元/小时（对应月收入 1,877  2,956  4,049  5,546  8,736）
19:22:21 INFO    evtol_siting.choice_model  时间价值: 1.1  1.3  1.4  1.7  1.9  2.2  2.5  2.9  3.3  3.8  4.4  5.0  5.8  6.6  7.6  8.8  10.1  11.6  13.3  15.3  17.6  20.2  23.2  26.7 元/小时（对应月收入 379  435  500  575  661  760  873  1,003  1,153  1,325  1,523  1,751  2,012  2,312  2,657  3,054  3,510  4,034  4,636  5,328  6,124  7,038  8,088  9,296）
19:22:21 INFO    evtol_siting.choice_model  时间价值: 1.7  2.0  2.3  2.6  3.0  3.4  4.0  4.5  5.2  6.0  6.9  7.9  9.1  10.5  12.0  13.8  15.9  18.3  21.0  24.1  27.7  31.9  36.6  42.1 元/小时（对应月收入 597  686  788  906  1,041  1,197  1,375  1,581  1,816  2,088  2,399  2,757  3,169  3,642  4,186  4,810  5,529  6,354  7,302  8,392  9,645  11,085  12,739  14,641）
19:22:21 INFO    evtol_siting.choice_model  时间价值: 2.3  2.7  3.1  3.6  4.1  4.7  5.4  6.2  7.1  8.2  9.4  10.9  12.5  14.3  16.5  18.9  21.8  25.0  28.7  33.0  38.0  43.6  50.1  57.6 元/小时（对应月收入 817  940  1,080  1,241  1,426  1,639  1,884  2,165  2,488  2,859  3,286  3,777  4,341  4,989  5,733  6,589  7,573  8,703  10,002  11,495  13,211  15,183  17,450  20,055）
19:22:21 INFO    evtol_siting.choice_model  时间价值: 3.2  3.7  4.3  4.9  5.6  6.5  7.4  8.5  9.8  11.3  12.9  14.9  17.1  19.6  22.6  25.9  29.8  34.3  39.4  45.2  52.0  59.8  68.7  78.9 元/小时（对应月收入 1,120  1,287  1,479  1,700  1,954  2,245  2,580  2,965  3,408  3,917  4,502  5,173  5,946  6,833  7,853  9,026  10,373  11,921  13,701  15,746  18,097  20,798  23,902  27,470）
19:22:21 INFO    evtol_siting.choice_model  时间价值: 5.1  5.8  6.7  7.7  8.8  10.2  11.7  13.4  15.4  17.7  20.4  23.4  26.9  30.9  35.5  40.9  46.9  54.0  62.0  71.3  81.9  94.1  108.2  124.3 元/小时（对应月收入 1,764  2,027  2,330  2,677  3,077  3,536  4,064  4,671  5,368  6,169  7,090  8,149  9,365  10,763  12,369  14,216  16,338  18,777  21,580  24,801  28,503  32,758  37,648  43,267）
19:22:21 INFO    evtol_siting.choice_model  选择模型 [区域内积分（σ_within=0.4）]: 出行 15 km（单点），地面 55 分钟 / 57 元，eVTOL 24 分钟 / 130 元，节省 31 分钟；采用概率 0.0565–0.0865（类间比 1.53）
19:22:21 INFO    evtol_siting.choice_model  各类人群采用概率:
 cluster  monthly_income_cny  vot_cny_per_h  p_evtol  demand_rate
       3              1877.0           5.39  0.05645     0.005645
       0              2956.0           8.49  0.06033     0.006033
       1              4049.0          11.64  0.06455     0.006455
       2              5546.0          15.94  0.07085     0.007085
       4              8736.0          25.10  0.08655     0.008655
19:22:21 INFO    evtol_siting.stage2_demand K-means 聚类完成: K=5，总需求 50339 次/日，总人口 7712263 人
19:22:21 INFO    evtol_siting.stage2_demand 类画像:
 cluster  n_cells   population  income_mean  poi_density_mean  trip_rate  monthly_income_cny  vot_cny_per_h  p_evtol  demand_trips_per_day k_selection
       3      911 1.274286e+06    15.458149          1.242591   0.005645              1877.0           5.39  0.05645           7193.345774  silhouette
       0      916 2.953990e+06    31.667580          4.310044   0.006033              2956.0           8.49  0.06033          17821.419612  silhouette
       1      311 1.804357e+06    33.630300         41.273312   0.006455              4049.0          11.64  0.06455          11647.124043  silhouette
       2       81 5.478822e+05    40.350918        106.123457   0.007085              5546.0          15.94  0.07085           3881.745275  silhouette
       4      300 1.131748e+06    50.690864         10.853333   0.008655              8736.0          25.10  0.08655           9795.280187  silhouette
19:22:21 INFO    evtol_siting.pipeline      ============================================================
19:22:21 INFO    evtol_siting.pipeline      阶段三：0-1 整数规划选址
19:22:21 INFO    evtol_siting.pipeline      ============================================================
19:22:21 INFO    evtol_siting.stage3_ip     [cost_priority] 需求单元 2519 个（核心 1008 个，阈值 分位数 0.60（>=21.0 次/日）），候选 1324 个，接驳时间预算 15.0 分钟，设施上限 20
19:22:22 INFO    evtol_siting.stage3_ip     [cost_priority] 最优解: 10 个起降场，总成本 3.13 亿元，需求覆盖率 96.2%，人口覆盖率 95.9%（耗时 1.11s）
19:22:23 INFO    evtol_siting.stage3_ip     [coverage_priority] 需求单元 2519 个（核心 1008 个，阈值 分位数 0.60（>=21.0 次/日）），候选 1324 个，接驳时间预算 15.0 分钟，设施上限 35
19:22:23 INFO    evtol_siting.stage3_ip     [coverage_priority] 最优解: 10 个起降场，总成本 4.59 亿元，需求覆盖率 96.6%，人口覆盖率 96.2%（耗时 0.47s）
19:22:23 INFO    evtol_siting.stage3_ip     阶段三完成: 2 个情景求解成功（cost_priority=Optimal, coverage_priority=Optimal）
19:22:23 INFO    evtol_siting.stage4_nsga2  问题实例: 2519 个需求单元（核心 1008），1324 个候选；接驳预算 15.0 分钟；单点最大可覆盖 299 个核心单元（占核心 29.7%）
19:22:23 INFO    scheme_family              候选 1324 个，需求单元 2519 个，总需求 50339 次/日
19:22:23 INFO    scheme_family              
19:22:23 INFO    scheme_family              ── 步骤 1：固定 N=11 的方案族（不同目标 → 不同布局）──
19:22:23 INFO    evtol_siting.schemes       生成固定规模方案族: N=11，4 个目标
19:22:23 INFO    evtol_siting.schemes       [最低成本] N=11 固定规模: 11 站 | 总接驳 461410 分钟·次/日 | 最差人群 10.00 分钟 | 覆盖 96.7% | 成本 3.16 亿元 | 耗时 0.3s
19:24:41 INFO    evtol_siting.schemes       [最短接驳（距离最近）] N=11 固定规模: 11 站 | 总接驳 440819 分钟·次/日 | 最差人群 9.73 分钟 | 覆盖 96.8% | 成本 5.63 亿元 | 耗时 137.6s
19:25:20 INFO    evtol_siting.schemes       [最大覆盖] N=11 固定规模: 11 站 | 总接驳 491876 分钟·次/日 | 最差人群 10.21 分钟 | 覆盖 99.2% | 成本 5.50 亿元 | 耗时 38.9s
19:36:06 INFO    evtol_siting.schemes       [最均衡体验] N=11 固定规模: 11 站 | 总接驳 434772 分钟·次/日 | 最差人群 9.88 分钟 | 覆盖 95.9% | 成本 5.01 亿元 | 耗时 645.9s
19:36:06 INFO    evtol_siting.schemes       方案族生成完成: 4/4 成功
19:36:06 INFO    scheme_family              
19:36:06 INFO    scheme_family              方案族对照（论文表）:
19:36:06 INFO    scheme_family              
      name  n_sites  cost_1e8  total_access_time  demand_coverage_pct  worst_group_access_time_min
      最低成本       11     3.159        461410.2642              96.7278                       9.9980
最短接驳（距离最近）       11     5.632        440819.0451              96.8245                       9.7342
      最大覆盖       11     5.496        491876.1219              99.1749                      10.2074
     最均衡体验       11     5.010        434772.4382              95.8636                       9.8816
19:36:06 INFO    scheme_family              
19:36:06 INFO    scheme_family              方案族内部支配关系（行是否支配列）:
19:36:06 INFO    scheme_family                 最低成本             支配: （无）
19:36:06 INFO    scheme_family                 最短接驳（距离最近）       支配: （无）
19:36:06 INFO    scheme_family                 最大覆盖             支配: （无）
19:36:06 INFO    scheme_family                 最均衡体验            支配: （无）
19:36:06 INFO    scheme_family              
19:36:06 INFO    scheme_family              ── 步骤 2：保规模杂交（子代恒含 11 站，以方案族为初始种群）──
19:36:06 INFO    scheme_family              注入 4 个方案族个体作为初始种子
19:36:06 INFO    evtol_siting.nsga2_core    初始种群: 100 个个体 × 1324 维，站点数 恒为 11（固定规模模式，保规模算子）
19:36:47 INFO    scheme_family                 第 1/5 次: 前沿 100 解，站点数恒为 11: 是，耗时 41s
19:36:47 INFO    evtol_siting.nsga2_core    初始种群: 100 个个体 × 1324 维，站点数 恒为 11（固定规模模式，保规模算子）
19:37:28 INFO    scheme_family                 第 2/5 次: 前沿 100 解，站点数恒为 11: 是，耗时 41s
19:37:28 INFO    evtol_siting.nsga2_core    初始种群: 100 个个体 × 1324 维，站点数 恒为 11（固定规模模式，保规模算子）
19:38:10 INFO    scheme_family                 第 3/5 次: 前沿 100 解，站点数恒为 11: 是，耗时 42s
19:38:10 INFO    evtol_siting.nsga2_core    初始种群: 100 个个体 × 1324 维，站点数 恒为 11（固定规模模式，保规模算子）
19:38:54 INFO    scheme_family                 第 4/5 次: 前沿 100 解，站点数恒为 11: 是，耗时 44s
19:38:54 INFO    evtol_siting.nsga2_core    初始种群: 100 个个体 × 1324 维，站点数 恒为 11（固定规模模式，保规模算子）
19:39:37 INFO    scheme_family                 第 5/5 次: 前沿 100 解，站点数恒为 11: 是，耗时 43s
19:39:37 INFO    scheme_family                 ✓ 全部运行的解都恰好含 11 个站——保规模算子有效
19:39:37 INFO    scheme_family              
19:39:37 INFO    scheme_family              ── 步骤 3：对照（自由规模 NSGA-II，设施数由模型自定）──
19:39:37 INFO    evtol_siting.nsga2_core    初始种群: 100 个个体 × 1324 维，站点数 区间 (12, 400)（区间初始化，自由规模）
19:39:57 INFO    scheme_family                 第 1/5 次: 前沿 100 解，站点数 11–396
19:39:57 INFO    evtol_siting.nsga2_core    初始种群: 100 个个体 × 1324 维，站点数 区间 (12, 400)（区间初始化，自由规模）
19:40:17 INFO    scheme_family                 第 2/5 次: 前沿 100 解，站点数 11–391
19:40:17 INFO    evtol_siting.nsga2_core    初始种群: 100 个个体 × 1324 维，站点数 区间 (12, 400)（区间初始化，自由规模）
19:40:52 WARNING evtol_siting.nsga2_core    帕累托前沿在 100 代内**没有改进**（HV 6.033e+08 -> 6.033e+08）。可能原因：(1) 初始种群已被 IP 解锚定在最优附近；(2) 修复算子过强，压制了搜索空间；(3) 目标间无实质权衡。建议检查目标值分布是否退化。
19:40:52 INFO    scheme_family                 第 3/5 次: 前沿 100 解，站点数 11–393
19:40:52 INFO    evtol_siting.nsga2_core    初始种群: 100 个个体 × 1324 维，站点数 区间 (12, 400)（区间初始化，自由规模）
19:41:27 INFO    scheme_family                 第 4/5 次: 前沿 100 解，站点数 11–404
19:41:27 INFO    evtol_siting.nsga2_core    初始种群: 100 个个体 × 1324 维，站点数 区间 (12, 400)（区间初始化，自由规模）
19:41:58 INFO    scheme_family                 第 5/5 次: 前沿 100 解，站点数 11–382
19:41:58 INFO    scheme_family              
19:41:58 INFO    scheme_family              ── 步骤 4：统一参考点下的对照 ──
19:42:26 INFO    scheme_family              
                approach  n_solutions  hypervolume  min_cost_1e8  min_unserved  min_inequity
    Scheme family (N=11)            4 1.376808e+19      3.158845    415.334575      9.734187
     Fixed-N GA breeding          316 1.934903e+19      3.100757    415.334575      9.207208
Free-cardinality NSGA-II          265 1.072817e+20      3.158845      0.000000      5.744149
19:42:26 INFO    scheme_family              
19:42:26 INFO    scheme_family              方案族中被**杂交结果支配**的：0/4（0%）
19:42:26 INFO    scheme_family              判读：若比例高，说明『杂交不同方案』确实产出了优于任一单目标方案的折中解——这正是该设计的价值所在；若为 0，说明方案族本身已在前沿上，杂交没有带来改进，应如实报告。
19:42:26 INFO    scheme_family              
19:42:26 INFO    scheme_family              ==============================================================================
19:42:26 INFO    scheme_family               完成。输出目录: evtol_siting\outputs\tables
19:42:26 INFO    scheme_family               文件: scheme_family.csv / scheme_family_ga_runs.csv / scheme_family_free_runs.csv / scheme_family_comparison.csv
19:42:26 INFO    scheme_family              ==============================================================================
20:04:20 INFO    scheme_family              ==============================================================================
20:04:20 INFO    scheme_family               固定规模方案族与保规模杂交     N = 10，data_mode = real
20:04:20 INFO    scheme_family              ==============================================================================
20:04:20 INFO    evtol_siting.pipeline      ============================================================
20:04:20 INFO    evtol_siting.pipeline      阶段一：基于 GIS 的候选起降场筛选
20:04:20 INFO    evtol_siting.pipeline      ============================================================
20:04:20 INFO    evtol_siting.pipeline      解析 PBF 提取包: sichuan-latest.osm.pbf
20:04:29 INFO    evtol_siting.data.pbf        已扫描 200000 个候选要素…
20:04:38 INFO    evtol_siting.data.pbf        已扫描 400000 个候选要素…
20:04:46 INFO    evtol_siting.data.pbf        已扫描 600000 个候选要素…
20:04:55 INFO    evtol_siting.data.pbf        已扫描 800000 个候选要素…
20:05:01 INFO    evtol_siting.data.pbf        buildings          69675 个要素
20:05:01 INFO    evtol_siting.data.pbf        poi                 8159 个要素
20:05:02 INFO    evtol_siting.data.pbf        roads              42272 个要素
20:05:02 INFO    evtol_siting.data.pbf        landuse             8430 个要素
20:05:02 INFO    evtol_siting.data.pbf        water               2252 个要素
20:05:02 INFO    evtol_siting.data.pbf        airports            1364 个要素
20:05:02 INFO    evtol_siting.data.pbf      PBF 解析完成（扫描 921830 个候选要素，输出 6 个图层）
20:05:02 INFO    evtol_siting.data.rasters  建筑高度栅格已存在: evtol_siting\data\raw\height\chengdu_building_height_10m.tif
20:05:04 INFO    evtol_siting.data.heights  高度栅格提供了 49162 栋建筑的高度（覆盖 70.6%）
20:05:04 INFO    evtol_siting.data.heights  分位数回归填补了 14650 栋建筑的高度（中位数 18.6 m）
20:05:04 INFO    evtol_siting.data.heights  高度融合结果（共 69675 栋）:
    raster_height     70.6%
    imputed           21.0%
    osm_levels         7.3%
    osm_height         1.1%
20:05:04 INFO    evtol_siting.data.heights      有标签覆盖率: 8.4% -> 融合后覆盖率: 100.0%
20:05:04 INFO    evtol_siting.data.rasters  人口栅格已存在: evtol_siting\data\raw\population\chengdu_population_100m.tif
20:05:04 INFO    evtol_siting.data.rasters  收入代理数据已存在: evtol_siting\data\raw\income\chengdu_income_proxy.gpkg
20:05:04 INFO    evtol_siting.pipeline      收入代理已载入: 6716 个点（EPSG:4326）
20:05:04 INFO    evtol_siting.data.rasters  DEM 已存在: evtol_siting\data\raw\dem\chengdu_dem_30m.tif
20:05:07 INFO    evtol_siting.data.rasters  坡度栅格已生成: evtol_siting\data\interim\chengdu_slope.tif
20:05:07 INFO    evtol_siting.geo           栅格化完成: 单元边长 500 m, 单元数 2519, 覆盖 629.8 km²
20:05:07 INFO    evtol_siting.stage1_candidates 屋顶型筛选: 1430 / 69675 栋建筑满足 h>=20m 且 A_roof>=1600m² (2.05%)
20:05:07 INFO    evtol_siting.stage1_candidates   排除 用地类型: 30 个单元（1.2%）
20:05:07 INFO    evtol_siting.stage1_candidates   排除 水域: 55 个单元（2.2%）
20:05:08 INFO    evtol_siting.stage1_candidates   建筑覆盖率判据 (max=0.55): 剔除 4 个单元（保留 2430）；覆盖率中位数 0.05
20:05:08 INFO    evtol_siting.stage1_candidates 坡度判据: 2419 / 2430 单元满足 slope<=15° (剔除 11)
20:05:08 INFO    evtol_siting.stage1_candidates 地面型筛选: 2419 个候选（用地排除 -100，坡度排除后）
20:05:08 INFO    evtol_siting.stage1_candidates 地面型候选已按路网可达性重新评分（中位距离 91 m）
20:05:08 INFO    evtol_siting.stage1_candidates 已为 1430 个缺少 cell_id 的候选（屋顶型）补齐所属栅格单元（补齐后 3759/3849 有 cell_id）
20:05:08 INFO    evtol_siting.stage1_candidates   90 个候选落在栅格之外，改用坐标分桶作为 cell_id
20:05:08 INFO    evtol_siting.stage1_candidates   口径 all_aeroway：1298 个非直升要素全部按运输机场处理
20:05:08 INFO    evtol_siting.stage1_candidates   机场净空区（含民用） (r=4000m): 剔除 1472 个候选（占 38.2%）
20:05:08 INFO    evtol_siting.stage1_candidates   既有直升机场 (r=1000m): 剔除 177 个候选（占 4.6%）
20:05:08 INFO    evtol_siting.stage1_candidates 安全排除后剩余 2334 个候选（原有 3849）
20:05:08 INFO    evtol_siting.stage1_candidates   [ground] 类别内稀释: 1571 -> 1571
20:05:08 INFO    evtol_siting.stage1_candidates   [rooftop] 类别内稀释: 693 -> 258
20:05:08 INFO    evtol_siting.stage1_candidates 密度稀释 (c_min=500m, 每栅格<=3): 2334 -> 1324 个候选 （配额 -70，类别内间距 -435，跨类别冲突 -505）；构成: {'ground': 1067, 'rooftop': 257}
20:05:08 INFO    evtol_siting.stage1_candidates 阶段一完成: 1324 个候选起降场（屋顶型 257，地面型 1067）
20:05:08 INFO    evtol_siting.pipeline      ============================================================
20:05:08 INFO    evtol_siting.pipeline      阶段二：K-means 人群分类与需求空间化
20:05:08 INFO    evtol_siting.pipeline      ============================================================
20:05:08 INFO    evtol_siting.data.dasymetric 人口栅格分辨率 80 m 细于需求格网 500 m —— 分区求和已是正确的格网人口总量，**体积重分配在此不产生作用**，直接使用分区求和。（体积权重的价值在于把人口摊到建筑上做更细的分析，需 force=True）
20:05:08 WARNING evtol_siting.data.dasymetric 退化为按分区求和（假设人口在格网内均匀分布）
20:05:13 INFO    evtol_siting.stage2_demand 人口分配方式对比（论文 Table 用）:
    method  total_population  n_nonzero_cells  mean_per_cell  std_per_cell       cv     max_cell  top1pct_share     gini
dasymetric      7.712263e+06             2517    3061.636823   2504.238782 0.817941 12360.637527       0.032418 0.458119
   uniform      7.712263e+06             2517    3061.636823   2504.238782 0.817941 12360.637527       0.032418 0.458119
20:05:13 INFO    evtol_siting.stage2_demand 人口: 合计 7712263 人，单元中位数 2567 人（来源: zonal_sum）
20:05:14 INFO    evtol_siting.stage2_demand 收入代理(RWI): 范围 [4.28, 94.31]，单元均值 28.593
20:05:14 INFO    evtol_siting.stage2_demand POI: 研究区内 7442 个，单元密度中位数 0 个/km²
20:05:17 INFO    evtol_siting.stage2_demand K 选择 (silhouette): K=5，得分 0.4742，各 K 得分 {3: 0.4713, 4: 0.4495, 5: 0.4742, 6: 0.4289, 7: 0.4336, 8: 0.4372}
20:05:17 INFO    evtol_siting.choice_model  收入阶梯（K=5）: 1,877  2,956  4,049  5,546  8,736
20:05:17 INFO    evtol_siting.choice_model  时间价值: 5.4  8.5  11.6  15.9  25.1 元/小时（对应月收入 1,877  2,956  4,049  5,546  8,736）
20:05:17 INFO    evtol_siting.choice_model  时间价值: 1.1  1.3  1.4  1.7  1.9  2.2  2.5  2.9  3.3  3.8  4.4  5.0  5.8  6.6  7.6  8.8  10.1  11.6  13.3  15.3  17.6  20.2  23.2  26.7 元/小时（对应月收入 379  435  500  575  661  760  873  1,003  1,153  1,325  1,523  1,751  2,012  2,312  2,657  3,054  3,510  4,034  4,636  5,328  6,124  7,038  8,088  9,296）
20:05:17 INFO    evtol_siting.choice_model  时间价值: 1.7  2.0  2.3  2.6  3.0  3.4  4.0  4.5  5.2  6.0  6.9  7.9  9.1  10.5  12.0  13.8  15.9  18.3  21.0  24.1  27.7  31.9  36.6  42.1 元/小时（对应月收入 597  686  788  906  1,041  1,197  1,375  1,581  1,816  2,088  2,399  2,757  3,169  3,642  4,186  4,810  5,529  6,354  7,302  8,392  9,645  11,085  12,739  14,641）
20:05:17 INFO    evtol_siting.choice_model  时间价值: 2.3  2.7  3.1  3.6  4.1  4.7  5.4  6.2  7.1  8.2  9.4  10.9  12.5  14.3  16.5  18.9  21.8  25.0  28.7  33.0  38.0  43.6  50.1  57.6 元/小时（对应月收入 817  940  1,080  1,241  1,426  1,639  1,884  2,165  2,488  2,859  3,286  3,777  4,341  4,989  5,733  6,589  7,573  8,703  10,002  11,495  13,211  15,183  17,450  20,055）
20:05:17 INFO    evtol_siting.choice_model  时间价值: 3.2  3.7  4.3  4.9  5.6  6.5  7.4  8.5  9.8  11.3  12.9  14.9  17.1  19.6  22.6  25.9  29.8  34.3  39.4  45.2  52.0  59.8  68.7  78.9 元/小时（对应月收入 1,120  1,287  1,479  1,700  1,954  2,245  2,580  2,965  3,408  3,917  4,502  5,173  5,946  6,833  7,853  9,026  10,373  11,921  13,701  15,746  18,097  20,798  23,902  27,470）
20:05:17 INFO    evtol_siting.choice_model  时间价值: 5.1  5.8  6.7  7.7  8.8  10.2  11.7  13.4  15.4  17.7  20.4  23.4  26.9  30.9  35.5  40.9  46.9  54.0  62.0  71.3  81.9  94.1  108.2  124.3 元/小时（对应月收入 1,764  2,027  2,330  2,677  3,077  3,536  4,064  4,671  5,368  6,169  7,090  8,149  9,365  10,763  12,369  14,216  16,338  18,777  21,580  24,801  28,503  32,758  37,648  43,267）
20:05:17 INFO    evtol_siting.choice_model  选择模型 [区域内积分（σ_within=0.4）]: 出行 15 km（单点），地面 55 分钟 / 57 元，eVTOL 24 分钟 / 130 元，节省 31 分钟；采用概率 0.0565–0.0865（类间比 1.53）
20:05:17 INFO    evtol_siting.choice_model  各类人群采用概率:
 cluster  monthly_income_cny  vot_cny_per_h  p_evtol  demand_rate
       3              1877.0           5.39  0.05645     0.005645
       0              2956.0           8.49  0.06033     0.006033
       1              4049.0          11.64  0.06455     0.006455
       2              5546.0          15.94  0.07085     0.007085
       4              8736.0          25.10  0.08655     0.008655
20:05:17 INFO    evtol_siting.stage2_demand K-means 聚类完成: K=5，总需求 50339 次/日，总人口 7712263 人
20:05:17 INFO    evtol_siting.stage2_demand 类画像:
 cluster  n_cells   population  income_mean  poi_density_mean  trip_rate  monthly_income_cny  vot_cny_per_h  p_evtol  demand_trips_per_day k_selection
       3      911 1.274286e+06    15.458149          1.242591   0.005645              1877.0           5.39  0.05645           7193.345774  silhouette
       0      916 2.953990e+06    31.667580          4.310044   0.006033              2956.0           8.49  0.06033          17821.419612  silhouette
       1      311 1.804357e+06    33.630300         41.273312   0.006455              4049.0          11.64  0.06455          11647.124043  silhouette
       2       81 5.478822e+05    40.350918        106.123457   0.007085              5546.0          15.94  0.07085           3881.745275  silhouette
       4      300 1.131748e+06    50.690864         10.853333   0.008655              8736.0          25.10  0.08655           9795.280187  silhouette
20:05:17 INFO    evtol_siting.pipeline      ============================================================
20:05:17 INFO    evtol_siting.pipeline      阶段三：0-1 整数规划选址
20:05:17 INFO    evtol_siting.pipeline      ============================================================
20:05:18 INFO    evtol_siting.stage3_ip     [cost_priority] 需求单元 2519 个（核心 1008 个，阈值 分位数 0.60（>=21.0 次/日）），候选 1324 个，接驳时间预算 15.0 分钟，设施上限 20
20:05:19 INFO    evtol_siting.stage3_ip     [cost_priority] 最优解: 10 个起降场，总成本 3.13 亿元，需求覆盖率 96.2%，人口覆盖率 95.9%（耗时 1.07s）
20:05:19 INFO    evtol_siting.stage3_ip     [coverage_priority] 需求单元 2519 个（核心 1008 个，阈值 分位数 0.60（>=21.0 次/日）），候选 1324 个，接驳时间预算 15.0 分钟，设施上限 35
20:05:19 INFO    evtol_siting.stage3_ip     [coverage_priority] 最优解: 10 个起降场，总成本 4.59 亿元，需求覆盖率 96.6%，人口覆盖率 96.2%（耗时 0.48s）
20:05:19 INFO    evtol_siting.stage3_ip     阶段三完成: 2 个情景求解成功（cost_priority=Optimal, coverage_priority=Optimal）
20:05:19 INFO    evtol_siting.stage4_nsga2  问题实例: 2519 个需求单元（核心 1008），1324 个候选；接驳预算 15.0 分钟；单点最大可覆盖 299 个核心单元（占核心 29.7%）
20:05:19 INFO    scheme_family              候选 1324 个，需求单元 2519 个，总需求 50339 次/日
20:05:19 INFO    scheme_family              
20:05:19 INFO    scheme_family              ── 步骤 1：固定 N=10 的方案族（不同目标 → 不同布局）──
20:05:19 INFO    evtol_siting.schemes       生成固定规模方案族: N=10，4 个目标
20:05:20 INFO    evtol_siting.schemes       [最低成本] N=10 固定规模: 10 站 | 总接驳 469162 分钟·次/日 | 最差人群 10.53 分钟 | 覆盖 96.2% | 成本 3.13 亿元 | 耗时 0.3s
20:05:51 INFO    evtol_siting.schemes       [最短接驳（距离最近）] N=10 固定规模: 10 站 | 总接驳 457821 分钟·次/日 | 最差人群 9.86 分钟 | 覆盖 96.6% | 成本 5.24 亿元 | 耗时 31.2s
20:06:02 INFO    evtol_siting.schemes       [最大覆盖] N=10 固定规模: 10 站 | 总接驳 497838 分钟·次/日 | 最差人群 10.41 分钟 | 覆盖 98.4% | 成本 4.68 亿元 | 耗时 11.2s
20:17:26 INFO    evtol_siting.schemes       [最均衡体验] N=10 固定规模: 10 站 | 总接驳 449347 分钟·次/日 | 最差人群 9.90 分钟 | 覆盖 95.8% | 成本 4.70 亿元 | 耗时 683.6s
20:17:26 INFO    evtol_siting.schemes       方案族生成完成: 4/4 成功
20:17:26 INFO    scheme_family              
20:17:26 INFO    scheme_family              方案族对照（论文表）:
20:17:26 INFO    scheme_family              
      name  n_sites  cost_1e8  total_access_time  demand_coverage_pct  worst_group_access_time_min
      最低成本       10     3.128        469162.4091              96.1880                      10.5277
最短接驳（距离最近）       10     5.241        457821.4701              96.6327                       9.8569
      最大覆盖       10     4.681        497838.1600              98.4470                      10.4104
     最均衡体验       10     4.695        449346.5618              95.7627                       9.9026
20:17:26 INFO    scheme_family              
20:17:26 INFO    scheme_family              方案族内部支配关系（行是否支配列）:
20:17:26 INFO    scheme_family                 最低成本             支配: （无）
20:17:26 INFO    scheme_family                 最短接驳（距离最近）       支配: （无）
20:17:26 INFO    scheme_family                 最大覆盖             支配: （无）
20:17:26 INFO    scheme_family                 最均衡体验            支配: （无）
20:17:26 INFO    scheme_family              
20:17:26 INFO    scheme_family              ── 步骤 2：保规模杂交（子代恒含 10 站，以方案族为初始种群）──
20:17:26 INFO    scheme_family              注入 4 个方案族个体作为初始种子
20:17:26 INFO    evtol_siting.nsga2_core    初始种群: 100 个个体 × 1324 维，站点数 恒为 10（固定规模模式，保规模算子）
20:19:07 INFO    scheme_family                 第 1/5 次: 前沿 100 解，站点数恒为 10: 是，耗时 101s
20:19:07 INFO    evtol_siting.nsga2_core    初始种群: 100 个个体 × 1324 维，站点数 恒为 10（固定规模模式，保规模算子）
20:20:55 INFO    scheme_family                 第 2/5 次: 前沿 100 解，站点数恒为 10: 是，耗时 108s
20:20:55 INFO    evtol_siting.nsga2_core    初始种群: 100 个个体 × 1324 维，站点数 恒为 10（固定规模模式，保规模算子）
20:22:00 INFO    scheme_family                 第 3/5 次: 前沿 100 解，站点数恒为 10: 是，耗时 65s
20:22:00 INFO    evtol_siting.nsga2_core    初始种群: 100 个个体 × 1324 维，站点数 恒为 10（固定规模模式，保规模算子）
20:23:27 INFO    scheme_family                 第 4/5 次: 前沿 100 解，站点数恒为 10: 是，耗时 87s
20:23:27 INFO    evtol_siting.nsga2_core    初始种群: 100 个个体 × 1324 维，站点数 恒为 10（固定规模模式，保规模算子）
20:24:13 INFO    scheme_family                 第 5/5 次: 前沿 100 解，站点数恒为 10: 是，耗时 46s
20:24:13 INFO    scheme_family                 ✓ 全部运行的解都恰好含 10 个站——保规模算子有效
20:24:13 INFO    scheme_family              
20:24:13 INFO    scheme_family              ── 步骤 3：对照（自由规模 NSGA-II，设施数由模型自定）──
20:24:13 INFO    evtol_siting.nsga2_core    初始种群: 100 个个体 × 1324 维，站点数 区间 (12, 400)（区间初始化，自由规模）
20:24:33 INFO    scheme_family                 第 1/5 次: 前沿 100 解，站点数 10–394
20:24:33 INFO    evtol_siting.nsga2_core    初始种群: 100 个个体 × 1324 维，站点数 区间 (12, 400)（区间初始化，自由规模）
20:24:53 INFO    scheme_family                 第 2/5 次: 前沿 100 解，站点数 10–390
20:24:53 INFO    evtol_siting.nsga2_core    初始种群: 100 个个体 × 1324 维，站点数 区间 (12, 400)（区间初始化，自由规模）
20:25:15 INFO    scheme_family                 第 3/5 次: 前沿 100 解，站点数 10–394
20:25:15 INFO    evtol_siting.nsga2_core    初始种群: 100 个个体 × 1324 维，站点数 区间 (12, 400)（区间初始化，自由规模）
20:25:36 INFO    scheme_family                 第 4/5 次: 前沿 100 解，站点数 10–405
20:25:36 INFO    evtol_siting.nsga2_core    初始种群: 100 个个体 × 1324 维，站点数 区间 (12, 400)（区间初始化，自由规模）
20:25:56 INFO    scheme_family                 第 5/5 次: 前沿 100 解，站点数 10–383
20:25:56 INFO    scheme_family              
20:25:56 INFO    scheme_family              ── 步骤 4：统一参考点下的对照 ──
20:26:13 INFO    scheme_family              
                approach  n_solutions  hypervolume  min_cost_1e8  min_unserved  min_inequity
    Scheme family (N=10)            4 1.926503e+19      3.127838    781.743607      9.856935
     Fixed-N GA breeding          310 2.796298e+19      2.686238    781.743607      9.403317
Free-cardinality NSGA-II          267 1.576912e+20      3.127838      0.000000      5.744149
20:26:13 INFO    scheme_family              
20:26:13 INFO    scheme_family              方案族中被**杂交结果支配**的：1/4（25%）
20:26:13 INFO    scheme_family              判读：若比例高，说明『杂交不同方案』确实产出了优于任一单目标方案的折中解——这正是该设计的价值所在；若为 0，说明方案族本身已在前沿上，杂交没有带来改进，应如实报告。
20:26:13 INFO    scheme_family              
20:26:13 INFO    scheme_family              ==============================================================================
20:26:13 INFO    scheme_family               完成。输出目录: evtol_siting\outputs\tables
20:26:13 INFO    scheme_family               文件: scheme_family.csv / scheme_family_ga_runs.csv / scheme_family_free_runs.csv / scheme_family_comparison.csv
20:26:13 INFO    scheme_family              ==============================================================================
06:13:10 INFO    scheme_family              ==============================================================================
06:13:10 INFO    scheme_family               固定规模方案族与保规模杂交     N = 10，data_mode = real
06:13:10 INFO    scheme_family              ==============================================================================
06:13:10 INFO    evtol_siting.pipeline      ============================================================
06:13:10 INFO    evtol_siting.pipeline      阶段一：基于 GIS 的候选起降场筛选
06:13:10 INFO    evtol_siting.pipeline      ============================================================
06:13:10 INFO    evtol_siting.pipeline      解析 PBF 提取包: sichuan-latest.osm.pbf
06:13:32 INFO    evtol_siting.data.pbf        已扫描 200000 个候选要素…
06:14:00 INFO    evtol_siting.data.pbf        已扫描 400000 个候选要素…
06:14:26 INFO    evtol_siting.data.pbf        已扫描 600000 个候选要素…
06:14:51 INFO    evtol_siting.data.pbf        已扫描 800000 个候选要素…
06:15:16 INFO    evtol_siting.data.pbf        已扫描 1000000 个候选要素…
06:15:36 INFO    evtol_siting.data.pbf        已扫描 1200000 个候选要素…
06:15:45 INFO    evtol_siting.data.pbf        buildings          70006 个要素
06:15:46 INFO    evtol_siting.data.pbf        poi                 8159 个要素
06:15:46 INFO    evtol_siting.data.pbf        roads              42272 个要素
06:15:47 INFO    evtol_siting.data.pbf        landuse             8605 个要素
06:15:47 INFO    evtol_siting.data.pbf        water               3671 个要素
06:15:47 INFO    evtol_siting.data.pbf        airports            1365 个要素
06:15:47 INFO    evtol_siting.data.pbf      PBF 解析完成（扫描 1271295 个候选要素，装配并保留 79825 个面要素，丢弃 0 个非法几何，输出 6 个图层）
06:15:47 INFO    evtol_siting.data.rasters  建筑高度栅格已存在: evtol_siting\data\raw\height\chengdu_building_height_10m.tif
06:15:53 INFO    evtol_siting.data.heights  高度栅格提供了 49323 栋建筑的高度（覆盖 70.5%）
06:15:53 INFO    evtol_siting.data.heights  分位数回归填补了 14740 栋建筑的高度（中位数 18.6 m）
06:15:53 INFO    evtol_siting.data.heights  高度融合结果（共 70006 栋）:
    raster_height     70.5%
    imputed           21.1%
    osm_levels         7.3%
    osm_height         1.2%
06:15:53 INFO    evtol_siting.data.heights  各来源的栋数与高度分布（论文 §3.3 引用这些数）:
                   n  median  mean   std
src                                     
raster_height  49323   18.65 19.44  5.25
imputed        14740   18.60 18.42  1.34
osm_levels      5100   14.10 29.66 34.60
osm_height       843   20.00 34.44 47.47
06:15:53 INFO    evtol_siting.data.heights      合计 70006 栋（逐来源栋数之和必须等于此数）
06:15:58 INFO    evtol_siting.data.heights  §3.3 诊断（同口径，均为 CNBH 栅格实测）: 带 OSM 高度标签 5352 栋，中位数 23.0 m，均值 22.9 m
06:15:58 INFO    evtol_siting.data.heights  §3.3 诊断（同口径，均为 CNBH 栅格实测）: 无 OSM 高度标签 49323 栋，中位数 18.6 m，均值 19.4 m
06:15:58 INFO    evtol_siting.data.heights      （两个子集的中位数之差即 §3.3 所述的选择偏差；差值方向应为正值——标签偏向更高建筑）
06:15:58 INFO    evtol_siting.data.heights      有标签覆盖率: 8.5% -> 融合后覆盖率: 100.0%
06:15:58 INFO    evtol_siting.data.rasters  人口栅格已存在: evtol_siting\data\raw\population\chengdu_population_100m.tif
06:15:58 INFO    evtol_siting.data.rasters  收入代理数据已存在: evtol_siting\data\raw\income\chengdu_income_proxy.gpkg
06:15:58 INFO    evtol_siting.pipeline      收入代理已载入: 6716 个点（EPSG:4326）
06:15:58 INFO    evtol_siting.data.rasters  DEM 已存在: evtol_siting\data\raw\dem\chengdu_dem_30m.tif
06:16:04 INFO    evtol_siting.data.rasters  坡度栅格已生成: evtol_siting\data\interim\chengdu_slope.tif
06:16:04 INFO    evtol_siting.geo           栅格化完成: 单元边长 500 m, 单元数 2519, 覆盖 629.8 km²
06:16:04 INFO    evtol_siting.stage1_candidates 屋顶型筛选: 1517 / 70006 栋建筑满足 h>=20m 且 A_roof>=1600m² (2.17%)
06:16:04 INFO    evtol_siting.stage1_candidates   排除 用地类型: 35 个单元（1.4%）
06:16:04 INFO    evtol_siting.stage1_candidates   排除 水域: 62 个单元（2.5%）
06:16:04 INFO    evtol_siting.stage1_candidates   建筑覆盖率判据 (max=0.55): 剔除 6 个单元（保留 2416）；覆盖率中位数 0.05
06:16:05 INFO    evtol_siting.stage1_candidates 坡度判据: 2405 / 2416 单元满足 slope<=15° (剔除 11)
06:16:05 INFO    evtol_siting.stage1_candidates 地面型筛选: 2405 个候选（用地排除 -114，坡度排除后）
06:16:05 INFO    evtol_siting.stage1_candidates 地面型候选已按路网可达性重新评分（中位距离 91 m）
06:16:05 INFO    evtol_siting.stage1_candidates 已为 1517 个缺少 cell_id 的候选（屋顶型）补齐所属栅格单元（补齐后 3818/3922 有 cell_id）
06:16:05 INFO    evtol_siting.stage1_candidates   104 个候选落在栅格之外，改用坐标分桶作为 cell_id
06:16:05 INFO    evtol_siting.stage1_candidates   口径 all_aeroway：1299 个非直升要素全部按运输机场处理
06:16:05 INFO    evtol_siting.stage1_candidates   机场净空区（含民用） (r=4000m): 剔除 1498 个候选（占 38.2%）
06:16:05 INFO    evtol_siting.stage1_candidates   既有直升机场 (r=1000m): 剔除 179 个候选（占 4.6%）
06:16:05 INFO    evtol_siting.stage1_candidates 安全排除后剩余 2381 个候选（原有 3922）
06:16:05 INFO    evtol_siting.stage1_candidates   [ground] 类别内稀释: 1560 -> 1560
06:16:05 INFO    evtol_siting.stage1_candidates   [rooftop] 类别内稀释: 745 -> 269
06:16:06 INFO    evtol_siting.stage1_candidates 密度稀释 (c_min=500m, 每栅格<=3): 2381 -> 1315 个候选 （配额 -76，类别内间距 -476，跨类别冲突 -514）；构成: {'ground': 1051, 'rooftop': 264}
06:16:06 INFO    evtol_siting.stage1_candidates 阶段一完成: 1315 个候选起降场（屋顶型 264，地面型 1051）
06:16:06 INFO    evtol_siting.pipeline      ============================================================
06:16:06 INFO    evtol_siting.pipeline      阶段二：K-means 人群分类与需求空间化
06:16:06 INFO    evtol_siting.pipeline      ============================================================
06:16:06 INFO    evtol_siting.data.dasymetric 人口栅格分辨率 80 m 细于需求格网 500 m —— 分区求和已是正确的格网人口总量，**体积重分配在此不产生作用**，直接使用分区求和。（体积权重的价值在于把人口摊到建筑上做更细的分析，需 force=True）
06:16:06 WARNING evtol_siting.data.dasymetric 退化为按分区求和（假设人口在格网内均匀分布）
06:16:18 INFO    evtol_siting.stage2_demand 人口分配方式对比（论文 Table 用）:
    method  total_population  n_nonzero_cells  mean_per_cell  std_per_cell       cv     max_cell  top1pct_share     gini
dasymetric      7.712263e+06             2517    3061.636823   2504.238782 0.817941 12360.637527       0.032418 0.458119
   uniform      7.712263e+06             2517    3061.636823   2504.238782 0.817941 12360.637527       0.032418 0.458119
06:16:18 INFO    evtol_siting.stage2_demand 人口: 合计 7712263 人，单元中位数 2567 人（来源: zonal_sum）
06:16:18 INFO    evtol_siting.stage2_demand 收入代理(RWI): 范围 [4.28, 94.31]，单元均值 28.593
06:16:18 INFO    evtol_siting.stage2_demand POI: 研究区内 7442 个，单元密度中位数 0 个/km²
06:16:24 INFO    evtol_siting.stage2_demand K 选择 (silhouette): K=5，得分 0.4742，各 K 得分 {3: 0.4713, 4: 0.4495, 5: 0.4742, 6: 0.4289, 7: 0.4336, 8: 0.4372}
06:16:24 INFO    evtol_siting.choice_model  收入阶梯（K=5）: 1,877  2,956  4,049  5,546  8,736
06:16:24 INFO    evtol_siting.choice_model  时间价值: 5.4  8.5  11.6  15.9  25.1 元/小时（对应月收入 1,877  2,956  4,049  5,546  8,736）
06:16:24 INFO    evtol_siting.choice_model  时间价值: 1.1  1.3  1.4  1.7  1.9  2.2  2.5  2.9  3.3  3.8  4.4  5.0  5.8  6.6  7.6  8.8  10.1  11.6  13.3  15.3  17.6  20.2  23.2  26.7 元/小时（对应月收入 379  435  500  575  661  760  873  1,003  1,153  1,325  1,523  1,751  2,012  2,312  2,657  3,054  3,510  4,034  4,636  5,328  6,124  7,038  8,088  9,296）
06:16:24 INFO    evtol_siting.choice_model  时间价值: 1.7  2.0  2.3  2.6  3.0  3.4  4.0  4.5  5.2  6.0  6.9  7.9  9.1  10.5  12.0  13.8  15.9  18.3  21.0  24.1  27.7  31.9  36.6  42.1 元/小时（对应月收入 597  686  788  906  1,041  1,197  1,375  1,581  1,816  2,088  2,399  2,757  3,169  3,642  4,186  4,810  5,529  6,354  7,302  8,392  9,645  11,085  12,739  14,641）
06:16:24 INFO    evtol_siting.choice_model  时间价值: 2.3  2.7  3.1  3.6  4.1  4.7  5.4  6.2  7.1  8.2  9.4  10.9  12.5  14.3  16.5  18.9  21.8  25.0  28.7  33.0  38.0  43.6  50.1  57.6 元/小时（对应月收入 817  940  1,080  1,241  1,426  1,639  1,884  2,165  2,488  2,859  3,286  3,777  4,341  4,989  5,733  6,589  7,573  8,703  10,002  11,495  13,211  15,183  17,450  20,055）
06:16:24 INFO    evtol_siting.choice_model  时间价值: 3.2  3.7  4.3  4.9  5.6  6.5  7.4  8.5  9.8  11.3  12.9  14.9  17.1  19.6  22.6  25.9  29.8  34.3  39.4  45.2  52.0  59.8  68.7  78.9 元/小时（对应月收入 1,120  1,287  1,479  1,700  1,954  2,245  2,580  2,965  3,408  3,917  4,502  5,173  5,946  6,833  7,853  9,026  10,373  11,921  13,701  15,746  18,097  20,798  23,902  27,470）
06:16:24 INFO    evtol_siting.choice_model  时间价值: 5.1  5.8  6.7  7.7  8.8  10.2  11.7  13.4  15.4  17.7  20.4  23.4  26.9  30.9  35.5  40.9  46.9  54.0  62.0  71.3  81.9  94.1  108.2  124.3 元/小时（对应月收入 1,764  2,027  2,330  2,677  3,077  3,536  4,064  4,671  5,368  6,169  7,090  8,149  9,365  10,763  12,369  14,216  16,338  18,777  21,580  24,801  28,503  32,758  37,648  43,267）
06:16:24 INFO    evtol_siting.choice_model  选择模型 [区域内积分（σ_within=0.4）]: 出行 15 km（单点），地面 55 分钟 / 57 元，eVTOL 24 分钟 / 130 元，节省 31 分钟；采用概率 0.0565–0.0865（类间比 1.53）
06:16:24 INFO    evtol_siting.choice_model  各类人群采用概率:
 cluster  monthly_income_cny  vot_cny_per_h  p_evtol  demand_rate
       3              1877.0           5.39  0.05645     0.005645
       0              2956.0           8.49  0.06033     0.006033
       1              4049.0          11.64  0.06455     0.006455
       2              5546.0          15.94  0.07085     0.007085
       4              8736.0          25.10  0.08655     0.008655
06:16:24 INFO    evtol_siting.stage2_demand K-means 聚类完成: K=5，总需求 50339 次/日，总人口 7712263 人
06:16:24 INFO    evtol_siting.stage2_demand 类画像:
 cluster  n_cells   population  income_mean  poi_density_mean  trip_rate  monthly_income_cny  vot_cny_per_h  p_evtol  demand_trips_per_day k_selection
       3      911 1.274286e+06    15.458149          1.242591   0.005645              1877.0           5.39  0.05645           7193.345774  silhouette
       0      916 2.953990e+06    31.667580          4.310044   0.006033              2956.0           8.49  0.06033          17821.419612  silhouette
       1      311 1.804357e+06    33.630300         41.273312   0.006455              4049.0          11.64  0.06455          11647.124043  silhouette
       2       81 5.478822e+05    40.350918        106.123457   0.007085              5546.0          15.94  0.07085           3881.745275  silhouette
       4      300 1.131748e+06    50.690864         10.853333   0.008655              8736.0          25.10  0.08655           9795.280187  silhouette
06:16:24 INFO    evtol_siting.pipeline      ============================================================
06:16:24 INFO    evtol_siting.pipeline      阶段三：0-1 整数规划选址
06:16:24 INFO    evtol_siting.pipeline      ============================================================
06:16:25 INFO    evtol_siting.stage3_ip     [cost_priority] 需求单元 2519 个（核心 1008 个，阈值 分位数 0.60（>=21.0 次/日）），候选 1315 个，接驳时间预算 15.0 分钟，设施上限 20
06:16:25 INFO    evtol_siting.solver_status [cost_priority] 已证明最优（相对间隙 <= 1e-09）
06:16:25 INFO    evtol_siting.stage3_ip     [cost_priority] 解: 11 个起降场，总成本 3.14 亿元，需求覆盖率 96.1%，人口覆盖率 95.8%，核心覆盖率 100.0%（耗时 0.58s，已证明最优）
06:16:26 INFO    evtol_siting.stage3_ip     [coverage_priority] 需求单元 2519 个（核心 1008 个，阈值 分位数 0.60（>=21.0 次/日）），候选 1315 个，接驳时间预算 15.0 分钟，设施上限 35
06:16:26 INFO    evtol_siting.solver_status [coverage_priority] 已证明最优（相对间隙 <= 1e-09）
06:16:26 INFO    evtol_siting.stage3_ip     [coverage_priority] 解: 10 个起降场，总成本 5.45 亿元，需求覆盖率 96.7%，人口覆盖率 96.5%，核心覆盖率 100.0%（耗时 0.56s，已证明最优）
06:16:26 INFO    evtol_siting.stage3_ip     阶段三完成: 2 个情景求解成功（cost_priority=Optimal, coverage_priority=Optimal）
06:16:26 INFO    evtol_siting.stage4_nsga2  问题实例: 2519 个需求单元（核心 1008），1315 个候选；接驳预算 15.0 分钟；单点最大可覆盖 299 个核心单元（占核心 29.7%）
06:16:26 INFO    scheme_family              候选 1315 个，需求单元 2519 个，总需求 50339 次/日
06:16:26 INFO    scheme_family              
06:16:26 INFO    scheme_family              ── 步骤 1：固定 N=10 的方案族（不同目标 → 不同布局）──
06:16:26 INFO    evtol_siting.schemes       生成固定规模方案族: N=10，4 个目标
06:16:27 INFO    evtol_siting.solver_status [最低成本] 已证明最优（相对间隙 <= 1e-09）
06:16:27 INFO    evtol_siting.schemes       [最低成本] N=10 固定规模: 10 站 | 总接驳 461307 分钟·次/日 | 最差人群 10.04 分钟 | 覆盖 95.7% | 成本 3.21 亿元 | 耗时 1.3s
06:19:34 INFO    evtol_siting.solver_status [最短接驳（距离最近）] 已证明最优（相对间隙 <= 1e-09）
06:19:34 INFO    evtol_siting.schemes       [最短接驳（距离最近）] N=10 固定规模: 10 站 | 总接驳 453744 分钟·次/日 | 最差人群 9.75 分钟 | 覆盖 96.2% | 成本 4.53 亿元 | 耗时 186.1s
06:20:08 INFO    evtol_siting.solver_status [最大覆盖] 已证明最优（相对间隙 <= 1e-09）
06:20:08 INFO    evtol_siting.schemes       [最大覆盖] N=10 固定规模: 10 站 | 总接驳 496436 分钟·次/日 | 最差人群 10.36 分钟 | 覆盖 98.4% | 成本 4.68 亿元 | 耗时 33.9s
06:30:58 WARNING evtol_siting.solver_status [最均衡体验] 未证明最优：相对间隙 不可读（可能为纯 LP） —— 返回当前最好解。论文引用该结果时须写成「求解至相对间隙 X%」而非「最优」。
06:30:58 INFO    evtol_siting.schemes       [最均衡体验] N=10 固定规模: 10 站 | 总接驳 455382 分钟·次/日 | 最差人群 9.61 分钟 | 覆盖 96.1% | 成本 4.99 亿元 | 耗时 650.1s
06:30:58 WARNING evtol_siting.schemes       方案 '最均衡体验' 不可行（status=Feasible，N=10 可能过小），已剔除
06:30:58 INFO    evtol_siting.schemes       方案族生成完成: 3/4 成功；失败: 最均衡体验
06:30:58 INFO    scheme_family              
06:30:58 INFO    scheme_family              方案族对照（论文表）:
06:30:58 INFO    scheme_family              
      name  n_sites  cost_1e8  total_access_time  demand_coverage_pct  worst_group_access_time_min
      最低成本       10     3.211        461307.0134              95.6999                      10.0382
最短接驳（距离最近）       10     4.530        453744.0917              96.2053                       9.7503
      最大覆盖       10     4.681        496436.2396              98.4470                      10.3593
06:30:58 INFO    scheme_family              
06:30:58 INFO    scheme_family              方案族内部支配关系（行是否支配列）:
06:30:58 INFO    scheme_family                 最低成本             支配: （无）
06:30:58 INFO    scheme_family                 最短接驳（距离最近）       支配: （无）
06:30:58 INFO    scheme_family                 最大覆盖             支配: （无）
06:30:58 INFO    scheme_family              
06:30:58 INFO    scheme_family              ── 步骤 2：保规模杂交（子代恒含 10 站，以方案族为初始种群）──
06:30:58 INFO    scheme_family              注入 3 个方案族个体作为初始种子
06:30:58 INFO    evtol_siting.nsga2_core    初始种群: 100 个个体 × 1315 维，站点数 恒为 10（固定规模模式，保规模算子）
06:32:43 INFO    scheme_family                 第 1/5 次: 前沿 100 解，站点数恒为 10: 是，耗时 106s
06:32:43 INFO    evtol_siting.nsga2_core    初始种群: 100 个个体 × 1315 维，站点数 恒为 10（固定规模模式，保规模算子）
06:34:27 INFO    scheme_family                 第 2/5 次: 前沿 100 解，站点数恒为 10: 是，耗时 103s
06:34:27 INFO    evtol_siting.nsga2_core    初始种群: 100 个个体 × 1315 维，站点数 恒为 10（固定规模模式，保规模算子）
06:36:10 INFO    scheme_family                 第 3/5 次: 前沿 100 解，站点数恒为 10: 是，耗时 104s
06:36:10 INFO    evtol_siting.nsga2_core    初始种群: 100 个个体 × 1315 维，站点数 恒为 10（固定规模模式，保规模算子）
06:37:57 INFO    scheme_family                 第 4/5 次: 前沿 100 解，站点数恒为 10: 是，耗时 107s
06:37:57 INFO    evtol_siting.nsga2_core    初始种群: 100 个个体 × 1315 维，站点数 恒为 10（固定规模模式，保规模算子）
06:39:41 INFO    scheme_family                 第 5/5 次: 前沿 100 解，站点数恒为 10: 是，耗时 104s
06:39:41 INFO    scheme_family                 ✓ 全部运行的解都恰好含 10 个站——保规模算子有效
06:39:41 INFO    scheme_family              
06:39:41 INFO    scheme_family              ── 步骤 3：对照（自由规模 NSGA-II，设施数由模型自定）──
06:39:41 INFO    evtol_siting.nsga2_core    初始种群: 100 个个体 × 1315 维，站点数 区间 (12, 400)（区间初始化，自由规模）
06:40:27 INFO    scheme_family                 第 1/5 次: 前沿 100 解，站点数 10–371
06:40:27 INFO    evtol_siting.nsga2_core    初始种群: 100 个个体 × 1315 维，站点数 区间 (12, 400)（区间初始化，自由规模）
06:41:11 INFO    scheme_family                 第 2/5 次: 前沿 100 解，站点数 10–394
06:41:11 INFO    evtol_siting.nsga2_core    初始种群: 100 个个体 × 1315 维，站点数 区间 (12, 400)（区间初始化，自由规模）
06:41:57 INFO    scheme_family                 第 3/5 次: 前沿 100 解，站点数 10–400
06:41:57 INFO    evtol_siting.nsga2_core    初始种群: 100 个个体 × 1315 维，站点数 区间 (12, 400)（区间初始化，自由规模）
06:42:45 INFO    scheme_family                 第 4/5 次: 前沿 100 解，站点数 10–410
06:42:45 INFO    evtol_siting.nsga2_core    初始种群: 100 个个体 × 1315 维，站点数 区间 (12, 400)（区间初始化，自由规模）
06:43:33 INFO    scheme_family                 第 5/5 次: 前沿 100 解，站点数 10–371
06:43:33 INFO    scheme_family              
06:43:33 INFO    scheme_family              ── 步骤 4：统一参考点下的对照 ──
06:44:00 INFO    scheme_family              
                approach  n_solutions  hypervolume  min_cost_1e8  min_unserved  min_inequity
    Scheme family (N=10)            3 2.500487e+19      3.211001    781.743607      9.750348
     Fixed-N GA breeding          318 3.529454e+19      2.641585    756.735572      9.430801
Free-cardinality NSGA-II          251 1.802996e+20      3.211001      0.000000      5.962387
06:44:00 INFO    scheme_family              
06:44:00 INFO    scheme_family              方案族中被**杂交结果支配**的：0/3（0%）
06:44:00 INFO    scheme_family              判读：若比例高，说明『杂交不同方案』确实产出了优于任一单目标方案的折中解——这正是该设计的价值所在；若为 0，说明方案族本身已在前沿上，杂交没有带来改进，应如实报告。
06:44:00 INFO    scheme_family              
06:44:00 INFO    scheme_family              ==============================================================================
06:44:00 INFO    scheme_family               完成。输出目录: evtol_siting\outputs\tables
06:44:00 INFO    scheme_family               文件: scheme_family.csv / scheme_family_ga_runs.csv / scheme_family_free_runs.csv / scheme_family_comparison.csv
06:44:00 INFO    scheme_family              ==============================================================================
14:21:02 INFO    scheme_family              ==============================================================================
14:21:02 INFO    scheme_family               固定规模方案族与保规模杂交     N = 10，data_mode = real
14:21:02 INFO    scheme_family              ==============================================================================
14:21:03 INFO    evtol_siting.pipeline      ============================================================
14:21:03 INFO    evtol_siting.pipeline      阶段一：基于 GIS 的候选起降场筛选
14:21:03 INFO    evtol_siting.pipeline      ============================================================
14:21:03 INFO    evtol_siting.pipeline      解析 PBF 提取包: sichuan-latest.osm.pbf
14:21:10 INFO    evtol_siting.data.pbf        已扫描 200000 个候选要素…
14:21:18 INFO    evtol_siting.data.pbf        已扫描 400000 个候选要素…
14:21:26 INFO    evtol_siting.data.pbf        已扫描 600000 个候选要素…
14:21:33 INFO    evtol_siting.data.pbf        已扫描 800000 个候选要素…
14:21:41 INFO    evtol_siting.data.pbf        已扫描 1000000 个候选要素…
14:21:49 INFO    evtol_siting.data.pbf        已扫描 1200000 个候选要素…
14:21:53 INFO    evtol_siting.data.pbf        buildings          70006 个要素
14:21:53 INFO    evtol_siting.data.pbf        poi                 8159 个要素
14:21:54 INFO    evtol_siting.data.pbf        roads              42272 个要素
14:21:54 INFO    evtol_siting.data.pbf        landuse             8605 个要素
14:21:54 INFO    evtol_siting.data.pbf        water               3671 个要素
14:21:54 INFO    evtol_siting.data.pbf        airports            1365 个要素
14:21:54 INFO    evtol_siting.data.pbf      PBF 解析完成（扫描 1271295 个候选要素，装配并保留 79825 个面要素，丢弃 0 个非法几何，输出 6 个图层）
14:21:54 INFO    evtol_siting.data.rasters  建筑高度栅格已存在: evtol_siting\data\raw\height\chengdu_building_height_10m.tif
14:21:56 INFO    evtol_siting.data.heights  高度栅格提供了 49323 栋建筑的高度（覆盖 70.5%）
14:21:56 INFO    evtol_siting.data.heights  分位数回归填补了 14740 栋建筑的高度（中位数 18.6 m）
14:21:56 INFO    evtol_siting.data.heights  高度融合结果（共 70006 栋）:
    raster_height     70.5%
    imputed           21.1%
    osm_levels         7.3%
    osm_height         1.2%
14:21:56 INFO    evtol_siting.data.heights  各来源的栋数与高度分布（论文 §3.3 引用这些数）:
                   n  median  mean   std
src                                     
raster_height  49323   18.65 19.44  5.25
imputed        14740   18.60 18.42  1.34
osm_levels      5100   14.10 29.66 34.60
osm_height       843   20.00 34.44 47.47
14:21:56 INFO    evtol_siting.data.heights      合计 70006 栋（逐来源栋数之和必须等于此数）
14:21:57 INFO    evtol_siting.data.heights  §3.3 诊断（同口径，均为 CNBH 栅格实测）: 带 OSM 高度标签 5352 栋，中位数 23.0 m，均值 22.9 m
14:21:57 INFO    evtol_siting.data.heights  §3.3 诊断（同口径，均为 CNBH 栅格实测）: 无 OSM 高度标签 49323 栋，中位数 18.6 m，均值 19.4 m
14:21:57 INFO    evtol_siting.data.heights      （两个子集的中位数之差即 §3.3 所述的选择偏差；差值方向应为正值——标签偏向更高建筑）
14:21:57 INFO    evtol_siting.data.heights      有标签覆盖率: 8.5% -> 融合后覆盖率: 100.0%
14:21:57 INFO    evtol_siting.data.rasters  人口栅格已存在: evtol_siting\data\raw\population\chengdu_population_100m.tif
14:21:57 INFO    evtol_siting.data.rasters  收入代理数据已存在: evtol_siting\data\raw\income\chengdu_income_proxy.gpkg
14:21:58 INFO    evtol_siting.pipeline      收入代理已载入: 6716 个点（EPSG:4326）
14:21:58 INFO    evtol_siting.data.rasters  DEM 已存在: evtol_siting\data\raw\dem\chengdu_dem_30m.tif
14:22:01 INFO    evtol_siting.data.rasters  坡度栅格已生成: evtol_siting\data\interim\chengdu_slope.tif
14:22:01 INFO    evtol_siting.geo           栅格化完成: 单元边长 500 m, 单元数 2519, 覆盖 629.8 km²
14:22:01 INFO    evtol_siting.stage1_candidates 屋顶型筛选: 1517 / 70006 栋建筑满足 h>=20m 且 A_roof>=1600m² (2.17%)
14:22:01 INFO    evtol_siting.stage1_candidates   排除 用地类型: 35 个单元（1.4%）
14:22:01 INFO    evtol_siting.stage1_candidates   排除 水域: 62 个单元（2.5%）
14:22:01 INFO    evtol_siting.stage1_candidates   建筑覆盖率判据 (max=0.55): 剔除 6 个单元（保留 2416）；覆盖率中位数 0.05
14:22:01 INFO    evtol_siting.stage1_candidates 坡度判据: 2405 / 2416 单元满足 slope<=15° (剔除 11)
14:22:01 INFO    evtol_siting.stage1_candidates 地面型筛选: 2405 个候选（用地排除 -114，坡度排除后）
14:22:01 INFO    evtol_siting.stage1_candidates 地面型候选已按路网可达性重新评分（中位距离 91 m）
14:22:01 INFO    evtol_siting.stage1_candidates 已为 1517 个缺少 cell_id 的候选（屋顶型）补齐所属栅格单元（补齐后 3818/3922 有 cell_id）
14:22:01 INFO    evtol_siting.stage1_candidates   104 个候选落在栅格之外，改用坐标分桶作为 cell_id
14:22:01 INFO    evtol_siting.stage1_candidates   口径 all_aeroway：1299 个非直升要素全部按运输机场处理
14:22:01 INFO    evtol_siting.stage1_candidates   机场净空区（含民用） (r=4000m): 剔除 1498 个候选（占 38.2%）
14:22:01 INFO    evtol_siting.stage1_candidates   既有直升机场 (r=1000m): 剔除 179 个候选（占 4.6%）
14:22:01 INFO    evtol_siting.stage1_candidates 安全排除后剩余 2381 个候选（原有 3922）
14:22:01 INFO    evtol_siting.stage1_candidates   [ground] 类别内稀释: 1560 -> 1560
14:22:01 INFO    evtol_siting.stage1_candidates   [rooftop] 类别内稀释: 745 -> 269
14:22:02 INFO    evtol_siting.stage1_candidates 密度稀释 (c_min=500m, 每栅格<=3): 2381 -> 1315 个候选 （配额 -76，类别内间距 -476，跨类别冲突 -514）；构成: {'ground': 1051, 'rooftop': 264}
14:22:02 INFO    evtol_siting.stage1_candidates 阶段一完成: 1315 个候选起降场（屋顶型 264，地面型 1051）
14:22:02 INFO    evtol_siting.pipeline      ============================================================
14:22:02 INFO    evtol_siting.pipeline      阶段二：K-means 人群分类与需求空间化
14:22:02 INFO    evtol_siting.pipeline      ============================================================
14:22:02 INFO    evtol_siting.data.dasymetric 人口栅格分辨率 80 m 细于需求格网 500 m —— 分区求和已是正确的格网人口总量，**体积重分配在此不产生作用**，直接使用分区求和。（体积权重的价值在于把人口摊到建筑上做更细的分析，需 force=True）
14:22:02 WARNING evtol_siting.data.dasymetric 退化为按分区求和（假设人口在格网内均匀分布）
14:22:07 INFO    evtol_siting.stage2_demand 人口分配方式对比（论文 Table 用）:
    method  total_population  n_nonzero_cells  mean_per_cell  std_per_cell       cv     max_cell  top1pct_share     gini
dasymetric      7.712263e+06             2517    3061.636823   2504.238782 0.817941 12360.637527       0.032418 0.458119
   uniform      7.712263e+06             2517    3061.636823   2504.238782 0.817941 12360.637527       0.032418 0.458119
14:22:07 INFO    evtol_siting.stage2_demand 人口: 合计 7712263 人，单元中位数 2567 人（来源: zonal_sum）
14:22:07 INFO    evtol_siting.stage2_demand 收入代理(RWI): 范围 [4.28, 94.31]，单元均值 28.593
14:22:07 INFO    evtol_siting.stage2_demand POI: 研究区内 7442 个，单元密度中位数 0 个/km²
14:22:11 INFO    evtol_siting.stage2_demand K 选择 (silhouette): K=5，得分 0.4742，各 K 得分 {3: 0.4713, 4: 0.4495, 5: 0.4742, 6: 0.4289, 7: 0.4336, 8: 0.4372}
14:22:12 INFO    evtol_siting.choice_model  收入阶梯（K=5）: 1,877  2,956  4,049  5,546  8,736
14:22:12 INFO    evtol_siting.choice_model  时间价值: 5.4  8.5  11.6  15.9  25.1 元/小时（对应月收入 1,877  2,956  4,049  5,546  8,736）
14:22:12 INFO    evtol_siting.choice_model  时间价值: 1.1  1.3  1.4  1.7  1.9  2.2  2.5  2.9  3.3  3.8  4.4  5.0  5.8  6.6  7.6  8.8  10.1  11.6  13.3  15.3  17.6  20.2  23.2  26.7 元/小时（对应月收入 379  435  500  575  661  760  873  1,003  1,153  1,325  1,523  1,751  2,012  2,312  2,657  3,054  3,510  4,034  4,636  5,328  6,124  7,038  8,088  9,296）
14:22:12 INFO    evtol_siting.choice_model  时间价值: 1.7  2.0  2.3  2.6  3.0  3.4  4.0  4.5  5.2  6.0  6.9  7.9  9.1  10.5  12.0  13.8  15.9  18.3  21.0  24.1  27.7  31.9  36.6  42.1 元/小时（对应月收入 597  686  788  906  1,041  1,197  1,375  1,581  1,816  2,088  2,399  2,757  3,169  3,642  4,186  4,810  5,529  6,354  7,302  8,392  9,645  11,085  12,739  14,641）
14:22:12 INFO    evtol_siting.choice_model  时间价值: 2.3  2.7  3.1  3.6  4.1  4.7  5.4  6.2  7.1  8.2  9.4  10.9  12.5  14.3  16.5  18.9  21.8  25.0  28.7  33.0  38.0  43.6  50.1  57.6 元/小时（对应月收入 817  940  1,080  1,241  1,426  1,639  1,884  2,165  2,488  2,859  3,286  3,777  4,341  4,989  5,733  6,589  7,573  8,703  10,002  11,495  13,211  15,183  17,450  20,055）
14:22:12 INFO    evtol_siting.choice_model  时间价值: 3.2  3.7  4.3  4.9  5.6  6.5  7.4  8.5  9.8  11.3  12.9  14.9  17.1  19.6  22.6  25.9  29.8  34.3  39.4  45.2  52.0  59.8  68.7  78.9 元/小时（对应月收入 1,120  1,287  1,479  1,700  1,954  2,245  2,580  2,965  3,408  3,917  4,502  5,173  5,946  6,833  7,853  9,026  10,373  11,921  13,701  15,746  18,097  20,798  23,902  27,470）
14:22:12 INFO    evtol_siting.choice_model  时间价值: 5.1  5.8  6.7  7.7  8.8  10.2  11.7  13.4  15.4  17.7  20.4  23.4  26.9  30.9  35.5  40.9  46.9  54.0  62.0  71.3  81.9  94.1  108.2  124.3 元/小时（对应月收入 1,764  2,027  2,330  2,677  3,077  3,536  4,064  4,671  5,368  6,169  7,090  8,149  9,365  10,763  12,369  14,216  16,338  18,777  21,580  24,801  28,503  32,758  37,648  43,267）
14:22:12 INFO    evtol_siting.choice_model  选择模型 [区域内积分（σ_within=0.4）]: 出行 15 km（单点），地面 55 分钟 / 57 元，eVTOL 24 分钟 / 130 元，节省 31 分钟；采用概率 0.0565–0.0865（类间比 1.53）
14:22:12 INFO    evtol_siting.choice_model  各类人群采用概率:
 cluster  monthly_income_cny  vot_cny_per_h  p_evtol  demand_rate
       3              1877.0           5.39  0.05645     0.005645
       0              2956.0           8.49  0.06033     0.006033
       1              4049.0          11.64  0.06455     0.006455
       2              5546.0          15.94  0.07085     0.007085
       4              8736.0          25.10  0.08655     0.008655
14:22:12 INFO    evtol_siting.stage2_demand K-means 聚类完成: K=5，总需求 50339 次/日，总人口 7712263 人
14:22:12 INFO    evtol_siting.stage2_demand 类画像:
 cluster  n_cells   population  income_mean  poi_density_mean  trip_rate  monthly_income_cny  vot_cny_per_h  p_evtol  demand_trips_per_day k_selection
       3      911 1.274286e+06    15.458149          1.242591   0.005645              1877.0           5.39  0.05645           7193.345774  silhouette
       0      916 2.953990e+06    31.667580          4.310044   0.006033              2956.0           8.49  0.06033          17821.419612  silhouette
       1      311 1.804357e+06    33.630300         41.273312   0.006455              4049.0          11.64  0.06455          11647.124043  silhouette
       2       81 5.478822e+05    40.350918        106.123457   0.007085              5546.0          15.94  0.07085           3881.745275  silhouette
       4      300 1.131748e+06    50.690864         10.853333   0.008655              8736.0          25.10  0.08655           9795.280187  silhouette
14:22:12 INFO    evtol_siting.pipeline      ============================================================
14:22:12 INFO    evtol_siting.pipeline      阶段三：0-1 整数规划选址
14:22:12 INFO    evtol_siting.pipeline      ============================================================
14:22:12 INFO    evtol_siting.stage3_ip     [cost_priority] 需求单元 2519 个（核心 1008 个，阈值 分位数 0.60（>=21.0 次/日）），候选 1315 个，接驳时间预算 15.0 分钟，设施上限 20
14:22:12 INFO    evtol_siting.solver_status [cost_priority] 已证明最优（相对间隙 <= 1e-09）
14:22:12 INFO    evtol_siting.stage3_ip     [cost_priority] 解: 11 个起降场，总成本 3.14 亿元，需求覆盖率 96.1%，人口覆盖率 95.8%，核心覆盖率 100.0%（耗时 0.41s，已证明最优）
14:22:13 INFO    evtol_siting.stage3_ip     [coverage_priority] 需求单元 2519 个（核心 1008 个，阈值 分位数 0.60（>=21.0 次/日）），候选 1315 个，接驳时间预算 15.0 分钟，设施上限 35
14:22:13 INFO    evtol_siting.solver_status [coverage_priority] 已证明最优（相对间隙 <= 1e-09）
14:22:13 INFO    evtol_siting.stage3_ip     [coverage_priority] 解: 10 个起降场，总成本 5.45 亿元，需求覆盖率 96.7%，人口覆盖率 96.5%，核心覆盖率 100.0%（耗时 0.41s，已证明最优）
14:22:13 INFO    evtol_siting.stage3_ip     阶段三完成: 2 个情景求解成功（cost_priority=Optimal, coverage_priority=Optimal）
14:22:13 INFO    evtol_siting.stage4_nsga2  问题实例: 2519 个需求单元（核心 1008），1315 个候选；接驳预算 15.0 分钟；单点最大可覆盖 299 个核心单元（占核心 29.7%）
14:22:13 INFO    scheme_family              候选 1315 个，需求单元 2519 个，总需求 50339 次/日
14:22:13 INFO    scheme_family              
14:22:13 INFO    scheme_family              ── 步骤 1：固定 N=10 的方案族（不同目标 → 不同布局）──
14:22:13 INFO    evtol_siting.schemes       生成固定规模方案族: N=10，4 个目标
14:22:14 INFO    evtol_siting.solver_status [最低成本] 已证明最优（相对间隙 <= 1e-09）
14:22:14 INFO    evtol_siting.schemes       [最低成本] N=10 固定规模: 10 站 | 总接驳 461307 分钟·次/日 | 最差人群 10.04 分钟 | 覆盖 95.7% | 成本 3.21 亿元 | 耗时 1.2s
14:23:44 INFO    evtol_siting.solver_status [最短接驳（距离最近）] 已证明最优（相对间隙 <= 1e-09）
14:23:44 INFO    evtol_siting.schemes       [最短接驳（距离最近）] N=10 固定规模: 10 站 | 总接驳 453744 分钟·次/日 | 最差人群 9.75 分钟 | 覆盖 96.2% | 成本 4.53 亿元 | 耗时 90.0s
14:24:04 INFO    evtol_siting.solver_status [最大覆盖] 已证明最优（相对间隙 <= 1e-09）
14:24:04 INFO    evtol_siting.schemes       [最大覆盖] N=10 固定规模: 10 站 | 总接驳 496436 分钟·次/日 | 最差人群 10.36 分钟 | 覆盖 98.4% | 成本 4.68 亿元 | 耗时 20.0s
14:34:27 WARNING evtol_siting.solver_status [最均衡体验] 未证明最优：相对间隙 不可读（可能为纯 LP） —— 返回当前最好解。论文引用该结果时须写成「求解至相对间隙 X%」而非「最优」。
14:34:27 INFO    evtol_siting.schemes       [最均衡体验] N=10 固定规模: 10 站 | 总接驳 455479 分钟·次/日 | 最差人群 10.09 分钟 | 覆盖 96.0% | 成本 4.99 亿元 | 耗时 622.5s
14:34:27 WARNING evtol_siting.schemes       方案 '最均衡体验' **保留**但未证明最优（相对间隙 不可读）——引用该行时须写成「求解至相对间隙 X%」而非「最优」。
14:34:27 INFO    evtol_siting.schemes       方案族生成完成: 4/4 成功
14:34:27 INFO    scheme_family              
14:34:27 INFO    scheme_family              方案族对照（论文表）:
14:34:27 INFO    scheme_family              
      name  n_sites  cost_1e8  total_access_time  demand_coverage_pct  worst_group_access_time_min
      最低成本       10     3.211        461307.0134              95.6999                      10.0382
最短接驳（距离最近）       10     4.530        453744.0917              96.2053                       9.7503
      最大覆盖       10     4.681        496436.2396              98.4470                      10.3593
     最均衡体验       10     4.990        455479.2247              95.9728                      10.0866
14:34:27 INFO    scheme_family              
14:34:27 INFO    scheme_family              方案族内部支配关系（行是否支配列）:
14:34:27 INFO    scheme_family                 最低成本             支配: （无）
14:34:27 INFO    scheme_family                 最短接驳（距离最近）       支配: 最均衡体验
14:34:27 INFO    scheme_family                 最大覆盖             支配: （无）
14:34:27 INFO    scheme_family                 最均衡体验            支配: （无）
14:34:27 INFO    scheme_family              
14:34:27 INFO    scheme_family              ── 步骤 2：保规模杂交（子代恒含 10 站，以方案族为初始种群）──
14:34:27 INFO    scheme_family              注入 4 个方案族个体作为初始种子
14:34:27 INFO    evtol_siting.nsga2_core    初始种群: 100 个个体 × 1315 维，站点数 恒为 10（固定规模模式，保规模算子）
14:35:05 INFO    scheme_family                 第 1/5 次: 前沿 100 解，站点数恒为 10: 是，耗时 38s
14:35:05 INFO    evtol_siting.nsga2_core    初始种群: 100 个个体 × 1315 维，站点数 恒为 10（固定规模模式，保规模算子）
14:35:45 INFO    scheme_family                 第 2/5 次: 前沿 100 解，站点数恒为 10: 是，耗时 40s
14:35:45 INFO    evtol_siting.nsga2_core    初始种群: 100 个个体 × 1315 维，站点数 恒为 10（固定规模模式，保规模算子）
14:36:22 INFO    scheme_family                 第 3/5 次: 前沿 100 解，站点数恒为 10: 是，耗时 37s
14:36:22 INFO    evtol_siting.nsga2_core    初始种群: 100 个个体 × 1315 维，站点数 恒为 10（固定规模模式，保规模算子）
14:37:00 INFO    scheme_family                 第 4/5 次: 前沿 100 解，站点数恒为 10: 是，耗时 38s
14:37:00 INFO    evtol_siting.nsga2_core    初始种群: 100 个个体 × 1315 维，站点数 恒为 10（固定规模模式，保规模算子）
14:37:38 INFO    scheme_family                 第 5/5 次: 前沿 100 解，站点数恒为 10: 是，耗时 38s
14:37:38 INFO    scheme_family                 ✓ 全部运行的解都恰好含 10 个站——保规模算子有效
14:37:38 INFO    scheme_family              
14:37:38 INFO    scheme_family              ── 步骤 3：对照（自由规模 NSGA-II，设施数由模型自定）──
14:37:38 INFO    evtol_siting.nsga2_core    初始种群: 100 个个体 × 1315 维，站点数 区间 (12, 400)（区间初始化，自由规模）
14:37:56 INFO    scheme_family                 第 1/5 次: 前沿 100 解，站点数 10–371
14:37:56 INFO    evtol_siting.nsga2_core    初始种群: 100 个个体 × 1315 维，站点数 区间 (12, 400)（区间初始化，自由规模）
14:38:13 INFO    scheme_family                 第 2/5 次: 前沿 100 解，站点数 10–396
14:38:13 INFO    evtol_siting.nsga2_core    初始种群: 100 个个体 × 1315 维，站点数 区间 (12, 400)（区间初始化，自由规模）
14:38:31 INFO    scheme_family                 第 3/5 次: 前沿 100 解，站点数 10–400
14:38:31 INFO    evtol_siting.nsga2_core    初始种群: 100 个个体 × 1315 维，站点数 区间 (12, 400)（区间初始化，自由规模）
14:38:50 INFO    scheme_family                 第 4/5 次: 前沿 100 解，站点数 10–410
14:38:50 INFO    evtol_siting.nsga2_core    初始种群: 100 个个体 × 1315 维，站点数 区间 (12, 400)（区间初始化，自由规模）
14:39:11 INFO    scheme_family                 第 5/5 次: 前沿 100 解，站点数 10–373
14:39:11 INFO    scheme_family              
14:39:11 INFO    scheme_family              ── 步骤 4：统一参考点下的对照 ──
14:39:27 INFO    scheme_family              
                approach  n_solutions  hypervolume  min_cost_1e8  min_unserved  min_inequity
    Scheme family (N=10)            4 2.228119e+19      3.211001    781.743607      9.750348
     Fixed-N GA breeding          330 3.167292e+19      2.580038    781.743607      9.422210
Free-cardinality NSGA-II          253 1.689310e+20      3.211001      0.000000      5.962387
14:39:27 INFO    scheme_family              
14:39:27 INFO    scheme_family              方案族中被**杂交结果支配**的：1/4（25%）
14:39:27 INFO    scheme_family              判读：若比例高，说明『杂交不同方案』确实产出了优于任一单目标方案的折中解——这正是该设计的价值所在；若为 0，说明方案族本身已在前沿上，杂交没有带来改进，应如实报告。
14:39:27 INFO    scheme_family              
14:39:27 INFO    scheme_family              ==============================================================================
14:39:27 INFO    scheme_family               完成。输出目录: evtol_siting\outputs\tables
14:39:27 INFO    scheme_family               文件: scheme_family.csv / scheme_family_ga_runs.csv / scheme_family_free_runs.csv / scheme_family_comparison.csv
14:39:27 INFO    scheme_family              ==============================================================================
20:02:46 INFO    scheme_family              ==============================================================================
20:02:46 INFO    scheme_family               固定规模方案族与保规模杂交     N = 10，data_mode = auto
20:02:46 INFO    scheme_family              ==============================================================================
20:02:46 INFO    evtol_siting.pipeline      ============================================================
20:02:46 INFO    evtol_siting.pipeline      阶段一：基于 GIS 的候选起降场筛选
20:02:46 INFO    evtol_siting.pipeline      ============================================================
20:02:46 INFO    evtol_siting.pipeline      解析 PBF 提取包: sichuan-latest.osm.pbf
20:02:54 INFO    evtol_siting.data.pbf        已扫描 200000 个候选要素…
20:03:02 INFO    evtol_siting.data.pbf        已扫描 400000 个候选要素…
20:03:10 INFO    evtol_siting.data.pbf        已扫描 600000 个候选要素…
20:03:17 INFO    evtol_siting.data.pbf        已扫描 800000 个候选要素…
20:03:25 INFO    evtol_siting.data.pbf        已扫描 1000000 个候选要素…
20:03:33 INFO    evtol_siting.data.pbf        已扫描 1200000 个候选要素…
20:03:37 INFO    evtol_siting.data.pbf        buildings          70006 个要素
20:03:37 INFO    evtol_siting.data.pbf        poi                 8159 个要素
20:03:38 INFO    evtol_siting.data.pbf        roads              42272 个要素
20:03:38 INFO    evtol_siting.data.pbf        landuse             8605 个要素
20:03:38 INFO    evtol_siting.data.pbf        water               3671 个要素
20:03:38 INFO    evtol_siting.data.pbf        airports            1365 个要素
20:03:38 INFO    evtol_siting.data.pbf      PBF 解析完成（扫描 1271295 个候选要素，装配并保留 79825 个面要素，丢弃 0 个非法几何，输出 6 个图层）
20:03:38 INFO    evtol_siting.data.rasters  建筑高度栅格已存在: evtol_siting\data\raw\height\chengdu_building_height_10m.tif
20:03:41 INFO    evtol_siting.data.heights  高度栅格提供了 49323 栋建筑的高度（覆盖 70.5%）
20:03:41 INFO    evtol_siting.data.heights  分位数回归填补了 14740 栋建筑的高度（中位数 18.6 m）
20:03:41 INFO    evtol_siting.data.heights  高度融合结果（共 70006 栋）:
    raster_height     70.5%
    imputed           21.1%
    osm_levels         7.3%
    osm_height         1.2%
20:03:41 INFO    evtol_siting.data.heights  各来源的栋数与高度分布（论文 §3.3 引用这些数）:
                   n  median  mean   std
src                                     
raster_height  49323   18.65 19.44  5.25
imputed        14740   18.60 18.42  1.34
osm_levels      5100   14.10 29.66 34.60
osm_height       843   20.00 34.44 47.47
20:03:41 INFO    evtol_siting.data.heights      合计 70006 栋（逐来源栋数之和必须等于此数）
20:03:42 INFO    evtol_siting.data.heights  §3.3 诊断（同口径，均为 CNBH 栅格实测）: 带 OSM 高度标签 5352 栋，中位数 23.0 m，均值 22.9 m
20:03:42 INFO    evtol_siting.data.heights  §3.3 诊断（同口径，均为 CNBH 栅格实测）: 无 OSM 高度标签 49323 栋，中位数 18.6 m，均值 19.4 m
20:03:42 INFO    evtol_siting.data.heights      （两个子集的中位数之差即 §3.3 所述的选择偏差；差值方向应为正值——标签偏向更高建筑）
20:03:42 INFO    evtol_siting.data.heights      有标签覆盖率: 8.5% -> 融合后覆盖率: 100.0%
20:03:42 INFO    evtol_siting.data.rasters  人口栅格已存在: evtol_siting\data\raw\population\chengdu_population_100m.tif
20:03:42 INFO    evtol_siting.data.rasters  收入代理数据已存在: evtol_siting\data\raw\income\chengdu_income_proxy.gpkg
20:03:43 INFO    evtol_siting.pipeline      收入代理已载入: 6716 个点（EPSG:4326）
20:03:43 INFO    evtol_siting.data.rasters  DEM 已存在: evtol_siting\data\raw\dem\chengdu_dem_30m.tif
20:03:46 INFO    evtol_siting.data.rasters  坡度栅格已生成: evtol_siting\data\interim\chengdu_slope.tif
20:03:46 INFO    evtol_siting.geo           栅格化完成: 单元边长 500 m, 单元数 2519, 覆盖 629.8 km²
20:03:46 INFO    evtol_siting.stage1_candidates 屋顶型筛选: 1517 / 70006 栋建筑满足 h>=20m 且 A_roof>=1600m² (2.17%)
20:03:46 INFO    evtol_siting.stage1_candidates   排除 用地类型: 35 个单元（1.4%）
20:03:46 INFO    evtol_siting.stage1_candidates   排除 水域: 62 个单元（2.5%）
20:03:46 INFO    evtol_siting.stage1_candidates   建筑覆盖率判据 (max=0.55): 剔除 6 个单元（保留 2416）；覆盖率中位数 0.05
20:03:46 INFO    evtol_siting.stage1_candidates 坡度判据: 2405 / 2416 单元满足 slope<=15° (剔除 11)
20:03:46 INFO    evtol_siting.stage1_candidates 地面型筛选: 2405 个候选（用地排除 -114，坡度排除后）
20:03:46 INFO    evtol_siting.stage1_candidates 地面型候选已按路网可达性重新评分（中位距离 91 m）
20:03:46 INFO    evtol_siting.stage1_candidates 已为 1517 个缺少 cell_id 的候选（屋顶型）补齐所属栅格单元（补齐后 3818/3922 有 cell_id）
20:03:46 INFO    evtol_siting.stage1_candidates   104 个候选落在栅格之外，改用坐标分桶作为 cell_id
20:03:46 INFO    evtol_siting.stage1_candidates   口径 all_aeroway：1299 个非直升要素全部按运输机场处理
20:03:46 INFO    evtol_siting.stage1_candidates   机场净空区（含民用） (r=4000m): 剔除 1498 个候选（占 38.2%）
20:03:46 INFO    evtol_siting.stage1_candidates   既有直升机场 (r=1000m): 剔除 179 个候选（占 4.6%）
20:03:46 INFO    evtol_siting.stage1_candidates 安全排除后剩余 2381 个候选（原有 3922）
20:03:46 INFO    evtol_siting.stage1_candidates   [ground] 类别内稀释: 1560 -> 1560
20:03:46 INFO    evtol_siting.stage1_candidates   [rooftop] 类别内稀释: 745 -> 269
20:03:47 INFO    evtol_siting.stage1_candidates 密度稀释 (c_min=500m, 每栅格<=3): 2381 -> 1315 个候选 （配额 -76，类别内间距 -476，跨类别冲突 -514）；构成: {'ground': 1051, 'rooftop': 264}
20:03:47 INFO    evtol_siting.stage1_candidates 阶段一完成: 1315 个候选起降场（屋顶型 264，地面型 1051）
20:03:47 INFO    evtol_siting.pipeline      ============================================================
20:03:47 INFO    evtol_siting.pipeline      阶段二：K-means 人群分类与需求空间化
20:03:47 INFO    evtol_siting.pipeline      ============================================================
20:03:47 INFO    evtol_siting.data.dasymetric 人口栅格分辨率 80 m 细于需求格网 500 m —— 分区求和已是正确的格网人口总量，**体积重分配在此不产生作用**，直接使用分区求和。（体积权重的价值在于把人口摊到建筑上做更细的分析，需 force=True）
20:03:47 WARNING evtol_siting.data.dasymetric 退化为按分区求和（假设人口在格网内均匀分布）
20:03:52 INFO    evtol_siting.stage2_demand 人口分配方式对比（论文 Table 用）:
    method  total_population  n_nonzero_cells  mean_per_cell  std_per_cell       cv     max_cell  top1pct_share     gini
dasymetric      7.712263e+06             2517    3061.636823   2504.238782 0.817941 12360.637527       0.032418 0.458119
   uniform      7.712263e+06             2517    3061.636823   2504.238782 0.817941 12360.637527       0.032418 0.458119
20:03:52 INFO    evtol_siting.stage2_demand 人口: 合计 7712263 人，单元中位数 2567 人（来源: zonal_sum）
20:03:54 INFO    evtol_siting.stage2_demand 收入代理(RWI): 范围 [4.28, 94.31]，单元均值 28.593
20:03:54 INFO    evtol_siting.stage2_demand POI: 研究区内 7442 个，单元密度中位数 0 个/km²
20:03:59 INFO    evtol_siting.stage2_demand K 选择 (silhouette): K=5，得分 0.4742，各 K 得分 {3: 0.4713, 4: 0.4495, 5: 0.4742, 6: 0.4289, 7: 0.4336, 8: 0.4372}
20:03:59 INFO    evtol_siting.choice_model  收入阶梯（K=5）: 1,877  2,956  4,049  5,546  8,736
20:03:59 INFO    evtol_siting.choice_model  时间价值: 5.4  8.5  11.6  15.9  25.1 元/小时（对应月收入 1,877  2,956  4,049  5,546  8,736）
20:03:59 INFO    evtol_siting.choice_model  时间价值: 1.1  1.3  1.4  1.7  1.9  2.2  2.5  2.9  3.3  3.8  4.4  5.0  5.8  6.6  7.6  8.8  10.1  11.6  13.3  15.3  17.6  20.2  23.2  26.7 元/小时（对应月收入 379  435  500  575  661  760  873  1,003  1,153  1,325  1,523  1,751  2,012  2,312  2,657  3,054  3,510  4,034  4,636  5,328  6,124  7,038  8,088  9,296）
20:03:59 INFO    evtol_siting.choice_model  时间价值: 1.7  2.0  2.3  2.6  3.0  3.4  4.0  4.5  5.2  6.0  6.9  7.9  9.1  10.5  12.0  13.8  15.9  18.3  21.0  24.1  27.7  31.9  36.6  42.1 元/小时（对应月收入 597  686  788  906  1,041  1,197  1,375  1,581  1,816  2,088  2,399  2,757  3,169  3,642  4,186  4,810  5,529  6,354  7,302  8,392  9,645  11,085  12,739  14,641）
20:03:59 INFO    evtol_siting.choice_model  时间价值: 2.3  2.7  3.1  3.6  4.1  4.7  5.4  6.2  7.1  8.2  9.4  10.9  12.5  14.3  16.5  18.9  21.8  25.0  28.7  33.0  38.0  43.6  50.1  57.6 元/小时（对应月收入 817  940  1,080  1,241  1,426  1,639  1,884  2,165  2,488  2,859  3,286  3,777  4,341  4,989  5,733  6,589  7,573  8,703  10,002  11,495  13,211  15,183  17,450  20,055）
20:03:59 INFO    evtol_siting.choice_model  时间价值: 3.2  3.7  4.3  4.9  5.6  6.5  7.4  8.5  9.8  11.3  12.9  14.9  17.1  19.6  22.6  25.9  29.8  34.3  39.4  45.2  52.0  59.8  68.7  78.9 元/小时（对应月收入 1,120  1,287  1,479  1,700  1,954  2,245  2,580  2,965  3,408  3,917  4,502  5,173  5,946  6,833  7,853  9,026  10,373  11,921  13,701  15,746  18,097  20,798  23,902  27,470）
20:03:59 INFO    evtol_siting.choice_model  时间价值: 5.1  5.8  6.7  7.7  8.8  10.2  11.7  13.4  15.4  17.7  20.4  23.4  26.9  30.9  35.5  40.9  46.9  54.0  62.0  71.3  81.9  94.1  108.2  124.3 元/小时（对应月收入 1,764  2,027  2,330  2,677  3,077  3,536  4,064  4,671  5,368  6,169  7,090  8,149  9,365  10,763  12,369  14,216  16,338  18,777  21,580  24,801  28,503  32,758  37,648  43,267）
20:03:59 INFO    evtol_siting.choice_model  选择模型 [区域内积分（σ_within=0.4）]: 出行 15 km（单点），地面 55 分钟 / 57 元，eVTOL 24 分钟 / 130 元，节省 31 分钟；采用概率 0.0565–0.0865（类间比 1.53）
20:03:59 INFO    evtol_siting.choice_model  各类人群采用概率:
 cluster  monthly_income_cny  vot_cny_per_h  p_evtol  demand_rate
       3              1877.0           5.39  0.05645     0.005645
       0              2956.0           8.49  0.06033     0.006033
       1              4049.0          11.64  0.06455     0.006455
       2              5546.0          15.94  0.07085     0.007085
       4              8736.0          25.10  0.08655     0.008655
20:03:59 INFO    evtol_siting.stage2_demand K-means 聚类完成: K=5，总需求 50339 次/日，总人口 7712263 人
20:03:59 INFO    evtol_siting.stage2_demand 类画像:
 cluster  n_cells   population  income_mean  poi_density_mean  trip_rate  monthly_income_cny  vot_cny_per_h  p_evtol  demand_trips_per_day k_selection
       3      911 1.274286e+06    15.458149          1.242591   0.005645              1877.0           5.39  0.05645           7193.345774  silhouette
       0      916 2.953990e+06    31.667580          4.310044   0.006033              2956.0           8.49  0.06033          17821.419612  silhouette
       1      311 1.804357e+06    33.630300         41.273312   0.006455              4049.0          11.64  0.06455          11647.124043  silhouette
       2       81 5.478822e+05    40.350918        106.123457   0.007085              5546.0          15.94  0.07085           3881.745275  silhouette
       4      300 1.131748e+06    50.690864         10.853333   0.008655              8736.0          25.10  0.08655           9795.280187  silhouette
20:04:00 INFO    evtol_siting.pipeline      ============================================================
20:04:00 INFO    evtol_siting.pipeline      阶段三：0-1 整数规划选址
20:04:00 INFO    evtol_siting.pipeline      ============================================================
20:04:00 INFO    evtol_siting.stage3_ip     [cost_priority] 需求单元 2519 个（核心 1008 个，阈值 分位数 0.60（>=21.0 次/日）），候选 1315 个，接驳时间预算 15.0 分钟，设施上限 20
20:04:01 INFO    evtol_siting.solver_status [cost_priority] 已证明最优（相对间隙 <= 1e-09）
20:04:01 INFO    evtol_siting.stage3_ip     [cost_priority] 解: 11 个起降场，总成本 3.14 亿元，需求覆盖率 96.1%，人口覆盖率 95.8%，核心覆盖率 100.0%（耗时 0.86s，已证明最优）
20:04:01 INFO    evtol_siting.stage3_ip     [coverage_priority] 需求单元 2519 个（核心 1008 个，阈值 分位数 0.60（>=21.0 次/日）），候选 1315 个，接驳时间预算 15.0 分钟，设施上限 35
20:04:01 INFO    evtol_siting.solver_status [coverage_priority] 已证明最优（相对间隙 <= 1e-09）
20:04:01 INFO    evtol_siting.stage3_ip     [coverage_priority] 解: 10 个起降场，总成本 5.45 亿元，需求覆盖率 96.7%，人口覆盖率 96.5%，核心覆盖率 100.0%（耗时 0.40s，已证明最优）
20:04:01 INFO    evtol_siting.stage3_ip     阶段三完成: 2 个情景求解成功（cost_priority=Optimal, coverage_priority=Optimal）
20:04:01 INFO    evtol_siting.stage4_nsga2  问题实例: 2519 个需求单元（核心 1008），1315 个候选；接驳预算 15.0 分钟；单点最大可覆盖 299 个核心单元（占核心 29.7%）
20:04:01 INFO    scheme_family              候选 1315 个，需求单元 2519 个，总需求 50339 次/日
20:04:01 INFO    scheme_family              
20:04:01 INFO    scheme_family              ── 步骤 1：固定 N=10 的方案族（不同目标 → 不同布局）──
20:04:01 INFO    evtol_siting.schemes       生成固定规模方案族: N=10，4 个目标
20:04:03 INFO    evtol_siting.solver_status [最低成本] 已证明最优（相对间隙 <= 1e-09）
20:04:03 INFO    evtol_siting.schemes       [最低成本] N=10 固定规模: 10 站 | 总接驳 461307 分钟·次/日 | 最差人群 10.04 分钟 | 覆盖 95.7% | 成本 3.21 亿元 | 耗时 1.2s
20:05:31 INFO    evtol_siting.solver_status [最短接驳（距离最近）] 已证明最优（相对间隙 <= 1e-09）
20:05:31 INFO    evtol_siting.schemes       [最短接驳（距离最近）] N=10 固定规模: 10 站 | 总接驳 453744 分钟·次/日 | 最差人群 9.75 分钟 | 覆盖 96.2% | 成本 4.53 亿元 | 耗时 88.4s
20:05:51 INFO    evtol_siting.solver_status [最大覆盖] 已证明最优（相对间隙 <= 1e-09）
20:05:51 INFO    evtol_siting.schemes       [最大覆盖] N=10 固定规模: 10 站 | 总接驳 496436 分钟·次/日 | 最差人群 10.36 分钟 | 覆盖 98.4% | 成本 4.68 亿元 | 耗时 20.0s
20:18:12 WARNING evtol_siting.solver_status [最均衡体验] 未证明最优：相对间隙 不可读（可能为纯 LP） —— 返回当前最好解。论文引用该结果时须写成「求解至相对间隙 X%」而非「最优」。
20:18:12 INFO    evtol_siting.schemes       [最均衡体验] N=10 固定规模: 10 站 | 总接驳 455479 分钟·次/日 | 最差人群 10.09 分钟 | 覆盖 96.0% | 成本 4.99 亿元 | 耗时 741.2s
20:18:12 WARNING evtol_siting.schemes       方案 '最均衡体验' **保留**但未证明最优（相对间隙 不可读）——引用该行时须写成「求解至相对间隙 X%」而非「最优」。
20:18:12 INFO    evtol_siting.schemes       方案族生成完成: 4/4 成功
20:18:12 INFO    scheme_family                 站点清单已写出: scheme_family_sites.csv（40 行，4 套方案）
20:18:12 INFO    scheme_family              
20:18:12 INFO    scheme_family              方案族对照（论文表）:
20:18:12 INFO    scheme_family              
      name  n_sites  cost_1e8  total_access_time  demand_coverage_pct  worst_group_access_time_min
      最低成本       10     3.211        461307.0134              95.6999                      10.0382
最短接驳（距离最近）       10     4.530        453744.0917              96.2053                       9.7503
      最大覆盖       10     4.681        496436.2396              98.4470                      10.3593
     最均衡体验       10     4.990        455479.2247              95.9728                      10.0866
20:18:12 INFO    scheme_family              
20:18:12 INFO    scheme_family              方案族内部支配关系（行是否支配列）:
20:18:12 INFO    scheme_family                 最低成本             支配: （无）
20:18:12 INFO    scheme_family                 最短接驳（距离最近）       支配: 最均衡体验
20:18:12 INFO    scheme_family                 最大覆盖             支配: （无）
20:18:12 INFO    scheme_family                 最均衡体验            支配: （无）
20:18:12 INFO    scheme_family              
20:18:12 INFO    scheme_family              ── 步骤 2：保规模杂交（子代恒含 10 站，以方案族为初始种群）──
20:18:12 INFO    scheme_family              注入 4 个方案族个体作为初始种子
20:18:12 INFO    evtol_siting.nsga2_core    初始种群: 100 个个体 × 1315 维，站点数 恒为 10（固定规模模式，保规模算子）
20:19:54 INFO    scheme_family                 第 1/5 次: 前沿 100 解，站点数恒为 10: 是，耗时 102s
20:19:54 INFO    evtol_siting.nsga2_core    初始种群: 100 个个体 × 1315 维，站点数 恒为 10（固定规模模式，保规模算子）
20:21:39 INFO    scheme_family                 第 2/5 次: 前沿 100 解，站点数恒为 10: 是，耗时 105s
20:21:39 INFO    evtol_siting.nsga2_core    初始种群: 100 个个体 × 1315 维，站点数 恒为 10（固定规模模式，保规模算子）
20:23:19 INFO    scheme_family                 第 3/5 次: 前沿 100 解，站点数恒为 10: 是，耗时 100s
20:23:19 INFO    evtol_siting.nsga2_core    初始种群: 100 个个体 × 1315 维，站点数 恒为 10（固定规模模式，保规模算子）
20:25:00 INFO    scheme_family                 第 4/5 次: 前沿 100 解，站点数恒为 10: 是，耗时 101s
20:25:00 INFO    evtol_siting.nsga2_core    初始种群: 100 个个体 × 1315 维，站点数 恒为 10（固定规模模式，保规模算子）
20:26:43 INFO    scheme_family                 第 5/5 次: 前沿 100 解，站点数恒为 10: 是，耗时 103s
20:26:43 INFO    scheme_family                 ✓ 全部运行的解都恰好含 10 个站——保规模算子有效
20:26:43 INFO    scheme_family              
20:26:43 INFO    scheme_family              ── 步骤 3：对照（自由规模 NSGA-II，设施数由模型自定）──
20:26:43 INFO    evtol_siting.nsga2_core    初始种群: 100 个个体 × 1315 维，站点数 区间 (12, 400)（区间初始化，自由规模）
20:27:28 INFO    scheme_family                 第 1/5 次: 前沿 100 解，站点数 10–371
20:27:28 INFO    evtol_siting.nsga2_core    初始种群: 100 个个体 × 1315 维，站点数 区间 (12, 400)（区间初始化，自由规模）
20:28:07 INFO    scheme_family                 第 2/5 次: 前沿 100 解，站点数 10–396
20:28:07 INFO    evtol_siting.nsga2_core    初始种群: 100 个个体 × 1315 维，站点数 区间 (12, 400)（区间初始化，自由规模）
20:28:52 INFO    scheme_family                 第 3/5 次: 前沿 100 解，站点数 10–400
20:28:52 INFO    evtol_siting.nsga2_core    初始种群: 100 个个体 × 1315 维，站点数 区间 (12, 400)（区间初始化，自由规模）
20:29:40 INFO    scheme_family                 第 4/5 次: 前沿 100 解，站点数 10–410
20:29:40 INFO    evtol_siting.nsga2_core    初始种群: 100 个个体 × 1315 维，站点数 区间 (12, 400)（区间初始化，自由规模）
20:30:29 INFO    scheme_family                 第 5/5 次: 前沿 100 解，站点数 10–373
20:30:29 INFO    scheme_family              
20:30:29 INFO    scheme_family              ── 步骤 4：统一参考点下的对照 ──
20:30:57 INFO    scheme_family              
                approach  n_solutions  hypervolume  min_cost_1e8  min_unserved  min_inequity
    Scheme family (N=10)            4 2.228119e+19      3.211001    781.743607      9.750348
     Fixed-N GA breeding          330 3.167292e+19      2.580038    781.743607      9.422210
Free-cardinality NSGA-II          253 1.689310e+20      3.211001      0.000000      5.962387
20:30:57 INFO    scheme_family              
20:30:57 INFO    scheme_family              方案族中被**杂交结果支配**的：1/4（25%）
20:30:57 INFO    scheme_family              判读：若比例高，说明『杂交不同方案』确实产出了优于任一单目标方案的折中解——这正是该设计的价值所在；若为 0，说明方案族本身已在前沿上，杂交没有带来改进，应如实报告。
20:30:57 INFO    scheme_family              
20:30:57 INFO    scheme_family              ==============================================================================
20:30:57 INFO    scheme_family               完成。输出目录: evtol_siting\outputs\tables
20:30:57 INFO    scheme_family               文件: scheme_family.csv / scheme_family_ga_runs.csv / scheme_family_free_runs.csv / scheme_family_comparison.csv
20:30:57 INFO    scheme_family              ==============================================================================
