cand_id,facility_type,x,y,height_m,roof_usable_m2,parcel_area_m2,height_source,osm_id,building_type,n_fato,capacity,cost,quality,cell_id
0,ground,404227.3738420745,3379481.792718504,0.0,,250000.0,n/a,-1,ground,2,50.0,57000000.0,0.75,338.0
1,ground,404227.3738420745,3378481.792718504,0.0,,250000.0,n/a,-1,ground,2,50.0,57000000.0,0.75,336.0
2,ground,404227.3738420745,3377981.792718504,0.0,,250000.0,n/a,-1,ground,2,50.0,57000000.0,0.75,335.0
3,ground,404227.3738420745,3377481.792718504,0.0,,250000.0,n/a,-1,ground,2,50.0,57000000.0,0.75,334.0
4,ground,404227.3738420745,3376981.792718504,0.0,,250000.0,n/a,-1,ground,2,50.0,57000000.0,0.75,333.0
5,ground,404227.3738420745,3376481.792718504,0.0,,250000.0,n/a,-1,ground,2,50.0,57000000.0,0.75,332.0
6,ground,404227.3738420745,3375981.792718504,0.0,,250000.0,n/a,-1,ground,2,50.0,57000000.0,0.75,331.0
7,ground,403727.3738420745,3401481.792718504,0.0,,250000.0,n/a,-1,ground,2,50.0,57000000.0,0.75,329.0
8,ground,403727.3738420745,3400981.792718504,0.0,,250000.0,n/a,-1,ground,2,50.0,57000000.0,0.75,328.0
9,ground,403727.3738420745,3400481.792718504,0.0,,250000.0,n/a,-1,ground,2,50.0,57000000.0,0.75,327.0
10,ground,411727.3738420745,3373981.792718504,0.0,,250000.0,n/a,-1,ground,2,50.0,57000000.0,0.75,1367.0
11,ground,404227.3738420745,3378981.792718504,0.0,,250000.0,n/a,-1,ground,2,50.0,57000000.0,0.75,337.0
12,ground,404227.3738420745,3379981.792718504,0.0,,250000.0,n/a,-1,ground,2,50.0,57000000.0,0.75,339.0
13,ground,400727.3738420745,3390481.792718504,0.0,,250000.0,n/a,-1,ground,2,50.0,57000000.0,0.75,85.0
14,ground,404227.3738420745,3380481.792718504,0.0,,250000.0,n/a,-1,ground,2,50.0,57000000.0,0.75,340.0
15,ground,404227.3738420745,3401481.792718504,0.0,,250000.0,n/a,-1,ground,2,50.0,57000000.0,0.75,382.0
16,ground,404227.3738420745,3400981.792718504,0.0,,250000.0,n/a,-1,ground,2,50.0,57000000.0,0.75,381.0
17,ground,404227.3738420745,3400481.792718504,0.0,,250000.0,n/a,-1,ground,2,50.0,57000000.0,0.75,380.0
18,ground,411727.3738420745,3373481.792718504,0.0,,250000.0,n/a,-1,ground,2,50.0,57000000.0,0.75,1366.0
19,ground,404227.3738420745,3399481.792718504,0.0,,250000.0,n/a,-1,ground,2,50.0,57000000.0,0.75,378.0
20,ground,404227.3738420745,3398981.792718504,0.0,,250000.0,n/a,-1,ground,2,50.0,57000000.0,0.75,377.0
21,ground,404227.3738420745,3398481.792718504,0.0,,250000.0,n/a,-1,ground,2,50.0,57000000.0,0.75,376.0
22,ground,404227.3738420745,3397981.792718504,0.0,,250000.0,n/a,-1,ground,2,50.0,57000000.0,0.75,375.0
23,ground,404227.3738420745,3397481.792718504,0.0,,250000.0,n/a,-1,ground,2,50.0,57000000.0,0.75,374.0
24,ground,404227.3738420745,3395981.792718504,0.0,,250000.0,n/a,-1,ground,2,50.0,57000000.0,0.75,371.0
25,ground,404227.3738420745,3392481.792718504,0.0,,250000.0,n/a,-1,ground,2,50.0,57000000.0,0.75,364.0
26,ground,411727.3738420745,3374481.792718504,0.0,,250000.0,n/a,-1,ground,2,50.0,57000000.0,0.75,1368.0
27,ground,403727.3738420745,3390981.792718504,0.0,,250000.0,n/a,-1,ground,2,50.0,57000000.0,0.75,308.0
28,ground,403727.3738420745,3378981.792718504,0.0,,250000.0,n/a,-1,ground,2,50.0,57000000.0,0.75,284.0
29,ground,402227.3738420745,3391981.792718504,0.0,,250000.0,n/a,-1,ground,2,50.0,57000000.0,0.75,184.0
30,ground,402227.3738420745,3390981.792718504,0.0,,250000.0,n/a,-1,ground,2,50.0,57000000.0,0.75,182.0
31,ground,401727.3738420745,3391981.792718504,0.0,,250000.0,n/a,-1,ground,2,50.0,57000000.0,0.75,149.0
32,ground,401727.3738420745,3391481.792718504,0.0,,250000.0,n/a,-1,ground,2,50.0,57000000.0,0.75,148.0
33,ground,401727.3738420745,3390981.792718504,0.0,,250000.0,n/a,-1,ground,2,50.0,57000000.0,0.75,147.0
34,ground,401227.3738420745,3391481.792718504,0.0,,250000.0,n/a,-1,ground,2,50.0,57000000.0,0.75,116.0
35,ground,401227.3738420745,3390981.792718504,0.0,,250000.0,n/a,-1,ground,2,50.0,57000000.0,0.75,115.0
36,ground,401227.3738420745,3390481.792718504,0.0,,250000.0,n/a,-1,ground,2,50.0,57000000.0,0.75,114.0
37,ground,401227.3738420745,3389981.792718504,0.0,,250000.0,n/a,-1,ground,2,50.0,57000000.0,0.75,113.0
38,ground,401227.3738420745,3389481.792718504,0.0,,250000.0,n/a,-1,ground,2,50.0,57000000.0,0.75,112.0
39,ground,400727.3738420745,3391481.792718504,0.0,,250000.0,n/a,-1,ground,2,50.0,57000000.0,0.75,87.0
40,ground,402227.3738420745,3392981.792718504,0.0,,250000.0,n/a,-1,ground,2,50.0,57000000.0,0.75,186.0
41,ground,402727.3738420745,3390481.792718504,0.0,,250000.0,n/a,-1,ground,2,50.0,57000000.0,0.75,219.0
42,ground,402727.3738420745,3390981.792718504,0.0,,250000.0,n/a,-1,ground,2,50.0,57000000.0,0.75,220.0
43,ground,403727.3738420745,3378481.792718504,0.0,,250000.0,n/a,-1,ground,2,50.0,57000000.0,0.75,283.0
44,ground,403227.3738420745,3400981.792718504,0.0,,250000.0,n/a,-1,ground,2,50.0,57000000.0,0.75,281.0
45,ground,403227.3738420745,3393481.792718504,0.0,,250000.0,n/a,-1,ground,2,50.0,57000000.0,0.75,266.0
46,ground,403227.3738420745,3390981.792718504,0.0,,250000.0,n/a,-1,ground,2,50.0,57000000.0,0.75,261.0
47,ground,403227.3738420745,3390481.792718504,0.0,,250000.0,n/a,-1,ground,2,50.0,57000000.0,0.75,260.0
48,ground,402727.3738420745,3393481.792718504,0.0,,250000.0,n/a,-1,ground,2,50.0,57000000.0,0.75,225.0
49,ground,402727.3738420745,3392481.792718504,0.0,,250000.0,n/a,-1,ground,2,50.0,57000000.0,0.75,223.0
50,ground,411727.3738420745,3372981.792718504,0.0,,250000.0,n/a,-1,ground,2,50.0,57000000.0,0.75,1365.0
51,ground,404727.3738420745,3373981.792718504,0.0,,250000.0,n/a,-1,ground,2,50.0,57000000.0,0.75,384.0
52,ground,404727.3738420745,3374481.792718504,0.0,,250000.0,n/a,-1,ground,2,50.0,57000000.0,0.75,385.0
53,ground,405227.3738420745,3380481.792718504,0.0,,250000.0,n/a,-1,ground,2,50.0,57000000.0,0.75,458.0
54,ground,405727.3738420745,3375981.792718504,0.0,,250000.0,n/a,-1,ground,2,50.0,57000000.0,0.75,513.0
55,ground,405727.3738420745,3374981.792718504,0.0,,250000.0,n/a,-1,ground,2,50.0,57000000.0,0.75,511.0
56,ground,405727.3738420745,3373981.792718504,0.0,,250000.0,n/a,-1,ground,2,50.0,57000000.0,0.75,509.0
57,ground,405727.3738420745,3373481.792718504,0.0,,250000.0,n/a,-1,ground,2,50.0,57000000.0,0.75,508.0
58,ground,405727.3738420745,3372981.792718504,0.0,,250000.0,n/a,-1,ground,2,50.0,57000000.0,0.75,507.0
59,ground,405727.3738420745,3372481.792718504,0.0,,250000.0,n/a,-1,ground,2,50.0,57000000.0,0.75,506.0
60,ground,405727.3738420745,3370981.792718504,0.0,,250000.0,n/a,-1,ground,2,50.0,57000000.0,0.75,503.0
61,ground,405227.3738420745,3402481.792718504,0.0,,250000.0,n/a,-1,ground,2,50.0,57000000.0,0.75,502.0
62,ground,405227.3738420745,3401481.792718504,0.0,,250000.0,n/a,-1,ground,2,50.0,57000000.0,0.75,500.0
63,ground,405227.3738420745,3400481.792718504,0.0,,250000.0,n/a,-1,ground,2,50.0,57000000.0,0.75,498.0
64,ground,405227.3738420745,3399981.792718504,0.0,,250000.0,n/a,-1,ground,2,50.0,57000000.0,0.75,497.0
65,ground,411727.3738420745,3368481.792718504,0.0,,250000.0,n/a,-1,ground,2,50.0,57000000.0,0.75,1356.0
66,ground,405727.3738420745,3376481.792718504,0.0,,250000.0,n/a,-1,ground,2,50.0,57000000.0,0.75,514.0
67,ground,405727.3738420745,3378481.792718504,0.0,,250000.0,n/a,-1,ground,2,50.0,57000000.0,0.75,518.0
68,ground,406227.3738420745,3373981.792718504,0.0,,250000.0,n/a,-1,ground,2,50.0,57000000.0,0.75,576.0
69,ground,406227.3738420745,3373481.792718504,0.0,,250000.0,n/a,-1,ground,2,50.0,57000000.0,0.75,575.0
70,ground,406227.3738420745,3372981.792718504,0.0,,250000.0,n/a,-1,ground,2,50.0,57000000.0,0.75,574.0
71,ground,406227.3738420745,3371981.792718504,0.0,,250000.0,n/a,-1,ground,2,50.0,57000000.0,0.75,572.0
72,ground,406227.3738420745,3371481.792718504,0.0,,250000.0,n/a,-1,ground,2,50.0,57000000.0,0.75,571.0
73,ground,406227.3738420745,3370981.792718504,0.0,,250000.0,n/a,-1,ground,2,50.0,57000000.0,0.75,570.0
74,ground,406227.3738420745,3370481.792718504,0.0,,250000.0,n/a,-1,ground,2,50.0,57000000.0,0.75,569.0
75,ground,405727.3738420745,3400981.792718504,0.0,,250000.0,n/a,-1,ground,2,50.0,57000000.0,0.75,563.0
76,ground,405727.3738420745,3399981.792718504,0.0,,250000.0,n/a,-1,ground,2,50.0,57000000.0,0.75,561.0
77,ground,405727.3738420745,3399481.792718504,0.0,,250000.0,n/a,-1,ground,2,50.0,57000000.0,0.75,560.0
78,ground,405727.3738420745,3398481.792718504,0.0,,250000.0,n/a,-1,ground,2,50.0,57000000.0,0.75,558.0
79,ground,405727.3738420745,3397981.792718504,0.0,,250000.0,n/a,-1,ground,2,50.0,57000000.0,0.75,557.0
80,ground,405727.3738420745,3380481.792718504,0.0,,250000.0,n/a,-1,ground,2,50.0,57000000.0,0.75,522.0
81,ground,405727.3738420745,3379981.792718504,0.0,,250000.0,n/a,-1,ground,2,50.0,57000000.0,0.75,521.0
82,ground,405227.3738420745,3379981.792718504,0.0,,250000.0,n/a,-1,ground,2,50.0,57000000.0,0.75,457.0
83,ground,404727.3738420745,3374981.792718504,0.0,,250000.0,n/a,-1,ground,2,50.0,57000000.0,0.75,386.0
84,ground,411727.3738420745,3368981.792718504,0.0,,250000.0,n/a,-1,ground,2,50.0,57000000.0,0.75,1357.0
85,ground,404727.3738420745,3397981.792718504,0.0,,250000.0,n/a,-1,ground,2,50.0,57000000.0,0.75,432.0
86,ground,404727.3738420745,3395981.792718504,0.0,,250000.0,n/a,-1,ground,2,50.0,57000000.0,0.75,428.0
87,ground,404727.3738420745,3391481.792718504,0.0,,250000.0,n/a,-1,ground,2,50.0,57000000.0,0.75,419.0
88,ground,404727.3738420745,3380481.792718504,0.0,,250000.0,n/a,-1,ground,2,50.0,57000000.0,0.75,397.0
89,ground,404727.3738420745,3379981.792718504,0.0,,250000.0,n/a,-1,ground,2,50.0,57000000.0,0.75,396.0
90,ground,404727.3738420745,3379481.792718504,0.0,,250000.0,n/a,-1,ground,2,50.0,57000000.0,0.75,395.0
91,ground,404727.3738420745,3378981.792718504,0.0,,250000.0,n/a,-1,ground,2,50.0,57000000.0,0.75,394.0
92,ground,411727.3738420745,3371981.792718504,0.0,,250000.0,n/a,-1,ground,2,50.0,57000000.0,0.75,1363.0
93,ground,404727.3738420745,3377481.792718504,0.0,,250000.0,n/a,-1,ground,2,50.0,57000000.0,0.75,391.0
94,ground,404727.3738420745,3376981.792718504,0.0,,250000.0,n/a,-1,ground,2,50.0,57000000.0,0.75,390.0
95,ground,411727.3738420745,3372481.792718504,0.0,,250000.0,n/a,-1,ground,2,50.0,57000000.0,0.75,1364.0
96,ground,404727.3738420745,3375481.792718504,0.0,,250000.0,n/a,-1,ground,2,50.0,57000000.0,0.75,387.0
97,ground,404727.3738420745,3398981.792718504,0.0,,250000.0,n/a,-1,ground,2,50.0,57000000.0,0.75,434.0
98,ground,404727.3738420745,3399481.792718504,0.0,,250000.0,n/a,-1,ground,2,50.0,57000000.0,0.75,435.0
99,ground,404727.3738420745,3399981.792718504,0.0,,250000.0,n/a,-1,ground,2,50.0,57000000.0,0.75,436.0
100,ground,405227.3738420745,3374981.792718504,0.0,,250000.0,n/a,-1,ground,2,50.0,57000000.0,0.75,447.0
101,ground,405227.3738420745,3378981.792718504,0.0,,250000.0,n/a,-1,ground,2,50.0,57000000.0,0.75,455.0
102,ground,411727.3738420745,3369481.792718504,0.0,,250000.0,n/a,-1,ground,2,50.0,57000000.0,0.75,1358.0
103,ground,405227.3738420745,3377981.792718504,0.0,,250000.0,n/a,-1,ground,2,50.0,57000000.0,0.75,453.0
104,ground,405227.3738420745,3376981.792718504,0.0,,250000.0,n/a,-1,ground,2,50.0,57000000.0,0.75,451.0
105,ground,405227.3738420745,3376481.792718504,0.0,,250000.0,n/a,-1,ground,2,50.0,57000000.0,0.75,450.0
106,ground,405227.3738420745,3375981.792718504,0.0,,250000.0,n/a,-1,ground,2,50.0,57000000.0,0.75,449.0
107,ground,405227.3738420745,3375481.792718504,0.0,,250000.0,n/a,-1,ground,2,50.0,57000000.0,0.75,448.0
108,ground,405227.3738420745,3373981.792718504,0.0,,250000.0,n/a,-1,ground,2,50.0,57000000.0,0.75,445.0
109,ground,411727.3738420745,3370481.792718504,0.0,,250000.0,n/a,-1,ground,2,50.0,57000000.0,0.75,1360.0
110,ground,405227.3738420745,3373481.792718504,0.0,,250000.0,n/a,-1,ground,2,50.0,57000000.0,0.75,444.0
111,ground,405227.3738420745,3372981.792718504,0.0,,250000.0,n/a,-1,ground,2,50.0,57000000.0,0.75,443.0
112,ground,405227.3738420745,3372481.792718504,0.0,,250000.0,n/a,-1,ground,2,50.0,57000000.0,0.75,442.0
113,ground,411727.3738420745,3369981.792718504,0.0,,250000.0,n/a,-1,ground,2,50.0,57000000.0,0.75,1359.0
114,ground,404727.3738420745,3401981.792718504,0.0,,250000.0,n/a,-1,ground,2,50.0,57000000.0,0.75,440.0
115,ground,404727.3738420745,3401481.792718504,0.0,,250000.0,n/a,-1,ground,2,50.0,57000000.0,0.75,439.0
116,ground,404727.3738420745,3400981.792718504,0.0,,250000.0,n/a,-1,ground,2,50.0,57000000.0,0.75,438.0
117,ground,400727.3738420745,3390981.792718504,0.0,,250000.0,n/a,-1,ground,2,50.0,57000000.0,0.75,86.0
118,ground,400727.3738420745,3389981.792718504,0.0,,250000.0,n/a,-1,ground,2,50.0,57000000.0,0.75,84.0
119,ground,413227.3738420745,3382481.792718504,0.0,,250000.0,n/a,-1,ground,2,50.0,57000000.0,0.75,1603.0
120,ground,412727.3738420745,3376481.792718504,0.0,,250000.0,n/a,-1,ground,2,50.0,57000000.0,0.75,1519.0
121,ground,412727.3738420745,3377481.792718504,0.0,,250000.0,n/a,-1,ground,2,50.0,57000000.0,0.75,1521.0
122,ground,412727.3738420745,3377981.792718504,0.0,,250000.0,n/a,-1,ground,2,50.0,57000000.0,0.75,1522.0
123,ground,412727.3738420745,3379481.792718504,0.0,,250000.0,n/a,-1,ground,2,50.0,57000000.0,0.75,1525.0
124,ground,412727.3738420745,3381481.792718504,0.0,,250000.0,n/a,-1,ground,2,50.0,57000000.0,0.75,1529.0
125,ground,412727.3738420745,3381981.792718504,0.0,,250000.0,n/a,-1,ground,2,50.0,57000000.0,0.75,1530.0
126,ground,412727.3738420745,3382481.792718504,0.0,,250000.0,n/a,-1,ground,2,50.0,57000000.0,0.75,1531.0
127,ground,412727.3738420745,3382981.792718504,0.0,,250000.0,n/a,-1,ground,2,50.0,57000000.0,0.75,1532.0
128,ground,412727.3738420745,3383481.792718504,0.0,,250000.0,n/a,-1,ground,2,50.0,57000000.0,0.75,1533.0
129,ground,412727.3738420745,3384481.792718504,0.0,,250000.0,n/a,-1,ground,2,50.0,57000000.0,0.75,1535.0
130,ground,412727.3738420745,3376981.792718504,0.0,,250000.0,n/a,-1,ground,2,50.0,57000000.0,0.75,1520.0
131,ground,412727.3738420745,3375981.792718504,0.0,,250000.0,n/a,-1,ground,2,50.0,57000000.0,0.75,1518.0
132,ground,400727.3738420745,3389481.792718504,0.0,,250000.0,n/a,-1,ground,2,50.0,57000000.0,0.75,83.0
133,ground,412727.3738420745,3375481.792718504,0.0,,250000.0,n/a,-1,ground,2,50.0,57000000.0,0.75,1517.0
134,ground,412727.3738420745,3366481.792718504,0.0,,250000.0,n/a,-1,ground,2,50.0,57000000.0,0.75,1499.0
135,ground,412727.3738420745,3366981.792718504,0.0,,250000.0,n/a,-1,ground,2,50.0,57000000.0,0.75,1500.0
136,ground,412727.3738420745,3367481.792718504,0.0,,250000.0,n/a,-1,ground,2,50.0,57000000.0,0.75,1501.0
137,ground,412727.3738420745,3367981.792718504,0.0,,250000.0,n/a,-1,ground,2,50.0,57000000.0,0.75,1502.0
138,ground,412727.3738420745,3368481.792718504,0.0,,250000.0,n/a,-1,ground,2,50.0,57000000.0,0.75,1503.0
139,ground,412727.3738420745,3368981.792718504,0.0,,250000.0,n/a,-1,ground,2,50.0,57000000.0,0.75,1504.0
140,ground,412727.3738420745,3369481.792718504,0.0,,250000.0,n/a,-1,ground,2,50.0,57000000.0,0.75,1505.0
141,ground,412727.3738420745,3370481.792718504,0.0,,250000.0,n/a,-1,ground,2,50.0,57000000.0,0.75,1507.0
142,ground,412727.3738420745,3370981.792718504,0.0,,250000.0,n/a,-1,ground,2,50.0,57000000.0,0.75,1508.0
143,ground,412727.3738420745,3371481.792718504,0.0,,250000.0,n/a,-1,ground,2,50.0,57000000.0,0.75,1509.0
144,ground,412727.3738420745,3373981.792718504,0.0,,250000.0,n/a,-1,ground,2,50.0,57000000.0,0.75,1514.0
145,ground,412727.3738420745,3374481.792718504,0.0,,250000.0,n/a,-1,ground,2,50.0,57000000.0,0.75,1515.0
146,ground,412727.3738420745,3374981.792718504,0.0,,250000.0,n/a,-1,ground,2,50.0,57000000.0,0.75,1516.0
147,ground,412727.3738420745,3386481.792718504,0.0,,250000.0,n/a,-1,ground,2,50.0,57000000.0,0.75,1539.0
148,ground,413227.3738420745,3373481.792718504,0.0,,250000.0,n/a,-1,ground,2,50.0,57000000.0,0.75,1585.0
149,ground,413227.3738420745,3373981.792718504,0.0,,250000.0,n/a,-1,ground,2,50.0,57000000.0,0.75,1586.0
150,ground,413227.3738420745,3374481.792718504,0.0,,250000.0,n/a,-1,ground,2,50.0,57000000.0,0.75,1587.0
151,ground,413227.3738420745,3374981.792718504,0.0,,250000.0,n/a,-1,ground,2,50.0,57000000.0,0.75,1588.0
152,ground,413227.3738420745,3375481.792718504,0.0,,250000.0,n/a,-1,ground,2,50.0,57000000.0,0.75,1589.0
153,ground,413227.3738420745,3375981.792718504,0.0,,250000.0,n/a,-1,ground,2,50.0,57000000.0,0.75,1590.0
154,ground,413227.3738420745,3376481.792718504,0.0,,250000.0,n/a,-1,ground,2,50.0,57000000.0,0.75,1591.0
155,ground,413227.3738420745,3376981.792718504,0.0,,250000.0,n/a,-1,ground,2,50.0,57000000.0,0.75,1592.0
156,ground,413227.3738420745,3377481.792718504,0.0,,250000.0,n/a,-1,ground,2,50.0,57000000.0,0.75,1593.0
157,ground,413227.3738420745,3377981.792718504,0.0,,250000.0,n/a,-1,ground,2,50.0,57000000.0,0.75,1594.0
158,ground,413227.3738420745,3379481.792718504,0.0,,250000.0,n/a,-1,ground,2,50.0,57000000.0,0.75,1597.0
159,ground,413227.3738420745,3371981.792718504,0.0,,250000.0,n/a,-1,ground,2,50.0,57000000.0,0.75,1582.0
160,ground,413227.3738420745,3371481.792718504,0.0,,250000.0,n/a,-1,ground,2,50.0,57000000.0,0.75,1581.0
161,ground,413227.3738420745,3370981.792718504,0.0,,250000.0,n/a,-1,ground,2,50.0,57000000.0,0.75,1580.0
162,ground,411227.3738420745,3373481.792718504,0.0,,250000.0,n/a,-1,ground,2,50.0,57000000.0,0.75,1293.0
163,ground,413227.3738420745,3367481.792718504,0.0,,250000.0,n/a,-1,ground,2,50.0,57000000.0,0.75,1573.0
164,ground,413227.3738420745,3367981.792718504,0.0,,250000.0,n/a,-1,ground,2,50.0,57000000.0,0.75,1574.0
165,ground,413227.3738420745,3368481.792718504,0.0,,250000.0,n/a,-1,ground,2,50.0,57000000.0,0.75,1575.0
166,ground,413227.3738420745,3369481.792718504,0.0,,250000.0,n/a,-1,ground,2,50.0,57000000.0,0.75,1577.0
167,ground,413227.3738420745,3369981.792718504,0.0,,250000.0,n/a,-1,ground,2,50.0,57000000.0,0.75,1578.0
168,ground,412227.3738420745,3368481.792718504,0.0,,250000.0,n/a,-1,ground,2,50.0,57000000.0,0.75,1430.0
169,ground,411727.3738420745,3383981.792718504,0.0,,250000.0,n/a,-1,ground,2,50.0,57000000.0,0.75,1387.0
170,ground,411727.3738420745,3383481.792718504,0.0,,250000.0,n/a,-1,ground,2,50.0,57000000.0,0.75,1386.0
171,ground,411727.3738420745,3382981.792718504,0.0,,250000.0,n/a,-1,ground,2,50.0,57000000.0,0.75,1385.0
172,ground,411727.3738420745,3381981.792718504,0.0,,250000.0,n/a,-1,ground,2,50.0,57000000.0,0.75,1383.0
173,ground,399727.3738420745,3389981.792718504,0.0,,250000.0,n/a,-1,ground,2,50.0,57000000.0,0.75,35.0
174,ground,400227.3738420745,3390981.792718504,0.0,,250000.0,n/a,-1,ground,2,50.0,57000000.0,0.75,60.0
175,ground,400227.3738420745,3390481.792718504,0.0,,250000.0,n/a,-1,ground,2,50.0,57000000.0,0.75,59.0
176,ground,400227.3738420745,3389981.792718504,0.0,,250000.0,n/a,-1,ground,2,50.0,57000000.0,0.75,58.0
177,ground,400227.3738420745,3389481.792718504,0.0,,250000.0,n/a,-1,ground,2,50.0,57000000.0,0.75,57.0
178,ground,411727.3738420745,3374981.792718504,0.0,,250000.0,n/a,-1,ground,2,50.0,57000000.0,0.75,1369.0
179,ground,399727.3738420745,3390481.792718504,0.0,,250000.0,n/a,-1,ground,2,50.0,57000000.0,0.75,36.0
180,ground,411727.3738420745,3377481.792718504,0.0,,250000.0,n/a,-1,ground,2,50.0,57000000.0,0.75,1374.0
181,ground,411727.3738420745,3379981.792718504,0.0,,250000.0,n/a,-1,ground,2,50.0,57000000.0,0.75,1379.0
182,ground,412227.3738420745,3368981.792718504,0.0,,250000.0,n/a,-1,ground,2,50.0,57000000.0,0.75,1431.0
183,ground,412227.3738420745,3382481.792718504,0.0,,250000.0,n/a,-1,ground,2,50.0,57000000.0,0.75,1458.0
184,ground,412227.3738420745,3382981.792718504,0.0,,250000.0,n/a,-1,ground,2,50.0,57000000.0,0.75,1459.0
185,ground,412227.3738420745,3383481.792718504,0.0,,250000.0,n/a,-1,ground,2,50.0,57000000.0,0.75,1460.0
186,ground,412227.3738420745,3385481.792718504,0.0,,250000.0,n/a,-1,ground,2,50.0,57000000.0,0.75,1464.0
187,ground,412227.3738420745,3385981.792718504,0.0,,250000.0,n/a,-1,ground,2,50.0,57000000.0,0.75,1465.0
188,ground,412227.3738420745,3388481.792718504,0.0,,250000.0,n/a,-1,ground,2,50.0,57000000.0,0.75,1470.0
189,ground,412227.3738420745,3379981.792718504,0.0,,250000.0,n/a,-1,ground,2,50.0,57000000.0,0.75,1453.0
190,ground,412227.3738420745,3374981.792718504,0.0,,250000.0,n/a,-1,ground,2,50.0,57000000.0,0.75,1443.0
191,ground,412227.3738420745,3370481.792718504,0.0,,250000.0,n/a,-1,ground,2,50.0,57000000.0,0.75,1434.0
192,ground,412227.3738420745,3370981.792718504,0.0,,250000.0,n/a,-1,ground,2,50.0,57000000.0,0.75,1435.0
193,ground,412227.3738420745,3371481.792718504,0.0,,250000.0,n/a,-1,ground,2,50.0,57000000.0,0.75,1436.0
194,ground,412227.3738420745,3372981.792718504,0.0,,250000.0,n/a,-1,ground,2,50.0,57000000.0,0.75,1439.0
195,ground,412227.3738420745,3374481.792718504,0.0,,250000.0,n/a,-1,ground,2,50.0,57000000.0,0.75,1442.0
196,ground,412227.3738420745,3379481.792718504,0.0,,250000.0,n/a,-1,ground,2,50.0,57000000.0,0.75,1452.0
197,ground,412227.3738420745,3376481.792718504,0.0,,250000.0,n/a,-1,ground,2,50.0,57000000.0,0.75,1446.0
198,ground,412227.3738420745,3376981.792718504,0.0,,250000.0,n/a,-1,ground,2,50.0,57000000.0,0.75,1447.0
199,ground,412227.3738420745,3377481.792718504,0.0,,250000.0,n/a,-1,ground,2,50.0,57000000.0,0.75,1448.0
200,ground,412227.3738420745,3377981.792718504,0.0,,250000.0,n/a,-1,ground,2,50.0,57000000.0,0.75,1449.0
201,ground,412227.3738420745,3378481.792718504,0.0,,250000.0,n/a,-1,ground,2,50.0,57000000.0,0.75,1450.0
202,ground,406227.3738420745,3374481.792718504,0.0,,250000.0,n/a,-1,ground,2,50.0,57000000.0,0.75,577.0
203,ground,406227.3738420745,3374981.792718504,0.0,,250000.0,n/a,-1,ground,2,50.0,57000000.0,0.75,578.0
204,ground,406227.3738420745,3375481.792718504,0.0,,250000.0,n/a,-1,ground,2,50.0,57000000.0,0.75,579.0
205,ground,409727.3738420745,3375481.792718504,0.0,,250000.0,n/a,-1,ground,2,50.0,57000000.0,0.75,1078.0
206,ground,409727.3738420745,3374981.792718504,0.0,,250000.0,n/a,-1,ground,2,50.0,57000000.0,0.75,1077.0
207,ground,409727.3738420745,3373981.792718504,0.0,,250000.0,n/a,-1,ground,2,50.0,57000000.0,0.75,1075.0
208,ground,409727.3738420745,3373481.792718504,0.0,,250000.0,n/a,-1,ground,2,50.0,57000000.0,0.75,1074.0
209,ground,409727.3738420745,3372981.792718504,0.0,,250000.0,n/a,-1,ground,2,50.0,57000000.0,0.75,1073.0
210,ground,409727.3738420745,3372481.792718504,0.0,,250000.0,n/a,-1,ground,2,50.0,57000000.0,0.75,1072.0
211,ground,409727.3738420745,3371481.792718504,0.0,,250000.0,n/a,-1,ground,2,50.0,57000000.0,0.75,1070.0
212,ground,411227.3738420745,3377481.792718504,0.0,,250000.0,n/a,-1,ground,2,50.0,57000000.0,0.75,1301.0
213,ground,409727.3738420745,3368481.792718504,0.0,,250000.0,n/a,-1,ground,2,50.0,57000000.0,0.75,1064.0
214,ground,409727.3738420745,3367981.792718504,0.0,,250000.0,n/a,-1,ground,2,50.0,57000000.0,0.75,1063.0
215,ground,409727.3738420745,3367481.792718504,0.0,,250000.0,n/a,-1,ground,2,50.0,57000000.0,0.75,1062.0
216,ground,409227.3738420745,3402981.792718504,0.0,,250000.0,n/a,-1,ground,2,50.0,57000000.0,0.75,1061.0
217,ground,409227.3738420745,3389481.792718504,0.0,,250000.0,n/a,-1,ground,2,50.0,57000000.0,0.75,1034.0
218,ground,409227.3738420745,3381981.792718504,0.0,,250000.0,n/a,-1,ground,2,50.0,57000000.0,0.75,1019.0
219,ground,409727.3738420745,3375981.792718504,0.0,,250000.0,n/a,-1,ground,2,50.0,57000000.0,0.75,1079.0
220,ground,406227.3738420745,3375981.792718504,0.0,,250000.0,n/a,-1,ground,2,50.0,57000000.0,0.75,580.0
221,ground,410227.3738420745,3367481.792718504,0.0,,250000.0,n/a,-1,ground,2,50.0,57000000.0,0.75,1135.0
222,ground,409727.3738420745,3402981.792718504,0.0,,250000.0,n/a,-1,ground,2,50.0,57000000.0,0.75,1133.0
223,ground,409727.3738420745,3389981.792718504,0.0,,250000.0,n/a,-1,ground,2,50.0,57000000.0,0.75,1107.0
224,ground,409727.3738420745,3381981.792718504,0.0,,250000.0,n/a,-1,ground,2,50.0,57000000.0,0.75,1091.0
225,ground,408727.3738420745,3402481.792718504,0.0,,250000.0,n/a,-1,ground,2,50.0,57000000.0,0.75,988.0
226,ground,408727.3738420745,3401981.792718504,0.0,,250000.0,n/a,-1,ground,2,50.0,57000000.0,0.75,987.0
227,ground,408727.3738420745,3401481.792718504,0.0,,250000.0,n/a,-1,ground,2,50.0,57000000.0,0.75,986.0
228,ground,408727.3738420745,3400481.792718504,0.0,,250000.0,n/a,-1,ground,2,50.0,57000000.0,0.75,984.0
229,ground,408727.3738420745,3399981.792718504,0.0,,250000.0,n/a,-1,ground,2,50.0,57000000.0,0.75,983.0
230,ground,408727.3738420745,3399481.792718504,0.0,,250000.0,n/a,-1,ground,2,50.0,57000000.0,0.75,982.0
231,ground,408727.3738420745,3397981.792718504,0.0,,250000.0,n/a,-1,ground,2,50.0,57000000.0,0.75,979.0
232,ground,408727.3738420745,3380481.792718504,0.0,,250000.0,n/a,-1,ground,2,50.0,57000000.0,0.75,944.0
233,ground,411227.3738420745,3380481.792718504,0.0,,250000.0,n/a,-1,ground,2,50.0,57000000.0,0.75,1307.0
234,ground,409227.3738420745,3367481.792718504,0.0,,250000.0,n/a,-1,ground,2,50.0,57000000.0,0.75,990.0
235,ground,409227.3738420745,3367981.792718504,0.0,,250000.0,n/a,-1,ground,2,50.0,57000000.0,0.75,991.0
236,ground,409227.3738420745,3368481.792718504,0.0,,250000.0,n/a,-1,ground,2,50.0,57000000.0,0.75,992.0
237,ground,409227.3738420745,3374981.792718504,0.0,,250000.0,n/a,-1,ground,2,50.0,57000000.0,0.75,1005.0
238,ground,409227.3738420745,3376481.792718504,0.0,,250000.0,n/a,-1,ground,2,50.0,57000000.0,0.75,1008.0
239,ground,409227.3738420745,3375981.792718504,0.0,,250000.0,n/a,-1,ground,2,50.0,57000000.0,0.75,1007.0
240,ground,409227.3738420745,3375481.792718504,0.0,,250000.0,n/a,-1,ground,2,50.0,57000000.0,0.75,1006.0
241,ground,409227.3738420745,3374481.792718504,0.0,,250000.0,n/a,-1,ground,2,50.0,57000000.0,0.75,1004.0
242,ground,409227.3738420745,3369481.792718504,0.0,,250000.0,n/a,-1,ground,2,50.0,57000000.0,0.75,994.0
243,ground,409227.3738420745,3373981.792718504,0.0,,250000.0,n/a,-1,ground,2,50.0,57000000.0,0.75,1003.0
244,ground,409227.3738420745,3373481.792718504,0.0,,250000.0,n/a,-1,ground,2,50.0,57000000.0,0.75,1002.0
245,ground,409227.3738420745,3372981.792718504,0.0,,250000.0,n/a,-1,ground,2,50.0,57000000.0,0.75,1001.0
246,ground,409227.3738420745,3371981.792718504,0.0,,250000.0,n/a,-1,ground,2,50.0,57000000.0,0.75,999.0
247,ground,409227.3738420745,3369981.792718504,0.0,,250000.0,n/a,-1,ground,2,50.0,57000000.0,0.75,995.0
248,ground,411227.3738420745,3375981.792718504,0.0,,250000.0,n/a,-1,ground,2,50.0,57000000.0,0.75,1298.0
249,ground,410727.3738420745,3372981.792718504,0.0,,250000.0,n/a,-1,ground,2,50.0,57000000.0,0.75,1219.0
250,ground,410727.3738420745,3382481.792718504,0.0,,250000.0,n/a,-1,ground,2,50.0,57000000.0,0.75,1238.0
251,ground,410727.3738420745,3381981.792718504,0.0,,250000.0,n/a,-1,ground,2,50.0,57000000.0,0.75,1237.0
252,ground,410727.3738420745,3379981.792718504,0.0,,250000.0,n/a,-1,ground,2,50.0,57000000.0,0.75,1233.0
253,ground,410727.3738420745,3376981.792718504,0.0,,250000.0,n/a,-1,ground,2,50.0,57000000.0,0.75,1227.0
254,ground,410727.3738420745,3376481.792718504,0.0,,250000.0,n/a,-1,ground,2,50.0,57000000.0,0.75,1226.0
255,ground,410727.3738420745,3375981.792718504,0.0,,250000.0,n/a,-1,ground,2,50.0,57000000.0,0.75,1225.0
256,ground,410727.3738420745,3375481.792718504,0.0,,250000.0,n/a,-1,ground,2,50.0,57000000.0,0.75,1224.0
257,ground,410727.3738420745,3374981.792718504,0.0,,250000.0,n/a,-1,ground,2,50.0,57000000.0,0.75,1223.0
258,ground,410727.3738420745,3374481.792718504,0.0,,250000.0,n/a,-1,ground,2,50.0,57000000.0,0.75,1222.0
259,ground,410727.3738420745,3373981.792718504,0.0,,250000.0,n/a,-1,ground,2,50.0,57000000.0,0.75,1221.0
260,ground,411227.3738420745,3370481.792718504,0.0,,250000.0,n/a,-1,ground,2,50.0,57000000.0,0.75,1287.0
261,ground,411227.3738420745,3369981.792718504,0.0,,250000.0,n/a,-1,ground,2,50.0,57000000.0,0.75,1286.0
262,ground,411227.3738420745,3369481.792718504,0.0,,250000.0,n/a,-1,ground,2,50.0,57000000.0,0.75,1285.0
263,ground,411227.3738420745,3368481.792718504,0.0,,250000.0,n/a,-1,ground,2,50.0,57000000.0,0.75,1283.0
264,ground,411227.3738420745,3367981.792718504,0.0,,250000.0,n/a,-1,ground,2,50.0,57000000.0,0.75,1282.0
265,ground,411227.3738420745,3366981.792718504,0.0,,250000.0,n/a,-1,ground,2,50.0,57000000.0,0.75,1280.0
266,ground,410727.3738420745,3386481.792718504,0.0,,250000.0,n/a,-1,ground,2,50.0,57000000.0,0.75,1246.0
267,ground,411227.3738420745,3374481.792718504,0.0,,250000.0,n/a,-1,ground,2,50.0,57000000.0,0.75,1295.0
268,ground,410727.3738420745,3373481.792718504,0.0,,250000.0,n/a,-1,ground,2,50.0,57000000.0,0.75,1220.0
269,ground,410727.3738420745,3372481.792718504,0.0,,250000.0,n/a,-1,ground,2,50.0,57000000.0,0.75,1218.0
270,ground,410227.3738420745,3371981.792718504,0.0,,250000.0,n/a,-1,ground,2,50.0,57000000.0,0.75,1144.0
271,ground,410727.3738420745,3370981.792718504,0.0,,250000.0,n/a,-1,ground,2,50.0,57000000.0,0.75,1215.0
272,ground,410227.3738420745,3376481.792718504,0.0,,250000.0,n/a,-1,ground,2,50.0,57000000.0,0.75,1153.0
273,ground,410227.3738420745,3375981.792718504,0.0,,250000.0,n/a,-1,ground,2,50.0,57000000.0,0.75,1152.0
274,ground,410227.3738420745,3375481.792718504,0.0,,250000.0,n/a,-1,ground,2,50.0,57000000.0,0.75,1151.0
275,ground,410227.3738420745,3374981.792718504,0.0,,250000.0,n/a,-1,ground,2,50.0,57000000.0,0.75,1150.0
276,ground,410227.3738420745,3374481.792718504,0.0,,250000.0,n/a,-1,ground,2,50.0,57000000.0,0.75,1149.0
277,ground,410227.3738420745,3373981.792718504,0.0,,250000.0,n/a,-1,ground,2,50.0,57000000.0,0.75,1148.0
278,ground,410227.3738420745,3373481.792718504,0.0,,250000.0,n/a,-1,ground,2,50.0,57000000.0,0.75,1147.0
279,ground,410227.3738420745,3372981.792718504,0.0,,250000.0,n/a,-1,ground,2,50.0,57000000.0,0.75,1146.0
280,ground,410227.3738420745,3372481.792718504,0.0,,250000.0,n/a,-1,ground,2,50.0,57000000.0,0.75,1145.0
281,ground,410227.3738420745,3381981.792718504,0.0,,250000.0,n/a,-1,ground,2,50.0,57000000.0,0.75,1164.0
282,ground,410727.3738420745,3366981.792718504,0.0,,250000.0,n/a,-1,ground,2,50.0,57000000.0,0.75,1207.0
283,ground,410727.3738420745,3370481.792718504,0.0,,250000.0,n/a,-1,ground,2,50.0,57000000.0,0.75,1214.0
284,ground,410727.3738420745,3369981.792718504,0.0,,250000.0,n/a,-1,ground,2,50.0,57000000.0,0.75,1213.0
285,ground,410727.3738420745,3369481.792718504,0.0,,250000.0,n/a,-1,ground,2,50.0,57000000.0,0.75,1212.0
286,ground,410727.3738420745,3368981.792718504,0.0,,250000.0,n/a,-1,ground,2,50.0,57000000.0,0.75,1211.0
287,ground,410727.3738420745,3367481.792718504,0.0,,250000.0,n/a,-1,ground,2,50.0,57000000.0,0.75,1208.0
288,ground,410227.3738420745,3382481.792718504,0.0,,250000.0,n/a,-1,ground,2,50.0,57000000.0,0.75,1165.0
289,ground,410227.3738420745,3385481.792718504,0.0,,250000.0,n/a,-1,ground,2,50.0,57000000.0,0.75,1171.0
290,ground,408727.3738420745,3375981.792718504,0.0,,250000.0,n/a,-1,ground,2,50.0,57000000.0,0.75,935.0
291,ground,407227.3738420745,3370981.792718504,0.0,,250000.0,n/a,-1,ground,2,50.0,57000000.0,0.75,711.0
292,ground,407227.3738420745,3370481.792718504,0.0,,250000.0,n/a,-1,ground,2,50.0,57000000.0,0.75,710.0
293,ground,407227.3738420745,3369481.792718504,0.0,,250000.0,n/a,-1,ground,2,50.0,57000000.0,0.75,708.0
294,ground,407227.3738420745,3368981.792718504,0.0,,250000.0,n/a,-1,ground,2,50.0,57000000.0,0.75,707.0
295,ground,407227.3738420745,3368481.792718504,0.0,,250000.0,n/a,-1,ground,2,50.0,57000000.0,0.75,706.0
296,ground,407227.3738420745,3367981.792718504,0.0,,250000.0,n/a,-1,ground,2,50.0,57000000.0,0.75,705.0
297,ground,406727.3738420745,3402981.792718504,0.0,,250000.0,n/a,-1,ground,2,50.0,57000000.0,0.75,704.0
298,ground,406727.3738420745,3402481.792718504,0.0,,250000.0,n/a,-1,ground,2,50.0,57000000.0,0.75,703.0
299,ground,406727.3738420745,3401981.792718504,0.0,,250000.0,n/a,-1,ground,2,50.0,57000000.0,0.75,702.0
300,ground,406727.3738420745,3401481.792718504,0.0,,250000.0,n/a,-1,ground,2,50.0,57000000.0,0.75,701.0
301,ground,406727.3738420745,3400981.792718504,0.0,,250000.0,n/a,-1,ground,2,50.0,57000000.0,0.75,700.0
302,ground,407227.3738420745,3372481.792718504,0.0,,250000.0,n/a,-1,ground,2,50.0,57000000.0,0.75,714.0
303,ground,407227.3738420745,3372981.792718504,0.0,,250000.0,n/a,-1,ground,2,50.0,57000000.0,0.75,715.0
304,ground,407227.3738420745,3373481.792718504,0.0,,250000.0,n/a,-1,ground,2,50.0,57000000.0,0.75,716.0
305,ground,407227.3738420745,3401481.792718504,0.0,,250000.0,n/a,-1,ground,2,50.0,57000000.0,0.75,772.0
306,ground,407227.3738420745,3400981.792718504,0.0,,250000.0,n/a,-1,ground,2,50.0,57000000.0,0.75,771.0
307,ground,407227.3738420745,3398981.792718504,0.0,,250000.0,n/a,-1,ground,2,50.0,57000000.0,0.75,767.0
308,ground,407227.3738420745,3380981.792718504,0.0,,250000.0,n/a,-1,ground,2,50.0,57000000.0,0.75,731.0
309,ground,407227.3738420745,3380481.792718504,0.0,,250000.0,n/a,-1,ground,2,50.0,57000000.0,0.75,730.0
310,ground,407227.3738420745,3374981.792718504,0.0,,250000.0,n/a,-1,ground,2,50.0,57000000.0,0.75,719.0
311,ground,407227.3738420745,3378481.792718504,0.0,,250000.0,n/a,-1,ground,2,50.0,57000000.0,0.75,726.0
312,ground,407227.3738420745,3377981.792718504,0.0,,250000.0,n/a,-1,ground,2,50.0,57000000.0,0.75,725.0
313,ground,411227.3738420745,3384981.792718504,0.0,,250000.0,n/a,-1,ground,2,50.0,57000000.0,0.75,1316.0
314,ground,407227.3738420745,3375481.792718504,0.0,,250000.0,n/a,-1,ground,2,50.0,57000000.0,0.75,720.0
315,ground,406727.3738420745,3380481.792718504,0.0,,250000.0,n/a,-1,ground,2,50.0,57000000.0,0.75,659.0
316,ground,407227.3738420745,3402481.792718504,0.0,,250000.0,n/a,-1,ground,2,50.0,57000000.0,0.75,774.0
317,ground,406227.3738420745,3402981.792718504,0.0,,250000.0,n/a,-1,ground,2,50.0,57000000.0,0.75,634.0
318,ground,406227.3738420745,3402481.792718504,0.0,,250000.0,n/a,-1,ground,2,50.0,57000000.0,0.75,633.0
319,ground,406227.3738420745,3401981.792718504,0.0,,250000.0,n/a,-1,ground,2,50.0,57000000.0,0.75,632.0
320,ground,406227.3738420745,3400481.792718504,0.0,,250000.0,n/a,-1,ground,2,50.0,57000000.0,0.75,629.0
321,ground,406227.3738420745,3398981.792718504,0.0,,250000.0,n/a,-1,ground,2,50.0,57000000.0,0.75,626.0
322,ground,406227.3738420745,3397981.792718504,0.0,,250000.0,n/a,-1,ground,2,50.0,57000000.0,0.75,624.0
323,ground,406227.3738420745,3397481.792718504,0.0,,250000.0,n/a,-1,ground,2,50.0,57000000.0,0.75,623.0
324,ground,406227.3738420745,3378481.792718504,0.0,,250000.0,n/a,-1,ground,2,50.0,57000000.0,0.75,585.0
325,ground,406227.3738420745,3377981.792718504,0.0,,250000.0,n/a,-1,ground,2,50.0,57000000.0,0.75,584.0
326,ground,406227.3738420745,3376481.792718504,0.0,,250000.0,n/a,-1,ground,2,50.0,57000000.0,0.75,581.0
327,ground,406727.3738420745,3368981.792718504,0.0,,250000.0,n/a,-1,ground,2,50.0,57000000.0,0.75,636.0
328,ground,406727.3738420745,3369481.792718504,0.0,,250000.0,n/a,-1,ground,2,50.0,57000000.0,0.75,637.0
329,ground,406727.3738420745,3369981.792718504,0.0,,250000.0,n/a,-1,ground,2,50.0,57000000.0,0.75,638.0
330,ground,406727.3738420745,3378981.792718504,0.0,,250000.0,n/a,-1,ground,2,50.0,57000000.0,0.75,656.0
331,ground,406727.3738420745,3378481.792718504,0.0,,250000.0,n/a,-1,ground,2,50.0,57000000.0,0.75,655.0
332,ground,406727.3738420745,3377981.792718504,0.0,,250000.0,n/a,-1,ground,2,50.0,57000000.0,0.75,654.0
333,ground,406727.3738420745,3377481.792718504,0.0,,250000.0,n/a,-1,ground,2,50.0,57000000.0,0.75,653.0
334,ground,406727.3738420745,3376981.792718504,0.0,,250000.0,n/a,-1,ground,2,50.0,57000000.0,0.75,652.0
335,ground,406727.3738420745,3374981.792718504,0.0,,250000.0,n/a,-1,ground,2,50.0,57000000.0,0.75,648.0
336,ground,406727.3738420745,3370981.792718504,0.0,,250000.0,n/a,-1,ground,2,50.0,57000000.0,0.75,640.0
337,ground,406727.3738420745,3374481.792718504,0.0,,250000.0,n/a,-1,ground,2,50.0,57000000.0,0.75,647.0
338,ground,406727.3738420745,3373981.792718504,0.0,,250000.0,n/a,-1,ground,2,50.0,57000000.0,0.75,646.0
339,ground,406727.3738420745,3373481.792718504,0.0,,250000.0,n/a,-1,ground,2,50.0,57000000.0,0.75,645.0
340,ground,406727.3738420745,3372981.792718504,0.0,,250000.0,n/a,-1,ground,2,50.0,57000000.0,0.75,644.0
341,ground,406727.3738420745,3372481.792718504,0.0,,250000.0,n/a,-1,ground,2,50.0,57000000.0,0.75,643.0
342,ground,406727.3738420745,3371981.792718504,0.0,,250000.0,n/a,-1,ground,2,50.0,57000000.0,0.75,642.0
343,ground,406727.3738420745,3371481.792718504,0.0,,250000.0,n/a,-1,ground,2,50.0,57000000.0,0.75,641.0
344,ground,411227.3738420745,3383481.792718504,0.0,,250000.0,n/a,-1,ground,2,50.0,57000000.0,0.75,1313.0
345,ground,407227.3738420745,3402981.792718504,0.0,,250000.0,n/a,-1,ground,2,50.0,57000000.0,0.75,775.0
346,ground,408727.3738420745,3375481.792718504,0.0,,250000.0,n/a,-1,ground,2,50.0,57000000.0,0.75,934.0
347,ground,408227.3738420745,3400481.792718504,0.0,,250000.0,n/a,-1,ground,2,50.0,57000000.0,0.75,912.0
348,ground,408227.3738420745,3397981.792718504,0.0,,250000.0,n/a,-1,ground,2,50.0,57000000.0,0.75,907.0
349,ground,408227.3738420745,3377481.792718504,0.0,,250000.0,n/a,-1,ground,2,50.0,57000000.0,0.75,866.0
350,ground,408227.3738420745,3401981.792718504,0.0,,250000.0,n/a,-1,ground,2,50.0,57000000.0,0.75,915.0
351,ground,408727.3738420745,3371481.792718504,0.0,,250000.0,n/a,-1,ground,2,50.0,57000000.0,0.75,926.0
352,ground,408727.3738420745,3374981.792718504,0.0,,250000.0,n/a,-1,ground,2,50.0,57000000.0,0.75,933.0
353,ground,408727.3738420745,3374481.792718504,0.0,,250000.0,n/a,-1,ground,2,50.0,57000000.0,0.75,932.0
354,ground,408727.3738420745,3373981.792718504,0.0,,250000.0,n/a,-1,ground,2,50.0,57000000.0,0.75,931.0
355,ground,408727.3738420745,3373481.792718504,0.0,,250000.0,n/a,-1,ground,2,50.0,57000000.0,0.75,930.0
356,ground,408727.3738420745,3372981.792718504,0.0,,250000.0,n/a,-1,ground,2,50.0,57000000.0,0.75,929.0
357,ground,408727.3738420745,3372481.792718504,0.0,,250000.0,n/a,-1,ground,2,50.0,57000000.0,0.75,928.0
358,ground,408727.3738420745,3371981.792718504,0.0,,250000.0,n/a,-1,ground,2,50.0,57000000.0,0.75,927.0
359,ground,408227.3738420745,3402981.792718504,0.0,,250000.0,n/a,-1,ground,2,50.0,57000000.0,0.75,917.0
360,ground,408727.3738420745,3369981.792718504,0.0,,250000.0,n/a,-1,ground,2,50.0,57000000.0,0.75,923.0
361,ground,408727.3738420745,3369481.792718504,0.0,,250000.0,n/a,-1,ground,2,50.0,57000000.0,0.75,922.0
362,ground,408727.3738420745,3368981.792718504,0.0,,250000.0,n/a,-1,ground,2,50.0,57000000.0,0.75,921.0
363,ground,408727.3738420745,3367981.792718504,0.0,,250000.0,n/a,-1,ground,2,50.0,57000000.0,0.75,919.0
364,ground,408727.3738420745,3367481.792718504,0.0,,250000.0,n/a,-1,ground,2,50.0,57000000.0,0.75,918.0
365,ground,408227.3738420745,3375481.792718504,0.0,,250000.0,n/a,-1,ground,2,50.0,57000000.0,0.75,862.0
366,ground,408227.3738420745,3373481.792718504,0.0,,250000.0,n/a,-1,ground,2,50.0,57000000.0,0.75,858.0
367,ground,407727.3738420745,3367981.792718504,0.0,,250000.0,n/a,-1,ground,2,50.0,57000000.0,0.75,776.0
368,ground,408227.3738420745,3372981.792718504,0.0,,250000.0,n/a,-1,ground,2,50.0,57000000.0,0.75,857.0
369,ground,407727.3738420745,3376481.792718504,0.0,,250000.0,n/a,-1,ground,2,50.0,57000000.0,0.75,793.0
370,ground,407727.3738420745,3373481.792718504,0.0,,250000.0,n/a,-1,ground,2,50.0,57000000.0,0.75,787.0
371,ground,407727.3738420745,3372981.792718504,0.0,,250000.0,n/a,-1,ground,2,50.0,57000000.0,0.75,786.0
372,ground,407727.3738420745,3372481.792718504,0.0,,250000.0,n/a,-1,ground,2,50.0,57000000.0,0.75,785.0
373,ground,407727.3738420745,3370981.792718504,0.0,,250000.0,n/a,-1,ground,2,50.0,57000000.0,0.75,782.0
374,ground,407727.3738420745,3370481.792718504,0.0,,250000.0,n/a,-1,ground,2,50.0,57000000.0,0.75,781.0
375,ground,407727.3738420745,3369981.792718504,0.0,,250000.0,n/a,-1,ground,2,50.0,57000000.0,0.75,780.0
376,ground,407727.3738420745,3369481.792718504,0.0,,250000.0,n/a,-1,ground,2,50.0,57000000.0,0.75,779.0
377,ground,407727.3738420745,3380981.792718504,0.0,,250000.0,n/a,-1,ground,2,50.0,57000000.0,0.75,802.0
378,ground,408227.3738420745,3367981.792718504,0.0,,250000.0,n/a,-1,ground,2,50.0,57000000.0,0.75,847.0
379,ground,408227.3738420745,3372481.792718504,0.0,,250000.0,n/a,-1,ground,2,50.0,57000000.0,0.75,856.0
380,ground,408227.3738420745,3371981.792718504,0.0,,250000.0,n/a,-1,ground,2,50.0,57000000.0,0.75,855.0
381,ground,408227.3738420745,3371481.792718504,0.0,,250000.0,n/a,-1,ground,2,50.0,57000000.0,0.75,854.0
382,ground,408227.3738420745,3370981.792718504,0.0,,250000.0,n/a,-1,ground,2,50.0,57000000.0,0.75,853.0
383,ground,408227.3738420745,3369481.792718504,0.0,,250000.0,n/a,-1,ground,2,50.0,57000000.0,0.75,850.0
384,ground,407727.3738420745,3402981.792718504,0.0,,250000.0,n/a,-1,ground,2,50.0,57000000.0,0.75,846.0
385,ground,411227.3738420745,3381981.792718504,0.0,,250000.0,n/a,-1,ground,2,50.0,57000000.0,0.75,1310.0
386,ground,407727.3738420745,3401981.792718504,0.0,,250000.0,n/a,-1,ground,2,50.0,57000000.0,0.75,844.0
387,ground,407727.3738420745,3401481.792718504,0.0,,250000.0,n/a,-1,ground,2,50.0,57000000.0,0.75,843.0
388,ground,407727.3738420745,3400481.792718504,0.0,,250000.0,n/a,-1,ground,2,50.0,57000000.0,0.75,841.0
389,ground,411227.3738420745,3382481.792718504,0.0,,250000.0,n/a,-1,ground,2,50.0,57000000.0,0.75,1311.0
390,ground,411227.3738420745,3373981.792718504,0.0,,250000.0,n/a,-1,ground,2,50.0,57000000.0,0.75,1294.0
391,ground,413227.3738420745,3383981.792718504,0.0,,250000.0,n/a,-1,ground,2,50.0,57000000.0,0.75,1606.0
392,ground,417727.3738420745,3397981.792718504,0.0,,250000.0,n/a,-1,ground,2,50.0,57000000.0,0.75,2218.0
393,ground,417727.3738420745,3395981.792718504,0.0,,250000.0,n/a,-1,ground,2,50.0,57000000.0,0.75,2214.0
394,ground,417727.3738420745,3396481.792718504,0.0,,250000.0,n/a,-1,ground,2,50.0,57000000.0,0.75,2215.0
395,ground,417727.3738420745,3396981.792718504,0.0,,250000.0,n/a,-1,ground,2,50.0,57000000.0,0.75,2216.0
396,ground,417727.3738420745,3397481.792718504,0.0,,250000.0,n/a,-1,ground,2,50.0,57000000.0,0.75,2217.0
397,ground,417727.3738420745,3398981.792718504,0.0,,250000.0,n/a,-1,ground,2,50.0,57000000.0,0.75,2220.0
398,ground,417727.3738420745,3399481.792718504,0.0,,250000.0,n/a,-1,ground,2,50.0,57000000.0,0.75,2221.0
399,ground,417727.3738420745,3399981.792718504,0.0,,250000.0,n/a,-1,ground,2,50.0,57000000.0,0.75,2222.0
400,ground,417727.3738420745,3400481.792718504,0.0,,250000.0,n/a,-1,ground,2,50.0,57000000.0,0.75,2223.0
401,ground,418227.3738420745,3375981.792718504,0.0,,250000.0,n/a,-1,ground,2,50.0,57000000.0,0.75,2224.0
402,ground,418227.3738420745,3376981.792718504,0.0,,250000.0,n/a,-1,ground,2,50.0,57000000.0,0.75,2226.0
403,ground,418227.3738420745,3377481.792718504,0.0,,250000.0,n/a,-1,ground,2,50.0,57000000.0,0.75,2227.0
404,ground,418227.3738420745,3377981.792718504,0.0,,250000.0,n/a,-1,ground,2,50.0,57000000.0,0.75,2228.0
405,ground,417727.3738420745,3391481.792718504,0.0,,250000.0,n/a,-1,ground,2,50.0,57000000.0,0.75,2205.0
406,ground,418227.3738420745,3380981.792718504,0.0,,250000.0,n/a,-1,ground,2,50.0,57000000.0,0.75,2234.0
407,ground,417727.3738420745,3380981.792718504,0.0,,250000.0,n/a,-1,ground,2,50.0,57000000.0,0.75,2184.0
408,ground,417727.3738420745,3381481.792718504,0.0,,250000.0,n/a,-1,ground,2,50.0,57000000.0,0.75,2185.0
409,ground,417727.3738420745,3381981.792718504,0.0,,250000.0,n/a,-1,ground,2,50.0,57000000.0,0.75,2186.0
410,ground,417727.3738420745,3382481.792718504,0.0,,250000.0,n/a,-1,ground,2,50.0,57000000.0,0.75,2187.0
411,ground,417727.3738420745,3382981.792718504,0.0,,250000.0,n/a,-1,ground,2,50.0,57000000.0,0.75,2188.0
412,ground,417727.3738420745,3386981.792718504,0.0,,250000.0,n/a,-1,ground,2,50.0,57000000.0,0.75,2196.0
413,ground,417727.3738420745,3387981.792718504,0.0,,250000.0,n/a,-1,ground,2,50.0,57000000.0,0.75,2198.0
414,ground,418227.3738420745,3380481.792718504,0.0,,250000.0,n/a,-1,ground,2,50.0,57000000.0,0.75,2233.0
415,ground,418227.3738420745,3382481.792718504,0.0,,250000.0,n/a,-1,ground,2,50.0,57000000.0,0.75,2237.0
416,ground,417727.3738420745,3379981.792718504,0.0,,250000.0,n/a,-1,ground,2,50.0,57000000.0,0.75,2182.0
417,ground,418227.3738420745,3399981.792718504,0.0,,250000.0,n/a,-1,ground,2,50.0,57000000.0,0.75,2272.0
418,ground,418227.3738420745,3395481.792718504,0.0,,250000.0,n/a,-1,ground,2,50.0,57000000.0,0.75,2263.0
419,ground,418227.3738420745,3395981.792718504,0.0,,250000.0,n/a,-1,ground,2,50.0,57000000.0,0.75,2264.0
420,ground,418227.3738420745,3397481.792718504,0.0,,250000.0,n/a,-1,ground,2,50.0,57000000.0,0.75,2267.0
421,ground,418227.3738420745,3397981.792718504,0.0,,250000.0,n/a,-1,ground,2,50.0,57000000.0,0.75,2268.0
422,ground,418227.3738420745,3398481.792718504,0.0,,250000.0,n/a,-1,ground,2,50.0,57000000.0,0.75,2269.0
423,ground,418227.3738420745,3398981.792718504,0.0,,250000.0,n/a,-1,ground,2,50.0,57000000.0,0.75,2270.0
424,ground,418227.3738420745,3399481.792718504,0.0,,250000.0,n/a,-1,ground,2,50.0,57000000.0,0.75,2271.0
425,ground,418727.3738420745,3377981.792718504,0.0,,250000.0,n/a,-1,ground,2,50.0,57000000.0,0.75,2273.0
426,ground,418227.3738420745,3393481.792718504,0.0,,250000.0,n/a,-1,ground,2,50.0,57000000.0,0.75,2259.0
427,ground,418727.3738420745,3379481.792718504,0.0,,250000.0,n/a,-1,ground,2,50.0,57000000.0,0.75,2276.0
428,ground,418727.3738420745,3379981.792718504,0.0,,250000.0,n/a,-1,ground,2,50.0,57000000.0,0.75,2277.0
429,ground,418727.3738420745,3380981.792718504,0.0,,250000.0,n/a,-1,ground,2,50.0,57000000.0,0.75,2279.0
430,ground,418727.3738420745,3382481.792718504,0.0,,250000.0,n/a,-1,ground,2,50.0,57000000.0,0.75,2282.0
431,ground,418727.3738420745,3383981.792718504,0.0,,250000.0,n/a,-1,ground,2,50.0,57000000.0,0.75,2285.0
432,ground,418227.3738420745,3394981.792718504,0.0,,250000.0,n/a,-1,ground,2,50.0,57000000.0,0.75,2262.0
433,ground,418227.3738420745,3382981.792718504,0.0,,250000.0,n/a,-1,ground,2,50.0,57000000.0,0.75,2238.0
434,ground,418227.3738420745,3387481.792718504,0.0,,250000.0,n/a,-1,ground,2,50.0,57000000.0,0.75,2247.0
435,ground,418227.3738420745,3386481.792718504,0.0,,250000.0,n/a,-1,ground,2,50.0,57000000.0,0.75,2245.0
436,ground,418227.3738420745,3386981.792718504,0.0,,250000.0,n/a,-1,ground,2,50.0,57000000.0,0.75,2246.0
437,ground,418227.3738420745,3387981.792718504,0.0,,250000.0,n/a,-1,ground,2,50.0,57000000.0,0.75,2248.0
438,ground,418227.3738420745,3390481.792718504,0.0,,250000.0,n/a,-1,ground,2,50.0,57000000.0,0.75,2253.0
439,ground,418227.3738420745,3390981.792718504,0.0,,250000.0,n/a,-1,ground,2,50.0,57000000.0,0.75,2254.0
440,ground,418227.3738420745,3391481.792718504,0.0,,250000.0,n/a,-1,ground,2,50.0,57000000.0,0.75,2255.0
441,ground,417727.3738420745,3380481.792718504,0.0,,250000.0,n/a,-1,ground,2,50.0,57000000.0,0.75,2183.0
442,ground,417727.3738420745,3379481.792718504,0.0,,250000.0,n/a,-1,ground,2,50.0,57000000.0,0.75,2181.0
443,ground,416727.3738420745,3396481.792718504,0.0,,250000.0,n/a,-1,ground,2,50.0,57000000.0,0.75,2102.0
444,ground,416727.3738420745,3392981.792718504,0.0,,250000.0,n/a,-1,ground,2,50.0,57000000.0,0.75,2095.0
445,ground,416727.3738420745,3393481.792718504,0.0,,250000.0,n/a,-1,ground,2,50.0,57000000.0,0.75,2096.0
446,ground,416727.3738420745,3396981.792718504,0.0,,250000.0,n/a,-1,ground,2,50.0,57000000.0,0.75,2103.0
447,ground,416727.3738420745,3390481.792718504,0.0,,250000.0,n/a,-1,ground,2,50.0,57000000.0,0.75,2090.0
448,ground,416727.3738420745,3397481.792718504,0.0,,250000.0,n/a,-1,ground,2,50.0,57000000.0,0.75,2104.0
449,ground,417227.3738420745,3371981.792718504,0.0,,250000.0,n/a,-1,ground,2,50.0,57000000.0,0.75,2112.0
450,ground,417227.3738420745,3372481.792718504,0.0,,250000.0,n/a,-1,ground,2,50.0,57000000.0,0.75,2113.0
451,ground,417227.3738420745,3372981.792718504,0.0,,250000.0,n/a,-1,ground,2,50.0,57000000.0,0.75,2114.0
452,ground,417227.3738420745,3373981.792718504,0.0,,250000.0,n/a,-1,ground,2,50.0,57000000.0,0.75,2116.0
453,ground,417227.3738420745,3374481.792718504,0.0,,250000.0,n/a,-1,ground,2,50.0,57000000.0,0.75,2117.0
454,ground,417227.3738420745,3374981.792718504,0.0,,250000.0,n/a,-1,ground,2,50.0,57000000.0,0.75,2118.0
455,ground,416727.3738420745,3389981.792718504,0.0,,250000.0,n/a,-1,ground,2,50.0,57000000.0,0.75,2089.0
456,ground,417227.3738420745,3377981.792718504,0.0,,250000.0,n/a,-1,ground,2,50.0,57000000.0,0.75,2124.0
457,ground,416727.3738420745,3384481.792718504,0.0,,250000.0,n/a,-1,ground,2,50.0,57000000.0,0.75,2078.0
458,ground,416727.3738420745,3377481.792718504,0.0,,250000.0,n/a,-1,ground,2,50.0,57000000.0,0.75,2064.0
459,ground,416727.3738420745,3381981.792718504,0.0,,250000.0,n/a,-1,ground,2,50.0,57000000.0,0.75,2073.0
460,ground,416727.3738420745,3382481.792718504,0.0,,250000.0,n/a,-1,ground,2,50.0,57000000.0,0.75,2074.0
461,ground,416727.3738420745,3383481.792718504,0.0,,250000.0,n/a,-1,ground,2,50.0,57000000.0,0.75,2076.0
462,ground,416727.3738420745,3389481.792718504,0.0,,250000.0,n/a,-1,ground,2,50.0,57000000.0,0.75,2088.0
463,ground,416727.3738420745,3386981.792718504,0.0,,250000.0,n/a,-1,ground,2,50.0,57000000.0,0.75,2083.0
464,ground,416727.3738420745,3387481.792718504,0.0,,250000.0,n/a,-1,ground,2,50.0,57000000.0,0.75,2084.0
465,ground,416727.3738420745,3387981.792718504,0.0,,250000.0,n/a,-1,ground,2,50.0,57000000.0,0.75,2085.0
466,ground,416727.3738420745,3388481.792718504,0.0,,250000.0,n/a,-1,ground,2,50.0,57000000.0,0.75,2086.0
467,ground,416727.3738420745,3388981.792718504,0.0,,250000.0,n/a,-1,ground,2,50.0,57000000.0,0.75,2087.0
468,ground,417227.3738420745,3375981.792718504,0.0,,250000.0,n/a,-1,ground,2,50.0,57000000.0,0.75,2120.0
469,ground,417227.3738420745,3378481.792718504,0.0,,250000.0,n/a,-1,ground,2,50.0,57000000.0,0.75,2125.0
470,ground,417727.3738420745,3378981.792718504,0.0,,250000.0,n/a,-1,ground,2,50.0,57000000.0,0.75,2180.0
471,ground,417227.3738420745,3396481.792718504,0.0,,250000.0,n/a,-1,ground,2,50.0,57000000.0,0.75,2161.0
472,ground,417227.3738420745,3392481.792718504,0.0,,250000.0,n/a,-1,ground,2,50.0,57000000.0,0.75,2153.0
473,ground,417227.3738420745,3392981.792718504,0.0,,250000.0,n/a,-1,ground,2,50.0,57000000.0,0.75,2154.0
474,ground,417227.3738420745,3393481.792718504,0.0,,250000.0,n/a,-1,ground,2,50.0,57000000.0,0.75,2155.0
475,ground,417227.3738420745,3395981.792718504,0.0,,250000.0,n/a,-1,ground,2,50.0,57000000.0,0.75,2160.0
476,ground,417227.3738420745,3397981.792718504,0.0,,250000.0,n/a,-1,ground,2,50.0,57000000.0,0.75,2164.0
477,ground,417227.3738420745,3398481.792718504,0.0,,250000.0,n/a,-1,ground,2,50.0,57000000.0,0.75,2165.0
478,ground,417727.3738420745,3375481.792718504,0.0,,250000.0,n/a,-1,ground,2,50.0,57000000.0,0.75,2173.0
479,ground,417727.3738420745,3376481.792718504,0.0,,250000.0,n/a,-1,ground,2,50.0,57000000.0,0.75,2175.0
480,ground,417727.3738420745,3376981.792718504,0.0,,250000.0,n/a,-1,ground,2,50.0,57000000.0,0.75,2176.0
481,ground,417727.3738420745,3377481.792718504,0.0,,250000.0,n/a,-1,ground,2,50.0,57000000.0,0.75,2177.0
482,ground,417727.3738420745,3377981.792718504,0.0,,250000.0,n/a,-1,ground,2,50.0,57000000.0,0.75,2178.0
483,ground,417727.3738420745,3378481.792718504,0.0,,250000.0,n/a,-1,ground,2,50.0,57000000.0,0.75,2179.0
484,ground,417227.3738420745,3380481.792718504,0.0,,250000.0,n/a,-1,ground,2,50.0,57000000.0,0.75,2129.0
485,ground,417227.3738420745,3381481.792718504,0.0,,250000.0,n/a,-1,ground,2,50.0,57000000.0,0.75,2131.0
486,ground,417227.3738420745,3381981.792718504,0.0,,250000.0,n/a,-1,ground,2,50.0,57000000.0,0.75,2132.0
487,ground,417227.3738420745,3382481.792718504,0.0,,250000.0,n/a,-1,ground,2,50.0,57000000.0,0.75,2133.0
488,ground,417227.3738420745,3382981.792718504,0.0,,250000.0,n/a,-1,ground,2,50.0,57000000.0,0.75,2134.0
489,ground,417227.3738420745,3383481.792718504,0.0,,250000.0,n/a,-1,ground,2,50.0,57000000.0,0.75,2135.0
490,ground,417227.3738420745,3383981.792718504,0.0,,250000.0,n/a,-1,ground,2,50.0,57000000.0,0.75,2136.0
491,ground,417227.3738420745,3384481.792718504,0.0,,250000.0,n/a,-1,ground,2,50.0,57000000.0,0.75,2137.0
492,ground,417227.3738420745,3386981.792718504,0.0,,250000.0,n/a,-1,ground,2,50.0,57000000.0,0.75,2142.0
493,ground,417227.3738420745,3387981.792718504,0.0,,250000.0,n/a,-1,ground,2,50.0,57000000.0,0.75,2144.0
494,ground,417227.3738420745,3389481.792718504,0.0,,250000.0,n/a,-1,ground,2,50.0,57000000.0,0.75,2147.0
495,ground,416727.3738420745,3375481.792718504,0.0,,250000.0,n/a,-1,ground,2,50.0,57000000.0,0.75,2060.0
496,ground,420727.3738420745,3390981.792718504,0.0,,250000.0,n/a,-1,ground,2,50.0,57000000.0,0.75,2438.0
497,ground,420727.3738420745,3384981.792718504,0.0,,250000.0,n/a,-1,ground,2,50.0,57000000.0,0.75,2426.0
498,ground,420727.3738420745,3385481.792718504,0.0,,250000.0,n/a,-1,ground,2,50.0,57000000.0,0.75,2427.0
499,ground,420727.3738420745,3385981.792718504,0.0,,250000.0,n/a,-1,ground,2,50.0,57000000.0,0.75,2428.0
500,ground,420727.3738420745,3387981.792718504,0.0,,250000.0,n/a,-1,ground,2,50.0,57000000.0,0.75,2432.0
501,ground,420727.3738420745,3388481.792718504,0.0,,250000.0,n/a,-1,ground,2,50.0,57000000.0,0.75,2433.0
502,ground,420727.3738420745,3389481.792718504,0.0,,250000.0,n/a,-1,ground,2,50.0,57000000.0,0.75,2435.0
503,ground,420727.3738420745,3389981.792718504,0.0,,250000.0,n/a,-1,ground,2,50.0,57000000.0,0.75,2436.0
504,ground,420727.3738420745,3391481.792718504,0.0,,250000.0,n/a,-1,ground,2,50.0,57000000.0,0.75,2439.0
505,ground,420227.3738420745,3398981.792718504,0.0,,250000.0,n/a,-1,ground,2,50.0,57000000.0,0.75,2424.0
506,ground,420727.3738420745,3391981.792718504,0.0,,250000.0,n/a,-1,ground,2,50.0,57000000.0,0.75,2440.0
507,ground,420727.3738420745,3392481.792718504,0.0,,250000.0,n/a,-1,ground,2,50.0,57000000.0,0.75,2441.0
508,ground,420727.3738420745,3392981.792718504,0.0,,250000.0,n/a,-1,ground,2,50.0,57000000.0,0.75,2442.0
509,ground,420727.3738420745,3393481.792718504,0.0,,250000.0,n/a,-1,ground,2,50.0,57000000.0,0.75,2443.0
510,ground,420727.3738420745,3393981.792718504,0.0,,250000.0,n/a,-1,ground,2,50.0,57000000.0,0.75,2444.0
511,ground,420727.3738420745,3394481.792718504,0.0,,250000.0,n/a,-1,ground,2,50.0,57000000.0,0.75,2445.0
512,ground,420727.3738420745,3394981.792718504,0.0,,250000.0,n/a,-1,ground,2,50.0,57000000.0,0.75,2446.0
513,ground,420727.3738420745,3384481.792718504,0.0,,250000.0,n/a,-1,ground,2,50.0,57000000.0,0.75,2425.0
514,ground,420727.3738420745,3397481.792718504,0.0,,250000.0,n/a,-1,ground,2,50.0,57000000.0,0.75,2451.0
515,ground,420227.3738420745,3392481.792718504,0.0,,250000.0,n/a,-1,ground,2,50.0,57000000.0,0.75,2411.0
516,ground,420227.3738420745,3387481.792718504,0.0,,250000.0,n/a,-1,ground,2,50.0,57000000.0,0.75,2401.0
517,ground,420227.3738420745,3388481.792718504,0.0,,250000.0,n/a,-1,ground,2,50.0,57000000.0,0.75,2403.0
518,ground,420227.3738420745,3388981.792718504,0.0,,250000.0,n/a,-1,ground,2,50.0,57000000.0,0.75,2404.0
519,ground,420227.3738420745,3389481.792718504,0.0,,250000.0,n/a,-1,ground,2,50.0,57000000.0,0.75,2405.0
520,ground,420227.3738420745,3390981.792718504,0.0,,250000.0,n/a,-1,ground,2,50.0,57000000.0,0.75,2408.0
521,ground,420227.3738420745,3391481.792718504,0.0,,250000.0,n/a,-1,ground,2,50.0,57000000.0,0.75,2409.0
522,ground,420227.3738420745,3391981.792718504,0.0,,250000.0,n/a,-1,ground,2,50.0,57000000.0,0.75,2410.0
523,ground,420227.3738420745,3392981.792718504,0.0,,250000.0,n/a,-1,ground,2,50.0,57000000.0,0.75,2412.0
524,ground,420227.3738420745,3393481.792718504,0.0,,250000.0,n/a,-1,ground,2,50.0,57000000.0,0.75,2413.0
525,ground,420227.3738420745,3393981.792718504,0.0,,250000.0,n/a,-1,ground,2,50.0,57000000.0,0.75,2414.0
526,ground,420227.3738420745,3394481.792718504,0.0,,250000.0,n/a,-1,ground,2,50.0,57000000.0,0.75,2415.0
527,ground,420227.3738420745,3394981.792718504,0.0,,250000.0,n/a,-1,ground,2,50.0,57000000.0,0.75,2416.0
528,ground,420227.3738420745,3395481.792718504,0.0,,250000.0,n/a,-1,ground,2,50.0,57000000.0,0.75,2417.0
529,ground,420227.3738420745,3396981.792718504,0.0,,250000.0,n/a,-1,ground,2,50.0,57000000.0,0.75,2420.0
530,ground,420727.3738420745,3396981.792718504,0.0,,250000.0,n/a,-1,ground,2,50.0,57000000.0,0.75,2450.0
531,ground,420727.3738420745,3397981.792718504,0.0,,250000.0,n/a,-1,ground,2,50.0,57000000.0,0.75,2452.0
532,ground,420227.3738420745,3385981.792718504,0.0,,250000.0,n/a,-1,ground,2,50.0,57000000.0,0.75,2398.0
533,ground,422227.3738420745,3387981.792718504,0.0,,250000.0,n/a,-1,ground,2,50.0,57000000.0,0.75,2501.0
534,ground,421727.3738420745,3391981.792718504,0.0,,250000.0,n/a,-1,ground,2,50.0,57000000.0,0.75,2490.0
535,ground,421727.3738420745,3392481.792718504,0.0,,250000.0,n/a,-1,ground,2,50.0,57000000.0,0.75,2491.0
536,ground,421727.3738420745,3393981.792718504,0.0,,250000.0,n/a,-1,ground,2,50.0,57000000.0,0.75,2494.0
537,ground,421727.3738420745,3394481.792718504,0.0,,250000.0,n/a,-1,ground,2,50.0,57000000.0,0.75,2495.0
538,ground,421727.3738420745,3395481.792718504,0.0,,250000.0,n/a,-1,ground,2,50.0,57000000.0,0.75,2497.0
539,ground,422227.3738420745,3387481.792718504,0.0,,250000.0,n/a,-1,ground,2,50.0,57000000.0,0.75,2500.0
540,ground,421727.3738420745,3387981.792718504,0.0,,250000.0,n/a,-1,ground,2,50.0,57000000.0,0.75,2482.0
541,ground,422227.3738420745,3391981.792718504,0.0,,250000.0,n/a,-1,ground,2,50.0,57000000.0,0.75,2509.0
542,ground,422227.3738420745,3393981.792718504,0.0,,250000.0,n/a,-1,ground,2,50.0,57000000.0,0.75,2513.0
543,ground,422727.3738420745,3390981.792718504,0.0,,250000.0,n/a,-1,ground,2,50.0,57000000.0,0.75,2514.0
544,ground,422727.3738420745,3391481.792718504,0.0,,250000.0,n/a,-1,ground,2,50.0,57000000.0,0.75,2515.0
545,ground,422727.3738420745,3391981.792718504,0.0,,250000.0,n/a,-1,ground,2,50.0,57000000.0,0.75,2516.0
546,ground,422727.3738420745,3392481.792718504,0.0,,250000.0,n/a,-1,ground,2,50.0,57000000.0,0.75,2517.0
547,ground,421727.3738420745,3390981.792718504,0.0,,250000.0,n/a,-1,ground,2,50.0,57000000.0,0.75,2488.0
548,ground,421727.3738420745,3386481.792718504,0.0,,250000.0,n/a,-1,ground,2,50.0,57000000.0,0.75,2479.0
549,ground,421227.3738420745,3384981.792718504,0.0,,250000.0,n/a,-1,ground,2,50.0,57000000.0,0.75,2453.0
550,ground,421227.3738420745,3391481.792718504,0.0,,250000.0,n/a,-1,ground,2,50.0,57000000.0,0.75,2466.0
551,ground,421227.3738420745,3385481.792718504,0.0,,250000.0,n/a,-1,ground,2,50.0,57000000.0,0.75,2454.0
552,ground,421227.3738420745,3385981.792718504,0.0,,250000.0,n/a,-1,ground,2,50.0,57000000.0,0.75,2455.0
553,ground,421227.3738420745,3387981.792718504,0.0,,250000.0,n/a,-1,ground,2,50.0,57000000.0,0.75,2459.0
554,ground,421227.3738420745,3388481.792718504,0.0,,250000.0,n/a,-1,ground,2,50.0,57000000.0,0.75,2460.0
555,ground,421227.3738420745,3389481.792718504,0.0,,250000.0,n/a,-1,ground,2,50.0,57000000.0,0.75,2462.0
556,ground,421227.3738420745,3389981.792718504,0.0,,250000.0,n/a,-1,ground,2,50.0,57000000.0,0.75,2463.0
557,ground,421227.3738420745,3390981.792718504,0.0,,250000.0,n/a,-1,ground,2,50.0,57000000.0,0.75,2465.0
558,ground,421227.3738420745,3391981.792718504,0.0,,250000.0,n/a,-1,ground,2,50.0,57000000.0,0.75,2467.0
559,ground,421727.3738420745,3385981.792718504,0.0,,250000.0,n/a,-1,ground,2,50.0,57000000.0,0.75,2478.0
560,ground,421227.3738420745,3393981.792718504,0.0,,250000.0,n/a,-1,ground,2,50.0,57000000.0,0.75,2471.0
561,ground,421227.3738420745,3394481.792718504,0.0,,250000.0,n/a,-1,ground,2,50.0,57000000.0,0.75,2472.0
562,ground,421227.3738420745,3394981.792718504,0.0,,250000.0,n/a,-1,ground,2,50.0,57000000.0,0.75,2473.0
563,ground,421227.3738420745,3395481.792718504,0.0,,250000.0,n/a,-1,ground,2,50.0,57000000.0,0.75,2474.0
564,ground,421227.3738420745,3395981.792718504,0.0,,250000.0,n/a,-1,ground,2,50.0,57000000.0,0.75,2475.0
565,ground,421227.3738420745,3396481.792718504,0.0,,250000.0,n/a,-1,ground,2,50.0,57000000.0,0.75,2476.0
566,ground,421227.3738420745,3396981.792718504,0.0,,250000.0,n/a,-1,ground,2,50.0,57000000.0,0.75,2477.0
567,ground,420227.3738420745,3386481.792718504,0.0,,250000.0,n/a,-1,ground,2,50.0,57000000.0,0.75,2399.0
568,ground,420227.3738420745,3385481.792718504,0.0,,250000.0,n/a,-1,ground,2,50.0,57000000.0,0.75,2397.0
569,ground,419227.3738420745,3380981.792718504,0.0,,250000.0,n/a,-1,ground,2,50.0,57000000.0,0.75,2320.0
570,ground,419227.3738420745,3381481.792718504,0.0,,250000.0,n/a,-1,ground,2,50.0,57000000.0,0.75,2321.0
571,ground,419227.3738420745,3381981.792718504,0.0,,250000.0,n/a,-1,ground,2,50.0,57000000.0,0.75,2322.0
572,ground,419227.3738420745,3382981.792718504,0.0,,250000.0,n/a,-1,ground,2,50.0,57000000.0,0.75,2324.0
573,ground,419227.3738420745,3383481.792718504,0.0,,250000.0,n/a,-1,ground,2,50.0,57000000.0,0.75,2325.0
574,ground,419227.3738420745,3384981.792718504,0.0,,250000.0,n/a,-1,ground,2,50.0,57000000.0,0.75,2328.0
575,ground,419227.3738420745,3379981.792718504,0.0,,250000.0,n/a,-1,ground,2,50.0,57000000.0,0.75,2318.0
576,ground,419227.3738420745,3387481.792718504,0.0,,250000.0,n/a,-1,ground,2,50.0,57000000.0,0.75,2333.0
577,ground,419227.3738420745,3388481.792718504,0.0,,250000.0,n/a,-1,ground,2,50.0,57000000.0,0.75,2335.0
578,ground,419227.3738420745,3389481.792718504,0.0,,250000.0,n/a,-1,ground,2,50.0,57000000.0,0.75,2337.0
579,ground,419227.3738420745,3390481.792718504,0.0,,250000.0,n/a,-1,ground,2,50.0,57000000.0,0.75,2339.0
580,ground,419227.3738420745,3390981.792718504,0.0,,250000.0,n/a,-1,ground,2,50.0,57000000.0,0.75,2340.0
581,ground,419227.3738420745,3391481.792718504,0.0,,250000.0,n/a,-1,ground,2,50.0,57000000.0,0.75,2341.0
582,ground,419227.3738420745,3392481.792718504,0.0,,250000.0,n/a,-1,ground,2,50.0,57000000.0,0.75,2343.0
583,ground,419227.3738420745,3380481.792718504,0.0,,250000.0,n/a,-1,ground,2,50.0,57000000.0,0.75,2319.0
584,ground,418727.3738420745,3398481.792718504,0.0,,250000.0,n/a,-1,ground,2,50.0,57000000.0,0.75,2314.0
585,ground,419227.3738420745,3393981.792718504,0.0,,250000.0,n/a,-1,ground,2,50.0,57000000.0,0.75,2346.0
586,ground,418727.3738420745,3390981.792718504,0.0,,250000.0,n/a,-1,ground,2,50.0,57000000.0,0.75,2299.0
587,ground,418727.3738420745,3387481.792718504,0.0,,250000.0,n/a,-1,ground,2,50.0,57000000.0,0.75,2292.0
588,ground,418727.3738420745,3389481.792718504,0.0,,250000.0,n/a,-1,ground,2,50.0,57000000.0,0.75,2296.0
589,ground,418727.3738420745,3389981.792718504,0.0,,250000.0,n/a,-1,ground,2,50.0,57000000.0,0.75,2297.0
590,ground,418727.3738420745,3390481.792718504,0.0,,250000.0,n/a,-1,ground,2,50.0,57000000.0,0.75,2298.0
591,ground,418727.3738420745,3391481.792718504,0.0,,250000.0,n/a,-1,ground,2,50.0,57000000.0,0.75,2300.0
592,ground,418727.3738420745,3397981.792718504,0.0,,250000.0,n/a,-1,ground,2,50.0,57000000.0,0.75,2313.0
593,ground,418727.3738420745,3393481.792718504,0.0,,250000.0,n/a,-1,ground,2,50.0,57000000.0,0.75,2304.0
594,ground,418727.3738420745,3394981.792718504,0.0,,250000.0,n/a,-1,ground,2,50.0,57000000.0,0.75,2307.0
595,ground,418727.3738420745,3395481.792718504,0.0,,250000.0,n/a,-1,ground,2,50.0,57000000.0,0.75,2308.0
596,ground,418727.3738420745,3395981.792718504,0.0,,250000.0,n/a,-1,ground,2,50.0,57000000.0,0.75,2309.0
597,ground,418727.3738420745,3397481.792718504,0.0,,250000.0,n/a,-1,ground,2,50.0,57000000.0,0.75,2312.0
598,ground,419227.3738420745,3393481.792718504,0.0,,250000.0,n/a,-1,ground,2,50.0,57000000.0,0.75,2345.0
599,ground,419227.3738420745,3394481.792718504,0.0,,250000.0,n/a,-1,ground,2,50.0,57000000.0,0.75,2347.0
600,ground,420227.3738420745,3384981.792718504,0.0,,250000.0,n/a,-1,ground,2,50.0,57000000.0,0.75,2396.0
601,ground,419727.3738420745,3391981.792718504,0.0,,250000.0,n/a,-1,ground,2,50.0,57000000.0,0.75,2378.0
602,ground,419727.3738420745,3392481.792718504,0.0,,250000.0,n/a,-1,ground,2,50.0,57000000.0,0.75,2379.0
603,ground,419727.3738420745,3392981.792718504,0.0,,250000.0,n/a,-1,ground,2,50.0,57000000.0,0.75,2380.0
604,ground,419727.3738420745,3393481.792718504,0.0,,250000.0,n/a,-1,ground,2,50.0,57000000.0,0.75,2381.0
605,ground,419727.3738420745,3393981.792718504,0.0,,250000.0,n/a,-1,ground,2,50.0,57000000.0,0.75,2382.0
606,ground,419727.3738420745,3394481.792718504,0.0,,250000.0,n/a,-1,ground,2,50.0,57000000.0,0.75,2383.0
607,ground,419727.3738420745,3394981.792718504,0.0,,250000.0,n/a,-1,ground,2,50.0,57000000.0,0.75,2384.0
608,ground,419727.3738420745,3390981.792718504,0.0,,250000.0,n/a,-1,ground,2,50.0,57000000.0,0.75,2376.0
609,ground,419727.3738420745,3397981.792718504,0.0,,250000.0,n/a,-1,ground,2,50.0,57000000.0,0.75,2390.0
610,ground,419727.3738420745,3398481.792718504,0.0,,250000.0,n/a,-1,ground,2,50.0,57000000.0,0.75,2391.0
611,ground,419727.3738420745,3398981.792718504,0.0,,250000.0,n/a,-1,ground,2,50.0,57000000.0,0.75,2392.0
612,ground,420227.3738420745,3383481.792718504,0.0,,250000.0,n/a,-1,ground,2,50.0,57000000.0,0.75,2393.0
613,ground,420227.3738420745,3384481.792718504,0.0,,250000.0,n/a,-1,ground,2,50.0,57000000.0,0.75,2395.0
614,ground,419727.3738420745,3391481.792718504,0.0,,250000.0,n/a,-1,ground,2,50.0,57000000.0,0.75,2377.0
615,ground,419727.3738420745,3388981.792718504,0.0,,250000.0,n/a,-1,ground,2,50.0,57000000.0,0.75,2372.0
616,ground,419227.3738420745,3394981.792718504,0.0,,250000.0,n/a,-1,ground,2,50.0,57000000.0,0.75,2348.0
617,ground,419227.3738420745,3398981.792718504,0.0,,250000.0,n/a,-1,ground,2,50.0,57000000.0,0.75,2356.0
618,ground,419227.3738420745,3395481.792718504,0.0,,250000.0,n/a,-1,ground,2,50.0,57000000.0,0.75,2349.0
619,ground,419227.3738420745,3395981.792718504,0.0,,250000.0,n/a,-1,ground,2,50.0,57000000.0,0.75,2350.0
620,ground,419227.3738420745,3396481.792718504,0.0,,250000.0,n/a,-1,ground,2,50.0,57000000.0,0.75,2351.0
621,ground,419227.3738420745,3397481.792718504,0.0,,250000.0,n/a,-1,ground,2,50.0,57000000.0,0.75,2353.0
622,ground,419227.3738420745,3397981.792718504,0.0,,250000.0,n/a,-1,ground,2,50.0,57000000.0,0.75,2354.0
623,ground,419227.3738420745,3398481.792718504,0.0,,250000.0,n/a,-1,ground,2,50.0,57000000.0,0.75,2355.0
624,ground,419727.3738420745,3381981.792718504,0.0,,250000.0,n/a,-1,ground,2,50.0,57000000.0,0.75,2358.0
625,ground,419727.3738420745,3388481.792718504,0.0,,250000.0,n/a,-1,ground,2,50.0,57000000.0,0.75,2371.0
626,ground,419727.3738420745,3382981.792718504,0.0,,250000.0,n/a,-1,ground,2,50.0,57000000.0,0.75,2360.0
627,ground,419727.3738420745,3384481.792718504,0.0,,250000.0,n/a,-1,ground,2,50.0,57000000.0,0.75,2363.0
628,ground,419727.3738420745,3384981.792718504,0.0,,250000.0,n/a,-1,ground,2,50.0,57000000.0,0.75,2364.0
629,ground,419727.3738420745,3386481.792718504,0.0,,250000.0,n/a,-1,ground,2,50.0,57000000.0,0.75,2367.0
630,ground,419727.3738420745,3387481.792718504,0.0,,250000.0,n/a,-1,ground,2,50.0,57000000.0,0.75,2369.0
631,ground,416727.3738420745,3376981.792718504,0.0,,250000.0,n/a,-1,ground,2,50.0,57000000.0,0.75,2063.0
632,ground,414727.3738420745,3376981.792718504,0.0,,250000.0,n/a,-1,ground,2,50.0,57000000.0,0.75,1802.0
633,ground,414727.3738420745,3374981.792718504,0.0,,250000.0,n/a,-1,ground,2,50.0,57000000.0,0.75,1798.0
634,ground,414727.3738420745,3371981.792718504,0.0,,250000.0,n/a,-1,ground,2,50.0,57000000.0,0.75,1792.0
635,ground,414727.3738420745,3372481.792718504,0.0,,250000.0,n/a,-1,ground,2,50.0,57000000.0,0.75,1793.0
636,ground,414727.3738420745,3372981.792718504,0.0,,250000.0,n/a,-1,ground,2,50.0,57000000.0,0.75,1794.0
637,ground,414727.3738420745,3373481.792718504,0.0,,250000.0,n/a,-1,ground,2,50.0,57000000.0,0.75,1795.0
638,ground,414727.3738420745,3373981.792718504,0.0,,250000.0,n/a,-1,ground,2,50.0,57000000.0,0.75,1796.0
639,ground,414727.3738420745,3374481.792718504,0.0,,250000.0,n/a,-1,ground,2,50.0,57000000.0,0.75,1797.0
640,ground,414727.3738420745,3375481.792718504,0.0,,250000.0,n/a,-1,ground,2,50.0,57000000.0,0.75,1799.0
641,ground,414727.3738420745,3370981.792718504,0.0,,250000.0,n/a,-1,ground,2,50.0,57000000.0,0.75,1790.0
642,ground,414727.3738420745,3375981.792718504,0.0,,250000.0,n/a,-1,ground,2,50.0,57000000.0,0.75,1800.0
643,ground,414727.3738420745,3376481.792718504,0.0,,250000.0,n/a,-1,ground,2,50.0,57000000.0,0.75,1801.0
644,ground,413727.3738420745,3377481.792718504,0.0,,250000.0,n/a,-1,ground,2,50.0,57000000.0,0.75,1664.0
645,ground,414727.3738420745,3377481.792718504,0.0,,250000.0,n/a,-1,ground,2,50.0,57000000.0,0.75,1803.0
646,ground,414727.3738420745,3377981.792718504,0.0,,250000.0,n/a,-1,ground,2,50.0,57000000.0,0.75,1804.0
647,ground,414727.3738420745,3378481.792718504,0.0,,250000.0,n/a,-1,ground,2,50.0,57000000.0,0.75,1805.0
648,ground,414727.3738420745,3371481.792718504,0.0,,250000.0,n/a,-1,ground,2,50.0,57000000.0,0.75,1791.0
649,ground,414727.3738420745,3370481.792718504,0.0,,250000.0,n/a,-1,ground,2,50.0,57000000.0,0.75,1789.0
650,ground,415227.3738420745,3373981.792718504,0.0,,250000.0,n/a,-1,ground,2,50.0,57000000.0,0.75,1864.0
651,ground,414227.3738420745,3392981.792718504,0.0,,250000.0,n/a,-1,ground,2,50.0,57000000.0,0.75,1765.0
652,ground,413727.3738420745,3378481.792718504,0.0,,250000.0,n/a,-1,ground,2,50.0,57000000.0,0.75,1666.0
653,ground,414727.3738420745,3369981.792718504,0.0,,250000.0,n/a,-1,ground,2,50.0,57000000.0,0.75,1788.0
654,ground,414727.3738420745,3368481.792718504,0.0,,250000.0,n/a,-1,ground,2,50.0,57000000.0,0.75,1785.0
655,ground,414727.3738420745,3369481.792718504,0.0,,250000.0,n/a,-1,ground,2,50.0,57000000.0,0.75,1787.0
656,ground,413727.3738420745,3376981.792718504,0.0,,250000.0,n/a,-1,ground,2,50.0,57000000.0,0.75,1663.0
657,ground,414727.3738420745,3379481.792718504,0.0,,250000.0,n/a,-1,ground,2,50.0,57000000.0,0.75,1807.0
658,ground,414727.3738420745,3380481.792718504,0.0,,250000.0,n/a,-1,ground,2,50.0,57000000.0,0.75,1809.0
659,ground,413727.3738420745,3374481.792718504,0.0,,250000.0,n/a,-1,ground,2,50.0,57000000.0,0.75,1658.0
660,ground,413727.3738420745,3373981.792718504,0.0,,250000.0,n/a,-1,ground,2,50.0,57000000.0,0.75,1657.0
661,ground,413727.3738420745,3386481.792718504,0.0,,250000.0,n/a,-1,ground,2,50.0,57000000.0,0.75,1682.0
662,ground,413727.3738420745,3376481.792718504,0.0,,250000.0,n/a,-1,ground,2,50.0,57000000.0,0.75,1662.0
663,ground,415227.3738420745,3368981.792718504,0.0,,250000.0,n/a,-1,ground,2,50.0,57000000.0,0.75,1854.0
664,ground,415227.3738420745,3369481.792718504,0.0,,250000.0,n/a,-1,ground,2,50.0,57000000.0,0.75,1855.0
665,ground,415227.3738420745,3370481.792718504,0.0,,250000.0,n/a,-1,ground,2,50.0,57000000.0,0.75,1857.0
666,ground,414727.3738420745,3389481.792718504,0.0,,250000.0,n/a,-1,ground,2,50.0,57000000.0,0.75,1827.0
667,ground,413727.3738420745,3374981.792718504,0.0,,250000.0,n/a,-1,ground,2,50.0,57000000.0,0.75,1659.0
668,ground,414727.3738420745,3387981.792718504,0.0,,250000.0,n/a,-1,ground,2,50.0,57000000.0,0.75,1824.0
669,ground,414727.3738420745,3387481.792718504,0.0,,250000.0,n/a,-1,ground,2,50.0,57000000.0,0.75,1823.0
670,ground,414727.3738420745,3386481.792718504,0.0,,250000.0,n/a,-1,ground,2,50.0,57000000.0,0.75,1821.0
671,ground,413727.3738420745,3375481.792718504,0.0,,250000.0,n/a,-1,ground,2,50.0,57000000.0,0.75,1660.0
672,ground,414727.3738420745,3384481.792718504,0.0,,250000.0,n/a,-1,ground,2,50.0,57000000.0,0.75,1817.0
673,ground,414727.3738420745,3383981.792718504,0.0,,250000.0,n/a,-1,ground,2,50.0,57000000.0,0.75,1816.0
674,ground,414727.3738420745,3383481.792718504,0.0,,250000.0,n/a,-1,ground,2,50.0,57000000.0,0.75,1815.0
675,ground,413727.3738420745,3375981.792718504,0.0,,250000.0,n/a,-1,ground,2,50.0,57000000.0,0.75,1661.0
676,ground,414727.3738420745,3382981.792718504,0.0,,250000.0,n/a,-1,ground,2,50.0,57000000.0,0.75,1814.0
677,ground,414727.3738420745,3382481.792718504,0.0,,250000.0,n/a,-1,ground,2,50.0,57000000.0,0.75,1813.0
678,ground,413727.3738420745,3378981.792718504,0.0,,250000.0,n/a,-1,ground,2,50.0,57000000.0,0.75,1667.0
679,ground,413727.3738420745,3379481.792718504,0.0,,250000.0,n/a,-1,ground,2,50.0,57000000.0,0.75,1668.0
680,ground,414227.3738420745,3370981.792718504,0.0,,250000.0,n/a,-1,ground,2,50.0,57000000.0,0.75,1721.0
681,ground,414227.3738420745,3368481.792718504,0.0,,250000.0,n/a,-1,ground,2,50.0,57000000.0,0.75,1716.0
682,ground,414227.3738420745,3369981.792718504,0.0,,250000.0,n/a,-1,ground,2,50.0,57000000.0,0.75,1719.0
683,ground,414227.3738420745,3370481.792718504,0.0,,250000.0,n/a,-1,ground,2,50.0,57000000.0,0.75,1720.0
684,ground,414227.3738420745,3371481.792718504,0.0,,250000.0,n/a,-1,ground,2,50.0,57000000.0,0.75,1722.0
685,ground,413727.3738420745,3382981.792718504,0.0,,250000.0,n/a,-1,ground,2,50.0,57000000.0,0.75,1675.0
686,ground,414227.3738420745,3371981.792718504,0.0,,250000.0,n/a,-1,ground,2,50.0,57000000.0,0.75,1723.0
687,ground,414227.3738420745,3372481.792718504,0.0,,250000.0,n/a,-1,ground,2,50.0,57000000.0,0.75,1724.0
688,ground,414227.3738420745,3372981.792718504,0.0,,250000.0,n/a,-1,ground,2,50.0,57000000.0,0.75,1725.0
689,ground,414227.3738420745,3373481.792718504,0.0,,250000.0,n/a,-1,ground,2,50.0,57000000.0,0.75,1726.0
690,ground,414227.3738420745,3373981.792718504,0.0,,250000.0,n/a,-1,ground,2,50.0,57000000.0,0.75,1727.0
691,ground,413727.3738420745,3383481.792718504,0.0,,250000.0,n/a,-1,ground,2,50.0,57000000.0,0.75,1676.0
692,ground,413727.3738420745,3383981.792718504,0.0,,250000.0,n/a,-1,ground,2,50.0,57000000.0,0.75,1677.0
693,ground,413727.3738420745,3384481.792718504,0.0,,250000.0,n/a,-1,ground,2,50.0,57000000.0,0.75,1678.0
694,ground,414227.3738420745,3374481.792718504,0.0,,250000.0,n/a,-1,ground,2,50.0,57000000.0,0.75,1728.0
695,ground,414227.3738420745,3374981.792718504,0.0,,250000.0,n/a,-1,ground,2,50.0,57000000.0,0.75,1729.0
696,ground,414227.3738420745,3381981.792718504,0.0,,250000.0,n/a,-1,ground,2,50.0,57000000.0,0.75,1743.0
697,ground,414227.3738420745,3382481.792718504,0.0,,250000.0,n/a,-1,ground,2,50.0,57000000.0,0.75,1744.0
698,ground,414227.3738420745,3382981.792718504,0.0,,250000.0,n/a,-1,ground,2,50.0,57000000.0,0.75,1745.0
699,ground,414227.3738420745,3383481.792718504,0.0,,250000.0,n/a,-1,ground,2,50.0,57000000.0,0.75,1746.0
700,ground,414227.3738420745,3383981.792718504,0.0,,250000.0,n/a,-1,ground,2,50.0,57000000.0,0.75,1747.0
701,ground,414227.3738420745,3384481.792718504,0.0,,250000.0,n/a,-1,ground,2,50.0,57000000.0,0.75,1748.0
702,ground,414227.3738420745,3375481.792718504,0.0,,250000.0,n/a,-1,ground,2,50.0,57000000.0,0.75,1730.0
703,ground,414227.3738420745,3386481.792718504,0.0,,250000.0,n/a,-1,ground,2,50.0,57000000.0,0.75,1752.0
704,ground,414227.3738420745,3387481.792718504,0.0,,250000.0,n/a,-1,ground,2,50.0,57000000.0,0.75,1754.0
705,ground,414227.3738420745,3381481.792718504,0.0,,250000.0,n/a,-1,ground,2,50.0,57000000.0,0.75,1742.0
706,ground,414227.3738420745,3380981.792718504,0.0,,250000.0,n/a,-1,ground,2,50.0,57000000.0,0.75,1741.0
707,ground,414227.3738420745,3380481.792718504,0.0,,250000.0,n/a,-1,ground,2,50.0,57000000.0,0.75,1740.0
708,ground,414227.3738420745,3379981.792718504,0.0,,250000.0,n/a,-1,ground,2,50.0,57000000.0,0.75,1739.0
709,ground,414227.3738420745,3379481.792718504,0.0,,250000.0,n/a,-1,ground,2,50.0,57000000.0,0.75,1738.0
710,ground,414227.3738420745,3378981.792718504,0.0,,250000.0,n/a,-1,ground,2,50.0,57000000.0,0.75,1737.0
711,ground,414227.3738420745,3378481.792718504,0.0,,250000.0,n/a,-1,ground,2,50.0,57000000.0,0.75,1736.0
712,ground,413727.3738420745,3380981.792718504,0.0,,250000.0,n/a,-1,ground,2,50.0,57000000.0,0.75,1671.0
713,ground,413727.3738420745,3382481.792718504,0.0,,250000.0,n/a,-1,ground,2,50.0,57000000.0,0.75,1674.0
714,ground,414227.3738420745,3376981.792718504,0.0,,250000.0,n/a,-1,ground,2,50.0,57000000.0,0.75,1733.0
715,ground,414227.3738420745,3375981.792718504,0.0,,250000.0,n/a,-1,ground,2,50.0,57000000.0,0.75,1731.0
716,ground,415227.3738420745,3372481.792718504,0.0,,250000.0,n/a,-1,ground,2,50.0,57000000.0,0.75,1861.0
717,ground,413727.3738420745,3373481.792718504,0.0,,250000.0,n/a,-1,ground,2,50.0,57000000.0,0.75,1656.0
718,ground,415727.3738420745,3396481.792718504,0.0,,250000.0,n/a,-1,ground,2,50.0,57000000.0,0.75,1975.0
719,ground,416227.3738420745,3371981.792718504,0.0,,250000.0,n/a,-1,ground,2,50.0,57000000.0,0.75,1990.0
720,ground,416227.3738420745,3373981.792718504,0.0,,250000.0,n/a,-1,ground,2,50.0,57000000.0,0.75,1994.0
721,ground,416227.3738420745,3374981.792718504,0.0,,250000.0,n/a,-1,ground,2,50.0,57000000.0,0.75,1996.0
722,ground,416227.3738420745,3378981.792718504,0.0,,250000.0,n/a,-1,ground,2,50.0,57000000.0,0.75,2004.0
723,ground,416227.3738420745,3382481.792718504,0.0,,250000.0,n/a,-1,ground,2,50.0,57000000.0,0.75,2011.0
724,ground,416227.3738420745,3383981.792718504,0.0,,250000.0,n/a,-1,ground,2,50.0,57000000.0,0.75,2014.0
725,ground,416227.3738420745,3384481.792718504,0.0,,250000.0,n/a,-1,ground,2,50.0,57000000.0,0.75,2015.0
726,ground,415727.3738420745,3395981.792718504,0.0,,250000.0,n/a,-1,ground,2,50.0,57000000.0,0.75,1974.0
727,ground,415727.3738420745,3395481.792718504,0.0,,250000.0,n/a,-1,ground,2,50.0,57000000.0,0.75,1973.0
728,ground,415727.3738420745,3390481.792718504,0.0,,250000.0,n/a,-1,ground,2,50.0,57000000.0,0.75,1963.0
729,ground,415727.3738420745,3387481.792718504,0.0,,250000.0,n/a,-1,ground,2,50.0,57000000.0,0.75,1957.0
730,ground,415727.3738420745,3389481.792718504,0.0,,250000.0,n/a,-1,ground,2,50.0,57000000.0,0.75,1961.0
731,ground,415727.3738420745,3389981.792718504,0.0,,250000.0,n/a,-1,ground,2,50.0,57000000.0,0.75,1962.0
732,ground,415727.3738420745,3391981.792718504,0.0,,250000.0,n/a,-1,ground,2,50.0,57000000.0,0.75,1966.0
733,ground,415727.3738420745,3392481.792718504,0.0,,250000.0,n/a,-1,ground,2,50.0,57000000.0,0.75,1967.0
734,ground,415727.3738420745,3392981.792718504,0.0,,250000.0,n/a,-1,ground,2,50.0,57000000.0,0.75,1968.0
735,ground,416227.3738420745,3384981.792718504,0.0,,250000.0,n/a,-1,ground,2,50.0,57000000.0,0.75,2016.0
736,ground,416227.3738420745,3394981.792718504,0.0,,250000.0,n/a,-1,ground,2,50.0,57000000.0,0.75,2036.0
737,ground,416227.3738420745,3395481.792718504,0.0,,250000.0,n/a,-1,ground,2,50.0,57000000.0,0.75,2037.0
738,ground,416227.3738420745,3396481.792718504,0.0,,250000.0,n/a,-1,ground,2,50.0,57000000.0,0.75,2039.0
739,ground,416227.3738420745,3396981.792718504,0.0,,250000.0,n/a,-1,ground,2,50.0,57000000.0,0.75,2040.0
740,ground,416727.3738420745,3371981.792718504,0.0,,250000.0,n/a,-1,ground,2,50.0,57000000.0,0.75,2053.0
741,ground,413227.3738420745,3385481.792718504,0.0,,250000.0,n/a,-1,ground,2,50.0,57000000.0,0.75,1609.0
742,ground,416727.3738420745,3372481.792718504,0.0,,250000.0,n/a,-1,ground,2,50.0,57000000.0,0.75,2054.0
743,ground,416727.3738420745,3372981.792718504,0.0,,250000.0,n/a,-1,ground,2,50.0,57000000.0,0.75,2055.0
744,ground,416727.3738420745,3373981.792718504,0.0,,250000.0,n/a,-1,ground,2,50.0,57000000.0,0.75,2057.0
745,ground,413227.3738420745,3384481.792718504,0.0,,250000.0,n/a,-1,ground,2,50.0,57000000.0,0.75,1607.0
746,ground,416727.3738420745,3374481.792718504,0.0,,250000.0,n/a,-1,ground,2,50.0,57000000.0,0.75,2058.0
747,ground,416227.3738420745,3386981.792718504,0.0,,250000.0,n/a,-1,ground,2,50.0,57000000.0,0.75,2020.0
748,ground,416227.3738420745,3389981.792718504,0.0,,250000.0,n/a,-1,ground,2,50.0,57000000.0,0.75,2026.0
749,ground,416227.3738420745,3388481.792718504,0.0,,250000.0,n/a,-1,ground,2,50.0,57000000.0,0.75,2023.0
750,ground,416227.3738420745,3388981.792718504,0.0,,250000.0,n/a,-1,ground,2,50.0,57000000.0,0.75,2024.0
751,ground,416227.3738420745,3389481.792718504,0.0,,250000.0,n/a,-1,ground,2,50.0,57000000.0,0.75,2025.0
752,ground,416227.3738420745,3390481.792718504,0.0,,250000.0,n/a,-1,ground,2,50.0,57000000.0,0.75,2027.0
753,ground,416227.3738420745,3390981.792718504,0.0,,250000.0,n/a,-1,ground,2,50.0,57000000.0,0.75,2028.0
754,ground,413227.3738420745,3386981.792718504,0.0,,250000.0,n/a,-1,ground,2,50.0,57000000.0,0.75,1612.0
755,ground,413227.3738420745,3386481.792718504,0.0,,250000.0,n/a,-1,ground,2,50.0,57000000.0,0.75,1611.0
756,ground,413227.3738420745,3385981.792718504,0.0,,250000.0,n/a,-1,ground,2,50.0,57000000.0,0.75,1610.0
757,ground,415727.3738420745,3385481.792718504,0.0,,250000.0,n/a,-1,ground,2,50.0,57000000.0,0.75,1953.0
758,ground,415227.3738420745,3385481.792718504,0.0,,250000.0,n/a,-1,ground,2,50.0,57000000.0,0.75,1887.0
759,ground,415227.3738420745,3389981.792718504,0.0,,250000.0,n/a,-1,ground,2,50.0,57000000.0,0.75,1896.0
760,ground,413727.3738420745,3368481.792718504,0.0,,250000.0,n/a,-1,ground,2,50.0,57000000.0,0.75,1646.0
761,ground,415227.3738420745,3387981.792718504,0.0,,250000.0,n/a,-1,ground,2,50.0,57000000.0,0.75,1892.0
762,ground,413727.3738420745,3368981.792718504,0.0,,250000.0,n/a,-1,ground,2,50.0,57000000.0,0.75,1647.0
763,ground,413727.3738420745,3369481.792718504,0.0,,250000.0,n/a,-1,ground,2,50.0,57000000.0,0.75,1648.0
764,ground,413727.3738420745,3367481.792718504,0.0,,250000.0,n/a,-1,ground,2,50.0,57000000.0,0.75,1644.0
765,ground,415227.3738420745,3384481.792718504,0.0,,250000.0,n/a,-1,ground,2,50.0,57000000.0,0.75,1885.0
766,ground,415227.3738420745,3383981.792718504,0.0,,250000.0,n/a,-1,ground,2,50.0,57000000.0,0.75,1884.0
767,ground,413727.3738420745,3370481.792718504,0.0,,250000.0,n/a,-1,ground,2,50.0,57000000.0,0.75,1650.0
768,ground,415227.3738420745,3383481.792718504,0.0,,250000.0,n/a,-1,ground,2,50.0,57000000.0,0.75,1883.0
769,ground,415227.3738420745,3382981.792718504,0.0,,250000.0,n/a,-1,ground,2,50.0,57000000.0,0.75,1882.0
770,ground,415227.3738420745,3382481.792718504,0.0,,250000.0,n/a,-1,ground,2,50.0,57000000.0,0.75,1881.0
771,ground,415227.3738420745,3380481.792718504,0.0,,250000.0,n/a,-1,ground,2,50.0,57000000.0,0.75,1877.0
772,ground,413727.3738420745,3370981.792718504,0.0,,250000.0,n/a,-1,ground,2,50.0,57000000.0,0.75,1651.0
773,ground,413727.3738420745,3371481.792718504,0.0,,250000.0,n/a,-1,ground,2,50.0,57000000.0,0.75,1652.0
774,ground,415227.3738420745,3379481.792718504,0.0,,250000.0,n/a,-1,ground,2,50.0,57000000.0,0.75,1875.0
775,ground,413727.3738420745,3371981.792718504,0.0,,250000.0,n/a,-1,ground,2,50.0,57000000.0,0.75,1653.0
776,ground,413727.3738420745,3372481.792718504,0.0,,250000.0,n/a,-1,ground,2,50.0,57000000.0,0.75,1654.0
777,ground,413727.3738420745,3372981.792718504,0.0,,250000.0,n/a,-1,ground,2,50.0,57000000.0,0.75,1655.0
778,ground,415727.3738420745,3384981.792718504,0.0,,250000.0,n/a,-1,ground,2,50.0,57000000.0,0.75,1952.0
779,ground,415727.3738420745,3384481.792718504,0.0,,250000.0,n/a,-1,ground,2,50.0,57000000.0,0.75,1951.0
780,ground,415727.3738420745,3383981.792718504,0.0,,250000.0,n/a,-1,ground,2,50.0,57000000.0,0.75,1950.0
781,ground,415727.3738420745,3378981.792718504,0.0,,250000.0,n/a,-1,ground,2,50.0,57000000.0,0.75,1940.0
782,ground,415727.3738420745,3376981.792718504,0.0,,250000.0,n/a,-1,ground,2,50.0,57000000.0,0.75,1936.0
783,ground,415727.3738420745,3376481.792718504,0.0,,250000.0,n/a,-1,ground,2,50.0,57000000.0,0.75,1935.0
784,ground,415727.3738420745,3375981.792718504,0.0,,250000.0,n/a,-1,ground,2,50.0,57000000.0,0.75,1934.0
785,ground,415727.3738420745,3374481.792718504,0.0,,250000.0,n/a,-1,ground,2,50.0,57000000.0,0.75,1931.0
786,ground,415727.3738420745,3373981.792718504,0.0,,250000.0,n/a,-1,ground,2,50.0,57000000.0,0.75,1930.0
787,ground,414227.3738420745,3369481.792718504,0.0,,250000.0,n/a,-1,ground,2,50.0,57000000.0,0.749383264306429,1718.0
788,ground,420727.3738420745,3395481.792718504,0.0,,250000.0,n/a,-1,ground,2,50.0,57000000.0,0.7493753170795865,2447.0
789,ground,418227.3738420745,3385981.792718504,0.0,,250000.0,n/a,-1,ground,2,50.0,57000000.0,0.7482398542829738,2244.0
790,ground,415227.3738420745,3370981.792718504,0.0,,250000.0,n/a,-1,ground,2,50.0,57000000.0,0.7480168837147412,1858.0
791,ground,420227.3738420745,3395981.792718504,0.0,,250000.0,n/a,-1,ground,2,50.0,57000000.0,0.7474007307363146,2418.0
792,ground,405227.3738420745,3401981.792718504,0.0,,250000.0,n/a,-1,ground,2,50.0,57000000.0,0.7473047524265887,501.0
793,ground,411227.3738420745,3378481.792718504,0.0,,250000.0,n/a,-1,ground,2,50.0,57000000.0,0.7471589500812141,1303.0
794,ground,418727.3738420745,3386981.792718504,0.0,,250000.0,n/a,-1,ground,2,50.0,57000000.0,0.7467045054024454,2291.0
795,ground,419727.3738420745,3383481.792718504,0.0,,250000.0,n/a,-1,ground,2,50.0,57000000.0,0.7466119687586888,2361.0
796,ground,414727.3738420745,3386981.792718504,0.0,,250000.0,n/a,-1,ground,2,50.0,57000000.0,0.7456053717171203,1822.0
797,ground,416727.3738420745,3383981.792718504,0.0,,250000.0,n/a,-1,ground,2,50.0,57000000.0,0.744851137841067,2077.0
798,ground,409727.3738420745,3369481.792718504,0.0,,250000.0,n/a,-1,ground,2,50.0,57000000.0,0.7448364086518531,1066.0
799,ground,402227.3738420745,3390481.792718504,0.0,,250000.0,n/a,-1,ground,2,50.0,57000000.0,0.7447915934760438,181.0
800,ground,415227.3738420745,3389481.792718504,0.0,,250000.0,n/a,-1,ground,2,50.0,57000000.0,0.7445005468584813,1895.0
801,ground,406227.3738420745,3369981.792718504,0.0,,250000.0,n/a,-1,ground,2,50.0,57000000.0,0.744137012313629,568.0
802,ground,414227.3738420745,3376481.792718504,0.0,,250000.0,n/a,-1,ground,2,50.0,57000000.0,0.7437764917762514,1732.0
803,ground,419727.3738420745,3396481.792718504,0.0,,250000.0,n/a,-1,ground,2,50.0,57000000.0,0.7435739907006356,2387.0
804,ground,405227.3738420745,3377481.792718504,0.0,,250000.0,n/a,-1,ground,2,50.0,57000000.0,0.7435175035614385,452.0
805,ground,418227.3738420745,3376481.792718504,0.0,,250000.0,n/a,-1,ground,2,50.0,57000000.0,0.7428596982541866,2225.0
806,ground,419727.3738420745,3386981.792718504,0.0,,250000.0,n/a,-1,ground,2,50.0,57000000.0,0.7422295679412108,2368.0
807,ground,415727.3738420745,3379981.792718504,0.0,,250000.0,n/a,-1,ground,2,50.0,57000000.0,0.7420749525797449,1942.0
808,ground,405227.3738420745,3399481.792718504,0.0,,250000.0,n/a,-1,ground,2,50.0,57000000.0,0.7415209201774025,496.0
809,ground,414727.3738420745,3381981.792718504,0.0,,250000.0,n/a,-1,ground,2,50.0,57000000.0,0.7412930538129645,1812.0
810,ground,415227.3738420745,3377481.792718504,0.0,,250000.0,n/a,-1,ground,2,50.0,57000000.0,0.7409062931888105,1871.0
811,ground,417727.3738420745,3374981.792718504,0.0,,250000.0,n/a,-1,ground,2,50.0,57000000.0,0.7408532681925121,2172.0
812,ground,417727.3738420745,3375981.792718504,0.0,,250000.0,n/a,-1,ground,2,50.0,57000000.0,0.7408423203812237,2174.0
813,ground,413227.3738420745,3390481.792718504,0.0,,250000.0,n/a,-1,ground,2,50.0,57000000.0,0.740690321480646,1619.0
814,ground,409227.3738420745,3372481.792718504,0.0,,250000.0,n/a,-1,ground,2,50.0,57000000.0,0.7403988120308116,1000.0
815,ground,412227.3738420745,3373981.792718504,0.0,,250000.0,n/a,-1,ground,2,50.0,57000000.0,0.7389914857479671,1441.0
816,ground,408227.3738420745,3369981.792718504,0.0,,250000.0,n/a,-1,ground,2,50.0,57000000.0,0.7387018446120066,851.0
817,ground,413727.3738420745,3369981.792718504,0.0,,250000.0,n/a,-1,ground,2,50.0,57000000.0,0.7383032140742026,1649.0
818,ground,400227.3738420745,3391481.792718504,0.0,,250000.0,n/a,-1,ground,2,50.0,57000000.0,0.7370426802539025,61.0
819,ground,416727.3738420745,3376481.792718504,0.0,,250000.0,n/a,-1,ground,2,50.0,57000000.0,0.7364100541672092,2062.0
820,ground,413227.3738420745,3370481.792718504,0.0,,250000.0,n/a,-1,ground,2,50.0,57000000.0,0.7363322911355055,1579.0
821,ground,409227.3738420745,3382481.792718504,0.0,,250000.0,n/a,-1,ground,2,50.0,57000000.0,0.7362860660986714,1020.0
822,ground,421727.3738420745,3394981.792718504,0.0,,250000.0,n/a,-1,ground,2,50.0,57000000.0,0.7359643606637882,2496.0
823,ground,418727.3738420745,3380481.792718504,0.0,,250000.0,n/a,-1,ground,2,50.0,57000000.0,0.7357598185194452,2278.0
824,ground,420727.3738420745,3395981.792718504,0.0,,250000.0,n/a,-1,ground,2,50.0,57000000.0,0.7352577455216662,2448.0
825,ground,415727.3738420745,3371981.792718504,0.0,,250000.0,n/a,-1,ground,2,50.0,57000000.0,0.7346112681910564,1926.0
826,ground,412227.3738420745,3381981.792718504,0.0,,250000.0,n/a,-1,ground,2,50.0,57000000.0,0.7330826979587257,1457.0
827,ground,415727.3738420745,3377481.792718504,0.0,,250000.0,n/a,-1,ground,2,50.0,57000000.0,0.7330654186671033,1937.0
828,ground,420227.3738420745,3387981.792718504,0.0,,250000.0,n/a,-1,ground,2,50.0,57000000.0,0.7327587082531775,2402.0
829,ground,420727.3738420745,3390481.792718504,0.0,,250000.0,n/a,-1,ground,2,50.0,57000000.0,0.7320815179683304,2437.0
830,ground,405727.3738420745,3400481.792718504,0.0,,250000.0,n/a,-1,ground,2,50.0,57000000.0,0.7308775978620035,562.0
831,ground,416227.3738420745,3377481.792718504,0.0,,250000.0,n/a,-1,ground,2,50.0,57000000.0,0.7306312117135112,2001.0
832,ground,402227.3738420745,3391481.792718504,0.0,,250000.0,n/a,-1,ground,2,50.0,57000000.0,0.73012809968436,183.0
833,ground,415227.3738420745,3378981.792718504,0.0,,250000.0,n/a,-1,ground,2,50.0,57000000.0,0.7300864813758994,1874.0
834,ground,415227.3738420745,3376981.792718504,0.0,,250000.0,n/a,-1,ground,2,50.0,57000000.0,0.730019098220527,1870.0
835,ground,416727.3738420745,3371481.792718504,0.0,,250000.0,n/a,-1,ground,2,50.0,57000000.0,0.7295095080021297,2052.0
836,ground,420227.3738420745,3396481.792718504,0.0,,250000.0,n/a,-1,ground,2,50.0,57000000.0,0.7293928102504568,2419.0
837,ground,403227.3738420745,3401481.792718504,0.0,,250000.0,n/a,-1,ground,2,50.0,57000000.0,0.7285848095696525,282.0
838,ground,417727.3738420745,3398481.792718504,0.0,,250000.0,n/a,-1,ground,2,50.0,57000000.0,0.7284858610553746,2219.0
839,ground,405727.3738420745,3398981.792718504,0.0,,250000.0,n/a,-1,ground,2,50.0,57000000.0,0.7282558990805306,559.0
840,ground,417227.3738420745,3377481.792718504,0.0,,250000.0,n/a,-1,ground,2,50.0,57000000.0,0.7264395199444833,2123.0
841,ground,419227.3738420745,3388981.792718504,0.0,,250000.0,n/a,-1,ground,2,50.0,57000000.0,0.7258045358906846,2336.0
842,ground,421227.3738420745,3392481.792718504,0.0,,250000.0,n/a,-1,ground,2,50.0,57000000.0,0.7254797215596693,2468.0
843,ground,422227.3738420745,3392481.792718504,0.0,,250000.0,n/a,-1,ground,2,50.0,57000000.0,0.7252009801354845,2510.0
844,ground,411227.3738420745,3374981.792718504,0.0,,250000.0,n/a,-1,ground,2,50.0,57000000.0,0.7251202969127335,1296.0
845,ground,405227.3738420745,3374481.792718504,0.0,,250000.0,n/a,-1,ground,2,50.0,57000000.0,0.7246746339998771,446.0
846,ground,409727.3738420745,3402481.792718504,0.0,,250000.0,n/a,-1,ground,2,50.0,57000000.0,0.7245223183380849,1132.0
847,ground,415727.3738420745,3372481.792718504,0.0,,250000.0,n/a,-1,ground,2,50.0,57000000.0,0.7237967156298271,1927.0
848,ground,411727.3738420745,3379481.792718504,0.0,,250000.0,n/a,-1,ground,2,50.0,57000000.0,0.7237019178633007,1378.0
849,ground,411227.3738420745,3378981.792718504,0.0,,250000.0,n/a,-1,ground,2,50.0,57000000.0,0.7236589977421589,1304.0
850,ground,417227.3738420745,3376981.792718504,0.0,,250000.0,n/a,-1,ground,2,50.0,57000000.0,0.7231227600601283,2122.0
851,ground,409727.3738420745,3371981.792718504,0.0,,250000.0,n/a,-1,ground,2,50.0,57000000.0,0.7228636824610676,1071.0
852,ground,420227.3738420745,3389981.792718504,0.0,,250000.0,n/a,-1,ground,2,50.0,57000000.0,0.7228447854601421,2406.0
853,ground,421727.3738420745,3387481.792718504,0.0,,250000.0,n/a,-1,ground,2,50.0,57000000.0,0.7227285522186996,2481.0
854,ground,416727.3738420745,3375981.792718504,0.0,,250000.0,n/a,-1,ground,2,50.0,57000000.0,0.721560117153387,2061.0
855,ground,414727.3738420745,3385981.792718504,0.0,,250000.0,n/a,-1,ground,2,50.0,57000000.0,0.7209779489309602,1820.0
856,ground,417227.3738420745,3376481.792718504,0.0,,250000.0,n/a,-1,ground,2,50.0,57000000.0,0.7209219482986222,2121.0
857,ground,412727.3738420745,3385981.792718504,0.0,,250000.0,n/a,-1,ground,2,50.0,57000000.0,0.7208569552060258,1538.0
858,ground,420727.3738420745,3396481.792718504,0.0,,250000.0,n/a,-1,ground,2,50.0,57000000.0,0.7194254086791084,2449.0
859,ground,411227.3738420745,3368981.792718504,0.0,,250000.0,n/a,-1,ground,2,50.0,57000000.0,0.7192680229790336,1284.0
860,ground,416227.3738420745,3376981.792718504,0.0,,250000.0,n/a,-1,ground,2,50.0,57000000.0,0.7191538724423174,2000.0
861,ground,421727.3738420745,3392981.792718504,0.0,,250000.0,n/a,-1,ground,2,50.0,57000000.0,0.7187457852596828,2492.0
862,ground,410227.3738420745,3369481.792718504,0.0,,250000.0,n/a,-1,ground,2,50.0,57000000.0,0.7180034767076755,1139.0
863,ground,414727.3738420745,3378981.792718504,0.0,,250000.0,n/a,-1,ground,2,50.0,57000000.0,0.7173788255132402,1806.0
864,ground,404727.3738420745,3376481.792718504,0.0,,250000.0,n/a,-1,ground,2,50.0,57000000.0,0.7173550229087364,389.0
865,ground,421227.3738420745,3392981.792718504,0.0,,250000.0,n/a,-1,ground,2,50.0,57000000.0,0.7171883391714995,2469.0
866,ground,420227.3738420745,3390481.792718504,0.0,,250000.0,n/a,-1,ground,2,50.0,57000000.0,0.7171006430693572,2407.0
867,ground,419727.3738420745,3387981.792718504,0.0,,250000.0,n/a,-1,ground,2,50.0,57000000.0,0.7170510395772554,2370.0
868,ground,418227.3738420745,3379981.792718504,0.0,,250000.0,n/a,-1,ground,2,50.0,57000000.0,0.7168956117019362,2232.0
869,ground,422227.3738420745,3392981.792718504,0.0,,250000.0,n/a,-1,ground,2,50.0,57000000.0,0.7154373295145893,2511.0
870,ground,403227.3738420745,3391981.792718504,0.0,,250000.0,n/a,-1,ground,2,50.0,57000000.0,0.7148666262266775,263.0
871,ground,404227.3738420745,3390981.792718504,0.0,,250000.0,n/a,-1,ground,2,50.0,57000000.0,0.7148434809350548,361.0
872,ground,413727.3738420745,3367981.792718504,0.0,,250000.0,n/a,-1,ground,2,50.0,57000000.0,0.7140539706476821,1645.0
873,ground,415227.3738420745,3386981.792718504,0.0,,250000.0,n/a,-1,ground,2,50.0,57000000.0,0.7133042802210356,1890.0
874,ground,401727.3738420745,3390481.792718504,0.0,,250000.0,n/a,-1,ground,2,50.0,57000000.0,0.7127081530490529,146.0
875,ground,405727.3738420745,3401481.792718504,0.0,,250000.0,n/a,-1,ground,2,50.0,57000000.0,0.7123123303067769,564.0
876,ground,408727.3738420745,3400981.792718504,0.0,,250000.0,n/a,-1,ground,2,50.0,57000000.0,0.7107399600574035,985.0
877,ground,400727.3738420745,3391981.792718504,0.0,,250000.0,n/a,-1,ground,2,50.0,57000000.0,0.7100241527262572,88.0
878,ground,416227.3738420745,3374481.792718504,0.0,,250000.0,n/a,-1,ground,2,50.0,57000000.0,0.7099159066131843,1995.0
879,ground,408227.3738420745,3399981.792718504,0.0,,250000.0,n/a,-1,ground,2,50.0,57000000.0,0.7088930082239593,911.0
880,ground,418227.3738420745,3378481.792718504,0.0,,250000.0,n/a,-1,ground,2,50.0,57000000.0,0.7085123626101419,2229.0
881,ground,409227.3738420745,3401981.792718504,0.0,,250000.0,n/a,-1,ground,2,50.0,57000000.0,0.7079176083254641,1059.0
882,ground,409227.3738420745,3397981.792718504,0.0,,250000.0,n/a,-1,ground,2,50.0,57000000.0,0.7077577732924608,1051.0
883,ground,418727.3738420745,3381481.792718504,0.0,,250000.0,n/a,-1,ground,2,50.0,57000000.0,0.7062801920642222,2280.0
884,ground,415727.3738420745,3380481.792718504,0.0,,250000.0,n/a,-1,ground,2,50.0,57000000.0,0.7062382284882927,1943.0
885,ground,401227.3738420745,3391981.792718504,0.0,,250000.0,n/a,-1,ground,2,50.0,57000000.0,0.706124177882383,117.0
886,ground,422727.3738420745,3392981.792718504,0.0,,250000.0,n/a,-1,ground,2,50.0,57000000.0,0.7057142005588886,2518.0
887,ground,417727.3738420745,3374481.792718504,0.0,,250000.0,n/a,-1,ground,2,50.0,57000000.0,0.7054834693083684,2171.0
888,ground,420227.3738420745,3386981.792718504,0.0,,250000.0,n/a,-1,ground,2,50.0,57000000.0,0.7053953299092601,2400.0
889,ground,407227.3738420745,3375981.792718504,0.0,,250000.0,n/a,-1,ground,2,50.0,57000000.0,0.7045596470572806,721.0
890,ground,420727.3738420745,3387481.792718504,0.0,,250000.0,n/a,-1,ground,2,50.0,57000000.0,0.7036021945106659,2431.0
891,ground,417727.3738420745,3383481.792718504,0.0,,250000.0,n/a,-1,ground,2,50.0,57000000.0,0.7024510013468316,2189.0
892,ground,409727.3738420745,3369981.792718504,0.0,,250000.0,n/a,-1,ground,2,50.0,57000000.0,0.7023694327853716,1067.0
893,ground,405727.3738420745,3376981.792718504,0.0,,250000.0,n/a,-1,ground,2,50.0,57000000.0,0.7017383712213361,515.0
894,ground,407227.3738420745,3401981.792718504,0.0,,250000.0,n/a,-1,ground,2,50.0,57000000.0,0.7013674334002851,773.0
895,ground,399727.3738420745,3390981.792718504,0.0,,250000.0,n/a,-1,ground,2,50.0,57000000.0,0.7007526024282823,37.0
896,ground,418727.3738420745,3399981.792718504,0.0,,250000.0,n/a,-1,ground,2,50.0,57000000.0,0.7001583366609478,2317.0
897,ground,404727.3738420745,3402481.792718504,0.0,,250000.0,n/a,-1,ground,2,50.0,57000000.0,0.6997669533087656,441.0
898,ground,405727.3738420745,3371481.792718504,0.0,,250000.0,n/a,-1,ground,2,50.0,57000000.0,0.6995576637624841,504.0
899,ground,415727.3738420745,3369481.792718504,0.0,,250000.0,n/a,-1,ground,2,50.0,57000000.0,0.6965712927642669,1921.0
900,ground,406227.3738420745,3376981.792718504,0.0,,250000.0,n/a,-1,ground,2,50.0,57000000.0,0.6960478454089996,582.0
901,ground,408227.3738420745,3402481.792718504,0.0,,250000.0,n/a,-1,ground,2,50.0,57000000.0,0.6953436244412836,916.0
902,ground,418227.3738420745,3396981.792718504,0.0,,250000.0,n/a,-1,ground,2,50.0,57000000.0,0.695235022629146,2266.0
903,ground,418727.3738420745,3391981.792718504,0.0,,250000.0,n/a,-1,ground,2,50.0,57000000.0,0.6933824327268168,2301.0
904,ground,404227.3738420745,3399981.792718504,0.0,,250000.0,n/a,-1,ground,2,50.0,57000000.0,0.6931685063592121,379.0
905,ground,405727.3738420745,3375481.792718504,0.0,,250000.0,n/a,-1,ground,2,50.0,57000000.0,0.6924832751198466,512.0
906,ground,403727.3738420745,3392481.792718504,0.0,,250000.0,n/a,-1,ground,2,50.0,57000000.0,0.6914625217033276,311.0
907,ground,422227.3738420745,3386481.792718504,0.0,,250000.0,n/a,-1,ground,2,50.0,57000000.0,0.6906412427446679,2498.0
908,ground,416227.3738420745,3375481.792718504,0.0,,250000.0,n/a,-1,ground,2,50.0,57000000.0,0.6902627990093625,1997.0
909,ground,419227.3738420745,3389981.792718504,0.0,,250000.0,n/a,-1,ground,2,50.0,57000000.0,0.6881439771526023,2338.0
910,ground,405227.3738420745,3397981.792718504,0.0,,250000.0,n/a,-1,ground,2,50.0,57000000.0,0.6874436210695742,493.0
911,ground,418727.3738420745,3378981.792718504,0.0,,250000.0,n/a,-1,ground,2,50.0,57000000.0,0.6873746121796817,2275.0
912,ground,418227.3738420745,3381481.792718504,0.0,,250000.0,n/a,-1,ground,2,50.0,57000000.0,0.6858807511201452,2235.0
913,ground,415227.3738420745,3371481.792718504,0.0,,250000.0,n/a,-1,ground,2,50.0,57000000.0,0.685836475649355,1859.0
914,ground,406227.3738420745,3379981.792718504,0.0,,250000.0,n/a,-1,ground,2,50.0,57000000.0,0.6850492422333667,588.0
915,ground,415727.3738420745,3374981.792718504,0.0,,250000.0,n/a,-1,ground,2,50.0,57000000.0,0.6844374075976185,1932.0
916,ground,410227.3738420745,3370481.792718504,0.0,,250000.0,n/a,-1,ground,2,50.0,57000000.0,0.6831534850407652,1141.0
917,ground,417727.3738420745,3373981.792718504,0.0,,250000.0,n/a,-1,ground,2,50.0,57000000.0,0.6829314691621091,2170.0
918,ground,419727.3738420745,3389481.792718504,0.0,,250000.0,n/a,-1,ground,2,50.0,57000000.0,0.6803972771364222,2373.0
919,ground,415227.3738420745,3371981.792718504,0.0,,250000.0,n/a,-1,ground,2,50.0,57000000.0,0.6801886407095075,1860.0
920,ground,415227.3738420745,3372981.792718504,0.0,,250000.0,n/a,-1,ground,2,50.0,57000000.0,0.6801694503519475,1862.0
921,ground,407727.3738420745,3399981.792718504,0.0,,250000.0,n/a,-1,ground,2,50.0,57000000.0,0.6796394210058416,840.0
922,ground,414727.3738420745,3388481.792718504,0.0,,250000.0,n/a,-1,ground,2,50.0,57000000.0,0.6792788002836563,1825.0
923,ground,419227.3738420745,3399481.792718504,0.0,,250000.0,n/a,-1,ground,2,50.0,57000000.0,0.6785747395651427,2357.0
924,ground,419227.3738420745,3392981.792718504,0.0,,250000.0,n/a,-1,ground,2,50.0,57000000.0,0.6784090669638329,2344.0
925,ground,415227.3738420745,3375981.792718504,0.0,,250000.0,n/a,-1,ground,2,50.0,57000000.0,0.6769862313103595,1868.0
926,ground,405227.3738420745,3378481.792718504,0.0,,250000.0,n/a,-1,ground,2,50.0,57000000.0,0.6768708033433771,454.0
927,ground,413227.3738420745,3368981.792718504,0.0,,250000.0,n/a,-1,ground,2,50.0,57000000.0,0.6752258720387933,1576.0
928,ground,404727.3738420745,3400481.792718504,0.0,,250000.0,n/a,-1,ground,2,50.0,57000000.0,0.6742274065058198,437.0
929,ground,417227.3738420745,3380981.792718504,0.0,,250000.0,n/a,-1,ground,2,50.0,57000000.0,0.6741148384456256,2130.0
930,ground,415727.3738420745,3369981.792718504,0.0,,250000.0,n/a,-1,ground,2,50.0,57000000.0,0.6741052906777256,1922.0
931,ground,404227.3738420745,3401981.792718504,0.0,,250000.0,n/a,-1,ground,2,50.0,57000000.0,0.6737141939446387,383.0
932,ground,419227.3738420745,3383981.792718504,0.0,,250000.0,n/a,-1,ground,2,50.0,57000000.0,0.6727608966079899,2326.0
933,ground,415227.3738420745,3373481.792718504,0.0,,250000.0,n/a,-1,ground,2,50.0,57000000.0,0.6717530285243825,1863.0
934,ground,419227.3738420745,3384481.792718504,0.0,,250000.0,n/a,-1,ground,2,50.0,57000000.0,0.6706688550489324,2327.0
935,ground,410227.3738420745,3368981.792718504,0.0,,250000.0,n/a,-1,ground,2,50.0,57000000.0,0.669615038871479,1138.0
936,ground,417727.3738420745,3392981.792718504,0.0,,250000.0,n/a,-1,ground,2,50.0,57000000.0,0.6687297945277362,2208.0
937,ground,409727.3738420745,3368981.792718504,0.0,,250000.0,n/a,-1,ground,2,50.0,57000000.0,0.6655383194420212,1065.0
938,ground,416727.3738420745,3391481.792718504,0.0,,250000.0,n/a,-1,ground,2,50.0,57000000.0,0.6647143291427817,2092.0
939,ground,418727.3738420745,3381981.792718504,0.0,,250000.0,n/a,-1,ground,2,50.0,57000000.0,0.6634742096736939,2281.0
940,ground,416227.3738420745,3371481.792718504,0.0,,250000.0,n/a,-1,ground,2,50.0,57000000.0,0.6627642947339931,1989.0
941,ground,419227.3738420745,3382481.792718504,0.0,,250000.0,n/a,-1,ground,2,50.0,57000000.0,0.661488973714075,2323.0
942,ground,421227.3738420745,3393481.792718504,0.0,,250000.0,n/a,-1,ground,2,50.0,57000000.0,0.6605952968108938,2470.0
943,ground,405727.3738420745,3379481.792718504,0.0,,250000.0,n/a,-1,ground,2,50.0,57000000.0,0.6593364798829497,520.0
944,ground,416227.3738420745,3372481.792718504,0.0,,250000.0,n/a,-1,ground,2,50.0,57000000.0,0.6582286373198435,1991.0
945,ground,418227.3738420745,3379481.792718504,0.0,,250000.0,n/a,-1,ground,2,50.0,57000000.0,0.6579612950536491,2231.0
946,ground,418227.3738420745,3378981.792718504,0.0,,250000.0,n/a,-1,ground,2,50.0,57000000.0,0.6571817190784519,2230.0
947,ground,406227.3738420745,3400981.792718504,0.0,,250000.0,n/a,-1,ground,2,50.0,57000000.0,0.6540677158501729,630.0
948,ground,417727.3738420745,3390981.792718504,0.0,,250000.0,n/a,-1,ground,2,50.0,57000000.0,0.6531461323778718,2204.0
949,ground,421727.3738420745,3393481.792718504,0.0,,250000.0,n/a,-1,ground,2,50.0,57000000.0,0.6520007520275469,2493.0
950,ground,409227.3738420745,3402481.792718504,0.0,,250000.0,n/a,-1,ground,2,50.0,57000000.0,0.6501829794745337,1060.0
951,ground,404727.3738420745,3378481.792718504,0.0,,250000.0,n/a,-1,ground,2,50.0,57000000.0,0.6499036588397517,393.0
952,ground,419727.3738420745,3382481.792718504,0.0,,250000.0,n/a,-1,ground,2,50.0,57000000.0,0.6485432884675165,2359.0
953,ground,417227.3738420745,3379981.792718504,0.0,,250000.0,n/a,-1,ground,2,50.0,57000000.0,0.6483364616984418,2128.0
954,ground,416227.3738420745,3373481.792718504,0.0,,250000.0,n/a,-1,ground,2,50.0,57000000.0,0.6480193967574754,1993.0
955,ground,411227.3738420745,3375481.792718504,0.0,,250000.0,n/a,-1,ground,2,50.0,57000000.0,0.6456828555804912,1297.0
956,ground,415727.3738420745,3386981.792718504,0.0,,250000.0,n/a,-1,ground,2,50.0,57000000.0,0.6447659644053889,1956.0
957,ground,422227.3738420745,3393481.792718504,0.0,,250000.0,n/a,-1,ground,2,50.0,57000000.0,0.6447412169683138,2512.0
958,ground,418227.3738420745,3396481.792718504,0.0,,250000.0,n/a,-1,ground,2,50.0,57000000.0,0.6443653763726243,2265.0
959,ground,411227.3738420745,3372981.792718504,0.0,,250000.0,n/a,-1,ground,2,50.0,57000000.0,0.6439313717225638,1292.0
960,ground,420227.3738420745,3383981.792718504,0.0,,250000.0,n/a,-1,ground,2,50.0,57000000.0,0.6431325562867836,2394.0
961,ground,411227.3738420745,3372481.792718504,0.0,,250000.0,n/a,-1,ground,2,50.0,57000000.0,0.643035341693642,1291.0
962,ground,405227.3738420745,3400981.792718504,0.0,,250000.0,n/a,-1,ground,2,50.0,57000000.0,0.6425899224837489,499.0
963,ground,415227.3738420745,3376481.792718504,0.0,,250000.0,n/a,-1,ground,2,50.0,57000000.0,0.6413348530957834,1869.0
964,ground,421727.3738420745,3389481.792718504,0.0,,250000.0,n/a,-1,ground,2,50.0,57000000.0,0.6390909162831113,2485.0
965,ground,420727.3738420745,3388981.792718504,0.0,,250000.0,n/a,-1,ground,2,50.0,57000000.0,0.636774332239115,2434.0
966,ground,414727.3738420745,3379981.792718504,0.0,,250000.0,n/a,-1,ground,2,50.0,57000000.0,0.6363225527945264,1808.0
967,ground,421727.3738420745,3388481.792718504,0.0,,250000.0,n/a,-1,ground,2,50.0,57000000.0,0.6355224061093445,2483.0
968,ground,415727.3738420745,3381981.792718504,0.0,,250000.0,n/a,-1,ground,2,50.0,57000000.0,0.6337373595331387,1946.0
969,ground,411227.3738420745,3377981.792718504,0.0,,250000.0,n/a,-1,ground,2,50.0,57000000.0,0.6316240100324745,1302.0
970,ground,414727.3738420745,3388981.792718504,0.0,,250000.0,n/a,-1,ground,2,50.0,57000000.0,0.6312307821762282,1826.0
971,ground,415727.3738420745,3383481.792718504,0.0,,250000.0,n/a,-1,ground,2,50.0,57000000.0,0.6306142695667183,1949.0
972,ground,416727.3738420745,3374981.792718504,0.0,,250000.0,n/a,-1,ground,2,50.0,57000000.0,0.6296368099647258,2059.0
973,ground,415227.3738420745,3387481.792718504,0.0,,250000.0,n/a,-1,ground,2,50.0,57000000.0,0.6278572537274731,1891.0
974,ground,418727.3738420745,3387981.792718504,0.0,,250000.0,n/a,-1,ground,2,50.0,57000000.0,0.6212865896665354,2293.0
975,ground,417227.3738420745,3375481.792718504,0.0,,250000.0,n/a,-1,ground,2,50.0,57000000.0,0.6196837699252897,2119.0
976,ground,405227.3738420745,3379481.792718504,0.0,,250000.0,n/a,-1,ground,2,50.0,57000000.0,0.618389359093646,456.0
977,ground,404727.3738420745,3377981.792718504,0.0,,250000.0,n/a,-1,ground,2,50.0,57000000.0,0.6182467729467453,392.0
978,ground,407727.3738420745,3402481.792718504,0.0,,250000.0,n/a,-1,ground,2,50.0,57000000.0,0.6178508692403604,845.0
979,ground,419727.3738420745,3383981.792718504,0.0,,250000.0,n/a,-1,ground,2,50.0,57000000.0,0.6176191864213425,2362.0
980,ground,406227.3738420745,3380481.792718504,0.0,,250000.0,n/a,-1,ground,2,50.0,57000000.0,0.6167652625027444,589.0
981,ground,415227.3738420745,3374481.792718504,0.0,,250000.0,n/a,-1,ground,2,50.0,57000000.0,0.6115029884290298,1865.0
982,ground,416227.3738420745,3381981.792718504,0.0,,250000.0,n/a,-1,ground,2,50.0,57000000.0,0.6079738908464198,2010.0
983,ground,419227.3738420745,3387981.792718504,0.0,,250000.0,n/a,-1,ground,2,50.0,57000000.0,0.6039253077736928,2334.0
984,ground,421227.3738420745,3387481.792718504,0.0,,250000.0,n/a,-1,ground,2,50.0,57000000.0,0.6006706430764159,2458.0
985,ground,404727.3738420745,3375981.792718504,0.0,,250000.0,n/a,-1,ground,2,50.0,57000000.0,0.5986406199343464,388.0
986,ground,406227.3738420745,3401481.792718504,0.0,,250000.0,n/a,-1,ground,2,50.0,57000000.0,0.5983665555150169,631.0
987,ground,414727.3738420745,3368981.792718504,0.0,,250000.0,n/a,-1,ground,2,50.0,57000000.0,0.5934798032116562,1786.0
988,ground,420727.3738420745,3386481.792718504,0.0,,250000.0,n/a,-1,ground,2,50.0,57000000.0,0.5927145922637549,2429.0
989,ground,417227.3738420745,3396981.792718504,0.0,,250000.0,n/a,-1,ground,2,50.0,57000000.0,0.5922146386881062,2162.0
990,ground,416227.3738420745,3372981.792718504,0.0,,250000.0,n/a,-1,ground,2,50.0,57000000.0,0.5922095389260671,1992.0
991,ground,413227.3738420745,3366981.792718504,0.0,,250000.0,n/a,-1,ground,2,50.0,57000000.0,0.5849837439852636,1572.0
992,ground,415727.3738420745,3370481.792718504,0.0,,250000.0,n/a,-1,ground,2,50.0,57000000.0,0.5843018854501816,1923.0
993,ground,415727.3738420745,3379481.792718504,0.0,,250000.0,n/a,-1,ground,2,50.0,57000000.0,0.5813982363457684,1941.0
994,ground,421727.3738420745,3389981.792718504,0.0,,250000.0,n/a,-1,ground,2,50.0,57000000.0,0.5802341571681909,2486.0
995,ground,416727.3738420745,3380981.792718504,0.0,,250000.0,n/a,-1,ground,2,50.0,57000000.0,0.5790689655559105,2071.0
996,ground,417227.3738420745,3378981.792718504,0.0,,250000.0,n/a,-1,ground,2,50.0,57000000.0,0.5732408414475416,2126.0
997,ground,413227.3738420745,3383481.792718504,0.0,,250000.0,n/a,-1,ground,2,50.0,57000000.0,0.5677426174060258,1605.0
998,ground,415727.3738420745,3378481.792718504,0.0,,250000.0,n/a,-1,ground,2,50.0,57000000.0,0.5671877507307972,1939.0
999,ground,418227.3738420745,3381981.792718504,0.0,,250000.0,n/a,-1,ground,2,50.0,57000000.0,0.5654483505752881,2236.0
1000,ground,399227.3738420745,3390981.792718504,0.0,,250000.0,n/a,-1,ground,2,50.0,57000000.0,0.561260154109371,16.0
1001,ground,416727.3738420745,3381481.792718504,0.0,,250000.0,n/a,-1,ground,2,50.0,57000000.0,0.5600610651337818,2072.0
1002,ground,421227.3738420745,3386481.792718504,0.0,,250000.0,n/a,-1,ground,2,50.0,57000000.0,0.55903940036754,2456.0
1003,ground,421227.3738420745,3390481.792718504,0.0,,250000.0,n/a,-1,ground,2,50.0,57000000.0,0.5585012389544849,2464.0
1004,ground,422227.3738420745,3388481.792718504,0.0,,250000.0,n/a,-1,ground,2,50.0,57000000.0,0.5549646991616732,2502.0
1005,ground,414227.3738420745,3367981.792718504,0.0,,250000.0,n/a,-1,ground,2,50.0,57000000.0,0.5503419793364988,1715.0
1006,ground,420727.3738420745,3386981.792718504,0.0,,250000.0,n/a,-1,ground,2,50.0,57000000.0,0.5486821429350697,2430.0
1007,ground,419727.3738420745,3390481.792718504,0.0,,250000.0,n/a,-1,ground,2,50.0,57000000.0,0.5478437866565306,2375.0
1008,ground,399227.3738420745,3391481.792718504,0.0,,250000.0,n/a,-1,ground,2,50.0,57000000.0,0.5473083556659648,17.0
1009,ground,415727.3738420745,3375481.792718504,0.0,,250000.0,n/a,-1,ground,2,50.0,57000000.0,0.5454217303537314,1933.0
1010,ground,413227.3738420745,3382981.792718504,0.0,,250000.0,n/a,-1,ground,2,50.0,57000000.0,0.5441526809889221,1604.0
1011,ground,418727.3738420745,3378481.792718504,0.0,,250000.0,n/a,-1,ground,2,50.0,57000000.0,0.5354668581946062,2274.0
1012,ground,416227.3738420745,3379981.792718504,0.0,,250000.0,n/a,-1,ground,2,50.0,57000000.0,0.5265836277556921,2006.0
1013,ground,405727.3738420745,3401981.792718504,0.0,,250000.0,n/a,-1,ground,2,50.0,57000000.0,0.5240137313245272,565.0
1014,ground,415227.3738420745,3374981.792718504,0.0,,250000.0,n/a,-1,ground,2,50.0,57000000.0,0.5228968842300423,1866.0
1015,ground,422227.3738420745,3386981.792718504,0.0,,250000.0,n/a,-1,ground,2,50.0,57000000.0,0.5220266139121281,2499.0
1016,ground,419227.3738420745,3386981.792718504,0.0,,250000.0,n/a,-1,ground,2,50.0,57000000.0,0.5218472442103682,2332.0
1017,ground,416227.3738420745,3379481.792718504,0.0,,250000.0,n/a,-1,ground,2,50.0,57000000.0,0.5212669204565841,2005.0
1018,ground,415727.3738420745,3373481.792718504,0.0,,250000.0,n/a,-1,ground,2,50.0,57000000.0,0.5174381345100123,1929.0
1019,ground,406727.3738420745,3375481.792718504,0.0,,250000.0,n/a,-1,ground,2,50.0,57000000.0,0.5150688648686266,649.0
1020,ground,416727.3738420745,3379981.792718504,0.0,,250000.0,n/a,-1,ground,2,50.0,57000000.0,0.5121650376985146,2069.0
1021,ground,416227.3738420745,3380481.792718504,0.0,,250000.0,n/a,-1,ground,2,50.0,57000000.0,0.5098464965311928,2007.0
1022,ground,412227.3738420745,3372481.792718504,0.0,,250000.0,n/a,-1,ground,2,50.0,57000000.0,0.5075487238352617,1438.0
1023,ground,416727.3738420745,3378981.792718504,0.0,,250000.0,n/a,-1,ground,2,50.0,57000000.0,0.5058882154498221,2067.0
1024,ground,415227.3738420745,3375481.792718504,0.0,,250000.0,n/a,-1,ground,2,50.0,57000000.0,0.5055275633595017,1867.0
1025,ground,412727.3738420745,3371981.792718504,0.0,,250000.0,n/a,-1,ground,2,50.0,57000000.0,0.5051477295281654,1510.0
1026,ground,417227.3738420745,3379481.792718504,0.0,,250000.0,n/a,-1,ground,2,50.0,57000000.0,0.4999604012015116,2127.0
1027,ground,421727.3738420745,3388981.792718504,0.0,,250000.0,n/a,-1,ground,2,50.0,57000000.0,0.49435002045310744,2484.0
1028,ground,416227.3738420745,3376481.792718504,0.0,,250000.0,n/a,-1,ground,2,50.0,57000000.0,0.49333496586457093,1999.0
1029,ground,422227.3738420745,3390481.792718504,0.0,,250000.0,n/a,-1,ground,2,50.0,57000000.0,0.4922298290610723,2506.0
1030,ground,421727.3738420745,3386981.792718504,0.0,,250000.0,n/a,-1,ground,2,50.0,57000000.0,0.4861338601346905,2480.0
1031,ground,415227.3738420745,3378481.792718504,0.0,,250000.0,n/a,-1,ground,2,50.0,57000000.0,0.4738972170878575,1873.0
1032,ground,419727.3738420745,3389981.792718504,0.0,,250000.0,n/a,-1,ground,2,50.0,57000000.0,0.4706657684422846,2374.0
1033,ground,415227.3738420745,3377981.792718504,0.0,,250000.0,n/a,-1,ground,2,50.0,57000000.0,0.4607044707627243,1872.0
1034,ground,416227.3738420745,3375981.792718504,0.0,,250000.0,n/a,-1,ground,2,50.0,57000000.0,0.45908548507400765,1998.0
1035,ground,416727.3738420745,3370981.792718504,0.0,,250000.0,n/a,-1,ground,2,50.0,57000000.0,0.4585671464190691,2051.0
1036,ground,416227.3738420745,3370981.792718504,0.0,,250000.0,n/a,-1,ground,2,50.0,57000000.0,0.4302514971399172,1988.0
1037,ground,415727.3738420745,3371481.792718504,0.0,,250000.0,n/a,-1,ground,2,50.0,57000000.0,0.4293416163867604,1925.0
1038,ground,399727.3738420745,3391481.792718504,0.0,,250000.0,n/a,-1,ground,2,50.0,57000000.0,0.42454276205872676,38.0
1039,ground,415727.3738420745,3377981.792718504,0.0,,250000.0,n/a,-1,ground,2,50.0,57000000.0,0.4205682665502967,1938.0
1040,ground,415727.3738420745,3372981.792718504,0.0,,250000.0,n/a,-1,ground,2,50.0,57000000.0,0.41836226235025104,1928.0
1041,ground,415727.3738420745,3380981.792718504,0.0,,250000.0,n/a,-1,ground,2,50.0,57000000.0,0.4183356331907913,1944.0
1042,ground,416227.3738420745,3369981.792718504,0.0,,250000.0,n/a,-1,ground,2,50.0,57000000.0,0.36770782853291784,1986.0
1043,ground,416227.3738420745,3380981.792718504,0.0,,250000.0,n/a,-1,ground,2,50.0,57000000.0,0.36590616258219977,2008.0
1044,ground,415727.3738420745,3381481.792718504,0.0,,250000.0,n/a,-1,ground,2,50.0,57000000.0,0.35419946682726366,1945.0
1045,ground,416727.3738420745,3379481.792718504,0.0,,250000.0,n/a,-1,ground,2,50.0,57000000.0,0.3259640759509043,2068.0
1046,ground,421227.3738420745,3386981.792718504,0.0,,250000.0,n/a,-1,ground,2,50.0,57000000.0,0.31887624994309255,2457.0
1047,ground,416227.3738420745,3381481.792718504,0.0,,250000.0,n/a,-1,ground,2,50.0,57000000.0,0.31568226883683115,2009.0
1048,ground,416227.3738420745,3370481.792718504,0.0,,250000.0,n/a,-1,ground,2,50.0,57000000.0,0.29135671852330347,1987.0
1049,ground,422227.3738420745,3388981.792718504,0.0,,250000.0,n/a,-1,ground,2,50.0,57000000.0,0.25069758295237826,2503.0
1050,ground,416727.3738420745,3370481.792718504,0.0,,250000.0,n/a,-1,ground,2,50.0,57000000.0,0.25,2050.0
1051,rooftop,412098.947649193,3366943.3394437595,489.0,2563.733121296522,,osm_height,1441617090,construction,3,75.0,32509864.970372174,0.5527254598010627,1427.0
1052,rooftop,418970.2270552578,3386314.988452533,468.0,2152.5294886845995,,osm_height,654605329,construction,2,50.0,29220235.909476798,0.5358899952071131,2290.0
1053,rooftop,413021.2785786406,3392791.8606828316,339.0,3233.6839714407693,,osm_height,1346091164,yes,4,100.0,37869471.77152616,0.4426813120432195,1624.0
1054,rooftop,417476.9331103831,3389046.185590709,20.0,64570.85408863523,,osm_height,17923601,train_station,4,100.0,528566832.7090818,0.3782231830723284,2146.0
1055,rooftop,411793.41886953474,3392099.2462025993,248.0,2004.5628946156983,,osm_height,653498824,yes,2,50.0,28036503.15692559,0.3712921033390501,1403.0
1056,rooftop,410379.61557232245,3380654.395722578,219.0,1628.9832839130404,,osm_height,657848082,yes,2,50.0,25031866.271304324,0.3485873155681376,1161.0
1057,rooftop,412139.03753077576,3384846.1439846563,180.0,1715.7685315780682,,osm_height,665288902,yes,2,50.0,25726148.252624545,0.3197284647993911,1463.0
1058,rooftop,410906.73166638316,3381240.3902647696,153.0,2929.0630880483795,,osm_height,298684812,hotel,3,75.0,35432504.70438704,0.3030131784736643,1236.0
1059,rooftop,409129.199543894,3377913.418016814,90.0,6803.852200717138,,osm_height,666834154,yes,4,100.0,66430817.605737105,0.266965004286863,1011.0
1060,rooftop,411544.4568298942,3376472.604378982,158.99999999999997,1601.9807686624295,,osm_levels,1212154634,yes,2,50.0,24815846.149299435,0.2637347713953011,1372.0
1061,rooftop,412693.06490274786,3390485.365543105,132.6,3796.890856090396,,osm_levels,439831820,yes,4,100.0,42375126.84872317,0.2502454963762247,1547.0
1062,rooftop,410216.25231113617,3379946.233184328,130.8,3090.954783814271,,osm_levels,354505237,commercial,3,75.0,36727638.27051417,0.24690421366876408,1160.0
1063,rooftop,409550.621500239,3380660.0792557183,75.0,1669.9784631723658,,osm_height,667376541,yes,2,50.0,25359827.705378927,0.2412406569750653,1088.0
1064,rooftop,410560.7998949828,3383109.8687298284,24.0,12475.225316781569,,osm_height,337786495,yes,4,100.0,111801802.53425255,0.23376286595683088,1239.0
1065,rooftop,415906.78519378544,3393848.1039384142,99.6,2850.083757757362,,osm_levels,1342441240,apartments,3,75.0,34800670.062058896,0.222938898319942,1970.0
1066,rooftop,417797.67368397524,3394512.8062747214,20.0,9285.807572767328,,osm_height,17922125,yes,4,100.0,86286460.58213863,0.22175083533034207,2211.0
1067,rooftop,411505.9389644958,3367488.0027422453,99.6,1959.6780788792103,,osm_levels,1309344145,yes,2,50.0,27677424.63103368,0.22041879793480673,1354.0
1068,rooftop,414862.2176522902,3391139.7717972216,20.0,7703.867126154388,,osm_height,19868141,yes,4,100.0,73630937.0092351,0.21727349559257975,1830.0
1069,rooftop,418489.99908267066,3394287.9840708533,25.0,6326.095966564819,,osm_height,17922009,yes,4,100.0,62608767.732518554,0.21710535607604695,2306.0
1070,rooftop,396787.04589978716,3402507.03529481,24.0,6047.525362610943,,osm_height,10807930,school,4,100.0,60380202.90088755,0.21557065367169762,bucket_793_6805
1071,rooftop,410412.87398857035,3387972.8778255368,86.39999999999999,1835.2992193396913,,osm_levels,667773064,yes,2,50.0,26682393.75471753,0.21021602424846422,1176.0
1072,rooftop,412781.6740764747,3384992.6746237543,30.0,2401.734471450596,,osm_height,665487411,yes,3,75.0,31213875.77160477,0.2097296442836687,1536.0
1073,rooftop,406574.06210178544,3400082.326556737,30.0,2108.8370827411786,,osm_height,18731528,yes,2,50.0,28870696.66192943,0.20890066167540217,698.0
1074,rooftop,410391.8716994077,3378597.801281315,76.49999999999999,3907.0989287829298,,osm_levels,351092007,yes,4,100.0,43256791.43026344,0.2086917448097721,1157.0
1075,rooftop,410765.8444282489,3379376.2777868058,24.0,2994.417603811815,,osm_height,665825708,yes,3,75.0,35955340.83049452,0.2069294935563406,1232.0
1076,rooftop,409793.88818448543,3379097.179257735,24.0,2009.2296623562365,,osm_height,666790687,yes,2,50.0,28073837.298849892,0.2041411325096984,1085.0
1077,rooftop,409680.9552585052,3383103.744429915,59.400000000000006,4945.028679592227,,osm_levels,302698283,commercial,4,100.0,51560229.43673781,0.19886818609246057,1093.0
1078,rooftop,409798.04571710085,3381302.667024225,60.0,2844.5431040807234,,osm_levels,1245276758,yes,3,75.0,34756344.83264579,0.1933709778940141,1090.0
1079,rooftop,412154.8445386399,3391571.4238293557,63.3,1686.2099327589992,,osm_levels,653506946,yes,2,50.0,25489679.462071992,0.1925552533499186,1476.0
1080,rooftop,412312.0544935892,3384107.248687472,20.4,12391.814989709268,,osm_levels,19339740,yes,4,100.0,111134519.91767414,0.1908402239310853,1461.0
1081,rooftop,410424.8427456883,3387188.103399005,60.0,1641.2899624948418,,osm_levels,1362623872,yes,2,50.0,25130319.699958734,0.1899654305379524,1174.0
1082,rooftop,408203.8136016073,3381220.758449137,42.6,4124.954482929305,,osm_levels,778946002,commercial,4,100.0,44999635.86343445,0.18400983029896323,873.0
1083,rooftop,410645.70194393845,3377870.2381738718,21.6,7882.95003514171,,osm_levels,1434321520,retail,4,100.0,75063600.28113368,0.17897438082241426,1229.0
1084,rooftop,409959.81125327287,3366621.7928538863,36.6,3785.919909668454,,osm_levels,1452618006,office,4,100.0,42287359.27734763,0.17857265444424164,bucket_819_6733
1085,rooftop,398465.89379606757,3404875.983767549,24.977264404296875,20935.938866788358,,raster_height,1102475969,yes,4,100.0,179487510.93430686,0.17843838460670203,bucket_796_6809
1086,rooftop,397664.5590703872,3402261.3144364855,31.8,4701.427041571744,,osm_levels,844548980,university,4,100.0,49611416.33257395,0.17758170950218824,bucket_795_6804
1087,rooftop,418355.1062321896,3385149.061258127,42.6,1787.3980705023635,,osm_levels,1059872794,commercial,2,50.0,26299184.564018905,0.17739388325934563,2242.0
1088,rooftop,420927.33793330635,3380934.43195463,40.199999999999996,1900.8711103944634,,osm_levels,1513978836,yes,2,50.0,27206968.883155707,0.17592399934093195,bucket_841_6761
1089,rooftop,412564.5944817652,3373376.160764758,20.4,4759.688998831095,,osm_levels,1104903720,yes,4,100.0,50077511.99064876,0.16923914466433318,1513.0
1090,rooftop,418922.82599115174,3396917.795372062,20.1,4748.11095113541,,osm_levels,303327740,school,4,100.0,49984887.60908328,0.1689824949114726,2311.0
1091,rooftop,408211.59453061863,3380104.077335316,25.800000000000004,3181.67707058489,,osm_levels,778946003,commercial,3,75.0,37453416.564679116,0.1688027744930401,871.0
1092,rooftop,416887.8220492091,3394020.435886232,21.6,4040.426527257168,,osm_levels,1252702048,retail,4,100.0,44323412.21805734,0.16809895044071246,2097.0
1093,rooftop,397644.1884806565,3402805.771399713,22.759557723999023,17035.41537653438,,raster_height,11043355,school,4,100.0,148283323.01227504,0.1657437928541654,bucket_795_6805
1094,rooftop,413320.77295877197,3394222.824190939,24.6,2218.389536709744,,osm_levels,842355642,stadium,2,50.0,29747116.293677952,0.16518087541770077,1626.0
1095,rooftop,418692.7061451274,3383437.3272393467,20.4,3037.7663746299418,,osm_levels,19175324,yes,3,75.0,36302130.997039534,0.16436561569730113,2284.0
1096,rooftop,417540.8744585169,3386359.622764143,23.7,1962.6145136704963,,osm_levels,7353889,yes,2,50.0,27700916.109363973,0.16378531783258635,2195.0
1097,rooftop,401962.0710890859,3392511.1030186974,24.0,1875.0171696983393,,osm_levels,1011435248,school,2,50.0,27000137.357586715,0.16376127312373484,150.0
1098,rooftop,409143.3341768859,3380152.283818955,26.940828323364258,15163.968993600512,,raster_height,483995273,yes,4,100.0,133311751.9488041,0.1635674204729867,1015.0
1099,rooftop,397191.75486416894,3403350.997027498,24.0,1749.4016519995869,,osm_levels,570145228,school,2,50.0,25995213.215996698,0.1634057456130271,bucket_794_6806
1100,rooftop,407353.15992647957,3371756.39945137,24.0,1685.0378138366284,,osm_levels,1105131407,school,2,50.0,25480302.51069303,0.1632235777122702,713.0
1101,rooftop,422948.73764633265,3381982.2567303986,20.4,2514.6169536089724,,osm_levels,1001332990,yes,3,75.0,32116935.62887178,0.16288495459116428,bucket_845_6763
1102,rooftop,417678.4166511501,3393792.173275834,21.6,2014.1812471482021,,osm_levels,1343701411,apartments,2,50.0,28113449.977185614,0.16236410212166894,2210.0
1103,rooftop,414216.99018002185,3394106.6605008235,35.79447555541992,12334.98444848746,,raster_height,693441110,yes,4,100.0,110679875.58789967,0.16216779198897618,1767.0
1104,rooftop,411644.8376760219,3388889.63295567,21.6,1802.1832032941472,,osm_levels,963245591,apartments,2,50.0,26417465.62635318,0.1617640875837589,1397.0
1105,rooftop,416886.8589928064,3386201.62260112,20.4,1794.05848882482,,osm_levels,655112223,yes,2,50.0,26352467.91059856,0.16084556995145383,2081.0
1106,rooftop,397183.7871136588,3404640.2883051364,20.645490646362305,14900.84636831114,,raster_height,627468076,industrial,4,100.0,131206770.94648913,0.1581246956906695,bucket_794_6809
1107,rooftop,418587.1041640467,3388810.93539416,26.6634464263916,10436.316199641878,,raster_height,1322795569,yes,4,100.0,95490529.59713502,0.1499798219773032,2295.0
1108,rooftop,397786.54784074385,3390758.663509575,21.987642288208008,11432.94207502524,,raster_height,542988657,industrial,4,100.0,103463536.60020192,0.14931114954485258,bucket_795_6781
1109,rooftop,411117.61966692883,3387637.457089754,22.000410079956055,11216.038173690858,,raster_height,1056599180,commercial,4,100.0,101728305.38952687,0.14870677824289938,1321.0
1110,rooftop,419862.04023249843,3397399.325007148,24.97393226623535,10421.789812761785,,raster_height,20233547,yes,4,100.0,95374318.50209428,0.14867787672329277,2389.0
1111,rooftop,412261.4520871477,3394712.335427477,31.968290328979492,8472.438033764694,,raster_height,1349242433,apartments,4,100.0,79779504.27011755,0.148380328997755,1482.0
1112,rooftop,416960.84538418666,3385387.073380483,26.372058868408203,9596.681063846714,,raster_height,1035454948,yes,4,100.0,88773448.51077372,0.1473859632144416,2080.0
1113,rooftop,416350.2912811396,3392517.0264370376,31.92411994934082,7534.113188096173,,raster_height,1356711381,commercial,4,100.0,72272905.50476938,0.14569164082188774,2031.0
1114,rooftop,406786.4076553771,3398489.093723413,33.96623229980469,6684.560930607485,,raster_height,1361447369,yes,4,100.0,65476487.44485988,0.1448111316365474,695.0
1115,rooftop,413272.27573278703,3387939.037926632,26.06551170349121,8621.28007341958,,raster_height,1328484206,office,4,100.0,80970240.58735664,0.14439653547155157,1614.0
1116,rooftop,409767.4105558806,3405222.8357985485,26.650291442871094,8464.968769752533,,raster_height,1552737768,yes,4,100.0,79719750.15802027,0.14439053297888266,bucket_819_6810
1117,rooftop,417955.71660622914,3389605.4317339878,27.553001403808594,8114.675193920133,,raster_height,1357151789,apartments,4,100.0,76917401.55136105,0.14407276704667626,2201.0
1118,rooftop,409407.28783808794,3379615.8882928006,26.057050704956055,8266.348683511256,,raster_height,1351235706,commercial,4,100.0,78130789.46809006,0.1433856648833301,1014.0
1119,rooftop,411542.30868311285,3389903.5579844466,20.050870895385742,9643.362666691877,,raster_height,785085433,yes,4,100.0,89146901.33353502,0.14280078092116158,1399.0
1120,rooftop,398028.90251432173,3403596.6549331397,22.048294067382812,9093.103451448147,,raster_height,544162469,yes,4,100.0,84744827.61158517,0.142734005722743,bucket_796_6807
1121,rooftop,402687.13130463054,3404421.6135956515,24.660245895385742,8243.911743431672,,raster_height,1098786977,yes,4,100.0,77951293.94745338,0.14227977033602485,bucket_805_6808
1122,rooftop,410059.68126596283,3404229.4112174218,24.871274948120117,7834.791046013674,,raster_height,943066036,commercial,4,100.0,74678328.36810939,0.14127932719767158,bucket_820_6808
1123,rooftop,412676.6354923187,3391759.231269375,22.142566680908203,8223.654122011709,,raster_height,1356157800,construction,4,100.0,77789232.97609368,0.14034357044158108,1550.0
1124,rooftop,411429.40887512686,3396074.23230511,25.110544204711914,7377.206039874382,,raster_height,1349198897,yes,4,100.0,71017648.31899506,0.14016279111132288,1338.0
1125,rooftop,414335.68637544016,3390156.5344008696,22.67715072631836,7968.23892483195,,raster_height,1341567520,yes,4,100.0,75745911.3986556,0.14001961637412774,1759.0
1126,rooftop,412166.80141201016,3390694.306960336,31.557518005371094,5268.706656800835,,raster_height,1356175211,hotel,4,100.0,54149653.25440668,0.13900631485068035,1474.0
1127,rooftop,414113.235222124,3395618.059108703,32.1495475769043,4427.698203552431,,raster_height,1344281718,apartments,4,100.0,47421585.628419444,0.13706783572483427,1770.0
1128,rooftop,404029.96270867356,3394253.3412002493,20.191194534301758,7352.075140077604,,raster_height,1151409692,yes,4,100.0,70816601.12062083,0.13642050707310938,368.0
1129,rooftop,408483.0889264759,3378009.336558805,32.31403350830078,4103.340594811033,,raster_height,1352520128,apartments,4,100.0,44826724.75848827,0.13627256247407898,939.0
1130,rooftop,413792.15879942273,3395166.319722575,28.743242263793945,4733.740305790156,,raster_height,1344326189,apartments,4,100.0,49869922.44632124,0.1353920027068174,1699.0
1131,rooftop,414916.5796490085,3392887.1462024455,31.507442474365234,3987.707640838875,,raster_height,1342457089,office,4,100.0,43901661.126710996,0.1353433548400581,1834.0
1132,rooftop,407742.30190029845,3380389.349012372,35.0356330871582,2960.6164958180852,,raster_height,1350838242,yes,3,75.0,35684931.96654468,0.13506937392248036,801.0
1133,rooftop,417905.5362333946,3402742.803724738,30.692962646484375,4077.925025409695,,raster_height,560459765,hotel,4,100.0,44623400.20327756,0.13499087483618336,bucket_835_6805
1134,rooftop,417707.3672387255,3388483.455520072,35.6253776550293,2729.6699560381203,,raster_height,1357151847,apartments,3,75.0,33837359.64830496,0.13485583765814307,2199.0
1135,rooftop,412066.4555083832,3378979.9488743693,31.198362350463867,3822.5217070963163,,raster_height,1450682872,apartments,4,100.0,42580173.65677053,0.1346451750300114,1451.0
1136,rooftop,413849.0146698358,3391453.876955739,32.593746185302734,3444.6313270937076,,raster_height,1356359602,hospital,4,100.0,39557050.61674966,0.13461696939198334,1692.0
1137,rooftop,407836.0498098744,3374235.1477022283,24.977882385253906,5450.725535518438,,raster_height,1352577618,apartments,4,100.0,55605804.2841475,0.13461130402016153,789.0
1138,rooftop,410395.8541946358,3388635.788178065,32.6851921081543,3331.0998071096083,,raster_height,1346166019,yes,4,100.0,38648798.45687687,0.1343638862450544,1177.0
1139,rooftop,412710.59005384514,3387763.4137259685,28.541133880615234,4390.655116375494,,raster_height,1347097526,apartments,4,100.0,47125240.93100395,0.13427014724923161,1542.0
1140,rooftop,408116.8684902882,3378678.514988245,34.954307556152344,2658.0499369126715,,raster_height,1352325292,apartments,3,75.0,33264399.495301373,0.1341523341278297,868.0
1141,rooftop,406835.25985628256,3397752.493791488,24.26852798461914,5405.757645500094,,raster_height,1361434298,hospital,4,100.0,55246061.16400076,0.13395466319317856,694.0
1142,rooftop,408024.4520220166,3398517.506067217,33.91581726074219,2821.7846746224272,,raster_height,1361362905,commercial,3,75.0,34574277.39697942,0.13384075707522833,908.0
1143,rooftop,408863.48217487434,3381613.1092617647,33.401397705078125,2869.950304489702,,raster_height,1351235676,yes,3,75.0,34959602.435917616,0.1335931842656344,946.0
1144,rooftop,414764.6392169518,3385126.6599316853,30.71282958984375,3565.09179493151,,raster_height,1364774307,retail,4,100.0,40520734.35945208,0.13355423754971132,1818.0
1145,rooftop,414460.5294569361,3393667.7690245085,31.672504425048828,3178.541590139591,,raster_height,1342583738,apartments,3,75.0,37428332.72111672,0.1331763661837224,1766.0
1146,rooftop,412964.724529797,3393705.9136202694,36.60936737060547,1873.0038388632656,,raster_height,695763873,commercial,2,50.0,26984030.710906126,0.13316555047666034,1553.0
1147,rooftop,411317.4906663928,3389376.5696825185,24.982345581054688,4937.137155629314,,raster_height,1346378026,college,4,100.0,51497097.245034516,0.1331610341128712,1325.0
1148,rooftop,411781.5745921248,3388081.7521099485,34.5452766418457,2231.0519916858675,,raster_height,1362838454,apartments,2,50.0,29848415.93348694,0.13263856199362145,1395.0
1149,rooftop,415655.73229134706,3391331.8221776146,33.57535934448242,2393.680923005007,,raster_height,1356651451,apartments,2,50.0,31149447.384040058,0.13237502907472215,1965.0
1150,rooftop,413490.72446688643,3393365.592896215,27.44938087463379,3935.382239003732,,raster_height,678838731,yes,4,100.0,43483057.91202986,0.13216685494653185,1696.0
1151,rooftop,408562.29627009056,3398887.8003238905,29.722606658935547,3277.6669975805066,,raster_height,1361180834,apartments,4,100.0,38221335.980644055,0.13200177158925655,981.0
1152,rooftop,412571.10161449364,3391174.1326580727,30.802160263061523,2949.0352450410483,,raster_height,1356175201,commercial,3,75.0,35592281.960328385,0.13187728762332274,1548.0
1153,rooftop,414762.9014820409,3394189.532664835,31.390615463256836,2792.0482450393542,,raster_height,1342583728,apartments,3,75.0,34336385.96031483,0.1318721155997605,1836.0
1154,rooftop,406547.30801921315,3379587.0468327086,23.454879760742188,4802.260999753612,,raster_height,1350913883,apartments,4,100.0,50418087.9980289,0.1316393965060344,657.0
1155,rooftop,411812.98656093486,3391072.765144151,30.290307998657227,2970.3849595221345,,raster_height,1356136713,apartments,3,75.0,35763079.67617708,0.13155573406337023,1401.0
1156,rooftop,399387.7736385599,3404930.9697581497,30.773096084594727,2826.277211328133,,raster_height,927457560,apartments,3,75.0,34610217.690625064,0.13150815791659604,bucket_798_6809
1157,rooftop,417841.55332139746,3385569.6704959776,29.314395904541016,3182.2110060624445,,raster_height,1358038149,yes,3,75.0,37457688.048499554,0.13142696919259414,2193.0
1158,rooftop,415453.14780441223,3394395.249054086,22.172687530517578,5051.844664922849,,raster_height,1342859588,yes,4,100.0,52414757.319382794,0.1313889291295873,1905.0
1159,rooftop,402146.49347031687,3403597.667204352,27.24510955810547,3607.4241785075014,,raster_height,1125230310,apartments,4,100.0,40859393.42806001,0.13108619942098848,bucket_804_6807
1160,rooftop,411232.8524156367,3388472.0350839556,31.863265991210938,2374.7628556913287,,raster_height,294512794,yes,2,50.0,30998102.84553063,0.1310438039765001,1323.0
1161,rooftop,409048.3187374462,3381091.420070813,33.58307647705078,1910.420817213901,,raster_height,1245276765,yes,2,50.0,27283366.53771121,0.13101302508826104,1017.0
1162,rooftop,412393.5710438553,3395653.263354212,29.859338760375977,2828.66309534207,,raster_height,1349803284,apartments,3,75.0,34629304.76273656,0.130833002193533,1484.0
1163,rooftop,408199.2926001231,3376198.1879925136,21.90378189086914,4871.201028609829,,raster_height,1352524714,apartments,4,100.0,50969608.22887863,0.13067698059942076,863.0
1164,rooftop,419680.51915576565,3395743.338502272,22.208202362060547,4724.004866380274,,raster_height,798912435,commercial,4,100.0,49792038.93104219,0.13048755320550498,2386.0
1165,rooftop,417931.1890012383,3392267.2463614526,22.42998695373535,4646.323818477986,,raster_height,1363480863,yes,4,100.0,49170590.54782388,0.1304332047168028,2207.0
1166,rooftop,411902.7572434383,3387148.1266923016,32.436607360839844,1992.4849932864129,,raster_height,1362846662,yes,2,50.0,27939879.946291305,0.13038971599371824,1393.0
1167,rooftop,397424.26721290656,3405415.3426018576,33.2962532043457,1742.2214575983012,,raster_height,1108854598,yes,2,50.0,25937771.66078641,0.1303229260195253,bucket_794_6810
1168,rooftop,412098.3751746794,3380621.7620250345,27.779375076293945,3192.6553251037412,,raster_height,1351849932,apartments,3,75.0,37541242.60082993,0.13031099164355595,1454.0
1169,rooftop,416068.97278703004,3386188.1023253095,32.979400634765625,1809.6926971848245,,raster_height,1357937386,apartments,2,50.0,26477541.577478595,0.13027743160537633,2018.0
1170,rooftop,415358.56719686725,3393569.8856650875,26.67713165283203,3465.617177535696,,raster_height,1342443343,yes,4,100.0,39724937.42028557,0.13026098131603067,1903.0
1171,rooftop,412418.74745182577,3393923.130993652,32.50936508178711,1876.7338631416462,,raster_height,1195180453,hospital,2,50.0,27013870.90513317,0.130116404301733,1481.0
1172,rooftop,413165.3753766946,3380879.204516211,32.49038314819336,1754.950348403545,,raster_height,1351846445,apartments,2,50.0,26039602.78722836,0.12975755682319218,1600.0
1173,rooftop,410213.7500419789,3390286.917708108,23.763168334960938,4053.077786020999,,raster_height,1348680070,hospital,4,100.0,44424622.288168,0.12974906181557913,1181.0
1174,rooftop,415331.0353560209,3388888.493065113,27.445741653442383,3039.411819081568,,raster_height,1357729847,commercial,3,75.0,36315294.552652545,0.1296282889306535,1894.0
1175,rooftop,413341.51502557157,3392283.34668862,28.970088958740234,2605.817430440967,,raster_height,1356148356,commercial,3,75.0,32846539.443527736,0.12953866655922164,1623.0
1176,rooftop,397915.58975703054,3405178.6679914016,32.070560455322266,1719.609746539369,,raster_height,1104844881,yes,2,50.0,25756877.972314954,0.12934423238839599,bucket_795_6810
1177,rooftop,410913.9200173761,3365818.760650878,31.34974479675293,1898.641414344124,,raster_height,1319209657,yes,2,50.0,27189131.314752992,0.12931302060715666,bucket_821_6731
1178,rooftop,408853.98348814546,3378796.402289249,31.07692527770996,1943.7823271592304,,raster_height,1352294112,apartments,2,50.0,27550258.617273845,0.12923718552598407,941.0
1179,rooftop,410402.143142336,3389683.525824916,27.665178298950195,2773.909823643725,,raster_height,564190155,yes,3,75.0,34191278.5891498,0.1290406017390449,1179.0
1180,rooftop,412889.9025590305,3394580.8442167738,29.34931755065918,2301.0866920610238,,raster_height,1349787582,apartments,2,50.0,30408693.53648819,0.12895919863005564,1555.0
1181,rooftop,411789.78659653314,3386405.5461775945,25.922470092773438,3168.3882937845565,,raster_height,1058330755,yes,3,75.0,37347106.350276455,0.12885655908068158,1392.0
1182,rooftop,412852.42224517005,3388614.4215454175,30.431171417236328,1888.8854133888447,,raster_height,1347097604,apartments,2,50.0,27111083.307110757,0.12859990583787173,1543.0
1183,rooftop,417416.2039925698,3390105.2576898886,24.76198387145996,3364.031063659059,,raster_height,1357132211,yes,4,100.0,38912248.50927247,0.12854424906512435,2148.0
1184,rooftop,412719.9561144608,3387249.424512886,31.101882934570312,1684.98078674206,,raster_height,1347080956,apartments,2,50.0,25479846.29393648,0.1285233289471718,1541.0
1185,rooftop,402841.6155685621,3394287.041916697,24.30162239074707,3460.0675536637395,,raster_height,1359793585,apartments,4,100.0,39680540.42930992,0.12847250620184472,227.0
1186,rooftop,415121.0604668114,3391699.629860267,30.6749324798584,1706.0593949388606,,raster_height,1344512620,apartments,2,50.0,25648475.159510884,0.12826436763908342,1899.0
1187,rooftop,412274.9919937513,3392626.330185418,28.36778450012207,2289.7556242070477,,raster_height,1325592931,hospital,2,50.0,30318044.993656382,0.12819464114600151,1478.0
1188,rooftop,403445.37555985124,3395255.430439044,28.752294540405273,2176.337159411945,,raster_height,1359824680,apartments,2,50.0,29410697.27529556,0.12816058254254134,270.0
1189,rooftop,407452.88985648495,3379866.6457962156,30.854734420776367,1611.6788283811406,,raster_height,1350939677,commercial,2,50.0,24893430.627049126,0.12813142444406458,729.0
1190,rooftop,410163.7520712013,3371024.016172012,23.76871681213379,3459.467261525634,,raster_height,1104442993,yes,4,100.0,39675738.09220508,0.12807311647468092,1142.0
1191,rooftop,414108.0469998065,3390999.883234322,22.605031967163086,3764.565267624778,,raster_height,1356349324,yes,4,100.0,42116522.14099822,0.128068208761347,1761.0
1192,rooftop,411360.2679948325,3390629.3468894404,30.04604721069336,1789.8427528384289,,raster_height,1280181959,residential,2,50.0,26318742.022707433,0.12803218091854815,1327.0
1193,rooftop,415032.8478019585,3390620.30477243,29.588533401489258,1892.2252761202258,,raster_height,1356635649,apartments,2,50.0,27137802.208961807,0.12798052425570738,1897.0
1194,rooftop,407073.04758035176,3376535.0422292007,30.21910285949707,1719.948378945363,,raster_height,1352330017,apartments,2,50.0,25759587.031562902,0.12796350604105922,722.0
1195,rooftop,414001.4805936305,3389288.870786792,29.356849670410156,1918.6011080640098,,raster_height,1356420749,apartments,2,50.0,27348808.86451208,0.12788227702744207,1758.0
1196,rooftop,413756.8469373851,3390371.8962554163,27.58856773376465,2371.03227270158,,raster_height,1356608731,yes,2,50.0,30968258.18161264,0.1278431720430528,1690.0
1197,rooftop,411889.6850401488,3375778.146235495,28.417322158813477,2106.114554200133,,raster_height,1393500039,yes,2,50.0,28848916.433601066,0.12771185328159204,1371.0
1198,rooftop,407632.19337788573,3377541.2014620514,30.282533645629883,1605.6498394409473,,raster_height,1352339683,apartments,2,50.0,24845198.71552758,0.12768734519309094,795.0
1199,rooftop,415316.9461498733,3386299.105126349,23.88202476501465,3272.1684067257747,,raster_height,1357930968,yes,4,100.0,38177347.253806196,0.12762756581458554,1889.0
1200,rooftop,416997.3215594339,3390922.4417809146,28.904949188232422,1947.1059554103392,,raster_height,1356926382,apartments,2,50.0,27576847.64328271,0.12762571465703537,2150.0
1201,rooftop,403667.2917586842,3393202.318913543,27.532461166381836,2289.6456292740627,,raster_height,1359008934,apartments,2,50.0,30317165.034192502,0.12757095420697775,312.0
1202,rooftop,416217.55112729734,3387834.901736577,28.806198120117188,1947.3222238089622,,raster_height,1357816951,apartments,2,50.0,27578577.790471695,0.1275526319309357,2022.0
1203,rooftop,416287.7512281421,3394418.812603246,27.41643714904785,2271.4790794109645,,raster_height,1342441300,apartments,2,50.0,30171832.635287717,0.12743295263545434,2035.0
1204,rooftop,400862.60874526895,3403820.931238254,27.990808486938477,2069.3701771507026,,raster_height,284224190,apartments,2,50.0,28554961.41720562,0.127289562497321,bucket_801_6807
1205,rooftop,403826.27796517435,3391716.1863979395,25.545772552490234,2706.4446194219367,,raster_height,1347763077,apartments,3,75.0,33651556.95537549,0.1272680100140609,309.0
1206,rooftop,413022.02101305453,3378710.4790196954,26.716571807861328,2391.6631733216777,,raster_height,1450682931,yes,2,50.0,31133305.386573423,0.12725082010969188,1595.0
1207,rooftop,414794.5193844672,3395761.4736356363,29.622583389282227,1618.785608425259,,raster_height,1343801121,apartments,2,50.0,24950284.86740207,0.12723202295029004,1840.0
1208,rooftop,409753.9745247809,3389465.233237156,29.22022247314453,1718.950959807568,,raster_height,1505097467,apartments,2,50.0,25751607.678460546,0.12721524993811728,1106.0
1209,rooftop,407762.6098076106,3374958.004343594,28.178369522094727,1986.8976495440195,,raster_height,1352577639,apartments,2,50.0,27895181.196352154,0.1271961127957445,790.0
1210,rooftop,410136.4116970996,3377861.204990405,29.587032318115234,1607.9575240930042,,raster_height,1352622529,yes,2,50.0,24863660.19274403,0.1271748457531551,1156.0
1211,rooftop,418783.4240584752,3384726.030610394,23.398103713989258,3239.57190524107,,raster_height,1358097378,commercial,4,100.0,37916575.24192856,0.12717417336582038,2286.0
1212,rooftop,413023.72302034864,3380131.536167222,26.049333572387695,2532.331743663333,,raster_height,1303514481,retail,3,75.0,32258653.949306663,0.12715101304325996,1598.0
1213,rooftop,413742.5449161307,3380300.348163279,25.58112335205078,2653.2826875750898,,raster_height,1352063629,apartments,3,75.0,33226261.500600718,0.12714392787616033,1670.0
1214,rooftop,422049.2130256675,3391419.072954969,21.621089935302734,3683.1793223289847,,raster_height,770793409,yes,4,100.0,41465434.57863188,0.12710357837545308,2508.0
1215,rooftop,405635.4721880079,3397132.3210612894,28.843708038330078,1765.2721863491868,,raster_height,1360108537,apartments,2,50.0,26122177.490793496,0.12706537121375466,555.0
1216,rooftop,414222.52617212734,3388330.5843085623,26.78360939025879,2289.639858122654,,raster_height,1023648414,residential,2,50.0,30317118.86498123,0.12701209326393684,1756.0
1217,rooftop,413192.1367673052,3391312.7590319067,20.418716430664062,3943.338346600091,,raster_height,1356345361,yes,4,100.0,43546706.77280073,0.12694260847512348,1621.0
1218,rooftop,398811.12052373745,3404253.811957287,27.963947296142578,1878.1982316653146,,raster_height,1076295649,yes,2,50.0,27025585.853322517,0.12672844605450465,bucket_797_6808
1219,rooftop,415669.25667624135,3394963.2245435417,22.84503936767578,3185.755532000374,,raster_height,1342576805,apartments,3,75.0,37486044.25600299,0.12660912319282341,1972.0
1220,rooftop,423348.2773243214,3382448.939218172,20.215648651123047,3843.242634577073,,raster_height,978022764,yes,4,100.0,42745941.076616585,0.126507766126955,bucket_846_6764
1221,rooftop,415130.9896775419,3395049.6329312935,23.615564346313477,2930.2166427305497,,raster_height,1343810213,apartments,3,75.0,35441733.14184439,0.12646089436500876,1906.0
1222,rooftop,417423.74979249114,3387460.7343472047,20.93858528137207,3622.4186182350422,,raster_height,1357213198,hospital,4,100.0,40979348.94588034,0.12642227653383864,2143.0
1223,rooftop,411282.0182575353,3391385.3674987545,24.96860122680664,2507.4886044282007,,raster_height,1195283842,yes,3,75.0,32059908.835425604,0.1262741832436271,1329.0
1224,rooftop,402758.0924407322,3391543.089711894,25.672170639038086,2311.516487389215,,raster_height,1347774853,yes,2,50.0,30492131.89911372,0.12624457842003708,221.0
1225,rooftop,417820.02783397224,3384897.418894505,20.508621215820312,3667.3694737101646,,raster_height,1358097424,commercial,4,100.0,41338955.789681315,0.126228631486904,2192.0
1226,rooftop,414555.77970269555,3394740.714864646,25.761089324951172,2274.5317097872794,,raster_height,1344062240,apartments,2,50.0,30196253.678298235,0.12620625824735493,1838.0
1227,rooftop,404030.6629890551,3395329.4171454413,27.53668975830078,1759.9767905681613,,raster_height,1359833147,apartments,2,50.0,26079814.32454529,0.12607499696699886,370.0
1228,rooftop,420234.7787399165,3398383.5436281906,27.16612434387207,1775.6281231372934,,raster_height,1366243651,apartments,2,50.0,26205024.985098347,0.12584275331923023,2423.0
1229,rooftop,409664.80445689184,3378374.6217641225,27.504802703857422,1670.1010466330226,,raster_height,1352294037,apartments,2,50.0,25360808.373064183,0.1257968268343218,1084.0
1230,rooftop,403550.4160726659,3402129.9480777886,23.28578758239746,2720.437984779636,,raster_height,857415808,yes,3,75.0,33763503.87823708,0.12562105925548725,330.0
1231,rooftop,411182.4671882569,3386896.616276846,26.679746627807617,1821.0129142867781,,raster_height,1362833147,apartments,2,50.0,26568103.314294226,0.12560823669402962,1320.0
1232,rooftop,419602.063050739,3385518.8585742633,21.882030487060547,3085.0191726213075,,raster_height,20234656,yes,3,75.0,36680153.38097046,0.12560534740641505,2365.0
1233,rooftop,407762.9908098155,3375909.494359375,25.81732749938965,2028.6418969758295,,raster_height,1352529992,apartments,2,50.0,28229135.175806634,0.12555228918629252,792.0
1234,rooftop,399870.7066957243,3403608.0734202377,25.471601486206055,2116.425639441603,,raster_height,509137762,school,2,50.0,28931405.115532823,0.1255427375652651,bucket_799_6807
1235,rooftop,414884.6814633409,3392286.569080785,25.951419830322266,1981.751412031497,,raster_height,1342952361,apartments,2,50.0,27854011.296251975,0.12551964473024266,1833.0
1236,rooftop,413134.82043548755,3372589.3842306645,21.052783966064453,3222.092211571403,,raster_height,864510930,yes,4,100.0,37776737.69257122,0.1253744622616669,1583.0
1237,rooftop,411968.8293549612,3381533.710438251,24.964797973632812,2171.079028861502,,raster_height,1351556701,apartments,2,50.0,29368632.230892017,0.12531921056788586,1382.0
1238,rooftop,412226.3541561798,3390112.2390308427,21.463443756103516,3055.764927338836,,raster_height,1348705090,hotel,3,75.0,36446119.41871069,0.12521017144507096,1473.0
1239,rooftop,407438.1174541011,3398343.91992022,26.262367248535156,1782.563913622476,,raster_height,1361447347,apartments,2,50.0,26260511.30897981,0.12518793797816052,766.0
1240,rooftop,415793.467251451,3388191.2080393336,24.751934051513672,2120.77365712577,,raster_height,1357729924,college,2,50.0,28966189.25700616,0.12501797843763693,1958.0
1241,rooftop,410907.79067462374,3385755.777285286,24.96985626220703,2028.5495892685597,,raster_height,1362851763,apartments,2,50.0,28228396.714148477,0.12491958670754566,1245.0
1242,rooftop,408138.1137425601,3399210.087522472,25.188251495361328,1797.5942484007805,,raster_height,1361362886,retail,2,50.0,26380753.987206243,0.12442889916444426,909.0
1243,rooftop,401838.9293629572,3389330.6228197436,24.725370407104492,1905.046005527598,,raster_height,746703151,yes,2,50.0,27240368.044220783,0.12438758443772283,144.0
1244,rooftop,408776.3371686049,3377134.4656622824,25.113706588745117,1780.7332935863715,,raster_height,1352562892,apartments,2,50.0,26245866.34869097,0.12432554735711177,937.0
1245,rooftop,411472.99340933794,3377035.975940435,25.72667121887207,1600.769543046013,,raster_height,1448241760,apartments,2,50.0,24806156.344368104,0.12427363523796423,1300.0
1246,rooftop,413766.94225516974,3387143.3062824574,21.583633422851562,2686.0882661672326,,raster_height,1347033979,apartments,3,75.0,33488706.129337862,0.1242535755199792,1683.0
1247,rooftop,418627.4903525617,3403119.8981804233,21.77702522277832,2528.222338949656,,raster_height,4089958,yes,3,75.0,32225778.71159725,0.12395109245029852,bucket_837_6806
1248,rooftop,411792.17208269215,3395459.5305462163,24.041370391845703,1928.7056034204086,,raster_height,1350363693,apartments,2,50.0,27429644.827363268,0.12394410003158933,1410.0
1249,rooftop,413374.2088887453,3395442.015357526,24.97983741760254,1648.1570355792624,,raster_height,1344326179,apartments,2,50.0,25185256.2846341,0.12385041661234478,1629.0
1250,rooftop,416947.23133445316,3373467.4044561638,20.568071365356445,2735.472859056441,,raster_height,610943492,commercial,3,75.0,33883782.87245153,0.12363546577948946,2056.0
1251,rooftop,409499.45497440535,3404642.02348098,23.352663040161133,1947.376965296028,,raster_height,586233640,yes,2,50.0,27579015.722368225,0.1234829845663815,bucket_818_6809
1252,rooftop,403175.1780432419,3394798.288184114,24.152727127075195,1699.5112602371069,,raster_height,1359793548,apartments,2,50.0,25596090.081896856,0.12337851713488493,269.0
1253,rooftop,416381.93953494646,3391878.1385755558,24.430089950561523,1605.5660801306278,,raster_height,1356880100,industrial,2,50.0,24844528.641045023,0.12331961283568076,2030.0
1254,rooftop,412983.9941084322,3389618.7562133623,23.742374420166016,1758.563976274389,,raster_height,1347331158,hospital,2,50.0,26068511.81019511,0.1232394196916505,1617.0
1255,rooftop,404053.74249566713,3393617.734947243,20.526031494140625,2605.528475206542,,raster_height,1359081611,apartments,3,75.0,32844227.80165234,0.12323631331268409,366.0
1256,rooftop,402127.4433615652,3404657.864665932,20.015018463134766,2727.2353957978025,,raster_height,413859279,dormitory,3,75.0,33817883.16638242,0.12319942537778666,bucket_804_6809
1257,rooftop,416958.62058444973,3394822.6749467496,24.177927017211914,1610.0498004871793,,raster_height,1344792685,hospital,2,50.0,24880398.403897434,0.1231441217412954,2099.0
1258,rooftop,413417.5848344509,3391787.436728188,23.378135681152344,1816.5342304577503,,raster_height,1356345284,apartments,2,50.0,26532273.843662,0.12313167198350994,1622.0
1259,rooftop,422513.5531382135,3378889.3923583315,23.28593635559082,1826.749144248623,,raster_height,896222262,yes,2,50.0,26613993.153988983,0.12309177761729728,bucket_845_6757
1260,rooftop,413809.9785150271,3392688.754439549,23.856454849243164,1652.0007308890688,,raster_height,1342933226,apartments,2,50.0,25216005.84711255,0.12302295015898979,1694.0
1261,rooftop,411724.8152169534,3378100.9652402354,23.08453941345215,1807.6007966718157,,raster_height,1450682919,commercial,2,50.0,26460806.373374525,0.12288728614211851,1375.0
1262,rooftop,408196.0653229201,3401082.052144297,23.794836044311523,1601.1117644620413,,raster_height,1361461452,apartments,2,50.0,24808894.11569633,0.1228329357808299,913.0
1263,rooftop,420542.2653228752,3404715.018982894,22.93790054321289,1746.4737871102745,,raster_height,544807415,yes,2,50.0,25971790.296882197,0.12260484739080661,bucket_841_6809
1264,rooftop,417968.4846383024,3384172.9120358485,22.19715690612793,1908.9814536121453,,raster_height,1305577573,hospital,2,50.0,27271851.62889716,0.12251199637772239,2190.0
1265,rooftop,408175.7868139405,3376909.1370082777,22.389026641845703,1836.697584830073,,raster_height,1352529908,apartments,2,50.0,26693580.678640585,0.12245059891595604,865.0
1266,rooftop,401825.72186223697,3389891.822982797,21.869731903076172,1917.9003414911087,,raster_height,746703182,yes,2,50.0,27343202.73192887,0.12229289234055883,145.0
1267,rooftop,413466.03968102107,3388741.146671784,21.194984436035156,2078.1722262131816,,raster_height,1347331076,apartments,2,50.0,28625377.80970545,0.1222429643046523,1616.0
1268,rooftop,408632.2400784229,3379598.252857353,20.366100311279297,2233.7308382828514,,raster_height,1298703500,commercial,2,50.0,29869846.706262812,0.12206466901503761,942.0
1269,rooftop,414259.87002033234,3391965.0356629295,21.601314544677734,1907.2750961123622,,raster_height,975158573,yes,2,50.0,27258200.768898897,0.12206250842377397,1763.0
1270,rooftop,411298.6019299635,3364021.4921500166,20.492507934570312,2187.052998353904,,raster_height,1056220881,yes,2,50.0,29496423.986831233,0.12202689154818948,bucket_822_6728
1271,rooftop,403199.8791692649,3392878.265894557,21.4572811126709,1849.264393990317,,raster_height,1359008890,apartments,2,50.0,26794115.15192254,0.12179083406247254,265.0
1272,rooftop,407062.4022018292,3399828.9233367983,21.291400909423828,1843.2110870296904,,raster_height,1361447454,apartments,2,50.0,26745688.696237523,0.12164991029199769,769.0
1273,rooftop,412452.5667228545,3389108.2764516775,21.77164649963379,1673.3944924314128,,raster_height,710790308,university,2,50.0,25387155.939451303,0.12152767343992232,1471.0
1274,rooftop,411926.30087363935,3389441.0577805513,20.37560272216797,1805.6191546294763,,raster_height,710790270,hospital,2,50.0,26444953.23703581,0.1208600829878671,1398.0
1275,rooftop,413837.8519610114,3385752.051710008,20.134565353393555,1802.6469251280814,,raster_height,1346658428,apartments,2,50.0,26421175.40102465,0.1206717921027249,1681.0
1276,rooftop,415843.6849405484,3405288.8759873244,20.4,1817.6129180751243,,imputed,18266561,yes,2,50.0,26540903.344600994,0.0609122356608416,bucket_831_6810
1277,rooftop,410206.18705795024,3379432.372838428,20.4,1813.7934439088376,,imputed,1349804882,office,2,50.0,26510347.5512707,0.060901425466628106,1159.0
1278,rooftop,416962.8170961995,3364767.7372914697,20.4,1800.7462434826448,,imputed,1463637175,industrial,2,50.0,26405969.947861157,0.06086449819224188,bucket_833_6729
1279,rooftop,414142.2232556033,3377939.907365205,20.4,1798.8847137968016,,imputed,1448554756,yes,2,50.0,26391077.710374415,0.06085922953573,1735.0
1280,rooftop,416579.2422200262,3395921.1961505786,20.4,1797.063302069358,,imputed,1344805734,school,2,50.0,26376506.416554864,0.06085407442440861,2101.0
1281,rooftop,421743.83487045654,3380252.246435777,20.4,1792.192489373964,,imputed,1513978797,yes,2,50.0,26337539.914991714,0.06084028864424035,bucket_843_6760
1282,rooftop,415858.46119898825,3382874.494472246,20.4,1780.912167047562,,imputed,1365016957,yes,2,50.0,26247297.336380497,0.060808362135556085,1948.0
1283,rooftop,408367.48644272686,3368633.322606122,20.4,1776.481176556975,,imputed,1049567985,yes,2,50.0,26211849.4124558,0.06079582117685968,848.0
1284,rooftop,413449.1878837924,3381573.6466790163,20.4,1767.2793266754943,,imputed,1351829179,school,2,50.0,26138234.613403954,0.06076977733417047,1601.0
1285,rooftop,404964.9994981994,3397162.618210383,20.4,1766.6266615369534,,imputed,1360091798,apartments,2,50.0,26133013.292295627,0.06076793010688294,430.0
1286,rooftop,404484.9352653194,3371053.563525727,20.4,1760.4530853973693,,imputed,1035098195,commercial,2,50.0,26083624.683178954,0.06075045713700405,bucket_808_6742
1287,rooftop,410434.6058399599,3368247.9030137905,20.4,1759.4858484106048,,imputed,1038305105,construction,2,50.0,26075886.787284836,0.06074771958224594,1137.0
1288,rooftop,415640.5223292659,3365309.9446499613,20.4,1754.7827804388367,,imputed,1463637207,retail,2,50.0,26038262.243510693,0.0607344085671793,bucket_831_6730
1289,rooftop,404505.08985085884,3396686.8155105277,20.4,1738.4804968910796,,imputed,1359865995,apartments,2,50.0,25907843.975128636,0.06068826848516741,429.0
1290,rooftop,409055.87884163944,3370648.1518026367,20.4,1737.3797433776745,,imputed,1022845397,yes,2,50.0,25899037.947021395,0.06068515304080438,996.0
1291,rooftop,402921.8639447245,3403704.2330084937,20.4,1736.2214900456954,,imputed,1098839653,yes,2,50.0,25889771.920365565,0.06068187485566109,bucket_805_6807
1292,rooftop,411254.0451372528,3371110.1041986397,20.4,1733.4061672919954,,imputed,1470456947,yes,2,50.0,25867249.33833596,0.0606739066944912,1288.0
1293,rooftop,416289.0877530062,3383161.5026789946,20.4,1713.0190816350873,,imputed,1365016952,yes,2,50.0,25704152.653080698,0.06061620546500164,2012.0
1294,rooftop,402600.74312041467,3404943.716919233,20.4,1712.7205143468825,,imputed,3725612,yes,2,50.0,25701764.11477506,0.06061536043497112,bucket_805_6809
1295,rooftop,417670.3266584834,3395279.279090034,20.4,1705.5564112510783,,imputed,1344799648,apartments,2,50.0,25644451.290008627,0.06059508399312089,2213.0
1296,rooftop,411610.9256810934,3384630.5911927433,20.4,1698.0402625935224,,imputed,1301736553,yes,2,50.0,25584322.10074818,0.0605738111625719,1388.0
1297,rooftop,413843.1193442892,3385135.6072126487,20.4,1696.2468760545612,,imputed,1364769112,yes,2,50.0,25569975.00843649,0.06056873537047539,1679.0
1298,rooftop,409917.0302372438,3377112.0580804003,20.4,1685.2083712712322,,imputed,1352622402,apartments,2,50.0,25481666.970169857,0.060537493273961775,1081.0
1299,rooftop,405183.6394385458,3398620.235691126,20.4,1684.357002413523,,imputed,605339169,commercial,2,50.0,25474856.019308187,0.060535083658842394,494.0
1300,rooftop,418491.724413763,3392697.585814312,20.4,1683.5283149419408,,imputed,1356857103,yes,2,50.0,25468226.519535527,0.06053273823847297,2302.0
1301,rooftop,404171.26202345116,3374421.7821252737,20.4,1683.0931508654976,,imputed,1336061687,yes,2,50.0,25464745.20692398,0.06053150660082436,bucket_808_6748
1302,rooftop,413076.9989329453,3389062.5669007227,20.4,1673.2573787996541,,imputed,1347331118,apartments,2,50.0,25386059.030397233,0.06050366857871913,1616.0
1303,rooftop,399758.19693940505,3405368.3715622644,20.4,1667.6934630022931,,imputed,923675977,university,2,50.0,25341547.704018347,0.060487921120367945,bucket_799_6810
1304,rooftop,416372.5474695936,3378331.324608877,20.4,1660.9089918552013,,imputed,1352063669,college,2,50.0,25287271.93484161,0.060468719144508735,2003.0
1305,rooftop,412323.278065936,3369854.8559428607,20.4,1651.9297649403875,,imputed,1284121520,yes,2,50.0,25215438.1195231,0.06044330538789978,1433.0
1306,rooftop,411934.993443952,3367820.6471544313,20.4,1645.3116244971523,,imputed,1409165999,yes,2,50.0,25162492.995977215,0.06042457417506555,1355.0
1307,rooftop,406225.9198103601,3379130.389036137,20.4,1645.0009460482206,,imputed,1350931137,kindergarten,2,50.0,25160007.568385765,0.060423694867018235,586.0
1308,rooftop,423115.16837901383,3369943.3398943245,20.4,1633.6632300231092,,imputed,1329594333,greenhouse,2,50.0,25069305.840184875,0.060391605917903005,bucket_846_6739
1309,rooftop,410823.6255825606,3390075.534071255,20.4,1630.0061313164324,,imputed,1348683711,university,2,50.0,25040049.05053146,0.060381255292252474,1253.0
1310,rooftop,415154.3349542324,3381130.088747939,20.4,1625.9890094628681,,imputed,1351829242,yes,2,50.0,25007912.075702943,0.06036988569907663,1878.0
1311,rooftop,415192.3662773445,3381640.6686015804,20.4,1625.5614141273427,,imputed,1351829253,yes,2,50.0,25004491.31301874,0.06036867548310957,1879.0
1312,rooftop,421658.07292977994,3369903.2641115496,20.4,1622.9690772711822,,imputed,1329594326,greenhouse,2,50.0,24983752.618169457,0.060361338435217154,bucket_843_6739
1313,rooftop,417455.7602018777,3391965.7327464963,20.4,1609.797897459037,,imputed,1356874970,industrial,2,50.0,24878383.179672293,0.060324060264036694,2152.0
1314,rooftop,423066.7570069319,3369005.8856874453,20.4,1606.7154908241334,,imputed,1329594346,greenhouse,2,50.0,24853723.926593065,0.06031533617979955,bucket_846_6738
