cell_id,centroid_x,centroid_y,population_source,population,income,poi_count,poi_density,income_source,cluster,monthly_income_cny,vot_cny_per_h,p_evtol,trip_rate,demand
0,398227.3738420745,3392981.7927185036,zonal_sum,284.00157465040684,16.399347016537067,0,0.0,external,3,1877.0,5.39,0.05645,0.005645,1.6031888889015466
1,398227.3738420745,3393481.7927185036,zonal_sum,1000.653959274292,20.20263957655474,0,0.0,external,3,1877.0,5.39,0.05645,0.005645,5.648691600103378
2,398227.3738420745,3393981.7927185036,zonal_sum,1094.5026082992554,21.03694487455273,0,0.0,external,3,1877.0,5.39,0.05645,0.005645,6.178467223849297
3,398227.3738420745,3394481.7927185036,zonal_sum,779.7229537963867,17.801717538296128,1,4.0,external,3,1877.0,5.39,0.05645,0.005645,4.401536074180603
4,398727.3738420745,3391981.7927185036,zonal_sum,714.5042433738708,11.440493553969873,0,0.0,external,3,1877.0,5.39,0.05645,0.005645,4.033376453845501
5,398727.3738420745,3392481.7927185036,zonal_sum,446.9756159186363,15.162254078528882,0,0.0,external,3,1877.0,5.39,0.05645,0.005645,2.523177351860702
6,398727.3738420745,3392981.7927185036,zonal_sum,1199.5315046310425,20.44697393783469,0,0.0,external,3,1877.0,5.39,0.05645,0.005645,6.7713553436422345
7,398727.3738420745,3393481.7927185036,zonal_sum,1721.842206954956,24.380983393905808,1,4.0,external,0,2956.0,8.49,0.06033,0.006033,10.38787403455925
8,398727.3738420745,3393981.7927185036,zonal_sum,2019.1890258789062,25.42545290688514,0,0.0,external,0,2956.0,8.49,0.06033,0.006033,12.181767393127442
9,398727.3738420745,3394481.7927185036,zonal_sum,1768.4888820648193,21.072902853393053,0,0.0,external,3,1877.0,5.39,0.05645,0.005645,9.983119739255905
10,398727.3738420745,3394981.7927185036,zonal_sum,1355.9545469284058,14.747530057486196,0,0.0,external,3,1877.0,5.39,0.05645,0.005645,7.65436341741085
11,398727.3738420745,3395481.7927185036,zonal_sum,547.4461262226105,20.832966685337077,0,0.0,external,3,1877.0,5.39,0.05645,0.005645,3.090333382526636
12,398727.3738420745,3395981.7927185036,zonal_sum,207.16023522615433,19.729065111573043,0,0.0,external,3,1877.0,5.39,0.05645,0.005645,1.169419527851641
13,398727.3738420745,3396481.7927185036,zonal_sum,2306.7740852832794,14.277097466505989,0,0.0,external,3,1877.0,5.39,0.05645,0.005645,13.021739711424113
14,398727.3738420745,3396981.7927185036,zonal_sum,2567.421957015991,13.84292034769235,0,0.0,external,3,1877.0,5.39,0.05645,0.005645,14.49309694735527
15,398727.3738420745,3397481.7927185036,zonal_sum,937.1388607025146,12.742394754811054,0,0.0,external,3,1877.0,5.39,0.05645,0.005645,5.290148868665695
16,399227.3738420745,3390981.7927185036,zonal_sum,521.997437953949,12.029207605939945,0,0.0,external,3,1877.0,5.39,0.05645,0.005645,2.9466755372500417
17,399227.3738420745,3391481.7927185036,zonal_sum,1600.3763575553894,12.015875103064849,0,0.0,external,3,1877.0,5.39,0.05645,0.005645,9.034124538400173
18,399227.3738420745,3391981.7927185036,zonal_sum,819.3383224010468,12.615801255207842,0,0.0,external,3,1877.0,5.39,0.05645,0.005645,4.625164829953909
19,399227.3738420745,3392481.7927185036,zonal_sum,1035.2049523293972,17.079666148121127,0,0.0,external,3,1877.0,5.39,0.05645,0.005645,5.843731955899447
20,399227.3738420745,3392981.7927185036,zonal_sum,717.298900604248,27.504098957943956,1,4.0,external,0,2956.0,8.49,0.06033,0.006033,4.327464267345428
21,399227.3738420745,3393481.7927185036,zonal_sum,1033.6362104415894,33.308958139146576,0,0.0,external,0,2956.0,8.49,0.06033,0.006033,6.235927257594109
22,399227.3738420745,3393981.7927185036,zonal_sum,2900.9631786346436,37.66928470959072,0,0.0,external,0,2956.0,8.49,0.06033,0.006033,17.501510856702804
23,399227.3738420745,3394481.7927185036,zonal_sum,1601.1118545532227,31.38791522775203,0,0.0,external,0,2956.0,8.49,0.06033,0.006033,9.659507818519593
24,399227.3738420745,3394981.7927185036,zonal_sum,2750.386239051819,22.747849714173245,0,0.0,external,3,1877.0,5.39,0.05645,0.005645,15.525930319447516
25,399227.3738420745,3395481.7927185036,zonal_sum,2668.6668090820312,23.69161021839351,0,0.0,external,3,1877.0,5.39,0.05645,0.005645,15.064624137268066
26,399227.3738420745,3395981.7927185036,zonal_sum,1263.0032580792904,17.28375039013865,0,0.0,external,3,1877.0,5.39,0.05645,0.005645,7.129653391857594
27,399227.3738420745,3396481.7927185036,zonal_sum,135.49177554249763,13.323401179392599,0,0.0,external,3,1877.0,5.39,0.05645,0.005645,0.7648510729373992
28,399227.3738420745,3396981.7927185036,zonal_sum,101.95801210403442,12.508614117208603,0,0.0,external,3,1877.0,5.39,0.05645,0.005645,0.5755529783272743
29,399227.3738420745,3397481.7927185036,zonal_sum,385.46029138565063,14.137689909133334,0,0.0,external,3,1877.0,5.39,0.05645,0.005645,2.1759233448719977
30,399227.3738420745,3397981.7927185036,zonal_sum,1153.1158292889595,17.745849202658764,0,0.0,external,3,1877.0,5.39,0.05645,0.005645,6.509338856336176
31,399227.3738420745,3398481.7927185036,zonal_sum,835.9625153541565,21.747954285819247,0,0.0,external,3,1877.0,5.39,0.05645,0.005645,4.719008399174213
32,399227.3738420745,3398981.7927185036,zonal_sum,774.0341553688049,17.68596222421504,0,0.0,external,3,1877.0,5.39,0.05645,0.005645,4.369422807056904
33,399227.3738420745,3399481.7927185036,zonal_sum,865.0140750408173,14.475162735713578,0,0.0,external,3,1877.0,5.39,0.05645,0.005645,4.883004453605413
34,399727.3738420745,3389481.7927185036,zonal_sum,1222.425761282444,25.466096799988204,0,0.0,external,0,2956.0,8.49,0.06033,0.006033,7.3748946178169845
35,399727.3738420745,3389981.7927185036,zonal_sum,2353.061347723007,22.12914434437728,0,0.0,external,3,1877.0,5.39,0.05645,0.005645,13.283031307896374
36,399727.3738420745,3390481.7927185036,zonal_sum,1956.8659782409668,17.723894698857997,0,0.0,external,3,1877.0,5.39,0.05645,0.005645,11.046508447170257
37,399727.3738420745,3390981.7927185036,zonal_sum,2100.463050842285,13.098195615639893,1,4.0,external,3,1877.0,5.39,0.05645,0.005645,11.8571139220047
38,399727.3738420745,3391481.7927185036,zonal_sum,2814.441963195801,12.001791314840396,0,0.0,external,3,1877.0,5.39,0.05645,0.005645,15.887524882240294
39,399727.3738420745,3391981.7927185036,zonal_sum,1311.6268682479858,12.819974449863732,0,0.0,external,3,1877.0,5.39,0.05645,0.005645,7.4041336712598795
40,399727.3738420745,3392481.7927185036,zonal_sum,802.4087252616882,17.851792698010236,0,0.0,external,3,1877.0,5.39,0.05645,0.005645,4.52959725410223
41,399727.3738420745,3392981.7927185036,zonal_sum,1007.3811120986938,33.716411601962704,0,0.0,external,0,2956.0,8.49,0.06033,0.006033,6.07753024929142
42,399727.3738420745,3393481.7927185036,zonal_sum,2035.083080291748,41.3358113163075,0,0.0,external,0,2956.0,8.49,0.06033,0.006033,12.277656223400117
43,399727.3738420745,3393981.7927185036,zonal_sum,5552.180358886719,59.29121146521825,0,0.0,external,4,8736.0,25.1,0.08655,0.008655,48.05412100616455
44,399727.3738420745,3394481.7927185036,zonal_sum,4431.637664794922,45.201961467114664,0,0.0,external,4,8736.0,25.1,0.08655,0.008655,38.35582398880005
45,399727.3738420745,3394981.7927185036,zonal_sum,4897.2923412323,36.94807962811411,1,4.0,external,0,2956.0,8.49,0.06033,0.006033,29.545364694654467
46,399727.3738420745,3395481.7927185036,zonal_sum,5046.68155670166,30.72587051721367,0,0.0,external,0,2956.0,8.49,0.06033,0.006033,30.446629831581117
47,399727.3738420745,3395981.7927185036,zonal_sum,2463.671272277832,17.872413332502095,0,0.0,external,3,1877.0,5.39,0.05645,0.005645,13.907424332008361
48,399727.3738420745,3396481.7927185036,zonal_sum,2424.5120244026184,14.456759733570847,0,0.0,external,3,1877.0,5.39,0.05645,0.005645,13.68637037775278
49,399727.3738420745,3396981.7927185036,zonal_sum,1650.3382387161255,11.814046132046403,5,20.0,external,3,1877.0,5.39,0.05645,0.005645,9.316159357552529
50,399727.3738420745,3397481.7927185036,zonal_sum,197.4686568081379,15.14250502465542,0,0.0,external,3,1877.0,5.39,0.05645,0.005645,1.1147105676819384
51,399727.3738420745,3397981.7927185036,zonal_sum,129.8895497173071,18.226957416310313,0,0.0,external,3,1877.0,5.39,0.05645,0.005645,0.7332265081541985
52,399727.3738420745,3398481.7927185036,zonal_sum,293.57816821336746,17.938694503317,0,0.0,external,3,1877.0,5.39,0.05645,0.005645,1.6572487595644594
53,399727.3738420745,3398981.7927185036,zonal_sum,562.0099205970764,15.469178139801626,0,0.0,external,3,1877.0,5.39,0.05645,0.005645,3.1725460017704963
54,399727.3738420745,3399481.7927185036,zonal_sum,556.5334753990173,19.07759952943519,1,4.0,external,3,1877.0,5.39,0.05645,0.005645,3.1416314686274527
55,400227.3738420745,3388481.7927185036,zonal_sum,1550.7518734931946,17.693589331555692,0,0.0,external,3,1877.0,5.39,0.05645,0.005645,8.753994325869083
56,400227.3738420745,3388981.7927185036,zonal_sum,1466.11342471838,22.94516768029149,0,0.0,external,3,1877.0,5.39,0.05645,0.005645,8.276210282535255
57,400227.3738420745,3389481.7927185036,zonal_sum,1638.0567302703857,26.02501527305364,0,0.0,external,0,2956.0,8.49,0.06033,0.006033,9.882396253721238
58,400227.3738420745,3389981.7927185036,zonal_sum,2238.5561685562134,22.532426893491692,0,0.0,external,3,1877.0,5.39,0.05645,0.005645,12.636649571499824
59,400227.3738420745,3390481.7927185036,zonal_sum,2915.199020385742,19.011147516195088,0,0.0,external,3,1877.0,5.39,0.05645,0.005645,16.456298470077513
60,400227.3738420745,3390981.7927185036,zonal_sum,3217.186752319336,16.08477626238507,0,0.0,external,3,1877.0,5.39,0.05645,0.005645,18.16101921684265
61,400227.3738420745,3391481.7927185036,zonal_sum,2368.6259145736694,14.663270115959538,0,0.0,external,3,1877.0,5.39,0.05645,0.005645,13.370893287768364
62,400227.3738420745,3391981.7927185036,zonal_sum,609.4024715423584,13.916114016667413,0,0.0,external,3,1877.0,5.39,0.05645,0.005645,3.440076951856613
63,400227.3738420745,3392481.7927185036,zonal_sum,1507.682373046875,19.656011868836927,0,0.0,external,3,1877.0,5.39,0.05645,0.005645,8.510866995849609
64,400227.3738420745,3392981.7927185036,zonal_sum,1653.1825037002563,39.715965279113824,0,0.0,external,0,2956.0,8.49,0.06033,0.006033,9.973650044823646
65,400227.3738420745,3393481.7927185036,zonal_sum,4075.8229789733887,59.47913256048778,1,4.0,external,4,8736.0,25.1,0.08655,0.008655,35.276247883014676
66,400227.3738420745,3393981.7927185036,zonal_sum,4616.532810211182,66.980294310381,0,0.0,external,4,8736.0,25.1,0.08655,0.008655,39.95609147237777
67,400227.3738420745,3394481.7927185036,zonal_sum,4166.606842577457,48.66970022817055,0,0.0,external,4,8736.0,25.1,0.08655,0.008655,36.06198222250789
68,400227.3738420745,3394981.7927185036,zonal_sum,4278.756294250488,45.16054645097471,0,0.0,external,4,8736.0,25.1,0.08655,0.008655,37.03263572673797
69,400227.3738420745,3395481.7927185036,zonal_sum,5834.905891418457,79.41450862274496,0,0.0,external,4,8736.0,25.1,0.08655,0.008655,50.50111049022674
70,400227.3738420745,3395981.7927185036,zonal_sum,5709.520950317383,28.96460914551552,0,0.0,external,0,2956.0,8.49,0.06033,0.006033,34.44553989326477
71,400227.3738420745,3396481.7927185036,zonal_sum,4449.5153732299805,24.7972807580815,0,0.0,external,0,2956.0,8.49,0.06033,0.006033,26.843926246696473
72,400227.3738420745,3396981.7927185036,zonal_sum,3423.2616844177246,22.827485262418847,1,4.0,external,3,1877.0,5.39,0.05645,0.005645,19.324312208538053
73,400227.3738420745,3397481.7927185036,zonal_sum,1018.0426545143127,20.683115319964525,0,0.0,external,3,1877.0,5.39,0.05645,0.005645,5.7468507847332955
74,400227.3738420745,3397981.7927185036,zonal_sum,676.2692883014679,18.311781928257897,0,0.0,external,3,1877.0,5.39,0.05645,0.005645,3.817540132461786
75,400227.3738420745,3398481.7927185036,zonal_sum,682.9903833866119,14.37394931304166,0,0.0,external,3,1877.0,5.39,0.05645,0.005645,3.8554807142174243
76,400227.3738420745,3398981.7927185036,zonal_sum,1026.7110452651978,12.936644083110389,0,0.0,external,3,1877.0,5.39,0.05645,0.005645,5.795783850522041
77,400227.3738420745,3399481.7927185036,zonal_sum,1080.8841309547424,19.418491761597448,0,0.0,external,3,1877.0,5.39,0.05645,0.005645,6.101590919239521
78,400227.3738420745,3399981.7927185036,zonal_sum,2021.8813819885254,25.09165055773848,1,4.0,external,0,2956.0,8.49,0.06033,0.006033,12.198010377536773
79,400727.3738420745,3387481.7927185036,zonal_sum,3664.727319717407,34.1302505714278,0,0.0,external,0,2956.0,8.49,0.06033,0.006033,22.10929991985512
80,400727.3738420745,3387981.7927185036,zonal_sum,2384.8492107391357,26.66263754754357,0,0.0,external,0,2956.0,8.49,0.06033,0.006033,14.387795288389206
81,400727.3738420745,3388481.7927185036,zonal_sum,3648.5468215942383,22.248541393335692,0,0.0,external,3,1877.0,5.39,0.05645,0.005645,20.596046807899473
82,400727.3738420745,3388981.7927185036,zonal_sum,3785.3515434265137,25.52702147175118,0,0.0,external,0,2956.0,8.49,0.06033,0.006033,22.837025861492158
83,400727.3738420745,3389481.7927185036,zonal_sum,2531.709976196289,25.293799802695432,1,4.0,external,0,2956.0,8.49,0.06033,0.006033,15.273806286392212
84,400727.3738420745,3389981.7927185036,zonal_sum,2246.9080200195312,20.73231800011444,0,0.0,external,3,1877.0,5.39,0.05645,0.005645,12.683795773010253
85,400727.3738420745,3390481.7927185036,zonal_sum,1656.455675125122,20.442468852536052,0,0.0,external,3,1877.0,5.39,0.05645,0.005645,9.350692286081314
86,400727.3738420745,3390981.7927185036,zonal_sum,3052.7222213745117,22.438070237595756,0,0.0,external,3,1877.0,5.39,0.05645,0.005645,17.232616939659117
87,400727.3738420745,3391481.7927185036,zonal_sum,2536.275297164917,19.935840288037344,0,0.0,external,3,1877.0,5.39,0.05645,0.005645,14.317274052495955
88,400727.3738420745,3391981.7927185036,zonal_sum,2105.831516265869,17.625303809730422,0,0.0,external,3,1877.0,5.39,0.05645,0.005645,11.88741890932083
89,400727.3738420745,3392481.7927185036,zonal_sum,2607.1661338806152,21.794879523893087,0,0.0,external,3,1877.0,5.39,0.05645,0.005645,14.717452825756073
90,400727.3738420745,3392981.7927185036,zonal_sum,2711.7848167419434,32.96950836195063,0,0.0,external,0,2956.0,8.49,0.06033,0.006033,16.360197799404144
91,400727.3738420745,3393481.7927185036,zonal_sum,5933.279191970825,43.25484625454088,0,0.0,external,4,8736.0,25.1,0.08655,0.008655,51.35253140650749
92,400727.3738420745,3393981.7927185036,zonal_sum,6902.023376464844,47.475871570656494,0,0.0,external,4,8736.0,25.1,0.08655,0.008655,59.73701232330322
93,400727.3738420745,3394481.7927185036,zonal_sum,2595.662703514099,50.6923517223634,0,0.0,external,4,8736.0,25.1,0.08655,0.008655,22.465460698914526
94,400727.3738420745,3394981.7927185036,zonal_sum,1725.520950436592,43.786619853917216,0,0.0,external,4,8736.0,25.1,0.08655,0.008655,14.934383826028704
95,400727.3738420745,3395481.7927185036,zonal_sum,2416.430522918701,41.289090538611475,0,0.0,external,0,2956.0,8.49,0.06033,0.006033,14.578325344768524
96,400727.3738420745,3395981.7927185036,zonal_sum,4974.060878753662,27.04052733123296,1,4.0,external,0,2956.0,8.49,0.06033,0.006033,30.008509281520844
97,400727.3738420745,3396481.7927185036,zonal_sum,5604.747695922852,24.794700488452513,0,0.0,external,0,2956.0,8.49,0.06033,0.006033,33.813442849502565
98,400727.3738420745,3396981.7927185036,zonal_sum,4041.9148178100586,23.421603348552058,4,16.0,external,0,2956.0,8.49,0.06033,0.006033,24.384872095848085
99,400727.3738420745,3397481.7927185036,zonal_sum,981.0079298019409,20.010843916027977,1,4.0,external,3,1877.0,5.39,0.05645,0.005645,5.537789763731956
100,400727.3738420745,3397981.7927185036,zonal_sum,774.1784400939941,15.517303212505782,0,0.0,external,3,1877.0,5.39,0.05645,0.005645,4.370237294330597
101,400727.3738420745,3398481.7927185036,zonal_sum,799.6934925317764,12.368408521096612,0,0.0,external,3,1877.0,5.39,0.05645,0.005645,4.5142697653418775
102,400727.3738420745,3398981.7927185036,zonal_sum,1304.2367884218693,14.071902188550824,2,8.0,external,3,1877.0,5.39,0.05645,0.005645,7.362416670641452
103,400727.3738420745,3399481.7927185036,zonal_sum,1412.715124130249,19.916259385515744,0,0.0,external,3,1877.0,5.39,0.05645,0.005645,7.974776875715255
104,400727.3738420745,3399981.7927185036,zonal_sum,2302.6423168182373,25.247797374281884,1,4.0,external,0,2956.0,8.49,0.06033,0.006033,13.891841097364425
105,401227.3738420745,3385981.7927185036,zonal_sum,2035.7818641662598,25.231566665469302,1,4.0,external,0,2956.0,8.49,0.06033,0.006033,12.281871986515046
106,401227.3738420745,3386481.7927185036,zonal_sum,4236.386005401611,40.543105243192755,0,0.0,external,0,2956.0,8.49,0.06033,0.006033,25.558116770587922
107,401227.3738420745,3386981.7927185036,zonal_sum,4523.185874938965,45.90341503512286,1,4.0,external,4,8736.0,25.1,0.08655,0.008655,39.148173747596736
108,401227.3738420745,3387481.7927185036,zonal_sum,4971.409969329834,42.53990847742883,0,0.0,external,4,8736.0,25.1,0.08655,0.008655,43.02755328454971
109,401227.3738420745,3387981.7927185036,zonal_sum,2209.890811443329,30.420132743023636,0,0.0,external,0,2956.0,8.49,0.06033,0.006033,13.332271265437603
110,401227.3738420745,3388481.7927185036,zonal_sum,3862.0255126953125,24.553615952236502,0,0.0,external,0,2956.0,8.49,0.06033,0.006033,23.29959991809082
111,401227.3738420745,3388981.7927185036,zonal_sum,3191.7981338500977,30.068008252434495,0,0.0,external,0,2956.0,8.49,0.06033,0.006033,19.25611814151764
112,401227.3738420745,3389481.7927185036,zonal_sum,2387.2275714874268,28.985204786248854,1,4.0,external,0,2956.0,8.49,0.06033,0.006033,14.402143938783645
113,401227.3738420745,3389981.7927185036,zonal_sum,3046.6126670837402,29.239774667405282,0,0.0,external,0,2956.0,8.49,0.06033,0.006033,18.380214220516205
114,401227.3738420745,3390481.7927185036,zonal_sum,3199.5327224731445,30.355428109530326,0,0.0,external,0,2956.0,8.49,0.06033,0.006033,19.302780914680483
115,401227.3738420745,3390981.7927185036,zonal_sum,4436.313629150391,29.230295100083485,2,8.0,external,0,2956.0,8.49,0.06033,0.006033,26.764280124664307
116,401227.3738420745,3391481.7927185036,zonal_sum,3223.6041831970215,24.79139247018341,0,0.0,external,0,2956.0,8.49,0.06033,0.006033,19.44800403722763
117,401227.3738420745,3391981.7927185036,zonal_sum,2654.040512084961,20.711390664397058,0,0.0,external,3,1877.0,5.39,0.05645,0.005645,14.982058690719604
118,401227.3738420745,3392481.7927185036,zonal_sum,3216.8153381347656,27.18965504531096,0,0.0,external,0,2956.0,8.49,0.06033,0.006033,19.407046934967042
119,401227.3738420745,3392981.7927185036,zonal_sum,2728.4573669433594,35.85266228094759,0,0.0,external,0,2956.0,8.49,0.06033,0.006033,16.46078329476929
120,401227.3738420745,3393481.7927185036,zonal_sum,4476.4272537231445,39.63718706663471,0,0.0,external,0,2956.0,8.49,0.06033,0.006033,27.006285621711733
121,401227.3738420745,3393981.7927185036,zonal_sum,5482.866477966309,41.95654947903276,2,8.0,external,4,8736.0,25.1,0.08655,0.008655,47.454209366798395
122,401227.3738420745,3394481.7927185036,zonal_sum,3191.9182000160217,47.50982211945563,6,24.0,external,4,8736.0,25.1,0.08655,0.008655,27.626052021138666
123,401227.3738420745,3394981.7927185036,zonal_sum,1731.61470079422,37.11856196003644,1,4.0,external,0,2956.0,8.49,0.06033,0.006033,10.44683148989153
124,401227.3738420745,3395481.7927185036,zonal_sum,2450.797315597534,32.241167241309036,0,0.0,external,0,2956.0,8.49,0.06033,0.006033,14.785660204999925
125,401227.3738420745,3395981.7927185036,zonal_sum,3621.0564041137695,19.060347714645324,0,0.0,external,3,1877.0,5.39,0.05645,0.005645,20.440863401222227
126,401227.3738420745,3396481.7927185036,zonal_sum,3675.0744800567627,16.47977663714978,0,0.0,external,3,1877.0,5.39,0.05645,0.005645,20.745795439920425
127,401227.3738420745,3396981.7927185036,zonal_sum,3616.011561393738,15.721088862181071,5,20.0,external,3,1877.0,5.39,0.05645,0.005645,20.412385264067648
128,401227.3738420745,3397481.7927185036,zonal_sum,1075.584413766861,13.366383103155442,1,4.0,external,3,1877.0,5.39,0.05645,0.005645,6.07167401571393
129,401227.3738420745,3397981.7927185036,zonal_sum,537.8965651988983,12.738034898124779,0,0.0,external,3,1877.0,5.39,0.05645,0.005645,3.0364261105477808
130,401227.3738420745,3398481.7927185036,zonal_sum,639.7860951423645,13.538948186172046,0,0.0,external,3,1877.0,5.39,0.05645,0.005645,3.6115925070786474
131,401227.3738420745,3398981.7927185036,zonal_sum,1206.6662766933441,15.903512190068506,0,0.0,external,3,1877.0,5.39,0.05645,0.005645,6.811631131933927
132,401227.3738420745,3399481.7927185036,zonal_sum,3879.170021057129,23.56000845342882,0,0.0,external,3,1877.0,5.39,0.05645,0.005645,21.89791476886749
133,401227.3738420745,3399981.7927185036,zonal_sum,5143.616058349609,32.67481882977146,0,0.0,external,0,2956.0,8.49,0.06033,0.006033,31.031435680023193
134,401227.3738420745,3400481.7927185036,zonal_sum,3392.424816131592,38.591044019237955,3,12.0,external,0,2956.0,8.49,0.06033,0.006033,20.466498915721893
135,401727.3738420745,3384981.7927185036,zonal_sum,2541.408127307892,21.543932142592972,1,4.0,external,3,1877.0,5.39,0.05645,0.005645,14.346248878653048
136,401727.3738420745,3385481.7927185036,zonal_sum,867.904355764389,20.58770705451805,0,0.0,external,3,1877.0,5.39,0.05645,0.005645,4.899320088289976
137,401727.3738420745,3385981.7927185036,zonal_sum,3889.1280193328857,33.517264441568386,0,0.0,external,0,2956.0,8.49,0.06033,0.006033,23.4631093406353
138,401727.3738420745,3386481.7927185036,zonal_sum,2536.002435684204,54.434198099922035,0,0.0,external,4,8736.0,25.1,0.08655,0.008655,21.949101080846784
139,401727.3738420745,3386981.7927185036,zonal_sum,3263.180070877075,52.5889861554343,0,0.0,external,4,8736.0,25.1,0.08655,0.008655,28.242823513441085
140,401727.3738420745,3387481.7927185036,zonal_sum,3489.6774559020996,38.33965766038121,0,0.0,external,0,2956.0,8.49,0.06033,0.006033,21.053224091457366
141,401727.3738420745,3387981.7927185036,zonal_sum,3125.8615531921387,30.458874684704796,0,0.0,external,0,2956.0,8.49,0.06033,0.006033,18.858322750408174
142,401727.3738420745,3388481.7927185036,zonal_sum,3455.088207244873,29.57990800307755,1,4.0,external,0,2956.0,8.49,0.06033,0.006033,20.84454715430832
143,401727.3738420745,3388981.7927185036,zonal_sum,3536.89591217041,40.25853148664516,3,12.0,external,0,2956.0,8.49,0.06033,0.006033,21.338093038124086
144,401727.3738420745,3389481.7927185036,zonal_sum,2686.884195327759,41.87443827964608,0,0.0,external,0,2956.0,8.49,0.06033,0.006033,16.209972350412368
145,401727.3738420745,3389981.7927185036,zonal_sum,4370.80122756958,40.100439957055706,1,4.0,external,0,2956.0,8.49,0.06033,0.006033,26.369043805927276
146,401727.3738420745,3390481.7927185036,zonal_sum,3620.320068359375,35.65133564765295,1,4.0,external,0,2956.0,8.49,0.06033,0.006033,21.84139097241211
147,401727.3738420745,3390981.7927185036,zonal_sum,4613.630683898926,32.893092312784404,0,0.0,external,0,2956.0,8.49,0.06033,0.006033,27.83403391596222
148,401727.3738420745,3391481.7927185036,zonal_sum,3340.5779037475586,27.44244680730325,0,0.0,external,0,2956.0,8.49,0.06033,0.006033,20.15370649330902
149,401727.3738420745,3391981.7927185036,zonal_sum,3219.1667289733887,24.671902038758095,0,0.0,external,0,2956.0,8.49,0.06033,0.006033,19.421232875896454
150,401727.3738420745,3392481.7927185036,zonal_sum,4074.649785041809,40.9448100807272,4,16.0,external,4,8736.0,25.1,0.08655,0.008655,35.266093889536855
151,401727.3738420745,3392981.7927185036,zonal_sum,3375.0475635528564,50.257857637228,0,0.0,external,4,8736.0,25.1,0.08655,0.008655,29.211036662549972
152,401727.3738420745,3393481.7927185036,zonal_sum,6569.4714012146,40.83794429910446,2,8.0,external,0,2956.0,8.49,0.06033,0.006033,39.63362096352768
153,401727.3738420745,3393981.7927185036,zonal_sum,4712.224880218506,42.0734653422764,1,4.0,external,4,8736.0,25.1,0.08655,0.008655,40.78430633829117
154,401727.3738420745,3394481.7927185036,zonal_sum,1590.671344280243,43.8484927684204,7,28.0,external,4,8736.0,25.1,0.08655,0.008655,13.767260484745501
155,401727.3738420745,3394981.7927185036,zonal_sum,4709.015275001526,33.45670995814348,37,148.0,external,2,5546.0,15.94,0.07085,0.007085,33.363373223385814
156,401727.3738420745,3395481.7927185036,zonal_sum,2154.1241478919983,32.98265899497672,3,12.0,external,0,2956.0,8.49,0.06033,0.006033,12.995830984232427
157,401727.3738420745,3395981.7927185036,zonal_sum,3979.8171310424805,27.96496336723588,0,0.0,external,0,2956.0,8.49,0.06033,0.006033,24.010236751579285
158,401727.3738420745,3396481.7927185036,zonal_sum,2314.2475748062134,22.217963942964243,0,0.0,external,3,1877.0,5.39,0.05645,0.005645,13.063927559781074
159,401727.3738420745,3396981.7927185036,zonal_sum,2070.3493242263794,19.005536207193817,0,0.0,external,3,1877.0,5.39,0.05645,0.005645,11.687121935257911
160,401727.3738420745,3397481.7927185036,zonal_sum,1408.594848871231,14.052901738482454,0,0.0,external,3,1877.0,5.39,0.05645,0.005645,7.951517921878099
161,401727.3738420745,3397981.7927185036,zonal_sum,1089.9754083156586,13.267044997068735,0,0.0,external,3,1877.0,5.39,0.05645,0.005645,6.152911179941892
162,401727.3738420745,3398481.7927185036,zonal_sum,692.9420132637024,15.67701082265599,0,0.0,external,3,1877.0,5.39,0.05645,0.005645,3.9116576648736
163,401727.3738420745,3398981.7927185036,zonal_sum,2628.1319618225098,20.444892616620045,1,4.0,external,3,1877.0,5.39,0.05645,0.005645,14.835804924488068
164,401727.3738420745,3399481.7927185036,zonal_sum,5437.11360168457,32.81692869594121,1,4.0,external,0,2956.0,8.49,0.06033,0.006033,32.802106358963016
165,401727.3738420745,3399981.7927185036,zonal_sum,4190.696826934814,35.71577969822342,1,4.0,external,0,2956.0,8.49,0.06033,0.006033,25.282473956897736
166,401727.3738420745,3400481.7927185036,zonal_sum,5729.103302001953,30.657746661954207,0,0.0,external,0,2956.0,8.49,0.06033,0.006033,34.56368022097779
167,402227.3738420745,3383481.7927185036,zonal_sum,5837.892021179199,26.255223469907115,19,76.0,external,1,4049.0,11.64,0.06455,0.006455,37.68359299671173
168,402227.3738420745,3383981.7927185036,zonal_sum,3775.400230407715,22.67717070764417,16,64.0,external,1,4049.0,11.64,0.06455,0.006455,24.370208487281797
169,402227.3738420745,3384481.7927185036,zonal_sum,2600.8113136291504,18.869600052477875,0,0.0,external,3,1877.0,5.39,0.05645,0.005645,14.681579865436554
170,402227.3738420745,3384981.7927185036,zonal_sum,449.947776556015,19.84195024721877,2,8.0,external,3,1877.0,5.39,0.05645,0.005645,2.5399551986587046
171,402227.3738420745,3385481.7927185036,zonal_sum,1268.4228330850601,30.661245963029877,3,12.0,external,0,2956.0,8.49,0.06033,0.006033,7.652394952002168
172,402227.3738420745,3385981.7927185036,zonal_sum,2286.6917419433594,52.716990883826654,0,0.0,external,4,8736.0,25.1,0.08655,0.008655,19.791317026519774
173,402227.3738420745,3386481.7927185036,zonal_sum,1918.7054424285889,56.661622687655786,1,4.0,external,4,8736.0,25.1,0.08655,0.008655,16.606395604219436
174,402227.3738420745,3386981.7927185036,zonal_sum,3223.8577308654785,43.82304214995065,0,0.0,external,4,8736.0,25.1,0.08655,0.008655,27.902488660640714
175,402227.3738420745,3387481.7927185036,zonal_sum,4934.162338256836,38.06450951185629,0,0.0,external,0,2956.0,8.49,0.06033,0.006033,29.767801386703493
176,402227.3738420745,3387981.7927185036,zonal_sum,3212.795322418213,47.08283911304685,0,0.0,external,4,8736.0,25.1,0.08655,0.008655,27.806743515529632
177,402227.3738420745,3388481.7927185036,zonal_sum,3285.273971557617,47.82763854314081,12,48.0,external,1,4049.0,11.64,0.06455,0.006455,21.206443486404417
178,402227.3738420745,3388981.7927185036,zonal_sum,3510.7993354797363,43.01219950783736,1,4.0,external,4,8736.0,25.1,0.08655,0.008655,30.385968248577115
179,402227.3738420745,3389481.7927185036,zonal_sum,2568.1513347625732,43.02393748523256,1,4.0,external,4,8736.0,25.1,0.08655,0.008655,22.22734980237007
180,402227.3738420745,3389981.7927185036,zonal_sum,4254.7656173706055,39.78593446105992,1,4.0,external,0,2956.0,8.49,0.06033,0.006033,25.669000969596862
181,402227.3738420745,3390481.7927185036,zonal_sum,5065.465225219727,31.321248107776167,0,0.0,external,0,2956.0,8.49,0.06033,0.006033,30.55995170375061
182,402227.3738420745,3390981.7927185036,zonal_sum,6135.286109924316,34.732819359130225,0,0.0,external,0,2956.0,8.49,0.06033,0.006033,37.0141811011734
183,402227.3738420745,3391481.7927185036,zonal_sum,4887.689918518066,36.960258322182774,0,0.0,external,0,2956.0,8.49,0.06033,0.006033,29.487433278419495
184,402227.3738420745,3391981.7927185036,zonal_sum,2620.006422996521,34.12000331850545,0,0.0,external,0,2956.0,8.49,0.06033,0.006033,15.806498749938012
185,402227.3738420745,3392481.7927185036,zonal_sum,3770.414185523987,48.69120147698934,1,4.0,external,4,8736.0,25.1,0.08655,0.008655,32.632934775710105
186,402227.3738420745,3392981.7927185036,zonal_sum,6437.915473937988,52.75204959211493,4,16.0,external,4,8736.0,25.1,0.08655,0.008655,55.72015842693329
187,402227.3738420745,3393481.7927185036,zonal_sum,7191.427932739258,37.217697905185325,3,12.0,external,0,2956.0,8.49,0.06033,0.006033,43.38588471821594
188,402227.3738420745,3393981.7927185036,zonal_sum,5273.096103668213,35.36583492371878,1,4.0,external,0,2956.0,8.49,0.06033,0.006033,31.81258879343033
189,402227.3738420745,3394481.7927185036,zonal_sum,1714.0237352848053,32.46192201758196,1,4.0,external,0,2956.0,8.49,0.06033,0.006033,10.34070519497323
190,402227.3738420745,3394981.7927185036,zonal_sum,2497.952411979437,30.196758091402316,7,28.0,external,1,4049.0,11.64,0.06455,0.006455,16.124282819327263
191,402227.3738420745,3395481.7927185036,zonal_sum,823.9089229106903,30.670753728547737,4,16.0,external,0,2956.0,8.49,0.06033,0.006033,4.970642531920195
192,402227.3738420745,3395981.7927185036,zonal_sum,1220.901399075985,28.05380838242836,1,4.0,external,0,2956.0,8.49,0.06033,0.006033,7.365698140625417
193,402227.3738420745,3396481.7927185036,zonal_sum,1547.4358744621277,23.935058409839183,0,0.0,external,0,2956.0,8.49,0.06033,0.006033,9.335680630630016
194,402227.3738420745,3396981.7927185036,zonal_sum,2565.595375061035,21.415736894282045,0,0.0,external,3,1877.0,5.39,0.05645,0.005645,14.482785892219542
195,402227.3738420745,3397481.7927185036,zonal_sum,2764.9296951293945,16.339316365289253,0,0.0,external,3,1877.0,5.39,0.05645,0.005645,15.608028129005431
196,402227.3738420745,3397981.7927185036,zonal_sum,2827.391326904297,16.04779832428176,0,0.0,external,3,1877.0,5.39,0.05645,0.005645,15.960624040374755
197,402227.3738420745,3398481.7927185036,zonal_sum,2933.2793350219727,22.36176970847846,0,0.0,external,3,1877.0,5.39,0.05645,0.005645,16.558361846199034
198,402227.3738420745,3398981.7927185036,zonal_sum,4350.241565704346,31.21130871466561,2,8.0,external,0,2956.0,8.49,0.06033,0.006033,26.245007365894317
199,402227.3738420745,3399481.7927185036,zonal_sum,4989.069591522217,37.708633271315435,1,4.0,external,0,2956.0,8.49,0.06033,0.006033,30.099056845653536
200,402227.3738420745,3399981.7927185036,zonal_sum,2901.048858642578,32.358703318936364,1,4.0,external,0,2956.0,8.49,0.06033,0.006033,17.502027764190675
201,402227.3738420745,3400481.7927185036,zonal_sum,5209.302007675171,25.38807922335837,0,0.0,external,0,2956.0,8.49,0.06033,0.006033,31.42771901230431
202,402227.3738420745,3400981.7927185036,zonal_sum,5681.477180480957,24.942145344641812,0,0.0,external,0,2956.0,8.49,0.06033,0.006033,34.276351829841616
203,402727.3738420745,3382481.7927185036,zonal_sum,6666.429008483887,31.367290526182302,6,24.0,external,1,4049.0,11.64,0.06455,0.006455,43.03179924976349
204,402727.3738420745,3382981.7927185036,zonal_sum,5742.964878082275,31.442157607328415,12,48.0,external,1,4049.0,11.64,0.06455,0.006455,37.070838288021086
205,402727.3738420745,3383481.7927185036,zonal_sum,6998.795692443848,27.407013793000267,9,36.0,external,1,4049.0,11.64,0.06455,0.006455,45.17722619472504
206,402727.3738420745,3383981.7927185036,zonal_sum,1766.8343976140022,22.516885779248774,1,4.0,external,3,1877.0,5.39,0.05645,0.005645,9.973780174531042
207,402727.3738420745,3384481.7927185036,zonal_sum,801.3005073070526,16.274292977449736,2,8.0,external,3,1877.0,5.39,0.05645,0.005645,4.523341363748312
208,402727.3738420745,3384981.7927185036,zonal_sum,1137.7129139900208,21.171202452931574,5,20.0,external,3,1877.0,5.39,0.05645,0.005645,6.422389399473667
209,402727.3738420745,3385481.7927185036,zonal_sum,3764.850315093994,34.309601926279356,2,8.0,external,0,2956.0,8.49,0.06033,0.006033,22.713341950962068
210,402727.3738420745,3385981.7927185036,zonal_sum,2836.303530931473,46.814753531921184,1,4.0,external,4,8736.0,25.1,0.08655,0.008655,24.548207060211894
211,402727.3738420745,3386481.7927185036,zonal_sum,4082.0347995758057,48.83939419986599,3,12.0,external,4,8736.0,25.1,0.08655,0.008655,35.3300111903286
212,402727.3738420745,3386981.7927185036,zonal_sum,4585.373353123665,44.17720255981573,0,0.0,external,4,8736.0,25.1,0.08655,0.008655,39.686406371285315
213,402727.3738420745,3387481.7927185036,zonal_sum,4945.45259475708,45.0971076962676,0,0.0,external,4,8736.0,25.1,0.08655,0.008655,42.80289220762253
214,402727.3738420745,3387981.7927185036,zonal_sum,3418.792957305908,52.103197618968395,0,0.0,external,4,8736.0,25.1,0.08655,0.008655,29.589653045482635
215,402727.3738420745,3388481.7927185036,zonal_sum,3932.190887451172,48.29131226020392,0,0.0,external,4,8736.0,25.1,0.08655,0.008655,34.03311213088989
216,402727.3738420745,3388981.7927185036,zonal_sum,5085.878372192383,43.72231254211531,0,0.0,external,4,8736.0,25.1,0.08655,0.008655,44.01827731132507
217,402727.3738420745,3389481.7927185036,zonal_sum,5317.2917404174805,37.982419355551265,0,0.0,external,0,2956.0,8.49,0.06033,0.006033,32.07922106993866
218,402727.3738420745,3389981.7927185036,zonal_sum,5002.8280029296875,36.73353436681115,0,0.0,external,0,2956.0,8.49,0.06033,0.006033,30.182061341674807
219,402727.3738420745,3390481.7927185036,zonal_sum,5819.311058044434,37.19258675603508,0,0.0,external,0,2956.0,8.49,0.06033,0.006033,35.10790361318207
220,402727.3738420745,3390981.7927185036,zonal_sum,3884.882843017578,43.14628648459166,0,0.0,external,4,8736.0,25.1,0.08655,0.008655,33.623661006317136
221,402727.3738420745,3391481.7927185036,zonal_sum,2936.545269012451,43.52959333502025,1,4.0,external,4,8736.0,25.1,0.08655,0.008655,25.415799303302762
222,402727.3738420745,3391981.7927185036,zonal_sum,3256.197389125824,43.05015938978199,0,0.0,external,4,8736.0,25.1,0.08655,0.008655,28.182388402884005
223,402727.3738420745,3392481.7927185036,zonal_sum,1403.2879623174667,39.600400229330766,0,0.0,external,0,2956.0,8.49,0.06033,0.006033,8.466036276661278
224,402727.3738420745,3392981.7927185036,zonal_sum,4023.343150138855,38.97258983627927,0,0.0,external,0,2956.0,8.49,0.06033,0.006033,24.272829224787714
225,402727.3738420745,3393481.7927185036,zonal_sum,5420.719384670258,40.70985273649913,4,16.0,external,4,8736.0,25.1,0.08655,0.008655,46.91632627432108
226,402727.3738420745,3393981.7927185036,zonal_sum,3513.2203545570374,44.54795001535809,1,4.0,external,4,8736.0,25.1,0.08655,0.008655,30.406922168691157
227,402727.3738420745,3394481.7927185036,zonal_sum,7739.543692231178,38.55128911583871,6,24.0,external,1,4049.0,11.64,0.06455,0.006455,49.958754533352256
228,402727.3738420745,3394981.7927185036,zonal_sum,4177.6219822615385,33.88649809397256,1,4.0,external,0,2956.0,8.49,0.06033,0.006033,25.203593418983864
229,402727.3738420745,3395481.7927185036,zonal_sum,3199.7859992980957,31.24890418921102,0,0.0,external,0,2956.0,8.49,0.06033,0.006033,19.304308933765412
230,402727.3738420745,3395981.7927185036,zonal_sum,2670.204393386841,26.26422452195508,5,20.0,external,0,2956.0,8.49,0.06033,0.006033,16.109343105302813
231,402727.3738420745,3396481.7927185036,zonal_sum,789.4532775878906,17.693798673547192,0,0.0,external,3,1877.0,5.39,0.05645,0.005645,4.456463751983643
232,402727.3738420745,3396981.7927185036,zonal_sum,1574.136646747589,15.720032304388305,0,0.0,external,3,1877.0,5.39,0.05645,0.005645,8.88600137089014
233,402727.3738420745,3397481.7927185036,zonal_sum,1061.2318494319916,19.09902230636097,1,4.0,external,3,1877.0,5.39,0.05645,0.005645,5.990653790043592
234,402727.3738420745,3397981.7927185036,zonal_sum,2923.744270324707,23.6390637253302,0,0.0,external,3,1877.0,5.39,0.05645,0.005645,16.50453640598297
235,402727.3738420745,3398481.7927185036,zonal_sum,3407.047134399414,27.81926633754251,3,12.0,external,0,2956.0,8.49,0.06033,0.006033,20.554715361831665
236,402727.3738420745,3398981.7927185036,zonal_sum,1860.096028327942,33.15013783190549,7,28.0,external,1,4049.0,11.64,0.06455,0.006455,12.006919862856865
237,402727.3738420745,3399481.7927185036,zonal_sum,2361.7298336029053,29.571527391755584,0,0.0,external,0,2956.0,8.49,0.06033,0.006033,14.248316086126328
238,402727.3738420745,3399981.7927185036,zonal_sum,980.629355430603,15.339084177931927,0,0.0,external,3,1877.0,5.39,0.05645,0.005645,5.535652711405754
239,402727.3738420745,3400481.7927185036,zonal_sum,4836.950099945068,15.227782306038039,0,0.0,external,3,1877.0,5.39,0.05645,0.005645,27.30458331418991
240,402727.3738420745,3400981.7927185036,zonal_sum,5152.4091720581055,24.212968875974802,0,0.0,external,0,2956.0,8.49,0.06033,0.006033,31.08448453502655
241,403227.3738420745,3380981.7927185036,zonal_sum,4166.4853229522705,29.151322901539295,6,24.0,external,1,4049.0,11.64,0.06455,0.006455,26.894662759656907
242,403227.3738420745,3381481.7927185036,zonal_sum,1074.0504040718079,27.01567887063531,1,4.0,external,0,2956.0,8.49,0.06033,0.006033,6.479746087765217
243,403227.3738420745,3381981.7927185036,zonal_sum,716.0439942479134,29.28544207167892,0,0.0,external,0,2956.0,8.49,0.06033,0.006033,4.319893417297662
244,403227.3738420745,3382481.7927185036,zonal_sum,7535.0164794921875,30.000014573280136,0,0.0,external,0,2956.0,8.49,0.06033,0.006033,45.458754420776366
245,403227.3738420745,3382981.7927185036,zonal_sum,5104.162147521973,32.81981419795241,2,8.0,external,0,2956.0,8.49,0.06033,0.006033,30.793410236000064
246,403227.3738420745,3383481.7927185036,zonal_sum,5739.328880310059,28.93384651616976,4,16.0,external,0,2956.0,8.49,0.06033,0.006033,34.62537113491059
247,403227.3738420745,3383981.7927185036,zonal_sum,1780.8907070159912,21.218179662120406,0,0.0,external,3,1877.0,5.39,0.05645,0.005645,10.05312804110527
248,403227.3738420745,3384481.7927185036,zonal_sum,536.1411771774292,17.43681288839252,0,0.0,external,3,1877.0,5.39,0.05645,0.005645,3.0265169451665876
249,403227.3738420745,3384981.7927185036,zonal_sum,2294.7494621276855,23.2228953664501,1,4.0,external,3,1877.0,5.39,0.05645,0.005645,12.953860713710785
250,403227.3738420745,3385481.7927185036,zonal_sum,4097.511367797852,30.42195225031875,5,20.0,external,0,2956.0,8.49,0.06033,0.006033,24.72028608192444
251,403227.3738420745,3385981.7927185036,zonal_sum,6797.201446533203,36.08612315572484,3,12.0,external,0,2956.0,8.49,0.06033,0.006033,41.00751632693481
252,403227.3738420745,3386481.7927185036,zonal_sum,6718.377899169922,38.00774108620101,2,8.0,external,0,2956.0,8.49,0.06033,0.006033,40.53197386569214
253,403227.3738420745,3386981.7927185036,zonal_sum,7452.4954833984375,33.830209007369675,0,0.0,external,0,2956.0,8.49,0.06033,0.006033,44.96090525134277
254,403227.3738420745,3387481.7927185036,zonal_sum,4522.486709594727,32.52918916597831,0,0.0,external,0,2956.0,8.49,0.06033,0.006033,27.284162318984986
255,403227.3738420745,3387981.7927185036,zonal_sum,1920.070791721344,38.835652081880006,0,0.0,external,0,2956.0,8.49,0.06033,0.006033,11.583787086454869
256,403227.3738420745,3388481.7927185036,zonal_sum,5751.640480041504,43.66791653800661,0,0.0,external,4,8736.0,25.1,0.08655,0.008655,49.780448354759216
257,403227.3738420745,3388981.7927185036,zonal_sum,3718.4620990753174,45.78295670918284,0,0.0,external,4,8736.0,25.1,0.08655,0.008655,32.18328946749687
258,403227.3738420745,3389481.7927185036,zonal_sum,4973.984298706055,46.10080114224576,0,0.0,external,4,8736.0,25.1,0.08655,0.008655,43.0498341053009
259,403227.3738420745,3389981.7927185036,zonal_sum,4408.218830108643,40.952745090213384,0,0.0,external,0,2956.0,8.49,0.06033,0.006033,26.594784202045442
260,403227.3738420745,3390481.7927185036,zonal_sum,4916.016342163086,45.056310113091584,0,0.0,external,4,8736.0,25.1,0.08655,0.008655,42.54812144142151
261,403227.3738420745,3390981.7927185036,zonal_sum,5715.708671569824,50.234410970505245,0,0.0,external,4,8736.0,25.1,0.08655,0.008655,49.469458552436826
262,403227.3738420745,3391481.7927185036,zonal_sum,4320.5592212677,41.01500987938807,0,0.0,external,0,2956.0,8.49,0.06033,0.006033,26.065933781908036
263,403227.3738420745,3391981.7927185036,zonal_sum,4218.753859877586,33.14919912649594,0,0.0,external,0,2956.0,8.49,0.06033,0.006033,25.45174203664148
264,403227.3738420745,3392481.7927185036,zonal_sum,2201.272116601467,33.57957017105091,0,0.0,external,0,2956.0,8.49,0.06033,0.006033,13.280274679456651
265,403227.3738420745,3392981.7927185036,zonal_sum,6008.16500377655,36.457775934288954,4,16.0,external,0,2956.0,8.49,0.06033,0.006033,36.24725946778393
266,403227.3738420745,3393481.7927185036,zonal_sum,8046.888286590576,38.27527896836394,5,20.0,external,0,2956.0,8.49,0.06033,0.006033,48.546877033000946
267,403227.3738420745,3393981.7927185036,zonal_sum,5083.046348571777,55.32061270310996,5,20.0,external,4,8736.0,25.1,0.08655,0.008655,43.99376614688873
268,403227.3738420745,3394481.7927185036,zonal_sum,3271.102638244629,51.41450220275755,0,0.0,external,4,8736.0,25.1,0.08655,0.008655,28.31139333400726
269,403227.3738420745,3394981.7927185036,zonal_sum,5255.195789337158,46.574783147339694,3,12.0,external,4,8736.0,25.1,0.08655,0.008655,45.483719556713105
270,403227.3738420745,3395481.7927185036,zonal_sum,6543.344646453857,37.54986782022587,5,20.0,external,0,2956.0,8.49,0.06033,0.006033,39.47599825205612
271,403227.3738420745,3395981.7927185036,zonal_sum,1805.0130424499512,27.58161317045218,2,8.0,external,0,2956.0,8.49,0.06033,0.006033,10.889643685100555
272,403227.3738420745,3396481.7927185036,zonal_sum,399.4678044319153,16.622036023987157,0,0.0,external,3,1877.0,5.39,0.05645,0.005645,2.2549957560181615
273,403227.3738420745,3396981.7927185036,zonal_sum,290.90073585510254,14.306406145559897,0,0.0,external,3,1877.0,5.39,0.05645,0.005645,1.6421346539020538
274,403227.3738420745,3397481.7927185036,zonal_sum,1316.2606739997864,21.026822777823064,0,0.0,external,3,1877.0,5.39,0.05645,0.005645,7.430291504728794
275,403227.3738420745,3397981.7927185036,zonal_sum,4646.405792236328,31.109333870233698,0,0.0,external,0,2956.0,8.49,0.06033,0.006033,28.031766144561768
276,403227.3738420745,3398481.7927185036,zonal_sum,2993.7199058532715,31.844643080529156,7,28.0,external,1,4049.0,11.64,0.06455,0.006455,19.324461992282867
277,403227.3738420745,3398981.7927185036,zonal_sum,2974.108238220215,24.399302524319225,1,4.0,external,0,2956.0,8.49,0.06033,0.006033,17.942795001182557
278,403227.3738420745,3399481.7927185036,zonal_sum,3084.1426525115967,18.793918712032198,0,0.0,external,3,1877.0,5.39,0.05645,0.005645,17.409985273427964
279,403227.3738420745,3399981.7927185036,zonal_sum,2967.7972621917725,15.605678803757886,0,0.0,external,3,1877.0,5.39,0.05645,0.005645,16.753215545072557
280,403227.3738420745,3400481.7927185036,zonal_sum,5940.770467758179,22.325244992135367,0,0.0,external,3,1877.0,5.39,0.05645,0.005645,33.535649290494916
281,403227.3738420745,3400981.7927185036,zonal_sum,2502.135152757168,29.38634683752439,0,0.0,external,0,2956.0,8.49,0.06033,0.006033,15.095381376583994
282,403227.3738420745,3401481.7927185036,zonal_sum,3524.386505126953,17.30899065449076,0,0.0,external,3,1877.0,5.39,0.05645,0.005645,19.89516182144165
283,403727.3738420745,3378481.7927185036,zonal_sum,319.19331312179565,9.936924229974997,0,0.0,external,3,1877.0,5.39,0.05645,0.005645,1.8018462525725365
284,403727.3738420745,3378981.7927185036,zonal_sum,777.5407387316227,11.375998705326253,0,0.0,external,3,1877.0,5.39,0.05645,0.005645,4.38921747014001
285,403727.3738420745,3379481.7927185036,zonal_sum,1283.749587714672,15.979812716565688,0,0.0,external,3,1877.0,5.39,0.05645,0.005645,7.246766422649324
286,403727.3738420745,3379981.7927185036,zonal_sum,2291.4203124046326,21.877006277010103,0,0.0,external,3,1877.0,5.39,0.05645,0.005645,12.935067663524151
287,403727.3738420745,3380481.7927185036,zonal_sum,2249.913742184639,27.05959827141924,0,0.0,external,0,2956.0,8.49,0.06033,0.006033,13.573729606599928
288,403727.3738420745,3380981.7927185036,zonal_sum,973.0959403514862,29.097618522688723,1,4.0,external,0,2956.0,8.49,0.06033,0.006033,5.8706878081405165
289,403727.3738420745,3381481.7927185036,zonal_sum,702.1605690829456,28.10483231648421,0,0.0,external,0,2956.0,8.49,0.06033,0.006033,4.236134713277411
290,403727.3738420745,3381981.7927185036,zonal_sum,2477.459196329117,29.513719615127002,0,0.0,external,0,2956.0,8.49,0.06033,0.006033,14.946511331453562
291,403727.3738420745,3382481.7927185036,zonal_sum,6825.858917236328,32.54425882594697,1,4.0,external,0,2956.0,8.49,0.06033,0.006033,41.18040684768677
292,403727.3738420745,3382981.7927185036,zonal_sum,5107.367832183838,35.077595204949695,0,0.0,external,0,2956.0,8.49,0.06033,0.006033,30.812750131565096
293,403727.3738420745,3383481.7927185036,zonal_sum,6329.8600997924805,30.713934404832965,6,24.0,external,1,4049.0,11.64,0.06455,0.006455,40.85924694416046
294,403727.3738420745,3383981.7927185036,zonal_sum,2642.602056503296,22.41801275399514,0,0.0,external,3,1877.0,5.39,0.05645,0.005645,14.917488608961104
295,403727.3738420745,3384481.7927185036,zonal_sum,1354.3937768936157,19.30496124637875,0,0.0,external,3,1877.0,5.39,0.05645,0.005645,7.645552870564461
296,403727.3738420745,3384981.7927185036,zonal_sum,3237.230224609375,20.414028042171623,0,0.0,external,3,1877.0,5.39,0.05645,0.005645,18.274164617919922
297,403727.3738420745,3385481.7927185036,zonal_sum,4478.013290405273,28.71131728683015,2,8.0,external,0,2956.0,8.49,0.06033,0.006033,27.015854181015015
298,403727.3738420745,3385981.7927185036,zonal_sum,5807.569034576416,31.759465792428784,0,0.0,external,0,2956.0,8.49,0.06033,0.006033,35.03706398559952
299,403727.3738420745,3386481.7927185036,zonal_sum,5241.938018798828,30.006873376122417,0,0.0,external,0,2956.0,8.49,0.06033,0.006033,31.62461206741333
300,403727.3738420745,3386981.7927185036,zonal_sum,4653.838134765625,26.755265104025945,0,0.0,external,0,2956.0,8.49,0.06033,0.006033,28.076605467041016
301,403727.3738420745,3387481.7927185036,zonal_sum,1640.0494985580444,27.75945851809816,0,0.0,external,0,2956.0,8.49,0.06033,0.006033,9.894418624800682
302,403727.3738420745,3387981.7927185036,zonal_sum,1772.1768426895142,33.44016919122373,0,0.0,external,0,2956.0,8.49,0.06033,0.006033,10.69154289194584
303,403727.3738420745,3388481.7927185036,zonal_sum,5576.686756134033,44.6479929769162,0,0.0,external,4,8736.0,25.1,0.08655,0.008655,48.26622387434006
304,403727.3738420745,3388981.7927185036,zonal_sum,6714.095184326172,52.557062982218625,0,0.0,external,4,8736.0,25.1,0.08655,0.008655,58.11049382034302
305,403727.3738420745,3389481.7927185036,zonal_sum,6172.875537872314,54.911426900526635,0,0.0,external,4,8736.0,25.1,0.08655,0.008655,53.42623778028488
306,403727.3738420745,3389981.7927185036,zonal_sum,5674.745414733887,41.47592332590672,0,0.0,external,0,2956.0,8.49,0.06033,0.006033,34.23573908708954
307,403727.3738420745,3390481.7927185036,zonal_sum,5326.671501159668,42.45774627406516,0,0.0,external,4,8736.0,25.1,0.08655,0.008655,46.10234184253692
308,403727.3738420745,3390981.7927185036,zonal_sum,4812.040111541748,42.47444016056979,0,0.0,external,4,8736.0,25.1,0.08655,0.008655,41.64820716539383
309,403727.3738420745,3391481.7927185036,zonal_sum,4746.828351974487,35.37977920228252,2,8.0,external,0,2956.0,8.49,0.06033,0.006033,28.637615447462082
310,403727.3738420745,3391981.7927185036,zonal_sum,4446.579558372498,28.68153104523554,1,4.0,external,0,2956.0,8.49,0.06033,0.006033,26.826214475661278
311,403727.3738420745,3392481.7927185036,zonal_sum,3366.4323172569275,28.96785231915254,2,8.0,external,0,2956.0,8.49,0.06033,0.006033,20.309686170011044
312,403727.3738420745,3392981.7927185036,zonal_sum,7094.302494049072,33.93750734034207,3,12.0,external,0,2956.0,8.49,0.06033,0.006033,42.799926946598056
313,403727.3738420745,3393481.7927185036,zonal_sum,6766.151817321777,36.238776410809955,9,36.0,external,1,4049.0,11.64,0.06455,0.006455,43.67550998081207
314,403727.3738420745,3393981.7927185036,zonal_sum,6816.513397216797,45.566777521981535,2,8.0,external,4,8736.0,25.1,0.08655,0.008655,58.996923452911375
315,403727.3738420745,3394481.7927185036,zonal_sum,8050.313217163086,48.789909654912655,7,28.0,external,4,8736.0,25.1,0.08655,0.008655,69.6754608945465
316,403727.3738420745,3394981.7927185036,zonal_sum,4859.387504577637,46.177962182219886,3,12.0,external,4,8736.0,25.1,0.08655,0.008655,42.05799885211945
317,403727.3738420745,3395481.7927185036,zonal_sum,4362.619607925415,41.016844003236606,0,0.0,external,0,2956.0,8.49,0.06033,0.006033,26.31968409461403
318,403727.3738420745,3395981.7927185036,zonal_sum,623.0477015972137,29.527610647852406,0,0.0,external,0,2956.0,8.49,0.06033,0.006033,3.7588467837359905
319,403727.3738420745,3396481.7927185036,zonal_sum,1200.938669681549,21.506710746628748,0,0.0,external,3,1877.0,5.39,0.05645,0.005645,6.779298790352344
320,403727.3738420745,3396981.7927185036,zonal_sum,1859.0974025726318,15.44506232503068,0,0.0,external,3,1877.0,5.39,0.05645,0.005645,10.494604837522507
321,403727.3738420745,3397481.7927185036,zonal_sum,3682.9435424804688,23.831279380351575,0,0.0,external,0,2956.0,8.49,0.06033,0.006033,22.21919839178467
322,403727.3738420745,3397981.7927185036,zonal_sum,5774.558010101318,33.723832213307105,1,4.0,external,0,2956.0,8.49,0.06033,0.006033,34.83790847494125
323,403727.3738420745,3398481.7927185036,zonal_sum,4477.161468505859,33.844236920659704,4,16.0,external,0,2956.0,8.49,0.06033,0.006033,27.01071513949585
324,403727.3738420745,3398981.7927185036,zonal_sum,3502.6904106140137,22.914151939933596,0,0.0,external,3,1877.0,5.39,0.05645,0.005645,19.772687367916106
325,403727.3738420745,3399481.7927185036,zonal_sum,2660.0881366729736,15.351638447222014,0,0.0,external,3,1877.0,5.39,0.05645,0.005645,15.016197531518936
326,403727.3738420745,3399981.7927185036,zonal_sum,1773.738130569458,14.791247335807858,0,0.0,external,3,1877.0,5.39,0.05645,0.005645,10.01275174706459
327,403727.3738420745,3400481.7927185036,zonal_sum,2847.57826423645,14.830951377049608,0,0.0,external,3,1877.0,5.39,0.05645,0.005645,16.07457930161476
328,403727.3738420745,3400981.7927185036,zonal_sum,4094.5011978149414,19.420102922136365,0,0.0,external,3,1877.0,5.39,0.05645,0.005645,23.113459261665344
329,403727.3738420745,3401481.7927185036,zonal_sum,5664.361251831055,11.768172876508656,0,0.0,external,3,1877.0,5.39,0.05645,0.005645,31.975319266586304
330,403727.3738420745,3401981.7927185036,zonal_sum,2470.1012058258057,10.865197345231284,0,0.0,external,3,1877.0,5.39,0.05645,0.005645,13.943721306886673
331,404227.3738420745,3375981.7927185036,zonal_sum,849.7950863838196,15.888874031002192,0,0.0,external,3,1877.0,5.39,0.05645,0.005645,4.797093262636661
332,404227.3738420745,3376481.7927185036,zonal_sum,1325.9973721504211,15.644897388745525,0,0.0,external,3,1877.0,5.39,0.05645,0.005645,7.485255165789127
333,404227.3738420745,3376981.7927185036,zonal_sum,1859.9235076904297,16.097832188678364,0,0.0,external,3,1877.0,5.39,0.05645,0.005645,10.499268200912475
334,404227.3738420745,3377481.7927185036,zonal_sum,895.8033308386803,14.275861409497978,0,0.0,external,3,1877.0,5.39,0.05645,0.005645,5.0568098025843495
335,404227.3738420745,3377981.7927185036,zonal_sum,186.85752968490124,10.214965054671438,0,0.0,external,3,1877.0,5.39,0.05645,0.005645,1.0548107550712675
336,404227.3738420745,3378481.7927185036,zonal_sum,1160.3647401332855,10.28855787991881,0,0.0,external,3,1877.0,5.39,0.05645,0.005645,6.550258958052397
337,404227.3738420745,3378981.7927185036,zonal_sum,235.45641107857227,12.293194303353092,0,0.0,external,3,1877.0,5.39,0.05645,0.005645,1.3291514405385405
338,404227.3738420745,3379481.7927185036,zonal_sum,2533.039493560791,15.898207301961573,0,0.0,external,3,1877.0,5.39,0.05645,0.005645,14.299007941150665
339,404227.3738420745,3379981.7927185036,zonal_sum,4574.692943572998,21.66495082282096,1,4.0,external,3,1877.0,5.39,0.05645,0.005645,25.824141666469572
340,404227.3738420745,3380481.7927185036,zonal_sum,3688.4815616607666,26.940039486813575,0,0.0,external,0,2956.0,8.49,0.06033,0.006033,22.252609261499405
341,404227.3738420745,3380981.7927185036,zonal_sum,1444.1545934677124,29.388177573327678,2,8.0,external,0,2956.0,8.49,0.06033,0.006033,8.712584662390709
342,404227.3738420745,3381481.7927185036,zonal_sum,2763.0204753875732,29.043615253985436,4,16.0,external,0,2956.0,8.49,0.06033,0.006033,16.66930252801323
343,404227.3738420745,3381981.7927185036,zonal_sum,4059.382595062256,30.33009952706711,1,4.0,external,0,2956.0,8.49,0.06033,0.006033,24.49025519601059
344,404227.3738420745,3382481.7927185036,zonal_sum,8970.846267700195,32.37891341161541,2,8.0,external,0,2956.0,8.49,0.06033,0.006033,54.12111553303528
345,404227.3738420745,3382981.7927185036,zonal_sum,4879.490898132324,34.71863072083201,6,24.0,external,1,4049.0,11.64,0.06455,0.006455,31.497113747444153
346,404227.3738420745,3383481.7927185036,zonal_sum,6578.891117095947,30.34045537534815,3,12.0,external,0,2956.0,8.49,0.06033,0.006033,39.69045010943985
347,404227.3738420745,3383981.7927185036,zonal_sum,3375.2539596557617,23.955692416636516,0,0.0,external,0,2956.0,8.49,0.06033,0.006033,20.362907138603212
348,404227.3738420745,3384481.7927185036,zonal_sum,2112.165172100067,23.708145057175848,0,0.0,external,3,1877.0,5.39,0.05645,0.005645,11.923172396504878
349,404227.3738420745,3384981.7927185036,zonal_sum,2363.0322761535645,22.959567616954637,0,0.0,external,3,1877.0,5.39,0.05645,0.005645,13.33931719888687
350,404227.3738420745,3385481.7927185036,zonal_sum,2777.658473968506,24.731486592052555,1,4.0,external,0,2956.0,8.49,0.06033,0.006033,16.757613573451998
351,404227.3738420745,3385981.7927185036,zonal_sum,4357.888801574707,27.628630016397956,0,0.0,external,0,2956.0,8.49,0.06033,0.006033,26.291143139900207
352,404227.3738420745,3386481.7927185036,zonal_sum,3267.4122257232666,30.124426114033984,0,0.0,external,0,2956.0,8.49,0.06033,0.006033,19.71229795778847
353,404227.3738420745,3386981.7927185036,zonal_sum,4816.08171081543,24.351823550225014,0,0.0,external,0,2956.0,8.49,0.06033,0.006033,29.055420961349487
354,404227.3738420745,3387481.7927185036,zonal_sum,2954.488006591797,32.15874127478421,1,4.0,external,0,2956.0,8.49,0.06033,0.006033,17.82442614376831
355,404227.3738420745,3387981.7927185036,zonal_sum,2888.3586235046387,33.275991050252195,0,0.0,external,0,2956.0,8.49,0.06033,0.006033,17.425467575603484
356,404227.3738420745,3388481.7927185036,zonal_sum,3025.6829347610474,46.99280153430793,0,0.0,external,4,8736.0,25.1,0.08655,0.008655,26.187285800356864
357,404227.3738420745,3388981.7927185036,zonal_sum,4932.254493713379,55.27113666713376,0,0.0,external,4,8736.0,25.1,0.08655,0.008655,42.688662643089295
358,404227.3738420745,3389481.7927185036,zonal_sum,6527.22696685791,53.40163528204935,0,0.0,external,4,8736.0,25.1,0.08655,0.008655,56.49314939815521
359,404227.3738420745,3389981.7927185036,zonal_sum,4298.886543273926,39.08369978379382,0,0.0,external,0,2956.0,8.49,0.06033,0.006033,25.935182515571594
360,404227.3738420745,3390481.7927185036,zonal_sum,6091.880935668945,36.278958691098275,5,20.0,external,0,2956.0,8.49,0.06033,0.006033,36.75231768489075
361,404227.3738420745,3390981.7927185036,zonal_sum,7091.705139160156,33.421390659779796,3,12.0,external,0,2956.0,8.49,0.06033,0.006033,42.78425710455323
362,404227.3738420745,3391481.7927185036,zonal_sum,6621.885269165039,34.37879889305766,0,0.0,external,0,2956.0,8.49,0.06033,0.006033,39.949833828872684
363,404227.3738420745,3391981.7927185036,zonal_sum,7356.203777313232,30.08094339374682,3,12.0,external,0,2956.0,8.49,0.06033,0.006033,44.37997738853073
364,404227.3738420745,3392481.7927185036,zonal_sum,4181.045363068581,28.063783867319785,4,16.0,external,0,2956.0,8.49,0.06033,0.006033,25.22424667539275
365,404227.3738420745,3392981.7927185036,zonal_sum,6982.315780639648,33.49348571855318,7,28.0,external,1,4049.0,11.64,0.06455,0.006455,45.070848364028926
366,404227.3738420745,3393481.7927185036,zonal_sum,5819.860771179199,40.179645455140005,6,24.0,external,1,4049.0,11.64,0.06455,0.006455,37.56720127796173
367,404227.3738420745,3393981.7927185036,zonal_sum,4769.961559295654,45.147688498743605,11,44.0,external,1,4049.0,11.64,0.06455,0.006455,30.790101865253447
368,404227.3738420745,3394481.7927185036,zonal_sum,8033.080520629883,38.361419636723156,5,20.0,external,0,2956.0,8.49,0.06033,0.006033,48.46357478096009
369,404227.3738420745,3394981.7927185036,zonal_sum,6350.847763061523,41.47627830798406,4,16.0,external,4,8736.0,25.1,0.08655,0.008655,54.96658738929748
370,404227.3738420745,3395481.7927185036,zonal_sum,4266.992699623108,39.51511312432727,5,20.0,external,0,2956.0,8.49,0.06033,0.006033,25.74276695682621
371,404227.3738420745,3395981.7927185036,zonal_sum,2344.4262084960938,32.80280032031013,1,4.0,external,0,2956.0,8.49,0.06033,0.006033,14.143923315856934
372,404227.3738420745,3396481.7927185036,zonal_sum,2186.6027755737305,32.45629436892615,0,0.0,external,0,2956.0,8.49,0.06033,0.006033,13.191774545036317
373,404227.3738420745,3396981.7927185036,zonal_sum,4610.4511795043945,34.15332130193582,0,0.0,external,0,2956.0,8.49,0.06033,0.006033,27.814851965950012
374,404227.3738420745,3397481.7927185036,zonal_sum,4211.573310852051,37.40104936845473,1,4.0,external,0,2956.0,8.49,0.06033,0.006033,25.40842178437042
375,404227.3738420745,3397981.7927185036,zonal_sum,4796.599033355713,36.59648298526085,1,4.0,external,0,2956.0,8.49,0.06033,0.006033,28.93788196823502
376,404227.3738420745,3398481.7927185036,zonal_sum,4106.295715332031,34.42843208000038,0,0.0,external,0,2956.0,8.49,0.06033,0.006033,24.773282050598144
377,404227.3738420745,3398981.7927185036,zonal_sum,4052.545738220215,20.483288885892833,0,0.0,external,3,1877.0,5.39,0.05645,0.005645,22.876620692253113
378,404227.3738420745,3399481.7927185036,zonal_sum,3110.3977127075195,16.609264825609024,1,4.0,external,3,1877.0,5.39,0.05645,0.005645,17.558195088233948
379,404227.3738420745,3399981.7927185036,zonal_sum,2486.72762298584,15.467640522343686,0,0.0,external,3,1877.0,5.39,0.05645,0.005645,14.037577431755066
380,404227.3738420745,3400481.7927185036,zonal_sum,2566.5721473693848,16.5446377317424,0,0.0,external,3,1877.0,5.39,0.05645,0.005645,14.488299771900177
381,404227.3738420745,3400981.7927185036,zonal_sum,3125.5331382751465,10.454147094722721,0,0.0,external,3,1877.0,5.39,0.05645,0.005645,17.6436345655632
382,404227.3738420745,3401481.7927185036,zonal_sum,3172.272075653076,8.215850015474954,0,0.0,external,3,1877.0,5.39,0.05645,0.005645,17.907475867061613
383,404227.3738420745,3401981.7927185036,zonal_sum,2510.413848876953,7.126846932004405,0,0.0,external,3,1877.0,5.39,0.05645,0.005645,14.1712861769104
384,404727.3738420745,3373981.7927185036,zonal_sum,678.1287460327148,34.052259247423855,0,0.0,external,0,2956.0,8.49,0.06033,0.006033,4.0911507248153685
385,404727.3738420745,3374481.7927185036,zonal_sum,270.84915113449097,34.68382631333995,0,0.0,external,0,2956.0,8.49,0.06033,0.006033,1.634032928794384
386,404727.3738420745,3374981.7927185036,zonal_sum,267.1615946292877,27.372764928200365,0,0.0,external,0,2956.0,8.49,0.06033,0.006033,1.611785900398493
387,404727.3738420745,3375481.7927185036,zonal_sum,280.6078164577484,19.71874394281442,0,0.0,external,3,1877.0,5.39,0.05645,0.005645,1.5840311239039897
388,404727.3738420745,3375981.7927185036,zonal_sum,562.4973709583282,17.273169446033044,0,0.0,external,3,1877.0,5.39,0.05645,0.005645,3.175297659059763
389,404727.3738420745,3376481.7927185036,zonal_sum,894.2912402153015,17.868105023567537,0,0.0,external,3,1877.0,5.39,0.05645,0.005645,5.048274051015377
390,404727.3738420745,3376981.7927185036,zonal_sum,1210.5694675445557,20.93215006770174,0,0.0,external,3,1877.0,5.39,0.05645,0.005645,6.8336646442890165
391,404727.3738420745,3377481.7927185036,zonal_sum,316.4884287118912,16.41519580378274,0,0.0,external,3,1877.0,5.39,0.05645,0.005645,1.7865771800786256
392,404727.3738420745,3377981.7927185036,zonal_sum,158.51758930832148,10.763597365067657,0,0.0,external,3,1877.0,5.39,0.05645,0.005645,0.8948317916454747
393,404727.3738420745,3378481.7927185036,zonal_sum,765.5080635920167,10.55569550021759,0,0.0,external,3,1877.0,5.39,0.05645,0.005645,4.3212930189769345
394,404727.3738420745,3378981.7927185036,zonal_sum,892.6941632628441,11.45115398092336,0,0.0,external,3,1877.0,5.39,0.05645,0.005645,5.0392585516187545
395,404727.3738420745,3379481.7927185036,zonal_sum,1335.2092418670654,13.509213424783185,0,0.0,external,3,1877.0,5.39,0.05645,0.005645,7.537256170339584
396,404727.3738420745,3379981.7927185036,zonal_sum,4474.905193328857,19.303212798925944,0,0.0,external,3,1877.0,5.39,0.05645,0.005645,25.2608398163414
397,404727.3738420745,3380481.7927185036,zonal_sum,4131.980823516846,24.36712268051643,2,8.0,external,0,2956.0,8.49,0.06033,0.006033,24.928240308277132
398,404727.3738420745,3380981.7927185036,zonal_sum,1846.2468814849854,27.7501256625633,0,0.0,external,0,2956.0,8.49,0.06033,0.006033,11.138407435998918
399,404727.3738420745,3381481.7927185036,zonal_sum,1639.33620595932,30.70120239708206,0,0.0,external,0,2956.0,8.49,0.06033,0.006033,9.890115330552579
400,404727.3738420745,3381981.7927185036,zonal_sum,2465.380699157715,30.608391351652564,0,0.0,external,0,2956.0,8.49,0.06033,0.006033,14.873641758018493
401,404727.3738420745,3382481.7927185036,zonal_sum,3710.1161880493164,35.92443923951687,1,4.0,external,0,2956.0,8.49,0.06033,0.006033,22.383130962501525
402,404727.3738420745,3382981.7927185036,zonal_sum,3986.187816619873,35.623738861831,0,0.0,external,0,2956.0,8.49,0.06033,0.006033,24.048671097667693
403,404727.3738420745,3383481.7927185036,zonal_sum,5710.531661987305,30.93537932621634,0,0.0,external,0,2956.0,8.49,0.06033,0.006033,34.45163751676941
404,404727.3738420745,3383981.7927185036,zonal_sum,4209.474895477295,23.01222338405111,0,0.0,external,3,1877.0,5.39,0.05645,0.005645,23.76248578496933
405,404727.3738420745,3384481.7927185036,zonal_sum,1919.398009300232,26.09153812483224,1,4.0,external,0,2956.0,8.49,0.06033,0.006033,11.5797281901083
406,404727.3738420745,3384981.7927185036,zonal_sum,2919.6497955322266,23.607941122481623,0,0.0,external,3,1877.0,5.39,0.05645,0.005645,16.48142309577942
407,404727.3738420745,3385481.7927185036,zonal_sum,2637.7446336746216,17.489712672388833,0,0.0,external,3,1877.0,5.39,0.05645,0.005645,14.89006845709324
408,404727.3738420745,3385981.7927185036,zonal_sum,3959.125862121582,18.69866462094809,0,0.0,external,3,1877.0,5.39,0.05645,0.005645,22.34926549167633
409,404727.3738420745,3386481.7927185036,zonal_sum,3052.6167335510254,24.15430475967472,0,0.0,external,0,2956.0,8.49,0.06033,0.006033,18.416436753513338
410,404727.3738420745,3386981.7927185036,zonal_sum,2977.1794204711914,27.84456157771363,0,0.0,external,0,2956.0,8.49,0.06033,0.006033,17.9613234437027
411,404727.3738420745,3387481.7927185036,zonal_sum,2738.28892326355,32.27107351108396,6,24.0,external,1,4049.0,11.64,0.06455,0.006455,17.675654999666214
412,404727.3738420745,3387981.7927185036,zonal_sum,2520.7489585876465,31.903965880863176,1,4.0,external,0,2956.0,8.49,0.06033,0.006033,15.20767846715927
413,404727.3738420745,3388481.7927185036,zonal_sum,3901.11372756958,46.225313276552164,4,16.0,external,4,8736.0,25.1,0.08655,0.008655,33.764139312114715
414,404727.3738420745,3388981.7927185036,zonal_sum,3844.785877227783,50.76741569565556,0,0.0,external,4,8736.0,25.1,0.08655,0.008655,33.27662176740646
415,404727.3738420745,3389481.7927185036,zonal_sum,5757.33544921875,45.015146374462155,0,0.0,external,4,8736.0,25.1,0.08655,0.008655,49.829738312988276
416,404727.3738420745,3389981.7927185036,zonal_sum,5087.553443908691,37.8715738495469,3,12.0,external,0,2956.0,8.49,0.06033,0.006033,30.693209927101137
417,404727.3738420745,3390481.7927185036,zonal_sum,6639.587585449219,33.54288980663549,0,0.0,external,0,2956.0,8.49,0.06033,0.006033,40.05663190301514
418,404727.3738420745,3390981.7927185036,zonal_sum,5256.004398345947,33.75278380492008,3,12.0,external,0,2956.0,8.49,0.06033,0.006033,31.7094745352211
419,404727.3738420745,3391481.7927185036,zonal_sum,5723.475433349609,38.33561251345916,3,12.0,external,0,2956.0,8.49,0.06033,0.006033,34.529727289398195
420,404727.3738420745,3391981.7927185036,zonal_sum,4513.502468585968,33.712768869922776,0,0.0,external,0,2956.0,8.49,0.06033,0.006033,27.229960392979145
421,404727.3738420745,3392481.7927185036,zonal_sum,4070.372880458832,31.954913048121472,1,4.0,external,0,2956.0,8.49,0.06033,0.006033,24.55655958780813
422,404727.3738420745,3392981.7927185036,zonal_sum,9246.158294677734,34.62591867849101,8,32.0,external,1,4049.0,11.64,0.06455,0.006455,59.683951792144775
423,404727.3738420745,3393481.7927185036,zonal_sum,6917.211452484131,38.67402257032825,0,0.0,external,0,2956.0,8.49,0.06033,0.006033,41.73153669283676
424,404727.3738420745,3393981.7927185036,zonal_sum,6476.588949203491,43.75325618109044,3,12.0,external,4,8736.0,25.1,0.08655,0.008655,56.05487735535621
425,404727.3738420745,3394481.7927185036,zonal_sum,8983.940963745117,38.173726751367795,11,44.0,external,1,4049.0,11.64,0.06455,0.006455,57.99133892097473
426,404727.3738420745,3394981.7927185036,zonal_sum,6472.855514526367,29.4156249351265,5,20.0,external,0,2956.0,8.49,0.06033,0.006033,39.050737319137575
427,404727.3738420745,3395481.7927185036,zonal_sum,5521.221567153931,27.05163350113473,0,0.0,external,0,2956.0,8.49,0.06033,0.006033,33.309529714639666
428,404727.3738420745,3395981.7927185036,zonal_sum,4938.186347961426,28.83661185271178,0,0.0,external,0,2956.0,8.49,0.06033,0.006033,29.792078237251282
429,404727.3738420745,3396481.7927185036,zonal_sum,4799.498344421387,34.89076949640344,4,16.0,external,0,2956.0,8.49,0.06033,0.006033,28.955373511894226
430,404727.3738420745,3396981.7927185036,zonal_sum,3983.2878637313843,42.00370390391155,0,0.0,external,4,8736.0,25.1,0.08655,0.008655,34.47535646059513
431,404727.3738420745,3397481.7927185036,zonal_sum,4779.505500793457,44.82500258224956,0,0.0,external,4,8736.0,25.1,0.08655,0.008655,41.36662010936737
432,404727.3738420745,3397981.7927185036,zonal_sum,5661.747589111328,31.668662457387004,0,0.0,external,0,2956.0,8.49,0.06033,0.006033,34.157323205108646
433,404727.3738420745,3398481.7927185036,zonal_sum,5227.223655700684,20.366791268418428,0,0.0,external,3,1877.0,5.39,0.05645,0.005645,29.507677536430357
434,404727.3738420745,3398981.7927185036,zonal_sum,4357.112339019775,19.503639477078423,0,0.0,external,3,1877.0,5.39,0.05645,0.005645,24.59589915376663
435,404727.3738420745,3399481.7927185036,zonal_sum,2401.610549926758,19.410829178843404,2,8.0,external,3,1877.0,5.39,0.05645,0.005645,13.557091554336548
436,404727.3738420745,3399981.7927185036,zonal_sum,918.3560321331024,15.319170885115389,0,0.0,external,3,1877.0,5.39,0.05645,0.005645,5.184119801391363
437,404727.3738420745,3400481.7927185036,zonal_sum,2323.5211143493652,13.865905975339887,0,0.0,external,3,1877.0,5.39,0.05645,0.005645,13.116276690502167
438,404727.3738420745,3400981.7927185036,zonal_sum,2838.1756019592285,11.967892313205379,0,0.0,external,3,1877.0,5.39,0.05645,0.005645,16.021501273059844
439,404727.3738420745,3401481.7927185036,zonal_sum,2954.9423027038574,9.990256461251375,0,0.0,external,3,1877.0,5.39,0.05645,0.005645,16.680649298763274
440,404727.3738420745,3401981.7927185036,zonal_sum,3009.263334274292,10.648540301928527,0,0.0,external,3,1877.0,5.39,0.05645,0.005645,16.987291521978378
441,404727.3738420745,3402481.7927185036,zonal_sum,3365.727123260498,11.036036728914693,0,0.0,external,3,1877.0,5.39,0.05645,0.005645,18.99952961080551
442,405227.3738420745,3372481.7927185036,zonal_sum,178.29648982733488,17.420783958393578,0,0.0,external,3,1877.0,5.39,0.05645,0.005645,1.0064836850753054
443,405227.3738420745,3372981.7927185036,zonal_sum,171.22883685678244,22.429023276996364,0,0.0,external,3,1877.0,5.39,0.05645,0.005645,0.9665867840565369
444,405227.3738420745,3373481.7927185036,zonal_sum,198.55224984884262,30.00982678602655,0,0.0,external,0,2956.0,8.49,0.06033,0.006033,1.1978657233380676
445,405227.3738420745,3373981.7927185036,zonal_sum,616.3338796496391,37.87199282843628,0,0.0,external,0,2956.0,8.49,0.06033,0.006033,3.718342295926273
446,405227.3738420745,3374481.7927185036,zonal_sum,1083.4047269821167,38.407293294891616,0,0.0,external,0,2956.0,8.49,0.06033,0.006033,6.53618071788311
447,405227.3738420745,3374981.7927185036,zonal_sum,525.4071931838989,26.46018863674097,0,0.0,external,0,2956.0,8.49,0.06033,0.006033,3.169781596478462
448,405227.3738420745,3375481.7927185036,zonal_sum,527.5888953208923,19.24423040438896,0,0.0,external,3,1877.0,5.39,0.05645,0.005645,2.978239314086437
449,405227.3738420745,3375981.7927185036,zonal_sum,329.8248403072357,16.514229502175496,0,0.0,external,3,1877.0,5.39,0.05645,0.005645,1.8618612235343455
450,405227.3738420745,3376481.7927185036,zonal_sum,1833.3096179962158,20.878812113550705,0,0.0,external,3,1877.0,5.39,0.05645,0.005645,10.349032793588638
451,405227.3738420745,3376981.7927185036,zonal_sum,1180.0868883132935,25.432704467179196,0,0.0,external,0,2956.0,8.49,0.06033,0.006033,7.1194641971941
452,405227.3738420745,3377481.7927185036,zonal_sum,535.7848680019379,20.685836823602497,0,0.0,external,3,1877.0,5.39,0.05645,0.005645,3.0245055798709393
453,405227.3738420745,3377981.7927185036,zonal_sum,286.40123641490936,14.248863514561089,0,0.0,external,3,1877.0,5.39,0.05645,0.005645,1.6167349795621633
454,405227.3738420745,3378481.7927185036,zonal_sum,205.61930084228516,12.359861032098536,0,0.0,external,3,1877.0,5.39,0.05645,0.005645,1.1607209532546996
455,405227.3738420745,3378981.7927185036,zonal_sum,226.4086787700653,12.31856544372895,0,0.0,external,3,1877.0,5.39,0.05645,0.005645,1.2780769916570187
456,405227.3738420745,3379481.7927185036,zonal_sum,1186.08056640625,12.771868153321744,0,0.0,external,3,1877.0,5.39,0.05645,0.005645,6.695424797363281
457,405227.3738420745,3379981.7927185036,zonal_sum,2448.001174926758,15.97927626412232,0,0.0,external,3,1877.0,5.39,0.05645,0.005645,13.818966632461548
458,405227.3738420745,3380481.7927185036,zonal_sum,3351.3154439926147,20.11065626127829,0,0.0,external,3,1877.0,5.39,0.05645,0.005645,18.918175681338308
459,405227.3738420745,3380981.7927185036,zonal_sum,2810.277307510376,25.138475913877617,0,0.0,external,0,2956.0,8.49,0.06033,0.006033,16.9544029962101
460,405227.3738420745,3381481.7927185036,zonal_sum,1463.8857507705688,34.19562155200261,0,0.0,external,0,2956.0,8.49,0.06033,0.006033,8.831622734398842
461,405227.3738420745,3381981.7927185036,zonal_sum,2579.349916934967,33.9270015221649,0,0.0,external,0,2956.0,8.49,0.06033,0.006033,15.561218048868657
462,405227.3738420745,3382481.7927185036,zonal_sum,2911.2961654663086,33.66756151860912,0,0.0,external,0,2956.0,8.49,0.06033,0.006033,17.56384976625824
463,405227.3738420745,3382981.7927185036,zonal_sum,2963.8272666931152,36.44314387172309,0,0.0,external,0,2956.0,8.49,0.06033,0.006033,17.880769899959564
464,405227.3738420745,3383481.7927185036,zonal_sum,3811.096781730652,35.75573240419605,1,4.0,external,0,2956.0,8.49,0.06033,0.006033,22.992346884181025
465,405227.3738420745,3383981.7927185036,zonal_sum,2349.063904799521,25.01142887717206,0,0.0,external,0,2956.0,8.49,0.06033,0.006033,14.17190253765551
466,405227.3738420745,3384481.7927185036,zonal_sum,1458.3529148101807,25.071378046207673,0,0.0,external,0,2956.0,8.49,0.06033,0.006033,8.79824313504982
467,405227.3738420745,3384981.7927185036,zonal_sum,2027.6863775253296,18.895425024283362,2,8.0,external,3,1877.0,5.39,0.05645,0.005645,11.446289601130486
468,405227.3738420745,3385481.7927185036,zonal_sum,1126.8052718639374,11.324145059286318,0,0.0,external,3,1877.0,5.39,0.05645,0.005645,6.360815759671926
469,405227.3738420745,3385981.7927185036,zonal_sum,1605.8904931545258,11.9333184335091,1,4.0,external,3,1877.0,5.39,0.05645,0.005645,9.065251833857298
470,405227.3738420745,3386481.7927185036,zonal_sum,1145.7791584283113,17.463262114400713,0,0.0,external,3,1877.0,5.39,0.05645,0.005645,6.467923349327817
471,405227.3738420745,3386981.7927185036,zonal_sum,1563.972668647766,22.703602644445038,1,4.0,external,3,1877.0,5.39,0.05645,0.005645,8.82862571451664
472,405227.3738420745,3387481.7927185036,zonal_sum,1996.1083574295044,34.02034976123216,15,60.0,external,1,4049.0,11.64,0.06455,0.006455,12.884879447207451
473,405227.3738420745,3387981.7927185036,zonal_sum,2472.4832286834717,37.07482752451027,10,40.0,external,1,4049.0,11.64,0.06455,0.006455,15.959879241151809
474,405227.3738420745,3388481.7927185036,zonal_sum,3295.9355697631836,40.68989077957036,2,8.0,external,0,2956.0,8.49,0.06033,0.006033,19.884379292381286
475,405227.3738420745,3388981.7927185036,zonal_sum,4066.395839691162,43.84807008629428,4,16.0,external,4,8736.0,25.1,0.08655,0.008655,35.194655992527004
476,405227.3738420745,3389481.7927185036,zonal_sum,5259.989646911621,43.30716261906525,2,8.0,external,4,8736.0,25.1,0.08655,0.008655,45.52521039402008
477,405227.3738420745,3389981.7927185036,zonal_sum,5353.159240722656,40.86231154745891,3,12.0,external,4,8736.0,25.1,0.08655,0.008655,46.33159322845459
478,405227.3738420745,3390481.7927185036,zonal_sum,7023.647239685059,36.718889569018984,0,0.0,external,0,2956.0,8.49,0.06033,0.006033,42.37366379701996
479,405227.3738420745,3390981.7927185036,zonal_sum,6573.027542114258,35.73598407499736,2,8.0,external,0,2956.0,8.49,0.06033,0.006033,39.65507516157532
480,405227.3738420745,3391481.7927185036,zonal_sum,6171.220031738281,36.40814219064321,4,16.0,external,0,2956.0,8.49,0.06033,0.006033,37.23097045147705
481,405227.3738420745,3391981.7927185036,zonal_sum,4462.368733406067,31.617687520146397,1,4.0,external,0,2956.0,8.49,0.06033,0.006033,26.921470568638803
482,405227.3738420745,3392481.7927185036,zonal_sum,5997.49887752533,34.72290140472581,1,4.0,external,0,2956.0,8.49,0.06033,0.006033,36.182910728110315
483,405227.3738420745,3392981.7927185036,zonal_sum,7170.066047668457,37.89278344109223,4,16.0,external,0,2956.0,8.49,0.06033,0.006033,43.2570084655838
484,405227.3738420745,3393481.7927185036,zonal_sum,5093.216400146484,36.33611236553598,2,8.0,external,0,2956.0,8.49,0.06033,0.006033,30.72737454208374
485,405227.3738420745,3393981.7927185036,zonal_sum,5987.23991394043,39.84239640082845,7,28.0,external,1,4049.0,11.64,0.06455,0.006455,38.647633644485474
486,405227.3738420745,3394481.7927185036,zonal_sum,6964.369087219238,36.3117577559662,6,24.0,external,1,4049.0,11.64,0.06455,0.006455,44.95500245800018
487,405227.3738420745,3394981.7927185036,zonal_sum,2369.25728225708,28.122823397637994,2,8.0,external,0,2956.0,8.49,0.06033,0.006033,14.293729183856964
488,405227.3738420745,3395481.7927185036,zonal_sum,6433.078876495361,26.49376400032206,4,16.0,external,0,2956.0,8.49,0.06033,0.006033,38.810764861896516
489,405227.3738420745,3395981.7927185036,zonal_sum,7073.087860107422,31.862210081176297,1,4.0,external,0,2956.0,8.49,0.06033,0.006033,42.67193906002808
490,405227.3738420745,3396481.7927185036,zonal_sum,7651.196678161621,36.06215938733444,14,56.0,external,1,4049.0,11.64,0.06455,0.006455,49.388474557533264
491,405227.3738420745,3396981.7927185036,zonal_sum,5119.963813781738,35.93628399871739,1,4.0,external,0,2956.0,8.49,0.06033,0.006033,30.888741688545228
492,405227.3738420745,3397481.7927185036,zonal_sum,3517.274953842163,35.59738174526303,2,8.0,external,0,2956.0,8.49,0.06033,0.006033,21.21971979652977
493,405227.3738420745,3397981.7927185036,zonal_sum,7424.5086669921875,29.45076624023166,11,44.0,external,1,4049.0,11.64,0.06455,0.006455,47.92520344543457
494,405227.3738420745,3398481.7927185036,zonal_sum,3131.7736167907715,24.412505291717807,3,12.0,external,0,2956.0,8.49,0.06033,0.006033,18.893990230098726
495,405227.3738420745,3398981.7927185036,zonal_sum,3500.8972244262695,21.276486060549704,1,4.0,external,3,1877.0,5.39,0.05645,0.005645,19.76256483188629
496,405227.3738420745,3399481.7927185036,zonal_sum,1438.3813650608063,17.90311878333086,0,0.0,external,3,1877.0,5.39,0.05645,0.005645,8.119662805768252
497,405227.3738420745,3399981.7927185036,zonal_sum,1140.1786270141602,13.74080300860788,0,0.0,external,3,1877.0,5.39,0.05645,0.005645,6.436308349494934
498,405227.3738420745,3400481.7927185036,zonal_sum,4351.475204467773,13.444046356285547,0,0.0,external,3,1877.0,5.39,0.05645,0.005645,24.56407752922058
499,405227.3738420745,3400981.7927185036,zonal_sum,3410.3174057006836,12.893517130442836,0,0.0,external,3,1877.0,5.39,0.05645,0.005645,19.25124175518036
500,405227.3738420745,3401481.7927185036,zonal_sum,2538.019313812256,10.792050810357132,0,0.0,external,3,1877.0,5.39,0.05645,0.005645,14.327119026470184
501,405227.3738420745,3401981.7927185036,zonal_sum,2231.5683727264404,9.888121014494264,0,0.0,external,3,1877.0,5.39,0.05645,0.005645,12.597203464040756
502,405227.3738420745,3402481.7927185036,zonal_sum,1290.582389831543,8.33086061348544,0,0.0,external,3,1877.0,5.39,0.05645,0.005645,7.28533759059906
503,405727.3738420745,3370981.7927185036,zonal_sum,61.4025514125824,16.18495307121605,0,0.0,external,3,1877.0,5.39,0.05645,0.005645,0.34661740272402763
504,405727.3738420745,3371481.7927185036,zonal_sum,96.60242081433535,15.155344012346585,0,0.0,external,3,1877.0,5.39,0.05645,0.005645,0.545320665496923
505,405727.3738420745,3371981.7927185036,zonal_sum,64.74437260255218,13.506645580141141,0,0.0,external,3,1877.0,5.39,0.05645,0.005645,0.365481983341407
506,405727.3738420745,3372481.7927185036,zonal_sum,192.60816314816475,15.079981194099323,0,0.0,external,3,1877.0,5.39,0.05645,0.005645,1.08727308097139
507,405727.3738420745,3372981.7927185036,zonal_sum,257.3387600183487,21.781494494128037,0,0.0,external,3,1877.0,5.39,0.05645,0.005645,1.4526773003035784
508,405727.3738420745,3373481.7927185036,zonal_sum,1468.6122562885284,29.424602364947386,0,0.0,external,0,2956.0,8.49,0.06033,0.006033,8.860137742188693
509,405727.3738420745,3373981.7927185036,zonal_sum,2472.6340408325195,35.36272629487644,0,0.0,external,0,2956.0,8.49,0.06033,0.006033,14.917401168342591
510,405727.3738420745,3374481.7927185036,zonal_sum,1728.736671447754,31.410656971960254,0,0.0,external,0,2956.0,8.49,0.06033,0.006033,10.4294683388443
511,405727.3738420745,3374981.7927185036,zonal_sum,848.968316078186,23.004322258786033,0,0.0,external,3,1877.0,5.39,0.05645,0.005645,4.79242614426136
512,405727.3738420745,3375481.7927185036,zonal_sum,754.1995062828064,19.370590204565836,0,0.0,external,3,1877.0,5.39,0.05645,0.005645,4.257456212966442
513,405727.3738420745,3375981.7927185036,zonal_sum,1765.4855692386627,17.348404131682578,0,0.0,external,3,1877.0,5.39,0.05645,0.005645,9.96616603835225
514,405727.3738420745,3376481.7927185036,zonal_sum,237.47744326293468,20.22429546085524,0,0.0,external,3,1877.0,5.39,0.05645,0.005645,1.3405601672192662
515,405727.3738420745,3376981.7927185036,zonal_sum,269.1820410192013,24.716939394941104,0,0.0,external,0,2956.0,8.49,0.06033,0.006033,1.6239752534688414
516,405727.3738420745,3377481.7927185036,zonal_sum,613.881337761879,19.44056031924245,0,0.0,external,3,1877.0,5.39,0.05645,0.005645,3.4653601516658066
517,405727.3738420745,3377981.7927185036,zonal_sum,457.4147536382079,15.677002534414582,0,0.0,external,3,1877.0,5.39,0.05645,0.005645,2.5821062842876836
518,405727.3738420745,3378481.7927185036,zonal_sum,279.13089069724083,14.65637051700701,0,0.0,external,3,1877.0,5.39,0.05645,0.005645,1.5756938779859244
519,405727.3738420745,3378981.7927185036,zonal_sum,736.3754621744156,14.024965777149784,0,0.0,external,3,1877.0,5.39,0.05645,0.005645,4.156839483974576
520,405727.3738420745,3379481.7927185036,zonal_sum,2122.495198249817,14.488136721138488,0,0.0,external,3,1877.0,5.39,0.05645,0.005645,11.981485394120217
521,405727.3738420745,3379981.7927185036,zonal_sum,2188.7456436157227,15.241445386179747,0,0.0,external,3,1877.0,5.39,0.05645,0.005645,12.355469158210754
522,405727.3738420745,3380481.7927185036,zonal_sum,2187.419912815094,18.09839373556214,0,0.0,external,3,1877.0,5.39,0.05645,0.005645,12.347985407841206
523,405727.3738420745,3380981.7927185036,zonal_sum,4043.192409515381,20.637004407552755,0,0.0,external,3,1877.0,5.39,0.05645,0.005645,22.823821151714323
524,405727.3738420745,3381481.7927185036,zonal_sum,3655.6178970336914,31.894250832895946,1,4.0,external,0,2956.0,8.49,0.06033,0.006033,22.05434277280426
525,405727.3738420745,3381981.7927185036,zonal_sum,3108.185211658478,39.32374195828473,5,20.0,external,0,2956.0,8.49,0.06033,0.006033,18.751681381935597
526,405727.3738420745,3382481.7927185036,zonal_sum,2244.213988304138,32.973187864419444,0,0.0,external,0,2956.0,8.49,0.06033,0.006033,13.539342991438867
527,405727.3738420745,3382981.7927185036,zonal_sum,3044.1664428710938,34.755920900782975,0,0.0,external,0,2956.0,8.49,0.06033,0.006033,18.365456149841307
528,405727.3738420745,3383481.7927185036,zonal_sum,2085.47026014328,32.287623246764696,0,0.0,external,0,2956.0,8.49,0.06033,0.006033,12.581642079444409
529,405727.3738420745,3383981.7927185036,zonal_sum,959.5866150856018,30.094999187733368,0,0.0,external,0,2956.0,8.49,0.06033,0.006033,5.789186048811436
530,405727.3738420745,3384481.7927185036,zonal_sum,1950.6240882873535,23.636517070131188,1,4.0,external,0,2956.0,8.49,0.06033,0.006033,11.768115124637603
531,405727.3738420745,3384981.7927185036,zonal_sum,1815.090368270874,16.76746153830527,0,0.0,external,3,1877.0,5.39,0.05645,0.005645,10.246185128889083
532,405727.3738420745,3385481.7927185036,zonal_sum,49.70911109447479,11.951408083258286,0,0.0,external,3,1877.0,5.39,0.05645,0.005645,0.2806079321283102
533,405727.3738420745,3385981.7927185036,zonal_sum,0.0,12.79763924606763,0,0.0,external,3,1877.0,5.39,0.05645,0.005645,0.0
534,405727.3738420745,3386481.7927185036,zonal_sum,0.5930709987878799,17.21941549406093,0,0.0,external,3,1877.0,5.39,0.05645,0.005645,0.0033478857881575823
535,405727.3738420745,3386981.7927185036,zonal_sum,1285.883781194687,23.598962196147447,0,0.0,external,3,1877.0,5.39,0.05645,0.005645,7.258813944844007
536,405727.3738420745,3387481.7927185036,zonal_sum,1659.5713520050049,35.450712982643296,2,8.0,external,0,2956.0,8.49,0.06033,0.006033,10.012193966646194
537,405727.3738420745,3387981.7927185036,zonal_sum,3243.662759780884,36.17621389398774,10,40.0,external,1,4049.0,11.64,0.06455,0.006455,20.937843114385604
538,405727.3738420745,3388481.7927185036,zonal_sum,3550.6505813598633,38.6238284796627,5,20.0,external,0,2956.0,8.49,0.06033,0.006033,21.421074957344057
539,405727.3738420745,3388981.7927185036,zonal_sum,3934.2278785705566,47.50699480598679,1,4.0,external,4,8736.0,25.1,0.08655,0.008655,34.050742289028165
540,405727.3738420745,3389481.7927185036,zonal_sum,5781.3903884887695,49.14427165383458,1,4.0,external,4,8736.0,25.1,0.08655,0.008655,50.0379338123703
541,405727.3738420745,3389981.7927185036,zonal_sum,6410.308380126953,46.90443266723826,12,48.0,external,1,4049.0,11.64,0.06455,0.006455,41.37854059371948
542,405727.3738420745,3390481.7927185036,zonal_sum,8185.623260498047,49.194025291131126,5,20.0,external,4,8736.0,25.1,0.08655,0.008655,70.8465693196106
543,405727.3738420745,3390981.7927185036,zonal_sum,5610.728454589844,42.68853702793432,4,16.0,external,4,8736.0,25.1,0.08655,0.008655,48.5608547744751
544,405727.3738420745,3391481.7927185036,zonal_sum,5957.147674560547,39.34284733441875,5,20.0,external,0,2956.0,8.49,0.06033,0.006033,35.93947192062378
545,405727.3738420745,3391981.7927185036,zonal_sum,6166.153618812561,32.85505778640038,4,16.0,external,0,2956.0,8.49,0.06033,0.006033,37.20040478229618
546,405727.3738420745,3392481.7927185036,zonal_sum,5634.587577223778,35.71064318261338,2,8.0,external,0,2956.0,8.49,0.06033,0.006033,33.993466853391055
547,405727.3738420745,3392981.7927185036,zonal_sum,7425.19976764638,40.95201965240359,0,0.0,external,0,2956.0,8.49,0.06033,0.006033,44.79623019821061
548,405727.3738420745,3393481.7927185036,zonal_sum,5146.358291625977,45.488521149935934,7,28.0,external,4,8736.0,25.1,0.08655,0.008655,44.54173101402282
549,405727.3738420745,3393981.7927185036,zonal_sum,8267.28125,43.31120100293452,8,32.0,external,1,4049.0,11.64,0.06455,0.006455,53.36530046875
550,405727.3738420745,3394481.7927185036,zonal_sum,6722.459808349609,39.35437164477508,7,28.0,external,1,4049.0,11.64,0.06455,0.006455,43.393478062896726
551,405727.3738420745,3394981.7927185036,zonal_sum,6885.876770019531,26.709271371942982,7,28.0,external,1,4049.0,11.64,0.06455,0.006455,44.448334550476076
552,405727.3738420745,3395481.7927185036,zonal_sum,7336.786178588867,29.478679272729014,0,0.0,external,0,2956.0,8.49,0.06033,0.006033,44.262831015426634
553,405727.3738420745,3395981.7927185036,zonal_sum,6197.463851928711,37.570325011486176,4,16.0,external,0,2956.0,8.49,0.06033,0.006033,37.389299418685916
554,405727.3738420745,3396481.7927185036,zonal_sum,6742.323806762695,33.41931871454013,6,24.0,external,1,4049.0,11.64,0.06455,0.006455,43.5217001726532
555,405727.3738420745,3396981.7927185036,zonal_sum,5625.978591918945,27.849477830808922,4,16.0,external,0,2956.0,8.49,0.06033,0.006033,33.941528845046996
556,405727.3738420745,3397481.7927185036,zonal_sum,3676.4607152938843,25.53413636620007,2,8.0,external,0,2956.0,8.49,0.06033,0.006033,22.180087495368003
557,405727.3738420745,3397981.7927185036,zonal_sum,4528.405594825745,24.71877524168983,3,12.0,external,0,2956.0,8.49,0.06033,0.006033,27.319870953583717
558,405727.3738420745,3398481.7927185036,zonal_sum,1513.6953620910645,22.53444584520405,0,0.0,external,3,1877.0,5.39,0.05645,0.005645,8.544810319004059
559,405727.3738420745,3398981.7927185036,zonal_sum,2671.4546670913696,17.84624787667506,0,0.0,external,3,1877.0,5.39,0.05645,0.005645,15.080361595730782
560,405727.3738420745,3399481.7927185036,zonal_sum,3218.4904022216797,12.462730690919242,0,0.0,external,3,1877.0,5.39,0.05645,0.005645,18.168378320541382
561,405727.3738420745,3399981.7927185036,zonal_sum,2576.996908187866,13.552488104446574,0,0.0,external,3,1877.0,5.39,0.05645,0.005645,14.547147546720504
562,405727.3738420745,3400481.7927185036,zonal_sum,3782.8275871276855,15.761858605001272,0,0.0,external,3,1877.0,5.39,0.05645,0.005645,21.354061729335783
563,405727.3738420745,3400981.7927185036,zonal_sum,2398.647903442383,13.576546480521737,0,0.0,external,3,1877.0,5.39,0.05645,0.005645,13.54036741493225
564,405727.3738420745,3401481.7927185036,zonal_sum,3256.6459770202637,9.62101545793575,0,0.0,external,3,1877.0,5.39,0.05645,0.005645,18.38376654027939
565,405727.3738420745,3401981.7927185036,zonal_sum,1448.649356842041,8.521210643310317,0,0.0,external,3,1877.0,5.39,0.05645,0.005645,8.177625619373321
566,405727.3738420745,3402481.7927185036,zonal_sum,527.0006396770477,8.471119725025563,0,0.0,external,3,1877.0,5.39,0.05645,0.005645,2.9749186109769346
567,405727.3738420745,3402981.7927185036,zonal_sum,400.25324058532715,8.013100333155808,0,0.0,external,3,1877.0,5.39,0.05645,0.005645,2.2594295431041718
568,406227.3738420745,3369981.7927185036,zonal_sum,183.01871076226234,11.16493017388058,0,0.0,external,3,1877.0,5.39,0.05645,0.005645,1.0331406222529709
569,406227.3738420745,3370481.7927185036,zonal_sum,24.687809355556965,17.943000261064853,0,0.0,external,3,1877.0,5.39,0.05645,0.005645,0.13936268381211905
570,406227.3738420745,3370981.7927185036,zonal_sum,105.0201882570982,21.273725835941466,0,0.0,external,3,1877.0,5.39,0.05645,0.005645,0.5928389627113193
571,406227.3738420745,3371481.7927185036,zonal_sum,150.91008470207453,19.550610865276933,0,0.0,external,3,1877.0,5.39,0.05645,0.005645,0.8518874281432107
572,406227.3738420745,3371981.7927185036,zonal_sum,124.59363488852978,17.368780261008872,0,0.0,external,3,1877.0,5.39,0.05645,0.005645,0.7033310689457506
573,406227.3738420745,3372481.7927185036,zonal_sum,115.63648731820285,19.17069678726805,0,0.0,external,3,1877.0,5.39,0.05645,0.005645,0.652767970911255
574,406227.3738420745,3372981.7927185036,zonal_sum,370.2635099887848,27.43064987189997,0,0.0,external,0,2956.0,8.49,0.06033,0.006033,2.233799755762339
575,406227.3738420745,3373481.7927185036,zonal_sum,1451.2399751469493,36.889002708975546,0,0.0,external,0,2956.0,8.49,0.06033,0.006033,8.755330770061546
576,406227.3738420745,3373981.7927185036,zonal_sum,3053.0735125541687,41.50837485248785,0,0.0,external,0,2956.0,8.49,0.06033,0.006033,18.4191925012393
577,406227.3738420745,3374481.7927185036,zonal_sum,2941.715227365494,39.06735395128638,0,0.0,external,0,2956.0,8.49,0.06033,0.006033,17.747367966696025
578,406227.3738420745,3374981.7927185036,zonal_sum,2852.3299617767334,32.54840264354514,0,0.0,external,0,2956.0,8.49,0.06033,0.006033,17.208106659399032
579,406227.3738420745,3375481.7927185036,zonal_sum,791.3787118196487,29.02507974746137,0,0.0,external,0,2956.0,8.49,0.06033,0.006033,4.774387768407941
580,406227.3738420745,3375981.7927185036,zonal_sum,733.9751536846161,21.815431965565576,0,0.0,external,3,1877.0,5.39,0.05645,0.005645,4.1432897425496575
581,406227.3738420745,3376481.7927185036,zonal_sum,637.1424241289496,20.993932134930432,0,0.0,external,3,1877.0,5.39,0.05645,0.005645,3.5966689842079207
582,406227.3738420745,3376981.7927185036,zonal_sum,2194.0318569242954,22.027489927688777,0,0.0,external,3,1877.0,5.39,0.05645,0.005645,12.385309832337647
583,406227.3738420745,3377481.7927185036,zonal_sum,1094.3255758285522,16.169220622533903,0,0.0,external,3,1877.0,5.39,0.05645,0.005645,6.1774678755521775
584,406227.3738420745,3377981.7927185036,zonal_sum,563.4457268714905,14.725375928972625,0,0.0,external,3,1877.0,5.39,0.05645,0.005645,3.1806511281895635
585,406227.3738420745,3378481.7927185036,zonal_sum,166.88326215744019,15.072898708100368,0,0.0,external,3,1877.0,5.39,0.05645,0.005645,0.9420560148787498
586,406227.3738420745,3378981.7927185036,zonal_sum,324.5665440559387,18.434558913166835,0,0.0,external,3,1877.0,5.39,0.05645,0.005645,1.832178141195774
587,406227.3738420745,3379481.7927185036,zonal_sum,1206.7683954238892,20.530038127414134,0,0.0,external,3,1877.0,5.39,0.05645,0.005645,6.812207592167854
588,406227.3738420745,3379981.7927185036,zonal_sum,2817.7572021484375,21.973735343155603,0,0.0,external,3,1877.0,5.39,0.05645,0.005645,15.906239406127929
589,406227.3738420745,3380481.7927185036,zonal_sum,1381.2569379806519,22.988277977732622,0,0.0,external,3,1877.0,5.39,0.05645,0.005645,7.79719541490078
590,406227.3738420745,3380981.7927185036,zonal_sum,1611.4139490127563,22.35304421702948,0,0.0,external,3,1877.0,5.39,0.05645,0.005645,9.096431742177009
591,406227.3738420745,3381481.7927185036,zonal_sum,755.6178624629974,26.114904285312985,0,0.0,external,0,2956.0,8.49,0.06033,0.006033,4.558642564239264
592,406227.3738420745,3381981.7927185036,zonal_sum,2604.888334274292,37.446595163613786,2,8.0,external,0,2956.0,8.49,0.06033,0.006033,15.715291320676805
593,406227.3738420745,3382481.7927185036,zonal_sum,3809.8877716064453,36.30099832784168,2,8.0,external,0,2956.0,8.49,0.06033,0.006033,22.985052926101684
594,406227.3738420745,3382981.7927185036,zonal_sum,3630.3849873542786,26.25232747582037,0,0.0,external,0,2956.0,8.49,0.06033,0.006033,21.902112628708363
595,406227.3738420745,3383481.7927185036,zonal_sum,945.5659577846527,27.581868710296938,0,0.0,external,0,2956.0,8.49,0.06033,0.006033,5.70459942331481
596,406227.3738420745,3383981.7927185036,zonal_sum,1383.116991519928,31.04280357052692,1,4.0,external,0,2956.0,8.49,0.06033,0.006033,8.344344809839725
597,406227.3738420745,3384481.7927185036,zonal_sum,2142.675380706787,31.552438510103258,2,8.0,external,0,2956.0,8.49,0.06033,0.006033,12.926760571804047
598,406227.3738420745,3384981.7927185036,zonal_sum,2220.392740249634,23.377904185775183,0,0.0,external,3,1877.0,5.39,0.05645,0.005645,12.534117018709182
599,406227.3738420745,3385481.7927185036,zonal_sum,276.07633876800537,16.34497558015755,0,0.0,external,3,1877.0,5.39,0.05645,0.005645,1.5584509323453903
600,406227.3738420745,3385981.7927185036,zonal_sum,431.2941134572029,15.199658753954548,0,0.0,external,3,1877.0,5.39,0.05645,0.005645,2.4346552704659103
601,406227.3738420745,3386481.7927185036,zonal_sum,1272.8557638972998,27.442710485221838,1,4.0,external,0,2956.0,8.49,0.06033,0.006033,7.679138823592409
602,406227.3738420745,3386981.7927185036,zonal_sum,1517.3359773159027,30.21823930793153,2,8.0,external,0,2956.0,8.49,0.06033,0.006033,9.154087951146842
603,406227.3738420745,3387481.7927185036,zonal_sum,3175.3651542663574,33.59383503692238,4,16.0,external,0,2956.0,8.49,0.06033,0.006033,19.156977975688935
604,406227.3738420745,3387981.7927185036,zonal_sum,2086.5718746185303,33.125135185022586,0,0.0,external,0,2956.0,8.49,0.06033,0.006033,12.588288119573594
605,406227.3738420745,3388481.7927185036,zonal_sum,4080.3017044067383,40.84807515848113,0,0.0,external,0,2956.0,8.49,0.06033,0.006033,24.616460182685852
606,406227.3738420745,3388981.7927185036,zonal_sum,4978.169891357422,51.01277719557786,8,32.0,external,4,8736.0,25.1,0.08655,0.008655,43.08606040969848
607,406227.3738420745,3389481.7927185036,zonal_sum,6602.572006225586,51.18414536479817,8,32.0,external,4,8736.0,25.1,0.08655,0.008655,57.14526071388244
608,406227.3738420745,3389981.7927185036,zonal_sum,4816.8147048950195,53.5298983554731,5,20.0,external,4,8736.0,25.1,0.08655,0.008655,41.68953127086639
609,406227.3738420745,3390481.7927185036,zonal_sum,6241.005233764648,59.495271555369825,6,24.0,external,4,8736.0,25.1,0.08655,0.008655,54.01590029823303
610,406227.3738420745,3390981.7927185036,zonal_sum,7107.770095825195,55.62443909006124,6,24.0,external,4,8736.0,25.1,0.08655,0.008655,61.51775017936706
611,406227.3738420745,3391481.7927185036,zonal_sum,8539.434299945831,47.87103919981418,3,12.0,external,4,8736.0,25.1,0.08655,0.008655,73.90880386603116
612,406227.3738420745,3391981.7927185036,zonal_sum,4390.127782821655,41.11017841066208,1,4.0,external,0,2956.0,8.49,0.06033,0.006033,26.485640913763046
613,406227.3738420745,3392481.7927185036,zonal_sum,5784.591003417969,38.19292845567997,2,8.0,external,0,2956.0,8.49,0.06033,0.006033,34.89843752362061
614,406227.3738420745,3392981.7927185036,zonal_sum,7838.962900161743,41.2317972960598,14,56.0,external,1,4049.0,11.64,0.06455,0.006455,50.60050552054405
615,406227.3738420745,3393481.7927185036,zonal_sum,6134.139869689941,50.18530519613566,4,16.0,external,4,8736.0,25.1,0.08655,0.008655,53.09098057216644
616,406227.3738420745,3393981.7927185036,zonal_sum,5363.581207275391,48.7334504027238,9,36.0,external,4,8736.0,25.1,0.08655,0.008655,46.4217953489685
617,406227.3738420745,3394481.7927185036,zonal_sum,6255.17204284668,32.35676252817218,4,16.0,external,0,2956.0,8.49,0.06033,0.006033,37.73745293449402
618,406227.3738420745,3394981.7927185036,zonal_sum,6201.9388427734375,26.27175759438035,4,16.0,external,0,2956.0,8.49,0.06033,0.006033,37.41629703845215
619,406227.3738420745,3395481.7927185036,zonal_sum,8049.23518371582,28.677786945809483,5,20.0,external,0,2956.0,8.49,0.06033,0.006033,48.561035863357546
620,406227.3738420745,3395981.7927185036,zonal_sum,5273.319778442383,37.5713757134631,8,32.0,external,1,4049.0,11.64,0.06455,0.006455,34.03927916984558
621,406227.3738420745,3396481.7927185036,zonal_sum,4591.169139862061,33.78874764312208,3,12.0,external,0,2956.0,8.49,0.06033,0.006033,27.69852342078781
622,406227.3738420745,3396981.7927185036,zonal_sum,5739.412330627441,28.344076055566404,1,4.0,external,0,2956.0,8.49,0.06033,0.006033,34.62587459067535
623,406227.3738420745,3397481.7927185036,zonal_sum,4374.015228271484,25.606158617888454,7,28.0,external,1,4049.0,11.64,0.06455,0.006455,28.23426829849243
624,406227.3738420745,3397981.7927185036,zonal_sum,4761.190379142761,23.365158805882906,2,8.0,external,0,2956.0,8.49,0.06033,0.006033,28.72426155736828
625,406227.3738420745,3398481.7927185036,zonal_sum,1667.8379311263561,16.619609305362598,3,12.0,external,3,1877.0,5.39,0.05645,0.005645,9.41494512120828
626,406227.3738420745,3398981.7927185036,zonal_sum,2950.261062145233,12.382015743347473,0,0.0,external,3,1877.0,5.39,0.05645,0.005645,16.65422369580984
627,406227.3738420745,3399481.7927185036,zonal_sum,3584.243766784668,12.964595790667222,0,0.0,external,3,1877.0,5.39,0.05645,0.005645,20.23305606349945
628,406227.3738420745,3399981.7927185036,zonal_sum,3682.5794019699097,16.251187365016122,0,0.0,external,3,1877.0,5.39,0.05645,0.005645,20.78816072412014
629,406227.3738420745,3400481.7927185036,zonal_sum,4194.343168258667,16.70335277132307,0,0.0,external,3,1877.0,5.39,0.05645,0.005645,23.677067184820174
630,406227.3738420745,3400981.7927185036,zonal_sum,3443.654457092285,11.764000067062003,0,0.0,external,3,1877.0,5.39,0.05645,0.005645,19.43942941028595
631,406227.3738420745,3401481.7927185036,zonal_sum,1727.3202389478683,8.242688079320134,0,0.0,external,3,1877.0,5.39,0.05645,0.005645,9.750722748860717
632,406227.3738420745,3401981.7927185036,zonal_sum,487.63819536566734,8.2947758310399,0,0.0,external,3,1877.0,5.39,0.05645,0.005645,2.752717612839192
633,406227.3738420745,3402481.7927185036,zonal_sum,398.26618364453316,10.186218616239485,0,0.0,external,3,1877.0,5.39,0.05645,0.005645,2.2482126066733894
634,406227.3738420745,3402981.7927185036,zonal_sum,1403.4158697128296,9.64502428940393,0,0.0,external,3,1877.0,5.39,0.05645,0.005645,7.922282584528923
635,406727.3738420745,3368481.7927185036,zonal_sum,168.85320026427507,14.811384922807088,0,0.0,external,3,1877.0,5.39,0.05645,0.005645,0.9531763154918328
636,406727.3738420745,3368981.7927185036,zonal_sum,230.91081888973713,26.4947364607187,0,0.0,external,0,2956.0,8.49,0.06033,0.006033,1.3930849703617842
637,406727.3738420745,3369481.7927185036,zonal_sum,0.08562099933624268,18.29110651416467,0,0.0,external,3,1877.0,5.39,0.05645,0.005645,0.0004833305412530899
638,406727.3738420745,3369981.7927185036,zonal_sum,73.37240612506866,10.34535034940441,0,0.0,external,3,1877.0,5.39,0.05645,0.005645,0.4141872325760126
639,406727.3738420745,3370481.7927185036,zonal_sum,176.28548431396484,9.479635213350807,0,0.0,external,3,1877.0,5.39,0.05645,0.005645,0.9951315589523315
640,406727.3738420745,3370981.7927185036,zonal_sum,176.43628764152527,13.73039970385775,0,0.0,external,3,1877.0,5.39,0.05645,0.005645,0.9959828437364101
641,406727.3738420745,3371481.7927185036,zonal_sum,413.2140259742737,24.448376360952995,0,0.0,external,0,2956.0,8.49,0.06033,0.006033,2.492920218702793
642,406727.3738420745,3371981.7927185036,zonal_sum,758.9984143972397,29.655855254702917,0,0.0,external,0,2956.0,8.49,0.06033,0.006033,4.579037434058547
643,406727.3738420745,3372481.7927185036,zonal_sum,761.5595824867487,31.4172468746742,0,0.0,external,0,2956.0,8.49,0.06033,0.006033,4.594488961142555
644,406727.3738420745,3372981.7927185036,zonal_sum,352.05914153158665,41.007364954455866,0,0.0,external,0,2956.0,8.49,0.06033,0.006033,2.1239728008600625
645,406727.3738420745,3373481.7927185036,zonal_sum,144.22435262054205,48.02251272645016,0,0.0,external,4,8736.0,25.1,0.08655,0.008655,1.2482617719307914
646,406727.3738420745,3373981.7927185036,zonal_sum,1761.5483352020383,45.84298195548376,0,0.0,external,4,8736.0,25.1,0.08655,0.008655,15.246200841173641
647,406727.3738420745,3374481.7927185036,zonal_sum,3334.094705581665,40.34847691912598,0,0.0,external,0,2956.0,8.49,0.06033,0.006033,20.114593358774187
648,406727.3738420745,3374981.7927185036,zonal_sum,2082.2805976867676,35.43064578206609,0,0.0,external,0,2956.0,8.49,0.06033,0.006033,12.56239884584427
649,406727.3738420745,3375481.7927185036,zonal_sum,765.7927732467651,30.561108495465504,0,0.0,external,0,2956.0,8.49,0.06033,0.006033,4.620027800997734
650,406727.3738420745,3375981.7927185036,zonal_sum,845.4215621650219,27.40848933747405,0,0.0,external,0,2956.0,8.49,0.06033,0.006033,5.100428284541577
651,406727.3738420745,3376481.7927185036,zonal_sum,925.2899016141891,25.39959495387319,0,0.0,external,0,2956.0,8.49,0.06033,0.006033,5.582273976438404
652,406727.3738420745,3376981.7927185036,zonal_sum,1632.288219988346,23.7267886115361,0,0.0,external,0,2956.0,8.49,0.06033,0.006033,9.847594831189692
653,406727.3738420745,3377481.7927185036,zonal_sum,2236.8831310272217,20.58666746586881,0,0.0,external,3,1877.0,5.39,0.05645,0.005645,12.627205274648666
654,406727.3738420745,3377981.7927185036,zonal_sum,1219.6338248252869,16.33277257033115,0,0.0,external,3,1877.0,5.39,0.05645,0.005645,6.884832941138744
655,406727.3738420745,3378481.7927185036,zonal_sum,883.2322444915771,16.51405263257227,0,0.0,external,3,1877.0,5.39,0.05645,0.005645,4.985846020154953
656,406727.3738420745,3378981.7927185036,zonal_sum,288.8649706840515,25.845014273163304,0,0.0,external,0,2956.0,8.49,0.06033,0.006033,1.7427223681368829
657,406727.3738420745,3379481.7927185036,zonal_sum,1827.984766960144,34.535377510881126,3,12.0,external,0,2956.0,8.49,0.06033,0.006033,11.02823209907055
658,406727.3738420745,3379981.7927185036,zonal_sum,2307.745204925537,39.55078084704473,1,4.0,external,0,2956.0,8.49,0.06033,0.006033,13.922626821315765
659,406727.3738420745,3380481.7927185036,zonal_sum,2012.6278018951416,33.70466821505747,4,16.0,external,0,2956.0,8.49,0.06033,0.006033,12.142183528833389
660,406727.3738420745,3380981.7927185036,zonal_sum,3506.459310531616,28.36550611047068,5,20.0,external,0,2956.0,8.49,0.06033,0.006033,21.15446902043724
661,406727.3738420745,3381481.7927185036,zonal_sum,735.1413004398346,27.609409080511586,0,0.0,external,0,2956.0,8.49,0.06033,0.006033,4.435107465553522
662,406727.3738420745,3381981.7927185036,zonal_sum,3274.376884460449,29.377932766057445,1,4.0,external,0,2956.0,8.49,0.06033,0.006033,19.754315743949892
663,406727.3738420745,3382481.7927185036,zonal_sum,2158.071708679199,24.55575341668669,0,0.0,external,0,2956.0,8.49,0.06033,0.006033,13.019646618461609
664,406727.3738420745,3382981.7927185036,zonal_sum,1272.0055718421936,20.770327230334935,0,0.0,external,3,1877.0,5.39,0.05645,0.005645,7.180471453049183
665,406727.3738420745,3383481.7927185036,zonal_sum,1391.6149287223816,25.435487116970346,2,8.0,external,0,2956.0,8.49,0.06033,0.006033,8.395612864982128
666,406727.3738420745,3383981.7927185036,zonal_sum,4649.219924926758,29.33010410993033,0,0.0,external,0,2956.0,8.49,0.06033,0.006033,28.04874380708313
667,406727.3738420745,3384481.7927185036,zonal_sum,2978.48166847229,35.147778014019224,0,0.0,external,0,2956.0,8.49,0.06033,0.006033,17.969179905893327
668,406727.3738420745,3384981.7927185036,zonal_sum,2159.6732864379883,35.56696709356706,0,0.0,external,0,2956.0,8.49,0.06033,0.006033,13.029308937080383
669,406727.3738420745,3385481.7927185036,zonal_sum,1961.8579177856445,27.938412402085998,1,4.0,external,0,2956.0,8.49,0.06033,0.006033,11.835888818000793
670,406727.3738420745,3385981.7927185036,zonal_sum,3143.646379470825,23.941427811053565,0,0.0,external,0,2956.0,8.49,0.06033,0.006033,18.96561860734749
671,406727.3738420745,3386481.7927185036,zonal_sum,3738.669725418091,36.5998513075465,3,12.0,external,0,2956.0,8.49,0.06033,0.006033,22.55539445344734
672,406727.3738420745,3386981.7927185036,zonal_sum,1533.918462753296,39.89847669423076,3,12.0,external,0,2956.0,8.49,0.06033,0.006033,9.254130085790635
673,406727.3738420745,3387481.7927185036,zonal_sum,1051.4595835208893,34.28406598235317,2,8.0,external,0,2956.0,8.49,0.06033,0.006033,6.343455667381525
674,406727.3738420745,3387981.7927185036,zonal_sum,3045.2454147338867,40.035074720183005,2,8.0,external,0,2956.0,8.49,0.06033,0.006033,18.37196558708954
675,406727.3738420745,3388481.7927185036,zonal_sum,4967.804882049561,43.033075385621935,2,8.0,external,4,8736.0,25.1,0.08655,0.008655,42.99635125413894
676,406727.3738420745,3388981.7927185036,zonal_sum,4700.8127365112305,43.64912823538471,2,8.0,external,4,8736.0,25.1,0.08655,0.008655,40.6855342345047
677,406727.3738420745,3389481.7927185036,zonal_sum,6706.731727600098,53.76896670045436,9,36.0,external,4,8736.0,25.1,0.08655,0.008655,58.04676310237884
678,406727.3738420745,3389981.7927185036,zonal_sum,5726.005264282227,58.87698680859148,10,40.0,external,4,8736.0,25.1,0.08655,0.008655,49.55857556236267
679,406727.3738420745,3390481.7927185036,zonal_sum,6608.999008178711,51.6830899699739,11,44.0,external,1,4049.0,11.64,0.06455,0.006455,42.66108859779358
680,406727.3738420745,3390981.7927185036,zonal_sum,6246.66471862793,42.115354336684916,4,16.0,external,4,8736.0,25.1,0.08655,0.008655,54.06488313972473
681,406727.3738420745,3391481.7927185036,zonal_sum,7469.947509765625,37.25965285976203,1,4.0,external,0,2956.0,8.49,0.06033,0.006033,45.06619332641602
682,406727.3738420745,3391981.7927185036,zonal_sum,2911.511724472046,35.51445406617538,3,12.0,external,0,2956.0,8.49,0.06033,0.006033,17.565150233739853
683,406727.3738420745,3392481.7927185036,zonal_sum,1293.8771561533213,32.01699701049343,7,28.0,external,1,4049.0,11.64,0.06455,0.006455,8.351977042969688
684,406727.3738420745,3392981.7927185036,zonal_sum,5790.353734970093,33.39215120776442,20,80.0,external,2,5546.0,15.94,0.07085,0.007085,41.02465621226311
685,406727.3738420745,3393481.7927185036,zonal_sum,7960.886947631836,35.59633914572391,8,32.0,external,1,4049.0,11.64,0.06455,0.006455,51.3875252469635
686,406727.3738420745,3393981.7927185036,zonal_sum,9324.92586517334,32.63442507670162,7,28.0,external,1,4049.0,11.64,0.06455,0.006455,60.19239645969391
687,406727.3738420745,3394481.7927185036,zonal_sum,7651.031379699707,24.490862830890226,15,60.0,external,1,4049.0,11.64,0.06455,0.006455,49.38740755596161
688,406727.3738420745,3394981.7927185036,zonal_sum,7576.957946777344,19.918990129520076,7,28.0,external,3,1877.0,5.39,0.05645,0.005645,42.771927609558105
689,406727.3738420745,3395481.7927185036,zonal_sum,9375.762329101562,19.44492064069908,7,28.0,external,3,1877.0,5.39,0.05645,0.005645,52.92617834777832
690,406727.3738420745,3395981.7927185036,zonal_sum,4907.731864929199,18.95528573275282,3,12.0,external,3,1877.0,5.39,0.05645,0.005645,27.70414637752533
691,406727.3738420745,3396481.7927185036,zonal_sum,5350.976943969727,22.442778413283257,4,16.0,external,3,1877.0,5.39,0.05645,0.005645,30.206264848709104
692,406727.3738420745,3396981.7927185036,zonal_sum,3702.1494674682617,24.373229993870925,9,36.0,external,1,4049.0,11.64,0.06455,0.006455,23.89737481250763
693,406727.3738420745,3397481.7927185036,zonal_sum,5192.019973754883,21.47020307226139,0,0.0,external,3,1877.0,5.39,0.05645,0.005645,29.308952751846313
694,406727.3738420745,3397981.7927185036,zonal_sum,2692.524260520935,23.163214633148836,2,8.0,external,3,1877.0,5.39,0.05645,0.005645,15.199299450640678
695,406727.3738420745,3398481.7927185036,zonal_sum,3310.479574203491,20.00197910413576,8,32.0,external,1,4049.0,11.64,0.06455,0.006455,21.369145651483535
696,406727.3738420745,3398981.7927185036,zonal_sum,4625.354930877686,12.974434885311325,1,4.0,external,3,1877.0,5.39,0.05645,0.005645,26.110128584804535
697,406727.3738420745,3399481.7927185036,zonal_sum,3025.5577754974365,12.828504297714746,3,12.0,external,3,1877.0,5.39,0.05645,0.005645,17.079273642683027
698,406727.3738420745,3399981.7927185036,zonal_sum,4321.992259979248,14.063773527660679,4,16.0,external,3,1877.0,5.39,0.05645,0.005645,24.397646307582853
699,406727.3738420745,3400481.7927185036,zonal_sum,3070.67427778244,13.431707047375856,1,4.0,external,3,1877.0,5.39,0.05645,0.005645,17.333956298081873
700,406727.3738420745,3400981.7927185036,zonal_sum,1276.4055176377296,12.489666109825338,0,0.0,external,3,1877.0,5.39,0.05645,0.005645,7.205309147064984
701,406727.3738420745,3401481.7927185036,zonal_sum,1067.3344062566757,9.247083048022235,1,4.0,external,3,1877.0,5.39,0.05645,0.005645,6.025102723318934
702,406727.3738420745,3401981.7927185036,zonal_sum,3235.029273033142,10.828234486344114,0,0.0,external,3,1877.0,5.39,0.05645,0.005645,18.261740246272087
703,406727.3738420745,3402481.7927185036,zonal_sum,4012.2044134140015,13.924500626615776,0,0.0,external,3,1877.0,5.39,0.05645,0.005645,22.648893913722038
704,406727.3738420745,3402981.7927185036,zonal_sum,4096.16828918457,15.45549207149224,0,0.0,external,3,1877.0,5.39,0.05645,0.005645,23.122869992446898
705,407227.3738420745,3367981.7927185036,zonal_sum,652.1230525374413,13.73514622007716,0,0.0,external,3,1877.0,5.39,0.05645,0.005645,3.6812346315738558
706,407227.3738420745,3368481.7927185036,zonal_sum,524.8092101961374,19.209868214594277,0,0.0,external,3,1877.0,5.39,0.05645,0.005645,2.9625479915571957
707,407227.3738420745,3368981.7927185036,zonal_sum,302.6879681944847,28.4843750145459,0,0.0,external,0,2956.0,8.49,0.06033,0.006033,1.8261165121173264
708,407227.3738420745,3369481.7927185036,zonal_sum,98.32916736602783,17.419566314549744,0,0.0,external,3,1877.0,5.39,0.05645,0.005645,0.5550681497812271
709,407227.3738420745,3369981.7927185036,zonal_sum,66.87478855624795,12.80526872326582,0,0.0,external,3,1877.0,5.39,0.05645,0.005645,0.3775081814000197
710,407227.3738420745,3370481.7927185036,zonal_sum,394.01751974225044,10.348784296690582,0,0.0,external,3,1877.0,5.39,0.05645,0.005645,2.224228898945004
711,407227.3738420745,3370981.7927185036,zonal_sum,116.59168538451195,14.150303225025137,0,0.0,external,3,1877.0,5.39,0.05645,0.005645,0.6581600639955699
712,407227.3738420745,3371481.7927185036,zonal_sum,478.7222524881363,23.185894253603188,0,0.0,external,3,1877.0,5.39,0.05645,0.005645,2.7023871152955294
713,407227.3738420745,3371981.7927185036,zonal_sum,688.4443862140179,25.98748379460446,0,0.0,external,0,2956.0,8.49,0.06033,0.006033,4.15338498202917
714,407227.3738420745,3372481.7927185036,zonal_sum,988.6793751949444,32.414843859118,0,0.0,external,0,2956.0,8.49,0.06033,0.006033,5.9647026705511
715,407227.3738420745,3372981.7927185036,zonal_sum,1169.6857290267944,42.10389007349134,0,0.0,external,4,8736.0,25.1,0.08655,0.008655,10.123629984726906
716,407227.3738420745,3373481.7927185036,zonal_sum,1820.0333852767944,39.18576490291545,0,0.0,external,0,2956.0,8.49,0.06033,0.006033,10.980261413374901
717,407227.3738420745,3373981.7927185036,zonal_sum,655.7791423797607,29.868044874974967,0,0.0,external,0,2956.0,8.49,0.06033,0.006033,3.9563155659770968
718,407227.3738420745,3374481.7927185036,zonal_sum,993.2657112181187,37.47972349731559,0,0.0,external,0,2956.0,8.49,0.06033,0.006033,5.99237203577891
719,407227.3738420745,3374981.7927185036,zonal_sum,1663.7983493804932,33.2486588474291,0,0.0,external,0,2956.0,8.49,0.06033,0.006033,10.037695441812515
720,407227.3738420745,3375481.7927185036,zonal_sum,1733.9382591247559,30.714935875510285,0,0.0,external,0,2956.0,8.49,0.06033,0.006033,10.460849517299652
721,407227.3738420745,3375981.7927185036,zonal_sum,2681.0704758167267,30.453251201534545,0,0.0,external,0,2956.0,8.49,0.06033,0.006033,16.174898180602312
722,407227.3738420745,3376481.7927185036,zonal_sum,3453.550849914551,27.178523053541547,0,0.0,external,0,2956.0,8.49,0.06033,0.006033,20.835272277534486
723,407227.3738420745,3376981.7927185036,zonal_sum,2657.2420921325684,29.342436832961322,0,0.0,external,0,2956.0,8.49,0.06033,0.006033,16.031141541835787
724,407227.3738420745,3377481.7927185036,zonal_sum,4154.193355560303,31.49964110748861,10,40.0,external,1,4049.0,11.64,0.06455,0.006455,26.815318110141753
725,407227.3738420745,3377981.7927185036,zonal_sum,2409.2125692367554,23.986195627274558,0,0.0,external,0,2956.0,8.49,0.06033,0.006033,14.534779430205345
726,407227.3738420745,3378481.7927185036,zonal_sum,1130.0258512496948,19.335029856805544,0,0.0,external,3,1877.0,5.39,0.05645,0.005645,6.378995930304527
727,407227.3738420745,3378981.7927185036,zonal_sum,372.9948499202728,29.619777334389166,0,0.0,external,0,2956.0,8.49,0.06033,0.006033,2.250277929569006
728,407227.3738420745,3379481.7927185036,zonal_sum,1951.488754272461,45.711776443388274,0,0.0,external,4,8736.0,25.1,0.08655,0.008655,16.89013516822815
729,407227.3738420745,3379981.7927185036,zonal_sum,2140.6990070343018,47.32789372656926,17,68.0,external,1,4049.0,11.64,0.06455,0.006455,13.818212090406417
730,407227.3738420745,3380481.7927185036,zonal_sum,4694.869152069092,43.17254147111925,6,24.0,external,4,8736.0,25.1,0.08655,0.008655,40.63409251115799
731,407227.3738420745,3380981.7927185036,zonal_sum,5702.653202056885,33.25581586548261,10,40.0,external,1,4049.0,11.64,0.06455,0.006455,36.81062641927719
732,407227.3738420745,3381481.7927185036,zonal_sum,4495.764003753662,32.79415021484987,2,8.0,external,0,2956.0,8.49,0.06033,0.006033,27.122944234645843
733,407227.3738420745,3381981.7927185036,zonal_sum,2949.115222930908,34.957663513019924,0,0.0,external,0,2956.0,8.49,0.06033,0.006033,17.79201213994217
734,407227.3738420745,3382481.7927185036,zonal_sum,854.0657455325127,21.51947968735009,0,0.0,external,3,1877.0,5.39,0.05645,0.005645,4.821201133531034
735,407227.3738420745,3382981.7927185036,zonal_sum,478.0840387046337,21.77345845048936,1,4.0,external,3,1877.0,5.39,0.05645,0.005645,2.6987843984876574
736,407227.3738420745,3383481.7927185036,zonal_sum,3024.882677078247,26.880984085136117,0,0.0,external,0,2956.0,8.49,0.06033,0.006033,18.249117190813067
737,407227.3738420745,3383981.7927185036,zonal_sum,3436.582103729248,23.27674399044247,8,32.0,external,1,4049.0,11.64,0.06455,0.006455,22.183137479572295
738,407227.3738420745,3384481.7927185036,zonal_sum,3199.2085933685303,31.0852152446508,4,16.0,external,0,2956.0,8.49,0.06033,0.006033,19.300825443792345
739,407227.3738420745,3384981.7927185036,zonal_sum,2428.5472297668457,45.666381532895564,6,24.0,external,4,8736.0,25.1,0.08655,0.008655,21.01907627363205
740,407227.3738420745,3385481.7927185036,zonal_sum,3785.0541038513184,45.73374668872623,2,8.0,external,4,8736.0,25.1,0.08655,0.008655,32.75964326883316
741,407227.3738420745,3385981.7927185036,zonal_sum,2981.2074451446533,39.73844794787628,4,16.0,external,0,2956.0,8.49,0.06033,0.006033,17.985624516557692
742,407227.3738420745,3386481.7927185036,zonal_sum,3061.2779693603516,42.2457941623693,1,4.0,external,4,8736.0,25.1,0.08655,0.008655,26.49536082481384
743,407227.3738420745,3386981.7927185036,zonal_sum,3110.802990913391,36.597049253815236,1,4.0,external,0,2956.0,8.49,0.06033,0.006033,18.76747444418049
744,407227.3738420745,3387481.7927185036,zonal_sum,1051.702581167221,38.20546296630784,0,0.0,external,0,2956.0,8.49,0.06033,0.006033,6.344921672181845
745,407227.3738420745,3387981.7927185036,zonal_sum,4595.786897659302,51.77603937702898,0,0.0,external,4,8736.0,25.1,0.08655,0.008655,39.77653559924126
746,407227.3738420745,3388481.7927185036,zonal_sum,5861.509071350098,43.796593523756485,8,32.0,external,1,4049.0,11.64,0.06455,0.006455,37.83604105556488
747,407227.3738420745,3388981.7927185036,zonal_sum,6163.0214920043945,38.09641911753422,2,8.0,external,0,2956.0,8.49,0.06033,0.006033,37.18150866126251
748,407227.3738420745,3389481.7927185036,zonal_sum,4004.6740341186523,50.80974274347527,14,56.0,external,1,4049.0,11.64,0.06455,0.006455,25.8501708902359
749,407227.3738420745,3389981.7927185036,zonal_sum,5558.9536056518555,54.84617463182701,3,12.0,external,4,8736.0,25.1,0.08655,0.008655,48.1127434569168
750,407227.3738420745,3390481.7927185036,zonal_sum,6868.7412109375,44.380236278991006,4,16.0,external,4,8736.0,25.1,0.08655,0.008655,59.44895518066406
751,407227.3738420745,3390981.7927185036,zonal_sum,6036.538726806641,32.35648146359141,2,8.0,external,0,2956.0,8.49,0.06033,0.006033,36.41843813882446
752,407227.3738420745,3391481.7927185036,zonal_sum,7372.699813842773,33.131923918614824,1,4.0,external,0,2956.0,8.49,0.06033,0.006033,44.47949797691345
753,407227.3738420745,3391981.7927185036,zonal_sum,4664.533338546753,35.55622921593623,0,0.0,external,0,2956.0,8.49,0.06033,0.006033,28.14112963145256
754,407227.3738420745,3392481.7927185036,zonal_sum,4059.4806022644043,37.21527209000804,6,24.0,external,1,4049.0,11.64,0.06455,0.006455,26.203947287616728
755,407227.3738420745,3392981.7927185036,zonal_sum,6491.764179229736,35.00193124896258,13,52.0,external,1,4049.0,11.64,0.06455,0.006455,41.904337776927946
756,407227.3738420745,3393481.7927185036,zonal_sum,7001.652984619141,33.88218508530687,9,36.0,external,1,4049.0,11.64,0.06455,0.006455,45.19567001571655
757,407227.3738420745,3393981.7927185036,zonal_sum,7286.821517944336,24.360943134584623,12,48.0,external,1,4049.0,11.64,0.06455,0.006455,47.03643289833069
758,407227.3738420745,3394481.7927185036,zonal_sum,5859.457824707031,20.862468456685935,12,48.0,external,1,4049.0,11.64,0.06455,0.006455,37.82280025848389
759,407227.3738420745,3394981.7927185036,zonal_sum,7043.169830322266,22.483761029157446,8,32.0,external,1,4049.0,11.64,0.06455,0.006455,45.463661254730226
760,407227.3738420745,3395481.7927185036,zonal_sum,7579.552459716797,26.341877877734056,13,52.0,external,1,4049.0,11.64,0.06455,0.006455,48.926011127471924
761,407227.3738420745,3395981.7927185036,zonal_sum,6103.422470092773,25.99508028053757,10,40.0,external,1,4049.0,11.64,0.06455,0.006455,39.39759204444885
762,407227.3738420745,3396481.7927185036,zonal_sum,6139.391868591309,26.586915029196696,12,48.0,external,1,4049.0,11.64,0.06455,0.006455,39.62977451175689
763,407227.3738420745,3396981.7927185036,zonal_sum,4908.1511306762695,24.095860888235634,13,52.0,external,1,4049.0,11.64,0.06455,0.006455,31.68211554851532
764,407227.3738420745,3397481.7927185036,zonal_sum,6557.847412109375,19.693948090591384,12,48.0,external,1,4049.0,11.64,0.06455,0.006455,42.33090504516601
765,407227.3738420745,3397981.7927185036,zonal_sum,4084.473286628723,23.041155395620454,7,28.0,external,1,4049.0,11.64,0.06455,0.006455,26.365275065188406
766,407227.3738420745,3398481.7927185036,zonal_sum,3187.4641494750977,24.46416551759169,7,28.0,external,1,4049.0,11.64,0.06455,0.006455,20.575081084861754
767,407227.3738420745,3398981.7927185036,zonal_sum,2293.8977518081665,19.71626650808673,11,44.0,external,1,4049.0,11.64,0.06455,0.006455,14.807109987921715
768,407227.3738420745,3399481.7927185036,zonal_sum,2409.1863020062447,15.961999015369607,1,4.0,external,3,1877.0,5.39,0.05645,0.005645,13.59985667482525
769,407227.3738420745,3399981.7927185036,zonal_sum,2946.612633705139,12.111158933109918,0,0.0,external,3,1877.0,5.39,0.05645,0.005645,16.63362831726551
770,407227.3738420745,3400481.7927185036,zonal_sum,2477.31729221344,12.269210941023546,0,0.0,external,3,1877.0,5.39,0.05645,0.005645,13.984456114544868
771,407227.3738420745,3400981.7927185036,zonal_sum,2407.584261894226,12.726343705681899,1,4.0,external,3,1877.0,5.39,0.05645,0.005645,13.590813158392907
772,407227.3738420745,3401481.7927185036,zonal_sum,3036.3375282287598,13.351074068758532,0,0.0,external,3,1877.0,5.39,0.05645,0.005645,17.14012534685135
773,407227.3738420745,3401981.7927185036,zonal_sum,3420.1142349243164,13.689802607589584,0,0.0,external,3,1877.0,5.39,0.05645,0.005645,19.306544856147767
774,407227.3738420745,3402481.7927185036,zonal_sum,5125.828121185303,16.69930940527241,0,0.0,external,3,1877.0,5.39,0.05645,0.005645,28.935299744091033
775,407227.3738420745,3402981.7927185036,zonal_sum,2997.9424591064453,17.76083085500941,0,0.0,external,3,1877.0,5.39,0.05645,0.005645,16.923385181655885
776,407727.3738420745,3367981.7927185036,zonal_sum,1012.8415112495422,19.79410363203046,0,0.0,external,3,1877.0,5.39,0.05645,0.005645,5.717490331003666
777,407727.3738420745,3368481.7927185036,zonal_sum,392.9481419995427,27.01092560935821,0,0.0,external,0,2956.0,8.49,0.06033,0.006033,2.3706561406832414
778,407727.3738420745,3368981.7927185036,zonal_sum,305.0958819501102,33.57171948263826,0,0.0,external,0,2956.0,8.49,0.06033,0.006033,1.8406434558050149
779,407727.3738420745,3369481.7927185036,zonal_sum,162.3686003126204,22.880185878570487,0,0.0,external,3,1877.0,5.39,0.05645,0.005645,0.9165707487647421
780,407727.3738420745,3369981.7927185036,zonal_sum,440.86386657878757,20.327283245630664,0,0.0,external,3,1877.0,5.39,0.05645,0.005645,2.488676526837256
781,407727.3738420745,3370481.7927185036,zonal_sum,222.13721746951342,24.201742878700138,0,0.0,external,0,2956.0,8.49,0.06033,0.006033,1.3401538329935745
782,407727.3738420745,3370981.7927185036,zonal_sum,291.70215295255184,22.912065603029614,0,0.0,external,3,1877.0,5.39,0.05645,0.005645,1.646658653417155
783,407727.3738420745,3371481.7927185036,zonal_sum,332.30373668670654,24.59004892873802,0,0.0,external,0,2956.0,8.49,0.06033,0.006033,2.0047884434309005
784,407727.3738420745,3371981.7927185036,zonal_sum,1178.5733261108398,31.285402972638845,0,0.0,external,0,2956.0,8.49,0.06033,0.006033,7.110332876426697
785,407727.3738420745,3372481.7927185036,zonal_sum,1346.4711465835571,32.3679510941225,0,0.0,external,0,2956.0,8.49,0.06033,0.006033,8.1232604273386
786,407727.3738420745,3372981.7927185036,zonal_sum,731.0557899475098,35.95720766312535,0,0.0,external,0,2956.0,8.49,0.06033,0.006033,4.410459580753327
787,407727.3738420745,3373481.7927185036,zonal_sum,1440.80073595047,31.83457817957403,0,0.0,external,0,2956.0,8.49,0.06033,0.006033,8.692350839989185
788,407727.3738420745,3373981.7927185036,zonal_sum,569.5018444359303,22.500657888367822,0,0.0,external,3,1877.0,5.39,0.05645,0.005645,3.214837911840826
789,407727.3738420745,3374481.7927185036,zonal_sum,3260.7110920250416,17.587834419147203,3,12.0,external,3,1877.0,5.39,0.05645,0.005645,18.40671411448136
790,407727.3738420745,3374981.7927185036,zonal_sum,2925.479153215885,21.64295605165581,1,4.0,external,3,1877.0,5.39,0.05645,0.005645,16.514329819903672
791,407727.3738420745,3375481.7927185036,zonal_sum,2125.7060940265656,29.899763211553502,0,0.0,external,0,2956.0,8.49,0.06033,0.006033,12.824384865262271
792,407727.3738420745,3375981.7927185036,zonal_sum,3807.950410604477,33.830766557255416,1,4.0,external,0,2956.0,8.49,0.06033,0.006033,22.97336482717681
793,407727.3738420745,3376481.7927185036,zonal_sum,4323.173873901367,35.34878150195265,3,12.0,external,0,2956.0,8.49,0.06033,0.006033,26.08170798124695
794,407727.3738420745,3376981.7927185036,zonal_sum,4908.208381652832,30.128672236154202,0,0.0,external,0,2956.0,8.49,0.06033,0.006033,29.611221166511537
795,407727.3738420745,3377481.7927185036,zonal_sum,4101.847789764404,32.059917495746376,5,20.0,external,0,2956.0,8.49,0.06033,0.006033,24.746447715648653
796,407727.3738420745,3377981.7927185036,zonal_sum,1488.5360556840897,22.395859530242586,3,12.0,external,3,1877.0,5.39,0.05645,0.005645,8.402786034336685
797,407727.3738420745,3378481.7927185036,zonal_sum,196.69276276230812,20.56315522535765,0,0.0,external,3,1877.0,5.39,0.05645,0.005645,1.1103306457932294
798,407727.3738420745,3378981.7927185036,zonal_sum,151.18933391571045,25.556898895380762,0,0.0,external,0,2956.0,8.49,0.06033,0.006033,0.9121252515134811
799,407727.3738420745,3379481.7927185036,zonal_sum,2545.3769340515137,37.57020791220338,1,4.0,external,0,2956.0,8.49,0.06033,0.006033,15.356259043132782
800,407727.3738420745,3379981.7927185036,zonal_sum,2563.526114463806,53.65165411271505,9,36.0,external,4,8736.0,25.1,0.08655,0.008655,22.18731852068424
801,407727.3738420745,3380481.7927185036,zonal_sum,3471.176730155945,61.94618761609865,0,0.0,external,4,8736.0,25.1,0.08655,0.008655,30.043034599499702
802,407727.3738420745,3380981.7927185036,zonal_sum,4010.041816711426,38.65322103562954,6,24.0,external,1,4049.0,11.64,0.06455,0.006455,25.884819926872254
803,407727.3738420745,3381481.7927185036,zonal_sum,2997.880060195923,39.7972016612067,2,8.0,external,0,2956.0,8.49,0.06033,0.006033,18.086210403162003
804,407727.3738420745,3381981.7927185036,zonal_sum,1963.764165878296,38.10867715007078,4,16.0,external,0,2956.0,8.49,0.06033,0.006033,11.84738921274376
805,407727.3738420745,3382481.7927185036,zonal_sum,629.8271582610905,21.932895770326116,1,4.0,external,3,1877.0,5.39,0.05645,0.005645,3.555374308383856
806,407727.3738420745,3382981.7927185036,zonal_sum,459.8126669675112,24.357908975994974,0,0.0,external,0,2956.0,8.49,0.06033,0.006033,2.774049819814995
807,407727.3738420745,3383481.7927185036,zonal_sum,2781.7771606445312,34.751743866181904,3,12.0,external,0,2956.0,8.49,0.06033,0.006033,16.782461610168458
808,407727.3738420745,3383981.7927185036,zonal_sum,1781.932349205017,30.77522062152051,0,0.0,external,0,2956.0,8.49,0.06033,0.006033,10.750397862753868
809,407727.3738420745,3384481.7927185036,zonal_sum,3883.9855461120605,31.347694880507376,0,0.0,external,0,2956.0,8.49,0.06033,0.006033,23.432084799694064
810,407727.3738420745,3384981.7927185036,zonal_sum,4487.940116882324,43.9674506456414,6,24.0,external,4,8736.0,25.1,0.08655,0.008655,38.84312171161651
811,407727.3738420745,3385481.7927185036,zonal_sum,3817.685464322567,54.59881155460573,5,20.0,external,4,8736.0,25.1,0.08655,0.008655,33.042067693711815
812,407727.3738420745,3385981.7927185036,zonal_sum,3697.2623767852783,47.950361628122224,10,40.0,external,1,4049.0,11.64,0.06455,0.006455,23.86582864214897
813,407727.3738420745,3386481.7927185036,zonal_sum,5834.770580291748,41.05768484530273,14,56.0,external,1,4049.0,11.64,0.06455,0.006455,37.663444095783234
814,407727.3738420745,3386981.7927185036,zonal_sum,4949.79801940918,37.65241703579673,5,20.0,external,0,2956.0,8.49,0.06033,0.006033,29.862131451095582
815,407727.3738420745,3387481.7927185036,zonal_sum,3798.985376358032,47.11992561040023,0,0.0,external,4,8736.0,25.1,0.08655,0.008655,32.88021843237877
816,407727.3738420745,3387981.7927185036,zonal_sum,5235.049694061279,87.43510113041276,0,0.0,external,4,8736.0,25.1,0.08655,0.008655,45.30935510210037
817,407727.3738420745,3388481.7927185036,zonal_sum,5503.524078369141,68.28731672320805,14,56.0,external,4,8736.0,25.1,0.08655,0.008655,47.63300089828491
818,407727.3738420745,3388981.7927185036,zonal_sum,6898.519790649414,57.50064198800171,3,12.0,external,4,8736.0,25.1,0.08655,0.008655,59.70668878807068
819,407727.3738420745,3389481.7927185036,zonal_sum,6837.035736083984,44.359253004933784,6,24.0,external,4,8736.0,25.1,0.08655,0.008655,59.17454429580688
820,407727.3738420745,3389981.7927185036,zonal_sum,6505.469287872314,40.551626208302835,12,48.0,external,1,4049.0,11.64,0.06455,0.006455,41.99280425321579
821,407727.3738420745,3390481.7927185036,zonal_sum,8489.489028930664,39.23840529835317,7,28.0,external,1,4049.0,11.64,0.06455,0.006455,54.799651681747434
822,407727.3738420745,3390981.7927185036,zonal_sum,7009.048049926758,30.047301079865928,4,16.0,external,0,2956.0,8.49,0.06033,0.006033,42.28558688520813
823,407727.3738420745,3391481.7927185036,zonal_sum,7608.862075805664,34.211224759988305,4,16.0,external,0,2956.0,8.49,0.06033,0.006033,45.90426490333557
824,407727.3738420745,3391981.7927185036,zonal_sum,5871.268720626831,38.5562752318201,9,36.0,external,1,4049.0,11.64,0.06455,0.006455,37.89903959164619
825,407727.3738420745,3392481.7927185036,zonal_sum,3751.843659758568,40.3010126577838,16,64.0,external,1,4049.0,11.64,0.06455,0.006455,24.218150823741553
826,407727.3738420745,3392981.7927185036,zonal_sum,7212.937698364258,39.613395326066986,15,60.0,external,1,4049.0,11.64,0.06455,0.006455,46.55951284294128
827,407727.3738420745,3393481.7927185036,zonal_sum,6047.281921386719,29.93382867280028,13,52.0,external,1,4049.0,11.64,0.06455,0.006455,39.03520480255127
828,407727.3738420745,3393981.7927185036,zonal_sum,7063.476150512695,23.158803226867775,8,32.0,external,1,4049.0,11.64,0.06455,0.006455,45.594738551559445
829,407727.3738420745,3394481.7927185036,zonal_sum,5591.18440246582,23.624032730916323,22,88.0,external,2,5546.0,15.94,0.07085,0.007085,39.613541491470336
830,407727.3738420745,3394981.7927185036,zonal_sum,7456.588897705078,24.401908881646577,7,28.0,external,1,4049.0,11.64,0.06455,0.006455,48.132281334686276
831,407727.3738420745,3395481.7927185036,zonal_sum,6904.886764526367,30.470993888418366,14,56.0,external,1,4049.0,11.64,0.06455,0.006455,44.5710440650177
832,407727.3738420745,3395981.7927185036,zonal_sum,5493.069728851318,32.51829455219503,14,56.0,external,1,4049.0,11.64,0.06455,0.006455,35.45776509973526
833,407727.3738420745,3396481.7927185036,zonal_sum,8563.330307006836,30.418957146097426,14,56.0,external,1,4049.0,11.64,0.06455,0.006455,55.27629713172912
834,407727.3738420745,3396981.7927185036,zonal_sum,6343.643951416016,24.40486644975575,17,68.0,external,1,4049.0,11.64,0.06455,0.006455,40.94822170639038
835,407727.3738420745,3397481.7927185036,zonal_sum,7124.071098327637,18.559735622789102,16,64.0,external,1,4049.0,11.64,0.06455,0.006455,45.9858789397049
836,407727.3738420745,3397981.7927185036,zonal_sum,6333.3349609375,20.50535527702858,8,32.0,external,1,4049.0,11.64,0.06455,0.006455,40.88167717285156
837,407727.3738420745,3398481.7927185036,zonal_sum,7152.091979980469,24.19076663838142,17,68.0,external,1,4049.0,11.64,0.06455,0.006455,46.16675373077393
838,407727.3738420745,3398981.7927185036,zonal_sum,4834.797716140747,26.704185421867308,14,56.0,external,1,4049.0,11.64,0.06455,0.006455,31.20861925768852
839,407727.3738420745,3399481.7927185036,zonal_sum,1999.7572494745255,19.901602159447084,0,0.0,external,3,1877.0,5.39,0.05645,0.005645,11.288629673283696
840,407727.3738420745,3399981.7927185036,zonal_sum,2883.762143611908,14.17568053398503,1,4.0,external,3,1877.0,5.39,0.05645,0.005645,16.27883730068922
841,407727.3738420745,3400481.7927185036,zonal_sum,1021.817685842514,10.834334297608539,0,0.0,external,3,1877.0,5.39,0.05645,0.005645,5.768160836580992
842,407727.3738420745,3400981.7927185036,zonal_sum,1506.6678686141968,14.928741120780925,0,0.0,external,3,1877.0,5.39,0.05645,0.005645,8.505140118327141
843,407727.3738420745,3401481.7927185036,zonal_sum,2286.468403816223,18.522157804652522,0,0.0,external,3,1877.0,5.39,0.05645,0.005645,12.90711413954258
844,407727.3738420745,3401981.7927185036,zonal_sum,2998.5632514953613,14.654035441403591,0,0.0,external,3,1877.0,5.39,0.05645,0.005645,16.926889554691314
845,407727.3738420745,3402481.7927185036,zonal_sum,4743.3936767578125,15.262126372982666,0,0.0,external,3,1877.0,5.39,0.05645,0.005645,26.77645730529785
846,407727.3738420745,3402981.7927185036,zonal_sum,2972.097225189209,15.973865227622275,0,0.0,external,3,1877.0,5.39,0.05645,0.005645,16.777488836193083
847,408227.3738420745,3367981.7927185036,zonal_sum,1320.8471685796976,32.239491038769756,0,0.0,external,0,2956.0,8.49,0.06033,0.006033,7.968670968041316
848,408227.3738420745,3368481.7927185036,zonal_sum,655.1924920082092,37.54410087053983,0,0.0,external,0,2956.0,8.49,0.06033,0.006033,3.952776304285526
849,408227.3738420745,3368981.7927185036,zonal_sum,959.4596109390259,46.65523971518245,0,0.0,external,4,8736.0,25.1,0.08655,0.008655,8.304122932677268
850,408227.3738420745,3369481.7927185036,zonal_sum,547.6252846717834,37.79294678756884,0,0.0,external,0,2956.0,8.49,0.06033,0.006033,3.3038233424248697
851,408227.3738420745,3369981.7927185036,zonal_sum,1054.0316977500916,28.348678578142085,0,0.0,external,0,2956.0,8.49,0.06033,0.006033,6.358973232526303
852,408227.3738420745,3370481.7927185036,zonal_sum,214.30036766827106,24.239071683877597,0,0.0,external,0,2956.0,8.49,0.06033,0.006033,1.2928741181426793
853,408227.3738420745,3370981.7927185036,zonal_sum,60.40517731383443,22.52513599167483,1,4.0,external,3,1877.0,5.39,0.05645,0.005645,0.34098722593659536
854,408227.3738420745,3371481.7927185036,zonal_sum,73.18163902312517,24.842356170241736,0,0.0,external,0,2956.0,8.49,0.06033,0.006033,0.44150482822651416
855,408227.3738420745,3371981.7927185036,zonal_sum,339.17626136541367,29.561836634663493,0,0.0,external,0,2956.0,8.49,0.06033,0.006033,2.0462503848175406
856,408227.3738420745,3372481.7927185036,zonal_sum,449.78871427476406,31.77878950935022,0,0.0,external,0,2956.0,8.49,0.06033,0.006033,2.7135753132196516
857,408227.3738420745,3372981.7927185036,zonal_sum,525.178005695343,32.3623304191184,0,0.0,external,0,2956.0,8.49,0.06033,0.006033,3.1683989083600044
858,408227.3738420745,3373481.7927185036,zonal_sum,3102.075216293335,27.92103908710486,0,0.0,external,0,2956.0,8.49,0.06033,0.006033,18.71481977989769
859,408227.3738420745,3373981.7927185036,zonal_sum,636.8961333334446,20.62687445461527,0,0.0,external,3,1877.0,5.39,0.05645,0.005645,3.5952786726672947
860,408227.3738420745,3374481.7927185036,zonal_sum,2123.787721604109,18.63173666824394,2,8.0,external,3,1877.0,5.39,0.05645,0.005645,11.988781688455195
861,408227.3738420745,3374981.7927185036,zonal_sum,1390.6247894912958,20.882185726251272,7,28.0,external,1,4049.0,11.64,0.06455,0.006455,8.976483016166314
862,408227.3738420745,3375481.7927185036,zonal_sum,2579.995009690523,28.021650208487767,2,8.0,external,0,2956.0,8.49,0.06033,0.006033,15.565109893462926
863,408227.3738420745,3375981.7927185036,zonal_sum,7652.563903808594,31.797314754401896,1,4.0,external,0,2956.0,8.49,0.06033,0.006033,46.167918031677246
864,408227.3738420745,3376481.7927185036,zonal_sum,6205.906631469727,34.013193504830625,0,0.0,external,0,2956.0,8.49,0.06033,0.006033,37.44023470765686
865,408227.3738420745,3376981.7927185036,zonal_sum,7219.5819091796875,34.68961768848748,6,24.0,external,1,4049.0,11.64,0.06455,0.006455,46.60240122375488
866,408227.3738420745,3377481.7927185036,zonal_sum,5498.815124511719,36.67056875648728,0,0.0,external,0,2956.0,8.49,0.06033,0.006033,33.1743516461792
867,408227.3738420745,3377981.7927185036,zonal_sum,4053.9465589523315,35.24789483121539,1,4.0,external,0,2956.0,8.49,0.06033,0.006033,24.457459590159417
868,408227.3738420745,3378481.7927185036,zonal_sum,3869.7201013565063,30.283509658051543,0,0.0,external,0,2956.0,8.49,0.06033,0.006033,23.346021371483804
869,408227.3738420745,3378981.7927185036,zonal_sum,1199.2020809650421,31.301709595467706,0,0.0,external,0,2956.0,8.49,0.06033,0.006033,7.2347861544621
870,408227.3738420745,3379481.7927185036,zonal_sum,4052.4198427200317,37.988950078384896,3,12.0,external,0,2956.0,8.49,0.06033,0.006033,24.44824891112995
871,408227.3738420745,3379981.7927185036,zonal_sum,3095.1634855270386,50.34471364931914,3,12.0,external,4,8736.0,25.1,0.08655,0.008655,26.788639967236517
872,408227.3738420745,3380481.7927185036,zonal_sum,4222.182052612305,58.81148254164593,15,60.0,external,1,4049.0,11.64,0.06455,0.006455,27.254185149612425
873,408227.3738420745,3380981.7927185036,zonal_sum,4735.156074523926,54.35662886182405,3,12.0,external,4,8736.0,25.1,0.08655,0.008655,40.98277582500457
874,408227.3738420745,3381481.7927185036,zonal_sum,1564.2073221206665,53.878102765622415,2,8.0,external,4,8736.0,25.1,0.08655,0.008655,13.538214372954368
875,408227.3738420745,3381981.7927185036,zonal_sum,2460.102270126343,45.17558810496791,1,4.0,external,4,8736.0,25.1,0.08655,0.008655,21.292185147943496
876,408227.3738420745,3382481.7927185036,zonal_sum,496.04784048348665,29.65096864699718,0,0.0,external,0,2956.0,8.49,0.06033,0.006033,2.992656621636875
877,408227.3738420745,3382981.7927185036,zonal_sum,894.782015459612,32.93743188542658,0,0.0,external,0,2956.0,8.49,0.06033,0.006033,5.39821989926784
878,408227.3738420745,3383481.7927185036,zonal_sum,3703.981201171875,39.69050196955569,0,0.0,external,0,2956.0,8.49,0.06033,0.006033,22.346118586669924
879,408227.3738420745,3383981.7927185036,zonal_sum,2241.7199306488037,40.371528927905736,2,8.0,external,0,2956.0,8.49,0.06033,0.006033,13.524296341604233
880,408227.3738420745,3384481.7927185036,zonal_sum,2856.468222618103,45.936556532820504,7,28.0,external,4,8736.0,25.1,0.08655,0.008655,24.72273246675968
881,408227.3738420745,3384981.7927185036,zonal_sum,3553.868667602539,47.89152721315341,2,8.0,external,4,8736.0,25.1,0.08655,0.008655,30.758733318099974
882,408227.3738420745,3385481.7927185036,zonal_sum,3401.946334838867,56.58502503911931,1,4.0,external,4,8736.0,25.1,0.08655,0.008655,29.443845528030394
883,408227.3738420745,3385981.7927185036,zonal_sum,1627.2023754119873,59.02419102465037,2,8.0,external,4,8736.0,25.1,0.08655,0.008655,14.08343655919075
884,408227.3738420745,3386481.7927185036,zonal_sum,4883.589504241943,50.44025267892425,3,12.0,external,4,8736.0,25.1,0.08655,0.008655,42.267467159214014
885,408227.3738420745,3386981.7927185036,zonal_sum,2723.640573501587,38.61210740868167,2,8.0,external,0,2956.0,8.49,0.06033,0.006033,16.431723579935074
886,408227.3738420745,3387481.7927185036,zonal_sum,5439.5155029296875,61.07669551168184,4,16.0,external,4,8736.0,25.1,0.08655,0.008655,47.07900667785644
887,408227.3738420745,3387981.7927185036,zonal_sum,6990.828273773193,74.57230173613297,5,20.0,external,4,8736.0,25.1,0.08655,0.008655,60.50561870950698
888,408227.3738420745,3388481.7927185036,zonal_sum,4894.465648651123,58.853176458177266,8,32.0,external,4,8736.0,25.1,0.08655,0.008655,42.36160018907547
889,408227.3738420745,3388981.7927185036,zonal_sum,6541.041484832764,59.80415564781009,1,4.0,external,4,8736.0,25.1,0.08655,0.008655,56.61271405122756
890,408227.3738420745,3389481.7927185036,zonal_sum,4979.161865234375,35.13877355374125,4,16.0,external,0,2956.0,8.49,0.06033,0.006033,30.039283532958986
891,408227.3738420745,3389981.7927185036,zonal_sum,4688.5056076049805,36.00066175824119,8,32.0,external,1,4049.0,11.64,0.06455,0.006455,30.26430369709015
892,408227.3738420745,3390481.7927185036,zonal_sum,6778.461372375488,38.02305124492722,12,48.0,external,1,4049.0,11.64,0.06455,0.006455,43.75496815868377
893,408227.3738420745,3390981.7927185036,zonal_sum,3839.2847957611084,36.060251040987,10,40.0,external,1,4049.0,11.64,0.06455,0.006455,24.782583356637954
894,408227.3738420745,3391481.7927185036,zonal_sum,6036.330791473389,34.71267950480182,1,4.0,external,0,2956.0,8.49,0.06033,0.006033,36.417183664958955
895,408227.3738420745,3391981.7927185036,zonal_sum,5838.491518974304,37.98799355449514,6,24.0,external,1,4049.0,11.64,0.06455,0.006455,37.68746275497913
896,408227.3738420745,3392481.7927185036,zonal_sum,5156.208542585373,39.292071660863165,22,88.0,external,2,5546.0,15.94,0.07085,0.007085,36.53173752421737
897,408227.3738420745,3392981.7927185036,zonal_sum,7213.842193603516,43.331346411259325,24,96.0,external,2,5546.0,15.94,0.07085,0.007085,51.11007194168091
898,408227.3738420745,3393481.7927185036,zonal_sum,6175.847717285156,31.239687278688486,10,40.0,external,1,4049.0,11.64,0.06455,0.006455,39.86509701507568
899,408227.3738420745,3393981.7927185036,zonal_sum,6588.298515319824,27.121677487607773,4,16.0,external,0,2956.0,8.49,0.06033,0.006033,39.7472049429245
900,408227.3738420745,3394481.7927185036,zonal_sum,5855.3111572265625,28.444752387470363,18,72.0,external,1,4049.0,11.64,0.06455,0.006455,37.79603351989746
901,408227.3738420745,3394981.7927185036,zonal_sum,6086.105827331543,28.83173416354193,16,64.0,external,1,4049.0,11.64,0.06455,0.006455,39.28581311542511
902,408227.3738420745,3395481.7927185036,zonal_sum,6057.372528076172,28.033179116232326,14,56.0,external,1,4049.0,11.64,0.06455,0.006455,39.100339668731685
903,408227.3738420745,3395981.7927185036,zonal_sum,5970.368179321289,30.76616401424936,28,112.0,external,2,5546.0,15.94,0.07085,0.007085,42.300058550491336
904,408227.3738420745,3396481.7927185036,zonal_sum,7042.03200340271,30.673602200334816,31,124.0,external,2,5546.0,15.94,0.07085,0.007085,49.8927967441082
905,408227.3738420745,3396981.7927185036,zonal_sum,6191.888137817383,23.07177637531123,23,92.0,external,2,5546.0,15.94,0.07085,0.007085,43.86952745643616
906,408227.3738420745,3397481.7927185036,zonal_sum,5055.831820487976,17.644341089504938,14,56.0,external,1,4049.0,11.64,0.06455,0.006455,32.63539440124988
907,408227.3738420745,3397981.7927185036,zonal_sum,5932.869491577148,18.66452759019811,9,36.0,external,1,4049.0,11.64,0.06455,0.006455,38.29667256813049
908,408227.3738420745,3398481.7927185036,zonal_sum,6977.083236694336,21.11477068871198,1,4.0,external,3,1877.0,5.39,0.05645,0.005645,39.38563487113952
909,408227.3738420745,3398981.7927185036,zonal_sum,6928.170471191406,28.808638343994563,8,32.0,external,1,4049.0,11.64,0.06455,0.006455,44.72134039154053
910,408227.3738420745,3399481.7927185036,zonal_sum,1111.5396529436111,21.563643608234102,1,4.0,external,3,1877.0,5.39,0.05645,0.005645,6.274641340866685
911,408227.3738420745,3399981.7927185036,zonal_sum,3847.5375080108643,20.08312810975776,0,0.0,external,3,1877.0,5.39,0.05645,0.005645,21.719349232721328
912,408227.3738420745,3400481.7927185036,zonal_sum,3027.8968238830566,12.718757168690097,0,0.0,external,3,1877.0,5.39,0.05645,0.005645,17.092477570819856
913,408227.3738420745,3400981.7927185036,zonal_sum,3485.436326980591,16.88299037277938,0,0.0,external,3,1877.0,5.39,0.05645,0.005645,19.675288065805436
914,408227.3738420745,3401481.7927185036,zonal_sum,1992.5597553253174,23.50887093724853,0,0.0,external,3,1877.0,5.39,0.05645,0.005645,11.247999818811417
915,408227.3738420745,3401981.7927185036,zonal_sum,2175.8601608276367,18.333870888570484,0,0.0,external,3,1877.0,5.39,0.05645,0.005645,12.28273060787201
916,408227.3738420745,3402481.7927185036,zonal_sum,4048.3348503112793,16.15339796454817,0,0.0,external,3,1877.0,5.39,0.05645,0.005645,22.85285023000717
917,408227.3738420745,3402981.7927185036,zonal_sum,2239.853247642517,14.850889912390798,1,4.0,external,3,1877.0,5.39,0.05645,0.005645,12.643971582942008
918,408727.3738420745,3367481.7927185036,zonal_sum,1898.1225586682558,42.90963500688355,0,0.0,external,4,8736.0,25.1,0.08655,0.008655,16.428250745273754
919,408727.3738420745,3367981.7927185036,zonal_sum,650.5438284873962,48.91540439499455,0,0.0,external,4,8736.0,25.1,0.08655,0.008655,5.630456835558414
920,408727.3738420745,3368481.7927185036,zonal_sum,956.5711522102356,39.77243753154779,0,0.0,external,0,2956.0,8.49,0.06033,0.006033,5.770993761284352
921,408727.3738420745,3368981.7927185036,zonal_sum,642.301666289568,37.33861290136486,1,4.0,external,0,2956.0,8.49,0.06033,0.006033,3.8750059527249636
922,408727.3738420745,3369481.7927185036,zonal_sum,1161.713583946228,34.32302238508775,0,0.0,external,0,2956.0,8.49,0.06033,0.006033,7.008618051947594
923,408727.3738420745,3369981.7927185036,zonal_sum,910.1267757415771,26.348166971643014,0,0.0,external,0,2956.0,8.49,0.06033,0.006033,5.490794838048935
924,408727.3738420745,3370481.7927185036,zonal_sum,528.8584594726562,21.559294998944445,1,4.0,external,3,1877.0,5.39,0.05645,0.005645,2.9854060037231442
925,408727.3738420745,3370981.7927185036,zonal_sum,57.646246779710054,22.06180150577985,0,0.0,external,3,1877.0,5.39,0.05645,0.005645,0.3254130630714632
926,408727.3738420745,3371481.7927185036,zonal_sum,167.55719536542892,24.832086627211666,0,0.0,external,0,2956.0,8.49,0.06033,0.006033,1.0108725596396326
927,408727.3738420745,3371981.7927185036,zonal_sum,196.49601532518864,28.760132363734275,0,0.0,external,0,2956.0,8.49,0.06033,0.006033,1.185460460456863
928,408727.3738420745,3372481.7927185036,zonal_sum,70.386329267174,29.31041105240413,0,0.0,external,0,2956.0,8.49,0.06033,0.006033,0.4246407244688608
929,408727.3738420745,3372981.7927185036,zonal_sum,261.84248873591423,32.3055551243453,0,0.0,external,0,2956.0,8.49,0.06033,0.006033,1.5796957345437705
930,408727.3738420745,3373481.7927185036,zonal_sum,3132.887948989868,31.90017090458166,3,12.0,external,0,2956.0,8.49,0.06033,0.006033,18.900712996255876
931,408727.3738420745,3373981.7927185036,zonal_sum,2922.7295122146606,27.44829664428138,0,0.0,external,0,2956.0,8.49,0.06033,0.006033,17.632827147191048
932,408727.3738420745,3374481.7927185036,zonal_sum,1141.7132382914424,24.913665674806673,2,8.0,external,0,2956.0,8.49,0.06033,0.006033,6.887955966612272
933,408727.3738420745,3374981.7927185036,zonal_sum,1123.8359463959932,28.157144848568112,3,12.0,external,0,2956.0,8.49,0.06033,0.006033,6.780102264607027
934,408727.3738420745,3375481.7927185036,zonal_sum,7507.755261003971,30.465820749213254,8,32.0,external,1,4049.0,11.64,0.06455,0.006455,48.462560209780634
935,408727.3738420745,3375981.7927185036,zonal_sum,5143.927441596985,25.72383324775849,5,20.0,external,0,2956.0,8.49,0.06033,0.006033,31.03331425515461
936,408727.3738420745,3376481.7927185036,zonal_sum,4825.955487668514,27.719275773406395,0,0.0,external,0,2956.0,8.49,0.06033,0.006033,29.114989457104148
937,408727.3738420745,3376981.7927185036,zonal_sum,6391.575040966272,28.69514811204827,1,4.0,external,0,2956.0,8.49,0.06033,0.006033,38.560372222149525
938,408727.3738420745,3377481.7927185036,zonal_sum,5670.31428527832,34.821542558885234,0,0.0,external,0,2956.0,8.49,0.06033,0.006033,34.209006083084105
939,408727.3738420745,3377981.7927185036,zonal_sum,7228.162002563477,34.066003525122404,0,0.0,external,0,2956.0,8.49,0.06033,0.006033,43.60750136146545
940,408727.3738420745,3378481.7927185036,zonal_sum,4015.6021060943604,32.654087033326675,2,8.0,external,0,2956.0,8.49,0.06033,0.006033,24.226127506067275
941,408727.3738420745,3378981.7927185036,zonal_sum,1783.764211654663,34.11972759360057,1,4.0,external,0,2956.0,8.49,0.06033,0.006033,10.761449488912582
942,408727.3738420745,3379481.7927185036,zonal_sum,2241.5408420562744,36.85379490608393,0,0.0,external,0,2956.0,8.49,0.06033,0.006033,13.523215900125503
943,408727.3738420745,3379981.7927185036,zonal_sum,1449.7360671758652,38.86081214928369,2,8.0,external,0,2956.0,8.49,0.06033,0.006033,8.746257693271994
944,408727.3738420745,3380481.7927185036,zonal_sum,3447.2876430153847,39.26475958589118,1,4.0,external,0,2956.0,8.49,0.06033,0.006033,20.797486350311818
945,408727.3738420745,3380981.7927185036,zonal_sum,5072.8377685546875,44.98972892420887,13,52.0,external,1,4049.0,11.64,0.06455,0.006455,32.74516779602051
946,408727.3738420745,3381481.7927185036,zonal_sum,2665.557991027832,52.39254702242447,21,84.0,external,2,5546.0,15.94,0.07085,0.007085,18.88547836643219
947,408727.3738420745,3381981.7927185036,zonal_sum,1483.147737532854,44.48233677097697,1,4.0,external,4,8736.0,25.1,0.08655,0.008655,12.836643668346852
948,408727.3738420745,3382481.7927185036,zonal_sum,90.21861154586077,29.980024818079876,1,4.0,external,0,2956.0,8.49,0.06033,0.006033,0.544288883456178
949,408727.3738420745,3382981.7927185036,zonal_sum,3160.9960872530937,35.990787440288074,2,8.0,external,0,2956.0,8.49,0.06033,0.006033,19.070289394397914
950,408727.3738420745,3383481.7927185036,zonal_sum,4389.319751739502,40.87621988791676,1,4.0,external,0,2956.0,8.49,0.06033,0.006033,26.480766062244417
951,408727.3738420745,3383981.7927185036,zonal_sum,4686.6325607299805,53.446985535767155,1,4.0,external,4,8736.0,25.1,0.08655,0.008655,40.56280481311798
952,408727.3738420745,3384481.7927185036,zonal_sum,4192.240238189697,64.02658975074888,6,24.0,external,4,8736.0,25.1,0.08655,0.008655,36.28383926153183
953,408727.3738420745,3384981.7927185036,zonal_sum,6127.3065185546875,56.872535785659544,2,8.0,external,4,8736.0,25.1,0.08655,0.008655,53.031837918090815
954,408727.3738420745,3385481.7927185036,zonal_sum,6556.795333862305,58.61723055288751,0,0.0,external,4,8736.0,25.1,0.08655,0.008655,56.74906361457824
955,408727.3738420745,3385981.7927185036,zonal_sum,4834.148643493652,61.83828308569525,1,4.0,external,4,8736.0,25.1,0.08655,0.008655,41.83955650943756
956,408727.3738420745,3386481.7927185036,zonal_sum,3243.4031047821045,57.17097292668841,0,0.0,external,4,8736.0,25.1,0.08655,0.008655,28.07165387188911
957,408727.3738420745,3386981.7927185036,zonal_sum,3906.0088062286377,48.487008624332496,0,0.0,external,4,8736.0,25.1,0.08655,0.008655,33.806506217908854
958,408727.3738420745,3387481.7927185036,zonal_sum,5865.921310424805,34.31432214047731,11,44.0,external,1,4049.0,11.64,0.06455,0.006455,37.86452205879211
959,408727.3738420745,3387981.7927185036,zonal_sum,7203.881072998047,38.017786949621744,10,40.0,external,1,4049.0,11.64,0.06455,0.006455,46.50105232620239
960,408727.3738420745,3388481.7927185036,zonal_sum,5720.115760803223,48.73092534601604,3,12.0,external,4,8736.0,25.1,0.08655,0.008655,49.50760190975189
961,408727.3738420745,3388981.7927185036,zonal_sum,7278.224151611328,46.91443906183785,9,36.0,external,1,4049.0,11.64,0.06455,0.006455,46.98093689865112
962,408727.3738420745,3389481.7927185036,zonal_sum,6089.805267333984,37.88208910897589,13,52.0,external,1,4049.0,11.64,0.06455,0.006455,39.30969300064087
963,408727.3738420745,3389981.7927185036,zonal_sum,5286.3818435668945,38.55867313314507,7,28.0,external,1,4049.0,11.64,0.06455,0.006455,34.1235948002243
964,408727.3738420745,3390481.7927185036,zonal_sum,5001.98908996582,38.35349517433771,21,84.0,external,2,5546.0,15.94,0.07085,0.007085,35.43909270240784
965,408727.3738420745,3390981.7927185036,zonal_sum,3174.530113220215,33.9875500613758,28,112.0,external,2,5546.0,15.94,0.07085,0.007085,22.491545852165224
966,408727.3738420745,3391481.7927185036,zonal_sum,3396.2065439224243,29.95726949746452,2,8.0,external,0,2956.0,8.49,0.06033,0.006033,20.489314079483986
967,408727.3738420745,3391981.7927185036,zonal_sum,6721.838806152344,28.515858257711518,2,8.0,external,0,2956.0,8.49,0.06033,0.006033,40.55285351751709
968,408727.3738420745,3392481.7927185036,zonal_sum,6956.922477722168,29.05055617746941,11,44.0,external,1,4049.0,11.64,0.06455,0.006455,44.90693459369659
969,408727.3738420745,3392981.7927185036,zonal_sum,6399.366729736328,39.05826564085654,15,60.0,external,1,4049.0,11.64,0.06455,0.006455,41.307912240448
970,408727.3738420745,3393481.7927185036,zonal_sum,5565.062644958496,43.24271941417203,12,48.0,external,1,4049.0,11.64,0.06455,0.006455,35.92247937320709
971,408727.3738420745,3393981.7927185036,zonal_sum,7758.997032165527,30.48503636124106,15,60.0,external,1,4049.0,11.64,0.06455,0.006455,50.08432584262848
972,408727.3738420745,3394481.7927185036,zonal_sum,6711.956451416016,27.102802280837427,11,44.0,external,1,4049.0,11.64,0.06455,0.006455,43.32567889389038
973,408727.3738420745,3394981.7927185036,zonal_sum,7760.447536468506,27.204494891449595,7,28.0,external,1,4049.0,11.64,0.06455,0.006455,50.093688847904204
974,408727.3738420745,3395481.7927185036,zonal_sum,7595.816070556641,24.077970180259683,10,40.0,external,1,4049.0,11.64,0.06455,0.006455,49.030992735443114
975,408727.3738420745,3395981.7927185036,zonal_sum,7641.984390258789,28.44391663517068,8,32.0,external,1,4049.0,11.64,0.06455,0.006455,49.32900923912048
976,408727.3738420745,3396481.7927185036,zonal_sum,6606.730907797813,29.039910872312294,5,20.0,external,0,2956.0,8.49,0.06033,0.006033,39.85840756674421
977,408727.3738420745,3396981.7927185036,zonal_sum,6691.826362609863,22.04277222798662,5,20.0,external,3,1877.0,5.39,0.05645,0.005645,37.77535981693268
978,408727.3738420745,3397481.7927185036,zonal_sum,6938.033706665039,18.091119613553218,10,40.0,external,1,4049.0,11.64,0.06455,0.006455,44.78500757652282
979,408727.3738420745,3397981.7927185036,zonal_sum,4802.720564842224,17.502648834541912,6,24.0,external,3,1877.0,5.39,0.05645,0.005645,27.111357588534354
980,408727.3738420745,3398481.7927185036,zonal_sum,5640.290216445923,18.222601486865983,2,8.0,external,3,1877.0,5.39,0.05645,0.005645,31.839438271837235
981,408727.3738420745,3398981.7927185036,zonal_sum,2399.612079143524,21.96302838034958,0,0.0,external,3,1877.0,5.39,0.05645,0.005645,13.545810186765193
982,408727.3738420745,3399481.7927185036,zonal_sum,2685.7992930412292,26.581435075225116,1,4.0,external,0,2956.0,8.49,0.06033,0.006033,16.203427134917735
983,408727.3738420745,3399981.7927185036,zonal_sum,3940.7957706451416,19.21542484725673,0,0.0,external,3,1877.0,5.39,0.05645,0.005645,22.245792125291825
984,408727.3738420745,3400481.7927185036,zonal_sum,3536.809127807617,12.930590893244718,0,0.0,external,3,1877.0,5.39,0.05645,0.005645,19.965287526473997
985,408727.3738420745,3400981.7927185036,zonal_sum,3744.3336544036865,21.844003953691463,0,0.0,external,3,1877.0,5.39,0.05645,0.005645,21.13676347910881
986,408727.3738420745,3401481.7927185036,zonal_sum,2715.634532928467,21.395600677895903,0,0.0,external,3,1877.0,5.39,0.05645,0.005645,15.329756938381195
987,408727.3738420745,3401981.7927185036,zonal_sum,4116.531219482422,18.617161348015692,0,0.0,external,3,1877.0,5.39,0.05645,0.005645,23.23781873397827
988,408727.3738420745,3402481.7927185036,zonal_sum,3175.6601667404175,19.258125057305136,0,0.0,external,3,1877.0,5.39,0.05645,0.005645,17.926601641249658
989,408727.3738420745,3402981.7927185036,zonal_sum,3598.1886081695557,21.76616934764283,0,0.0,external,3,1877.0,5.39,0.05645,0.005645,20.31177469311714
990,409227.3738420745,3367481.7927185036,zonal_sum,96.48652340471745,37.23008492813948,0,0.0,external,0,2956.0,8.49,0.06033,0.006033,0.5821031957006604
991,409227.3738420745,3367981.7927185036,zonal_sum,229.85450759530067,52.08471627625251,0,0.0,external,4,8736.0,25.1,0.08655,0.008655,1.9893907632373273
992,409227.3738420745,3368481.7927185036,zonal_sum,194.47978055477142,39.583629676841625,1,4.0,external,0,2956.0,8.49,0.06033,0.006033,1.173296516086936
993,409227.3738420745,3368981.7927185036,zonal_sum,71.12941443175077,33.615772129940225,0,0.0,external,0,2956.0,8.49,0.06033,0.006033,0.42912375726675245
994,409227.3738420745,3369481.7927185036,zonal_sum,150.36291670426726,30.94952738083132,3,12.0,external,0,2956.0,8.49,0.06033,0.006033,0.9071394764768445
995,409227.3738420745,3369981.7927185036,zonal_sum,253.09249556064606,20.811380622657772,3,12.0,external,3,1877.0,5.39,0.05645,0.005645,1.428707137439847
996,409227.3738420745,3370481.7927185036,zonal_sum,584.641320316121,22.070635014936027,10,40.0,external,1,4049.0,11.64,0.06455,0.006455,3.773859722640561
997,409227.3738420745,3370981.7927185036,zonal_sum,788.5158615782857,24.681081280732243,10,40.0,external,1,4049.0,11.64,0.06455,0.006455,5.089869886487834
998,409227.3738420745,3371481.7927185036,zonal_sum,439.03057515621185,27.292979175418903,1,4.0,external,0,2956.0,8.49,0.06033,0.006033,2.648671459917426
999,409227.3738420745,3371981.7927185036,zonal_sum,1102.2094995081425,27.335687532802066,0,0.0,external,0,2956.0,8.49,0.06033,0.006033,6.6496299105326235
1000,409227.3738420745,3372481.7927185036,zonal_sum,903.7876318693161,26.036752677688526,0,0.0,external,0,2956.0,8.49,0.06033,0.006033,5.452550783067585
1001,409227.3738420745,3372981.7927185036,zonal_sum,456.0967938452959,30.08367449194271,0,0.0,external,0,2956.0,8.49,0.06033,0.006033,2.7516319572686703
1002,409227.3738420745,3373481.7927185036,zonal_sum,5119.069221496582,29.094045002978493,0,0.0,external,0,2956.0,8.49,0.06033,0.006033,30.88334461328888
1003,409227.3738420745,3373981.7927185036,zonal_sum,980.558585409075,27.40370672713972,0,0.0,external,0,2956.0,8.49,0.06033,0.006033,5.915709945772949
1004,409227.3738420745,3374481.7927185036,zonal_sum,2087.455325856805,26.20681122233052,0,0.0,external,0,2956.0,8.49,0.06033,0.006033,12.593617980894104
1005,409227.3738420745,3374981.7927185036,zonal_sum,3147.339060217142,28.565501805930214,0,0.0,external,0,2956.0,8.49,0.06033,0.006033,18.987896550290017
1006,409227.3738420745,3375481.7927185036,zonal_sum,8102.084129333496,32.312524189031386,1,4.0,external,0,2956.0,8.49,0.06033,0.006033,48.87987355226898
1007,409227.3738420745,3375981.7927185036,zonal_sum,6638.156478881836,28.74323099439304,0,0.0,external,0,2956.0,8.49,0.06033,0.006033,40.04799803709412
1008,409227.3738420745,3376481.7927185036,zonal_sum,5153.562424659729,23.564498509934392,0,0.0,external,3,1877.0,5.39,0.05645,0.005645,29.09185988720417
1009,409227.3738420745,3376981.7927185036,zonal_sum,3752.1941571831703,24.527400106357835,2,8.0,external,0,2956.0,8.49,0.06033,0.006033,22.636987350286066
1010,409227.3738420745,3377481.7927185036,zonal_sum,5301.587684631348,29.221456569325678,10,40.0,external,1,4049.0,11.64,0.06455,0.006455,34.22174850429535
1011,409227.3738420745,3377981.7927185036,zonal_sum,7596.616249084473,31.008609628911994,8,32.0,external,1,4049.0,11.64,0.06455,0.006455,49.03615788784027
1012,409227.3738420745,3378481.7927185036,zonal_sum,4891.508506774902,30.919908732122217,2,8.0,external,0,2956.0,8.49,0.06033,0.006033,29.510470821372987
1013,409227.3738420745,3378981.7927185036,zonal_sum,1149.871171951294,39.67334168540339,9,36.0,external,1,4049.0,11.64,0.06455,0.006455,7.422418414945602
1014,409227.3738420745,3379481.7927185036,zonal_sum,1442.9972643852234,47.2813864499171,3,12.0,external,4,8736.0,25.1,0.08655,0.008655,12.489141323254108
1015,409227.3738420745,3379981.7927185036,zonal_sum,1754.414216041565,52.68951108230235,0,0.0,external,4,8736.0,25.1,0.08655,0.008655,15.184455039839744
1016,409227.3738420745,3380481.7927185036,zonal_sum,2847.800042003393,58.08721740292136,5,20.0,external,4,8736.0,25.1,0.08655,0.008655,24.647709363539366
1017,409227.3738420745,3380981.7927185036,zonal_sum,3956.921232966706,64.0549591076112,18,72.0,external,2,5546.0,15.94,0.07085,0.007085,28.034786935569112
1018,409227.3738420745,3381481.7927185036,zonal_sum,4046.6818504333496,51.295376633551555,6,24.0,external,4,8736.0,25.1,0.08655,0.008655,35.02403141550064
1019,409227.3738420745,3381981.7927185036,zonal_sum,349.79707439243793,36.259720086261126,2,8.0,external,0,2956.0,8.49,0.06033,0.006033,2.110325749809578
1020,409227.3738420745,3382481.7927185036,zonal_sum,197.79361267387867,31.09128193832765,0,0.0,external,0,2956.0,8.49,0.06033,0.006033,1.1932888652615101
1021,409227.3738420745,3382981.7927185036,zonal_sum,3380.4437170028687,36.77435189164337,2,8.0,external,0,2956.0,8.49,0.06033,0.006033,20.394216944678305
1022,409227.3738420745,3383481.7927185036,zonal_sum,4093.605701446533,42.684649147786146,2,8.0,external,4,8736.0,25.1,0.08655,0.008655,35.43015734601974
1023,409227.3738420745,3383981.7927185036,zonal_sum,5023.29620552063,55.426345762202175,2,8.0,external,4,8736.0,25.1,0.08655,0.008655,43.47662865878105
1024,409227.3738420745,3384481.7927185036,zonal_sum,3157.0739612579346,58.65940075842971,4,16.0,external,4,8736.0,25.1,0.08655,0.008655,27.32447513468742
1025,409227.3738420745,3384981.7927185036,zonal_sum,3041.7432708740234,48.214643524149956,2,8.0,external,4,8736.0,25.1,0.08655,0.008655,26.32628800941467
1026,409227.3738420745,3385481.7927185036,zonal_sum,4603.695709228516,52.04010686521037,2,8.0,external,4,8736.0,25.1,0.08655,0.008655,39.8449863633728
1027,409227.3738420745,3385981.7927185036,zonal_sum,4643.435657501221,59.173160566086445,2,8.0,external,4,8736.0,25.1,0.08655,0.008655,40.18893561567306
1028,409227.3738420745,3386481.7927185036,zonal_sum,3436.786024093628,61.1923291141511,1,4.0,external,4,8736.0,25.1,0.08655,0.008655,29.74538303853035
1029,409227.3738420745,3386981.7927185036,zonal_sum,6141.973197937012,55.127379020013265,5,20.0,external,4,8736.0,25.1,0.08655,0.008655,53.15877802814483
1030,409227.3738420745,3387481.7927185036,zonal_sum,6889.8684158325195,33.5986504825299,28,112.0,external,2,5546.0,15.94,0.07085,0.007085,48.8147177261734
1031,409227.3738420745,3387981.7927185036,zonal_sum,7763.766081370413,35.886691328386746,7,28.0,external,1,4049.0,11.64,0.06455,0.006455,50.115110055246014
1032,409227.3738420745,3388481.7927185036,zonal_sum,6985.309066772461,40.78773626682833,16,64.0,external,1,4049.0,11.64,0.06455,0.006455,45.09017002601623
1033,409227.3738420745,3388981.7927185036,zonal_sum,7974.829345703125,37.39231561041952,22,88.0,external,2,5546.0,15.94,0.07085,0.007085,56.50166591430664
1034,409227.3738420745,3389481.7927185036,zonal_sum,6404.4500732421875,37.14654491723515,11,44.0,external,1,4049.0,11.64,0.06455,0.006455,41.34072522277832
1035,409227.3738420745,3389981.7927185036,zonal_sum,7758.081832885742,38.77045046438126,6,24.0,external,1,4049.0,11.64,0.06455,0.006455,50.07841823127747
1036,409227.3738420745,3390481.7927185036,zonal_sum,6458.232864379883,40.19573177999688,8,32.0,external,1,4049.0,11.64,0.06455,0.006455,41.68789313957214
1037,409227.3738420745,3390981.7927185036,zonal_sum,5784.45768737793,39.93660643253887,12,48.0,external,1,4049.0,11.64,0.06455,0.006455,37.338674372024535
1038,409227.3738420745,3391481.7927185036,zonal_sum,4763.389992594719,37.43545774659436,6,24.0,external,1,4049.0,11.64,0.06455,0.006455,30.747682402198908
1039,409227.3738420745,3391981.7927185036,zonal_sum,7113.463134765625,35.3191718168394,11,44.0,external,1,4049.0,11.64,0.06455,0.006455,45.91740453491211
1040,409227.3738420745,3392481.7927185036,zonal_sum,7325.139297485352,34.72277764360828,42,168.0,external,2,5546.0,15.94,0.07085,0.007085,51.89861192268372
1041,409227.3738420745,3392981.7927185036,zonal_sum,4965.014621734619,35.745499284571075,22,88.0,external,2,5546.0,15.94,0.07085,0.007085,35.177128594989775
1042,409227.3738420745,3393481.7927185036,zonal_sum,7365.559494018555,37.29116381812651,21,84.0,external,2,5546.0,15.94,0.07085,0.007085,52.18498901512146
1043,409227.3738420745,3393981.7927185036,zonal_sum,7225.633407592773,36.32607347557333,16,64.0,external,1,4049.0,11.64,0.06455,0.006455,46.64146364601135
1044,409227.3738420745,3394481.7927185036,zonal_sum,7033.005081176758,29.132176191928444,9,36.0,external,1,4049.0,11.64,0.06455,0.006455,45.39804779899597
1045,409227.3738420745,3394981.7927185036,zonal_sum,7365.975875854492,23.848945194486745,4,16.0,external,0,2956.0,8.49,0.06033,0.006033,44.438932459030156
1046,409227.3738420745,3395481.7927185036,zonal_sum,6077.603698730469,25.265430740361456,13,52.0,external,1,4049.0,11.64,0.06455,0.006455,39.230931875305174
1047,409227.3738420745,3395981.7927185036,zonal_sum,7371.735565185547,27.35491301059295,7,28.0,external,1,4049.0,11.64,0.06455,0.006455,47.5845530732727
1048,409227.3738420745,3396481.7927185036,zonal_sum,6174.777044296265,27.069367797709596,11,44.0,external,1,4049.0,11.64,0.06455,0.006455,39.858185820932384
1049,409227.3738420745,3396981.7927185036,zonal_sum,6034.852890014648,20.801678101707715,0,0.0,external,3,1877.0,5.39,0.05645,0.005645,34.06674456413269
1050,409227.3738420745,3397481.7927185036,zonal_sum,6008.7028522491455,18.48405272829259,8,32.0,external,1,4049.0,11.64,0.06455,0.006455,38.786176911268235
1051,409227.3738420745,3397981.7927185036,zonal_sum,3452.0808374881744,19.68928199341454,1,4.0,external,3,1877.0,5.39,0.05645,0.005645,19.486996327620744
1052,409227.3738420745,3398481.7927185036,zonal_sum,4039.6087608337402,21.209519151996833,0,0.0,external,3,1877.0,5.39,0.05645,0.005645,22.803591454906464
1053,409227.3738420745,3398981.7927185036,zonal_sum,2054.002532839775,24.473296780185805,4,16.0,external,0,2956.0,8.49,0.06033,0.006033,12.391797280622363
1054,409227.3738420745,3399481.7927185036,zonal_sum,4796.461769104004,23.90898094253145,7,28.0,external,1,4049.0,11.64,0.06455,0.006455,30.961160719566344
1055,409227.3738420745,3399981.7927185036,zonal_sum,4638.266189575195,16.408610313676146,0,0.0,external,3,1877.0,5.39,0.05645,0.005645,26.183012640151976
1056,409227.3738420745,3400481.7927185036,zonal_sum,3917.8425216674805,13.95023792452284,0,0.0,external,3,1877.0,5.39,0.05645,0.005645,22.116221034812927
1057,409227.3738420745,3400981.7927185036,zonal_sum,3975.6487312316895,17.09761950625653,1,4.0,external,3,1877.0,5.39,0.05645,0.005645,22.442537087802886
1058,409227.3738420745,3401481.7927185036,zonal_sum,2489.3211421966553,18.093613042243522,0,0.0,external,3,1877.0,5.39,0.05645,0.005645,14.052217847700119
1059,409227.3738420745,3401981.7927185036,zonal_sum,3455.5068435668945,16.37721027713646,0,0.0,external,3,1877.0,5.39,0.05645,0.005645,19.506336131935118
1060,409227.3738420745,3402481.7927185036,zonal_sum,2905.6546714305878,17.278139032829436,0,0.0,external,3,1877.0,5.39,0.05645,0.005645,16.40242062022567
1061,409227.3738420745,3402981.7927185036,zonal_sum,1820.4472732543945,24.67071172290126,0,0.0,external,0,2956.0,8.49,0.06033,0.006033,10.982758399543762
1062,409727.3738420745,3367481.7927185036,zonal_sum,417.90569657832384,45.90437504549512,1,4.0,external,4,8736.0,25.1,0.08655,0.008655,3.6169738038853927
1063,409727.3738420745,3367981.7927185036,zonal_sum,594.3859543800354,52.583927201036595,0,0.0,external,4,8736.0,25.1,0.08655,0.008655,5.144410435159206
1064,409727.3738420745,3368481.7927185036,zonal_sum,434.31144861876965,43.55039475856513,3,12.0,external,4,8736.0,25.1,0.08655,0.008655,3.758965587795451
1065,409727.3738420745,3368981.7927185036,zonal_sum,66.91206151247025,29.804173567761033,2,8.0,external,0,2956.0,8.49,0.06033,0.006033,0.403680467104733
1066,409727.3738420745,3369481.7927185036,zonal_sum,29.386969346553087,20.30711402470371,0,0.0,external,3,1877.0,5.39,0.05645,0.005645,0.16588944196129218
1067,409727.3738420745,3369981.7927185036,zonal_sum,108.54494409635663,18.2379312733471,3,12.0,external,3,1877.0,5.39,0.05645,0.005645,0.6127362094239331
1068,409727.3738420745,3370481.7927185036,zonal_sum,534.4074028134346,20.92262468411686,3,12.0,external,3,1877.0,5.39,0.05645,0.005645,3.0167297888818383
1069,409727.3738420745,3370981.7927185036,zonal_sum,1408.6063243448734,27.26463012425274,6,24.0,external,1,4049.0,11.64,0.06455,0.006455,9.092553823646158
1070,409727.3738420745,3371481.7927185036,zonal_sum,869.6994557380676,29.500131684153843,5,20.0,external,0,2956.0,8.49,0.06033,0.006033,5.246896816467762
1071,409727.3738420745,3371981.7927185036,zonal_sum,2974.1936016082764,26.854976855399283,0,0.0,external,0,2956.0,8.49,0.06033,0.006033,17.94330999850273
1072,409727.3738420745,3372481.7927185036,zonal_sum,1025.6322661042213,27.081403793341366,0,0.0,external,0,2956.0,8.49,0.06033,0.006033,6.187639461406768
1073,409727.3738420745,3372981.7927185036,zonal_sum,560.3370468728244,29.120861696744154,0,0.0,external,0,2956.0,8.49,0.06033,0.006033,3.38051340378375
1074,409727.3738420745,3373481.7927185036,zonal_sum,1830.8254683315754,29.152521724801073,0,0.0,external,0,2956.0,8.49,0.06033,0.006033,11.045370050444395
1075,409727.3738420745,3373981.7927185036,zonal_sum,1935.9613315984607,27.883374129521066,1,4.0,external,0,2956.0,8.49,0.06033,0.006033,11.679654713533514
1076,409727.3738420745,3374481.7927185036,zonal_sum,7317.373725891113,24.74004771320366,0,0.0,external,0,2956.0,8.49,0.06033,0.006033,44.14571568830109
1077,409727.3738420745,3374981.7927185036,zonal_sum,6589.829498291016,26.950751868437603,0,0.0,external,0,2956.0,8.49,0.06033,0.006033,39.7564413631897
1078,409727.3738420745,3375481.7927185036,zonal_sum,8129.0419921875,33.57787106133316,0,0.0,external,0,2956.0,8.49,0.06033,0.006033,49.04251033886719
1079,409727.3738420745,3375981.7927185036,zonal_sum,6289.452011108398,31.564555519980104,0,0.0,external,0,2956.0,8.49,0.06033,0.006033,37.94426398301697
1080,409727.3738420745,3376481.7927185036,zonal_sum,2757.912277162075,25.420634595611407,0,0.0,external,0,2956.0,8.49,0.06033,0.006033,16.6384847681188
1081,409727.3738420745,3376981.7927185036,zonal_sum,6012.368217468262,26.25856526947033,13,52.0,external,1,4049.0,11.64,0.06455,0.006455,38.80983684375763
1082,409727.3738420745,3377481.7927185036,zonal_sum,4081.072945535183,26.267796268578145,9,36.0,external,1,4049.0,11.64,0.06455,0.006455,26.343325863429605
1083,409727.3738420745,3377981.7927185036,zonal_sum,3922.9405660629272,25.741533333697777,2,8.0,external,0,2956.0,8.49,0.06033,0.006033,23.66710043505764
1084,409727.3738420745,3378481.7927185036,zonal_sum,3561.561243057251,27.226253678627018,3,12.0,external,0,2956.0,8.49,0.06033,0.006033,21.486898979364394
1085,409727.3738420745,3378981.7927185036,zonal_sum,2571.8949432373047,37.24785919996873,1,4.0,external,0,2956.0,8.49,0.06033,0.006033,15.51624219255066
1086,409727.3738420745,3379481.7927185036,zonal_sum,1175.986136674881,44.71081943160296,7,28.0,external,4,8736.0,25.1,0.08655,0.008655,10.178160012921094
1087,409727.3738420745,3379981.7927185036,zonal_sum,2124.068349838257,48.094540332975825,12,48.0,external,1,4049.0,11.64,0.06455,0.006455,13.710861198205947
1088,409727.3738420745,3380481.7927185036,zonal_sum,5810.370223999023,53.32985194548358,6,24.0,external,4,8736.0,25.1,0.08655,0.008655,50.288754288711544
1089,409727.3738420745,3380981.7927185036,zonal_sum,2195.7064056396484,66.81966624422317,4,16.0,external,4,8736.0,25.1,0.08655,0.008655,19.003838940811157
1090,409727.3738420745,3381481.7927185036,zonal_sum,1890.3372333049774,51.84662888427189,8,32.0,external,4,8736.0,25.1,0.08655,0.008655,16.36086875425458
1091,409727.3738420745,3381981.7927185036,zonal_sum,313.39729845151305,33.56352958495523,6,24.0,external,1,4049.0,11.64,0.06455,0.006455,2.0229795615045165
1092,409727.3738420745,3382481.7927185036,zonal_sum,1272.4464688301086,29.01497060499043,6,24.0,external,1,4049.0,11.64,0.06455,0.006455,8.213641956298352
1093,409727.3738420745,3382981.7927185036,zonal_sum,2174.8653440475464,40.785180937887354,4,16.0,external,4,8736.0,25.1,0.08655,0.008655,18.823459552731514
1094,409727.3738420745,3383481.7927185036,zonal_sum,3629.159327030182,45.94195750463041,1,4.0,external,4,8736.0,25.1,0.08655,0.008655,31.410373975446223
1095,409727.3738420745,3383981.7927185036,zonal_sum,4681.391060829163,56.73115465463254,7,28.0,external,4,8736.0,25.1,0.08655,0.008655,40.5174396314764
1096,409727.3738420745,3384481.7927185036,zonal_sum,4283.123500823975,54.759763281751134,5,20.0,external,4,8736.0,25.1,0.08655,0.008655,37.070433899631496
1097,409727.3738420745,3384981.7927185036,zonal_sum,5217.522659301758,40.406071720717534,3,12.0,external,0,2956.0,8.49,0.06033,0.006033,31.477314203567506
1098,409727.3738420745,3385481.7927185036,zonal_sum,5131.056316375732,48.79764221128309,0,0.0,external,4,8736.0,25.1,0.08655,0.008655,44.40929241823196
1099,409727.3738420745,3385981.7927185036,zonal_sum,2294.836105823517,56.359189592521794,18,72.0,external,2,5546.0,15.94,0.07085,0.007085,16.258913809759616
1100,409727.3738420745,3386481.7927185036,zonal_sum,5120.004547119141,49.86269030420008,5,20.0,external,4,8736.0,25.1,0.08655,0.008655,44.31363935531616
1101,409727.3738420745,3386981.7927185036,zonal_sum,6229.416107177734,40.576368416304824,8,32.0,external,1,4049.0,11.64,0.06455,0.006455,40.210880971832275
1102,409727.3738420745,3387481.7927185036,zonal_sum,8093.637908935547,32.487612656323584,8,32.0,external,1,4049.0,11.64,0.06455,0.006455,52.244432702178955
1103,409727.3738420745,3387981.7927185036,zonal_sum,5951.411611557007,45.90952724649756,10,40.0,external,1,4049.0,11.64,0.06455,0.006455,38.416361952600475
1104,409727.3738420745,3388481.7927185036,zonal_sum,6926.9683837890625,53.93640236083912,18,72.0,external,2,5546.0,15.94,0.07085,0.007085,49.07757099914551
1105,409727.3738420745,3388981.7927185036,zonal_sum,7049.535049438477,38.017548407389995,17,68.0,external,1,4049.0,11.64,0.06455,0.006455,45.504748744125365
1106,409727.3738420745,3389481.7927185036,zonal_sum,6355.0604248046875,36.782683106568065,12,48.0,external,1,4049.0,11.64,0.06455,0.006455,41.02191504211426
1107,409727.3738420745,3389981.7927185036,zonal_sum,9280.816604614258,36.803078108080484,11,44.0,external,1,4049.0,11.64,0.06455,0.006455,59.90767118278503
1108,409727.3738420745,3390481.7927185036,zonal_sum,7838.3850173950195,39.96618578320842,5,20.0,external,4,8736.0,25.1,0.08655,0.008655,67.84122232555389
1109,409727.3738420745,3390981.7927185036,zonal_sum,6136.190971255302,53.62828983182973,13,52.0,external,1,4049.0,11.64,0.06455,0.006455,39.60911271945297
1110,409727.3738420745,3391481.7927185036,zonal_sum,10256.114199638367,57.34032935895173,15,60.0,external,1,4049.0,11.64,0.06455,0.006455,66.20321715866565
1111,409727.3738420745,3391981.7927185036,zonal_sum,6521.862531661987,47.95446737203091,28,112.0,external,2,5546.0,15.94,0.07085,0.007085,46.20739603682518
1112,409727.3738420745,3392481.7927185036,zonal_sum,7882.435604095459,37.86503780038815,28,112.0,external,2,5546.0,15.94,0.07085,0.007085,55.84705625501633
1113,409727.3738420745,3392981.7927185036,zonal_sum,7438.34880065918,34.24037776368472,26,104.0,external,2,5546.0,15.94,0.07085,0.007085,52.70070125267029
1114,409727.3738420745,3393481.7927185036,zonal_sum,7996.722747802734,37.818660991373314,41,164.0,external,2,5546.0,15.94,0.07085,0.007085,56.65678066818237
1115,409727.3738420745,3393981.7927185036,zonal_sum,7499.576484680176,34.53905088811087,20,80.0,external,2,5546.0,15.94,0.07085,0.007085,53.13449939395905
1116,409727.3738420745,3394481.7927185036,zonal_sum,6553.999969482422,29.79890397855262,9,36.0,external,1,4049.0,11.64,0.06455,0.006455,42.30606980300903
1117,409727.3738420745,3394981.7927185036,zonal_sum,7015.873194694519,24.326641042461734,12,48.0,external,1,4049.0,11.64,0.06455,0.006455,45.28746147175312
1118,409727.3738420745,3395481.7927185036,zonal_sum,5346.699306488037,27.81974893611823,5,20.0,external,0,2956.0,8.49,0.06033,0.006033,32.25663691604233
1119,409727.3738420745,3395981.7927185036,zonal_sum,5458.804401397705,30.121901102633263,5,20.0,external,0,2956.0,8.49,0.06033,0.006033,32.93296695363235
1120,409727.3738420745,3396481.7927185036,zonal_sum,4871.838663101196,26.86535755508403,5,20.0,external,0,2956.0,8.49,0.06033,0.006033,29.391802654489517
1121,409727.3738420745,3396981.7927185036,zonal_sum,4082.6494522094727,20.252013904643594,0,0.0,external,3,1877.0,5.39,0.05645,0.005645,23.046556157722474
1122,409727.3738420745,3397481.7927185036,zonal_sum,4433.698826789856,19.097430494949172,2,8.0,external,3,1877.0,5.39,0.05645,0.005645,25.028229877228735
1123,409727.3738420745,3397981.7927185036,zonal_sum,2884.0355110168457,22.97828028965946,1,4.0,external,3,1877.0,5.39,0.05645,0.005645,16.280380459690093
1124,409727.3738420745,3398481.7927185036,zonal_sum,4315.023309707642,24.138143206610735,2,8.0,external,0,2956.0,8.49,0.06033,0.006033,26.032535627466203
1125,409727.3738420745,3398981.7927185036,zonal_sum,1728.7068214416504,29.832101505183477,1,4.0,external,0,2956.0,8.49,0.06033,0.006033,10.429288253757477
1126,409727.3738420745,3399481.7927185036,zonal_sum,5116.507022857666,31.744335750901627,9,36.0,external,1,4049.0,11.64,0.06455,0.006455,33.02705283254623
1127,409727.3738420745,3399981.7927185036,zonal_sum,5976.75944519043,27.083138879270475,0,0.0,external,0,2956.0,8.49,0.06033,0.006033,36.05778973283386
1128,409727.3738420745,3400481.7927185036,zonal_sum,4608.742546081543,14.820171425029272,0,0.0,external,3,1877.0,5.39,0.05645,0.005645,26.01635167263031
1129,409727.3738420745,3400981.7927185036,zonal_sum,3336.723970413208,14.0671071654488,0,0.0,external,3,1877.0,5.39,0.05645,0.005645,18.835806812982558
1130,409727.3738420745,3401481.7927185036,zonal_sum,2310.9782218933105,18.661642952346043,0,0.0,external,3,1877.0,5.39,0.05645,0.005645,13.045472062587738
1131,409727.3738420745,3401981.7927185036,zonal_sum,3537.460156440735,17.148647664808156,0,0.0,external,3,1877.0,5.39,0.05645,0.005645,19.96896258310795
1132,409727.3738420745,3402481.7927185036,zonal_sum,3215.2889366149902,17.571401700134032,1,4.0,external,3,1877.0,5.39,0.05645,0.005645,18.15030604719162
1133,409727.3738420745,3402981.7927185036,zonal_sum,3269.7485961914062,25.897700205682217,0,0.0,external,0,2956.0,8.49,0.06033,0.006033,19.726393280822755
1134,410227.3738420745,3366981.7927185036,zonal_sum,140.23153314739466,53.1138072031209,3,12.0,external,4,8736.0,25.1,0.08655,0.008655,1.2137039193907007
1135,410227.3738420745,3367481.7927185036,zonal_sum,228.2657589018345,70.24257885134682,3,12.0,external,4,8736.0,25.1,0.08655,0.008655,1.9756401432953774
1136,410227.3738420745,3367981.7927185036,zonal_sum,166.18714874610305,69.17164529027133,4,16.0,external,4,8736.0,25.1,0.08655,0.008655,1.4383497723975218
1137,410227.3738420745,3368481.7927185036,zonal_sum,503.67092429846525,53.767610659679136,2,8.0,external,4,8736.0,25.1,0.08655,0.008655,4.359271849803217
1138,410227.3738420745,3368981.7927185036,zonal_sum,38.588588148355484,28.814515493750413,0,0.0,external,0,2956.0,8.49,0.06033,0.006033,0.23280495229902864
1139,410227.3738420745,3369481.7927185036,zonal_sum,62.02612079679966,22.3445663141368,0,0.0,external,3,1877.0,5.39,0.05645,0.005645,0.35013745189793405
1140,410227.3738420745,3369981.7927185036,zonal_sum,122.46039874479175,23.92702362683809,9,36.0,external,1,4049.0,11.64,0.06455,0.006455,0.7904818738976307
1141,410227.3738420745,3370481.7927185036,zonal_sum,1188.3899602591991,23.909938422660453,5,20.0,external,0,2956.0,8.49,0.06033,0.006033,7.169556630243749
1142,410227.3738420745,3370981.7927185036,zonal_sum,1241.6387067437172,31.671037156702326,9,36.0,external,1,4049.0,11.64,0.06455,0.006455,8.014777852030694
1143,410227.3738420745,3371481.7927185036,zonal_sum,818.8894538879395,35.02065583841355,8,32.0,external,1,4049.0,11.64,0.06455,0.006455,5.285931424846649
1144,410227.3738420745,3371981.7927185036,zonal_sum,4606.986141204834,34.961045802963085,0,0.0,external,0,2956.0,8.49,0.06033,0.006033,27.793947389888764
1145,410227.3738420745,3372481.7927185036,zonal_sum,3744.5185364484787,35.73844708001103,1,4.0,external,0,2956.0,8.49,0.06033,0.006033,22.590680330393674
1146,410227.3738420745,3372981.7927185036,zonal_sum,4531.374733686447,34.49700640658214,0,0.0,external,0,2956.0,8.49,0.06033,0.006033,27.337783768330336
1147,410227.3738420745,3373481.7927185036,zonal_sum,2587.147048443556,32.50783503477586,0,0.0,external,0,2956.0,8.49,0.06033,0.006033,15.608258143259972
1148,410227.3738420745,3373981.7927185036,zonal_sum,3674.7356815338135,30.72638993540993,0,0.0,external,0,2956.0,8.49,0.06033,0.006033,22.1696803666935
1149,410227.3738420745,3374481.7927185036,zonal_sum,8177.839656829834,28.653476969213518,0,0.0,external,0,2956.0,8.49,0.06033,0.006033,49.33690664965439
1150,410227.3738420745,3374981.7927185036,zonal_sum,5219.061141967773,29.426710999765927,2,8.0,external,0,2956.0,8.49,0.06033,0.006033,31.486595869491577
1151,410227.3738420745,3375481.7927185036,zonal_sum,7578.445770263672,38.916422059922134,0,0.0,external,0,2956.0,8.49,0.06033,0.006033,45.720763332000736
1152,410227.3738420745,3375981.7927185036,zonal_sum,5781.3106689453125,39.87014171132171,0,0.0,external,0,2956.0,8.49,0.06033,0.006033,34.87864726574707
1153,410227.3738420745,3376481.7927185036,zonal_sum,5228.672427803278,37.99343008629395,0,0.0,external,0,2956.0,8.49,0.06033,0.006033,31.544580756937176
1154,410227.3738420745,3376981.7927185036,zonal_sum,3030.7362284958363,34.1422322783734,6,24.0,external,1,4049.0,11.64,0.06455,0.006455,19.56340235494062
1155,410227.3738420745,3377481.7927185036,zonal_sum,2251.36739179492,31.407494075412863,0,0.0,external,0,2956.0,8.49,0.06033,0.006033,13.582499474698752
1156,410227.3738420745,3377981.7927185036,zonal_sum,4732.696134805679,32.005180237526204,8,32.0,external,1,4049.0,11.64,0.06455,0.006455,30.54955355017066
1157,410227.3738420745,3378481.7927185036,zonal_sum,2362.0143082141876,32.08009727707494,8,32.0,external,1,4049.0,11.64,0.06455,0.006455,15.246802359522581
1158,410227.3738420745,3378981.7927185036,zonal_sum,3120.373941421509,37.92272559554116,5,20.0,external,0,2956.0,8.49,0.06033,0.006033,18.825215988595964
1159,410227.3738420745,3379481.7927185036,zonal_sum,3509.445869445801,42.40709059129116,3,12.0,external,4,8736.0,25.1,0.08655,0.008655,30.374254000053405
1160,410227.3738420745,3379981.7927185036,zonal_sum,4955.677879333496,40.814059102357874,25,100.0,external,2,5546.0,15.94,0.07085,0.007085,35.11097777507782
1161,410227.3738420745,3380481.7927185036,zonal_sum,4707.743854522705,54.63141345667301,6,24.0,external,4,8736.0,25.1,0.08655,0.008655,40.74552306089401
1162,410227.3738420745,3380981.7927185036,zonal_sum,2989.805932998657,70.83550628863945,7,28.0,external,4,8736.0,25.1,0.08655,0.008655,25.876770350103378
1163,410227.3738420745,3381481.7927185036,zonal_sum,1634.1228966712952,57.071656716483304,1,4.0,external,4,8736.0,25.1,0.08655,0.008655,14.143333670690058
1164,410227.3738420745,3381981.7927185036,zonal_sum,349.230829000473,36.00773794806866,6,24.0,external,1,4049.0,11.64,0.06455,0.006455,2.254285001198053
1165,410227.3738420745,3382481.7927185036,zonal_sum,1652.871096611023,36.216634363729746,11,44.0,external,1,4049.0,11.64,0.06455,0.006455,10.669282928624153
1166,410227.3738420745,3382981.7927185036,zonal_sum,1888.0337181091309,54.57178417435991,0,0.0,external,4,8736.0,25.1,0.08655,0.008655,16.340931830234528
1167,410227.3738420745,3383481.7927185036,zonal_sum,3636.210418701172,60.289865565042014,4,16.0,external,4,8736.0,25.1,0.08655,0.008655,31.47140117385864
1168,410227.3738420745,3383981.7927185036,zonal_sum,3152.0624107718468,57.60195778510682,3,12.0,external,4,8736.0,25.1,0.08655,0.008655,27.28110016523033
1169,410227.3738420745,3384481.7927185036,zonal_sum,4950.283092498779,57.923750379909876,16,64.0,external,1,4049.0,11.64,0.06455,0.006455,31.95407736207962
1170,410227.3738420745,3384981.7927185036,zonal_sum,6295.743896484375,53.02977150074596,11,44.0,external,4,8736.0,25.1,0.08655,0.008655,54.48966342407226
1171,410227.3738420745,3385481.7927185036,zonal_sum,3577.5290036201477,52.66790691366768,2,8.0,external,4,8736.0,25.1,0.08655,0.008655,30.963513526332378
1172,410227.3738420745,3385981.7927185036,zonal_sum,1106.7990312576294,54.38457514395499,2,8.0,external,4,8736.0,25.1,0.08655,0.008655,9.579345615534782
1173,410227.3738420745,3386481.7927185036,zonal_sum,2911.534762263298,50.03102599980067,2,8.0,external,4,8736.0,25.1,0.08655,0.008655,25.199333367388842
1174,410227.3738420745,3386981.7927185036,zonal_sum,5308.713653564453,43.541304805324685,7,28.0,external,4,8736.0,25.1,0.08655,0.008655,45.94691667160034
1175,410227.3738420745,3387481.7927185036,zonal_sum,8161.08610534668,58.46900615803668,6,24.0,external,4,8736.0,25.1,0.08655,0.008655,70.6342002417755
1176,410227.3738420745,3387981.7927185036,zonal_sum,5531.647521972656,71.41073170297726,9,36.0,external,4,8736.0,25.1,0.08655,0.008655,47.87640930267334
1177,410227.3738420745,3388481.7927185036,zonal_sum,6391.301330566406,64.64538443661654,14,56.0,external,4,8736.0,25.1,0.08655,0.008655,55.31671301605224
1178,410227.3738420745,3388981.7927185036,zonal_sum,7389.938659667969,56.24558565186607,18,72.0,external,2,5546.0,15.94,0.07085,0.007085,52.35771540374756
1179,410227.3738420745,3389481.7927185036,zonal_sum,4601.992933273315,45.8956898001348,11,44.0,external,1,4049.0,11.64,0.06455,0.006455,29.70586438427925
1180,410227.3738420745,3389981.7927185036,zonal_sum,6675.483594894409,40.27644305317049,2,8.0,external,0,2956.0,8.49,0.06033,0.006033,40.27319252799797
1181,410227.3738420745,3390481.7927185036,zonal_sum,5138.315450668335,41.25528043642555,11,44.0,external,1,4049.0,11.64,0.06455,0.006455,33.1678262340641
1182,410227.3738420745,3390981.7927185036,zonal_sum,4865.170831382275,55.1125575465262,9,36.0,external,4,8736.0,25.1,0.08655,0.008655,42.108053545613586
1183,410227.3738420745,3391481.7927185036,zonal_sum,10304.867683410645,63.76881086838862,16,64.0,external,4,8736.0,25.1,0.08655,0.008655,89.18862979991913
1184,410227.3738420745,3391981.7927185036,zonal_sum,6771.24906539917,68.12306410823318,18,72.0,external,2,5546.0,15.94,0.07085,0.007085,47.97429962835312
1185,410227.3738420745,3392481.7927185036,zonal_sum,9076.754028320312,39.4499103608863,14,56.0,external,1,4049.0,11.64,0.06455,0.006455,58.590447252807614
1186,410227.3738420745,3392981.7927185036,zonal_sum,6282.104470640421,34.56993430591063,0,0.0,external,0,2956.0,8.49,0.06033,0.006033,37.89993627137366
1187,410227.3738420745,3393481.7927185036,zonal_sum,9602.835121154785,45.877703304957194,54,216.0,external,2,5546.0,15.94,0.07085,0.007085,68.03608683338166
1188,410227.3738420745,3393981.7927185036,zonal_sum,7838.2003173828125,36.338218485848984,26,104.0,external,2,5546.0,15.94,0.07085,0.007085,55.53364924865723
1189,410227.3738420745,3394481.7927185036,zonal_sum,4543.361576080322,27.752673811864764,1,4.0,external,0,2956.0,8.49,0.06033,0.006033,27.410100388492584
1190,410227.3738420745,3394981.7927185036,zonal_sum,5614.236344337463,25.614525595653515,3,12.0,external,0,2956.0,8.49,0.06033,0.006033,33.870687865387914
1191,410227.3738420745,3395481.7927185036,zonal_sum,6171.479400634766,31.526884342440432,12,48.0,external,1,4049.0,11.64,0.06455,0.006455,39.83689953109741
1192,410227.3738420745,3395981.7927185036,zonal_sum,6668.080848693848,32.302349343706794,4,16.0,external,0,2956.0,8.49,0.06033,0.006033,40.228531760169986
1193,410227.3738420745,3396481.7927185036,zonal_sum,4852.606986999512,29.48135034889359,1,4.0,external,0,2956.0,8.49,0.06033,0.006033,29.275777952568056
1194,410227.3738420745,3396981.7927185036,zonal_sum,5057.416046142578,22.64917912698557,3,12.0,external,3,1877.0,5.39,0.05645,0.005645,28.549113580474852
1195,410227.3738420745,3397481.7927185036,zonal_sum,7162.763427734375,23.455089619371858,27,108.0,external,2,5546.0,15.94,0.07085,0.007085,50.74817888549805
1196,410227.3738420745,3397981.7927185036,zonal_sum,2634.768901824951,31.631423809090286,15,60.0,external,1,4049.0,11.64,0.06455,0.006455,17.00743326128006
1197,410227.3738420745,3398481.7927185036,zonal_sum,2890.3693952560425,25.61407320764314,4,16.0,external,0,2956.0,8.49,0.06033,0.006033,17.437598561579705
1198,410227.3738420745,3398981.7927185036,zonal_sum,1020.4388184547424,23.328690069160633,0,0.0,external,3,1877.0,5.39,0.05645,0.005645,5.760377130177021
1199,410227.3738420745,3399481.7927185036,zonal_sum,2955.4228587150574,28.13887883867215,4,16.0,external,0,2956.0,8.49,0.06033,0.006033,17.830066106627942
1200,410227.3738420745,3399981.7927185036,zonal_sum,2419.9904823303223,25.9451856559897,0,0.0,external,0,2956.0,8.49,0.06033,0.006033,14.599802579898835
1201,410227.3738420745,3400481.7927185036,zonal_sum,2105.3650884628296,14.540025661130533,0,0.0,external,3,1877.0,5.39,0.05645,0.005645,11.884785924372673
1202,410227.3738420745,3400981.7927185036,zonal_sum,3734.5848388671875,13.304258931064014,0,0.0,external,3,1877.0,5.39,0.05645,0.005645,21.081731415405272
1203,410227.3738420745,3401481.7927185036,zonal_sum,3175.1692996025085,19.638606279304376,0,0.0,external,3,1877.0,5.39,0.05645,0.005645,17.92383069625616
1204,410227.3738420745,3401981.7927185036,zonal_sum,4456.735485076904,19.474726381859174,1,4.0,external,3,1877.0,5.39,0.05645,0.005645,25.158271813259123
1205,410227.3738420745,3402481.7927185036,zonal_sum,2872.9662132263184,18.58285119623816,0,0.0,external,3,1877.0,5.39,0.05645,0.005645,16.217894273662566
1206,410227.3738420745,3402981.7927185036,zonal_sum,2919.1918754577637,26.619456546755178,0,0.0,external,0,2956.0,8.49,0.06033,0.006033,17.61148458463669
1207,410727.3738420745,3366981.7927185036,zonal_sum,16.02242026478052,68.75771175522702,3,12.0,external,4,8736.0,25.1,0.08655,0.008655,0.1386740473916754
1208,410727.3738420745,3367481.7927185036,zonal_sum,134.79321317002177,94.30563488380827,0,0.0,external,4,8736.0,25.1,0.08655,0.008655,1.1666352599865384
1209,410727.3738420745,3367981.7927185036,zonal_sum,180.62575343251228,89.12028838567404,1,4.0,external,4,8736.0,25.1,0.08655,0.008655,1.5633158959583937
1210,410727.3738420745,3368481.7927185036,zonal_sum,257.39969420433044,60.886477309227324,0,0.0,external,4,8736.0,25.1,0.08655,0.008655,2.22779435333848
1211,410727.3738420745,3368981.7927185036,zonal_sum,258.18136344850063,32.3930969933682,0,0.0,external,0,2956.0,8.49,0.06033,0.006033,1.5576081656848044
1212,410727.3738420745,3369481.7927185036,zonal_sum,372.37938845157623,24.784800437743403,0,0.0,external,0,2956.0,8.49,0.06033,0.006033,2.2465648505283595
1213,410727.3738420745,3369981.7927185036,zonal_sum,135.80688765645027,33.141145926506525,0,0.0,external,0,2956.0,8.49,0.06033,0.006033,0.8193229532313645
1214,410727.3738420745,3370481.7927185036,zonal_sum,363.82277631014585,35.139550975671966,0,0.0,external,0,2956.0,8.49,0.06033,0.006033,2.19494280947911
1215,410727.3738420745,3370981.7927185036,zonal_sum,493.5648274421692,33.09627305088057,2,8.0,external,0,2956.0,8.49,0.06033,0.006033,2.977676603958607
1216,410727.3738420745,3371481.7927185036,zonal_sum,312.21910858154297,31.52311259028295,4,16.0,external,0,2956.0,8.49,0.06033,0.006033,1.8836178820724487
1217,410727.3738420745,3371981.7927185036,zonal_sum,1775.5316548347473,36.21888473182574,0,0.0,external,0,2956.0,8.49,0.06033,0.006033,10.711782473618031
1218,410727.3738420745,3372481.7927185036,zonal_sum,2962.6840324401855,34.753075600055055,2,8.0,external,0,2956.0,8.49,0.06033,0.006033,17.87387276771164
1219,410727.3738420745,3372981.7927185036,zonal_sum,4235.272109985352,31.95988973286671,0,0.0,external,0,2956.0,8.49,0.06033,0.006033,25.551396639541625
1220,410727.3738420745,3373481.7927185036,zonal_sum,2238.4591841697693,34.144555893062915,0,0.0,external,0,2956.0,8.49,0.06033,0.006033,13.504624258096218
1221,410727.3738420745,3373981.7927185036,zonal_sum,4180.040658950806,36.04368686343137,6,24.0,external,1,4049.0,11.64,0.06455,0.006455,26.98216245352745
1222,410727.3738420745,3374481.7927185036,zonal_sum,2859.875991821289,32.125133535423544,3,12.0,external,0,2956.0,8.49,0.06033,0.006033,17.253631858657837
1223,410727.3738420745,3374981.7927185036,zonal_sum,3053.3022785186768,33.85867341757142,0,0.0,external,0,2956.0,8.49,0.06033,0.006033,18.420572646303178
1224,410727.3738420745,3375481.7927185036,zonal_sum,6507.4860191345215,38.96446286054375,0,0.0,external,0,2956.0,8.49,0.06033,0.006033,39.25966315343857
1225,410727.3738420745,3375981.7927185036,zonal_sum,6454.549427032471,38.737112539134216,0,0.0,external,0,2956.0,8.49,0.06033,0.006033,38.940296693286896
1226,410727.3738420745,3376481.7927185036,zonal_sum,4918.783857345581,44.5919829159445,0,0.0,external,4,8736.0,25.1,0.08655,0.008655,42.572074285326
1227,410727.3738420745,3376981.7927185036,zonal_sum,3326.975052833557,49.29164032306021,0,0.0,external,4,8736.0,25.1,0.08655,0.008655,28.794969082274434
1228,410727.3738420745,3377481.7927185036,zonal_sum,3577.092144012451,34.815073670743345,0,0.0,external,0,2956.0,8.49,0.06033,0.006033,21.580596904827118
1229,410727.3738420745,3377981.7927185036,zonal_sum,5096.4141845703125,36.42686020847496,0,0.0,external,0,2956.0,8.49,0.06033,0.006033,30.746666775512697
1230,410727.3738420745,3378481.7927185036,zonal_sum,3750.3113590180874,33.95212578991001,0,0.0,external,0,2956.0,8.49,0.06033,0.006033,22.625628428956123
1231,410727.3738420745,3378981.7927185036,zonal_sum,1398.8182024657726,34.58371034048092,9,36.0,external,1,4049.0,11.64,0.06455,0.006455,9.029371496916562
1232,410727.3738420745,3379481.7927185036,zonal_sum,2347.9826793670654,34.273627608024135,9,36.0,external,1,4049.0,11.64,0.06455,0.006455,15.156228195314407
1233,410727.3738420745,3379981.7927185036,zonal_sum,3199.1978286504745,34.67274638022094,5,20.0,external,0,2956.0,8.49,0.06033,0.006033,19.300760500248312
1234,410727.3738420745,3380481.7927185036,zonal_sum,5325.143863201141,46.78957598970038,3,12.0,external,4,8736.0,25.1,0.08655,0.008655,46.089120136005874
1235,410727.3738420745,3380981.7927185036,zonal_sum,4231.433698654175,54.35481584430651,5,20.0,external,4,8736.0,25.1,0.08655,0.008655,36.62305866185188
1236,410727.3738420745,3381481.7927185036,zonal_sum,2612.5242245197296,50.87103359024907,7,28.0,external,4,8736.0,25.1,0.08655,0.008655,22.611397163218257
1237,410727.3738420745,3381981.7927185036,zonal_sum,337.49192667007446,35.92487372789119,6,24.0,external,1,4049.0,11.64,0.06455,0.006455,2.1785103866553306
1238,410727.3738420745,3382481.7927185036,zonal_sum,1209.9584687948227,51.01696867942225,1,4.0,external,4,8736.0,25.1,0.08655,0.008655,10.47219054741919
1239,410727.3738420745,3382981.7927185036,zonal_sum,1753.2009422779083,72.12293544618868,3,12.0,external,4,8736.0,25.1,0.08655,0.008655,15.173954155415295
1240,410727.3738420745,3383481.7927185036,zonal_sum,2949.214942932129,65.20994092374723,0,0.0,external,4,8736.0,25.1,0.08655,0.008655,25.525455331077573
1241,410727.3738420745,3383981.7927185036,zonal_sum,2083.8797602653503,57.6873031013762,3,12.0,external,4,8736.0,25.1,0.08655,0.008655,18.035979325096605
1242,410727.3738420745,3384481.7927185036,zonal_sum,4766.923974990845,56.233511111278965,3,12.0,external,4,8736.0,25.1,0.08655,0.008655,41.25772700354576
1243,410727.3738420745,3384981.7927185036,zonal_sum,8090.4617919921875,51.78679224309207,3,12.0,external,4,8736.0,25.1,0.08655,0.008655,70.02294680969239
1244,410727.3738420745,3385481.7927185036,zonal_sum,4684.9967176914215,53.015160770042584,0,0.0,external,4,8736.0,25.1,0.08655,0.008655,40.54864659161925
1245,410727.3738420745,3385981.7927185036,zonal_sum,3947.8471488952637,53.30240191015633,6,24.0,external,4,8736.0,25.1,0.08655,0.008655,34.1686170736885
1246,410727.3738420745,3386481.7927185036,zonal_sum,6293.375664681196,50.96123014137301,5,20.0,external,4,8736.0,25.1,0.08655,0.008655,54.46916637781575
1247,410727.3738420745,3386981.7927185036,zonal_sum,6007.53938293457,47.21525400139401,2,8.0,external,4,8736.0,25.1,0.08655,0.008655,51.9952533592987
1248,410727.3738420745,3387481.7927185036,zonal_sum,8265.529891967773,42.24417151599293,27,108.0,external,2,5546.0,15.94,0.07085,0.007085,58.56127928459168
1249,410727.3738420745,3387981.7927185036,zonal_sum,5420.712867736816,56.18796616162143,7,28.0,external,4,8736.0,25.1,0.08655,0.008655,46.91626987026214
1250,410727.3738420745,3388481.7927185036,zonal_sum,6006.322212219238,55.99445967609523,11,44.0,external,4,8736.0,25.1,0.08655,0.008655,51.9847187467575
1251,410727.3738420745,3388981.7927185036,zonal_sum,7786.383377075195,47.20700626661371,3,12.0,external,4,8736.0,25.1,0.08655,0.008655,67.39114812858581
1252,410727.3738420745,3389481.7927185036,zonal_sum,5924.676696777344,34.73112599415303,1,4.0,external,0,2956.0,8.49,0.06033,0.006033,35.74357451165771
1253,410727.3738420745,3389981.7927185036,zonal_sum,7314.227973937988,35.5785080974017,0,0.0,external,0,2956.0,8.49,0.06033,0.006033,44.126737366767884
1254,410727.3738420745,3390481.7927185036,zonal_sum,4701.983112335205,38.73114248534466,9,36.0,external,1,4049.0,11.64,0.06455,0.006455,30.351300990123747
1255,410727.3738420745,3390981.7927185036,zonal_sum,5687.867899119854,43.87117090614385,3,12.0,external,4,8736.0,25.1,0.08655,0.008655,49.228496666882336
1256,410727.3738420745,3391481.7927185036,zonal_sum,8408.27180480957,55.65342993016963,11,44.0,external,4,8736.0,25.1,0.08655,0.008655,72.77359247062682
1257,410727.3738420745,3391981.7927185036,zonal_sum,3288.762689590454,74.33825878068087,20,80.0,external,2,5546.0,15.94,0.07085,0.007085,23.30088365574837
1258,410727.3738420745,3392481.7927185036,zonal_sum,7870.938373565674,48.43324348736028,8,32.0,external,4,8736.0,25.1,0.08655,0.008655,68.1229716232109
1259,410727.3738420745,3392981.7927185036,zonal_sum,6927.788986206055,38.4546678101498,11,44.0,external,1,4049.0,11.64,0.06455,0.006455,44.718877905960085
1260,410727.3738420745,3393481.7927185036,zonal_sum,8477.615905761719,43.573538595786914,15,60.0,external,1,4049.0,11.64,0.06455,0.006455,54.723010671691895
1261,410727.3738420745,3393981.7927185036,zonal_sum,6569.811000823975,44.34873042565945,35,140.0,external,2,5546.0,15.94,0.07085,0.007085,46.54711094083786
1262,410727.3738420745,3394481.7927185036,zonal_sum,5851.1433346271515,35.74890273688631,14,56.0,external,1,4049.0,11.64,0.06455,0.006455,37.76913022501826
1263,410727.3738420745,3394981.7927185036,zonal_sum,8746.942939281464,27.99430281287197,8,32.0,external,1,4049.0,11.64,0.06455,0.006455,56.461516673061844
1264,410727.3738420745,3395481.7927185036,zonal_sum,5048.446201324463,32.25322756064527,9,36.0,external,1,4049.0,11.64,0.06455,0.006455,32.587720229549404
1265,410727.3738420745,3395981.7927185036,zonal_sum,7901.136253356934,35.95910172030078,3,12.0,external,0,2956.0,8.49,0.06033,0.006033,47.667555016502384
1266,410727.3738420745,3396481.7927185036,zonal_sum,6002.3316650390625,35.061012676404594,0,0.0,external,0,2956.0,8.49,0.06033,0.006033,36.212066935180665
1267,410727.3738420745,3396981.7927185036,zonal_sum,6570.5764083862305,27.309990583381488,3,12.0,external,0,2956.0,8.49,0.06033,0.006033,39.64028747179413
1268,410727.3738420745,3397481.7927185036,zonal_sum,7984.648849487305,24.188895683443896,9,36.0,external,1,4049.0,11.64,0.06455,0.006455,51.54090832344055
1269,410727.3738420745,3397981.7927185036,zonal_sum,6279.0468826293945,30.742707642418875,7,28.0,external,1,4049.0,11.64,0.06455,0.006455,40.53124762737274
1270,410727.3738420745,3398481.7927185036,zonal_sum,2946.170530319214,26.691219716466538,5,20.0,external,0,2956.0,8.49,0.06033,0.006033,17.774246809415818
1271,410727.3738420745,3398981.7927185036,zonal_sum,3217.0564098358154,23.466156184608195,0,0.0,external,3,1877.0,5.39,0.05645,0.005645,18.160283433523176
1272,410727.3738420745,3399481.7927185036,zonal_sum,2028.6835236549377,31.162157672977614,0,0.0,external,0,2956.0,8.49,0.06033,0.006033,12.23904769821024
1273,410727.3738420745,3399981.7927185036,zonal_sum,1022.1214246749878,24.5864408353183,0,0.0,external,0,2956.0,8.49,0.06033,0.006033,6.166458555064201
1274,410727.3738420745,3400481.7927185036,zonal_sum,833.9719228744507,16.693043723259056,0,0.0,external,3,1877.0,5.39,0.05645,0.005645,4.707771504626274
1275,410727.3738420745,3400981.7927185036,zonal_sum,928.1997661590576,18.238339898279122,1,4.0,external,3,1877.0,5.39,0.05645,0.005645,5.23968767996788
1276,410727.3738420745,3401481.7927185036,zonal_sum,1143.9651947021484,20.859544543718226,0,0.0,external,3,1877.0,5.39,0.05645,0.005645,6.4576835240936274
1277,410727.3738420745,3401981.7927185036,zonal_sum,3722.6997394561768,19.477055947747782,0,0.0,external,3,1877.0,5.39,0.05645,0.005645,21.01464002923012
1278,410727.3738420745,3402481.7927185036,zonal_sum,2291.4431743621826,18.675759529763965,0,0.0,external,3,1877.0,5.39,0.05645,0.005645,12.93519671927452
1279,410727.3738420745,3402981.7927185036,zonal_sum,2733.448905944824,24.890959145842636,0,0.0,external,0,2956.0,8.49,0.06033,0.006033,16.490897249565126
1280,411227.3738420745,3366981.7927185036,zonal_sum,388.0647278726101,69.96198849710167,3,12.0,external,4,8736.0,25.1,0.08655,0.008655,3.35870021973744
1281,411227.3738420745,3367481.7927185036,zonal_sum,436.39590978622437,91.10406115273094,0,0.0,external,4,8736.0,25.1,0.08655,0.008655,3.7770065991997717
1282,411227.3738420745,3367981.7927185036,zonal_sum,214.03079684078693,74.1998104029187,1,4.0,external,4,8736.0,25.1,0.08655,0.008655,1.8524365466570107
1283,411227.3738420745,3368481.7927185036,zonal_sum,451.17361056804657,60.29854165306434,0,0.0,external,4,8736.0,25.1,0.08655,0.008655,3.904907599466443
1284,411227.3738420745,3368981.7927185036,zonal_sum,247.97124169021845,28.20622916714442,0,0.0,external,0,2956.0,8.49,0.06033,0.006033,1.4960105011170879
1285,411227.3738420745,3369481.7927185036,zonal_sum,98.4508455041796,22.878825544687476,0,0.0,external,3,1877.0,5.39,0.05645,0.005645,0.5557550228710938
1286,411227.3738420745,3369981.7927185036,zonal_sum,736.3142957687378,27.023674161826403,1,4.0,external,0,2956.0,8.49,0.06033,0.006033,4.442184146372795
1287,411227.3738420745,3370481.7927185036,zonal_sum,1457.0591297149658,30.427920433148294,1,4.0,external,0,2956.0,8.49,0.06033,0.006033,8.790437729570389
1288,411227.3738420745,3370981.7927185036,zonal_sum,364.0408160686493,30.57548968643984,0,0.0,external,0,2956.0,8.49,0.06033,0.006033,2.1962582433421614
1289,411227.3738420745,3371481.7927185036,zonal_sum,255.54993987083435,25.57511448874718,1,4.0,external,0,2956.0,8.49,0.06033,0.006033,1.5417327872407436
1290,411227.3738420745,3371981.7927185036,zonal_sum,1349.7381502389908,30.06343286067507,0,0.0,external,0,2956.0,8.49,0.06033,0.006033,8.14297026039183
1291,411227.3738420745,3372481.7927185036,zonal_sum,2440.376229286194,26.964514324924266,0,0.0,external,0,2956.0,8.49,0.06033,0.006033,14.722789791283608
1292,411227.3738420745,3372981.7927185036,zonal_sum,6429.342910766602,29.202614117599268,0,0.0,external,0,2956.0,8.49,0.06033,0.006033,38.788225780654905
1293,411227.3738420745,3373481.7927185036,zonal_sum,4783.605880737305,33.47463712755821,0,0.0,external,0,2956.0,8.49,0.06033,0.006033,28.85949427848816
1294,411227.3738420745,3373981.7927185036,zonal_sum,5486.372283577919,30.941840066903087,0,0.0,external,0,2956.0,8.49,0.06033,0.006033,33.09928398682558
1295,411227.3738420745,3374481.7927185036,zonal_sum,2613.4986114501953,27.340929705750884,0,0.0,external,0,2956.0,8.49,0.06033,0.006033,15.76723712287903
1296,411227.3738420745,3374981.7927185036,zonal_sum,3731.6944427490234,29.24598523766258,0,0.0,external,0,2956.0,8.49,0.06033,0.006033,22.51331257310486
1297,411227.3738420745,3375481.7927185036,zonal_sum,4645.624496459961,31.66253299032124,0,0.0,external,0,2956.0,8.49,0.06033,0.006033,28.027052587142943
1298,411227.3738420745,3375981.7927185036,zonal_sum,3642.816909790039,38.938068778796904,0,0.0,external,0,2956.0,8.49,0.06033,0.006033,21.977114416763307
1299,411227.3738420745,3376481.7927185036,zonal_sum,1982.065697133541,58.002272659729385,0,0.0,external,4,8736.0,25.1,0.08655,0.008655,17.154778608690798
1300,411227.3738420745,3376981.7927185036,zonal_sum,2515.036297082901,54.616425474020986,3,12.0,external,4,8736.0,25.1,0.08655,0.008655,21.767639151252506
1301,411227.3738420745,3377481.7927185036,zonal_sum,4416.412395477295,35.03166616765347,1,4.0,external,0,2956.0,8.49,0.06033,0.006033,26.64421598191452
1302,411227.3738420745,3377981.7927185036,zonal_sum,5210.065395355225,34.43953601097883,0,0.0,external,0,2956.0,8.49,0.06033,0.006033,31.43232453017807
1303,411227.3738420745,3378481.7927185036,zonal_sum,4246.269344329834,30.885618703717483,1,4.0,external,0,2956.0,8.49,0.06033,0.006033,25.61774295434189
1304,411227.3738420745,3378981.7927185036,zonal_sum,1135.8930820822716,28.96679523226736,2,8.0,external,0,2956.0,8.49,0.06033,0.006033,6.8528429642023445
1305,411227.3738420745,3379481.7927185036,zonal_sum,1540.086788803339,25.601883161497796,3,12.0,external,0,2956.0,8.49,0.06033,0.006033,9.291343596850545
1306,411227.3738420745,3379981.7927185036,zonal_sum,1902.6355829238892,31.83536200892456,2,8.0,external,0,2956.0,8.49,0.06033,0.006033,11.478600471779824
1307,411227.3738420745,3380481.7927185036,zonal_sum,3340.0126538574696,36.82589707636576,0,0.0,external,0,2956.0,8.49,0.06033,0.006033,20.150296340722115
1308,411227.3738420745,3380981.7927185036,zonal_sum,2004.6616312265396,42.882463611436656,0,0.0,external,4,8736.0,25.1,0.08655,0.008655,17.350346418265698
1309,411227.3738420745,3381481.7927185036,zonal_sum,2852.27198600024,44.41460678675543,0,0.0,external,4,8736.0,25.1,0.08655,0.008655,24.686414038832073
1310,411227.3738420745,3381981.7927185036,zonal_sum,211.0154486298561,32.42350662497439,2,8.0,external,0,2956.0,8.49,0.06033,0.006033,1.273056201583922
1311,411227.3738420745,3382481.7927185036,zonal_sum,690.4957344159484,31.244648938981737,0,0.0,external,0,2956.0,8.49,0.06033,0.006033,4.165760765731417
1312,411227.3738420745,3382981.7927185036,zonal_sum,1991.4533541202545,38.670249833588386,0,0.0,external,0,2956.0,8.49,0.06033,0.006033,12.014438085407496
1313,411227.3738420745,3383481.7927185036,zonal_sum,489.196643454954,41.308687171992574,0,0.0,external,0,2956.0,8.49,0.06033,0.006033,2.951323349963738
1314,411227.3738420745,3383981.7927185036,zonal_sum,1393.8933884426951,45.47841888858339,2,8.0,external,4,8736.0,25.1,0.08655,0.008655,12.064147276971525
1315,411227.3738420745,3384481.7927185036,zonal_sum,2238.454727128148,52.12504908597563,0,0.0,external,4,8736.0,25.1,0.08655,0.008655,19.37382566329412
1316,411227.3738420745,3384981.7927185036,zonal_sum,6170.5695786476135,49.54786239323522,2,8.0,external,4,8736.0,25.1,0.08655,0.008655,53.40627970319509
1317,411227.3738420745,3385481.7927185036,zonal_sum,3539.133472442627,51.92980573722311,1,4.0,external,4,8736.0,25.1,0.08655,0.008655,30.631200203990936
1318,411227.3738420745,3385981.7927185036,zonal_sum,4393.085494995117,46.17833859568617,10,40.0,external,1,4049.0,11.64,0.06455,0.006455,28.35736687019348
1319,411227.3738420745,3386481.7927185036,zonal_sum,5944.8686447143555,41.63662198811587,0,0.0,external,0,2956.0,8.49,0.06033,0.006033,35.86539253356171
1320,411227.3738420745,3386981.7927185036,zonal_sum,6423.323776245117,44.497501334105024,6,24.0,external,4,8736.0,25.1,0.08655,0.008655,55.59386728340149
1321,411227.3738420745,3387481.7927185036,zonal_sum,8221.060760498047,45.72496478928354,17,68.0,external,1,4049.0,11.64,0.06455,0.006455,53.06694720901489
1322,411227.3738420745,3387981.7927185036,zonal_sum,5737.6843185424805,53.068157817916635,8,32.0,external,4,8736.0,25.1,0.08655,0.008655,49.65965777698516
1323,411227.3738420745,3388481.7927185036,zonal_sum,7481.823829650879,49.21511528455969,29,116.0,external,2,5546.0,15.94,0.07085,0.007085,53.00872183307648
1324,411227.3738420745,3388981.7927185036,zonal_sum,7006.943077087402,40.45649950549951,4,16.0,external,4,8736.0,25.1,0.08655,0.008655,60.64509233219147
1325,411227.3738420745,3389481.7927185036,zonal_sum,5464.14860534668,35.44774322705255,7,28.0,external,1,4049.0,11.64,0.06455,0.006455,35.271079247512816
1326,411227.3738420745,3389981.7927185036,zonal_sum,6678.101593017578,37.4402235741329,5,20.0,external,0,2956.0,8.49,0.06033,0.006033,40.28898691067505
1327,411227.3738420745,3390481.7927185036,zonal_sum,6870.880599975586,35.38818334245439,8,32.0,external,1,4049.0,11.64,0.06455,0.006455,44.35153427284241
1328,411227.3738420745,3390981.7927185036,zonal_sum,7769.132848978043,41.46441139727671,5,20.0,external,4,8736.0,25.1,0.08655,0.008655,67.24184480790495
1329,411227.3738420745,3391481.7927185036,zonal_sum,8455.831848144531,56.69529919921899,18,72.0,external,2,5546.0,15.94,0.07085,0.007085,59.909568644104006
1330,411227.3738420745,3391981.7927185036,zonal_sum,4282.283031463623,63.12420847855844,28,112.0,external,2,5546.0,15.94,0.07085,0.007085,30.33997527791977
1331,411227.3738420745,3392481.7927185036,zonal_sum,7896.956269741058,52.337261465525124,15,60.0,external,1,4049.0,11.64,0.06455,0.006455,50.97485272117853
1332,411227.3738420745,3392981.7927185036,zonal_sum,6838.255336761475,40.05038508298934,16,64.0,external,1,4049.0,11.64,0.06455,0.006455,44.14093819879532
1333,411227.3738420745,3393481.7927185036,zonal_sum,8923.4052734375,34.897184864472244,41,164.0,external,2,5546.0,15.94,0.07085,0.007085,63.22232636230469
1334,411227.3738420745,3393981.7927185036,zonal_sum,6350.281944274902,36.36517148768748,82,328.0,external,2,5546.0,15.94,0.07085,0.007085,44.99174757518768
1335,411227.3738420745,3394481.7927185036,zonal_sum,4830.956739425659,33.51530581188366,35,140.0,external,2,5546.0,15.94,0.07085,0.007085,34.22732849883079
1336,411227.3738420745,3394981.7927185036,zonal_sum,7707.703170776367,30.754093628803883,12,48.0,external,1,4049.0,11.64,0.06455,0.006455,49.75322396736145
1337,411227.3738420745,3395481.7927185036,zonal_sum,5196.555332183838,31.441467809607946,17,68.0,external,1,4049.0,11.64,0.06455,0.006455,33.54376466924667
1338,411227.3738420745,3395981.7927185036,zonal_sum,5281.456073760986,35.357803270043725,21,84.0,external,2,5546.0,15.94,0.07085,0.007085,37.41911628259659
1339,411227.3738420745,3396481.7927185036,zonal_sum,4937.195466995239,37.30874020069995,8,32.0,external,1,4049.0,11.64,0.06455,0.006455,31.86959673945427
1340,411227.3738420745,3396981.7927185036,zonal_sum,8390.54759979248,29.897772570116725,4,16.0,external,0,2956.0,8.49,0.06033,0.006033,50.62017366954804
1341,411227.3738420745,3397481.7927185036,zonal_sum,9136.831146240234,27.257400525048208,8,32.0,external,1,4049.0,11.64,0.06455,0.006455,58.97824504898071
1342,411227.3738420745,3397981.7927185036,zonal_sum,5998.7858328819275,29.792137239557448,5,20.0,external,0,2956.0,8.49,0.06033,0.006033,36.19067492977667
1343,411227.3738420745,3398481.7927185036,zonal_sum,3778.1073036193848,29.005355571155235,1,4.0,external,0,2956.0,8.49,0.06033,0.006033,22.79332136273575
1344,411227.3738420745,3398981.7927185036,zonal_sum,3665.1534538269043,28.83260988078945,0,0.0,external,0,2956.0,8.49,0.06033,0.006033,22.111870786937715
1345,411227.3738420745,3399481.7927185036,zonal_sum,626.6648105084896,35.221297963790605,3,12.0,external,0,2956.0,8.49,0.06033,0.006033,3.780668801797718
1346,411227.3738420745,3399981.7927185036,zonal_sum,182.75535729527473,28.906976862832487,0,0.0,external,0,2956.0,8.49,0.06033,0.006033,1.1025630705623926
1347,411227.3738420745,3400481.7927185036,zonal_sum,134.75918273627758,21.571375354161866,0,0.0,external,3,1877.0,5.39,0.05645,0.005645,0.7607155865462869
1348,411227.3738420745,3400981.7927185036,zonal_sum,336.888334274292,20.164557877243137,1,4.0,external,3,1877.0,5.39,0.05645,0.005645,1.9017346469783782
1349,411227.3738420745,3401481.7927185036,zonal_sum,210.65728163719177,18.506863775079257,0,0.0,external,3,1877.0,5.39,0.05645,0.005645,1.1891603548419476
1350,411227.3738420745,3401981.7927185036,zonal_sum,406.14197185635567,18.25332773805457,0,0.0,external,3,1877.0,5.39,0.05645,0.005645,2.292671431129128
1351,411227.3738420745,3402481.7927185036,zonal_sum,319.6504414975643,22.163431924528002,0,0.0,external,3,1877.0,5.39,0.05645,0.005645,1.8044267422537505
1352,411227.3738420745,3402981.7927185036,zonal_sum,983.3516845703125,30.02695443898046,2,8.0,external,0,2956.0,8.49,0.06033,0.006033,5.932560713012696
1353,411727.3738420745,3366981.7927185036,zonal_sum,266.3864731788635,63.7864796545509,0,0.0,external,4,8736.0,25.1,0.08655,0.008655,2.3055749253630635
1354,411727.3738420745,3367481.7927185036,zonal_sum,427.0329357236624,69.84439561250969,1,4.0,external,4,8736.0,25.1,0.08655,0.008655,3.6959700586882978
1355,411727.3738420745,3367981.7927185036,zonal_sum,549.7070202976465,61.855445534223136,0,0.0,external,4,8736.0,25.1,0.08655,0.008655,4.7577142606761305
1356,411727.3738420745,3368481.7927185036,zonal_sum,515.1621561050415,54.32077783848943,0,0.0,external,4,8736.0,25.1,0.08655,0.008655,4.458728461089134
1357,411727.3738420745,3368981.7927185036,zonal_sum,37.58305526524782,30.984243083076993,0,0.0,external,0,2956.0,8.49,0.06033,0.006033,0.22673857241524012
1358,411727.3738420745,3369481.7927185036,zonal_sum,36.583687007427216,22.741191513094787,0,0.0,external,3,1877.0,5.39,0.05645,0.005645,0.20651491315692663
1359,411727.3738420745,3369981.7927185036,zonal_sum,458.9230057001114,23.541593345312528,0,0.0,external,3,1877.0,5.39,0.05645,0.005645,2.5906203671771286
1360,411727.3738420745,3370481.7927185036,zonal_sum,1195.518099308014,31.249122690679904,0,0.0,external,0,2956.0,8.49,0.06033,0.006033,7.212560693125248
1361,411727.3738420745,3370981.7927185036,zonal_sum,708.8445869237185,33.99484592419753,0,0.0,external,0,2956.0,8.49,0.06033,0.006033,4.276459392910794
1362,411727.3738420745,3371481.7927185036,zonal_sum,226.84911131858826,29.16250643641173,0,0.0,external,0,2956.0,8.49,0.06033,0.006033,1.368580688585043
1363,411727.3738420745,3371981.7927185036,zonal_sum,1289.314895965159,25.08299749796834,0,0.0,external,0,2956.0,8.49,0.06033,0.006033,7.778436767357804
1364,411727.3738420745,3372481.7927185036,zonal_sum,1840.3596277236938,25.246798095491197,0,0.0,external,0,2956.0,8.49,0.06033,0.006033,11.102889634057044
1365,411727.3738420745,3372981.7927185036,zonal_sum,3795.266737103462,37.347005809260864,0,0.0,external,0,2956.0,8.49,0.06033,0.006033,22.896844224945188
1366,411727.3738420745,3373481.7927185036,zonal_sum,2804.6007966399193,42.75646435810326,3,12.0,external,4,8736.0,25.1,0.08655,0.008655,24.2738198949185
1367,411727.3738420745,3373981.7927185036,zonal_sum,3786.7488651275635,34.20601107866074,0,0.0,external,0,2956.0,8.49,0.06033,0.006033,22.84545590331459
1368,411727.3738420745,3374481.7927185036,zonal_sum,1317.9301385432482,32.77773173281771,1,4.0,external,0,2956.0,8.49,0.06033,0.006033,7.9510725258314165
1369,411727.3738420745,3374981.7927185036,zonal_sum,2341.542547225952,33.27768441412619,0,0.0,external,0,2956.0,8.49,0.06033,0.006033,14.12652618741417
1370,411727.3738420745,3375481.7927185036,zonal_sum,1837.8632117696106,41.27024167712758,1,4.0,external,0,2956.0,8.49,0.06033,0.006033,11.087828756606061
1371,411727.3738420745,3375981.7927185036,zonal_sum,1190.1564614474773,53.825565714115044,0,0.0,external,4,8736.0,25.1,0.08655,0.008655,10.300804173827915
1372,411727.3738420745,3376481.7927185036,zonal_sum,417.6520350575447,52.58336438329046,1,4.0,external,4,8736.0,25.1,0.08655,0.008655,3.6147783634230493
1373,411727.3738420745,3376981.7927185036,zonal_sum,1331.1039972305298,44.52585087889776,0,0.0,external,4,8736.0,25.1,0.08655,0.008655,11.520705096030234
1374,411727.3738420745,3377481.7927185036,zonal_sum,2687.4647254943848,44.89048190422708,0,0.0,external,4,8736.0,25.1,0.08655,0.008655,23.2600071991539
1375,411727.3738420745,3377981.7927185036,zonal_sum,4048.8251876831055,38.56672155846139,0,0.0,external,0,2956.0,8.49,0.06033,0.006033,24.426562357292177
1376,411727.3738420745,3378481.7927185036,zonal_sum,2639.575343132019,34.796002781742544,0,0.0,external,0,2956.0,8.49,0.06033,0.006033,15.924558045115472
1377,411727.3738420745,3378981.7927185036,zonal_sum,1830.0820291638374,30.247788238707514,1,4.0,external,0,2956.0,8.49,0.06033,0.006033,11.040884881945432
1378,411727.3738420745,3379481.7927185036,zonal_sum,1596.0964873433113,31.297379688666986,0,0.0,external,0,2956.0,8.49,0.06033,0.006033,9.629250108142198
1379,411727.3738420745,3379981.7927185036,zonal_sum,6996.351089477539,28.73179875929736,2,8.0,external,0,2956.0,8.49,0.06033,0.006033,42.208986122818
1380,411727.3738420745,3380481.7927185036,zonal_sum,2097.4848070144653,28.5739946372109,0,0.0,external,0,2956.0,8.49,0.06033,0.006033,12.654125840718269
1381,411727.3738420745,3380981.7927185036,zonal_sum,947.8978232219815,41.31507748734711,8,32.0,external,1,4049.0,11.64,0.06455,0.006455,6.118680448897891
1382,411727.3738420745,3381481.7927185036,zonal_sum,2977.608945399523,42.31122844098415,7,28.0,external,1,4049.0,11.64,0.06455,0.006455,19.22046574255392
1383,411727.3738420745,3381981.7927185036,zonal_sum,692.1814201921225,27.58159632369152,0,0.0,external,0,2956.0,8.49,0.06033,0.006033,4.175930508019075
1384,411727.3738420745,3382481.7927185036,zonal_sum,258.0082946866751,23.322945419073086,1,4.0,external,3,1877.0,5.39,0.05645,0.005645,1.4564568235062807
1385,411727.3738420745,3382981.7927185036,zonal_sum,305.63551008701324,26.344902209886534,0,0.0,external,0,2956.0,8.49,0.06033,0.006033,1.843899032354951
1386,411727.3738420745,3383481.7927185036,zonal_sum,342.8846700191498,30.515548396572203,0,0.0,external,0,2956.0,8.49,0.06033,0.006033,2.0686232142255307
1387,411727.3738420745,3383981.7927185036,zonal_sum,1130.4313588440418,32.86759627129894,2,8.0,external,0,2956.0,8.49,0.06033,0.006033,6.819892387906105
1388,411727.3738420745,3384481.7927185036,zonal_sum,2284.194792151451,36.171448858659055,0,0.0,external,0,2956.0,8.49,0.06033,0.006033,13.780547181049705
1389,411727.3738420745,3384981.7927185036,zonal_sum,2187.670055374503,40.079226020939416,2,8.0,external,0,2956.0,8.49,0.06033,0.006033,13.198213444074378
1390,411727.3738420745,3385481.7927185036,zonal_sum,2825.4077886343002,46.269067467698676,3,12.0,external,4,8736.0,25.1,0.08655,0.008655,24.453904410629868
1391,411727.3738420745,3385981.7927185036,zonal_sum,3162.5070975720882,39.1223633450872,0,0.0,external,0,2956.0,8.49,0.06033,0.006033,19.07940531965241
1392,411727.3738420745,3386481.7927185036,zonal_sum,5890.930084228516,37.08241345615653,6,24.0,external,1,4049.0,11.64,0.06455,0.006455,38.025953693695065
1393,411727.3738420745,3386981.7927185036,zonal_sum,6046.022216796875,43.165304165546466,6,24.0,external,4,8736.0,25.1,0.08655,0.008655,52.32832228637695
1394,411727.3738420745,3387481.7927185036,zonal_sum,6497.7507247924805,45.53678565813653,14,56.0,external,1,4049.0,11.64,0.06455,0.006455,41.94298092853546
1395,411727.3738420745,3387981.7927185036,zonal_sum,5166.794731140137,57.01709795000593,8,32.0,external,4,8736.0,25.1,0.08655,0.008655,44.71860839801788
1396,411727.3738420745,3388481.7927185036,zonal_sum,8147.176918029785,43.45123201518652,7,28.0,external,4,8736.0,25.1,0.08655,0.008655,70.51381622554779
1397,411727.3738420745,3388981.7927185036,zonal_sum,4921.740051269531,34.020803930198156,3,12.0,external,0,2956.0,8.49,0.06033,0.006033,29.692857729309083
1398,411727.3738420745,3389481.7927185036,zonal_sum,2950.698513031006,31.623225282813465,5,20.0,external,0,2956.0,8.49,0.06033,0.006033,17.80156412911606
1399,411727.3738420745,3389981.7927185036,zonal_sum,8615.141204833984,42.08049378948397,7,28.0,external,1,4049.0,11.64,0.06455,0.006455,55.61073647720337
1400,411727.3738420745,3390481.7927185036,zonal_sum,6883.730956077576,41.4454204368605,10,40.0,external,1,4049.0,11.64,0.06455,0.006455,44.43448332148075
1401,411727.3738420745,3390981.7927185036,zonal_sum,8874.324896812439,42.320846648882046,20,80.0,external,2,5546.0,15.94,0.07085,0.007085,62.87459189391613
1402,411727.3738420745,3391481.7927185036,zonal_sum,7806.521591186523,52.74710311740773,36,144.0,external,2,5546.0,15.94,0.07085,0.007085,55.30920547355652
1403,411727.3738420745,3391981.7927185036,zonal_sum,3933.6946001052856,57.393571819640954,41,164.0,external,2,5546.0,15.94,0.07085,0.007085,27.87022624174595
1404,411727.3738420745,3392481.7927185036,zonal_sum,9603.395301818848,62.91127710391908,30,120.0,external,2,5546.0,15.94,0.07085,0.007085,68.04005571338654
1405,411727.3738420745,3392981.7927185036,zonal_sum,8441.468017578125,36.85148012254258,12,48.0,external,1,4049.0,11.64,0.06455,0.006455,54.489676053466795
1406,411727.3738420745,3393481.7927185036,zonal_sum,9102.873474121094,31.912513289088206,22,88.0,external,2,5546.0,15.94,0.07085,0.007085,64.49385856414796
1407,411727.3738420745,3393981.7927185036,zonal_sum,5614.955059051514,34.09706718374313,4,16.0,external,0,2956.0,8.49,0.06033,0.006033,33.87502387125778
1408,411727.3738420745,3394481.7927185036,zonal_sum,6832.515357971191,33.98129158461946,24,96.0,external,2,5546.0,15.94,0.07085,0.007085,48.40837131122589
1409,411727.3738420745,3394981.7927185036,zonal_sum,6232.336093902588,32.73091808378699,10,40.0,external,1,4049.0,11.64,0.06455,0.006455,40.2297294861412
1410,411727.3738420745,3395481.7927185036,zonal_sum,7120.973327636719,29.276606004919312,6,24.0,external,1,4049.0,11.64,0.06455,0.006455,45.965882829895016
1411,411727.3738420745,3395981.7927185036,zonal_sum,6177.46919631958,32.88866841951154,22,88.0,external,2,5546.0,15.94,0.07085,0.007085,43.76736925592422
1412,411727.3738420745,3396481.7927185036,zonal_sum,4567.782863616943,35.04198108163256,22,88.0,external,2,5546.0,15.94,0.07085,0.007085,32.362741588726045
1413,411727.3738420745,3396981.7927185036,zonal_sum,6000.017904281616,27.243103809533267,3,12.0,external,0,2956.0,8.49,0.06033,0.006033,36.198108016530995
1414,411727.3738420745,3397481.7927185036,zonal_sum,3534.8951036930084,27.034431957288543,0,0.0,external,0,2956.0,8.49,0.06033,0.006033,21.32602216057992
1415,411727.3738420745,3397981.7927185036,zonal_sum,597.3549585565925,29.168783723242523,0,0.0,external,0,2956.0,8.49,0.06033,0.006033,3.6038424649719225
1416,411727.3738420745,3398481.7927185036,zonal_sum,3758.8662662506104,28.91393345350464,0,0.0,external,0,2956.0,8.49,0.06033,0.006033,22.677240184289932
1417,411727.3738420745,3398981.7927185036,zonal_sum,1693.3172597885132,31.15962811294872,1,4.0,external,0,2956.0,8.49,0.06033,0.006033,10.2157830283041
1418,411727.3738420745,3399481.7927185036,zonal_sum,1302.8829858265817,31.17124485544688,0,0.0,external,0,2956.0,8.49,0.06033,0.006033,7.860293053491768
1419,411727.3738420745,3399981.7927185036,zonal_sum,200.944529581815,22.97570211633713,1,4.0,external,3,1877.0,5.39,0.05645,0.005645,1.1343318694893456
1420,411727.3738420745,3400481.7927185036,zonal_sum,278.46358847618103,17.31362606944821,0,0.0,external,3,1877.0,5.39,0.05645,0.005645,1.5719269569480419
1421,411727.3738420745,3400981.7927185036,zonal_sum,203.21728992462158,15.286027364803536,0,0.0,external,3,1877.0,5.39,0.05645,0.005645,1.1471616016244888
1422,411727.3738420745,3401481.7927185036,zonal_sum,112.91795136034489,15.469532511565736,1,4.0,external,3,1877.0,5.39,0.05645,0.005645,0.6374218354291469
1423,411727.3738420745,3401981.7927185036,zonal_sum,252.24779224395752,16.96730255275897,0,0.0,external,3,1877.0,5.39,0.05645,0.005645,1.42393878721714
1424,411727.3738420745,3402481.7927185036,zonal_sum,127.07733118534088,23.982088802156433,0,0.0,external,0,2956.0,8.49,0.06033,0.006033,0.7666575390411615
1425,411727.3738420745,3402981.7927185036,zonal_sum,2072.879198074341,32.275225881904845,0,0.0,external,0,2956.0,8.49,0.06033,0.006033,12.505680201982498
1426,412227.3738420745,3366481.7927185036,zonal_sum,415.5641462802887,46.997622585625074,0,0.0,external,4,8736.0,25.1,0.08655,0.008655,3.5967076860558986
1427,412227.3738420745,3366981.7927185036,zonal_sum,319.3710769414902,50.70244470778134,0,0.0,external,4,8736.0,25.1,0.08655,0.008655,2.7641566709285974
1428,412227.3738420745,3367481.7927185036,zonal_sum,224.1401397883892,49.75705198225542,0,0.0,external,4,8736.0,25.1,0.08655,0.008655,1.9399329098685085
1429,412227.3738420745,3367981.7927185036,zonal_sum,438.1527062356472,50.324893720494245,0,0.0,external,4,8736.0,25.1,0.08655,0.008655,3.7922116724695263
1430,412227.3738420745,3368481.7927185036,zonal_sum,494.91001749038696,42.638585919058485,0,0.0,external,4,8736.0,25.1,0.08655,0.008655,4.283446201379299
1431,412227.3738420745,3368981.7927185036,zonal_sum,164.78998221457005,30.776877364139757,0,0.0,external,0,2956.0,8.49,0.06033,0.006033,0.9941779627005011
1432,412227.3738420745,3369481.7927185036,zonal_sum,87.95991492271423,24.00943235483008,0,0.0,external,0,2956.0,8.49,0.06033,0.006033,0.530662166728735
1433,412227.3738420745,3369981.7927185036,zonal_sum,200.9838547706604,22.770101852671246,0,0.0,external,3,1877.0,5.39,0.05645,0.005645,1.134553860180378
1434,412227.3738420745,3370481.7927185036,zonal_sum,474.8324408531189,21.462224450367884,0,0.0,external,3,1877.0,5.39,0.05645,0.005645,2.680429128615856
1435,412227.3738420745,3370981.7927185036,zonal_sum,1249.4961066246033,25.160925301300583,1,4.0,external,0,2956.0,8.49,0.06033,0.006033,7.538210011266232
1436,412227.3738420745,3371481.7927185036,zonal_sum,528.7617421150208,21.36598758279594,0,0.0,external,3,1877.0,5.39,0.05645,0.005645,2.984860034239292
1437,412227.3738420745,3371981.7927185036,zonal_sum,903.0937004089355,17.131130531149996,0,0.0,external,3,1877.0,5.39,0.05645,0.005645,5.097963938808441
1438,412227.3738420745,3372481.7927185036,zonal_sum,1057.4484691619873,18.16436971257151,0,0.0,external,3,1877.0,5.39,0.05645,0.005645,5.969296608419418
1439,412227.3738420745,3372981.7927185036,zonal_sum,2114.310908317566,37.33393667423753,1,4.0,external,0,2956.0,8.49,0.06033,0.006033,12.755637709879876
1440,412227.3738420745,3373481.7927185036,zonal_sum,2208.059314750135,49.33316161760219,0,0.0,external,4,8736.0,25.1,0.08655,0.008655,19.110753369162417
1441,412227.3738420745,3373981.7927185036,zonal_sum,2580.982905626297,34.627822354645595,0,0.0,external,0,2956.0,8.49,0.06033,0.006033,15.57106986964345
1442,412227.3738420745,3374481.7927185036,zonal_sum,180.79778876900673,27.157413738481022,0,0.0,external,0,2956.0,8.49,0.06033,0.006033,1.0907530596434176
1443,412227.3738420745,3374981.7927185036,zonal_sum,282.594975233078,33.66757767710085,0,0.0,external,0,2956.0,8.49,0.06033,0.006033,1.7048954855811596
1444,412227.3738420745,3375481.7927185036,zonal_sum,561.4607667922974,38.02565443230355,0,0.0,external,0,2956.0,8.49,0.06033,0.006033,3.38729280605793
1445,412227.3738420745,3375981.7927185036,zonal_sum,459.4302390217781,43.2094458603469,0,0.0,external,4,8736.0,25.1,0.08655,0.008655,3.976368718733489
1446,412227.3738420745,3376481.7927185036,zonal_sum,115.66130469366908,36.9232162570268,0,0.0,external,0,2956.0,8.49,0.06033,0.006033,0.6977846512169056
1447,412227.3738420745,3376981.7927185036,zonal_sum,375.5465798377991,44.34715922926303,0,0.0,external,4,8736.0,25.1,0.08655,0.008655,3.250355648496151
1448,412227.3738420745,3377481.7927185036,zonal_sum,1728.7463002204895,43.080427665129264,0,0.0,external,4,8736.0,25.1,0.08655,0.008655,14.962299228408336
1449,412227.3738420745,3377981.7927185036,zonal_sum,1994.3445825576782,37.30085624905119,0,0.0,external,0,2956.0,8.49,0.06033,0.006033,12.031880866570473
1450,412227.3738420745,3378481.7927185036,zonal_sum,2882.397436141968,34.265866487072245,0,0.0,external,0,2956.0,8.49,0.06033,0.006033,17.389503732244492
1451,412227.3738420745,3378981.7927185036,zonal_sum,4663.178723335266,37.03722478650273,2,8.0,external,0,2956.0,8.49,0.06033,0.006033,28.132957237881662
1452,412227.3738420745,3379481.7927185036,zonal_sum,2146.732672214508,38.996519088207734,1,4.0,external,0,2956.0,8.49,0.06033,0.006033,12.951238211470127
1453,412227.3738420745,3379981.7927185036,zonal_sum,5398.537307739258,35.63120155708952,2,8.0,external,0,2956.0,8.49,0.06033,0.006033,32.56937557759095
1454,412227.3738420745,3380481.7927185036,zonal_sum,5734.885391235352,34.72882072066097,0,0.0,external,0,2956.0,8.49,0.06033,0.006033,34.59856356532288
1455,412227.3738420745,3380981.7927185036,zonal_sum,4996.572547912598,37.486331862864745,0,0.0,external,0,2956.0,8.49,0.06033,0.006033,30.144322181556703
1456,412227.3738420745,3381481.7927185036,zonal_sum,6259.424293518066,30.66712620700417,6,24.0,external,1,4049.0,11.64,0.06455,0.006455,40.40458381465912
1457,412227.3738420745,3381981.7927185036,zonal_sum,1292.828916311264,24.29642125506865,1,4.0,external,0,2956.0,8.49,0.06033,0.006033,7.7996368521058566
1458,412227.3738420745,3382481.7927185036,zonal_sum,1056.821494102478,16.2159622501535,0,0.0,external,3,1877.0,5.39,0.05645,0.005645,5.965757334208488
1459,412227.3738420745,3382981.7927185036,zonal_sum,942.885847568512,18.369918599153724,0,0.0,external,3,1877.0,5.39,0.05645,0.005645,5.32259060952425
1460,412227.3738420745,3383481.7927185036,zonal_sum,981.856035232544,25.834072988205318,0,0.0,external,0,2956.0,8.49,0.06033,0.006033,5.923537460557938
1461,412227.3738420745,3383981.7927185036,zonal_sum,641.0924892425537,29.134012446633516,0,0.0,external,0,2956.0,8.49,0.06033,0.006033,3.8677109876003266
1462,412227.3738420745,3384481.7927185036,zonal_sum,3882.248017311096,34.58951521408888,8,32.0,external,1,4049.0,11.64,0.06455,0.006455,25.059910951743124
1463,412227.3738420745,3384981.7927185036,zonal_sum,1951.8008375167847,42.56228549914642,9,36.0,external,1,4049.0,11.64,0.06455,0.006455,12.598874406170845
1464,412227.3738420745,3385481.7927185036,zonal_sum,2586.678828716278,44.37893587338384,3,12.0,external,4,8736.0,25.1,0.08655,0.008655,22.387705262539384
1465,412227.3738420745,3385981.7927185036,zonal_sum,4873.185616791248,33.558119219671305,0,0.0,external,0,2956.0,8.49,0.06033,0.006033,29.3999288261016
1466,412227.3738420745,3386481.7927185036,zonal_sum,1985.1854940354824,30.975280159845195,1,4.0,external,0,2956.0,8.49,0.06033,0.006033,11.976624085516066
1467,412227.3738420745,3386981.7927185036,zonal_sum,3005.3864235281944,29.360851822841916,3,12.0,external,0,2956.0,8.49,0.06033,0.006033,18.1314962931456
1468,412227.3738420745,3387481.7927185036,zonal_sum,2075.1093334555626,28.110019850568165,2,8.0,external,0,2956.0,8.49,0.06033,0.006033,12.51913460873741
1469,412227.3738420745,3387981.7927185036,zonal_sum,2273.6610654890537,35.78537517176588,1,4.0,external,0,2956.0,8.49,0.06033,0.006033,13.716997208095462
1470,412227.3738420745,3388481.7927185036,zonal_sum,6721.365076005459,33.76038834692484,5,20.0,external,0,2956.0,8.49,0.06033,0.006033,40.549995503540934
1471,412227.3738420745,3388981.7927185036,zonal_sum,3295.988403439522,30.261682811422553,2,8.0,external,0,2956.0,8.49,0.06033,0.006033,19.884698037950635
1472,412227.3738420745,3389481.7927185036,zonal_sum,3179.8819484710693,33.05917663257804,3,12.0,external,0,2956.0,8.49,0.06033,0.006033,19.184227795125963
1473,412227.3738420745,3389981.7927185036,zonal_sum,7487.072540283203,45.88662845560917,5,20.0,external,4,8736.0,25.1,0.08655,0.008655,64.80061283615112
1474,412227.3738420745,3390481.7927185036,zonal_sum,3669.7539637088776,52.84616610272336,11,44.0,external,4,8736.0,25.1,0.08655,0.008655,31.761720555900332
1475,412227.3738420745,3390981.7927185036,zonal_sum,7285.098094940186,50.58348709709047,38,152.0,external,2,5546.0,15.94,0.07085,0.007085,51.61492000265122
1476,412227.3738420745,3391481.7927185036,zonal_sum,6567.610065460205,47.48466574401474,20,80.0,external,2,5546.0,15.94,0.07085,0.007085,46.53151731378556
1477,412227.3738420745,3391981.7927185036,zonal_sum,7566.7789096832275,46.293174211520615,19,76.0,external,2,5546.0,15.94,0.07085,0.007085,53.61062857510567
1478,412227.3738420745,3392481.7927185036,zonal_sum,12360.63752746582,43.3202576392225,29,116.0,external,2,5546.0,15.94,0.07085,0.007085,87.57511688209534
1479,412227.3738420745,3392981.7927185036,zonal_sum,9960.90495300293,36.08536502063967,30,120.0,external,2,5546.0,15.94,0.07085,0.007085,70.57301159202576
1480,412227.3738420745,3393481.7927185036,zonal_sum,9280.567907810211,33.61080377672734,22,88.0,external,2,5546.0,15.94,0.07085,0.007085,65.75282362683535
1481,412227.3738420745,3393981.7927185036,zonal_sum,5761.307685375214,31.967382640500826,9,36.0,external,1,4049.0,11.64,0.06455,0.006455,37.189241109097004
1482,412227.3738420745,3394481.7927185036,zonal_sum,9128.779788970947,34.6046757568228,8,32.0,external,1,4049.0,11.64,0.06455,0.006455,58.92627353780746
1483,412227.3738420745,3394981.7927185036,zonal_sum,6717.493606567383,33.42118677405659,3,12.0,external,0,2956.0,8.49,0.06033,0.006033,40.52663892842102
1484,412227.3738420745,3395481.7927185036,zonal_sum,7102.40998840332,27.065252638224386,9,36.0,external,1,4049.0,11.64,0.06455,0.006455,45.846056475143435
1485,412227.3738420745,3395981.7927185036,zonal_sum,8516.386222839355,30.187371081060462,9,36.0,external,1,4049.0,11.64,0.06455,0.006455,54.973273068428036
1486,412227.3738420745,3396481.7927185036,zonal_sum,4553.201385498047,30.938909554541002,10,40.0,external,1,4049.0,11.64,0.06455,0.006455,29.39091494338989
1487,412227.3738420745,3396981.7927185036,zonal_sum,4655.664840698242,23.311981820977124,0,0.0,external,3,1877.0,5.39,0.05645,0.005645,26.281228025741576
1488,412227.3738420745,3397481.7927185036,zonal_sum,2565.57351757586,21.748867512403447,0,0.0,external,3,1877.0,5.39,0.05645,0.005645,14.48266250671573
1489,412227.3738420745,3397981.7927185036,zonal_sum,1121.581456258893,23.034278337205567,0,0.0,external,3,1877.0,5.39,0.05645,0.005645,6.331327320581451
1490,412227.3738420745,3398481.7927185036,zonal_sum,2994.650161743164,24.87497545611268,0,0.0,external,0,2956.0,8.49,0.06033,0.006033,18.066724425796508
1491,412227.3738420745,3398981.7927185036,zonal_sum,340.8899085521698,27.22968186540799,0,0.0,external,0,2956.0,8.49,0.06033,0.006033,2.0565888182952405
1492,412227.3738420745,3399481.7927185036,zonal_sum,321.1146378517151,24.739953659803675,0,0.0,external,0,2956.0,8.49,0.06033,0.006033,1.9372846101593972
1493,412227.3738420745,3399981.7927185036,zonal_sum,431.7924566268921,18.672641891556314,0,0.0,external,3,1877.0,5.39,0.05645,0.005645,2.4374684176588057
1494,412227.3738420745,3400481.7927185036,zonal_sum,208.25572443008423,12.944985146627708,1,4.0,external,3,1877.0,5.39,0.05645,0.005645,1.1756035644078255
1495,412227.3738420745,3400981.7927185036,zonal_sum,122.29113030433655,12.64763061527881,1,4.0,external,3,1877.0,5.39,0.05645,0.005645,0.6903334305679798
1496,412227.3738420745,3401481.7927185036,zonal_sum,119.96539830416441,14.725980822121501,0,0.0,external,3,1877.0,5.39,0.05645,0.005645,0.6772046734270081
1497,412227.3738420745,3401981.7927185036,zonal_sum,688.534702539444,17.422184680979342,0,0.0,external,3,1877.0,5.39,0.05645,0.005645,3.886778395835161
1498,412227.3738420745,3402481.7927185036,zonal_sum,660.4296230077744,23.953214569908,0,0.0,external,0,2956.0,8.49,0.06033,0.006033,3.984371915605903
1499,412727.3738420745,3366481.7927185036,zonal_sum,117.488499969244,34.25448516950658,0,0.0,external,0,2956.0,8.49,0.06033,0.006033,0.7088081203144491
1500,412727.3738420745,3366981.7927185036,zonal_sum,138.58903113007545,38.78508340964981,0,0.0,external,0,2956.0,8.49,0.06033,0.006033,0.8361076248077453
1501,412727.3738420745,3367481.7927185036,zonal_sum,292.05770444869995,37.958498858759015,0,0.0,external,0,2956.0,8.49,0.06033,0.006033,1.761984130939007
1502,412727.3738420745,3367981.7927185036,zonal_sum,208.0858125090599,39.8893187334352,0,0.0,external,0,2956.0,8.49,0.06033,0.006033,1.2553817068671584
1503,412727.3738420745,3368481.7927185036,zonal_sum,158.2804857119918,38.43516307728098,0,0.0,external,0,2956.0,8.49,0.06033,0.006033,0.9549061703004464
1504,412727.3738420745,3368981.7927185036,zonal_sum,595.7068766802549,30.335762608323463,0,0.0,external,0,2956.0,8.49,0.06033,0.006033,3.593899587011978
1505,412727.3738420745,3369481.7927185036,zonal_sum,949.8462495803833,21.053009013652566,0,0.0,external,3,1877.0,5.39,0.05645,0.005645,5.361882078881264
1506,412727.3738420745,3369981.7927185036,zonal_sum,175.2619869709015,17.04199256646529,0,0.0,external,3,1877.0,5.39,0.05645,0.005645,0.9893539164507389
1507,412727.3738420745,3370481.7927185036,zonal_sum,38.25930447131395,12.255206012373577,0,0.0,external,3,1877.0,5.39,0.05645,0.005645,0.21597377374056725
1508,412727.3738420745,3370981.7927185036,zonal_sum,149.35327299684286,21.345507125225108,0,0.0,external,3,1877.0,5.39,0.05645,0.005645,0.8430992260671779
1509,412727.3738420745,3371481.7927185036,zonal_sum,1240.0959758758545,20.58941549065234,0,0.0,external,3,1877.0,5.39,0.05645,0.005645,7.000341783819199
1510,412727.3738420745,3371981.7927185036,zonal_sum,1076.5928679704666,13.608883828854246,0,0.0,external,3,1877.0,5.39,0.05645,0.005645,6.077366739693284
1511,412727.3738420745,3372481.7927185036,zonal_sum,1770.6361520290375,18.496858399009092,2,8.0,external,3,1877.0,5.39,0.05645,0.005645,9.995241078203916
1512,412727.3738420745,3372981.7927185036,zonal_sum,2594.468286514282,29.895855831940594,2,8.0,external,0,2956.0,8.49,0.06033,0.006033,15.652427172540666
1513,412727.3738420745,3373481.7927185036,zonal_sum,1222.62761926651,31.93022672360199,0,0.0,external,0,2956.0,8.49,0.06033,0.006033,7.3761124270348555
1514,412727.3738420745,3373981.7927185036,zonal_sum,1347.6752772331238,22.509978451413613,0,0.0,external,3,1877.0,5.39,0.05645,0.005645,7.6076269399809835
1515,412727.3738420745,3374481.7927185036,zonal_sum,39.18835296481848,18.58452354463306,0,0.0,external,3,1877.0,5.39,0.05645,0.005645,0.2212182524864003
1516,412727.3738420745,3374981.7927185036,zonal_sum,99.4622628763318,25.873224407483075,0,0.0,external,0,2956.0,8.49,0.06033,0.006033,0.6000558319329098
1517,412727.3738420745,3375481.7927185036,zonal_sum,425.50307726860046,28.7781521595682,0,0.0,external,0,2956.0,8.49,0.06033,0.006033,2.5670600651614666
1518,412727.3738420745,3375981.7927185036,zonal_sum,275.3024815618992,29.237019801427802,0,0.0,external,0,2956.0,8.49,0.06033,0.006033,1.660899871262938
1519,412727.3738420745,3376481.7927185036,zonal_sum,208.81422320008278,33.47457820201384,0,0.0,external,0,2956.0,8.49,0.06033,0.006033,1.2597762085660995
1520,412727.3738420745,3376981.7927185036,zonal_sum,246.2491500377655,41.35341313334946,0,0.0,external,0,2956.0,8.49,0.06033,0.006033,1.4856211221778393
1521,412727.3738420745,3377481.7927185036,zonal_sum,613.0691590309143,44.24942847835638,0,0.0,external,4,8736.0,25.1,0.08655,0.008655,5.306113571412563
1522,412727.3738420745,3377981.7927185036,zonal_sum,330.84398770332336,36.32823813975358,0,0.0,external,0,2956.0,8.49,0.06033,0.006033,1.99598177781415
1523,412727.3738420745,3378481.7927185036,zonal_sum,1115.211844921112,36.58496925489232,5,20.0,external,0,2956.0,8.49,0.06033,0.006033,6.728073060409069
1524,412727.3738420745,3378981.7927185036,zonal_sum,2853.3118267059326,39.39702367734118,0,0.0,external,0,2956.0,8.49,0.06033,0.006033,17.214030250516892
1525,412727.3738420745,3379481.7927185036,zonal_sum,2151.2427520751953,40.06349350906767,0,0.0,external,0,2956.0,8.49,0.06033,0.006033,12.978447523269654
1526,412727.3738420745,3379981.7927185036,zonal_sum,5347.336378097534,43.09085607133343,3,12.0,external,4,8736.0,25.1,0.08655,0.008655,46.28119635243416
1527,412727.3738420745,3380481.7927185036,zonal_sum,5835.713317871094,41.06880659971475,4,16.0,external,4,8736.0,25.1,0.08655,0.008655,50.508098766174314
1528,412727.3738420745,3380981.7927185036,zonal_sum,6035.611755371094,38.34877728946423,4,16.0,external,0,2956.0,8.49,0.06033,0.006033,36.41284572015381
1529,412727.3738420745,3381481.7927185036,zonal_sum,6267.9622802734375,33.95785119581877,0,0.0,external,0,2956.0,8.49,0.06033,0.006033,37.81461643688965
1530,412727.3738420745,3381981.7927185036,zonal_sum,2106.6650643348694,26.454933155778203,7,28.0,external,1,4049.0,11.64,0.06455,0.006455,13.598522990281582
1531,412727.3738420745,3382481.7927185036,zonal_sum,2245.008008956909,18.365209940988358,0,0.0,external,3,1877.0,5.39,0.05645,0.005645,12.673070210561752
1532,412727.3738420745,3382981.7927185036,zonal_sum,2989.607862472534,21.892997929712607,2,8.0,external,3,1877.0,5.39,0.05645,0.005645,16.876336383657456
1533,412727.3738420745,3383481.7927185036,zonal_sum,2437.097900390625,24.507468765515185,0,0.0,external,0,2956.0,8.49,0.06033,0.006033,14.703011633056642
1534,412727.3738420745,3383981.7927185036,zonal_sum,2424.167229652405,25.28662624026966,0,0.0,external,0,2956.0,8.49,0.06033,0.006033,14.625000896492958
1535,412727.3738420745,3384481.7927185036,zonal_sum,4886.9320278167725,33.45366118490205,2,8.0,external,0,2956.0,8.49,0.06033,0.006033,29.48286092381859
1536,412727.3738420745,3384981.7927185036,zonal_sum,4467.869886398315,43.10438993011928,1,4.0,external,4,8736.0,25.1,0.08655,0.008655,38.66941386677742
1537,412727.3738420745,3385481.7927185036,zonal_sum,2057.7570972442627,41.66198160560031,0,0.0,external,0,2956.0,8.49,0.06033,0.006033,12.414448567674636
1538,412727.3738420745,3385981.7927185036,zonal_sum,6555.040084838867,29.541644710862094,0,0.0,external,0,2956.0,8.49,0.06033,0.006033,39.54655683183289
1539,412727.3738420745,3386481.7927185036,zonal_sum,5319.141768455505,29.040598702877407,0,0.0,external,0,2956.0,8.49,0.06033,0.006033,32.09038228909206
1540,412727.3738420745,3386981.7927185036,zonal_sum,6264.93528175354,26.135172909586668,0,0.0,external,0,2956.0,8.49,0.06033,0.006033,37.79635455481911
1541,412727.3738420745,3387481.7927185036,zonal_sum,8193.507389068604,30.81473181400988,14,56.0,external,1,4049.0,11.64,0.06455,0.006455,52.889090196437834
1542,412727.3738420745,3387981.7927185036,zonal_sum,5607.362403869629,40.21078823256331,1,4.0,external,0,2956.0,8.49,0.06033,0.006033,33.82921738254547
1543,412727.3738420745,3388481.7927185036,zonal_sum,8973.081413269043,37.24297926623,2,8.0,external,0,2956.0,8.49,0.06033,0.006033,54.134600166252135
1544,412727.3738420745,3388981.7927185036,zonal_sum,1061.4707764983177,34.528027975276224,4,16.0,external,0,2956.0,8.49,0.06033,0.006033,6.403853194614351
1545,412727.3738420745,3389481.7927185036,zonal_sum,1339.353866904974,35.59784131535914,1,4.0,external,0,2956.0,8.49,0.06033,0.006033,8.080321879037708
1546,412727.3738420745,3389981.7927185036,zonal_sum,5221.434508681297,39.27109171430901,0,0.0,external,0,2956.0,8.49,0.06033,0.006033,31.500914390874268
1547,412727.3738420745,3390481.7927185036,zonal_sum,7428.156200408936,46.5341589409399,7,28.0,external,4,8736.0,25.1,0.08655,0.008655,64.29069191453934
1548,412727.3738420745,3390981.7927185036,zonal_sum,10011.432037353516,47.37513087856214,11,44.0,external,1,4049.0,11.64,0.06455,0.006455,64.62379380111695
1549,412727.3738420745,3391481.7927185036,zonal_sum,8570.087829589844,43.20447500675689,12,48.0,external,1,4049.0,11.64,0.06455,0.006455,55.31991694000244
1550,412727.3738420745,3391981.7927185036,zonal_sum,8261.772300720215,41.60027678388076,16,64.0,external,1,4049.0,11.64,0.06455,0.006455,53.32974020114899
1551,412727.3738420745,3392481.7927185036,zonal_sum,6778.853586196899,39.64805883014776,8,32.0,external,1,4049.0,11.64,0.06455,0.006455,43.75749989890098
1552,412727.3738420745,3392981.7927185036,zonal_sum,7672.966714859009,37.99210014946166,19,76.0,external,2,5546.0,15.94,0.07085,0.007085,54.362969174776076
1553,412727.3738420745,3393481.7927185036,zonal_sum,6032.873785018921,35.81088719721585,16,64.0,external,1,4049.0,11.64,0.06455,0.006455,38.94220028229714
1554,412727.3738420745,3393981.7927185036,zonal_sum,6390.039581298828,35.07584019247908,3,12.0,external,0,2956.0,8.49,0.06033,0.006033,38.55110879397583
1555,412727.3738420745,3394481.7927185036,zonal_sum,8898.620529174805,31.889123966367734,15,60.0,external,1,4049.0,11.64,0.06455,0.006455,57.44059551582336
1556,412727.3738420745,3394981.7927185036,zonal_sum,9371.976501464844,30.236176510987974,10,40.0,external,1,4049.0,11.64,0.06455,0.006455,60.496108316955564
1557,412727.3738420745,3395481.7927185036,zonal_sum,7942.699264526367,28.805336690648677,2,8.0,external,0,2956.0,8.49,0.06033,0.006033,47.91830466288757
1558,412727.3738420745,3395981.7927185036,zonal_sum,7594.174289703369,33.14926836957437,8,32.0,external,1,4049.0,11.64,0.06455,0.006455,49.02039504003525
1559,412727.3738420745,3396481.7927185036,zonal_sum,4285.61657333374,32.3966541095319,4,16.0,external,0,2956.0,8.49,0.06033,0.006033,25.855124786922456
1560,412727.3738420745,3396981.7927185036,zonal_sum,6961.097564697266,27.58666145869275,0,0.0,external,0,2956.0,8.49,0.06033,0.006033,41.9963016078186
1561,412727.3738420745,3397481.7927185036,zonal_sum,4272.615388870239,25.934075282929093,1,4.0,external,0,2956.0,8.49,0.06033,0.006033,25.776688641054154
1562,412727.3738420745,3397981.7927185036,zonal_sum,4689.108739852905,29.8936841082785,2,8.0,external,0,2956.0,8.49,0.06033,0.006033,28.28939302753258
1563,412727.3738420745,3398481.7927185036,zonal_sum,5847.066066741943,28.774426611993768,1,4.0,external,0,2956.0,8.49,0.06033,0.006033,35.275349580654144
1564,412727.3738420745,3398981.7927185036,zonal_sum,678.5630700588226,25.961082231453577,0,0.0,external,0,2956.0,8.49,0.06033,0.006033,4.093771001664877
1565,412727.3738420745,3399481.7927185036,zonal_sum,524.4502964019775,16.1229956987227,0,0.0,external,3,1877.0,5.39,0.05645,0.005645,2.9605219231891633
1566,412727.3738420745,3399981.7927185036,zonal_sum,778.46457862854,10.939855880438511,1,4.0,external,3,1877.0,5.39,0.05645,0.005645,4.394432546358108
1567,412727.3738420745,3400481.7927185036,zonal_sum,678.7341256141663,12.188940143725917,0,0.0,external,3,1877.0,5.39,0.05645,0.005645,3.8314541390919685
1568,412727.3738420745,3400981.7927185036,zonal_sum,262.1248047351837,12.363088373163544,0,0.0,external,3,1877.0,5.39,0.05645,0.005645,1.479694522730112
1569,412727.3738420745,3401481.7927185036,zonal_sum,279.5251884460449,13.831946473581697,0,0.0,external,3,1877.0,5.39,0.05645,0.005645,1.5779196887779234
1570,412727.3738420745,3401981.7927185036,zonal_sum,2057.591682434082,17.721429365187195,0,0.0,external,3,1877.0,5.39,0.05645,0.005645,11.615105047340393
1571,412727.3738420745,3402481.7927185036,zonal_sum,1304.9973726272583,21.742933417557396,0,0.0,external,3,1877.0,5.39,0.05645,0.005645,7.366710168480873
1572,413227.3738420745,3366981.7927185036,zonal_sum,138.93715199828148,23.451166325907995,0,0.0,external,3,1877.0,5.39,0.05645,0.005645,0.7843002230302989
1573,413227.3738420745,3367481.7927185036,zonal_sum,48.038446582853794,31.597598211569107,0,0.0,external,0,2956.0,8.49,0.06033,0.006033,0.28981594823435697
1574,413227.3738420745,3367981.7927185036,zonal_sum,267.0687325447798,36.2454483028107,0,0.0,external,0,2956.0,8.49,0.06033,0.006033,1.6112256634426565
1575,413227.3738420745,3368481.7927185036,zonal_sum,376.7973349094391,33.1112524255099,0,0.0,external,0,2956.0,8.49,0.06033,0.006033,2.273218321508646
1576,413227.3738420745,3368981.7927185036,zonal_sum,568.8249201178551,21.406715948928756,0,0.0,external,3,1877.0,5.39,0.05645,0.005645,3.211016674065292
1577,413227.3738420745,3369481.7927185036,zonal_sum,416.2517532110214,13.72597297155692,0,0.0,external,3,1877.0,5.39,0.05645,0.005645,2.349741146876216
1578,413227.3738420745,3369981.7927185036,zonal_sum,271.0094848573208,9.861317303591164,0,0.0,external,3,1877.0,5.39,0.05645,0.005645,1.5298485420195758
1579,413227.3738420745,3370481.7927185036,zonal_sum,156.70193778723478,11.031989279209105,0,0.0,external,3,1877.0,5.39,0.05645,0.005645,0.8845824388089403
1580,413227.3738420745,3370981.7927185036,zonal_sum,515.2548694610596,15.509326123387822,0,0.0,external,3,1877.0,5.39,0.05645,0.005645,2.908613738107681
1581,413227.3738420745,3371481.7927185036,zonal_sum,2294.6426458358765,14.690951930043123,0,0.0,external,3,1877.0,5.39,0.05645,0.005645,12.953257735743522
1582,413227.3738420745,3371981.7927185036,zonal_sum,1520.6666831970215,15.811840822608545,0,0.0,external,3,1877.0,5.39,0.05645,0.005645,8.584163426647185
1583,413227.3738420745,3372481.7927185036,zonal_sum,3097.329381942749,21.33433484586909,2,8.0,external,3,1877.0,5.39,0.05645,0.005645,17.484424361066818
1584,413227.3738420745,3372981.7927185036,zonal_sum,3467.808525085449,28.64551702015841,0,0.0,external,0,2956.0,8.49,0.06033,0.006033,20.921288831840517
1585,413227.3738420745,3373481.7927185036,zonal_sum,743.2728281021118,26.573567815993773,0,0.0,external,0,2956.0,8.49,0.06033,0.006033,4.484164971940041
1586,413227.3738420745,3373981.7927185036,zonal_sum,1734.9583690166473,17.6180540317319,0,0.0,external,3,1877.0,5.39,0.05645,0.005645,9.793839993098974
1587,413227.3738420745,3374481.7927185036,zonal_sum,131.6420304775238,14.887654207020104,0,0.0,external,3,1877.0,5.39,0.05645,0.005645,0.7431192620456218
1588,413227.3738420745,3374981.7927185036,zonal_sum,261.9446167871356,20.69779740338085,0,0.0,external,3,1877.0,5.39,0.05645,0.005645,1.4786773617633804
1589,413227.3738420745,3375481.7927185036,zonal_sum,329.3249904513359,20.405866070956534,0,0.0,external,3,1877.0,5.39,0.05645,0.005645,1.8590395710977912
1590,413227.3738420745,3375981.7927185036,zonal_sum,475.829759567976,15.717965485082736,0,0.0,external,3,1877.0,5.39,0.05645,0.005645,2.6860589927612244
1591,413227.3738420745,3376481.7927185036,zonal_sum,372.9258191585541,23.980866759672473,0,0.0,external,0,2956.0,8.49,0.06033,0.006033,2.249861466983557
1592,413227.3738420745,3376981.7927185036,zonal_sum,618.0487399101257,41.361387057884,0,0.0,external,0,2956.0,8.49,0.06033,0.006033,3.728688047877789
1593,413227.3738420745,3377481.7927185036,zonal_sum,505.7082916498184,42.97655418952787,0,0.0,external,4,8736.0,25.1,0.08655,0.008655,4.376905264229178
1594,413227.3738420745,3377981.7927185036,zonal_sum,216.83180785179138,35.208621408012384,0,0.0,external,0,2956.0,8.49,0.06033,0.006033,1.3081462967698574
1595,413227.3738420745,3378481.7927185036,zonal_sum,2292.137331068516,36.387708070777904,0,0.0,external,0,2956.0,8.49,0.06033,0.006033,13.828464518336355
1596,413227.3738420745,3378981.7927185036,zonal_sum,1105.456042289734,40.69412719828079,0,0.0,external,0,2956.0,8.49,0.06033,0.006033,6.669216303133965
1597,413227.3738420745,3379481.7927185036,zonal_sum,1119.8632311820984,38.28105043441627,0,0.0,external,0,2956.0,8.49,0.06033,0.006033,6.756134873721599
1598,413227.3738420745,3379981.7927185036,zonal_sum,3493.608768939972,40.620991213928924,1,4.0,external,0,2956.0,8.49,0.06033,0.006033,21.07694170301485
1599,413227.3738420745,3380481.7927185036,zonal_sum,2697.5170155763626,39.154979774055406,2,8.0,external,0,2956.0,8.49,0.06033,0.006033,16.274120154972195
1600,413227.3738420745,3380981.7927185036,zonal_sum,4537.881931304932,38.0563140021915,0,0.0,external,0,2956.0,8.49,0.06033,0.006033,27.377041691562653
1601,413227.3738420745,3381481.7927185036,zonal_sum,5817.961448669434,28.03108755072586,1,4.0,external,0,2956.0,8.49,0.06033,0.006033,35.09976141982269
1602,413227.3738420745,3381981.7927185036,zonal_sum,1901.4855666160583,19.0297782347386,2,8.0,external,3,1877.0,5.39,0.05645,0.005645,10.73388602354765
1603,413227.3738420745,3382481.7927185036,zonal_sum,1228.787157535553,15.716944109421311,0,0.0,external,3,1877.0,5.39,0.05645,0.005645,6.936503504288196
1604,413227.3738420745,3382981.7927185036,zonal_sum,2131.872664451599,18.662565312449757,0,0.0,external,3,1877.0,5.39,0.05645,0.005645,12.034421190829276
1605,413227.3738420745,3383481.7927185036,zonal_sum,2808.1581859588623,18.56072514914091,0,0.0,external,3,1877.0,5.39,0.05645,0.005645,15.852052959737778
1606,413227.3738420745,3383981.7927185036,zonal_sum,2604.515951156616,19.93894432913556,0,0.0,external,3,1877.0,5.39,0.05645,0.005645,14.702492544279098
1607,413227.3738420745,3384481.7927185036,zonal_sum,5012.217710494995,28.12282404592204,4,16.0,external,0,2956.0,8.49,0.06033,0.006033,30.238709447416305
1608,413227.3738420745,3384981.7927185036,zonal_sum,3608.9815554618835,41.103238522686524,2,8.0,external,0,2956.0,8.49,0.06033,0.006033,21.772985724101545
1609,413227.3738420745,3385481.7927185036,zonal_sum,3825.9412479400635,44.97448602245548,0,0.0,external,4,8736.0,25.1,0.08655,0.008655,33.113521500921244
1610,413227.3738420745,3385981.7927185036,zonal_sum,7777.513885498047,35.589591318618346,1,4.0,external,0,2956.0,8.49,0.06033,0.006033,46.92174127120972
1611,413227.3738420745,3386481.7927185036,zonal_sum,6623.73649597168,34.3157527434647,5,20.0,external,0,2956.0,8.49,0.06033,0.006033,39.96100228019714
1612,413227.3738420745,3386981.7927185036,zonal_sum,5490.956565856934,29.759908272988614,6,24.0,external,1,4049.0,11.64,0.06455,0.006455,35.4441246326065
1613,413227.3738420745,3387481.7927185036,zonal_sum,7978.396766662598,34.88850540033556,4,16.0,external,0,2956.0,8.49,0.06033,0.006033,48.133667693275456
1614,413227.3738420745,3387981.7927185036,zonal_sum,6717.508903503418,47.332664333631996,8,32.0,external,4,8736.0,25.1,0.08655,0.008655,58.14003955982208
1615,413227.3738420745,3388481.7927185036,zonal_sum,10193.965240478516,47.6350414438778,3,12.0,external,4,8736.0,25.1,0.08655,0.008655,88.22876915634154
1616,413227.3738420745,3388981.7927185036,zonal_sum,9099.99136376381,36.46862743179343,31,124.0,external,2,5546.0,15.94,0.07085,0.007085,64.4734388122666
1617,413227.3738420745,3389481.7927185036,zonal_sum,9125.27386879921,33.83802576599793,8,32.0,external,1,4049.0,11.64,0.06455,0.006455,58.9036428230989
1618,413227.3738420745,3389981.7927185036,zonal_sum,10215.857025146484,34.00636154087167,14,56.0,external,1,4049.0,11.64,0.06455,0.006455,65.94335709732056
1619,413227.3738420745,3390481.7927185036,zonal_sum,8581.697280883789,37.95103203308808,13,52.0,external,1,4049.0,11.64,0.06455,0.006455,55.394855948104855
1620,413227.3738420745,3390981.7927185036,zonal_sum,10244.684020996094,40.146625599491706,23,92.0,external,2,5546.0,15.94,0.07085,0.007085,72.58358628875733
1621,413227.3738420745,3391481.7927185036,zonal_sum,7359.904479980469,38.30609608518887,24,96.0,external,2,5546.0,15.94,0.07085,0.007085,52.14492324066162
1622,413227.3738420745,3391981.7927185036,zonal_sum,9080.95329284668,48.62921695393502,12,48.0,external,1,4049.0,11.64,0.06455,0.006455,58.61755350532532
1623,413227.3738420745,3392481.7927185036,zonal_sum,7650.482849121094,47.287956878560244,5,20.0,external,4,8736.0,25.1,0.08655,0.008655,66.21492905914306
1624,413227.3738420745,3392981.7927185036,zonal_sum,4828.96683742851,37.14008099311124,5,20.0,external,0,2956.0,8.49,0.06033,0.006033,29.1331569302062
1625,413227.3738420745,3393481.7927185036,zonal_sum,6557.220926761627,33.84396185007222,7,28.0,external,1,4049.0,11.64,0.06455,0.006455,42.3268610822463
1626,413227.3738420745,3393981.7927185036,zonal_sum,6227.891201019287,32.98918318139061,10,40.0,external,1,4049.0,11.64,0.06455,0.006455,40.2010377025795
1627,413227.3738420745,3394481.7927185036,zonal_sum,7745.200382232666,32.48000199350912,20,80.0,external,2,5546.0,15.94,0.07085,0.007085,54.87474470811844
1628,413227.3738420745,3394981.7927185036,zonal_sum,6828.482559204102,33.72650162611509,8,32.0,external,1,4049.0,11.64,0.06455,0.006455,44.07785491966247
1629,413227.3738420745,3395481.7927185036,zonal_sum,6483.9646072387695,33.90836343401499,2,8.0,external,0,2956.0,8.49,0.06033,0.006033,39.1177584754715
1630,413227.3738420745,3395981.7927185036,zonal_sum,8975.868240356445,30.92168106273671,6,24.0,external,1,4049.0,11.64,0.06455,0.006455,57.93922949150085
1631,413227.3738420745,3396481.7927185036,zonal_sum,5881.019729614258,29.90953715629027,1,4.0,external,0,2956.0,8.49,0.06033,0.006033,35.480192028762815
1632,413227.3738420745,3396981.7927185036,zonal_sum,7502.267648696899,29.49506811354792,5,20.0,external,0,2956.0,8.49,0.06033,0.006033,45.26118072458839
1633,413227.3738420745,3397481.7927185036,zonal_sum,8193.533813476562,27.361985998363224,19,76.0,external,1,4049.0,11.64,0.06455,0.006455,52.88926076599121
1634,413227.3738420745,3397981.7927185036,zonal_sum,9863.642395019531,35.627149457451324,10,40.0,external,1,4049.0,11.64,0.06455,0.006455,63.66981165985107
1635,413227.3738420745,3398481.7927185036,zonal_sum,6317.90397644043,33.88749668353379,5,20.0,external,0,2956.0,8.49,0.06033,0.006033,38.115914689865114
1636,413227.3738420745,3398981.7927185036,zonal_sum,2281.7182500362396,25.80963195394093,1,4.0,external,0,2956.0,8.49,0.06033,0.006033,13.765606202468634
1637,413227.3738420745,3399481.7927185036,zonal_sum,936.9292514324188,14.681038257660637,0,0.0,external,3,1877.0,5.39,0.05645,0.005645,5.288965624336004
1638,413227.3738420745,3399981.7927185036,zonal_sum,307.4902466982603,9.102308666716652,0,0.0,external,3,1877.0,5.39,0.05645,0.005645,1.7357824426116795
1639,413227.3738420745,3400481.7927185036,zonal_sum,376.84335716068745,9.224767164394311,0,0.0,external,3,1877.0,5.39,0.05645,0.005645,2.1272807511720804
1640,413227.3738420745,3400981.7927185036,zonal_sum,346.7286823987961,9.3663001432575,1,4.0,external,3,1877.0,5.39,0.05645,0.005645,1.9572834121412037
1641,413227.3738420745,3401481.7927185036,zonal_sum,397.6699426174164,10.540634662443084,0,0.0,external,3,1877.0,5.39,0.05645,0.005645,2.2448468260753156
1642,413227.3738420745,3401981.7927185036,zonal_sum,2192.2261247634888,13.135051176328103,0,0.0,external,3,1877.0,5.39,0.05645,0.005645,12.375116474289893
1643,413227.3738420745,3402481.7927185036,zonal_sum,1489.7888450622559,17.95563444047492,0,0.0,external,3,1877.0,5.39,0.05645,0.005645,8.409858030376434
1644,413727.3738420745,3367481.7927185036,zonal_sum,125.14344173669815,23.20992080764516,0,0.0,external,3,1877.0,5.39,0.05645,0.005645,0.7064347286036611
1645,413727.3738420745,3367981.7927185036,zonal_sum,48.95597265660763,23.356050957526183,0,0.0,external,3,1877.0,5.39,0.05645,0.005645,0.27635646564655003
1646,413727.3738420745,3368481.7927185036,zonal_sum,149.05050119757652,18.29622670865894,0,0.0,external,3,1877.0,5.39,0.05645,0.005645,0.8413900792603195
1647,413727.3738420745,3368981.7927185036,zonal_sum,173.81760501861572,12.022294171314723,0,0.0,external,3,1877.0,5.39,0.05645,0.005645,0.9812003803300857
1648,413727.3738420745,3369481.7927185036,zonal_sum,121.65772268176079,8.803573716462536,0,0.0,external,3,1877.0,5.39,0.05645,0.005645,0.6867578445385396
1649,413727.3738420745,3369981.7927185036,zonal_sum,182.51757697016,8.546694879659126,0,0.0,external,3,1877.0,5.39,0.05645,0.005645,1.0303117219965532
1650,413727.3738420745,3370481.7927185036,zonal_sum,434.6885917186737,10.065844275613935,0,0.0,external,3,1877.0,5.39,0.05645,0.005645,2.453817100251913
1651,413727.3738420745,3370981.7927185036,zonal_sum,397.5587148666382,16.2188780497835,0,0.0,external,3,1877.0,5.39,0.05645,0.005645,2.2442189454221726
1652,413727.3738420745,3371481.7927185036,zonal_sum,1304.7099528312683,22.004614765439424,0,0.0,external,3,1877.0,5.39,0.05645,0.005645,7.36508768373251
1653,413727.3738420745,3371981.7927185036,zonal_sum,725.2054843902588,23.938570965871584,0,0.0,external,0,2956.0,8.49,0.06033,0.006033,4.375164687326431
1654,413727.3738420745,3372481.7927185036,zonal_sum,2127.1842670440674,26.144264569501896,0,0.0,external,0,2956.0,8.49,0.06033,0.006033,12.833302683076859
1655,413727.3738420745,3372981.7927185036,zonal_sum,3584.6546211242676,29.789101250658792,0,0.0,external,0,2956.0,8.49,0.06033,0.006033,21.626221329242707
1656,413727.3738420745,3373481.7927185036,zonal_sum,1654.3548840284348,22.44733441596214,0,0.0,external,3,1877.0,5.39,0.05645,0.005645,9.338833320340514
1657,413727.3738420745,3373981.7927185036,zonal_sum,260.1986613422632,15.629917939630273,0,0.0,external,3,1877.0,5.39,0.05645,0.005645,1.4688214432770759
1658,413727.3738420745,3374481.7927185036,zonal_sum,84.557119846344,13.067316546096867,0,0.0,external,3,1877.0,5.39,0.05645,0.005645,0.47732494153261185
1659,413727.3738420745,3374981.7927185036,zonal_sum,248.16615469753742,20.014147101042457,0,0.0,external,3,1877.0,5.39,0.05645,0.005645,1.4008979432675988
1660,413727.3738420745,3375481.7927185036,zonal_sum,476.9502499103546,19.119930803201857,0,0.0,external,3,1877.0,5.39,0.05645,0.005645,2.6923841607439516
1661,413727.3738420745,3375981.7927185036,zonal_sum,452.03326319903135,15.191961899277796,0,0.0,external,3,1877.0,5.39,0.05645,0.005645,2.5517277707585317
1662,413727.3738420745,3376481.7927185036,zonal_sum,247.80991323292255,28.62719217723259,0,0.0,external,0,2956.0,8.49,0.06033,0.006033,1.495037206534222
1663,413727.3738420745,3376981.7927185036,zonal_sum,400.30117082595825,46.135669483676715,0,0.0,external,4,8736.0,25.1,0.08655,0.008655,3.4646066334986685
1664,413727.3738420745,3377481.7927185036,zonal_sum,338.49775314331055,38.692722588220356,0,0.0,external,0,2956.0,8.49,0.06033,0.006033,2.0421569447135925
1665,413727.3738420745,3377981.7927185036,zonal_sum,181.43475461006165,31.709182672152366,0,0.0,external,0,2956.0,8.49,0.06033,0.006033,1.094595874562502
1666,413727.3738420745,3378481.7927185036,zonal_sum,549.4848480224609,29.844701910095246,0,0.0,external,0,2956.0,8.49,0.06033,0.006033,3.315042088119507
1667,413727.3738420745,3378981.7927185036,zonal_sum,393.03863111138344,36.41637868816805,0,0.0,external,0,2956.0,8.49,0.06033,0.006033,2.3712020614949765
1668,413727.3738420745,3379481.7927185036,zonal_sum,666.6959971953183,33.982471241970025,0,0.0,external,0,2956.0,8.49,0.06033,0.006033,4.022176951079356
1669,413727.3738420745,3379981.7927185036,zonal_sum,2587.022936820984,33.7583146292594,2,8.0,external,0,2956.0,8.49,0.06033,0.006033,15.607509377840996
1670,413727.3738420745,3380481.7927185036,zonal_sum,1254.2993052005768,38.19602422881315,3,12.0,external,0,2956.0,8.49,0.06033,0.006033,7.56718770827508
1671,413727.3738420745,3380981.7927185036,zonal_sum,1767.4687428474426,33.75079573471266,0,0.0,external,0,2956.0,8.49,0.06033,0.006033,10.663138925598622
1672,413727.3738420745,3381481.7927185036,zonal_sum,3379.67289352417,22.119784521801478,0,0.0,external,3,1877.0,5.39,0.05645,0.005645,19.07825348394394
1673,413727.3738420745,3381981.7927185036,zonal_sum,2375.76743888855,16.11930919074939,2,8.0,external,3,1877.0,5.39,0.05645,0.005645,13.411207192525863
1674,413727.3738420745,3382481.7927185036,zonal_sum,531.0349378585815,13.114834137662683,0,0.0,external,3,1877.0,5.39,0.05645,0.005645,2.9976922242116926
1675,413727.3738420745,3382981.7927185036,zonal_sum,897.2990665435791,12.859012550315017,0,0.0,external,3,1877.0,5.39,0.05645,0.005645,5.065253230638504
1676,413727.3738420745,3383481.7927185036,zonal_sum,1139.4484853744507,13.196540658132543,0,0.0,external,3,1877.0,5.39,0.05645,0.005645,6.432186699938774
1677,413727.3738420745,3383981.7927185036,zonal_sum,1058.364921092987,20.277521078985814,0,0.0,external,3,1877.0,5.39,0.05645,0.005645,5.974469979569911
1678,413727.3738420745,3384481.7927185036,zonal_sum,2228.926221847534,28.681561983657353,5,20.0,external,0,2956.0,8.49,0.06033,0.006033,13.447111896406174
1679,413727.3738420745,3384981.7927185036,zonal_sum,2486.6958961486816,35.27362934106549,0,0.0,external,0,2956.0,8.49,0.06033,0.006033,15.002236341464997
1680,413727.3738420745,3385481.7927185036,zonal_sum,3823.9041953086853,35.200468571607786,0,0.0,external,0,2956.0,8.49,0.06033,0.006033,23.0696140102973
1681,413727.3738420745,3385981.7927185036,zonal_sum,8255.109237670898,32.516724672738995,1,4.0,external,0,2956.0,8.49,0.06033,0.006033,49.80307403086853
1682,413727.3738420745,3386481.7927185036,zonal_sum,6545.234756469727,38.361120347710134,1,4.0,external,0,2956.0,8.49,0.06033,0.006033,39.487401285781864
1683,413727.3738420745,3386981.7927185036,zonal_sum,6595.178421020508,31.149439568308416,5,20.0,external,0,2956.0,8.49,0.06033,0.006033,39.788711414016724
1684,413727.3738420745,3387481.7927185036,zonal_sum,6365.4689865112305,26.463934083975122,0,0.0,external,0,2956.0,8.49,0.06033,0.006033,38.402874395622256
1685,413727.3738420745,3387981.7927185036,zonal_sum,7105.332321166992,36.138820644275896,3,12.0,external,0,2956.0,8.49,0.06033,0.006033,42.86646989360047
1686,413727.3738420745,3388481.7927185036,zonal_sum,9296.284118652344,39.703362261480606,2,8.0,external,0,2956.0,8.49,0.06033,0.006033,56.08448208782959
1687,413727.3738420745,3388981.7927185036,zonal_sum,7894.609664916992,35.19876567778935,9,36.0,external,1,4049.0,11.64,0.06455,0.006455,50.959705387039186
1688,413727.3738420745,3389481.7927185036,zonal_sum,9530.678356170654,35.93282327878365,10,40.0,external,1,4049.0,11.64,0.06455,0.006455,61.520528789081574
1689,413727.3738420745,3389981.7927185036,zonal_sum,9641.667770385742,30.676319811566746,34,136.0,external,2,5546.0,15.94,0.07085,0.007085,68.31121615318298
1690,413727.3738420745,3390481.7927185036,zonal_sum,9667.757339477539,32.08328656363296,20,80.0,external,2,5546.0,15.94,0.07085,0.007085,68.49606075019837
1691,413727.3738420745,3390981.7927185036,zonal_sum,10934.260761260986,33.81568159846834,1,4.0,external,0,2956.0,8.49,0.06033,0.006033,65.96639517268753
1692,413727.3738420745,3391481.7927185036,zonal_sum,9261.451187133789,31.90661370026919,16,64.0,external,1,4049.0,11.64,0.06455,0.006455,59.782667412948605
1693,413727.3738420745,3391981.7927185036,zonal_sum,10843.47998046875,33.65707245590181,8,32.0,external,1,4049.0,11.64,0.06455,0.006455,69.99466327392578
1694,413727.3738420745,3392481.7927185036,zonal_sum,8565.827545166016,34.68088300130319,4,16.0,external,0,2956.0,8.49,0.06033,0.006033,51.67763757998657
1695,413727.3738420745,3392981.7927185036,zonal_sum,7676.20866394043,35.80059525047474,0,0.0,external,0,2956.0,8.49,0.06033,0.006033,46.310566869552616
1696,413727.3738420745,3393481.7927185036,zonal_sum,9267.469421386719,32.8998752243444,12,48.0,external,1,4049.0,11.64,0.06455,0.006455,59.82151511505127
1697,413727.3738420745,3393981.7927185036,zonal_sum,4680.345039367676,31.01227107303623,4,16.0,external,0,2956.0,8.49,0.06033,0.006033,28.23652162250519
1698,413727.3738420745,3394481.7927185036,zonal_sum,6198.024208068848,29.8341719775452,12,48.0,external,1,4049.0,11.64,0.06455,0.006455,40.00824626308441
1699,413727.3738420745,3394981.7927185036,zonal_sum,7626.677024841309,36.11789129156741,4,16.0,external,0,2956.0,8.49,0.06033,0.006033,46.01174249086762
1700,413727.3738420745,3395481.7927185036,zonal_sum,6840.694396972656,33.462505419193604,0,0.0,external,0,2956.0,8.49,0.06033,0.006033,41.269909296936035
1701,413727.3738420745,3395981.7927185036,zonal_sum,6071.300994873047,21.384937427365443,0,0.0,external,3,1877.0,5.39,0.05645,0.005645,34.27249411605835
1702,413727.3738420745,3396481.7927185036,zonal_sum,5499.959991455078,24.312410275275788,1,4.0,external,0,2956.0,8.49,0.06033,0.006033,33.18125862844849
1703,413727.3738420745,3396981.7927185036,zonal_sum,8339.23607635498,31.831060526092497,0,0.0,external,0,2956.0,8.49,0.06033,0.006033,50.3106112486496
1704,413727.3738420745,3397481.7927185036,zonal_sum,5143.122817993164,29.356968213416675,12,48.0,external,1,4049.0,11.64,0.06455,0.006455,33.19885779014587
1705,413727.3738420745,3397981.7927185036,zonal_sum,4185.51110458374,32.787602660231244,10,40.0,external,1,4049.0,11.64,0.06455,0.006455,27.017474180088044
1706,413727.3738420745,3398481.7927185036,zonal_sum,4556.688907623291,34.7431987560962,3,12.0,external,0,2956.0,8.49,0.06033,0.006033,27.490504179691314
1707,413727.3738420745,3398981.7927185036,zonal_sum,2178.8761858940125,27.076792141713174,2,8.0,external,0,2956.0,8.49,0.06033,0.006033,13.145160029498577
1708,413727.3738420745,3399481.7927185036,zonal_sum,1814.2348251342773,21.088616176679107,0,0.0,external,3,1877.0,5.39,0.05645,0.005645,10.241355587882996
1709,413727.3738420745,3399981.7927185036,zonal_sum,2035.7414445877075,11.713317678701486,2,8.0,external,3,1877.0,5.39,0.05645,0.005645,11.491760454697609
1710,413727.3738420745,3400481.7927185036,zonal_sum,911.0135774612427,9.001318113304443,2,8.0,external,3,1877.0,5.39,0.05645,0.005645,5.142671644768715
1711,413727.3738420745,3400981.7927185036,zonal_sum,313.1265821456909,8.316860252844869,0,0.0,external,3,1877.0,5.39,0.05645,0.005645,1.7675995562124251
1712,413727.3738420745,3401481.7927185036,zonal_sum,293.7951970770955,9.117994772658834,0,0.0,external,3,1877.0,5.39,0.05645,0.005645,1.658473887500204
1713,413727.3738420745,3401981.7927185036,zonal_sum,1265.8021218776703,11.250377561634696,0,0.0,external,3,1877.0,5.39,0.05645,0.005645,7.145452977999448
1714,413727.3738420745,3402481.7927185036,zonal_sum,972.7687067985535,15.993870005096252,0,0.0,external,3,1877.0,5.39,0.05645,0.005645,5.491279349877834
1715,414227.3738420745,3367981.7927185036,zonal_sum,1.2560350000858307,9.21911312182006,0,0.0,external,3,1877.0,5.39,0.05645,0.005645,0.007090317575484514
1716,414227.3738420745,3368481.7927185036,zonal_sum,75.6099364310503,10.22759289949276,0,0.0,external,3,1877.0,5.39,0.05645,0.005645,0.42681809115327896
1717,414227.3738420745,3368981.7927185036,zonal_sum,79.20780763030052,7.893280119230876,0,0.0,external,3,1877.0,5.39,0.05645,0.005645,0.44712807407304644
1718,414227.3738420745,3369481.7927185036,zonal_sum,77.75872871279716,8.019999277454412,0,0.0,external,3,1877.0,5.39,0.05645,0.005645,0.43894802358373997
1719,414227.3738420745,3369981.7927185036,zonal_sum,79.20730969309807,10.580033334450171,0,0.0,external,3,1877.0,5.39,0.05645,0.005645,0.4471252632175386
1720,414227.3738420745,3370481.7927185036,zonal_sum,70.9112823009491,12.430181374838641,0,0.0,external,3,1877.0,5.39,0.05645,0.005645,0.4002941885888576
1721,414227.3738420745,3370981.7927185036,zonal_sum,523.0320816040039,18.05819533516572,0,0.0,external,3,1877.0,5.39,0.05645,0.005645,2.952516100654602
1722,414227.3738420745,3371481.7927185036,zonal_sum,356.22775530815125,26.369541673417974,0,0.0,external,0,2956.0,8.49,0.06033,0.006033,2.1491220477740764
1723,414227.3738420745,3371981.7927185036,zonal_sum,567.6447575092316,30.01686715107664,0,0.0,external,0,2956.0,8.49,0.06033,0.006033,3.4246008220531943
1724,414227.3738420745,3372481.7927185036,zonal_sum,1515.288577079773,33.06431681927965,0,0.0,external,0,2956.0,8.49,0.06033,0.006033,9.14173598552227
1725,414227.3738420745,3372981.7927185036,zonal_sum,1696.4003438949585,33.54548540404523,1,4.0,external,0,2956.0,8.49,0.06033,0.006033,10.234383274718285
1726,414227.3738420745,3373481.7927185036,zonal_sum,4577.277763366699,25.78239569765629,0,0.0,external,0,2956.0,8.49,0.06033,0.006033,27.6147167463913
1727,414227.3738420745,3373981.7927185036,zonal_sum,2392.53547000885,16.36854461157916,0,0.0,external,3,1877.0,5.39,0.05645,0.005645,13.505862728199958
1728,414227.3738420745,3374481.7927185036,zonal_sum,83.89297100901604,12.753813774363195,0,0.0,external,3,1877.0,5.39,0.05645,0.005645,0.47357582134589554
1729,414227.3738420745,3374981.7927185036,zonal_sum,129.09966026246548,19.09882158710763,0,0.0,external,3,1877.0,5.39,0.05645,0.005645,0.7287675821816176
1730,414227.3738420745,3375481.7927185036,zonal_sum,107.32903027534485,19.644202427921428,0,0.0,external,3,1877.0,5.39,0.05645,0.005645,0.6058723759043216
1731,414227.3738420745,3375981.7927185036,zonal_sum,250.06396102905273,20.608169385147743,0,0.0,external,3,1877.0,5.39,0.05645,0.005645,1.4116110600090026
1732,414227.3738420745,3376481.7927185036,zonal_sum,294.3231337070465,44.81704867196421,0,0.0,external,4,8736.0,25.1,0.08655,0.008655,2.5473667222344876
1733,414227.3738420745,3376981.7927185036,zonal_sum,150.8324823603034,58.271996490504954,0,0.0,external,4,8736.0,25.1,0.08655,0.008655,1.3054551348284258
1734,414227.3738420745,3377481.7927185036,zonal_sum,96.55558079481125,35.03492561148868,0,0.0,external,0,2956.0,8.49,0.06033,0.006033,0.5825198189350963
1735,414227.3738420745,3377981.7927185036,zonal_sum,148.82057940214872,27.981439135128323,0,0.0,external,0,2956.0,8.49,0.06033,0.006033,0.8978345555331633
1736,414227.3738420745,3378481.7927185036,zonal_sum,162.817791223526,24.945496277315684,0,0.0,external,0,2956.0,8.49,0.06033,0.006033,0.9822797344515324
1737,414227.3738420745,3378981.7927185036,zonal_sum,322.07836627960205,28.33923543331857,0,0.0,external,0,2956.0,8.49,0.06033,0.006033,1.9430987837648392
1738,414227.3738420745,3379481.7927185036,zonal_sum,1378.332691192627,26.15004954166461,0,0.0,external,0,2956.0,8.49,0.06033,0.006033,8.31548112596512
1739,414227.3738420745,3379981.7927185036,zonal_sum,1161.3582782745361,26.191946784140555,0,0.0,external,0,2956.0,8.49,0.06033,0.006033,7.006474492830277
1740,414227.3738420745,3380481.7927185036,zonal_sum,846.6603713035583,33.73218642244017,0,0.0,external,0,2956.0,8.49,0.06033,0.006033,5.107902020074367
1741,414227.3738420745,3380981.7927185036,zonal_sum,1575.303069114685,32.01746852521449,0,0.0,external,0,2956.0,8.49,0.06033,0.006033,9.503803415968894
1742,414227.3738420745,3381481.7927185036,zonal_sum,903.5584490299225,24.41547624810142,0,0.0,external,0,2956.0,8.49,0.06033,0.006033,5.451168122997522
1743,414227.3738420745,3381981.7927185036,zonal_sum,380.30402159690857,18.611720988219783,0,0.0,external,3,1877.0,5.39,0.05645,0.005645,2.146816201914549
1744,414227.3738420745,3382481.7927185036,zonal_sum,142.03631658107042,15.914919981218969,0,0.0,external,3,1877.0,5.39,0.05645,0.005645,0.8017950071001425
1745,414227.3738420745,3382981.7927185036,zonal_sum,526.721911907196,16.9697424299484,0,0.0,external,3,1877.0,5.39,0.05645,0.005645,2.9733451927161214
1746,414227.3738420745,3383481.7927185036,zonal_sum,777.1826794147491,17.3412745680719,0,0.0,external,3,1877.0,5.39,0.05645,0.005645,4.387196225296258
1747,414227.3738420745,3383981.7927185036,zonal_sum,3438.418249130249,25.8612346032626,0,0.0,external,0,2956.0,8.49,0.06033,0.006033,20.743977297002793
1748,414227.3738420745,3384481.7927185036,zonal_sum,2326.3422451019287,33.98444626908678,0,0.0,external,0,2956.0,8.49,0.06033,0.006033,14.034822764699936
1749,414227.3738420745,3384981.7927185036,zonal_sum,7371.85391998291,34.104069415208386,7,28.0,external,1,4049.0,11.64,0.06455,0.006455,47.58531705348968
1750,414227.3738420745,3385481.7927185036,zonal_sum,3878.3768920898438,30.375266942083705,1,4.0,external,0,2956.0,8.49,0.06033,0.006033,23.39824778997803
1751,414227.3738420745,3385981.7927185036,zonal_sum,8270.865295410156,25.16250716691356,3,12.0,external,0,2956.0,8.49,0.06033,0.006033,49.89813032720947
1752,414227.3738420745,3386481.7927185036,zonal_sum,3780.495635986328,27.342928574883896,2,8.0,external,0,2956.0,8.49,0.06033,0.006033,22.80773017190552
1753,414227.3738420745,3386981.7927185036,zonal_sum,5498.66898727417,27.543776892196014,1,4.0,external,0,2956.0,8.49,0.06033,0.006033,33.173470000225066
1754,414227.3738420745,3387481.7927185036,zonal_sum,3243.4233474731445,25.09797023695895,5,20.0,external,0,2956.0,8.49,0.06033,0.006033,19.56757305530548
1755,414227.3738420745,3387981.7927185036,zonal_sum,5340.720097541809,33.63113920891468,3,12.0,external,0,2956.0,8.49,0.06033,0.006033,32.220564348469736
1756,414227.3738420745,3388481.7927185036,zonal_sum,7108.464246749878,36.8171558386035,4,16.0,external,0,2956.0,8.49,0.06033,0.006033,42.885364800642016
1757,414227.3738420745,3388981.7927185036,zonal_sum,7207.441314697266,40.12591891523068,7,28.0,external,1,4049.0,11.64,0.06455,0.006455,46.52403368637085
1758,414227.3738420745,3389481.7927185036,zonal_sum,6768.942211151123,44.103940990022295,3,12.0,external,4,8736.0,25.1,0.08655,0.008655,58.585194837512965
1759,414227.3738420745,3389981.7927185036,zonal_sum,3604.5292682647705,45.851304840113265,16,64.0,external,1,4049.0,11.64,0.06455,0.006455,23.26723642664909
1760,414227.3738420745,3390481.7927185036,zonal_sum,7073.492042541504,48.02711384476156,18,72.0,external,2,5546.0,15.94,0.07085,0.007085,50.115691121406556
1761,414227.3738420745,3390981.7927185036,zonal_sum,8908.98178100586,41.5685127401065,12,48.0,external,1,4049.0,11.64,0.06455,0.006455,57.50747739639282
1762,414227.3738420745,3391481.7927185036,zonal_sum,8130.780517578125,34.804135074551425,20,80.0,external,2,5546.0,15.94,0.07085,0.007085,57.606579967041014
1763,414227.3738420745,3391981.7927185036,zonal_sum,7765.630523681641,32.368740506468185,10,40.0,external,1,4049.0,11.64,0.06455,0.006455,50.127145030364986
1764,414227.3738420745,3392481.7927185036,zonal_sum,8495.878387451172,34.797308921476784,3,12.0,external,0,2956.0,8.49,0.06033,0.006033,51.25563431149292
1765,414227.3738420745,3392981.7927185036,zonal_sum,8312.233924865723,36.347427854429974,7,28.0,external,1,4049.0,11.64,0.06455,0.006455,53.65546998500824
1766,414227.3738420745,3393481.7927185036,zonal_sum,10120.066291809082,36.440371853642894,14,56.0,external,1,4049.0,11.64,0.06455,0.006455,65.32502791362762
1767,414227.3738420745,3393981.7927185036,zonal_sum,6925.138690948486,37.51508255895941,8,32.0,external,1,4049.0,11.64,0.06455,0.006455,44.70177025007248
1768,414227.3738420745,3394481.7927185036,zonal_sum,8644.410339355469,33.79513828978714,7,28.0,external,1,4049.0,11.64,0.06455,0.006455,55.79966874053955
1769,414227.3738420745,3394981.7927185036,zonal_sum,9306.851722717285,29.83344696862973,11,44.0,external,1,4049.0,11.64,0.06455,0.006455,60.07572787014007
1770,414227.3738420745,3395481.7927185036,zonal_sum,8866.51844406128,21.10842372142458,4,16.0,external,3,1877.0,5.39,0.05645,0.005645,50.05149661672592
1771,414227.3738420745,3395981.7927185036,zonal_sum,5506.159210205078,21.629644507771957,3,12.0,external,3,1877.0,5.39,0.05645,0.005645,31.082268741607667
1772,414227.3738420745,3396481.7927185036,zonal_sum,4697.622619628906,26.75536558996703,2,8.0,external,0,2956.0,8.49,0.06033,0.006033,28.340757264221192
1773,414227.3738420745,3396981.7927185036,zonal_sum,7975.269805908203,26.857864871535693,7,28.0,external,1,4049.0,11.64,0.06455,0.006455,51.48036659713745
1774,414227.3738420745,3397481.7927185036,zonal_sum,3851.0708084106445,26.873621229659395,13,52.0,external,1,4049.0,11.64,0.06455,0.006455,24.85866206829071
1775,414227.3738420745,3397981.7927185036,zonal_sum,3873.004192352295,25.886980296780948,25,100.0,external,2,5546.0,15.94,0.07085,0.007085,27.44023470281601
1776,414227.3738420745,3398481.7927185036,zonal_sum,6420.7747802734375,30.149781703629248,4,16.0,external,0,2956.0,8.49,0.06033,0.006033,38.73653424938965
1777,414227.3738420745,3398981.7927185036,zonal_sum,4015.2139830589294,40.03112837743133,3,12.0,external,0,2956.0,8.49,0.06033,0.006033,24.223785959794522
1778,414227.3738420745,3399481.7927185036,zonal_sum,4457.4736585617065,36.769938233139925,1,4.0,external,0,2956.0,8.49,0.06033,0.006033,26.891938582102778
1779,414227.3738420745,3399981.7927185036,zonal_sum,2082.317710876465,16.694105601838967,0,0.0,external,3,1877.0,5.39,0.05645,0.005645,11.754683477897643
1780,414227.3738420745,3400481.7927185036,zonal_sum,1007.4610118865967,10.898605407808633,0,0.0,external,3,1877.0,5.39,0.05645,0.005645,5.6871174120998385
1781,414227.3738420745,3400981.7927185036,zonal_sum,1295.5404994487762,9.350574179302372,0,0.0,external,3,1877.0,5.39,0.05645,0.005645,7.313326119388342
1782,414227.3738420745,3401481.7927185036,zonal_sum,1464.476798772812,11.187283832603526,0,0.0,external,3,1877.0,5.39,0.05645,0.005645,8.266971529072523
1783,414227.3738420745,3401981.7927185036,zonal_sum,1695.8813633918762,12.957607631826125,0,0.0,external,3,1877.0,5.39,0.05645,0.005645,9.57325029634714
1784,414227.3738420745,3402481.7927185036,zonal_sum,1334.114516377449,17.170348642794917,0,0.0,external,3,1877.0,5.39,0.05645,0.005645,7.5310764449507
1785,414727.3738420745,3368481.7927185036,zonal_sum,165.8375165462494,7.916968682322156,0,0.0,external,3,1877.0,5.39,0.05645,0.005645,0.9361527809035778
1786,414727.3738420745,3368981.7927185036,zonal_sum,194.35159143805504,6.978175864993498,0,0.0,external,3,1877.0,5.39,0.05645,0.005645,1.0971147336678206
1787,414727.3738420745,3369481.7927185036,zonal_sum,212.82879209518433,8.204150042747449,0,0.0,external,3,1877.0,5.39,0.05645,0.005645,1.2014185313773156
1788,414727.3738420745,3369981.7927185036,zonal_sum,174.8807110786438,11.292274611222288,0,0.0,external,3,1877.0,5.39,0.05645,0.005645,0.9872016140389442
1789,414727.3738420745,3370481.7927185036,zonal_sum,32.72415471076965,11.701683577092624,0,0.0,external,3,1877.0,5.39,0.05645,0.005645,0.1847278533422947
1790,414727.3738420745,3370981.7927185036,zonal_sum,103.40029709041119,14.80836133118042,0,0.0,external,3,1877.0,5.39,0.05645,0.005645,0.5836946770753711
1791,414727.3738420745,3371481.7927185036,zonal_sum,149.64024658501148,22.261463110978273,0,0.0,external,3,1877.0,5.39,0.05645,0.005645,0.8447191919723898
1792,414727.3738420745,3371981.7927185036,zonal_sum,158.56942336261272,28.188736638807306,0,0.0,external,0,2956.0,8.49,0.06033,0.006033,0.9566493311466426
1793,414727.3738420745,3372481.7927185036,zonal_sum,778.4091353416443,31.498614030416135,0,0.0,external,0,2956.0,8.49,0.06033,0.006033,4.69614231351614
1794,414727.3738420745,3372981.7927185036,zonal_sum,492.5963635444641,28.9748257063146,0,0.0,external,0,2956.0,8.49,0.06033,0.006033,2.971833861263752
1795,414727.3738420745,3373481.7927185036,zonal_sum,1712.4139246940613,22.011675849317562,0,0.0,external,3,1877.0,5.39,0.05645,0.005645,9.666576604897976
1796,414727.3738420745,3373981.7927185036,zonal_sum,1147.7092487812042,13.383899784267939,0,0.0,external,3,1877.0,5.39,0.05645,0.005645,6.4788187093698975
1797,414727.3738420745,3374481.7927185036,zonal_sum,157.60724902153015,9.161879723330626,0,0.0,external,3,1877.0,5.39,0.05645,0.005645,0.8896929207265377
1798,414727.3738420745,3374981.7927185036,zonal_sum,284.3058965206146,15.31224215523049,0,0.0,external,3,1877.0,5.39,0.05645,0.005645,1.6049067858588695
1799,414727.3738420745,3375481.7927185036,zonal_sum,177.54602505266666,19.656816232141725,0,0.0,external,3,1877.0,5.39,0.05645,0.005645,1.0022473114223034
1800,414727.3738420745,3375981.7927185036,zonal_sum,163.03376650810242,19.82383774871961,0,0.0,external,3,1877.0,5.39,0.05645,0.005645,0.9203256119382381
1801,414727.3738420745,3376481.7927185036,zonal_sum,394.91656063497066,25.759577948904678,0,0.0,external,0,2956.0,8.49,0.06033,0.006033,2.382531610310778
1802,414727.3738420745,3376981.7927185036,zonal_sum,735.279602766037,30.95039542620106,0,0.0,external,0,2956.0,8.49,0.06033,0.006033,4.435941843487501
1803,414727.3738420745,3377481.7927185036,zonal_sum,702.7321305721998,26.74928962778409,0,0.0,external,0,2956.0,8.49,0.06033,0.006033,4.239582943742081
1804,414727.3738420745,3377981.7927185036,zonal_sum,432.61655855178833,22.210223639667785,0,0.0,external,3,1877.0,5.39,0.05645,0.005645,2.442120473024845
1805,414727.3738420745,3378481.7927185036,zonal_sum,758.4656662940979,19.157148720051406,0,0.0,external,3,1877.0,5.39,0.05645,0.005645,4.281538686230182
1806,414727.3738420745,3378981.7927185036,zonal_sum,903.5879521369934,19.70069388037385,0,0.0,external,3,1877.0,5.39,0.05645,0.005645,5.100753989813327
1807,414727.3738420745,3379481.7927185036,zonal_sum,2637.2060108184814,18.742691230160535,0,0.0,external,3,1877.0,5.39,0.05645,0.005645,14.887027931070328
1808,414727.3738420745,3379981.7927185036,zonal_sum,1019.8471302986145,16.79547865894925,0,0.0,external,3,1877.0,5.39,0.05645,0.005645,5.757037050535678
1809,414727.3738420745,3380481.7927185036,zonal_sum,187.3497142791748,17.615153533601923,0,0.0,external,3,1877.0,5.39,0.05645,0.005645,1.0575891371059418
1810,414727.3738420745,3380981.7927185036,zonal_sum,2479.154541015625,20.799662363081143,0,0.0,external,3,1877.0,5.39,0.05645,0.005645,13.994827384033202
1811,414727.3738420745,3381481.7927185036,zonal_sum,1892.4972188472748,20.720136383091912,0,0.0,external,3,1877.0,5.39,0.05645,0.005645,10.683146800392866
1812,414727.3738420745,3381981.7927185036,zonal_sum,382.1143846511841,15.225640290107386,0,0.0,external,3,1877.0,5.39,0.05645,0.005645,2.1570357013559343
1813,414727.3738420745,3382481.7927185036,zonal_sum,373.30736044049263,14.906898568499978,3,12.0,external,3,1877.0,5.39,0.05645,0.005645,2.1073200496865807
1814,414727.3738420745,3382981.7927185036,zonal_sum,391.51969838142395,17.0669291399041,0,0.0,external,3,1877.0,5.39,0.05645,0.005645,2.210128697363138
1815,414727.3738420745,3383481.7927185036,zonal_sum,230.61018375307322,17.433154398076155,0,0.0,external,3,1877.0,5.39,0.05645,0.005645,1.3017944872860983
1816,414727.3738420745,3383981.7927185036,zonal_sum,233.47714595496655,28.233096344687976,1,4.0,external,0,2956.0,8.49,0.06033,0.006033,1.4085676215463132
1817,414727.3738420745,3384481.7927185036,zonal_sum,2681.4592583179474,38.93246989339367,6,24.0,external,1,4049.0,11.64,0.06455,0.006455,17.30881951244235
1818,414727.3738420745,3384981.7927185036,zonal_sum,5764.907623291016,37.99653086874171,7,28.0,external,1,4049.0,11.64,0.06455,0.006455,37.212478708343504
1819,414727.3738420745,3385481.7927185036,zonal_sum,1831.6727769374847,31.69487955326714,0,0.0,external,0,2956.0,8.49,0.06033,0.006033,11.050481863263846
1820,414727.3738420745,3385981.7927185036,zonal_sum,3651.6209087371826,25.854992606867967,0,0.0,external,0,2956.0,8.49,0.06033,0.006033,22.030228942411423
1821,414727.3738420745,3386481.7927185036,zonal_sum,2484.3682441711426,36.22275145053279,0,0.0,external,0,2956.0,8.49,0.06033,0.006033,14.988193617084503
1822,414727.3738420745,3386981.7927185036,zonal_sum,4517.369663238525,30.888831103529938,3,12.0,external,0,2956.0,8.49,0.06033,0.006033,27.253291178318026
1823,414727.3738420745,3387481.7927185036,zonal_sum,5781.535428464413,34.41977993960945,7,28.0,external,1,4049.0,11.64,0.06455,0.006455,37.31981119073778
1824,414727.3738420745,3387981.7927185036,zonal_sum,5733.586692810059,38.858063724128385,20,80.0,external,2,5546.0,15.94,0.07085,0.007085,40.622461718559265
1825,414727.3738420745,3388481.7927185036,zonal_sum,5733.257989883423,34.766760932747225,15,60.0,external,1,4049.0,11.64,0.06455,0.006455,37.00818032469749
1826,414727.3738420745,3388981.7927185036,zonal_sum,5255.875217437744,32.79885306945458,2,8.0,external,0,2956.0,8.49,0.06033,0.006033,31.70869518680191
1827,414727.3738420745,3389481.7927185036,zonal_sum,4325.461933135986,35.55675507340667,7,28.0,external,1,4049.0,11.64,0.06455,0.006455,27.920856778392793
1828,414727.3738420745,3389981.7927185036,zonal_sum,5534.665191650391,42.58134416674917,28,112.0,external,2,5546.0,15.94,0.07085,0.007085,39.21310288284302
1829,414727.3738420745,3390481.7927185036,zonal_sum,3409.963701248169,48.54652202569441,7,28.0,external,4,8736.0,25.1,0.08655,0.008655,29.5132358343029
1830,414727.3738420745,3390981.7927185036,zonal_sum,5689.1746301651,47.216775068483074,14,56.0,external,1,4049.0,11.64,0.06455,0.006455,36.72362223771572
1831,414727.3738420745,3391481.7927185036,zonal_sum,7172.610898971558,40.850278497584775,6,24.0,external,1,4049.0,11.64,0.06455,0.006455,46.299203352861404
1832,414727.3738420745,3391981.7927185036,zonal_sum,9102.947402954102,37.102564758671285,5,20.0,external,0,2956.0,8.49,0.06033,0.006033,54.9180816820221
1833,414727.3738420745,3392481.7927185036,zonal_sum,6264.990165710449,43.156512356665814,1,4.0,external,4,8736.0,25.1,0.08655,0.008655,54.22348988422394
1834,414727.3738420745,3392981.7927185036,zonal_sum,5066.862791061401,44.11452080832947,2,8.0,external,4,8736.0,25.1,0.08655,0.008655,43.853697456636425
1835,414727.3738420745,3393481.7927185036,zonal_sum,6858.672622680664,38.17257237507264,15,60.0,external,1,4049.0,11.64,0.06455,0.006455,44.272731779403685
1836,414727.3738420745,3393981.7927185036,zonal_sum,8392.932983398438,32.45031085976653,14,56.0,external,1,4049.0,11.64,0.06455,0.006455,54.17638240783691
1837,414727.3738420745,3394481.7927185036,zonal_sum,8520.02978515625,30.504444728172096,10,40.0,external,1,4049.0,11.64,0.06455,0.006455,54.99679226318359
1838,414727.3738420745,3394981.7927185036,zonal_sum,8039.041641235352,20.97290507595846,11,44.0,external,1,4049.0,11.64,0.06455,0.006455,51.89201379417419
1839,414727.3738420745,3395481.7927185036,zonal_sum,11177.640441894531,27.589503898621167,22,88.0,external,2,5546.0,15.94,0.07085,0.007085,79.19358253082275
1840,414727.3738420745,3395981.7927185036,zonal_sum,7127.460521697998,29.926204305506097,0,0.0,external,0,2956.0,8.49,0.06033,0.006033,42.999969327404024
1841,414727.3738420745,3396481.7927185036,zonal_sum,3797.2856407165527,30.901610562862313,0,0.0,external,0,2956.0,8.49,0.06033,0.006033,22.909024270442963
1842,414727.3738420745,3396981.7927185036,zonal_sum,9486.447769165039,26.302163249932203,4,16.0,external,0,2956.0,8.49,0.06033,0.006033,57.231739391372685
1843,414727.3738420745,3397481.7927185036,zonal_sum,4177.28438949585,23.91337591338836,3,12.0,external,0,2956.0,8.49,0.06033,0.006033,25.20155672182846
1844,414727.3738420745,3397981.7927185036,zonal_sum,3151.276796102524,26.967326618643444,7,28.0,external,1,4049.0,11.64,0.06455,0.006455,20.34149171884179
1845,414727.3738420745,3398481.7927185036,zonal_sum,7021.933486938477,32.85813009478252,4,16.0,external,0,2956.0,8.49,0.06033,0.006033,42.36332472669983
1846,414727.3738420745,3398981.7927185036,zonal_sum,4736.969879150391,41.715747866824806,0,0.0,external,0,2956.0,8.49,0.06033,0.006033,28.578139280914307
1847,414727.3738420745,3399481.7927185036,zonal_sum,5112.214984893799,41.2311489439507,0,0.0,external,0,2956.0,8.49,0.06033,0.006033,30.84199300386429
1848,414727.3738420745,3399981.7927185036,zonal_sum,3846.1103954315186,21.735720737640367,0,0.0,external,3,1877.0,5.39,0.05645,0.005645,21.711293182210923
1849,414727.3738420745,3400481.7927185036,zonal_sum,2048.538749694824,16.522758040960465,0,0.0,external,3,1877.0,5.39,0.05645,0.005645,11.564001242027283
1850,414727.3738420745,3400981.7927185036,zonal_sum,2515.5390434265137,16.683096983268086,0,0.0,external,3,1877.0,5.39,0.05645,0.005645,14.20021790014267
1851,414727.3738420745,3401481.7927185036,zonal_sum,2182.305995464325,19.15752428666252,0,0.0,external,3,1877.0,5.39,0.05645,0.005645,12.319117344396114
1852,414727.3738420745,3401981.7927185036,zonal_sum,3568.345634460449,20.243010693249023,1,4.0,external,3,1877.0,5.39,0.05645,0.005645,20.143311106529236
1853,414727.3738420745,3402481.7927185036,zonal_sum,2490.6603775024414,20.85911154476034,0,0.0,external,3,1877.0,5.39,0.05645,0.005645,14.05977783100128
1854,415227.3738420745,3368981.7927185036,zonal_sum,126.61309313774109,6.0404674396524936,0,0.0,external,3,1877.0,5.39,0.05645,0.005645,0.7147309107625485
1855,415227.3738420745,3369481.7927185036,zonal_sum,193.0428125858307,6.648873136487856,0,0.0,external,3,1877.0,5.39,0.05645,0.005645,1.0897266770470142
1856,415227.3738420745,3369981.7927185036,zonal_sum,102.76094675064087,8.657869701366613,0,0.0,external,3,1877.0,5.39,0.05645,0.005645,0.5800855444073677
1857,415227.3738420745,3370481.7927185036,zonal_sum,126.13091638684273,8.520194103058103,0,0.0,external,3,1877.0,5.39,0.05645,0.005645,0.7120090230037271
1858,415227.3738420745,3370981.7927185036,zonal_sum,123.93053787946701,9.084376387684596,0,0.0,external,3,1877.0,5.39,0.05645,0.005645,0.6995878863295912
1859,415227.3738420745,3371481.7927185036,zonal_sum,265.91692024469376,12.218480604417477,0,0.0,external,3,1877.0,5.39,0.05645,0.005645,1.5011010147812962
1860,415227.3738420745,3371981.7927185036,zonal_sum,167.9167594909668,15.412133405120073,0,0.0,external,3,1877.0,5.39,0.05645,0.005645,0.9478901073265076
1861,415227.3738420745,3372481.7927185036,zonal_sum,277.3422565460205,19.72457139013592,0,0.0,external,3,1877.0,5.39,0.05645,0.005645,1.5655970382022857
1862,415227.3738420745,3372981.7927185036,zonal_sum,308.02279960364103,17.394002144720616,0,0.0,external,3,1877.0,5.39,0.05645,0.005645,1.7387887037625536
1863,415227.3738420745,3373481.7927185036,zonal_sum,264.43533059209585,12.263784767729781,0,0.0,external,3,1877.0,5.39,0.05645,0.005645,1.492737441192381
1864,415227.3738420745,3373981.7927185036,zonal_sum,351.7501940727234,7.862775941746159,0,0.0,external,3,1877.0,5.39,0.05645,0.005645,1.9856298455405235
1865,415227.3738420745,3374481.7927185036,zonal_sum,223.1557161808014,7.58254075787684,0,0.0,external,3,1877.0,5.39,0.05645,0.005645,1.2597140178406239
1866,415227.3738420745,3374981.7927185036,zonal_sum,360.2884747982025,10.687797088203842,0,0.0,external,3,1877.0,5.39,0.05645,0.005645,2.0338284402358533
1867,415227.3738420745,3375481.7927185036,zonal_sum,223.3511606156826,16.174566390958493,0,0.0,external,3,1877.0,5.39,0.05645,0.005645,1.2608173016755282
1868,415227.3738420745,3375981.7927185036,zonal_sum,190.97755098342896,18.14185125405585,0,0.0,external,3,1877.0,5.39,0.05645,0.005645,1.0780682753014563
1869,415227.3738420745,3376481.7927185036,zonal_sum,257.8896335735917,14.720401934794946,0,0.0,external,3,1877.0,5.39,0.05645,0.005645,1.4557869815229252
1870,415227.3738420745,3376981.7927185036,zonal_sum,402.8985710144043,16.537029507542105,0,0.0,external,3,1877.0,5.39,0.05645,0.005645,2.274362433376312
1871,415227.3738420745,3377481.7927185036,zonal_sum,602.0092641860247,20.294013173124725,0,0.0,external,3,1877.0,5.39,0.05645,0.005645,3.3983422963301093
1872,415227.3738420745,3377981.7927185036,zonal_sum,359.8867383003235,15.633445407572083,0,0.0,external,3,1877.0,5.39,0.05645,0.005645,2.031560637705326
1873,415227.3738420745,3378481.7927185036,zonal_sum,683.3649458885193,11.970938159352707,0,0.0,external,3,1877.0,5.39,0.05645,0.005645,3.8575951195406915
1874,415227.3738420745,3378981.7927185036,zonal_sum,736.0580859184265,12.191608948486833,0,0.0,external,3,1877.0,5.39,0.05645,0.005645,4.155047895009518
1875,415227.3738420745,3379481.7927185036,zonal_sum,897.293400645256,13.294917508175205,0,0.0,external,3,1877.0,5.39,0.05645,0.005645,5.06522124664247
1876,415227.3738420745,3379981.7927185036,zonal_sum,428.85661751776934,16.118396430735885,0,0.0,external,3,1877.0,5.39,0.05645,0.005645,2.4208956058878077
1877,415227.3738420745,3380481.7927185036,zonal_sum,670.8945412635803,17.04352686386838,0,0.0,external,3,1877.0,5.39,0.05645,0.005645,3.7871996854329106
1878,415227.3738420745,3380981.7927185036,zonal_sum,645.0156401097775,21.438762340691934,0,0.0,external,3,1877.0,5.39,0.05645,0.005645,3.6411132884196937
1879,415227.3738420745,3381481.7927185036,zonal_sum,788.0501756668091,20.376242549040747,0,0.0,external,3,1877.0,5.39,0.05645,0.005645,4.448543241639137
1880,415227.3738420745,3381981.7927185036,zonal_sum,116.81641760468483,13.383211475203352,0,0.0,external,3,1877.0,5.39,0.05645,0.005645,0.6594286773784458
1881,415227.3738420745,3382481.7927185036,zonal_sum,146.6476174518466,12.190305849239833,1,4.0,external,3,1877.0,5.39,0.05645,0.005645,0.827825800515674
1882,415227.3738420745,3382981.7927185036,zonal_sum,119.65177588164806,12.126103298731435,0,0.0,external,3,1877.0,5.39,0.05645,0.005645,0.6754342748519033
1883,415227.3738420745,3383481.7927185036,zonal_sum,66.46138286590576,11.857766873889293,0,0.0,external,3,1877.0,5.39,0.05645,0.005645,0.375174506278038
1884,415227.3738420745,3383981.7927185036,zonal_sum,711.5631132125854,19.740493827743173,0,0.0,external,3,1877.0,5.39,0.05645,0.005645,4.016773774085045
1885,415227.3738420745,3384481.7927185036,zonal_sum,942.5274982452393,26.03842130599662,0,0.0,external,0,2956.0,8.49,0.06033,0.006033,5.686268396913529
1886,415227.3738420745,3384981.7927185036,zonal_sum,1075.1254124641418,29.15173549011954,2,8.0,external,0,2956.0,8.49,0.06033,0.006033,6.486231613396168
1887,415227.3738420745,3385481.7927185036,zonal_sum,1092.2761840820312,29.065550123891136,4,16.0,external,0,2956.0,8.49,0.06033,0.006033,6.589702218566894
1888,415227.3738420745,3385981.7927185036,zonal_sum,2673.51944732666,34.43428154777002,3,12.0,external,0,2956.0,8.49,0.06033,0.006033,16.129342825721743
1889,415227.3738420745,3386481.7927185036,zonal_sum,3485.1026344299316,49.61658980063162,16,64.0,external,1,4049.0,11.64,0.06455,0.006455,22.496337505245208
1890,415227.3738420745,3386981.7927185036,zonal_sum,7411.999526977539,35.53074429428053,17,68.0,external,1,4049.0,11.64,0.06455,0.006455,47.844456946640015
1891,415227.3738420745,3387481.7927185036,zonal_sum,5884.540512084961,29.302712383989,7,28.0,external,1,4049.0,11.64,0.06455,0.006455,37.98470900550842
1892,415227.3738420745,3387981.7927185036,zonal_sum,6957.24600982666,41.19838311387004,25,100.0,external,2,5546.0,15.94,0.07085,0.007085,49.29208797962189
1893,415227.3738420745,3388481.7927185036,zonal_sum,6744.986171722412,44.456214969175825,6,24.0,external,4,8736.0,25.1,0.08655,0.008655,58.377855316257474
1894,415227.3738420745,3388981.7927185036,zonal_sum,4346.660080432892,38.674059841114115,4,16.0,external,0,2956.0,8.49,0.06033,0.006033,26.223400265251637
1895,415227.3738420745,3389481.7927185036,zonal_sum,4234.118930339813,32.45379170349438,1,4.0,external,0,2956.0,8.49,0.06033,0.006033,25.544439506740094
1896,415227.3738420745,3389981.7927185036,zonal_sum,5360.190095901489,37.24449303713161,2,8.0,external,0,2956.0,8.49,0.06033,0.006033,32.33802684857368
1897,415227.3738420745,3390481.7927185036,zonal_sum,5142.753036499023,42.43374536232131,12,48.0,external,1,4049.0,11.64,0.06455,0.006455,33.196470850601195
1898,415227.3738420745,3390981.7927185036,zonal_sum,6287.215280532837,44.145271939614986,23,92.0,external,2,5546.0,15.94,0.07085,0.007085,44.544920262575154
1899,415227.3738420745,3391481.7927185036,zonal_sum,6677.636908531189,40.66780471621437,21,84.0,external,2,5546.0,15.94,0.07085,0.007085,47.31105749694348
1900,415227.3738420745,3391981.7927185036,zonal_sum,9321.26530456543,35.323316635432576,9,36.0,external,1,4049.0,11.64,0.06455,0.006455,60.168767540969846
1901,415227.3738420745,3392481.7927185036,zonal_sum,8139.126052856445,40.646410786805404,17,68.0,external,1,4049.0,11.64,0.06455,0.006455,52.53805867118835
1902,415227.3738420745,3392981.7927185036,zonal_sum,5468.75407075882,46.448406270972946,8,32.0,external,4,8736.0,25.1,0.08655,0.008655,47.33206648241758
1903,415227.3738420745,3393481.7927185036,zonal_sum,5293.786070823669,33.19265697448434,0,0.0,external,0,2956.0,8.49,0.06033,0.006033,31.9374113652792
1904,415227.3738420745,3393981.7927185036,zonal_sum,7000.758193969727,27.011176080213414,0,0.0,external,0,2956.0,8.49,0.06033,0.006033,42.23557418421936
1905,415227.3738420745,3394481.7927185036,zonal_sum,7879.870910644531,27.949514426970172,11,44.0,external,1,4049.0,11.64,0.06455,0.006455,50.86456672821045
1906,415227.3738420745,3394981.7927185036,zonal_sum,7986.4197998046875,27.03985040571787,10,40.0,external,1,4049.0,11.64,0.06455,0.006455,51.55233980773926
1907,415227.3738420745,3395481.7927185036,zonal_sum,7319.774208068848,32.04925249418655,0,0.0,external,0,2956.0,8.49,0.06033,0.006033,44.16019779727936
1908,415227.3738420745,3395981.7927185036,zonal_sum,4036.061897277832,37.92666468511179,0,0.0,external,0,2956.0,8.49,0.06033,0.006033,24.349561426277162
1909,415227.3738420745,3396481.7927185036,zonal_sum,2103.8400897979736,41.27791552235436,0,0.0,external,0,2956.0,8.49,0.06033,0.006033,12.692467261751176
1910,415227.3738420745,3396981.7927185036,zonal_sum,5029.227710723877,30.33213749849186,9,36.0,external,1,4049.0,11.64,0.06455,0.006455,32.463664872722624
1911,415227.3738420745,3397481.7927185036,zonal_sum,3253.839527130127,27.437431768778882,0,0.0,external,0,2956.0,8.49,0.06033,0.006033,19.630413867176056
1912,415227.3738420745,3397981.7927185036,zonal_sum,1969.9808058738708,28.992041859432028,3,12.0,external,0,2956.0,8.49,0.06033,0.006033,11.884894201837064
1913,415227.3738420745,3398481.7927185036,zonal_sum,5530.293006896973,28.17496794192472,1,4.0,external,0,2956.0,8.49,0.06033,0.006033,33.36425771060944
1914,415227.3738420745,3398981.7927185036,zonal_sum,5515.18282699585,29.819731064452835,2,8.0,external,0,2956.0,8.49,0.06033,0.006033,33.273097995265964
1915,415227.3738420745,3399481.7927185036,zonal_sum,3641.63896381855,25.068199708662096,3,12.0,external,0,2956.0,8.49,0.06033,0.006033,21.970007868717314
1916,415227.3738420745,3399981.7927185036,zonal_sum,2105.0275189876556,15.72900263114173,0,0.0,external,3,1877.0,5.39,0.05645,0.005645,11.882880344685315
1917,415227.3738420745,3400481.7927185036,zonal_sum,2185.0065343379974,13.36979485673715,0,0.0,external,3,1877.0,5.39,0.05645,0.005645,12.334361886337994
1918,415227.3738420745,3400981.7927185036,zonal_sum,1186.4583950042725,15.471391314968027,0,0.0,external,3,1877.0,5.39,0.05645,0.005645,6.6975576397991174
1919,415227.3738420745,3401481.7927185036,zonal_sum,2178.6979789733887,18.053160546820333,0,0.0,external,3,1877.0,5.39,0.05645,0.005645,12.298750091304779
1920,415227.3738420745,3401981.7927185036,zonal_sum,2010.4026336669922,19.73283122451434,2,8.0,external,3,1877.0,5.39,0.05645,0.005645,11.34872286705017
1921,415727.3738420745,3369481.7927185036,zonal_sum,119.14062947034836,4.873639907933636,0,0.0,external,3,1877.0,5.39,0.05645,0.005645,0.6725488533601165
1922,415727.3738420745,3369981.7927185036,zonal_sum,202.61662817001343,4.700749015596607,0,0.0,external,3,1877.0,5.39,0.05645,0.005645,1.1437708660197257
1923,415727.3738420745,3370481.7927185036,zonal_sum,96.917062997818,4.350341992553894,0,0.0,external,3,1877.0,5.39,0.05645,0.005645,0.5470968206226826
1924,415727.3738420745,3370981.7927185036,zonal_sum,88.508011251688,5.7182697828371785,0,0.0,external,3,1877.0,5.39,0.05645,0.005645,0.4996277235157788
1925,415727.3738420745,3371481.7927185036,zonal_sum,102.52546238899231,8.324067464260066,0,0.0,external,3,1877.0,5.39,0.05645,0.005645,0.5787562351858616
1926,415727.3738420745,3371981.7927185036,zonal_sum,240.04894089698792,12.145948930835608,0,0.0,external,3,1877.0,5.39,0.05645,0.005645,1.3550762713634967
1927,415727.3738420745,3372481.7927185036,zonal_sum,318.2693549990654,11.390496966199125,0,0.0,external,3,1877.0,5.39,0.05645,0.005645,1.796630508969724
1928,415727.3738420745,3372981.7927185036,zonal_sum,295.17310616374016,7.973595813031448,0,0.0,external,3,1877.0,5.39,0.05645,0.005645,1.6662521842943132
1929,415727.3738420745,3373481.7927185036,zonal_sum,101.73130142688751,7.399941263813517,0,0.0,external,3,1877.0,5.39,0.05645,0.005645,0.57427319655478
1930,415727.3738420745,3373981.7927185036,zonal_sum,266.8410432487726,7.132382798246364,0,0.0,external,3,1877.0,5.39,0.05645,0.005645,1.5063176891393215
1931,415727.3738420745,3374481.7927185036,zonal_sum,357.74828016757965,7.6638873659045395,0,0.0,external,3,1877.0,5.39,0.05645,0.005645,2.019489041545987
1932,415727.3738420745,3374981.7927185036,zonal_sum,326.153147816658,10.525305086972217,0,0.0,external,3,1877.0,5.39,0.05645,0.005645,1.8411345194250344
1933,415727.3738420745,3375481.7927185036,zonal_sum,295.4665892124176,15.519956558384996,0,0.0,external,3,1877.0,5.39,0.05645,0.005645,1.6679088961040973
1934,415727.3738420745,3375981.7927185036,zonal_sum,384.8876976966858,16.527175684190716,0,0.0,external,3,1877.0,5.39,0.05645,0.005645,2.172691053497791
1935,415727.3738420745,3376481.7927185036,zonal_sum,187.60483780503273,12.913521837974654,0,0.0,external,3,1877.0,5.39,0.05645,0.005645,1.0590293094094096
1936,415727.3738420745,3376981.7927185036,zonal_sum,294.3624687194824,13.66885236427197,0,0.0,external,3,1877.0,5.39,0.05645,0.005645,1.6616761359214782
1937,415727.3738420745,3377481.7927185036,zonal_sum,230.92456209659576,15.119511004877312,0,0.0,external,3,1877.0,5.39,0.05645,0.005645,1.303569153035283
1938,415727.3738420745,3377981.7927185036,zonal_sum,247.9972393810749,10.866781052803193,0,0.0,external,3,1877.0,5.39,0.05645,0.005645,1.3999444163061678
1939,415727.3738420745,3378481.7927185036,zonal_sum,289.94116377830505,9.279689637217663,0,0.0,external,3,1877.0,5.39,0.05645,0.005645,1.636717869528532
1940,415727.3738420745,3378981.7927185036,zonal_sum,591.2970485687256,10.22135045587215,0,0.0,external,3,1877.0,5.39,0.05645,0.005645,3.337871839170456
1941,415727.3738420745,3379481.7927185036,zonal_sum,300.442364692688,12.367367193378612,0,0.0,external,3,1877.0,5.39,0.05645,0.005645,1.6959971486902237
1942,415727.3738420745,3379981.7927185036,zonal_sum,711.9921875,17.273403357725044,0,0.0,external,3,1877.0,5.39,0.05645,0.005645,4.0191958984375
1943,415727.3738420745,3380481.7927185036,zonal_sum,477.7889453470707,16.17136681893237,0,0.0,external,3,1877.0,5.39,0.05645,0.005645,2.697118596484214
1944,415727.3738420745,3380981.7927185036,zonal_sum,477.494236625731,19.239915887453485,0,0.0,external,3,1877.0,5.39,0.05645,0.005645,2.6954549657522513
1945,415727.3738420745,3381481.7927185036,zonal_sum,650.487241268158,19.75376933138689,0,0.0,external,3,1877.0,5.39,0.05645,0.005645,3.6720004769587518
1946,415727.3738420745,3381981.7927185036,zonal_sum,275.4065736234188,15.025437917631763,1,4.0,external,3,1877.0,5.39,0.05645,0.005645,1.5546701081041991
1947,415727.3738420745,3382481.7927185036,zonal_sum,219.2745816782117,11.320317679668692,0,0.0,external,3,1877.0,5.39,0.05645,0.005645,1.237805013573505
1948,415727.3738420745,3382981.7927185036,zonal_sum,93.88162472844124,10.36403173017995,0,0.0,external,3,1877.0,5.39,0.05645,0.005645,0.5299617715920508
1949,415727.3738420745,3383481.7927185036,zonal_sum,64.04998254776001,10.54230096478093,0,0.0,external,3,1877.0,5.39,0.05645,0.005645,0.36156215148210524
1950,415727.3738420745,3383981.7927185036,zonal_sum,573.2995879650116,14.56351793722834,0,0.0,external,3,1877.0,5.39,0.05645,0.005645,3.2362761740624904
1951,415727.3738420745,3384481.7927185036,zonal_sum,299.2596607208252,17.689364171008975,0,0.0,external,3,1877.0,5.39,0.05645,0.005645,1.6893207847690581
1952,415727.3738420745,3384981.7927185036,zonal_sum,227.344890832901,24.334861231748544,0,0.0,external,0,2956.0,8.49,0.06033,0.006033,1.3715717263948919
1953,415727.3738420745,3385481.7927185036,zonal_sum,2362.121416091919,46.85915247264062,6,24.0,external,4,8736.0,25.1,0.08655,0.008655,20.44416085627556
1954,415727.3738420745,3385981.7927185036,zonal_sum,5393.245716094971,47.813352397169965,14,56.0,external,1,4049.0,11.64,0.06455,0.006455,34.81340109739303
1955,415727.3738420745,3386481.7927185036,zonal_sum,3327.217842102051,45.05066668525717,14,56.0,external,1,4049.0,11.64,0.06455,0.006455,21.477191170768737
1956,415727.3738420745,3386981.7927185036,zonal_sum,6444.124176025391,36.73340218626689,13,52.0,external,1,4049.0,11.64,0.06455,0.006455,41.596821556243896
1957,415727.3738420745,3387481.7927185036,zonal_sum,7002.603622436523,28.959957607103643,21,84.0,external,2,5546.0,15.94,0.07085,0.007085,49.61344666496277
1958,415727.3738420745,3387981.7927185036,zonal_sum,6256.930511474609,40.460796488306194,13,52.0,external,1,4049.0,11.64,0.06455,0.006455,40.3884864515686
1959,415727.3738420745,3388481.7927185036,zonal_sum,3739.32047021389,34.88619172008809,16,64.0,external,1,4049.0,11.64,0.06455,0.006455,24.137313635230658
1960,415727.3738420745,3388981.7927185036,zonal_sum,4205.724334716797,33.829783277136976,18,72.0,external,1,4049.0,11.64,0.06455,0.006455,27.147950580596923
1961,415727.3738420745,3389481.7927185036,zonal_sum,3230.278272628784,27.68377863431777,7,28.0,external,1,4049.0,11.64,0.06455,0.006455,20.8514462498188
1962,415727.3738420745,3389981.7927185036,zonal_sum,1026.697958946228,27.607593085485394,7,28.0,external,1,4049.0,11.64,0.06455,0.006455,6.627335324997902
1963,415727.3738420745,3390481.7927185036,zonal_sum,6554.978857040405,28.75271870507878,3,12.0,external,0,2956.0,8.49,0.06033,0.006033,39.54618744452477
1964,415727.3738420745,3390981.7927185036,zonal_sum,8645.914367675781,29.794207292347405,7,28.0,external,1,4049.0,11.64,0.06455,0.006455,55.809377243347164
1965,415727.3738420745,3391481.7927185036,zonal_sum,7996.465682983398,24.52193498362023,17,68.0,external,1,4049.0,11.64,0.06455,0.006455,51.61718598365783
1966,415727.3738420745,3391981.7927185036,zonal_sum,9086.030410766602,28.78184340649404,7,28.0,external,1,4049.0,11.64,0.06455,0.006455,58.65032630149841
1967,415727.3738420745,3392481.7927185036,zonal_sum,7172.473358154297,37.940180358031284,5,20.0,external,0,2956.0,8.49,0.06033,0.006033,43.271531769744875
1968,415727.3738420745,3392981.7927185036,zonal_sum,4495.106774330139,43.02870271974296,15,60.0,external,1,4049.0,11.64,0.06455,0.006455,29.015914228301046
1969,415727.3738420745,3393481.7927185036,zonal_sum,6827.021179199219,38.62748797139501,38,152.0,external,2,5546.0,15.94,0.07085,0.007085,48.36944505462647
1970,415727.3738420745,3393981.7927185036,zonal_sum,7806.77360534668,25.387005849286634,26,104.0,external,2,5546.0,15.94,0.07085,0.007085,55.31099099388123
1971,415727.3738420745,3394481.7927185036,zonal_sum,7725.273216247559,31.209230879229413,6,24.0,external,1,4049.0,11.64,0.06455,0.006455,49.86663861087799
1972,415727.3738420745,3394981.7927185036,zonal_sum,5916.029632568359,34.857950218995306,4,16.0,external,0,2956.0,8.49,0.06033,0.006033,35.69140677328491
1973,415727.3738420745,3395481.7927185036,zonal_sum,5782.748565673828,33.97938975099277,7,28.0,external,1,4049.0,11.64,0.06455,0.006455,37.32764199142456
1974,415727.3738420745,3395981.7927185036,zonal_sum,3282.6103858947754,36.06623955276184,0,0.0,external,0,2956.0,8.49,0.06033,0.006033,19.80398845810318
1975,415727.3738420745,3396481.7927185036,zonal_sum,2253.193260192871,34.09342005138313,0,0.0,external,0,2956.0,8.49,0.06033,0.006033,13.593514938743592
1976,415727.3738420745,3396981.7927185036,zonal_sum,2968.1734504699707,27.108850601872213,2,8.0,external,0,2956.0,8.49,0.06033,0.006033,17.906990426685333
1977,415727.3738420745,3397481.7927185036,zonal_sum,2755.7222995758057,26.793937543536693,2,8.0,external,0,2956.0,8.49,0.06033,0.006033,16.625272633340835
1978,415727.3738420745,3397981.7927185036,zonal_sum,1758.839340209961,29.33697856725038,16,64.0,external,1,4049.0,11.64,0.06455,0.006455,11.353307941055297
1979,415727.3738420745,3398481.7927185036,zonal_sum,829.9858727455139,26.959183446503047,0,0.0,external,0,2956.0,8.49,0.06033,0.006033,5.007304770273685
1980,415727.3738420745,3398981.7927185036,zonal_sum,3482.907636642456,22.84019429276146,4,16.0,external,0,2956.0,8.49,0.06033,0.006033,21.01238177186394
1981,415727.3738420745,3399481.7927185036,zonal_sum,2843.014872074127,18.506164082975776,0,0.0,external,3,1877.0,5.39,0.05645,0.005645,16.048818952858447
1982,415727.3738420745,3399981.7927185036,zonal_sum,624.6996498703957,11.94820334878197,0,0.0,external,3,1877.0,5.39,0.05645,0.005645,3.5264295235183836
1983,415727.3738420745,3400481.7927185036,zonal_sum,2131.1030139923096,12.893802263342574,0,0.0,external,3,1877.0,5.39,0.05645,0.005645,12.030076513986588
1984,415727.3738420745,3400981.7927185036,zonal_sum,3158.6790256500244,12.241053031560584,0,0.0,external,3,1877.0,5.39,0.05645,0.005645,17.830743099794386
1985,415727.3738420745,3401481.7927185036,zonal_sum,867.3621399402618,11.161742292456799,0,0.0,external,3,1877.0,5.39,0.05645,0.005645,4.896259279962778
1986,416227.3738420745,3369981.7927185036,zonal_sum,115.9530211687088,4.277617971789003,0,0.0,external,3,1877.0,5.39,0.05645,0.005645,0.6545548044973611
1987,416227.3738420745,3370481.7927185036,zonal_sum,166.8765938282013,4.3217323473549145,0,0.0,external,3,1877.0,5.39,0.05645,0.005645,0.9420183721601962
1988,416227.3738420745,3370981.7927185036,zonal_sum,144.01682195067406,5.6645085192143885,0,0.0,external,3,1877.0,5.39,0.05645,0.005645,0.812974959911555
1989,416227.3738420745,3371481.7927185036,zonal_sum,162.48792345821857,8.394922551502878,0,0.0,external,3,1877.0,5.39,0.05645,0.005645,0.9172443279216438
1990,416227.3738420745,3371981.7927185036,zonal_sum,296.0494353622198,12.625318049123559,0,0.0,external,3,1877.0,5.39,0.05645,0.005645,1.6711990626197308
1991,416227.3738420745,3372481.7927185036,zonal_sum,917.2048192024231,11.951229858719834,0,0.0,external,3,1877.0,5.39,0.05645,0.005645,5.177621204397679
1992,416227.3738420745,3372981.7927185036,zonal_sum,627.8122726380825,8.501649664796199,0,0.0,external,3,1877.0,5.39,0.05645,0.005645,3.544000279041976
1993,416227.3738420745,3373481.7927185036,zonal_sum,140.37211564183235,7.758594629245607,0,0.0,external,3,1877.0,5.39,0.05645,0.005645,0.7924005927981436
1994,416227.3738420745,3373981.7927185036,zonal_sum,229.92186573892832,7.2294819806083,0,0.0,external,3,1877.0,5.39,0.05645,0.005645,1.2979089320962502
1995,416227.3738420745,3374481.7927185036,zonal_sum,141.12535466253757,6.972739207504522,0,0.0,external,3,1877.0,5.39,0.05645,0.005645,0.7966526270700246
1996,416227.3738420745,3374981.7927185036,zonal_sum,235.2530221939087,8.66226482993207,0,0.0,external,3,1877.0,5.39,0.05645,0.005645,1.3280033102846145
1997,416227.3738420745,3375481.7927185036,zonal_sum,187.23112764954567,10.21440406998686,0,0.0,external,3,1877.0,5.39,0.05645,0.005645,1.0569197155816852
1998,416227.3738420745,3375981.7927185036,zonal_sum,216.58384108543396,10.468257352314357,0,0.0,external,3,1877.0,5.39,0.05645,0.005645,1.2226157829272746
1999,416227.3738420745,3376481.7927185036,zonal_sum,124.09179639816284,10.036614307237102,0,0.0,external,3,1877.0,5.39,0.05645,0.005645,0.7004981906676292
2000,416227.3738420745,3376981.7927185036,zonal_sum,156.47005319595337,12.895189309678141,0,0.0,external,3,1877.0,5.39,0.05645,0.005645,0.8832734502911568
2001,416227.3738420745,3377481.7927185036,zonal_sum,274.7445060759783,14.601772195639377,0,0.0,external,3,1877.0,5.39,0.05645,0.005645,1.5509327367988974
2002,416227.3738420745,3377981.7927185036,zonal_sum,134.39388113468885,10.934507603975751,0,0.0,external,3,1877.0,5.39,0.05645,0.005645,0.7586534590053186
2003,416227.3738420745,3378481.7927185036,zonal_sum,660.4960877895355,8.892926430612485,0,0.0,external,3,1877.0,5.39,0.05645,0.005645,3.728500415571928
2004,416227.3738420745,3378981.7927185036,zonal_sum,364.32848596572876,8.346790567366495,0,0.0,external,3,1877.0,5.39,0.05645,0.005645,2.056634303276539
2005,416227.3738420745,3379481.7927185036,zonal_sum,244.9788686260581,8.043406859085355,0,0.0,external,3,1877.0,5.39,0.05645,0.005645,1.3829057133940978
2006,416227.3738420745,3379981.7927185036,zonal_sum,387.1828067302704,8.983080823388294,0,0.0,external,3,1877.0,5.39,0.05645,0.005645,2.1856469439923765
2007,416227.3738420745,3380481.7927185036,zonal_sum,46.980952739715576,9.121338351840825,0,0.0,external,3,1877.0,5.39,0.05645,0.005645,0.2652074782156944
2008,416227.3738420745,3380981.7927185036,zonal_sum,224.44185465574265,9.836591493228227,0,0.0,external,3,1877.0,5.39,0.05645,0.005645,1.2669742695316673
2009,416227.3738420745,3381481.7927185036,zonal_sum,286.9496076107025,12.110179151774046,0,0.0,external,3,1877.0,5.39,0.05645,0.005645,1.6198305349624156
2010,416227.3738420745,3381981.7927185036,zonal_sum,46.37768400833011,11.521159592653424,1,4.0,external,3,1877.0,5.39,0.05645,0.005645,0.2618020262270234
2011,416227.3738420745,3382481.7927185036,zonal_sum,425.705575466156,9.043246409792316,0,0.0,external,3,1877.0,5.39,0.05645,0.005645,2.4031079735064504
2012,416227.3738420745,3382981.7927185036,zonal_sum,272.85009002685547,9.051534950284259,0,0.0,external,3,1877.0,5.39,0.05645,0.005645,1.540238758201599
2013,416227.3738420745,3383481.7927185036,zonal_sum,96.35872685909271,10.025902113585776,0,0.0,external,3,1877.0,5.39,0.05645,0.005645,0.5439450131195783
2014,416227.3738420745,3383981.7927185036,zonal_sum,728.0058736801147,12.78687436688769,0,0.0,external,3,1877.0,5.39,0.05645,0.005645,4.109593156924247
2015,416227.3738420745,3384481.7927185036,zonal_sum,800.0504227131605,17.041879923363165,3,12.0,external,3,1877.0,5.39,0.05645,0.005645,4.516284636215791
2016,416227.3738420745,3384981.7927185036,zonal_sum,1134.9445366859436,25.438449738701145,0,0.0,external,0,2956.0,8.49,0.06033,0.006033,6.847120389826298
2017,416227.3738420745,3385481.7927185036,zonal_sum,1998.5785007476807,39.474356205208046,0,0.0,external,0,2956.0,8.49,0.06033,0.006033,12.057424095010758
2018,416227.3738420745,3385981.7927185036,zonal_sum,3767.0916299819946,49.913291684355926,0,0.0,external,4,8736.0,25.1,0.08655,0.008655,32.60417805749416
2019,416227.3738420745,3386481.7927185036,zonal_sum,6532.573661804199,42.34377365340963,26,104.0,external,2,5546.0,15.94,0.07085,0.007085,46.28328439388275
2020,416227.3738420745,3386981.7927185036,zonal_sum,5129.162149429321,36.6116848051017,28,112.0,external,2,5546.0,15.94,0.07085,0.007085,36.34011382870674
2021,416227.3738420745,3387481.7927185036,zonal_sum,5659.61329460144,43.05347185985327,30,120.0,external,2,5546.0,15.94,0.07085,0.007085,40.09836019225121
2022,416227.3738420745,3387981.7927185036,zonal_sum,4139.419156551361,46.1067217118686,25,100.0,external,2,5546.0,15.94,0.07085,0.007085,29.327784724166396
2023,416227.3738420745,3388481.7927185036,zonal_sum,1460.1365551948547,37.87737319345153,3,12.0,external,0,2956.0,8.49,0.06033,0.006033,8.80900383749056
2024,416227.3738420745,3388981.7927185036,zonal_sum,1366.8499126434326,41.79713817812465,2,8.0,external,4,8736.0,25.1,0.08655,0.008655,11.83008599392891
2025,416227.3738420745,3389481.7927185036,zonal_sum,2212.450708389282,38.64572355361936,2,8.0,external,0,2956.0,8.49,0.06033,0.006033,13.34771512371254
2026,416227.3738420745,3389981.7927185036,zonal_sum,3635.32901763916,32.18110964244839,6,24.0,external,1,4049.0,11.64,0.06455,0.006455,23.466048808860776
2027,416227.3738420745,3390481.7927185036,zonal_sum,4797.438472747803,25.67303464109174,5,20.0,external,0,2956.0,8.49,0.06033,0.006033,28.942946306087496
2028,416227.3738420745,3390981.7927185036,zonal_sum,3933.5242490768433,25.789501519761625,6,24.0,external,1,4049.0,11.64,0.06455,0.006455,25.390899027791022
2029,416227.3738420745,3391481.7927185036,zonal_sum,2771.0875363349915,21.594645801640066,4,16.0,external,3,1877.0,5.39,0.05645,0.005645,15.642789142611026
2030,416227.3738420745,3391981.7927185036,zonal_sum,3872.3211822509766,22.817209092016526,1,4.0,external,3,1877.0,5.39,0.05645,0.005645,21.859253073806762
2031,416227.3738420745,3392481.7927185036,zonal_sum,2532.136001586914,26.347254047153907,6,24.0,external,1,4049.0,11.64,0.06455,0.006455,16.34493789024353
2032,416227.3738420745,3392981.7927185036,zonal_sum,7050.640419006348,33.44745545597193,12,48.0,external,1,4049.0,11.64,0.06455,0.006455,45.51188390468597
2033,416227.3738420745,3393481.7927185036,zonal_sum,5767.112579345703,32.56542127099077,5,20.0,external,0,2956.0,8.49,0.06033,0.006033,34.79299019119263
2034,416227.3738420745,3393981.7927185036,zonal_sum,7516.891883850098,23.526016322124306,9,36.0,external,1,4049.0,11.64,0.06455,0.006455,48.52153711025238
2035,416227.3738420745,3394481.7927185036,zonal_sum,8280.086814880371,31.24815670562244,5,20.0,external,0,2956.0,8.49,0.06033,0.006033,49.95376375417328
2036,416227.3738420745,3394981.7927185036,zonal_sum,5502.2121925354,35.43691236646373,3,12.0,external,0,2956.0,8.49,0.06033,0.006033,33.19484615756607
2037,416227.3738420745,3395481.7927185036,zonal_sum,5490.017440795898,35.42120399507116,0,0.0,external,0,2956.0,8.49,0.06033,0.006033,33.12127522032166
2038,416227.3738420745,3395981.7927185036,zonal_sum,2539.928518295288,35.40186151579321,0,0.0,external,0,2956.0,8.49,0.06033,0.006033,15.323388750875473
2039,416227.3738420745,3396481.7927185036,zonal_sum,1221.0328521728516,32.33079715495175,0,0.0,external,0,2956.0,8.49,0.06033,0.006033,7.366491197158814
2040,416227.3738420745,3396981.7927185036,zonal_sum,767.1396598815918,26.841627192923525,1,4.0,external,0,2956.0,8.49,0.06033,0.006033,4.628153568065644
2041,416227.3738420745,3397481.7927185036,zonal_sum,1589.191593170166,30.706946852837287,0,0.0,external,0,2956.0,8.49,0.06033,0.006033,9.587592881595612
2042,416227.3738420745,3397981.7927185036,zonal_sum,826.7982180118561,32.964111670696774,0,0.0,external,0,2956.0,8.49,0.06033,0.006033,4.9880736492655275
2043,416227.3738420745,3398481.7927185036,zonal_sum,2766.5700340270996,30.43446750425286,0,0.0,external,0,2956.0,8.49,0.06033,0.006033,16.690717015285493
2044,416227.3738420745,3398981.7927185036,zonal_sum,3087.4024810791016,23.169967997509865,5,20.0,external,0,2956.0,8.49,0.06033,0.006033,18.62629916835022
2045,416227.3738420745,3399481.7927185036,zonal_sum,2566.3015480041504,18.5959755984492,0,0.0,external,3,1877.0,5.39,0.05645,0.005645,14.486772238483429
2046,416227.3738420745,3399981.7927185036,zonal_sum,610.2815475463867,13.898519124153172,0,0.0,external,3,1877.0,5.39,0.05645,0.005645,3.4450393358993527
2047,416227.3738420745,3400481.7927185036,zonal_sum,1501.0143775939941,13.79101350503404,0,0.0,external,3,1877.0,5.39,0.05645,0.005645,8.473226161518097
2048,416227.3738420745,3400981.7927185036,zonal_sum,1790.0559215545654,11.609282465032797,0,0.0,external,3,1877.0,5.39,0.05645,0.005645,10.104865677175521
2049,416227.3738420745,3401481.7927185036,zonal_sum,693.4416375160217,8.448955291352272,1,4.0,external,3,1877.0,5.39,0.05645,0.005645,3.9144780437779425
2050,416727.3738420745,3370481.7927185036,zonal_sum,160.54415798187256,4.2809301779950655,0,0.0,external,3,1877.0,5.39,0.05645,0.005645,0.9062717718076706
2051,416727.3738420745,3370981.7927185036,zonal_sum,120.77376028895378,5.382112096183021,0,0.0,external,3,1877.0,5.39,0.05645,0.005645,0.681767876831144
2052,416727.3738420745,3371481.7927185036,zonal_sum,270.4422036129981,8.875231753370166,6,24.0,external,3,1877.0,5.39,0.05645,0.005645,1.5266462393953744
2053,416727.3738420745,3371981.7927185036,zonal_sum,1571.6394395828247,13.846588841083229,0,0.0,external,3,1877.0,5.39,0.05645,0.005645,8.871904636445045
2054,416727.3738420745,3372481.7927185036,zonal_sum,2697.356714248657,12.817300038240164,1,4.0,external,3,1877.0,5.39,0.05645,0.005645,15.22657865193367
2055,416727.3738420745,3372981.7927185036,zonal_sum,1240.0109736323357,10.532430872082735,0,0.0,external,3,1877.0,5.39,0.05645,0.005645,6.999861946154534
2056,416727.3738420745,3373481.7927185036,zonal_sum,1074.4053147509694,14.03392196494773,3,12.0,external,3,1877.0,5.39,0.05645,0.005645,6.065018001769222
2057,416727.3738420745,3373981.7927185036,zonal_sum,557.3223897069693,12.872579014284701,1,4.0,external,3,1877.0,5.39,0.05645,0.005645,3.1460848898958416
2058,416727.3738420745,3374481.7927185036,zonal_sum,122.1062313169241,6.417782609583849,0,0.0,external,3,1877.0,5.39,0.05645,0.005645,0.6892896757840365
2059,416727.3738420745,3374981.7927185036,zonal_sum,91.1035446152091,6.301182277979949,0,0.0,external,3,1877.0,5.39,0.05645,0.005645,0.5142795093528554
2060,416727.3738420745,3375481.7927185036,zonal_sum,289.1005003452301,6.852004431044058,0,0.0,external,3,1877.0,5.39,0.05645,0.005645,1.6319723244488238
2061,416727.3738420745,3375981.7927185036,zonal_sum,291.9231963455677,6.98417272397248,0,0.0,external,3,1877.0,5.39,0.05645,0.005645,1.6479064433707296
2062,416727.3738420745,3376481.7927185036,zonal_sum,154.51248049736023,7.862833378878318,0,0.0,external,3,1877.0,5.39,0.05645,0.005645,0.8722229524075985
2063,416727.3738420745,3376981.7927185036,zonal_sum,287.9536152854562,12.109770479704018,0,0.0,external,3,1877.0,5.39,0.05645,0.005645,1.6254981582864
2064,416727.3738420745,3377481.7927185036,zonal_sum,155.27297285199165,13.55564530780256,0,0.0,external,3,1877.0,5.39,0.05645,0.005645,0.8765159317494928
2065,416727.3738420745,3377981.7927185036,zonal_sum,443.0948305130005,11.840582032007815,0,0.0,external,3,1877.0,5.39,0.05645,0.005645,2.5012703182458877
2066,416727.3738420745,3378481.7927185036,zonal_sum,606.2768611907959,9.678142798243424,0,0.0,external,3,1877.0,5.39,0.05645,0.005645,3.4224328814220426
2067,416727.3738420745,3378981.7927185036,zonal_sum,290.1036479473114,7.486852710091558,0,0.0,external,3,1877.0,5.39,0.05645,0.005645,1.637635092662573
2068,416727.3738420745,3379481.7927185036,zonal_sum,336.73912674188614,6.555275804407832,0,0.0,external,3,1877.0,5.39,0.05645,0.005645,1.9008923704579472
2069,416727.3738420745,3379981.7927185036,zonal_sum,105.05604973435402,7.387794117951519,0,0.0,external,3,1877.0,5.39,0.05645,0.005645,0.5930414007504284
2070,416727.3738420745,3380481.7927185036,zonal_sum,385.7539520263672,7.546698285338734,0,0.0,external,3,1877.0,5.39,0.05645,0.005645,2.1775810591888427
2071,416727.3738420745,3380981.7927185036,zonal_sum,315.66005301475525,7.533912811291091,0,0.0,external,3,1877.0,5.39,0.05645,0.005645,1.7819009992682933
2072,416727.3738420745,3381481.7927185036,zonal_sum,430.58621072769165,7.5264516001454345,0,0.0,external,3,1877.0,5.39,0.05645,0.005645,2.4306591595578193
2073,416727.3738420745,3381981.7927185036,zonal_sum,736.8316030502319,8.234780956850441,1,4.0,external,3,1877.0,5.39,0.05645,0.005645,4.1594143992185595
2074,416727.3738420745,3382481.7927185036,zonal_sum,616.5809292793274,8.513845233068814,0,0.0,external,3,1877.0,5.39,0.05645,0.005645,3.480599345781803
2075,416727.3738420745,3382981.7927185036,zonal_sum,681.6461296081543,8.086608146271843,3,12.0,external,3,1877.0,5.39,0.05645,0.005645,3.8478924016380307
2076,416727.3738420745,3383481.7927185036,zonal_sum,813.7769165039062,9.28534281074498,0,0.0,external,3,1877.0,5.39,0.05645,0.005645,4.593770693664551
2077,416727.3738420745,3383981.7927185036,zonal_sum,687.7663808912039,12.738316391554337,4,16.0,external,3,1877.0,5.39,0.05645,0.005645,3.8824412201308456
2078,416727.3738420745,3384481.7927185036,zonal_sum,1489.5439249277115,19.587966889884658,4,16.0,external,3,1877.0,5.39,0.05645,0.005645,8.408475456216932
2079,416727.3738420745,3384981.7927185036,zonal_sum,1186.6079556941986,30.61849089871181,3,12.0,external,0,2956.0,8.49,0.06033,0.006033,7.1588057967031
2080,416727.3738420745,3385481.7927185036,zonal_sum,4082.8030309677124,34.86324403621977,4,16.0,external,0,2956.0,8.49,0.06033,0.006033,24.63155068582821
2081,416727.3738420745,3385981.7927185036,zonal_sum,5926.265731811523,45.380120291659395,5,20.0,external,4,8736.0,25.1,0.08655,0.008655,51.29182990882873
2082,416727.3738420745,3386481.7927185036,zonal_sum,4825.96150970459,40.05235805897395,4,16.0,external,0,2956.0,8.49,0.06033,0.006033,29.11502578804779
2083,416727.3738420745,3386981.7927185036,zonal_sum,9182.839263916016,30.478784777727444,9,36.0,external,1,4049.0,11.64,0.06455,0.006455,59.27522744857788
2084,416727.3738420745,3387481.7927185036,zonal_sum,5305.982086181641,39.612351450094636,9,36.0,external,1,4049.0,11.64,0.06455,0.006455,34.25011436630249
2085,416727.3738420745,3387981.7927185036,zonal_sum,2645.821994304657,43.65813084206418,5,20.0,external,4,8736.0,25.1,0.08655,0.008655,22.899589360706806
2086,416727.3738420745,3388481.7927185036,zonal_sum,1594.769862651825,42.56834655943605,13,52.0,external,1,4049.0,11.64,0.06455,0.006455,10.29423946341753
2087,416727.3738420745,3388981.7927185036,zonal_sum,946.3864088058472,48.16662892017422,5,20.0,external,4,8736.0,25.1,0.08655,0.008655,8.190974368214606
2088,416727.3738420745,3389481.7927185036,zonal_sum,1300.7240190505981,46.62490674041009,0,0.0,external,4,8736.0,25.1,0.08655,0.008655,11.257766384882926
2089,416727.3738420745,3389981.7927185036,zonal_sum,4053.765396118164,37.44831689697018,0,0.0,external,0,2956.0,8.49,0.06033,0.006033,24.456366634780885
2090,416727.3738420745,3390481.7927185036,zonal_sum,2768.329294204712,27.618368521883212,0,0.0,external,0,2956.0,8.49,0.06033,0.006033,16.701330631937026
2091,416727.3738420745,3390981.7927185036,zonal_sum,3191.8849925994873,27.97825987582173,8,32.0,external,1,4049.0,11.64,0.06455,0.006455,20.60361762722969
2092,416727.3738420745,3391481.7927185036,zonal_sum,2253.640277862549,24.275411078972315,2,8.0,external,0,2956.0,8.49,0.06033,0.006033,13.596211796344758
2093,416727.3738420745,3391981.7927185036,zonal_sum,3206.1976833343506,22.060317640111958,8,32.0,external,1,4049.0,11.64,0.06455,0.006455,20.696006045923234
2094,416727.3738420745,3392481.7927185036,zonal_sum,4861.387847900391,21.897288169754226,0,0.0,external,3,1877.0,5.39,0.05645,0.005645,27.442534401397705
2095,416727.3738420745,3392981.7927185036,zonal_sum,7261.808532714844,25.43359866718753,12,48.0,external,1,4049.0,11.64,0.06455,0.006455,46.87497407867431
2096,416727.3738420745,3393481.7927185036,zonal_sum,4009.061492919922,32.85332087836414,0,0.0,external,0,2956.0,8.49,0.06033,0.006033,24.18666798678589
2097,416727.3738420745,3393981.7927185036,zonal_sum,6552.282806396484,29.860065305094363,11,44.0,external,1,4049.0,11.64,0.06455,0.006455,42.294985515289305
2098,416727.3738420745,3394481.7927185036,zonal_sum,5085.329658508301,25.16573185849688,5,20.0,external,0,2956.0,8.49,0.06033,0.006033,30.67979382978058
2099,416727.3738420745,3394981.7927185036,zonal_sum,4815.740909576416,30.34975815599477,1,4.0,external,0,2956.0,8.49,0.06033,0.006033,29.053364907474517
2100,416727.3738420745,3395481.7927185036,zonal_sum,4700.505077362061,38.518917043980345,1,4.0,external,0,2956.0,8.49,0.06033,0.006033,28.35814713172531
2101,416727.3738420745,3395981.7927185036,zonal_sum,1335.6895506381989,50.929138346861,0,0.0,external,4,8736.0,25.1,0.08655,0.008655,11.56039306077361
2102,416727.3738420745,3396481.7927185036,zonal_sum,672.9642190933228,46.02154633810041,0,0.0,external,4,8736.0,25.1,0.08655,0.008655,5.824505316252708
2103,416727.3738420745,3396981.7927185036,zonal_sum,488.80964255332947,32.49380439161044,0,0.0,external,0,2956.0,8.49,0.06033,0.006033,2.948988573524237
2104,416727.3738420745,3397481.7927185036,zonal_sum,329.18258990347385,27.59018075478335,0,0.0,external,0,2956.0,8.49,0.06033,0.006033,1.9859585648876579
2105,416727.3738420745,3397981.7927185036,zonal_sum,1990.1883654594421,28.650975172766856,0,0.0,external,0,2956.0,8.49,0.06033,0.006033,12.006806408816814
2106,416727.3738420745,3398481.7927185036,zonal_sum,3723.5236053466797,29.251078297410356,0,0.0,external,0,2956.0,8.49,0.06033,0.006033,22.46401791105652
2107,416727.3738420745,3398981.7927185036,zonal_sum,4394.073938369751,25.63007875069007,3,12.0,external,0,2956.0,8.49,0.06033,0.006033,26.509448070184707
2108,416727.3738420745,3399481.7927185036,zonal_sum,2941.474277496338,21.98615287880547,9,36.0,external,1,4049.0,11.64,0.06455,0.006455,18.98721646123886
2109,416727.3738420745,3399981.7927185036,zonal_sum,2130.105178833008,15.07110926843869,0,0.0,external,3,1877.0,5.39,0.05645,0.005645,12.024443734512328
2110,416727.3738420745,3400481.7927185036,zonal_sum,1485.1916818618774,12.41606042155236,0,0.0,external,3,1877.0,5.39,0.05645,0.005645,8.383907044110298
2111,416727.3738420745,3400981.7927185036,zonal_sum,922.8722224235535,9.715779639694489,1,4.0,external,3,1877.0,5.39,0.05645,0.005645,5.209613695580959
2112,417227.3738420745,3371981.7927185036,zonal_sum,1871.4132080078125,12.485485725502901,0,0.0,external,3,1877.0,5.39,0.05645,0.005645,10.5641275592041
2113,417227.3738420745,3372481.7927185036,zonal_sum,3341.97806930542,9.716313178198465,0,0.0,external,3,1877.0,5.39,0.05645,0.005645,18.865466201229093
2114,417227.3738420745,3372981.7927185036,zonal_sum,1947.2509384155273,11.584962296484726,1,4.0,external,3,1877.0,5.39,0.05645,0.005645,10.992231547355651
2115,417227.3738420745,3373481.7927185036,zonal_sum,2895.4911041259766,16.761842639238235,1,4.0,external,3,1877.0,5.39,0.05645,0.005645,16.345047282791136
2116,417227.3738420745,3373981.7927185036,zonal_sum,883.3423363566399,13.583670847695917,0,0.0,external,3,1877.0,5.39,0.05645,0.005645,4.986467488733232
2117,417227.3738420745,3374481.7927185036,zonal_sum,142.17538118362427,5.738184219481138,0,0.0,external,3,1877.0,5.39,0.05645,0.005645,0.8025800267815589
2118,417227.3738420745,3374981.7927185036,zonal_sum,204.95924830436707,5.375062826025629,0,0.0,external,3,1877.0,5.39,0.05645,0.005645,1.156994956678152
2119,417227.3738420745,3375481.7927185036,zonal_sum,184.70569896697998,5.805160608546137,0,0.0,external,3,1877.0,5.39,0.05645,0.005645,1.0426636706686019
2120,417227.3738420745,3375981.7927185036,zonal_sum,258.818678855896,5.764122288088145,0,0.0,external,3,1877.0,5.39,0.05645,0.005645,1.461031442141533
2121,417227.3738420745,3376481.7927185036,zonal_sum,123.26562029123306,6.759104047972959,0,0.0,external,3,1877.0,5.39,0.05645,0.005645,0.6958344265440106
2122,417227.3738420745,3376981.7927185036,zonal_sum,224.95417934656143,11.943123012958253,0,0.0,external,3,1877.0,5.39,0.05645,0.005645,1.2698663424113392
2123,417227.3738420745,3377481.7927185036,zonal_sum,315.09402069449425,13.982808552577852,0,0.0,external,3,1877.0,5.39,0.05645,0.005645,1.77870574682042
2124,417227.3738420745,3377981.7927185036,zonal_sum,1562.4059600830078,15.41366690305228,0,0.0,external,3,1877.0,5.39,0.05645,0.005645,8.819781644668579
2125,417227.3738420745,3378481.7927185036,zonal_sum,2100.7708468437195,14.60018677718993,0,0.0,external,3,1877.0,5.39,0.05645,0.005645,11.858851430432797
2126,417227.3738420745,3378981.7927185036,zonal_sum,138.11152920126915,7.566709899120645,0,0.0,external,3,1877.0,5.39,0.05645,0.005645,0.7796395823411644
2127,417227.3738420745,3379481.7927185036,zonal_sum,280.91709338128567,5.865371369176537,0,0.0,external,3,1877.0,5.39,0.05645,0.005645,1.5857769921373575
2128,417227.3738420745,3379981.7927185036,zonal_sum,399.3541755825281,7.328700903182113,0,0.0,external,3,1877.0,5.39,0.05645,0.005645,2.254354321163371
2129,417227.3738420745,3380481.7927185036,zonal_sum,1286.5816497802734,7.8239736058113785,0,0.0,external,3,1877.0,5.39,0.05645,0.005645,7.262753413009643
2130,417227.3738420745,3380981.7927185036,zonal_sum,521.397746026516,9.261462011849233,0,0.0,external,3,1877.0,5.39,0.05645,0.005645,2.9432902763196824
2131,417227.3738420745,3381481.7927185036,zonal_sum,1301.9356498718262,9.271382922619404,0,0.0,external,3,1877.0,5.39,0.05645,0.005645,7.349426743526458
2132,417227.3738420745,3381981.7927185036,zonal_sum,1145.3377685546875,9.19416064773697,0,0.0,external,3,1877.0,5.39,0.05645,0.005645,6.465431703491211
2133,417227.3738420745,3382481.7927185036,zonal_sum,220.81262254714966,8.266572781908575,1,4.0,external,3,1877.0,5.39,0.05645,0.005645,1.2464872542786598
2134,417227.3738420745,3382981.7927185036,zonal_sum,786.1492524147034,7.857260718949533,2,8.0,external,3,1877.0,5.39,0.05645,0.005645,4.4378125298810005
2135,417227.3738420745,3383481.7927185036,zonal_sum,838.5235261917114,8.82224046899395,0,0.0,external,3,1877.0,5.39,0.05645,0.005645,4.733465305352211
2136,417227.3738420745,3383981.7927185036,zonal_sum,1121.3995933532715,15.091775022590024,1,4.0,external,3,1877.0,5.39,0.05645,0.005645,6.330300704479217
2137,417227.3738420745,3384481.7927185036,zonal_sum,3180.803410768509,26.29742596517867,0,0.0,external,0,2956.0,8.49,0.06033,0.006033,19.189786977166413
2138,417227.3738420745,3384981.7927185036,zonal_sum,4383.488849639893,35.55069595023584,0,0.0,external,0,2956.0,8.49,0.06033,0.006033,26.445588229877472
2139,417227.3738420745,3385481.7927185036,zonal_sum,6602.454452514648,34.61793139335719,4,16.0,external,0,2956.0,8.49,0.06033,0.006033,39.832607712020874
2140,417227.3738420745,3385981.7927185036,zonal_sum,3013.0033054351807,38.051391062414,5,20.0,external,0,2956.0,8.49,0.06033,0.006033,18.177448941690447
2141,417227.3738420745,3386481.7927185036,zonal_sum,3082.244487762451,46.45112562523371,0,0.0,external,4,8736.0,25.1,0.08655,0.008655,26.676826041584015
2142,417227.3738420745,3386981.7927185036,zonal_sum,3979.7293906211853,45.699319200560495,6,24.0,external,4,8736.0,25.1,0.08655,0.008655,34.444557875826355
2143,417227.3738420745,3387481.7927185036,zonal_sum,3395.171506881714,41.1622876982891,3,12.0,external,4,8736.0,25.1,0.08655,0.008655,29.38520939206123
2144,417227.3738420745,3387981.7927185036,zonal_sum,4985.173812866211,39.76287768707297,6,24.0,external,1,4049.0,11.64,0.06455,0.006455,32.17929696205139
2145,417227.3738420745,3388481.7927185036,zonal_sum,1426.8108463287354,35.87532265276016,4,16.0,external,0,2956.0,8.49,0.06033,0.006033,8.60794983590126
2146,417227.3738420745,3388981.7927185036,zonal_sum,967.1678488175385,40.46033306054295,6,24.0,external,1,4049.0,11.64,0.06455,0.006455,6.2430684641172105
2147,417227.3738420745,3389481.7927185036,zonal_sum,1233.417000412941,41.78301833929022,6,24.0,external,4,8736.0,25.1,0.08655,0.008655,10.675224138574004
2148,417227.3738420745,3389981.7927185036,zonal_sum,3288.1686973571777,37.55184531498652,9,36.0,external,1,4049.0,11.64,0.06455,0.006455,21.22512894144058
2149,417227.3738420745,3390481.7927185036,zonal_sum,7856.99787902832,30.094709278400806,10,40.0,external,1,4049.0,11.64,0.06455,0.006455,50.716921309127805
2150,417227.3738420745,3390981.7927185036,zonal_sum,3592.481081008911,29.600374763002684,25,100.0,external,2,5546.0,15.94,0.07085,0.007085,25.452728458948137
2151,417227.3738420745,3391481.7927185036,zonal_sum,4579.72084236145,25.702626027796548,3,12.0,external,0,2956.0,8.49,0.06033,0.006033,27.629455841966628
2152,417227.3738420745,3391981.7927185036,zonal_sum,2716.829637527466,19.52985079525001,1,4.0,external,3,1877.0,5.39,0.05645,0.005645,15.336503303842544
2153,417227.3738420745,3392481.7927185036,zonal_sum,3158.8387546539307,17.488439386616204,3,12.0,external,3,1877.0,5.39,0.05645,0.005645,17.831644770021438
2154,417227.3738420745,3392981.7927185036,zonal_sum,5880.290664672852,16.905726148711718,0,0.0,external,3,1877.0,5.39,0.05645,0.005645,33.19424080207825
2155,417227.3738420745,3393481.7927185036,zonal_sum,5639.189613342285,23.030296971635345,0,0.0,external,3,1877.0,5.39,0.05645,0.005645,31.833225367317198
2156,417227.3738420745,3393981.7927185036,zonal_sum,5772.73717880249,28.49670291909684,6,24.0,external,1,4049.0,11.64,0.06455,0.006455,37.26301848917007
2157,417227.3738420745,3394481.7927185036,zonal_sum,5761.55241394043,25.626195507934295,0,0.0,external,0,2956.0,8.49,0.06033,0.006033,34.75944571330261
2158,417227.3738420745,3394981.7927185036,zonal_sum,6126.427070617676,29.686704252467447,11,44.0,external,1,4049.0,11.64,0.06455,0.006455,39.5460867408371
2159,417227.3738420745,3395481.7927185036,zonal_sum,4014.3454055786133,38.41439862418841,1,4.0,external,0,2956.0,8.49,0.06033,0.006033,24.218545831855774
2160,417227.3738420745,3395981.7927185036,zonal_sum,1200.3625206947327,46.97297246718996,5,20.0,external,4,8736.0,25.1,0.08655,0.008655,10.38913761661291
2161,417227.3738420745,3396481.7927185036,zonal_sum,821.5662848949432,37.811709045391446,0,0.0,external,0,2956.0,8.49,0.06033,0.006033,4.956509396771192
2162,417227.3738420745,3396981.7927185036,zonal_sum,470.50380516052246,23.339333904269115,0,0.0,external,3,1877.0,5.39,0.05645,0.005645,2.655993980131149
2163,417227.3738420745,3397481.7927185036,zonal_sum,149.3259401023388,17.991743487151357,0,0.0,external,3,1877.0,5.39,0.05645,0.005645,0.8429449318777025
2164,417227.3738420745,3397981.7927185036,zonal_sum,662.4107823371887,22.585241611663147,3,12.0,external,3,1877.0,5.39,0.05645,0.005645,3.73930886629343
2165,417227.3738420745,3398481.7927185036,zonal_sum,1632.6689310073853,24.103344942878582,0,0.0,external,0,2956.0,8.49,0.06033,0.006033,9.849891660767556
2166,417227.3738420745,3398981.7927185036,zonal_sum,2945.846996307373,18.231370959445776,1,4.0,external,3,1877.0,5.39,0.05645,0.005645,16.62930629415512
2167,417227.3738420745,3399481.7927185036,zonal_sum,2592.628973007202,18.43885122674062,0,0.0,external,3,1877.0,5.39,0.05645,0.005645,14.635390552625656
2168,417227.3738420745,3399981.7927185036,zonal_sum,3203.76997756958,16.612886377583973,6,24.0,external,3,1877.0,5.39,0.05645,0.005645,18.085281523380278
2169,417227.3738420745,3400481.7927185036,zonal_sum,1027.0991140455008,11.789235801019249,2,8.0,external,3,1877.0,5.39,0.05645,0.005645,5.797974498786852
2170,417727.3738420745,3373981.7927185036,zonal_sum,101.37934970855713,8.679692345982803,0,0.0,external,3,1877.0,5.39,0.05645,0.005645,0.572286429104805
2171,417727.3738420745,3374481.7927185036,zonal_sum,140.00710821151733,4.930910742333437,0,0.0,external,3,1877.0,5.39,0.05645,0.005645,0.7903401258540154
2172,417727.3738420745,3374981.7927185036,zonal_sum,97.66231620311737,5.050346035697106,0,0.0,external,3,1877.0,5.39,0.05645,0.005645,0.5513037749665975
2173,417727.3738420745,3375481.7927185036,zonal_sum,209.7292404472828,5.362696392056356,0,0.0,external,3,1877.0,5.39,0.05645,0.005645,1.1839215623249113
2174,417727.3738420745,3375981.7927185036,zonal_sum,301.7252151966095,5.737217445346085,0,0.0,external,3,1877.0,5.39,0.05645,0.005645,1.7032388397848606
2175,417727.3738420745,3376481.7927185036,zonal_sum,466.3928301334381,7.4977474568620455,0,0.0,external,3,1877.0,5.39,0.05645,0.005645,2.6327875261032583
2176,417727.3738420745,3376981.7927185036,zonal_sum,196.24302831292152,12.072858334753436,0,0.0,external,3,1877.0,5.39,0.05645,0.005645,1.107791894826442
2177,417727.3738420745,3377481.7927185036,zonal_sum,393.6416120380163,14.412095530684653,0,0.0,external,3,1877.0,5.39,0.05645,0.005645,2.222106899954602
2178,417727.3738420745,3377981.7927185036,zonal_sum,962.3561511039734,15.119719501287628,0,0.0,external,3,1877.0,5.39,0.05645,0.005645,5.432500472981929
2179,417727.3738420745,3378481.7927185036,zonal_sum,733.8605213165283,12.98217461089174,0,0.0,external,3,1877.0,5.39,0.05645,0.005645,4.142642642831802
2180,417727.3738420745,3378981.7927185036,zonal_sum,546.1295399665833,7.495562964431538,0,0.0,external,3,1877.0,5.39,0.05645,0.005645,3.082901253111362
2181,417727.3738420745,3379481.7927185036,zonal_sum,627.3087882995605,6.586564053533996,0,0.0,external,3,1877.0,5.39,0.05645,0.005645,3.541158109951019
2182,417727.3738420745,3379981.7927185036,zonal_sum,561.299090385437,7.336943195209321,0,0.0,external,3,1877.0,5.39,0.05645,0.005645,3.168533365225792
2183,417727.3738420745,3380481.7927185036,zonal_sum,2184.918581008911,8.403923566005187,0,0.0,external,3,1877.0,5.39,0.05645,0.005645,12.333865389795303
2184,417727.3738420745,3380981.7927185036,zonal_sum,2523.2954483032227,9.82333417171092,0,0.0,external,3,1877.0,5.39,0.05645,0.005645,14.244002805671691
2185,417727.3738420745,3381481.7927185036,zonal_sum,1579.1019716262817,9.946952522682974,0,0.0,external,3,1877.0,5.39,0.05645,0.005645,8.91403062983036
2186,417727.3738420745,3381981.7927185036,zonal_sum,255.93755216896534,8.273774353904994,0,0.0,external,3,1877.0,5.39,0.05645,0.005645,1.4447674819938092
2187,417727.3738420745,3382481.7927185036,zonal_sum,158.13678210228682,8.569644389928376,2,8.0,external,3,1877.0,5.39,0.05645,0.005645,0.892682134967409
2188,417727.3738420745,3382981.7927185036,zonal_sum,785.5629196166992,7.907144268667679,2,8.0,external,3,1877.0,5.39,0.05645,0.005645,4.434502681236267
2189,417727.3738420745,3383481.7927185036,zonal_sum,925.9336323738098,13.078897824403029,1,4.0,external,3,1877.0,5.39,0.05645,0.005645,5.226895354750156
2190,417727.3738420745,3383981.7927185036,zonal_sum,785.7463919520378,26.289990636705642,0,0.0,external,0,2956.0,8.49,0.06033,0.006033,4.740407982646644
2191,417727.3738420745,3384481.7927185036,zonal_sum,1736.2359375953674,38.07246643159836,2,8.0,external,0,2956.0,8.49,0.06033,0.006033,10.474711411512851
2192,417727.3738420745,3384981.7927185036,zonal_sum,4242.23868560791,39.65930546993897,25,100.0,external,2,5546.0,15.94,0.07085,0.007085,30.056261087532043
2193,417727.3738420745,3385481.7927185036,zonal_sum,6537.620655059814,36.77963816173926,8,32.0,external,1,4049.0,11.64,0.06455,0.006455,42.2003413284111
2194,417727.3738420745,3385981.7927185036,zonal_sum,998.7710294723511,35.06223720416173,4,16.0,external,0,2956.0,8.49,0.06033,0.006033,6.0255856208066945
2195,417727.3738420745,3386481.7927185036,zonal_sum,3120.0747966766357,51.46907233867195,3,12.0,external,4,8736.0,25.1,0.08655,0.008655,27.00424736523628
2196,417727.3738420745,3386981.7927185036,zonal_sum,4139.490745544434,48.85642139659223,4,16.0,external,4,8736.0,25.1,0.08655,0.008655,35.82729240268707
2197,417727.3738420745,3387481.7927185036,zonal_sum,1704.6475372314453,46.17445480095866,0,0.0,external,4,8736.0,25.1,0.08655,0.008655,14.753724434738158
2198,417727.3738420745,3387981.7927185036,zonal_sum,3560.322219848633,34.315887895232414,0,0.0,external,0,2956.0,8.49,0.06033,0.006033,21.479423952346803
2199,417727.3738420745,3388481.7927185036,zonal_sum,1896.2199363708496,33.12930558513225,0,0.0,external,0,2956.0,8.49,0.06033,0.006033,11.439894876125337
2200,417727.3738420745,3388981.7927185036,zonal_sum,1790.7944954894483,35.05643730040421,5,20.0,external,0,2956.0,8.49,0.06033,0.006033,10.803863191287842
2201,417727.3738420745,3389481.7927185036,zonal_sum,2940.8734737038612,34.15339775344258,3,12.0,external,0,2956.0,8.49,0.06033,0.006033,17.742289666855395
2202,417727.3738420745,3389981.7927185036,zonal_sum,2150.3768606185913,30.42013606714264,3,12.0,external,0,2956.0,8.49,0.06033,0.006033,12.973223600111961
2203,417727.3738420745,3390481.7927185036,zonal_sum,3902.699263572693,25.033056614559037,5,20.0,external,0,2956.0,8.49,0.06033,0.006033,23.544984657134055
2204,417727.3738420745,3390981.7927185036,zonal_sum,4058.2515830993652,22.677671643652566,0,0.0,external,3,1877.0,5.39,0.05645,0.005645,22.908830186595917
2205,417727.3738420745,3391481.7927185036,zonal_sum,6711.617546081543,21.86395585041309,18,72.0,external,1,4049.0,11.64,0.06455,0.006455,43.323491259956356
2206,417727.3738420745,3391981.7927185036,zonal_sum,5561.21110534668,17.792787571221854,14,56.0,external,1,4049.0,11.64,0.06455,0.006455,35.89761768501282
2207,417727.3738420745,3392481.7927185036,zonal_sum,1535.43111038208,15.817799207670591,8,32.0,external,3,1877.0,5.39,0.05645,0.005645,8.667508618106842
2208,417727.3738420745,3392981.7927185036,zonal_sum,4334.258613586426,15.810232049335424,9,36.0,external,1,4049.0,11.64,0.06455,0.006455,27.97763935070038
2209,417727.3738420745,3393481.7927185036,zonal_sum,5144.986473083496,18.625867784741068,2,8.0,external,3,1877.0,5.39,0.05645,0.005645,29.043448640556335
2210,417727.3738420745,3393981.7927185036,zonal_sum,3781.0595750808716,22.3694990640065,8,32.0,external,1,4049.0,11.64,0.06455,0.006455,24.406739557147024
2211,417727.3738420745,3394481.7927185036,zonal_sum,2927.5909118652344,25.989765230779085,3,12.0,external,0,2956.0,8.49,0.06033,0.006033,17.66215597128296
2212,417727.3738420745,3394981.7927185036,zonal_sum,4093.591075897217,30.367331834671504,2,8.0,external,0,2956.0,8.49,0.06033,0.006033,24.69663496088791
2213,417727.3738420745,3395481.7927185036,zonal_sum,2792.6701555252075,33.9790668207171,2,8.0,external,0,2956.0,8.49,0.06033,0.006033,16.848179048283576
2214,417727.3738420745,3395981.7927185036,zonal_sum,1688.7634449005127,34.87387234838635,0,0.0,external,0,2956.0,8.49,0.06033,0.006033,10.188309863084793
2215,417727.3738420745,3396481.7927185036,zonal_sum,1029.407943725586,28.340008504630152,0,0.0,external,0,2956.0,8.49,0.06033,0.006033,6.21041812449646
2216,417727.3738420745,3396981.7927185036,zonal_sum,297.4456539154053,18.695735677798325,0,0.0,external,3,1877.0,5.39,0.05645,0.005645,1.6790807163524628
2217,417727.3738420745,3397481.7927185036,zonal_sum,358.8024334907532,17.974649300041225,1,4.0,external,3,1877.0,5.39,0.05645,0.005645,2.0254397370553017
2218,417727.3738420745,3397981.7927185036,zonal_sum,280.3031611442566,24.11217634086204,0,0.0,external,0,2956.0,8.49,0.06033,0.006033,1.6910689711833
2219,417727.3738420745,3398481.7927185036,zonal_sum,1189.0831978321075,21.566804171537107,1,4.0,external,3,1877.0,5.39,0.05645,0.005645,6.7123746517622465
2220,417727.3738420745,3398981.7927185036,zonal_sum,2129.71196269989,13.810860516785327,0,0.0,external,3,1877.0,5.39,0.05645,0.005645,12.02222402944088
2221,417727.3738420745,3399481.7927185036,zonal_sum,129.49016189575195,16.00142865958347,0,0.0,external,3,1877.0,5.39,0.05645,0.005645,0.7309719639015198
2222,417727.3738420745,3399981.7927185036,zonal_sum,229.58338141441345,19.016029519490253,0,0.0,external,3,1877.0,5.39,0.05645,0.005645,1.2959981880843638
2223,417727.3738420745,3400481.7927185036,zonal_sum,754.0977358818054,17.430971820704354,8,32.0,external,1,4049.0,11.64,0.06455,0.006455,4.867700885117054
2224,418227.3738420745,3375981.7927185036,zonal_sum,192.89250338077545,9.748213357537288,0,0.0,external,3,1877.0,5.39,0.05645,0.005645,1.0888781815844775
2225,418227.3738420745,3376481.7927185036,zonal_sum,237.87518706917763,10.904467129963537,0,0.0,external,3,1877.0,5.39,0.05645,0.005645,1.3428054310055078
2226,418227.3738420745,3376981.7927185036,zonal_sum,848.061149597168,12.333298678033007,0,0.0,external,3,1877.0,5.39,0.05645,0.005645,4.7873051894760135
2227,418227.3738420745,3377481.7927185036,zonal_sum,2188.9222230911255,13.879884831676419,0,0.0,external,3,1877.0,5.39,0.05645,0.005645,12.356465949349403
2228,418227.3738420745,3377981.7927185036,zonal_sum,827.2189082950354,11.324271584446379,0,0.0,external,3,1877.0,5.39,0.05645,0.005645,4.669650737325474
2229,418227.3738420745,3378481.7927185036,zonal_sum,421.9279129654169,8.189947551015905,0,0.0,external,3,1877.0,5.39,0.05645,0.005645,2.3817830686897783
2230,418227.3738420745,3378981.7927185036,zonal_sum,304.94360399246216,7.10796462663977,0,0.0,external,3,1877.0,5.39,0.05645,0.005645,1.7214066445374487
2231,418227.3738420745,3379481.7927185036,zonal_sum,499.8249373435974,7.159635584340776,0,0.0,external,3,1877.0,5.39,0.05645,0.005645,2.8215117713046074
2232,418227.3738420745,3379981.7927185036,zonal_sum,262.11584451794624,7.192257801502422,0,0.0,external,3,1877.0,5.39,0.05645,0.005645,1.4796439423038066
2233,418227.3738420745,3380481.7927185036,zonal_sum,407.3698310852051,9.077668191818022,0,0.0,external,3,1877.0,5.39,0.05645,0.005645,2.299602696475983
2234,418227.3738420745,3380981.7927185036,zonal_sum,812.9419095516205,9.338846834904363,0,0.0,external,3,1877.0,5.39,0.05645,0.005645,4.589057079418898
2235,418227.3738420745,3381481.7927185036,zonal_sum,867.9405255317688,9.322118300416093,0,0.0,external,3,1877.0,5.39,0.05645,0.005645,4.899524266626835
2236,418227.3738420745,3381981.7927185036,zonal_sum,251.75688967108727,8.22622352320548,0,0.0,external,3,1877.0,5.39,0.05645,0.005645,1.4211676421932875
2237,418227.3738420745,3382481.7927185036,zonal_sum,230.9587513357401,8.071586678738297,1,4.0,external,3,1877.0,5.39,0.05645,0.005645,1.3037621512902529
2238,418227.3738420745,3382981.7927185036,zonal_sum,1042.594609260559,10.635102570130469,1,4.0,external,3,1877.0,5.39,0.05645,0.005645,5.885446569275856
2239,418227.3738420745,3383481.7927185036,zonal_sum,1791.8680725097656,21.910999938504926,0,0.0,external,3,1877.0,5.39,0.05645,0.005645,10.115095269317626
2240,418227.3738420745,3383981.7927185036,zonal_sum,3507.8040504455566,40.55574647756407,6,24.0,external,1,4049.0,11.64,0.06455,0.006455,22.642875145626068
2241,418227.3738420745,3384481.7927185036,zonal_sum,2753.1687049865723,45.91973009791342,1,4.0,external,4,8736.0,25.1,0.08655,0.008655,23.82867514165878
2242,418227.3738420745,3384981.7927185036,zonal_sum,2877.7311113476753,42.27346037153309,11,44.0,external,1,4049.0,11.64,0.06455,0.006455,18.575754323749244
2243,418227.3738420745,3385481.7927185036,zonal_sum,3677.739164352417,40.94116933487728,4,16.0,external,4,8736.0,25.1,0.08655,0.008655,31.830832467470167
2244,418227.3738420745,3385981.7927185036,zonal_sum,2981.478895187378,51.706711426387784,6,24.0,external,4,8736.0,25.1,0.08655,0.008655,25.804699837846755
2245,418227.3738420745,3386481.7927185036,zonal_sum,2903.1074600219727,49.18478780057823,8,32.0,external,4,8736.0,25.1,0.08655,0.008655,25.126395066490172
2246,418227.3738420745,3386981.7927185036,zonal_sum,2647.18088388443,41.32007092741422,0,0.0,external,0,2956.0,8.49,0.06033,0.006033,15.970442272474767
2247,418227.3738420745,3387481.7927185036,zonal_sum,3983.8695755004883,27.653842842986936,1,4.0,external,0,2956.0,8.49,0.06033,0.006033,24.034685148994445
2248,418227.3738420745,3387981.7927185036,zonal_sum,5886.55867767334,25.489393471791214,0,0.0,external,0,2956.0,8.49,0.06033,0.006033,35.51360850240326
2249,418227.3738420745,3388481.7927185036,zonal_sum,4744.395288467407,30.91181589552188,1,4.0,external,0,2956.0,8.49,0.06033,0.006033,28.62293677532387
2250,418227.3738420745,3388981.7927185036,zonal_sum,4552.350487709045,33.69551743002612,8,32.0,external,1,4049.0,11.64,0.06455,0.006455,29.385422398161886
2251,418227.3738420745,3389481.7927185036,zonal_sum,3868.548969268799,30.439207815498275,5,20.0,external,0,2956.0,8.49,0.06033,0.006033,23.338955931598665
2252,418227.3738420745,3389981.7927185036,zonal_sum,2528.326428413391,27.282999789941318,0,0.0,external,0,2956.0,8.49,0.06033,0.006033,15.253393342617988
2253,418227.3738420745,3390481.7927185036,zonal_sum,2111.9451389312744,21.790654278525608,0,0.0,external,3,1877.0,5.39,0.05645,0.005645,11.921930309267044
2254,418227.3738420745,3390981.7927185036,zonal_sum,2345.17022895813,19.898866859817687,0,0.0,external,3,1877.0,5.39,0.05645,0.005645,13.238485942468643
2255,418227.3738420745,3391481.7927185036,zonal_sum,2340.2618923187256,21.0377440209035,2,8.0,external,3,1877.0,5.39,0.05645,0.005645,13.210778382139205
2256,418227.3738420745,3391981.7927185036,zonal_sum,3290.5606689453125,18.71178235003783,14,56.0,external,1,4049.0,11.64,0.06455,0.006455,21.240569118041993
2257,418227.3738420745,3392481.7927185036,zonal_sum,1087.102596282959,15.746157482116491,0,0.0,external,3,1877.0,5.39,0.05645,0.005645,6.136694156017303
2258,418227.3738420745,3392981.7927185036,zonal_sum,2558.1241643428802,14.88150480885489,7,28.0,external,3,1877.0,5.39,0.05645,0.005645,14.440610907715559
2259,418227.3738420745,3393481.7927185036,zonal_sum,1207.348669052124,15.383309836441253,0,0.0,external,3,1877.0,5.39,0.05645,0.005645,6.81548323679924
2260,418227.3738420745,3393981.7927185036,zonal_sum,3465.0280141830444,19.534194947420918,2,8.0,external,3,1877.0,5.39,0.05645,0.005645,19.560083140063284
2261,418227.3738420745,3394481.7927185036,zonal_sum,1720.127712726593,24.905328942300034,3,12.0,external,0,2956.0,8.49,0.06033,0.006033,10.377530490879536
2262,418227.3738420745,3394981.7927185036,zonal_sum,794.7219128608704,28.81578674460467,0,0.0,external,0,2956.0,8.49,0.06033,0.006033,4.794557300289631
2263,418227.3738420745,3395481.7927185036,zonal_sum,1648.2416815757751,30.023782606615384,0,0.0,external,0,2956.0,8.49,0.06033,0.006033,9.943842064946653
2264,418227.3738420745,3395981.7927185036,zonal_sum,1913.2209749221802,25.054699221777717,0,0.0,external,0,2956.0,8.49,0.06033,0.006033,11.542462141705514
2265,418227.3738420745,3396481.7927185036,zonal_sum,1024.2872166633606,17.98032235440677,0,0.0,external,3,1877.0,5.39,0.05645,0.005645,5.78210133806467
2266,418227.3738420745,3396981.7927185036,zonal_sum,540.5535821914673,18.191783472076064,0,0.0,external,3,1877.0,5.39,0.05645,0.005645,3.0514249714708326
2267,418227.3738420745,3397481.7927185036,zonal_sum,416.3674808740616,22.8222232372558,0,0.0,external,3,1877.0,5.39,0.05645,0.005645,2.3503944295340777
2268,418227.3738420745,3397981.7927185036,zonal_sum,365.59840083122253,26.397909373975196,0,0.0,external,0,2956.0,8.49,0.06033,0.006033,2.205655152214766
2269,418227.3738420745,3398481.7927185036,zonal_sum,916.7776066064835,22.149404003538272,1,4.0,external,3,1877.0,5.39,0.05645,0.005645,5.175209589293599
2270,418227.3738420745,3398981.7927185036,zonal_sum,1524.7302123904228,17.233141474051333,0,0.0,external,3,1877.0,5.39,0.05645,0.005645,8.607102048943936
2271,418227.3738420745,3399481.7927185036,zonal_sum,212.64719152450562,13.673357665813553,0,0.0,external,3,1877.0,5.39,0.05645,0.005645,1.2003933961558342
2272,418227.3738420745,3399981.7927185036,zonal_sum,161.63469971716404,14.386390948057516,0,0.0,external,3,1877.0,5.39,0.05645,0.005645,0.912427879903391
2273,418727.3738420745,3377981.7927185036,zonal_sum,370.96678256988525,8.37769202299909,0,0.0,external,3,1877.0,5.39,0.05645,0.005645,2.094107487607002
2274,418727.3738420745,3378481.7927185036,zonal_sum,273.3572611808777,6.820582575726908,0,0.0,external,3,1877.0,5.39,0.05645,0.005645,1.5431017393660544
2275,418727.3738420745,3378981.7927185036,zonal_sum,501.6363363265991,6.467438209176492,0,0.0,external,3,1877.0,5.39,0.05645,0.005645,2.831737118563652
2276,418727.3738420745,3379481.7927185036,zonal_sum,281.29473654925823,7.122105798048654,0,0.0,external,3,1877.0,5.39,0.05645,0.005645,1.5879087878205627
2277,418727.3738420745,3379981.7927185036,zonal_sum,181.50529289245605,9.171202842387554,0,0.0,external,3,1877.0,5.39,0.05645,0.005645,1.0245973783779143
2278,418727.3738420745,3380481.7927185036,zonal_sum,335.0248694419861,11.462677639108179,0,0.0,external,3,1877.0,5.39,0.05645,0.005645,1.8912153880000113
2279,418727.3738420745,3380981.7927185036,zonal_sum,1017.1614646911621,10.2911529808161,0,0.0,external,3,1877.0,5.39,0.05645,0.005645,5.74187646818161
2280,418727.3738420745,3381481.7927185036,zonal_sum,1222.5837473869324,9.018643589603709,1,4.0,external,3,1877.0,5.39,0.05645,0.005645,6.901485253999233
2281,418727.3738420745,3381981.7927185036,zonal_sum,920.6485290527344,8.058643202675631,0,0.0,external,3,1877.0,5.39,0.05645,0.005645,5.197060946502686
2282,418727.3738420745,3382481.7927185036,zonal_sum,790.7593908309937,8.119001138190372,1,4.0,external,3,1877.0,5.39,0.05645,0.005645,4.463836761240959
2283,418727.3738420745,3382981.7927185036,zonal_sum,889.9848746061325,11.891695220635524,0,0.0,external,3,1877.0,5.39,0.05645,0.005645,5.023964617151618
2284,418727.3738420745,3383481.7927185036,zonal_sum,1605.3664665222168,23.68809666764396,1,4.0,external,0,2956.0,8.49,0.06033,0.006033,9.685175892528534
2285,418727.3738420745,3383981.7927185036,zonal_sum,3112.9234199523926,38.166081260408575,3,12.0,external,0,2956.0,8.49,0.06033,0.006033,18.780266992572784
2286,418727.3738420745,3384481.7927185036,zonal_sum,2723.8386631011963,44.18428738977963,5,20.0,external,4,8736.0,25.1,0.08655,0.008655,23.57482362914085
2287,418727.3738420745,3384981.7927185036,zonal_sum,1257.38327562809,44.249159603005154,1,4.0,external,4,8736.0,25.1,0.08655,0.008655,10.882652250561117
2288,418727.3738420745,3385481.7927185036,zonal_sum,933.4299302101135,46.562151129841254,3,12.0,external,4,8736.0,25.1,0.08655,0.008655,8.078836045968533
2289,418727.3738420745,3385981.7927185036,zonal_sum,3231.489797592163,45.872487049574794,16,64.0,external,1,4049.0,11.64,0.06455,0.006455,20.859266643457413
2290,418727.3738420745,3386481.7927185036,zonal_sum,3105.6867141723633,39.728179638769454,14,56.0,external,1,4049.0,11.64,0.06455,0.006455,20.047207739982603
2291,418727.3738420745,3386981.7927185036,zonal_sum,2862.8200826644897,23.162170190339676,0,0.0,external,3,1877.0,5.39,0.05645,0.005645,16.160619366641043
2292,418727.3738420745,3387481.7927185036,zonal_sum,3790.2497425079346,15.759638778639468,0,0.0,external,3,1877.0,5.39,0.05645,0.005645,21.39595979645729
2293,418727.3738420745,3387981.7927185036,zonal_sum,5074.245079040527,18.9517994296684,0,0.0,external,3,1877.0,5.39,0.05645,0.005645,28.644113471183775
2294,418727.3738420745,3388481.7927185036,zonal_sum,6818.588973999023,27.249347463384094,4,16.0,external,0,2956.0,8.49,0.06033,0.006033,41.13654728013611
2295,418727.3738420745,3388981.7927185036,zonal_sum,6964.499046325684,34.17760563885382,22,88.0,external,2,5546.0,15.94,0.07085,0.007085,49.34347574321747
2296,418727.3738420745,3389481.7927185036,zonal_sum,3046.292468547821,33.49048762275881,2,8.0,external,0,2956.0,8.49,0.06033,0.006033,18.378282462749006
2297,418727.3738420745,3389981.7927185036,zonal_sum,1881.4244751930237,32.1518264636744,0,0.0,external,0,2956.0,8.49,0.06033,0.006033,11.350633858839512
2298,418727.3738420745,3390481.7927185036,zonal_sum,4468.641355514526,29.8385469501918,0,0.0,external,0,2956.0,8.49,0.06033,0.006033,26.95931329781914
2299,418727.3738420745,3390981.7927185036,zonal_sum,4486.385948181152,28.043123325943476,4,16.0,external,0,2956.0,8.49,0.06033,0.006033,27.06636642537689
2300,418727.3738420745,3391481.7927185036,zonal_sum,3076.5984859466553,22.623896047487055,0,0.0,external,3,1877.0,5.39,0.05645,0.005645,17.367398453168867
2301,418727.3738420745,3391981.7927185036,zonal_sum,1080.4989948272705,15.386288747750143,0,0.0,external,3,1877.0,5.39,0.05645,0.005645,6.099416825799942
2302,418727.3738420745,3392481.7927185036,zonal_sum,1328.7903327941895,12.194096440956635,0,0.0,external,3,1877.0,5.39,0.05645,0.005645,7.501021428623199
2303,418727.3738420745,3392981.7927185036,zonal_sum,1377.2990548610687,11.674095843485887,1,4.0,external,3,1877.0,5.39,0.05645,0.005645,7.774853164690732
2304,418727.3738420745,3393481.7927185036,zonal_sum,467.48452711105347,14.778205999481893,0,0.0,external,3,1877.0,5.39,0.05645,0.005645,2.6389501555418966
2305,418727.3738420745,3393981.7927185036,zonal_sum,740.7493844032288,19.750767576986995,0,0.0,external,3,1877.0,5.39,0.05645,0.005645,4.181530274956226
2306,418727.3738420745,3394481.7927185036,zonal_sum,1063.3950290679932,23.44735863439987,1,4.0,external,3,1877.0,5.39,0.05645,0.005645,6.002864939088822
2307,418727.3738420745,3394981.7927185036,zonal_sum,1571.8205480575562,24.429016473882015,3,12.0,external,0,2956.0,8.49,0.06033,0.006033,9.482793366431236
2308,418727.3738420745,3395481.7927185036,zonal_sum,848.4296951293945,23.418676548070994,0,0.0,external,3,1877.0,5.39,0.05645,0.005645,4.789385629005432
2309,418727.3738420745,3395981.7927185036,zonal_sum,962.9560713768005,21.977340112151364,0,0.0,external,3,1877.0,5.39,0.05645,0.005645,5.435887022922039
2310,418727.3738420745,3396481.7927185036,zonal_sum,790.1641113162041,21.77724116555708,0,0.0,external,3,1877.0,5.39,0.05645,0.005645,4.4604764083799715
2311,418727.3738420745,3396981.7927185036,zonal_sum,1117.2609798908234,22.791830894601887,0,0.0,external,3,1877.0,5.39,0.05645,0.005645,6.306938231483698
2312,418727.3738420745,3397481.7927185036,zonal_sum,692.6195738315582,24.434325210567167,0,0.0,external,0,2956.0,8.49,0.06033,0.006033,4.178573888925791
2313,418727.3738420745,3397981.7927185036,zonal_sum,357.04182916879654,28.826231855567187,0,0.0,external,0,2956.0,8.49,0.06033,0.006033,2.1540333553753497
2314,418727.3738420745,3398481.7927185036,zonal_sum,118.65558317303658,19.670949114170615,0,0.0,external,3,1877.0,5.39,0.05645,0.005645,0.6698107670117914
2315,418727.3738420745,3398981.7927185036,zonal_sum,139.53388433158398,15.614994052899737,1,4.0,external,3,1877.0,5.39,0.05645,0.005645,0.7876687770517915
2316,418727.3738420745,3399481.7927185036,zonal_sum,73.46261496469378,11.542793968611807,0,0.0,external,3,1877.0,5.39,0.05645,0.005645,0.4146964614756964
2317,418727.3738420745,3399981.7927185036,zonal_sum,55.52769947052002,11.351221245358763,0,0.0,external,3,1877.0,5.39,0.05645,0.005645,0.3134538635110855
2318,419227.3738420745,3379981.7927185036,zonal_sum,328.1913049221039,11.358198418250069,0,0.0,external,3,1877.0,5.39,0.05645,0.005645,1.8526399162852765
2319,419227.3738420745,3380481.7927185036,zonal_sum,548.7281656265259,14.648170337721867,0,0.0,external,3,1877.0,5.39,0.05645,0.005645,3.0975704949617384
2320,419227.3738420745,3380981.7927185036,zonal_sum,369.808468580246,16.820989171171615,0,0.0,external,3,1877.0,5.39,0.05645,0.005645,2.0875688051354886
2321,419227.3738420745,3381481.7927185036,zonal_sum,1385.9608907699585,14.29544188238206,0,0.0,external,3,1877.0,5.39,0.05645,0.005645,7.823749228396416
2322,419227.3738420745,3381981.7927185036,zonal_sum,1501.323254585266,11.78363311554458,0,0.0,external,3,1877.0,5.39,0.05645,0.005645,8.474969772133827
2323,419227.3738420745,3382481.7927185036,zonal_sum,821.0751678943634,8.652645803085534,0,0.0,external,3,1877.0,5.39,0.05645,0.005645,4.6349693227636815
2324,419227.3738420745,3382981.7927185036,zonal_sum,373.08653497695923,11.546039461258212,1,4.0,external,3,1877.0,5.39,0.05645,0.005645,2.1060734899449347
2325,419227.3738420745,3383481.7927185036,zonal_sum,1356.8988399505615,19.40217473085774,0,0.0,external,3,1877.0,5.39,0.05645,0.005645,7.65969395152092
2326,419227.3738420745,3383981.7927185036,zonal_sum,2536.6451745033264,24.60479992713315,1,4.0,external,0,2956.0,8.49,0.06033,0.006033,15.303580337778568
2327,419227.3738420745,3384481.7927185036,zonal_sum,3281.091354370117,29.401618682968994,5,20.0,external,0,2956.0,8.49,0.06033,0.006033,19.79482414091492
2328,419227.3738420745,3384981.7927185036,zonal_sum,778.3234648704529,36.462507954444824,0,0.0,external,0,2956.0,8.49,0.06033,0.006033,4.6956254635634425
2329,419227.3738420745,3385481.7927185036,zonal_sum,1100.5976252555847,49.35202891360955,0,0.0,external,4,8736.0,25.1,0.08655,0.008655,9.525672446587086
2330,419227.3738420745,3385981.7927185036,zonal_sum,905.6961408853531,50.31943776258008,1,4.0,external,4,8736.0,25.1,0.08655,0.008655,7.8388000993627305
2331,419227.3738420745,3386481.7927185036,zonal_sum,2077.531238079071,38.753425472182556,0,0.0,external,0,2956.0,8.49,0.06033,0.006033,12.533745959331036
2332,419227.3738420745,3386981.7927185036,zonal_sum,1749.044587135315,18.752870319551214,0,0.0,external,3,1877.0,5.39,0.05645,0.005645,9.873356694378852
2333,419227.3738420745,3387481.7927185036,zonal_sum,3528.1518478393555,16.596064026667175,0,0.0,external,3,1877.0,5.39,0.05645,0.005645,19.916417181053163
2334,419227.3738420745,3387981.7927185036,zonal_sum,2473.5670070648193,18.24028591069347,0,0.0,external,3,1877.0,5.39,0.05645,0.005645,13.963285754880905
2335,419227.3738420745,3388481.7927185036,zonal_sum,3180.5690412521362,29.651193638236602,9,36.0,external,1,4049.0,11.64,0.06455,0.006455,20.53057316128254
2336,419227.3738420745,3388981.7927185036,zonal_sum,6192.325103759766,36.59536827398883,22,88.0,external,2,5546.0,15.94,0.07085,0.007085,43.87262336013794
2337,419227.3738420745,3389481.7927185036,zonal_sum,3322.373712539673,26.710232126536354,1,4.0,external,0,2956.0,8.49,0.06033,0.006033,20.04388060775185
2338,419227.3738420745,3389981.7927185036,zonal_sum,3425.8799419403076,25.179823311693657,0,0.0,external,0,2956.0,8.49,0.06033,0.006033,20.668333689725877
2339,419227.3738420745,3390481.7927185036,zonal_sum,3555.9785232543945,28.614722391298773,0,0.0,external,0,2956.0,8.49,0.06033,0.006033,21.45321843079376
2340,419227.3738420745,3390981.7927185036,zonal_sum,3901.8814191818237,35.27929414614237,0,0.0,external,0,2956.0,8.49,0.06033,0.006033,23.540050601923944
2341,419227.3738420745,3391481.7927185036,zonal_sum,3618.715440750122,29.165272841298936,0,0.0,external,0,2956.0,8.49,0.06033,0.006033,21.831710254045486
2342,419227.3738420745,3391981.7927185036,zonal_sum,1462.0016570091248,20.582640387294397,1,4.0,external,3,1877.0,5.39,0.05645,0.005645,8.25299935381651
2343,419227.3738420745,3392481.7927185036,zonal_sum,2897.9029712677,20.9023949142612,0,0.0,external,3,1877.0,5.39,0.05645,0.005645,16.358662272806168
2344,419227.3738420745,3392981.7927185036,zonal_sum,2298.829433441162,20.276633399427183,0,0.0,external,3,1877.0,5.39,0.05645,0.005645,12.97689215177536
2345,419227.3738420745,3393481.7927185036,zonal_sum,1429.9287395477295,17.281901063264222,0,0.0,external,3,1877.0,5.39,0.05645,0.005645,8.071947734746933
2346,419227.3738420745,3393981.7927185036,zonal_sum,1039.354567527771,18.693556532944676,0,0.0,external,3,1877.0,5.39,0.05645,0.005645,5.867156533694267
2347,419227.3738420745,3394481.7927185036,zonal_sum,936.3572082519531,25.233922510191565,0,0.0,external,0,2956.0,8.49,0.06033,0.006033,5.6490430373840335
2348,419227.3738420745,3394981.7927185036,zonal_sum,1824.2284002304077,31.883309994576578,0,0.0,external,0,2956.0,8.49,0.06033,0.006033,11.00556993859005
2349,419227.3738420745,3395481.7927185036,zonal_sum,2361.948724746704,31.372824548178983,0,0.0,external,0,2956.0,8.49,0.06033,0.006033,14.249636656396866
2350,419227.3738420745,3395981.7927185036,zonal_sum,1263.1950073242188,31.580690403516385,0,0.0,external,0,2956.0,8.49,0.06033,0.006033,7.620855479187012
2351,419227.3738420745,3396481.7927185036,zonal_sum,1088.101842880249,34.135740297236794,0,0.0,external,0,2956.0,8.49,0.06033,0.006033,6.564518418096543
2352,419227.3738420745,3396981.7927185036,zonal_sum,1876.9328022003174,33.07077665979315,2,8.0,external,0,2956.0,8.49,0.06033,0.006033,11.323535595674516
2353,419227.3738420745,3397481.7927185036,zonal_sum,1742.4524865150452,27.834347900913393,0,0.0,external,0,2956.0,8.49,0.06033,0.006033,10.512215851145267
2354,419227.3738420745,3397981.7927185036,zonal_sum,1316.757884502411,24.358559785793076,0,0.0,external,0,2956.0,8.49,0.06033,0.006033,7.944000317203045
2355,419227.3738420745,3398481.7927185036,zonal_sum,284.4468637108803,21.453147285650406,1,4.0,external,3,1877.0,5.39,0.05645,0.005645,1.605702545647919
2356,419227.3738420745,3398981.7927185036,zonal_sum,315.7391355447471,14.405699195607834,0,0.0,external,3,1877.0,5.39,0.05645,0.005645,1.7823474201500975
2357,419227.3738420745,3399481.7927185036,zonal_sum,221.74790066480637,10.765233318672058,0,0.0,external,3,1877.0,5.39,0.05645,0.005645,1.251766899252832
2358,419727.3738420745,3381981.7927185036,zonal_sum,2489.2680683135986,16.15201856032503,0,0.0,external,3,1877.0,5.39,0.05645,0.005645,14.051918245630263
2359,419727.3738420745,3382481.7927185036,zonal_sum,2293.332456588745,13.924303180443205,1,4.0,external,3,1877.0,5.39,0.05645,0.005645,12.945861717443465
2360,419727.3738420745,3382981.7927185036,zonal_sum,588.117921590805,14.902579118018398,0,0.0,external,3,1877.0,5.39,0.05645,0.005645,3.3199256673800943
2361,419727.3738420745,3383481.7927185036,zonal_sum,460.5317755639553,16.097547099469313,1,4.0,external,3,1877.0,5.39,0.05645,0.005645,2.5997018730585277
2362,419727.3738420745,3383981.7927185036,zonal_sum,1101.0380086898804,15.094340842325519,0,0.0,external,3,1877.0,5.39,0.05645,0.005645,6.215359559054375
2363,419727.3738420745,3384481.7927185036,zonal_sum,1649.552391052246,24.69887240940441,2,8.0,external,0,2956.0,8.49,0.06033,0.006033,9.951749575218201
2364,419727.3738420745,3384981.7927185036,zonal_sum,445.40395787358284,35.96108373311654,0,0.0,external,0,2956.0,8.49,0.06033,0.006033,2.6871220778513254
2365,419727.3738420745,3385481.7927185036,zonal_sum,2371.1567668914795,48.59832215989346,0,0.0,external,4,8736.0,25.1,0.08655,0.008655,20.522361817445752
2366,419727.3738420745,3385981.7927185036,zonal_sum,1100.2600841522217,42.00528125791813,0,0.0,external,4,8736.0,25.1,0.08655,0.008655,9.522751028337478
2367,419727.3738420745,3386481.7927185036,zonal_sum,1660.436912536621,30.884537745977084,0,0.0,external,0,2956.0,8.49,0.06033,0.006033,10.017415893333435
2368,419727.3738420745,3386981.7927185036,zonal_sum,2460.1087050437927,24.335989219470264,0,0.0,external,0,2956.0,8.49,0.06033,0.006033,14.841835817529201
2369,419727.3738420745,3387481.7927185036,zonal_sum,4300.906574249268,24.733344487265438,0,0.0,external,0,2956.0,8.49,0.06033,0.006033,25.947369362445833
2370,419727.3738420745,3387981.7927185036,zonal_sum,3582.219036102295,19.95571612985066,0,0.0,external,3,1877.0,5.39,0.05645,0.005645,20.221626458797456
2371,419727.3738420745,3388481.7927185036,zonal_sum,4957.288299560547,28.849326486206508,0,0.0,external,0,2956.0,8.49,0.06033,0.006033,29.90732031124878
2372,419727.3738420745,3388981.7927185036,zonal_sum,4046.389986038208,30.293131780336793,2,8.0,external,0,2956.0,8.49,0.06033,0.006033,24.41187078576851
2373,419727.3738420745,3389481.7927185036,zonal_sum,981.5039310455322,18.052169353662006,0,0.0,external,3,1877.0,5.39,0.05645,0.005645,5.54058969075203
2374,419727.3738420745,3389981.7927185036,zonal_sum,1258.9301800727844,15.246301939201487,0,0.0,external,3,1877.0,5.39,0.05645,0.005645,7.106660866510868
2375,419727.3738420745,3390481.7927185036,zonal_sum,1366.5802116394043,23.91711368919327,0,0.0,external,0,2956.0,8.49,0.06033,0.006033,8.244578416820527
2376,419727.3738420745,3390981.7927185036,zonal_sum,3970.4861450195312,30.60353224234687,0,0.0,external,0,2956.0,8.49,0.06033,0.006033,23.953942912902832
2377,419727.3738420745,3391481.7927185036,zonal_sum,4890.232921600342,23.59445734050477,0,0.0,external,3,1877.0,5.39,0.05645,0.005645,27.60536484243393
2378,419727.3738420745,3391981.7927185036,zonal_sum,1018.7361087799072,19.52894884453611,0,0.0,external,3,1877.0,5.39,0.05645,0.005645,5.750765334062576
2379,419727.3738420745,3392481.7927185036,zonal_sum,1089.4060716629028,27.61605952679755,0,0.0,external,0,2956.0,8.49,0.06033,0.006033,6.5723868303422925
2380,419727.3738420745,3392981.7927185036,zonal_sum,2830.069808959961,27.8081208072487,0,0.0,external,0,2956.0,8.49,0.06033,0.006033,17.073811157455445
2381,419727.3738420745,3393481.7927185036,zonal_sum,1668.1690649986267,20.70910578865726,0,0.0,external,3,1877.0,5.39,0.05645,0.005645,9.416814371917248
2382,419727.3738420745,3393981.7927185036,zonal_sum,2693.5334911346436,18.179952801268815,1,4.0,external,3,1877.0,5.39,0.05645,0.005645,15.204996557455063
2383,419727.3738420745,3394481.7927185036,zonal_sum,726.7712650299072,20.15686323566856,0,0.0,external,3,1877.0,5.39,0.05645,0.005645,4.102623791093826
2384,419727.3738420745,3394981.7927185036,zonal_sum,1654.5409708023071,31.358159211205578,1,4.0,external,0,2956.0,8.49,0.06033,0.006033,9.98184567685032
2385,419727.3738420745,3395481.7927185036,zonal_sum,1395.8638491630554,36.9253824372818,0,0.0,external,0,2956.0,8.49,0.06033,0.006033,8.421246602000714
2386,419727.3738420745,3395981.7927185036,zonal_sum,1639.4692668914795,37.910596222296576,0,0.0,external,0,2956.0,8.49,0.06033,0.006033,9.890918087156296
2387,419727.3738420745,3396481.7927185036,zonal_sum,5488.443487167358,40.036899649667255,0,0.0,external,0,2956.0,8.49,0.06033,0.006033,33.11177955808068
2388,419727.3738420745,3396981.7927185036,zonal_sum,3436.512125015259,36.88795168430955,0,0.0,external,0,2956.0,8.49,0.06033,0.006033,20.732477650217056
2389,419727.3738420745,3397481.7927185036,zonal_sum,3457.5364208221436,40.17507475836556,5,20.0,external,4,8736.0,25.1,0.08655,0.008655,29.92497772221565
2390,419727.3738420745,3397981.7927185036,zonal_sum,1595.1244869232178,24.488458280584386,0,0.0,external,0,2956.0,8.49,0.06033,0.006033,9.623386029607772
2391,419727.3738420745,3398481.7927185036,zonal_sum,1459.0566458702087,18.992050703948777,2,8.0,external,3,1877.0,5.39,0.05645,0.005645,8.236374765937327
2392,419727.3738420745,3398981.7927185036,zonal_sum,1389.3547220230103,16.326444400460275,0,0.0,external,3,1877.0,5.39,0.05645,0.005645,7.842907405819893
2393,420227.3738420745,3383481.7927185036,zonal_sum,49.40662483870983,14.664231608685185,0,0.0,external,3,1877.0,5.39,0.05645,0.005645,0.278900397214517
2394,420227.3738420745,3383981.7927185036,zonal_sum,961.1321500241756,15.33037646416569,0,0.0,external,3,1877.0,5.39,0.05645,0.005645,5.425590986886472
2395,420227.3738420745,3384481.7927185036,zonal_sum,1962.083236694336,26.765063299365153,0,0.0,external,0,2956.0,8.49,0.06033,0.006033,11.837248166976929
2396,420227.3738420745,3384981.7927185036,zonal_sum,1370.2533221244812,40.79407723375454,0,0.0,external,0,2956.0,8.49,0.06033,0.006033,8.266738292376996
2397,420227.3738420745,3385481.7927185036,zonal_sum,1224.9175486564636,46.19583164051417,0,0.0,external,4,8736.0,25.1,0.08655,0.008655,10.601661383621693
2398,420227.3738420745,3385981.7927185036,zonal_sum,615.9733309745789,33.16903172251739,0,0.0,external,0,2956.0,8.49,0.06033,0.006033,3.7161671057696344
2399,420227.3738420745,3386481.7927185036,zonal_sum,609.1693280488253,25.48350099874604,0,0.0,external,0,2956.0,8.49,0.06033,0.006033,3.675118556118563
2400,420227.3738420745,3386981.7927185036,zonal_sum,1563.6851897239685,22.16921728356702,1,4.0,external,3,1877.0,5.39,0.05645,0.005645,8.827002895991802
2401,420227.3738420745,3387481.7927185036,zonal_sum,3574.9680709838867,22.188271140016745,0,0.0,external,3,1877.0,5.39,0.05645,0.005645,20.18069476070404
2402,420227.3738420745,3387981.7927185036,zonal_sum,3392.8261432647705,22.065923039105083,0,0.0,external,3,1877.0,5.39,0.05645,0.005645,19.15250357872963
2403,420227.3738420745,3388481.7927185036,zonal_sum,2615.568423271179,27.26984145081957,0,0.0,external,0,2956.0,8.49,0.06033,0.006033,15.779724297595024
2404,420227.3738420745,3388981.7927185036,zonal_sum,1437.6307493001223,21.723964315638963,0,0.0,external,3,1877.0,5.39,0.05645,0.005645,8.11542557979919
2405,420227.3738420745,3389481.7927185036,zonal_sum,2046.8447818756104,15.718292096377091,2,8.0,external,3,1877.0,5.39,0.05645,0.005645,11.55443879368782
2406,420227.3738420745,3389981.7927185036,zonal_sum,234.33170135319233,16.44518428960682,0,0.0,external,3,1877.0,5.39,0.05645,0.005645,1.3228024541387706
2407,420227.3738420745,3390481.7927185036,zonal_sum,706.4873404502869,26.715948371272283,0,0.0,external,0,2956.0,8.49,0.06033,0.006033,4.262238124936581
2408,420227.3738420745,3390981.7927185036,zonal_sum,3538.5265312194824,30.46146239017124,0,0.0,external,0,2956.0,8.49,0.06033,0.006033,21.34793056284714
2409,420227.3738420745,3391481.7927185036,zonal_sum,4584.937580108643,20.50309575409069,0,0.0,external,3,1877.0,5.39,0.05645,0.005645,25.881972639713286
2410,420227.3738420745,3391981.7927185036,zonal_sum,2172.149048805237,21.194531825209435,0,0.0,external,3,1877.0,5.39,0.05645,0.005645,12.261781380505562
2411,420227.3738420745,3392481.7927185036,zonal_sum,3658.093460083008,29.375025403947458,0,0.0,external,0,2956.0,8.49,0.06033,0.006033,22.069277844680787
2412,420227.3738420745,3392981.7927185036,zonal_sum,3273.4528732299805,26.456159885948505,0,0.0,external,0,2956.0,8.49,0.06033,0.006033,19.748741184196472
2413,420227.3738420745,3393481.7927185036,zonal_sum,858.9333639144897,18.937005956201535,0,0.0,external,3,1877.0,5.39,0.05645,0.005645,4.848678839297294
2414,420227.3738420745,3393981.7927185036,zonal_sum,781.2777976989746,15.254440000705642,0,0.0,external,3,1877.0,5.39,0.05645,0.005645,4.4103131680107115
2415,420227.3738420745,3394481.7927185036,zonal_sum,1056.2708897590637,16.942941633299274,0,0.0,external,3,1877.0,5.39,0.05645,0.005645,5.962649172689915
2416,420227.3738420745,3394981.7927185036,zonal_sum,2377.213709831238,22.73987053989407,3,12.0,external,3,1877.0,5.39,0.05645,0.005645,13.419371391997338
2417,420227.3738420745,3395481.7927185036,zonal_sum,2972.842029571533,32.08017369094023,0,0.0,external,0,2956.0,8.49,0.06033,0.006033,17.93515596440506
2418,420227.3738420745,3395981.7927185036,zonal_sum,4223.692270278931,34.871645684908934,2,8.0,external,0,2956.0,8.49,0.06033,0.006033,25.48153546659279
2419,420227.3738420745,3396481.7927185036,zonal_sum,8507.184127807617,36.36272584846584,0,0.0,external,0,2956.0,8.49,0.06033,0.006033,51.323841843063356
2420,420227.3738420745,3396981.7927185036,zonal_sum,3910.6935424804688,34.488686169707336,0,0.0,external,0,2956.0,8.49,0.06033,0.006033,23.593214141784667
2421,420227.3738420745,3397481.7927185036,zonal_sum,4794.85623550415,39.65243876069655,0,0.0,external,0,2956.0,8.49,0.06033,0.006033,28.92736766879654
2422,420227.3738420745,3397981.7927185036,zonal_sum,2030.4033660888672,21.97861559247884,0,0.0,external,3,1877.0,5.39,0.05645,0.005645,11.461627001571655
2423,420227.3738420745,3398481.7927185036,zonal_sum,5786.1269454956055,17.253326738025095,15,60.0,external,1,4049.0,11.64,0.06455,0.006455,37.34944943317413
2424,420227.3738420745,3398981.7927185036,zonal_sum,3181.0502824783325,13.992267127989415,2,8.0,external,3,1877.0,5.39,0.05645,0.005645,17.957028844590187
2425,420727.3738420745,3384481.7927185036,zonal_sum,443.48664283007383,26.768413127085694,1,4.0,external,0,2956.0,8.49,0.06033,0.006033,2.6755549161938355
2426,420727.3738420745,3384981.7927185036,zonal_sum,1260.597848892212,37.661780392638256,0,0.0,external,0,2956.0,8.49,0.06033,0.006033,7.605186822366715
2427,420727.3738420745,3385481.7927185036,zonal_sum,1216.2308750152588,34.804781455494,0,0.0,external,0,2956.0,8.49,0.06033,0.006033,7.337520868967056
2428,420727.3738420745,3385981.7927185036,zonal_sum,492.70654344558716,24.19414729851263,0,0.0,external,0,2956.0,8.49,0.06033,0.006033,2.9724985766072276
2429,420727.3738420745,3386481.7927185036,zonal_sum,359.60539481043816,15.705452366688043,0,0.0,external,3,1877.0,5.39,0.05645,0.005645,2.0299724537049233
2430,420727.3738420745,3386981.7927185036,zonal_sum,322.5609103292227,11.388224671114894,0,0.0,external,3,1877.0,5.39,0.05645,0.005645,1.820856338808462
2431,420727.3738420745,3387481.7927185036,zonal_sum,635.0142344534397,13.779180997925556,0,0.0,external,3,1877.0,5.39,0.05645,0.005645,3.584655353489667
2432,420727.3738420745,3387981.7927185036,zonal_sum,3886.2985215187073,19.31386921285205,0,0.0,external,3,1877.0,5.39,0.05645,0.005645,21.938155153973103
2433,420727.3738420745,3388481.7927185036,zonal_sum,1448.6795537024736,21.507108175166767,0,0.0,external,3,1877.0,5.39,0.05645,0.005645,8.177796080650463
2434,420727.3738420745,3388981.7927185036,zonal_sum,69.60583432763815,16.718290204232773,0,0.0,external,3,1877.0,5.39,0.05645,0.005645,0.39292493477951734
2435,420727.3738420745,3389481.7927185036,zonal_sum,517.3509640693665,13.347946734251671,0,0.0,external,3,1877.0,5.39,0.05645,0.005645,2.9204461921715734
2436,420727.3738420745,3389981.7927185036,zonal_sum,303.328325510025,15.358608797703123,0,0.0,external,3,1877.0,5.39,0.05645,0.005645,1.7122883975040912
2437,420727.3738420745,3390481.7927185036,zonal_sum,707.9965677261353,24.041481942573498,1,4.0,external,0,2956.0,8.49,0.06033,0.006033,4.271343293091774
2438,420727.3738420745,3390981.7927185036,zonal_sum,2170.688567638397,30.640149943407685,1,4.0,external,0,2956.0,8.49,0.06033,0.006033,13.09576412856245
2439,420727.3738420745,3391481.7927185036,zonal_sum,6115.760612487793,23.519688224141884,1,4.0,external,0,2956.0,8.49,0.06033,0.006033,36.89638377513886
2440,420727.3738420745,3391981.7927185036,zonal_sum,5008.705619812012,22.83325832401743,0,0.0,external,3,1877.0,5.39,0.05645,0.005645,28.274143223838806
2441,420727.3738420745,3392481.7927185036,zonal_sum,3574.4676094055176,28.32393356836049,0,0.0,external,0,2956.0,8.49,0.06033,0.006033,21.56476308754349
2442,420727.3738420745,3392981.7927185036,zonal_sum,1791.7962312698364,19.810772715127143,0,0.0,external,3,1877.0,5.39,0.05645,0.005645,10.114689725518227
2443,420727.3738420745,3393481.7927185036,zonal_sum,568.3754620552063,16.09935796626458,0,0.0,external,3,1877.0,5.39,0.05645,0.005645,3.2084794833016397
2444,420727.3738420745,3393981.7927185036,zonal_sum,525.2586007118225,18.24938550370777,0,0.0,external,3,1877.0,5.39,0.05645,0.005645,2.965084801018238
2445,420727.3738420745,3394481.7927185036,zonal_sum,230.92887026071548,21.242380480647665,0,0.0,external,3,1877.0,5.39,0.05645,0.005645,1.3035934726217389
2446,420727.3738420745,3394981.7927185036,zonal_sum,2537.624539375305,23.493877308130184,3,12.0,external,0,2956.0,8.49,0.06033,0.006033,15.309488846051217
2447,420727.3738420745,3395481.7927185036,zonal_sum,2854.9860076904297,28.97525313517859,1,4.0,external,0,2956.0,8.49,0.06033,0.006033,17.224130584396363
2448,420727.3738420745,3395981.7927185036,zonal_sum,6162.761878967285,30.427080931457276,1,4.0,external,0,2956.0,8.49,0.06033,0.006033,37.179942415809634
2449,420727.3738420745,3396481.7927185036,zonal_sum,6820.836074829102,30.11399179093144,0,0.0,external,0,2956.0,8.49,0.06033,0.006033,41.150104039443974
2450,420727.3738420745,3396981.7927185036,zonal_sum,3465.625478744507,34.70970283783588,0,0.0,external,0,2956.0,8.49,0.06033,0.006033,20.90811851326561
2451,420727.3738420745,3397481.7927185036,zonal_sum,6027.346603393555,30.444346819669363,1,4.0,external,0,2956.0,8.49,0.06033,0.006033,36.36298205827332
2452,420727.3738420745,3397981.7927185036,zonal_sum,2229.14306640625,16.148121415985894,0,0.0,external,3,1877.0,5.39,0.05645,0.005645,12.58351260986328
2453,421227.3738420745,3384981.7927185036,zonal_sum,572.8551516532898,30.08596944922731,0,0.0,external,0,2956.0,8.49,0.06033,0.006033,3.4560351299242975
2454,421227.3738420745,3385481.7927185036,zonal_sum,657.4273915290833,25.94459158841143,0,0.0,external,0,2956.0,8.49,0.06033,0.006033,3.9662594530949593
2455,421227.3738420745,3385981.7927185036,zonal_sum,404.722030878067,17.020086612197428,0,0.0,external,3,1877.0,5.39,0.05645,0.005645,2.2846558643066883
2456,421227.3738420745,3386481.7927185036,zonal_sum,422.30238914489746,9.101366771312328,0,0.0,external,3,1877.0,5.39,0.05645,0.005645,2.383896986722946
2457,421227.3738420745,3386981.7927185036,zonal_sum,198.82005690038204,7.637400657576132,0,0.0,external,3,1877.0,5.39,0.05645,0.005645,1.1223392212026566
2458,421227.3738420745,3387481.7927185036,zonal_sum,179.78162097930908,8.9778654837639,0,0.0,external,3,1877.0,5.39,0.05645,0.005645,1.0148672504281997
2459,421227.3738420745,3387981.7927185036,zonal_sum,45.8103159442544,13.168179057155266,0,0.0,external,3,1877.0,5.39,0.05645,0.005645,0.25859923350531605
2460,421227.3738420745,3388481.7927185036,zonal_sum,24.365985967218876,13.404060299515665,0,0.0,external,3,1877.0,5.39,0.05645,0.005645,0.13754599078495056
2461,421227.3738420745,3388981.7927185036,zonal_sum,15.895067930221558,10.962803824272699,0,0.0,external,3,1877.0,5.39,0.05645,0.005645,0.08972765846610069
2462,421227.3738420745,3389481.7927185036,zonal_sum,123.4511039480567,9.701234977113742,1,4.0,external,3,1877.0,5.39,0.05645,0.005645,0.69688148178678
2463,421227.3738420745,3389981.7927185036,zonal_sum,149.39251869916916,10.977159348712064,0,0.0,external,3,1877.0,5.39,0.05645,0.005645,0.8433207680568099
2464,421227.3738420745,3390481.7927185036,zonal_sum,47.199082009494305,18.878256709641324,2,8.0,external,3,1877.0,5.39,0.05645,0.005645,0.26643881794359536
2465,421227.3738420745,3390981.7927185036,zonal_sum,1527.9849416166544,29.675558795289064,2,8.0,external,0,2956.0,8.49,0.06033,0.006033,9.218333152773276
2466,421227.3738420745,3391481.7927185036,zonal_sum,7613.527885437012,25.80411785391477,0,0.0,external,0,2956.0,8.49,0.06033,0.006033,45.932413732841496
2467,421227.3738420745,3391981.7927185036,zonal_sum,5271.936187744141,20.12455493081589,0,0.0,external,3,1877.0,5.39,0.05645,0.005645,29.760079779815673
2468,421227.3738420745,3392481.7927185036,zonal_sum,3017.97882270813,23.852038772914444,0,0.0,external,0,2956.0,8.49,0.06033,0.006033,18.207466237398148
2469,421227.3738420745,3392981.7927185036,zonal_sum,923.1748180389404,16.04591906896714,0,0.0,external,3,1877.0,5.39,0.05645,0.005645,5.211321847829819
2470,421227.3738420745,3393481.7927185036,zonal_sum,1577.990322113037,11.717391962563037,0,0.0,external,3,1877.0,5.39,0.05645,0.005645,8.907755368328095
2471,421227.3738420745,3393981.7927185036,zonal_sum,538.4247407913208,16.01789327937014,0,0.0,external,3,1877.0,5.39,0.05645,0.005645,3.039407661767006
2472,421227.3738420745,3394481.7927185036,zonal_sum,526.8621096611023,21.632460796336336,0,0.0,external,3,1877.0,5.39,0.05645,0.005645,2.9741366090369223
2473,421227.3738420745,3394981.7927185036,zonal_sum,1879.4869842529297,23.222651026600104,0,0.0,external,3,1877.0,5.39,0.05645,0.005645,10.609704026107789
2474,421227.3738420745,3395481.7927185036,zonal_sum,3965.5341472625732,24.664760127407888,0,0.0,external,0,2956.0,8.49,0.06033,0.006033,23.924067510435105
2475,421227.3738420745,3395981.7927185036,zonal_sum,5396.390396118164,25.29612019075579,0,0.0,external,0,2956.0,8.49,0.06033,0.006033,32.556423259780885
2476,421227.3738420745,3396481.7927185036,zonal_sum,3920.8278198242188,26.35763220033222,0,0.0,external,0,2956.0,8.49,0.06033,0.006033,23.654354236999513
2477,421227.3738420745,3396981.7927185036,zonal_sum,3736.4697761535645,29.463465727103326,0,0.0,external,0,2956.0,8.49,0.06033,0.006033,22.542122159534454
2478,421727.3738420745,3385981.7927185036,zonal_sum,104.11725114285946,11.515159900355089,1,4.0,external,3,1877.0,5.39,0.05645,0.005645,0.5877418827014417
2479,421727.3738420745,3386481.7927185036,zonal_sum,198.83981037139893,8.198765302762142,0,0.0,external,3,1877.0,5.39,0.05645,0.005645,1.122450729546547
2480,421727.3738420745,3386981.7927185036,zonal_sum,99.53207731246948,6.929260046741136,0,0.0,external,3,1877.0,5.39,0.05645,0.005645,0.5618585764288903
2481,421727.3738420745,3387481.7927185036,zonal_sum,124.49392139911652,10.28439893306074,0,0.0,external,3,1877.0,5.39,0.05645,0.005645,0.7027681862980127
2482,421727.3738420745,3387981.7927185036,zonal_sum,161.8667333126068,12.653542188535502,0,0.0,external,3,1877.0,5.39,0.05645,0.005645,0.9137377095496654
2483,421727.3738420745,3388481.7927185036,zonal_sum,4.889114856719971,10.14813886797035,0,0.0,external,3,1877.0,5.39,0.05645,0.005645,0.027599053366184234
2484,421727.3738420745,3388981.7927185036,zonal_sum,17.31417284347117,8.700393944255573,0,0.0,external,3,1877.0,5.39,0.05645,0.005645,0.09773850570139475
2485,421727.3738420745,3389481.7927185036,zonal_sum,5.024902105331421,8.700411138304027,0,0.0,external,3,1877.0,5.39,0.05645,0.005645,0.02836557238459587
2486,421727.3738420745,3389981.7927185036,zonal_sum,72.38080908358097,9.811677080125802,0,0.0,external,3,1877.0,5.39,0.05645,0.005645,0.40858966727681456
2487,421727.3738420745,3390481.7927185036,zonal_sum,16.645493358373642,20.43135220495559,0,0.0,external,3,1877.0,5.39,0.05645,0.005645,0.0939638100080192
2488,421727.3738420745,3390981.7927185036,zonal_sum,290.156831741333,42.07803478285827,1,4.0,external,4,8736.0,25.1,0.08655,0.008655,2.511307378721237
2489,421727.3738420745,3391481.7927185036,zonal_sum,4680.804086685181,36.0482102780423,0,0.0,external,0,2956.0,8.49,0.06033,0.006033,28.239291054971694
2490,421727.3738420745,3391981.7927185036,zonal_sum,6076.969970703125,20.470786910939168,0,0.0,external,3,1877.0,5.39,0.05645,0.005645,34.30449548461914
2491,421727.3738420745,3392481.7927185036,zonal_sum,5745.8334884643555,16.520508171845364,0,0.0,external,3,1877.0,5.39,0.05645,0.005645,32.435230042381285
2492,421727.3738420745,3392981.7927185036,zonal_sum,2503.448558807373,11.907811510970701,0,0.0,external,3,1877.0,5.39,0.05645,0.005645,14.13196711446762
2493,421727.3738420745,3393481.7927185036,zonal_sum,932.5948309898376,8.093027970611116,0,0.0,external,3,1877.0,5.39,0.05645,0.005645,5.264497820937633
2494,421727.3738420745,3393981.7927185036,zonal_sum,560.4523918628693,9.642156423279006,0,0.0,external,3,1877.0,5.39,0.05645,0.005645,3.163753752065897
2495,421727.3738420745,3394481.7927185036,zonal_sum,278.8592104315758,16.797879063395172,0,0.0,external,3,1877.0,5.39,0.05645,0.005645,1.5741602428862451
2496,421727.3738420745,3394981.7927185036,zonal_sum,1092.73526597023,19.27267166086463,0,0.0,external,3,1877.0,5.39,0.05645,0.005645,6.168490576401949
2497,421727.3738420745,3395481.7927185036,zonal_sum,3129.372754096985,22.726678924040307,0,0.0,external,3,1877.0,5.39,0.05645,0.005645,17.66530919687748
2498,422227.3738420745,3386481.7927185036,zonal_sum,298.6553259193897,7.074893654962099,0,0.0,external,3,1877.0,5.39,0.05645,0.005645,1.6859093148149549
2499,422227.3738420745,3386981.7927185036,zonal_sum,65.11551237106323,7.010714666692239,0,0.0,external,3,1877.0,5.39,0.05645,0.005645,0.36757706733465195
2500,422227.3738420745,3387481.7927185036,zonal_sum,19.499696850776672,9.759552212456942,0,0.0,external,3,1877.0,5.39,0.05645,0.005645,0.11007578872263431
2501,422227.3738420745,3387981.7927185036,zonal_sum,251.30469131469727,13.030356509897667,1,4.0,external,3,1877.0,5.39,0.05645,0.005645,1.418614982471466
2502,422227.3738420745,3388481.7927185036,zonal_sum,53.168363094329834,10.339502956374746,1,4.0,external,3,1877.0,5.39,0.05645,0.005645,0.3001354096674919
2503,422227.3738420745,3388981.7927185036,zonal_sum,16.129504442214966,7.694298246812019,1,4.0,external,3,1877.0,5.39,0.05645,0.005645,0.09105105257630348
2504,422227.3738420745,3389481.7927185036,zonal_sum,0.0,7.44514475001604,0,0.0,external,3,1877.0,5.39,0.05645,0.005645,0.0
2505,422227.3738420745,3389981.7927185036,zonal_sum,43.73686493933201,8.550692102354503,0,0.0,external,3,1877.0,5.39,0.05645,0.005645,0.24689460258252918
2506,422227.3738420745,3390481.7927185036,zonal_sum,93.20277343690395,21.10749947689108,2,8.0,external,3,1877.0,5.39,0.05645,0.005645,0.5261296560513228
2507,422227.3738420745,3390981.7927185036,zonal_sum,211.91110181808472,52.52266374826029,0,0.0,external,4,8736.0,25.1,0.08655,0.008655,1.834090586235523
2508,422227.3738420745,3391481.7927185036,zonal_sum,2043.1159229278564,58.536352893538705,0,0.0,external,4,8736.0,25.1,0.08655,0.008655,17.683168312940598
2509,422227.3738420745,3391981.7927185036,zonal_sum,2435.5637187957764,36.248159508051344,0,0.0,external,0,2956.0,8.49,0.06033,0.006033,14.693755915494918
2510,422227.3738420745,3392481.7927185036,zonal_sum,2962.649103164673,14.51694649247258,0,0.0,external,3,1877.0,5.39,0.05645,0.005645,16.72415418736458
2511,422227.3738420745,3392981.7927185036,zonal_sum,1165.0215091705322,10.141683111160642,0,0.0,external,3,1877.0,5.39,0.05645,0.005645,6.576546419267654
2512,422227.3738420745,3393481.7927185036,zonal_sum,1363.6320066452026,6.955082941290536,0,0.0,external,3,1877.0,5.39,0.05645,0.005645,7.697702677512169
2513,422227.3738420745,3393981.7927185036,zonal_sum,573.7812852859497,7.136976710013186,0,0.0,external,3,1877.0,5.39,0.05645,0.005645,3.238995355439186
2514,422727.3738420745,3390981.7927185036,zonal_sum,827.7809910103679,31.75970288834044,0,0.0,external,0,2956.0,8.49,0.06033,0.006033,4.994002718765549
2515,422727.3738420745,3391481.7927185036,zonal_sum,2092.9847707748413,43.176997838274616,1,4.0,external,4,8736.0,25.1,0.08655,0.008655,18.11478319105625
2516,422727.3738420745,3391981.7927185036,zonal_sum,860.5521059632301,34.93325071305922,0,0.0,external,0,2956.0,8.49,0.06033,0.006033,5.191710855276168
2517,422727.3738420745,3392481.7927185036,zonal_sum,683.2205516695976,14.451137068221296,0,0.0,external,3,1877.0,5.39,0.05645,0.005645,3.8567800141748787
2518,422727.3738420745,3392981.7927185036,zonal_sum,703.0355596542358,7.094946281641044,0,0.0,external,3,1877.0,5.39,0.05645,0.005645,3.9686357342481613
