cell_id,row,col,centroid_x,centroid_y,geometry
0,53,0,398227.3738420745,3392981.7927185036,"POLYGON ((398477.3738420745 3392731.7927185036, 398477.3738420745 3393231.7927185036, 397977.3738420745 3393231.7927185036, 397977.3738420745 3392731.7927185036, 398477.3738420745 3392731.7927185036))"
1,54,0,398227.3738420745,3393481.7927185036,"POLYGON ((398477.3738420745 3393231.7927185036, 398477.3738420745 3393731.7927185036, 397977.3738420745 3393731.7927185036, 397977.3738420745 3393231.7927185036, 398477.3738420745 3393231.7927185036))"
2,55,0,398227.3738420745,3393981.7927185036,"POLYGON ((398477.3738420745 3393731.7927185036, 398477.3738420745 3394231.7927185036, 397977.3738420745 3394231.7927185036, 397977.3738420745 3393731.7927185036, 398477.3738420745 3393731.7927185036))"
3,56,0,398227.3738420745,3394481.7927185036,"POLYGON ((398477.3738420745 3394231.7927185036, 398477.3738420745 3394731.7927185036, 397977.3738420745 3394731.7927185036, 397977.3738420745 3394231.7927185036, 398477.3738420745 3394231.7927185036))"
4,51,1,398727.3738420745,3391981.7927185036,"POLYGON ((398977.3738420745 3391731.7927185036, 398977.3738420745 3392231.7927185036, 398477.3738420745 3392231.7927185036, 398477.3738420745 3391731.7927185036, 398977.3738420745 3391731.7927185036))"
5,52,1,398727.3738420745,3392481.7927185036,"POLYGON ((398977.3738420745 3392231.7927185036, 398977.3738420745 3392731.7927185036, 398477.3738420745 3392731.7927185036, 398477.3738420745 3392231.7927185036, 398977.3738420745 3392231.7927185036))"
6,53,1,398727.3738420745,3392981.7927185036,"POLYGON ((398977.3738420745 3392731.7927185036, 398977.3738420745 3393231.7927185036, 398477.3738420745 3393231.7927185036, 398477.3738420745 3392731.7927185036, 398977.3738420745 3392731.7927185036))"
7,54,1,398727.3738420745,3393481.7927185036,"POLYGON ((398977.3738420745 3393231.7927185036, 398977.3738420745 3393731.7927185036, 398477.3738420745 3393731.7927185036, 398477.3738420745 3393231.7927185036, 398977.3738420745 3393231.7927185036))"
8,55,1,398727.3738420745,3393981.7927185036,"POLYGON ((398977.3738420745 3393731.7927185036, 398977.3738420745 3394231.7927185036, 398477.3738420745 3394231.7927185036, 398477.3738420745 3393731.7927185036, 398977.3738420745 3393731.7927185036))"
9,56,1,398727.3738420745,3394481.7927185036,"POLYGON ((398977.3738420745 3394231.7927185036, 398977.3738420745 3394731.7927185036, 398477.3738420745 3394731.7927185036, 398477.3738420745 3394231.7927185036, 398977.3738420745 3394231.7927185036))"
10,57,1,398727.3738420745,3394981.7927185036,"POLYGON ((398977.3738420745 3394731.7927185036, 398977.3738420745 3395231.7927185036, 398477.3738420745 3395231.7927185036, 398477.3738420745 3394731.7927185036, 398977.3738420745 3394731.7927185036))"
11,58,1,398727.3738420745,3395481.7927185036,"POLYGON ((398977.3738420745 3395231.7927185036, 398977.3738420745 3395731.7927185036, 398477.3738420745 3395731.7927185036, 398477.3738420745 3395231.7927185036, 398977.3738420745 3395231.7927185036))"
12,59,1,398727.3738420745,3395981.7927185036,"POLYGON ((398977.3738420745 3395731.7927185036, 398977.3738420745 3396231.7927185036, 398477.3738420745 3396231.7927185036, 398477.3738420745 3395731.7927185036, 398977.3738420745 3395731.7927185036))"
13,60,1,398727.3738420745,3396481.7927185036,"POLYGON ((398977.3738420745 3396231.7927185036, 398977.3738420745 3396731.7927185036, 398477.3738420745 3396731.7927185036, 398477.3738420745 3396231.7927185036, 398977.3738420745 3396231.7927185036))"
14,61,1,398727.3738420745,3396981.7927185036,"POLYGON ((398977.3738420745 3396731.7927185036, 398977.3738420745 3397231.7927185036, 398477.3738420745 3397231.7927185036, 398477.3738420745 3396731.7927185036, 398977.3738420745 3396731.7927185036))"
15,62,1,398727.3738420745,3397481.7927185036,"POLYGON ((398977.3738420745 3397231.7927185036, 398977.3738420745 3397731.7927185036, 398477.3738420745 3397731.7927185036, 398477.3738420745 3397231.7927185036, 398977.3738420745 3397231.7927185036))"
16,49,2,399227.3738420745,3390981.7927185036,"POLYGON ((399477.3738420745 3390731.7927185036, 399477.3738420745 3391231.7927185036, 398977.3738420745 3391231.7927185036, 398977.3738420745 3390731.7927185036, 399477.3738420745 3390731.7927185036))"
17,50,2,399227.3738420745,3391481.7927185036,"POLYGON ((399477.3738420745 3391231.7927185036, 399477.3738420745 3391731.7927185036, 398977.3738420745 3391731.7927185036, 398977.3738420745 3391231.7927185036, 399477.3738420745 3391231.7927185036))"
18,51,2,399227.3738420745,3391981.7927185036,"POLYGON ((399477.3738420745 3391731.7927185036, 399477.3738420745 3392231.7927185036, 398977.3738420745 3392231.7927185036, 398977.3738420745 3391731.7927185036, 399477.3738420745 3391731.7927185036))"
19,52,2,399227.3738420745,3392481.7927185036,"POLYGON ((399477.3738420745 3392231.7927185036, 399477.3738420745 3392731.7927185036, 398977.3738420745 3392731.7927185036, 398977.3738420745 3392231.7927185036, 399477.3738420745 3392231.7927185036))"
20,53,2,399227.3738420745,3392981.7927185036,"POLYGON ((399477.3738420745 3392731.7927185036, 399477.3738420745 3393231.7927185036, 398977.3738420745 3393231.7927185036, 398977.3738420745 3392731.7927185036, 399477.3738420745 3392731.7927185036))"
21,54,2,399227.3738420745,3393481.7927185036,"POLYGON ((399477.3738420745 3393231.7927185036, 399477.3738420745 3393731.7927185036, 398977.3738420745 3393731.7927185036, 398977.3738420745 3393231.7927185036, 399477.3738420745 3393231.7927185036))"
22,55,2,399227.3738420745,3393981.7927185036,"POLYGON ((399477.3738420745 3393731.7927185036, 399477.3738420745 3394231.7927185036, 398977.3738420745 3394231.7927185036, 398977.3738420745 3393731.7927185036, 399477.3738420745 3393731.7927185036))"
23,56,2,399227.3738420745,3394481.7927185036,"POLYGON ((399477.3738420745 3394231.7927185036, 399477.3738420745 3394731.7927185036, 398977.3738420745 3394731.7927185036, 398977.3738420745 3394231.7927185036, 399477.3738420745 3394231.7927185036))"
24,57,2,399227.3738420745,3394981.7927185036,"POLYGON ((399477.3738420745 3394731.7927185036, 399477.3738420745 3395231.7927185036, 398977.3738420745 3395231.7927185036, 398977.3738420745 3394731.7927185036, 399477.3738420745 3394731.7927185036))"
25,58,2,399227.3738420745,3395481.7927185036,"POLYGON ((399477.3738420745 3395231.7927185036, 399477.3738420745 3395731.7927185036, 398977.3738420745 3395731.7927185036, 398977.3738420745 3395231.7927185036, 399477.3738420745 3395231.7927185036))"
26,59,2,399227.3738420745,3395981.7927185036,"POLYGON ((399477.3738420745 3395731.7927185036, 399477.3738420745 3396231.7927185036, 398977.3738420745 3396231.7927185036, 398977.3738420745 3395731.7927185036, 399477.3738420745 3395731.7927185036))"
27,60,2,399227.3738420745,3396481.7927185036,"POLYGON ((399477.3738420745 3396231.7927185036, 399477.3738420745 3396731.7927185036, 398977.3738420745 3396731.7927185036, 398977.3738420745 3396231.7927185036, 399477.3738420745 3396231.7927185036))"
28,61,2,399227.3738420745,3396981.7927185036,"POLYGON ((399477.3738420745 3396731.7927185036, 399477.3738420745 3397231.7927185036, 398977.3738420745 3397231.7927185036, 398977.3738420745 3396731.7927185036, 399477.3738420745 3396731.7927185036))"
29,62,2,399227.3738420745,3397481.7927185036,"POLYGON ((399477.3738420745 3397231.7927185036, 399477.3738420745 3397731.7927185036, 398977.3738420745 3397731.7927185036, 398977.3738420745 3397231.7927185036, 399477.3738420745 3397231.7927185036))"
30,63,2,399227.3738420745,3397981.7927185036,"POLYGON ((399477.3738420745 3397731.7927185036, 399477.3738420745 3398231.7927185036, 398977.3738420745 3398231.7927185036, 398977.3738420745 3397731.7927185036, 399477.3738420745 3397731.7927185036))"
31,64,2,399227.3738420745,3398481.7927185036,"POLYGON ((399477.3738420745 3398231.7927185036, 399477.3738420745 3398731.7927185036, 398977.3738420745 3398731.7927185036, 398977.3738420745 3398231.7927185036, 399477.3738420745 3398231.7927185036))"
32,65,2,399227.3738420745,3398981.7927185036,"POLYGON ((399477.3738420745 3398731.7927185036, 399477.3738420745 3399231.7927185036, 398977.3738420745 3399231.7927185036, 398977.3738420745 3398731.7927185036, 399477.3738420745 3398731.7927185036))"
33,66,2,399227.3738420745,3399481.7927185036,"POLYGON ((399477.3738420745 3399231.7927185036, 399477.3738420745 3399731.7927185036, 398977.3738420745 3399731.7927185036, 398977.3738420745 3399231.7927185036, 399477.3738420745 3399231.7927185036))"
34,46,3,399727.3738420745,3389481.7927185036,"POLYGON ((399977.3738420745 3389231.7927185036, 399977.3738420745 3389731.7927185036, 399477.3738420745 3389731.7927185036, 399477.3738420745 3389231.7927185036, 399977.3738420745 3389231.7927185036))"
35,47,3,399727.3738420745,3389981.7927185036,"POLYGON ((399977.3738420745 3389731.7927185036, 399977.3738420745 3390231.7927185036, 399477.3738420745 3390231.7927185036, 399477.3738420745 3389731.7927185036, 399977.3738420745 3389731.7927185036))"
36,48,3,399727.3738420745,3390481.7927185036,"POLYGON ((399977.3738420745 3390231.7927185036, 399977.3738420745 3390731.7927185036, 399477.3738420745 3390731.7927185036, 399477.3738420745 3390231.7927185036, 399977.3738420745 3390231.7927185036))"
37,49,3,399727.3738420745,3390981.7927185036,"POLYGON ((399977.3738420745 3390731.7927185036, 399977.3738420745 3391231.7927185036, 399477.3738420745 3391231.7927185036, 399477.3738420745 3390731.7927185036, 399977.3738420745 3390731.7927185036))"
38,50,3,399727.3738420745,3391481.7927185036,"POLYGON ((399977.3738420745 3391231.7927185036, 399977.3738420745 3391731.7927185036, 399477.3738420745 3391731.7927185036, 399477.3738420745 3391231.7927185036, 399977.3738420745 3391231.7927185036))"
39,51,3,399727.3738420745,3391981.7927185036,"POLYGON ((399977.3738420745 3391731.7927185036, 399977.3738420745 3392231.7927185036, 399477.3738420745 3392231.7927185036, 399477.3738420745 3391731.7927185036, 399977.3738420745 3391731.7927185036))"
40,52,3,399727.3738420745,3392481.7927185036,"POLYGON ((399977.3738420745 3392231.7927185036, 399977.3738420745 3392731.7927185036, 399477.3738420745 3392731.7927185036, 399477.3738420745 3392231.7927185036, 399977.3738420745 3392231.7927185036))"
41,53,3,399727.3738420745,3392981.7927185036,"POLYGON ((399977.3738420745 3392731.7927185036, 399977.3738420745 3393231.7927185036, 399477.3738420745 3393231.7927185036, 399477.3738420745 3392731.7927185036, 399977.3738420745 3392731.7927185036))"
42,54,3,399727.3738420745,3393481.7927185036,"POLYGON ((399977.3738420745 3393231.7927185036, 399977.3738420745 3393731.7927185036, 399477.3738420745 3393731.7927185036, 399477.3738420745 3393231.7927185036, 399977.3738420745 3393231.7927185036))"
43,55,3,399727.3738420745,3393981.7927185036,"POLYGON ((399977.3738420745 3393731.7927185036, 399977.3738420745 3394231.7927185036, 399477.3738420745 3394231.7927185036, 399477.3738420745 3393731.7927185036, 399977.3738420745 3393731.7927185036))"
44,56,3,399727.3738420745,3394481.7927185036,"POLYGON ((399977.3738420745 3394231.7927185036, 399977.3738420745 3394731.7927185036, 399477.3738420745 3394731.7927185036, 399477.3738420745 3394231.7927185036, 399977.3738420745 3394231.7927185036))"
45,57,3,399727.3738420745,3394981.7927185036,"POLYGON ((399977.3738420745 3394731.7927185036, 399977.3738420745 3395231.7927185036, 399477.3738420745 3395231.7927185036, 399477.3738420745 3394731.7927185036, 399977.3738420745 3394731.7927185036))"
46,58,3,399727.3738420745,3395481.7927185036,"POLYGON ((399977.3738420745 3395231.7927185036, 399977.3738420745 3395731.7927185036, 399477.3738420745 3395731.7927185036, 399477.3738420745 3395231.7927185036, 399977.3738420745 3395231.7927185036))"
47,59,3,399727.3738420745,3395981.7927185036,"POLYGON ((399977.3738420745 3395731.7927185036, 399977.3738420745 3396231.7927185036, 399477.3738420745 3396231.7927185036, 399477.3738420745 3395731.7927185036, 399977.3738420745 3395731.7927185036))"
48,60,3,399727.3738420745,3396481.7927185036,"POLYGON ((399977.3738420745 3396231.7927185036, 399977.3738420745 3396731.7927185036, 399477.3738420745 3396731.7927185036, 399477.3738420745 3396231.7927185036, 399977.3738420745 3396231.7927185036))"
49,61,3,399727.3738420745,3396981.7927185036,"POLYGON ((399977.3738420745 3396731.7927185036, 399977.3738420745 3397231.7927185036, 399477.3738420745 3397231.7927185036, 399477.3738420745 3396731.7927185036, 399977.3738420745 3396731.7927185036))"
50,62,3,399727.3738420745,3397481.7927185036,"POLYGON ((399977.3738420745 3397231.7927185036, 399977.3738420745 3397731.7927185036, 399477.3738420745 3397731.7927185036, 399477.3738420745 3397231.7927185036, 399977.3738420745 3397231.7927185036))"
51,63,3,399727.3738420745,3397981.7927185036,"POLYGON ((399977.3738420745 3397731.7927185036, 399977.3738420745 3398231.7927185036, 399477.3738420745 3398231.7927185036, 399477.3738420745 3397731.7927185036, 399977.3738420745 3397731.7927185036))"
52,64,3,399727.3738420745,3398481.7927185036,"POLYGON ((399977.3738420745 3398231.7927185036, 399977.3738420745 3398731.7927185036, 399477.3738420745 3398731.7927185036, 399477.3738420745 3398231.7927185036, 399977.3738420745 3398231.7927185036))"
53,65,3,399727.3738420745,3398981.7927185036,"POLYGON ((399977.3738420745 3398731.7927185036, 399977.3738420745 3399231.7927185036, 399477.3738420745 3399231.7927185036, 399477.3738420745 3398731.7927185036, 399977.3738420745 3398731.7927185036))"
54,66,3,399727.3738420745,3399481.7927185036,"POLYGON ((399977.3738420745 3399231.7927185036, 399977.3738420745 3399731.7927185036, 399477.3738420745 3399731.7927185036, 399477.3738420745 3399231.7927185036, 399977.3738420745 3399231.7927185036))"
55,44,4,400227.3738420745,3388481.7927185036,"POLYGON ((400477.3738420745 3388231.7927185036, 400477.3738420745 3388731.7927185036, 399977.3738420745 3388731.7927185036, 399977.3738420745 3388231.7927185036, 400477.3738420745 3388231.7927185036))"
56,45,4,400227.3738420745,3388981.7927185036,"POLYGON ((400477.3738420745 3388731.7927185036, 400477.3738420745 3389231.7927185036, 399977.3738420745 3389231.7927185036, 399977.3738420745 3388731.7927185036, 400477.3738420745 3388731.7927185036))"
57,46,4,400227.3738420745,3389481.7927185036,"POLYGON ((400477.3738420745 3389231.7927185036, 400477.3738420745 3389731.7927185036, 399977.3738420745 3389731.7927185036, 399977.3738420745 3389231.7927185036, 400477.3738420745 3389231.7927185036))"
58,47,4,400227.3738420745,3389981.7927185036,"POLYGON ((400477.3738420745 3389731.7927185036, 400477.3738420745 3390231.7927185036, 399977.3738420745 3390231.7927185036, 399977.3738420745 3389731.7927185036, 400477.3738420745 3389731.7927185036))"
59,48,4,400227.3738420745,3390481.7927185036,"POLYGON ((400477.3738420745 3390231.7927185036, 400477.3738420745 3390731.7927185036, 399977.3738420745 3390731.7927185036, 399977.3738420745 3390231.7927185036, 400477.3738420745 3390231.7927185036))"
60,49,4,400227.3738420745,3390981.7927185036,"POLYGON ((400477.3738420745 3390731.7927185036, 400477.3738420745 3391231.7927185036, 399977.3738420745 3391231.7927185036, 399977.3738420745 3390731.7927185036, 400477.3738420745 3390731.7927185036))"
61,50,4,400227.3738420745,3391481.7927185036,"POLYGON ((400477.3738420745 3391231.7927185036, 400477.3738420745 3391731.7927185036, 399977.3738420745 3391731.7927185036, 399977.3738420745 3391231.7927185036, 400477.3738420745 3391231.7927185036))"
62,51,4,400227.3738420745,3391981.7927185036,"POLYGON ((400477.3738420745 3391731.7927185036, 400477.3738420745 3392231.7927185036, 399977.3738420745 3392231.7927185036, 399977.3738420745 3391731.7927185036, 400477.3738420745 3391731.7927185036))"
63,52,4,400227.3738420745,3392481.7927185036,"POLYGON ((400477.3738420745 3392231.7927185036, 400477.3738420745 3392731.7927185036, 399977.3738420745 3392731.7927185036, 399977.3738420745 3392231.7927185036, 400477.3738420745 3392231.7927185036))"
64,53,4,400227.3738420745,3392981.7927185036,"POLYGON ((400477.3738420745 3392731.7927185036, 400477.3738420745 3393231.7927185036, 399977.3738420745 3393231.7927185036, 399977.3738420745 3392731.7927185036, 400477.3738420745 3392731.7927185036))"
65,54,4,400227.3738420745,3393481.7927185036,"POLYGON ((400477.3738420745 3393231.7927185036, 400477.3738420745 3393731.7927185036, 399977.3738420745 3393731.7927185036, 399977.3738420745 3393231.7927185036, 400477.3738420745 3393231.7927185036))"
66,55,4,400227.3738420745,3393981.7927185036,"POLYGON ((400477.3738420745 3393731.7927185036, 400477.3738420745 3394231.7927185036, 399977.3738420745 3394231.7927185036, 399977.3738420745 3393731.7927185036, 400477.3738420745 3393731.7927185036))"
67,56,4,400227.3738420745,3394481.7927185036,"POLYGON ((400477.3738420745 3394231.7927185036, 400477.3738420745 3394731.7927185036, 399977.3738420745 3394731.7927185036, 399977.3738420745 3394231.7927185036, 400477.3738420745 3394231.7927185036))"
68,57,4,400227.3738420745,3394981.7927185036,"POLYGON ((400477.3738420745 3394731.7927185036, 400477.3738420745 3395231.7927185036, 399977.3738420745 3395231.7927185036, 399977.3738420745 3394731.7927185036, 400477.3738420745 3394731.7927185036))"
69,58,4,400227.3738420745,3395481.7927185036,"POLYGON ((400477.3738420745 3395231.7927185036, 400477.3738420745 3395731.7927185036, 399977.3738420745 3395731.7927185036, 399977.3738420745 3395231.7927185036, 400477.3738420745 3395231.7927185036))"
70,59,4,400227.3738420745,3395981.7927185036,"POLYGON ((400477.3738420745 3395731.7927185036, 400477.3738420745 3396231.7927185036, 399977.3738420745 3396231.7927185036, 399977.3738420745 3395731.7927185036, 400477.3738420745 3395731.7927185036))"
71,60,4,400227.3738420745,3396481.7927185036,"POLYGON ((400477.3738420745 3396231.7927185036, 400477.3738420745 3396731.7927185036, 399977.3738420745 3396731.7927185036, 399977.3738420745 3396231.7927185036, 400477.3738420745 3396231.7927185036))"
72,61,4,400227.3738420745,3396981.7927185036,"POLYGON ((400477.3738420745 3396731.7927185036, 400477.3738420745 3397231.7927185036, 399977.3738420745 3397231.7927185036, 399977.3738420745 3396731.7927185036, 400477.3738420745 3396731.7927185036))"
73,62,4,400227.3738420745,3397481.7927185036,"POLYGON ((400477.3738420745 3397231.7927185036, 400477.3738420745 3397731.7927185036, 399977.3738420745 3397731.7927185036, 399977.3738420745 3397231.7927185036, 400477.3738420745 3397231.7927185036))"
74,63,4,400227.3738420745,3397981.7927185036,"POLYGON ((400477.3738420745 3397731.7927185036, 400477.3738420745 3398231.7927185036, 399977.3738420745 3398231.7927185036, 399977.3738420745 3397731.7927185036, 400477.3738420745 3397731.7927185036))"
75,64,4,400227.3738420745,3398481.7927185036,"POLYGON ((400477.3738420745 3398231.7927185036, 400477.3738420745 3398731.7927185036, 399977.3738420745 3398731.7927185036, 399977.3738420745 3398231.7927185036, 400477.3738420745 3398231.7927185036))"
76,65,4,400227.3738420745,3398981.7927185036,"POLYGON ((400477.3738420745 3398731.7927185036, 400477.3738420745 3399231.7927185036, 399977.3738420745 3399231.7927185036, 399977.3738420745 3398731.7927185036, 400477.3738420745 3398731.7927185036))"
77,66,4,400227.3738420745,3399481.7927185036,"POLYGON ((400477.3738420745 3399231.7927185036, 400477.3738420745 3399731.7927185036, 399977.3738420745 3399731.7927185036, 399977.3738420745 3399231.7927185036, 400477.3738420745 3399231.7927185036))"
78,67,4,400227.3738420745,3399981.7927185036,"POLYGON ((400477.3738420745 3399731.7927185036, 400477.3738420745 3400231.7927185036, 399977.3738420745 3400231.7927185036, 399977.3738420745 3399731.7927185036, 400477.3738420745 3399731.7927185036))"
79,42,5,400727.3738420745,3387481.7927185036,"POLYGON ((400977.3738420745 3387231.7927185036, 400977.3738420745 3387731.7927185036, 400477.3738420745 3387731.7927185036, 400477.3738420745 3387231.7927185036, 400977.3738420745 3387231.7927185036))"
80,43,5,400727.3738420745,3387981.7927185036,"POLYGON ((400977.3738420745 3387731.7927185036, 400977.3738420745 3388231.7927185036, 400477.3738420745 3388231.7927185036, 400477.3738420745 3387731.7927185036, 400977.3738420745 3387731.7927185036))"
81,44,5,400727.3738420745,3388481.7927185036,"POLYGON ((400977.3738420745 3388231.7927185036, 400977.3738420745 3388731.7927185036, 400477.3738420745 3388731.7927185036, 400477.3738420745 3388231.7927185036, 400977.3738420745 3388231.7927185036))"
82,45,5,400727.3738420745,3388981.7927185036,"POLYGON ((400977.3738420745 3388731.7927185036, 400977.3738420745 3389231.7927185036, 400477.3738420745 3389231.7927185036, 400477.3738420745 3388731.7927185036, 400977.3738420745 3388731.7927185036))"
83,46,5,400727.3738420745,3389481.7927185036,"POLYGON ((400977.3738420745 3389231.7927185036, 400977.3738420745 3389731.7927185036, 400477.3738420745 3389731.7927185036, 400477.3738420745 3389231.7927185036, 400977.3738420745 3389231.7927185036))"
84,47,5,400727.3738420745,3389981.7927185036,"POLYGON ((400977.3738420745 3389731.7927185036, 400977.3738420745 3390231.7927185036, 400477.3738420745 3390231.7927185036, 400477.3738420745 3389731.7927185036, 400977.3738420745 3389731.7927185036))"
85,48,5,400727.3738420745,3390481.7927185036,"POLYGON ((400977.3738420745 3390231.7927185036, 400977.3738420745 3390731.7927185036, 400477.3738420745 3390731.7927185036, 400477.3738420745 3390231.7927185036, 400977.3738420745 3390231.7927185036))"
86,49,5,400727.3738420745,3390981.7927185036,"POLYGON ((400977.3738420745 3390731.7927185036, 400977.3738420745 3391231.7927185036, 400477.3738420745 3391231.7927185036, 400477.3738420745 3390731.7927185036, 400977.3738420745 3390731.7927185036))"
87,50,5,400727.3738420745,3391481.7927185036,"POLYGON ((400977.3738420745 3391231.7927185036, 400977.3738420745 3391731.7927185036, 400477.3738420745 3391731.7927185036, 400477.3738420745 3391231.7927185036, 400977.3738420745 3391231.7927185036))"
88,51,5,400727.3738420745,3391981.7927185036,"POLYGON ((400977.3738420745 3391731.7927185036, 400977.3738420745 3392231.7927185036, 400477.3738420745 3392231.7927185036, 400477.3738420745 3391731.7927185036, 400977.3738420745 3391731.7927185036))"
89,52,5,400727.3738420745,3392481.7927185036,"POLYGON ((400977.3738420745 3392231.7927185036, 400977.3738420745 3392731.7927185036, 400477.3738420745 3392731.7927185036, 400477.3738420745 3392231.7927185036, 400977.3738420745 3392231.7927185036))"
90,53,5,400727.3738420745,3392981.7927185036,"POLYGON ((400977.3738420745 3392731.7927185036, 400977.3738420745 3393231.7927185036, 400477.3738420745 3393231.7927185036, 400477.3738420745 3392731.7927185036, 400977.3738420745 3392731.7927185036))"
91,54,5,400727.3738420745,3393481.7927185036,"POLYGON ((400977.3738420745 3393231.7927185036, 400977.3738420745 3393731.7927185036, 400477.3738420745 3393731.7927185036, 400477.3738420745 3393231.7927185036, 400977.3738420745 3393231.7927185036))"
92,55,5,400727.3738420745,3393981.7927185036,"POLYGON ((400977.3738420745 3393731.7927185036, 400977.3738420745 3394231.7927185036, 400477.3738420745 3394231.7927185036, 400477.3738420745 3393731.7927185036, 400977.3738420745 3393731.7927185036))"
93,56,5,400727.3738420745,3394481.7927185036,"POLYGON ((400977.3738420745 3394231.7927185036, 400977.3738420745 3394731.7927185036, 400477.3738420745 3394731.7927185036, 400477.3738420745 3394231.7927185036, 400977.3738420745 3394231.7927185036))"
94,57,5,400727.3738420745,3394981.7927185036,"POLYGON ((400977.3738420745 3394731.7927185036, 400977.3738420745 3395231.7927185036, 400477.3738420745 3395231.7927185036, 400477.3738420745 3394731.7927185036, 400977.3738420745 3394731.7927185036))"
95,58,5,400727.3738420745,3395481.7927185036,"POLYGON ((400977.3738420745 3395231.7927185036, 400977.3738420745 3395731.7927185036, 400477.3738420745 3395731.7927185036, 400477.3738420745 3395231.7927185036, 400977.3738420745 3395231.7927185036))"
96,59,5,400727.3738420745,3395981.7927185036,"POLYGON ((400977.3738420745 3395731.7927185036, 400977.3738420745 3396231.7927185036, 400477.3738420745 3396231.7927185036, 400477.3738420745 3395731.7927185036, 400977.3738420745 3395731.7927185036))"
97,60,5,400727.3738420745,3396481.7927185036,"POLYGON ((400977.3738420745 3396231.7927185036, 400977.3738420745 3396731.7927185036, 400477.3738420745 3396731.7927185036, 400477.3738420745 3396231.7927185036, 400977.3738420745 3396231.7927185036))"
98,61,5,400727.3738420745,3396981.7927185036,"POLYGON ((400977.3738420745 3396731.7927185036, 400977.3738420745 3397231.7927185036, 400477.3738420745 3397231.7927185036, 400477.3738420745 3396731.7927185036, 400977.3738420745 3396731.7927185036))"
99,62,5,400727.3738420745,3397481.7927185036,"POLYGON ((400977.3738420745 3397231.7927185036, 400977.3738420745 3397731.7927185036, 400477.3738420745 3397731.7927185036, 400477.3738420745 3397231.7927185036, 400977.3738420745 3397231.7927185036))"
100,63,5,400727.3738420745,3397981.7927185036,"POLYGON ((400977.3738420745 3397731.7927185036, 400977.3738420745 3398231.7927185036, 400477.3738420745 3398231.7927185036, 400477.3738420745 3397731.7927185036, 400977.3738420745 3397731.7927185036))"
101,64,5,400727.3738420745,3398481.7927185036,"POLYGON ((400977.3738420745 3398231.7927185036, 400977.3738420745 3398731.7927185036, 400477.3738420745 3398731.7927185036, 400477.3738420745 3398231.7927185036, 400977.3738420745 3398231.7927185036))"
102,65,5,400727.3738420745,3398981.7927185036,"POLYGON ((400977.3738420745 3398731.7927185036, 400977.3738420745 3399231.7927185036, 400477.3738420745 3399231.7927185036, 400477.3738420745 3398731.7927185036, 400977.3738420745 3398731.7927185036))"
103,66,5,400727.3738420745,3399481.7927185036,"POLYGON ((400977.3738420745 3399231.7927185036, 400977.3738420745 3399731.7927185036, 400477.3738420745 3399731.7927185036, 400477.3738420745 3399231.7927185036, 400977.3738420745 3399231.7927185036))"
104,67,5,400727.3738420745,3399981.7927185036,"POLYGON ((400977.3738420745 3399731.7927185036, 400977.3738420745 3400231.7927185036, 400477.3738420745 3400231.7927185036, 400477.3738420745 3399731.7927185036, 400977.3738420745 3399731.7927185036))"
105,39,6,401227.3738420745,3385981.7927185036,"POLYGON ((401477.3738420745 3385731.7927185036, 401477.3738420745 3386231.7927185036, 400977.3738420745 3386231.7927185036, 400977.3738420745 3385731.7927185036, 401477.3738420745 3385731.7927185036))"
106,40,6,401227.3738420745,3386481.7927185036,"POLYGON ((401477.3738420745 3386231.7927185036, 401477.3738420745 3386731.7927185036, 400977.3738420745 3386731.7927185036, 400977.3738420745 3386231.7927185036, 401477.3738420745 3386231.7927185036))"
107,41,6,401227.3738420745,3386981.7927185036,"POLYGON ((401477.3738420745 3386731.7927185036, 401477.3738420745 3387231.7927185036, 400977.3738420745 3387231.7927185036, 400977.3738420745 3386731.7927185036, 401477.3738420745 3386731.7927185036))"
108,42,6,401227.3738420745,3387481.7927185036,"POLYGON ((401477.3738420745 3387231.7927185036, 401477.3738420745 3387731.7927185036, 400977.3738420745 3387731.7927185036, 400977.3738420745 3387231.7927185036, 401477.3738420745 3387231.7927185036))"
109,43,6,401227.3738420745,3387981.7927185036,"POLYGON ((401477.3738420745 3387731.7927185036, 401477.3738420745 3388231.7927185036, 400977.3738420745 3388231.7927185036, 400977.3738420745 3387731.7927185036, 401477.3738420745 3387731.7927185036))"
110,44,6,401227.3738420745,3388481.7927185036,"POLYGON ((401477.3738420745 3388231.7927185036, 401477.3738420745 3388731.7927185036, 400977.3738420745 3388731.7927185036, 400977.3738420745 3388231.7927185036, 401477.3738420745 3388231.7927185036))"
111,45,6,401227.3738420745,3388981.7927185036,"POLYGON ((401477.3738420745 3388731.7927185036, 401477.3738420745 3389231.7927185036, 400977.3738420745 3389231.7927185036, 400977.3738420745 3388731.7927185036, 401477.3738420745 3388731.7927185036))"
112,46,6,401227.3738420745,3389481.7927185036,"POLYGON ((401477.3738420745 3389231.7927185036, 401477.3738420745 3389731.7927185036, 400977.3738420745 3389731.7927185036, 400977.3738420745 3389231.7927185036, 401477.3738420745 3389231.7927185036))"
113,47,6,401227.3738420745,3389981.7927185036,"POLYGON ((401477.3738420745 3389731.7927185036, 401477.3738420745 3390231.7927185036, 400977.3738420745 3390231.7927185036, 400977.3738420745 3389731.7927185036, 401477.3738420745 3389731.7927185036))"
114,48,6,401227.3738420745,3390481.7927185036,"POLYGON ((401477.3738420745 3390231.7927185036, 401477.3738420745 3390731.7927185036, 400977.3738420745 3390731.7927185036, 400977.3738420745 3390231.7927185036, 401477.3738420745 3390231.7927185036))"
115,49,6,401227.3738420745,3390981.7927185036,"POLYGON ((401477.3738420745 3390731.7927185036, 401477.3738420745 3391231.7927185036, 400977.3738420745 3391231.7927185036, 400977.3738420745 3390731.7927185036, 401477.3738420745 3390731.7927185036))"
116,50,6,401227.3738420745,3391481.7927185036,"POLYGON ((401477.3738420745 3391231.7927185036, 401477.3738420745 3391731.7927185036, 400977.3738420745 3391731.7927185036, 400977.3738420745 3391231.7927185036, 401477.3738420745 3391231.7927185036))"
117,51,6,401227.3738420745,3391981.7927185036,"POLYGON ((401477.3738420745 3391731.7927185036, 401477.3738420745 3392231.7927185036, 400977.3738420745 3392231.7927185036, 400977.3738420745 3391731.7927185036, 401477.3738420745 3391731.7927185036))"
118,52,6,401227.3738420745,3392481.7927185036,"POLYGON ((401477.3738420745 3392231.7927185036, 401477.3738420745 3392731.7927185036, 400977.3738420745 3392731.7927185036, 400977.3738420745 3392231.7927185036, 401477.3738420745 3392231.7927185036))"
119,53,6,401227.3738420745,3392981.7927185036,"POLYGON ((401477.3738420745 3392731.7927185036, 401477.3738420745 3393231.7927185036, 400977.3738420745 3393231.7927185036, 400977.3738420745 3392731.7927185036, 401477.3738420745 3392731.7927185036))"
120,54,6,401227.3738420745,3393481.7927185036,"POLYGON ((401477.3738420745 3393231.7927185036, 401477.3738420745 3393731.7927185036, 400977.3738420745 3393731.7927185036, 400977.3738420745 3393231.7927185036, 401477.3738420745 3393231.7927185036))"
121,55,6,401227.3738420745,3393981.7927185036,"POLYGON ((401477.3738420745 3393731.7927185036, 401477.3738420745 3394231.7927185036, 400977.3738420745 3394231.7927185036, 400977.3738420745 3393731.7927185036, 401477.3738420745 3393731.7927185036))"
122,56,6,401227.3738420745,3394481.7927185036,"POLYGON ((401477.3738420745 3394231.7927185036, 401477.3738420745 3394731.7927185036, 400977.3738420745 3394731.7927185036, 400977.3738420745 3394231.7927185036, 401477.3738420745 3394231.7927185036))"
123,57,6,401227.3738420745,3394981.7927185036,"POLYGON ((401477.3738420745 3394731.7927185036, 401477.3738420745 3395231.7927185036, 400977.3738420745 3395231.7927185036, 400977.3738420745 3394731.7927185036, 401477.3738420745 3394731.7927185036))"
124,58,6,401227.3738420745,3395481.7927185036,"POLYGON ((401477.3738420745 3395231.7927185036, 401477.3738420745 3395731.7927185036, 400977.3738420745 3395731.7927185036, 400977.3738420745 3395231.7927185036, 401477.3738420745 3395231.7927185036))"
125,59,6,401227.3738420745,3395981.7927185036,"POLYGON ((401477.3738420745 3395731.7927185036, 401477.3738420745 3396231.7927185036, 400977.3738420745 3396231.7927185036, 400977.3738420745 3395731.7927185036, 401477.3738420745 3395731.7927185036))"
126,60,6,401227.3738420745,3396481.7927185036,"POLYGON ((401477.3738420745 3396231.7927185036, 401477.3738420745 3396731.7927185036, 400977.3738420745 3396731.7927185036, 400977.3738420745 3396231.7927185036, 401477.3738420745 3396231.7927185036))"
127,61,6,401227.3738420745,3396981.7927185036,"POLYGON ((401477.3738420745 3396731.7927185036, 401477.3738420745 3397231.7927185036, 400977.3738420745 3397231.7927185036, 400977.3738420745 3396731.7927185036, 401477.3738420745 3396731.7927185036))"
128,62,6,401227.3738420745,3397481.7927185036,"POLYGON ((401477.3738420745 3397231.7927185036, 401477.3738420745 3397731.7927185036, 400977.3738420745 3397731.7927185036, 400977.3738420745 3397231.7927185036, 401477.3738420745 3397231.7927185036))"
129,63,6,401227.3738420745,3397981.7927185036,"POLYGON ((401477.3738420745 3397731.7927185036, 401477.3738420745 3398231.7927185036, 400977.3738420745 3398231.7927185036, 400977.3738420745 3397731.7927185036, 401477.3738420745 3397731.7927185036))"
130,64,6,401227.3738420745,3398481.7927185036,"POLYGON ((401477.3738420745 3398231.7927185036, 401477.3738420745 3398731.7927185036, 400977.3738420745 3398731.7927185036, 400977.3738420745 3398231.7927185036, 401477.3738420745 3398231.7927185036))"
131,65,6,401227.3738420745,3398981.7927185036,"POLYGON ((401477.3738420745 3398731.7927185036, 401477.3738420745 3399231.7927185036, 400977.3738420745 3399231.7927185036, 400977.3738420745 3398731.7927185036, 401477.3738420745 3398731.7927185036))"
132,66,6,401227.3738420745,3399481.7927185036,"POLYGON ((401477.3738420745 3399231.7927185036, 401477.3738420745 3399731.7927185036, 400977.3738420745 3399731.7927185036, 400977.3738420745 3399231.7927185036, 401477.3738420745 3399231.7927185036))"
133,67,6,401227.3738420745,3399981.7927185036,"POLYGON ((401477.3738420745 3399731.7927185036, 401477.3738420745 3400231.7927185036, 400977.3738420745 3400231.7927185036, 400977.3738420745 3399731.7927185036, 401477.3738420745 3399731.7927185036))"
134,68,6,401227.3738420745,3400481.7927185036,"POLYGON ((401477.3738420745 3400231.7927185036, 401477.3738420745 3400731.7927185036, 400977.3738420745 3400731.7927185036, 400977.3738420745 3400231.7927185036, 401477.3738420745 3400231.7927185036))"
135,37,7,401727.3738420745,3384981.7927185036,"POLYGON ((401977.3738420745 3384731.7927185036, 401977.3738420745 3385231.7927185036, 401477.3738420745 3385231.7927185036, 401477.3738420745 3384731.7927185036, 401977.3738420745 3384731.7927185036))"
136,38,7,401727.3738420745,3385481.7927185036,"POLYGON ((401977.3738420745 3385231.7927185036, 401977.3738420745 3385731.7927185036, 401477.3738420745 3385731.7927185036, 401477.3738420745 3385231.7927185036, 401977.3738420745 3385231.7927185036))"
137,39,7,401727.3738420745,3385981.7927185036,"POLYGON ((401977.3738420745 3385731.7927185036, 401977.3738420745 3386231.7927185036, 401477.3738420745 3386231.7927185036, 401477.3738420745 3385731.7927185036, 401977.3738420745 3385731.7927185036))"
138,40,7,401727.3738420745,3386481.7927185036,"POLYGON ((401977.3738420745 3386231.7927185036, 401977.3738420745 3386731.7927185036, 401477.3738420745 3386731.7927185036, 401477.3738420745 3386231.7927185036, 401977.3738420745 3386231.7927185036))"
139,41,7,401727.3738420745,3386981.7927185036,"POLYGON ((401977.3738420745 3386731.7927185036, 401977.3738420745 3387231.7927185036, 401477.3738420745 3387231.7927185036, 401477.3738420745 3386731.7927185036, 401977.3738420745 3386731.7927185036))"
140,42,7,401727.3738420745,3387481.7927185036,"POLYGON ((401977.3738420745 3387231.7927185036, 401977.3738420745 3387731.7927185036, 401477.3738420745 3387731.7927185036, 401477.3738420745 3387231.7927185036, 401977.3738420745 3387231.7927185036))"
141,43,7,401727.3738420745,3387981.7927185036,"POLYGON ((401977.3738420745 3387731.7927185036, 401977.3738420745 3388231.7927185036, 401477.3738420745 3388231.7927185036, 401477.3738420745 3387731.7927185036, 401977.3738420745 3387731.7927185036))"
142,44,7,401727.3738420745,3388481.7927185036,"POLYGON ((401977.3738420745 3388231.7927185036, 401977.3738420745 3388731.7927185036, 401477.3738420745 3388731.7927185036, 401477.3738420745 3388231.7927185036, 401977.3738420745 3388231.7927185036))"
143,45,7,401727.3738420745,3388981.7927185036,"POLYGON ((401977.3738420745 3388731.7927185036, 401977.3738420745 3389231.7927185036, 401477.3738420745 3389231.7927185036, 401477.3738420745 3388731.7927185036, 401977.3738420745 3388731.7927185036))"
144,46,7,401727.3738420745,3389481.7927185036,"POLYGON ((401977.3738420745 3389231.7927185036, 401977.3738420745 3389731.7927185036, 401477.3738420745 3389731.7927185036, 401477.3738420745 3389231.7927185036, 401977.3738420745 3389231.7927185036))"
145,47,7,401727.3738420745,3389981.7927185036,"POLYGON ((401977.3738420745 3389731.7927185036, 401977.3738420745 3390231.7927185036, 401477.3738420745 3390231.7927185036, 401477.3738420745 3389731.7927185036, 401977.3738420745 3389731.7927185036))"
146,48,7,401727.3738420745,3390481.7927185036,"POLYGON ((401977.3738420745 3390231.7927185036, 401977.3738420745 3390731.7927185036, 401477.3738420745 3390731.7927185036, 401477.3738420745 3390231.7927185036, 401977.3738420745 3390231.7927185036))"
147,49,7,401727.3738420745,3390981.7927185036,"POLYGON ((401977.3738420745 3390731.7927185036, 401977.3738420745 3391231.7927185036, 401477.3738420745 3391231.7927185036, 401477.3738420745 3390731.7927185036, 401977.3738420745 3390731.7927185036))"
148,50,7,401727.3738420745,3391481.7927185036,"POLYGON ((401977.3738420745 3391231.7927185036, 401977.3738420745 3391731.7927185036, 401477.3738420745 3391731.7927185036, 401477.3738420745 3391231.7927185036, 401977.3738420745 3391231.7927185036))"
149,51,7,401727.3738420745,3391981.7927185036,"POLYGON ((401977.3738420745 3391731.7927185036, 401977.3738420745 3392231.7927185036, 401477.3738420745 3392231.7927185036, 401477.3738420745 3391731.7927185036, 401977.3738420745 3391731.7927185036))"
150,52,7,401727.3738420745,3392481.7927185036,"POLYGON ((401977.3738420745 3392231.7927185036, 401977.3738420745 3392731.7927185036, 401477.3738420745 3392731.7927185036, 401477.3738420745 3392231.7927185036, 401977.3738420745 3392231.7927185036))"
151,53,7,401727.3738420745,3392981.7927185036,"POLYGON ((401977.3738420745 3392731.7927185036, 401977.3738420745 3393231.7927185036, 401477.3738420745 3393231.7927185036, 401477.3738420745 3392731.7927185036, 401977.3738420745 3392731.7927185036))"
152,54,7,401727.3738420745,3393481.7927185036,"POLYGON ((401977.3738420745 3393231.7927185036, 401977.3738420745 3393731.7927185036, 401477.3738420745 3393731.7927185036, 401477.3738420745 3393231.7927185036, 401977.3738420745 3393231.7927185036))"
153,55,7,401727.3738420745,3393981.7927185036,"POLYGON ((401977.3738420745 3393731.7927185036, 401977.3738420745 3394231.7927185036, 401477.3738420745 3394231.7927185036, 401477.3738420745 3393731.7927185036, 401977.3738420745 3393731.7927185036))"
154,56,7,401727.3738420745,3394481.7927185036,"POLYGON ((401977.3738420745 3394231.7927185036, 401977.3738420745 3394731.7927185036, 401477.3738420745 3394731.7927185036, 401477.3738420745 3394231.7927185036, 401977.3738420745 3394231.7927185036))"
155,57,7,401727.3738420745,3394981.7927185036,"POLYGON ((401977.3738420745 3394731.7927185036, 401977.3738420745 3395231.7927185036, 401477.3738420745 3395231.7927185036, 401477.3738420745 3394731.7927185036, 401977.3738420745 3394731.7927185036))"
156,58,7,401727.3738420745,3395481.7927185036,"POLYGON ((401977.3738420745 3395231.7927185036, 401977.3738420745 3395731.7927185036, 401477.3738420745 3395731.7927185036, 401477.3738420745 3395231.7927185036, 401977.3738420745 3395231.7927185036))"
157,59,7,401727.3738420745,3395981.7927185036,"POLYGON ((401977.3738420745 3395731.7927185036, 401977.3738420745 3396231.7927185036, 401477.3738420745 3396231.7927185036, 401477.3738420745 3395731.7927185036, 401977.3738420745 3395731.7927185036))"
158,60,7,401727.3738420745,3396481.7927185036,"POLYGON ((401977.3738420745 3396231.7927185036, 401977.3738420745 3396731.7927185036, 401477.3738420745 3396731.7927185036, 401477.3738420745 3396231.7927185036, 401977.3738420745 3396231.7927185036))"
159,61,7,401727.3738420745,3396981.7927185036,"POLYGON ((401977.3738420745 3396731.7927185036, 401977.3738420745 3397231.7927185036, 401477.3738420745 3397231.7927185036, 401477.3738420745 3396731.7927185036, 401977.3738420745 3396731.7927185036))"
160,62,7,401727.3738420745,3397481.7927185036,"POLYGON ((401977.3738420745 3397231.7927185036, 401977.3738420745 3397731.7927185036, 401477.3738420745 3397731.7927185036, 401477.3738420745 3397231.7927185036, 401977.3738420745 3397231.7927185036))"
161,63,7,401727.3738420745,3397981.7927185036,"POLYGON ((401977.3738420745 3397731.7927185036, 401977.3738420745 3398231.7927185036, 401477.3738420745 3398231.7927185036, 401477.3738420745 3397731.7927185036, 401977.3738420745 3397731.7927185036))"
162,64,7,401727.3738420745,3398481.7927185036,"POLYGON ((401977.3738420745 3398231.7927185036, 401977.3738420745 3398731.7927185036, 401477.3738420745 3398731.7927185036, 401477.3738420745 3398231.7927185036, 401977.3738420745 3398231.7927185036))"
163,65,7,401727.3738420745,3398981.7927185036,"POLYGON ((401977.3738420745 3398731.7927185036, 401977.3738420745 3399231.7927185036, 401477.3738420745 3399231.7927185036, 401477.3738420745 3398731.7927185036, 401977.3738420745 3398731.7927185036))"
164,66,7,401727.3738420745,3399481.7927185036,"POLYGON ((401977.3738420745 3399231.7927185036, 401977.3738420745 3399731.7927185036, 401477.3738420745 3399731.7927185036, 401477.3738420745 3399231.7927185036, 401977.3738420745 3399231.7927185036))"
165,67,7,401727.3738420745,3399981.7927185036,"POLYGON ((401977.3738420745 3399731.7927185036, 401977.3738420745 3400231.7927185036, 401477.3738420745 3400231.7927185036, 401477.3738420745 3399731.7927185036, 401977.3738420745 3399731.7927185036))"
166,68,7,401727.3738420745,3400481.7927185036,"POLYGON ((401977.3738420745 3400231.7927185036, 401977.3738420745 3400731.7927185036, 401477.3738420745 3400731.7927185036, 401477.3738420745 3400231.7927185036, 401977.3738420745 3400231.7927185036))"
167,34,8,402227.3738420745,3383481.7927185036,"POLYGON ((402477.3738420745 3383231.7927185036, 402477.3738420745 3383731.7927185036, 401977.3738420745 3383731.7927185036, 401977.3738420745 3383231.7927185036, 402477.3738420745 3383231.7927185036))"
168,35,8,402227.3738420745,3383981.7927185036,"POLYGON ((402477.3738420745 3383731.7927185036, 402477.3738420745 3384231.7927185036, 401977.3738420745 3384231.7927185036, 401977.3738420745 3383731.7927185036, 402477.3738420745 3383731.7927185036))"
169,36,8,402227.3738420745,3384481.7927185036,"POLYGON ((402477.3738420745 3384231.7927185036, 402477.3738420745 3384731.7927185036, 401977.3738420745 3384731.7927185036, 401977.3738420745 3384231.7927185036, 402477.3738420745 3384231.7927185036))"
170,37,8,402227.3738420745,3384981.7927185036,"POLYGON ((402477.3738420745 3384731.7927185036, 402477.3738420745 3385231.7927185036, 401977.3738420745 3385231.7927185036, 401977.3738420745 3384731.7927185036, 402477.3738420745 3384731.7927185036))"
171,38,8,402227.3738420745,3385481.7927185036,"POLYGON ((402477.3738420745 3385231.7927185036, 402477.3738420745 3385731.7927185036, 401977.3738420745 3385731.7927185036, 401977.3738420745 3385231.7927185036, 402477.3738420745 3385231.7927185036))"
172,39,8,402227.3738420745,3385981.7927185036,"POLYGON ((402477.3738420745 3385731.7927185036, 402477.3738420745 3386231.7927185036, 401977.3738420745 3386231.7927185036, 401977.3738420745 3385731.7927185036, 402477.3738420745 3385731.7927185036))"
173,40,8,402227.3738420745,3386481.7927185036,"POLYGON ((402477.3738420745 3386231.7927185036, 402477.3738420745 3386731.7927185036, 401977.3738420745 3386731.7927185036, 401977.3738420745 3386231.7927185036, 402477.3738420745 3386231.7927185036))"
174,41,8,402227.3738420745,3386981.7927185036,"POLYGON ((402477.3738420745 3386731.7927185036, 402477.3738420745 3387231.7927185036, 401977.3738420745 3387231.7927185036, 401977.3738420745 3386731.7927185036, 402477.3738420745 3386731.7927185036))"
175,42,8,402227.3738420745,3387481.7927185036,"POLYGON ((402477.3738420745 3387231.7927185036, 402477.3738420745 3387731.7927185036, 401977.3738420745 3387731.7927185036, 401977.3738420745 3387231.7927185036, 402477.3738420745 3387231.7927185036))"
176,43,8,402227.3738420745,3387981.7927185036,"POLYGON ((402477.3738420745 3387731.7927185036, 402477.3738420745 3388231.7927185036, 401977.3738420745 3388231.7927185036, 401977.3738420745 3387731.7927185036, 402477.3738420745 3387731.7927185036))"
177,44,8,402227.3738420745,3388481.7927185036,"POLYGON ((402477.3738420745 3388231.7927185036, 402477.3738420745 3388731.7927185036, 401977.3738420745 3388731.7927185036, 401977.3738420745 3388231.7927185036, 402477.3738420745 3388231.7927185036))"
178,45,8,402227.3738420745,3388981.7927185036,"POLYGON ((402477.3738420745 3388731.7927185036, 402477.3738420745 3389231.7927185036, 401977.3738420745 3389231.7927185036, 401977.3738420745 3388731.7927185036, 402477.3738420745 3388731.7927185036))"
179,46,8,402227.3738420745,3389481.7927185036,"POLYGON ((402477.3738420745 3389231.7927185036, 402477.3738420745 3389731.7927185036, 401977.3738420745 3389731.7927185036, 401977.3738420745 3389231.7927185036, 402477.3738420745 3389231.7927185036))"
180,47,8,402227.3738420745,3389981.7927185036,"POLYGON ((402477.3738420745 3389731.7927185036, 402477.3738420745 3390231.7927185036, 401977.3738420745 3390231.7927185036, 401977.3738420745 3389731.7927185036, 402477.3738420745 3389731.7927185036))"
181,48,8,402227.3738420745,3390481.7927185036,"POLYGON ((402477.3738420745 3390231.7927185036, 402477.3738420745 3390731.7927185036, 401977.3738420745 3390731.7927185036, 401977.3738420745 3390231.7927185036, 402477.3738420745 3390231.7927185036))"
182,49,8,402227.3738420745,3390981.7927185036,"POLYGON ((402477.3738420745 3390731.7927185036, 402477.3738420745 3391231.7927185036, 401977.3738420745 3391231.7927185036, 401977.3738420745 3390731.7927185036, 402477.3738420745 3390731.7927185036))"
183,50,8,402227.3738420745,3391481.7927185036,"POLYGON ((402477.3738420745 3391231.7927185036, 402477.3738420745 3391731.7927185036, 401977.3738420745 3391731.7927185036, 401977.3738420745 3391231.7927185036, 402477.3738420745 3391231.7927185036))"
184,51,8,402227.3738420745,3391981.7927185036,"POLYGON ((402477.3738420745 3391731.7927185036, 402477.3738420745 3392231.7927185036, 401977.3738420745 3392231.7927185036, 401977.3738420745 3391731.7927185036, 402477.3738420745 3391731.7927185036))"
185,52,8,402227.3738420745,3392481.7927185036,"POLYGON ((402477.3738420745 3392231.7927185036, 402477.3738420745 3392731.7927185036, 401977.3738420745 3392731.7927185036, 401977.3738420745 3392231.7927185036, 402477.3738420745 3392231.7927185036))"
186,53,8,402227.3738420745,3392981.7927185036,"POLYGON ((402477.3738420745 3392731.7927185036, 402477.3738420745 3393231.7927185036, 401977.3738420745 3393231.7927185036, 401977.3738420745 3392731.7927185036, 402477.3738420745 3392731.7927185036))"
187,54,8,402227.3738420745,3393481.7927185036,"POLYGON ((402477.3738420745 3393231.7927185036, 402477.3738420745 3393731.7927185036, 401977.3738420745 3393731.7927185036, 401977.3738420745 3393231.7927185036, 402477.3738420745 3393231.7927185036))"
188,55,8,402227.3738420745,3393981.7927185036,"POLYGON ((402477.3738420745 3393731.7927185036, 402477.3738420745 3394231.7927185036, 401977.3738420745 3394231.7927185036, 401977.3738420745 3393731.7927185036, 402477.3738420745 3393731.7927185036))"
189,56,8,402227.3738420745,3394481.7927185036,"POLYGON ((402477.3738420745 3394231.7927185036, 402477.3738420745 3394731.7927185036, 401977.3738420745 3394731.7927185036, 401977.3738420745 3394231.7927185036, 402477.3738420745 3394231.7927185036))"
190,57,8,402227.3738420745,3394981.7927185036,"POLYGON ((402477.3738420745 3394731.7927185036, 402477.3738420745 3395231.7927185036, 401977.3738420745 3395231.7927185036, 401977.3738420745 3394731.7927185036, 402477.3738420745 3394731.7927185036))"
191,58,8,402227.3738420745,3395481.7927185036,"POLYGON ((402477.3738420745 3395231.7927185036, 402477.3738420745 3395731.7927185036, 401977.3738420745 3395731.7927185036, 401977.3738420745 3395231.7927185036, 402477.3738420745 3395231.7927185036))"
192,59,8,402227.3738420745,3395981.7927185036,"POLYGON ((402477.3738420745 3395731.7927185036, 402477.3738420745 3396231.7927185036, 401977.3738420745 3396231.7927185036, 401977.3738420745 3395731.7927185036, 402477.3738420745 3395731.7927185036))"
193,60,8,402227.3738420745,3396481.7927185036,"POLYGON ((402477.3738420745 3396231.7927185036, 402477.3738420745 3396731.7927185036, 401977.3738420745 3396731.7927185036, 401977.3738420745 3396231.7927185036, 402477.3738420745 3396231.7927185036))"
194,61,8,402227.3738420745,3396981.7927185036,"POLYGON ((402477.3738420745 3396731.7927185036, 402477.3738420745 3397231.7927185036, 401977.3738420745 3397231.7927185036, 401977.3738420745 3396731.7927185036, 402477.3738420745 3396731.7927185036))"
195,62,8,402227.3738420745,3397481.7927185036,"POLYGON ((402477.3738420745 3397231.7927185036, 402477.3738420745 3397731.7927185036, 401977.3738420745 3397731.7927185036, 401977.3738420745 3397231.7927185036, 402477.3738420745 3397231.7927185036))"
196,63,8,402227.3738420745,3397981.7927185036,"POLYGON ((402477.3738420745 3397731.7927185036, 402477.3738420745 3398231.7927185036, 401977.3738420745 3398231.7927185036, 401977.3738420745 3397731.7927185036, 402477.3738420745 3397731.7927185036))"
197,64,8,402227.3738420745,3398481.7927185036,"POLYGON ((402477.3738420745 3398231.7927185036, 402477.3738420745 3398731.7927185036, 401977.3738420745 3398731.7927185036, 401977.3738420745 3398231.7927185036, 402477.3738420745 3398231.7927185036))"
198,65,8,402227.3738420745,3398981.7927185036,"POLYGON ((402477.3738420745 3398731.7927185036, 402477.3738420745 3399231.7927185036, 401977.3738420745 3399231.7927185036, 401977.3738420745 3398731.7927185036, 402477.3738420745 3398731.7927185036))"
199,66,8,402227.3738420745,3399481.7927185036,"POLYGON ((402477.3738420745 3399231.7927185036, 402477.3738420745 3399731.7927185036, 401977.3738420745 3399731.7927185036, 401977.3738420745 3399231.7927185036, 402477.3738420745 3399231.7927185036))"
200,67,8,402227.3738420745,3399981.7927185036,"POLYGON ((402477.3738420745 3399731.7927185036, 402477.3738420745 3400231.7927185036, 401977.3738420745 3400231.7927185036, 401977.3738420745 3399731.7927185036, 402477.3738420745 3399731.7927185036))"
201,68,8,402227.3738420745,3400481.7927185036,"POLYGON ((402477.3738420745 3400231.7927185036, 402477.3738420745 3400731.7927185036, 401977.3738420745 3400731.7927185036, 401977.3738420745 3400231.7927185036, 402477.3738420745 3400231.7927185036))"
202,69,8,402227.3738420745,3400981.7927185036,"POLYGON ((402477.3738420745 3400731.7927185036, 402477.3738420745 3401231.7927185036, 401977.3738420745 3401231.7927185036, 401977.3738420745 3400731.7927185036, 402477.3738420745 3400731.7927185036))"
203,32,9,402727.3738420745,3382481.7927185036,"POLYGON ((402977.3738420745 3382231.7927185036, 402977.3738420745 3382731.7927185036, 402477.3738420745 3382731.7927185036, 402477.3738420745 3382231.7927185036, 402977.3738420745 3382231.7927185036))"
204,33,9,402727.3738420745,3382981.7927185036,"POLYGON ((402977.3738420745 3382731.7927185036, 402977.3738420745 3383231.7927185036, 402477.3738420745 3383231.7927185036, 402477.3738420745 3382731.7927185036, 402977.3738420745 3382731.7927185036))"
205,34,9,402727.3738420745,3383481.7927185036,"POLYGON ((402977.3738420745 3383231.7927185036, 402977.3738420745 3383731.7927185036, 402477.3738420745 3383731.7927185036, 402477.3738420745 3383231.7927185036, 402977.3738420745 3383231.7927185036))"
206,35,9,402727.3738420745,3383981.7927185036,"POLYGON ((402977.3738420745 3383731.7927185036, 402977.3738420745 3384231.7927185036, 402477.3738420745 3384231.7927185036, 402477.3738420745 3383731.7927185036, 402977.3738420745 3383731.7927185036))"
207,36,9,402727.3738420745,3384481.7927185036,"POLYGON ((402977.3738420745 3384231.7927185036, 402977.3738420745 3384731.7927185036, 402477.3738420745 3384731.7927185036, 402477.3738420745 3384231.7927185036, 402977.3738420745 3384231.7927185036))"
208,37,9,402727.3738420745,3384981.7927185036,"POLYGON ((402977.3738420745 3384731.7927185036, 402977.3738420745 3385231.7927185036, 402477.3738420745 3385231.7927185036, 402477.3738420745 3384731.7927185036, 402977.3738420745 3384731.7927185036))"
209,38,9,402727.3738420745,3385481.7927185036,"POLYGON ((402977.3738420745 3385231.7927185036, 402977.3738420745 3385731.7927185036, 402477.3738420745 3385731.7927185036, 402477.3738420745 3385231.7927185036, 402977.3738420745 3385231.7927185036))"
210,39,9,402727.3738420745,3385981.7927185036,"POLYGON ((402977.3738420745 3385731.7927185036, 402977.3738420745 3386231.7927185036, 402477.3738420745 3386231.7927185036, 402477.3738420745 3385731.7927185036, 402977.3738420745 3385731.7927185036))"
211,40,9,402727.3738420745,3386481.7927185036,"POLYGON ((402977.3738420745 3386231.7927185036, 402977.3738420745 3386731.7927185036, 402477.3738420745 3386731.7927185036, 402477.3738420745 3386231.7927185036, 402977.3738420745 3386231.7927185036))"
212,41,9,402727.3738420745,3386981.7927185036,"POLYGON ((402977.3738420745 3386731.7927185036, 402977.3738420745 3387231.7927185036, 402477.3738420745 3387231.7927185036, 402477.3738420745 3386731.7927185036, 402977.3738420745 3386731.7927185036))"
213,42,9,402727.3738420745,3387481.7927185036,"POLYGON ((402977.3738420745 3387231.7927185036, 402977.3738420745 3387731.7927185036, 402477.3738420745 3387731.7927185036, 402477.3738420745 3387231.7927185036, 402977.3738420745 3387231.7927185036))"
214,43,9,402727.3738420745,3387981.7927185036,"POLYGON ((402977.3738420745 3387731.7927185036, 402977.3738420745 3388231.7927185036, 402477.3738420745 3388231.7927185036, 402477.3738420745 3387731.7927185036, 402977.3738420745 3387731.7927185036))"
215,44,9,402727.3738420745,3388481.7927185036,"POLYGON ((402977.3738420745 3388231.7927185036, 402977.3738420745 3388731.7927185036, 402477.3738420745 3388731.7927185036, 402477.3738420745 3388231.7927185036, 402977.3738420745 3388231.7927185036))"
216,45,9,402727.3738420745,3388981.7927185036,"POLYGON ((402977.3738420745 3388731.7927185036, 402977.3738420745 3389231.7927185036, 402477.3738420745 3389231.7927185036, 402477.3738420745 3388731.7927185036, 402977.3738420745 3388731.7927185036))"
217,46,9,402727.3738420745,3389481.7927185036,"POLYGON ((402977.3738420745 3389231.7927185036, 402977.3738420745 3389731.7927185036, 402477.3738420745 3389731.7927185036, 402477.3738420745 3389231.7927185036, 402977.3738420745 3389231.7927185036))"
218,47,9,402727.3738420745,3389981.7927185036,"POLYGON ((402977.3738420745 3389731.7927185036, 402977.3738420745 3390231.7927185036, 402477.3738420745 3390231.7927185036, 402477.3738420745 3389731.7927185036, 402977.3738420745 3389731.7927185036))"
219,48,9,402727.3738420745,3390481.7927185036,"POLYGON ((402977.3738420745 3390231.7927185036, 402977.3738420745 3390731.7927185036, 402477.3738420745 3390731.7927185036, 402477.3738420745 3390231.7927185036, 402977.3738420745 3390231.7927185036))"
220,49,9,402727.3738420745,3390981.7927185036,"POLYGON ((402977.3738420745 3390731.7927185036, 402977.3738420745 3391231.7927185036, 402477.3738420745 3391231.7927185036, 402477.3738420745 3390731.7927185036, 402977.3738420745 3390731.7927185036))"
221,50,9,402727.3738420745,3391481.7927185036,"POLYGON ((402977.3738420745 3391231.7927185036, 402977.3738420745 3391731.7927185036, 402477.3738420745 3391731.7927185036, 402477.3738420745 3391231.7927185036, 402977.3738420745 3391231.7927185036))"
222,51,9,402727.3738420745,3391981.7927185036,"POLYGON ((402977.3738420745 3391731.7927185036, 402977.3738420745 3392231.7927185036, 402477.3738420745 3392231.7927185036, 402477.3738420745 3391731.7927185036, 402977.3738420745 3391731.7927185036))"
223,52,9,402727.3738420745,3392481.7927185036,"POLYGON ((402977.3738420745 3392231.7927185036, 402977.3738420745 3392731.7927185036, 402477.3738420745 3392731.7927185036, 402477.3738420745 3392231.7927185036, 402977.3738420745 3392231.7927185036))"
224,53,9,402727.3738420745,3392981.7927185036,"POLYGON ((402977.3738420745 3392731.7927185036, 402977.3738420745 3393231.7927185036, 402477.3738420745 3393231.7927185036, 402477.3738420745 3392731.7927185036, 402977.3738420745 3392731.7927185036))"
225,54,9,402727.3738420745,3393481.7927185036,"POLYGON ((402977.3738420745 3393231.7927185036, 402977.3738420745 3393731.7927185036, 402477.3738420745 3393731.7927185036, 402477.3738420745 3393231.7927185036, 402977.3738420745 3393231.7927185036))"
226,55,9,402727.3738420745,3393981.7927185036,"POLYGON ((402977.3738420745 3393731.7927185036, 402977.3738420745 3394231.7927185036, 402477.3738420745 3394231.7927185036, 402477.3738420745 3393731.7927185036, 402977.3738420745 3393731.7927185036))"
227,56,9,402727.3738420745,3394481.7927185036,"POLYGON ((402977.3738420745 3394231.7927185036, 402977.3738420745 3394731.7927185036, 402477.3738420745 3394731.7927185036, 402477.3738420745 3394231.7927185036, 402977.3738420745 3394231.7927185036))"
228,57,9,402727.3738420745,3394981.7927185036,"POLYGON ((402977.3738420745 3394731.7927185036, 402977.3738420745 3395231.7927185036, 402477.3738420745 3395231.7927185036, 402477.3738420745 3394731.7927185036, 402977.3738420745 3394731.7927185036))"
229,58,9,402727.3738420745,3395481.7927185036,"POLYGON ((402977.3738420745 3395231.7927185036, 402977.3738420745 3395731.7927185036, 402477.3738420745 3395731.7927185036, 402477.3738420745 3395231.7927185036, 402977.3738420745 3395231.7927185036))"
230,59,9,402727.3738420745,3395981.7927185036,"POLYGON ((402977.3738420745 3395731.7927185036, 402977.3738420745 3396231.7927185036, 402477.3738420745 3396231.7927185036, 402477.3738420745 3395731.7927185036, 402977.3738420745 3395731.7927185036))"
231,60,9,402727.3738420745,3396481.7927185036,"POLYGON ((402977.3738420745 3396231.7927185036, 402977.3738420745 3396731.7927185036, 402477.3738420745 3396731.7927185036, 402477.3738420745 3396231.7927185036, 402977.3738420745 3396231.7927185036))"
232,61,9,402727.3738420745,3396981.7927185036,"POLYGON ((402977.3738420745 3396731.7927185036, 402977.3738420745 3397231.7927185036, 402477.3738420745 3397231.7927185036, 402477.3738420745 3396731.7927185036, 402977.3738420745 3396731.7927185036))"
233,62,9,402727.3738420745,3397481.7927185036,"POLYGON ((402977.3738420745 3397231.7927185036, 402977.3738420745 3397731.7927185036, 402477.3738420745 3397731.7927185036, 402477.3738420745 3397231.7927185036, 402977.3738420745 3397231.7927185036))"
234,63,9,402727.3738420745,3397981.7927185036,"POLYGON ((402977.3738420745 3397731.7927185036, 402977.3738420745 3398231.7927185036, 402477.3738420745 3398231.7927185036, 402477.3738420745 3397731.7927185036, 402977.3738420745 3397731.7927185036))"
235,64,9,402727.3738420745,3398481.7927185036,"POLYGON ((402977.3738420745 3398231.7927185036, 402977.3738420745 3398731.7927185036, 402477.3738420745 3398731.7927185036, 402477.3738420745 3398231.7927185036, 402977.3738420745 3398231.7927185036))"
236,65,9,402727.3738420745,3398981.7927185036,"POLYGON ((402977.3738420745 3398731.7927185036, 402977.3738420745 3399231.7927185036, 402477.3738420745 3399231.7927185036, 402477.3738420745 3398731.7927185036, 402977.3738420745 3398731.7927185036))"
237,66,9,402727.3738420745,3399481.7927185036,"POLYGON ((402977.3738420745 3399231.7927185036, 402977.3738420745 3399731.7927185036, 402477.3738420745 3399731.7927185036, 402477.3738420745 3399231.7927185036, 402977.3738420745 3399231.7927185036))"
238,67,9,402727.3738420745,3399981.7927185036,"POLYGON ((402977.3738420745 3399731.7927185036, 402977.3738420745 3400231.7927185036, 402477.3738420745 3400231.7927185036, 402477.3738420745 3399731.7927185036, 402977.3738420745 3399731.7927185036))"
239,68,9,402727.3738420745,3400481.7927185036,"POLYGON ((402977.3738420745 3400231.7927185036, 402977.3738420745 3400731.7927185036, 402477.3738420745 3400731.7927185036, 402477.3738420745 3400231.7927185036, 402977.3738420745 3400231.7927185036))"
240,69,9,402727.3738420745,3400981.7927185036,"POLYGON ((402977.3738420745 3400731.7927185036, 402977.3738420745 3401231.7927185036, 402477.3738420745 3401231.7927185036, 402477.3738420745 3400731.7927185036, 402977.3738420745 3400731.7927185036))"
241,29,10,403227.3738420745,3380981.7927185036,"POLYGON ((403477.3738420745 3380731.7927185036, 403477.3738420745 3381231.7927185036, 402977.3738420745 3381231.7927185036, 402977.3738420745 3380731.7927185036, 403477.3738420745 3380731.7927185036))"
242,30,10,403227.3738420745,3381481.7927185036,"POLYGON ((403477.3738420745 3381231.7927185036, 403477.3738420745 3381731.7927185036, 402977.3738420745 3381731.7927185036, 402977.3738420745 3381231.7927185036, 403477.3738420745 3381231.7927185036))"
243,31,10,403227.3738420745,3381981.7927185036,"POLYGON ((403477.3738420745 3381731.7927185036, 403477.3738420745 3382231.7927185036, 402977.3738420745 3382231.7927185036, 402977.3738420745 3381731.7927185036, 403477.3738420745 3381731.7927185036))"
244,32,10,403227.3738420745,3382481.7927185036,"POLYGON ((403477.3738420745 3382231.7927185036, 403477.3738420745 3382731.7927185036, 402977.3738420745 3382731.7927185036, 402977.3738420745 3382231.7927185036, 403477.3738420745 3382231.7927185036))"
245,33,10,403227.3738420745,3382981.7927185036,"POLYGON ((403477.3738420745 3382731.7927185036, 403477.3738420745 3383231.7927185036, 402977.3738420745 3383231.7927185036, 402977.3738420745 3382731.7927185036, 403477.3738420745 3382731.7927185036))"
246,34,10,403227.3738420745,3383481.7927185036,"POLYGON ((403477.3738420745 3383231.7927185036, 403477.3738420745 3383731.7927185036, 402977.3738420745 3383731.7927185036, 402977.3738420745 3383231.7927185036, 403477.3738420745 3383231.7927185036))"
247,35,10,403227.3738420745,3383981.7927185036,"POLYGON ((403477.3738420745 3383731.7927185036, 403477.3738420745 3384231.7927185036, 402977.3738420745 3384231.7927185036, 402977.3738420745 3383731.7927185036, 403477.3738420745 3383731.7927185036))"
248,36,10,403227.3738420745,3384481.7927185036,"POLYGON ((403477.3738420745 3384231.7927185036, 403477.3738420745 3384731.7927185036, 402977.3738420745 3384731.7927185036, 402977.3738420745 3384231.7927185036, 403477.3738420745 3384231.7927185036))"
249,37,10,403227.3738420745,3384981.7927185036,"POLYGON ((403477.3738420745 3384731.7927185036, 403477.3738420745 3385231.7927185036, 402977.3738420745 3385231.7927185036, 402977.3738420745 3384731.7927185036, 403477.3738420745 3384731.7927185036))"
250,38,10,403227.3738420745,3385481.7927185036,"POLYGON ((403477.3738420745 3385231.7927185036, 403477.3738420745 3385731.7927185036, 402977.3738420745 3385731.7927185036, 402977.3738420745 3385231.7927185036, 403477.3738420745 3385231.7927185036))"
251,39,10,403227.3738420745,3385981.7927185036,"POLYGON ((403477.3738420745 3385731.7927185036, 403477.3738420745 3386231.7927185036, 402977.3738420745 3386231.7927185036, 402977.3738420745 3385731.7927185036, 403477.3738420745 3385731.7927185036))"
252,40,10,403227.3738420745,3386481.7927185036,"POLYGON ((403477.3738420745 3386231.7927185036, 403477.3738420745 3386731.7927185036, 402977.3738420745 3386731.7927185036, 402977.3738420745 3386231.7927185036, 403477.3738420745 3386231.7927185036))"
253,41,10,403227.3738420745,3386981.7927185036,"POLYGON ((403477.3738420745 3386731.7927185036, 403477.3738420745 3387231.7927185036, 402977.3738420745 3387231.7927185036, 402977.3738420745 3386731.7927185036, 403477.3738420745 3386731.7927185036))"
254,42,10,403227.3738420745,3387481.7927185036,"POLYGON ((403477.3738420745 3387231.7927185036, 403477.3738420745 3387731.7927185036, 402977.3738420745 3387731.7927185036, 402977.3738420745 3387231.7927185036, 403477.3738420745 3387231.7927185036))"
255,43,10,403227.3738420745,3387981.7927185036,"POLYGON ((403477.3738420745 3387731.7927185036, 403477.3738420745 3388231.7927185036, 402977.3738420745 3388231.7927185036, 402977.3738420745 3387731.7927185036, 403477.3738420745 3387731.7927185036))"
256,44,10,403227.3738420745,3388481.7927185036,"POLYGON ((403477.3738420745 3388231.7927185036, 403477.3738420745 3388731.7927185036, 402977.3738420745 3388731.7927185036, 402977.3738420745 3388231.7927185036, 403477.3738420745 3388231.7927185036))"
257,45,10,403227.3738420745,3388981.7927185036,"POLYGON ((403477.3738420745 3388731.7927185036, 403477.3738420745 3389231.7927185036, 402977.3738420745 3389231.7927185036, 402977.3738420745 3388731.7927185036, 403477.3738420745 3388731.7927185036))"
258,46,10,403227.3738420745,3389481.7927185036,"POLYGON ((403477.3738420745 3389231.7927185036, 403477.3738420745 3389731.7927185036, 402977.3738420745 3389731.7927185036, 402977.3738420745 3389231.7927185036, 403477.3738420745 3389231.7927185036))"
259,47,10,403227.3738420745,3389981.7927185036,"POLYGON ((403477.3738420745 3389731.7927185036, 403477.3738420745 3390231.7927185036, 402977.3738420745 3390231.7927185036, 402977.3738420745 3389731.7927185036, 403477.3738420745 3389731.7927185036))"
260,48,10,403227.3738420745,3390481.7927185036,"POLYGON ((403477.3738420745 3390231.7927185036, 403477.3738420745 3390731.7927185036, 402977.3738420745 3390731.7927185036, 402977.3738420745 3390231.7927185036, 403477.3738420745 3390231.7927185036))"
261,49,10,403227.3738420745,3390981.7927185036,"POLYGON ((403477.3738420745 3390731.7927185036, 403477.3738420745 3391231.7927185036, 402977.3738420745 3391231.7927185036, 402977.3738420745 3390731.7927185036, 403477.3738420745 3390731.7927185036))"
262,50,10,403227.3738420745,3391481.7927185036,"POLYGON ((403477.3738420745 3391231.7927185036, 403477.3738420745 3391731.7927185036, 402977.3738420745 3391731.7927185036, 402977.3738420745 3391231.7927185036, 403477.3738420745 3391231.7927185036))"
263,51,10,403227.3738420745,3391981.7927185036,"POLYGON ((403477.3738420745 3391731.7927185036, 403477.3738420745 3392231.7927185036, 402977.3738420745 3392231.7927185036, 402977.3738420745 3391731.7927185036, 403477.3738420745 3391731.7927185036))"
264,52,10,403227.3738420745,3392481.7927185036,"POLYGON ((403477.3738420745 3392231.7927185036, 403477.3738420745 3392731.7927185036, 402977.3738420745 3392731.7927185036, 402977.3738420745 3392231.7927185036, 403477.3738420745 3392231.7927185036))"
265,53,10,403227.3738420745,3392981.7927185036,"POLYGON ((403477.3738420745 3392731.7927185036, 403477.3738420745 3393231.7927185036, 402977.3738420745 3393231.7927185036, 402977.3738420745 3392731.7927185036, 403477.3738420745 3392731.7927185036))"
266,54,10,403227.3738420745,3393481.7927185036,"POLYGON ((403477.3738420745 3393231.7927185036, 403477.3738420745 3393731.7927185036, 402977.3738420745 3393731.7927185036, 402977.3738420745 3393231.7927185036, 403477.3738420745 3393231.7927185036))"
267,55,10,403227.3738420745,3393981.7927185036,"POLYGON ((403477.3738420745 3393731.7927185036, 403477.3738420745 3394231.7927185036, 402977.3738420745 3394231.7927185036, 402977.3738420745 3393731.7927185036, 403477.3738420745 3393731.7927185036))"
268,56,10,403227.3738420745,3394481.7927185036,"POLYGON ((403477.3738420745 3394231.7927185036, 403477.3738420745 3394731.7927185036, 402977.3738420745 3394731.7927185036, 402977.3738420745 3394231.7927185036, 403477.3738420745 3394231.7927185036))"
269,57,10,403227.3738420745,3394981.7927185036,"POLYGON ((403477.3738420745 3394731.7927185036, 403477.3738420745 3395231.7927185036, 402977.3738420745 3395231.7927185036, 402977.3738420745 3394731.7927185036, 403477.3738420745 3394731.7927185036))"
270,58,10,403227.3738420745,3395481.7927185036,"POLYGON ((403477.3738420745 3395231.7927185036, 403477.3738420745 3395731.7927185036, 402977.3738420745 3395731.7927185036, 402977.3738420745 3395231.7927185036, 403477.3738420745 3395231.7927185036))"
271,59,10,403227.3738420745,3395981.7927185036,"POLYGON ((403477.3738420745 3395731.7927185036, 403477.3738420745 3396231.7927185036, 402977.3738420745 3396231.7927185036, 402977.3738420745 3395731.7927185036, 403477.3738420745 3395731.7927185036))"
272,60,10,403227.3738420745,3396481.7927185036,"POLYGON ((403477.3738420745 3396231.7927185036, 403477.3738420745 3396731.7927185036, 402977.3738420745 3396731.7927185036, 402977.3738420745 3396231.7927185036, 403477.3738420745 3396231.7927185036))"
273,61,10,403227.3738420745,3396981.7927185036,"POLYGON ((403477.3738420745 3396731.7927185036, 403477.3738420745 3397231.7927185036, 402977.3738420745 3397231.7927185036, 402977.3738420745 3396731.7927185036, 403477.3738420745 3396731.7927185036))"
274,62,10,403227.3738420745,3397481.7927185036,"POLYGON ((403477.3738420745 3397231.7927185036, 403477.3738420745 3397731.7927185036, 402977.3738420745 3397731.7927185036, 402977.3738420745 3397231.7927185036, 403477.3738420745 3397231.7927185036))"
275,63,10,403227.3738420745,3397981.7927185036,"POLYGON ((403477.3738420745 3397731.7927185036, 403477.3738420745 3398231.7927185036, 402977.3738420745 3398231.7927185036, 402977.3738420745 3397731.7927185036, 403477.3738420745 3397731.7927185036))"
276,64,10,403227.3738420745,3398481.7927185036,"POLYGON ((403477.3738420745 3398231.7927185036, 403477.3738420745 3398731.7927185036, 402977.3738420745 3398731.7927185036, 402977.3738420745 3398231.7927185036, 403477.3738420745 3398231.7927185036))"
277,65,10,403227.3738420745,3398981.7927185036,"POLYGON ((403477.3738420745 3398731.7927185036, 403477.3738420745 3399231.7927185036, 402977.3738420745 3399231.7927185036, 402977.3738420745 3398731.7927185036, 403477.3738420745 3398731.7927185036))"
278,66,10,403227.3738420745,3399481.7927185036,"POLYGON ((403477.3738420745 3399231.7927185036, 403477.3738420745 3399731.7927185036, 402977.3738420745 3399731.7927185036, 402977.3738420745 3399231.7927185036, 403477.3738420745 3399231.7927185036))"
279,67,10,403227.3738420745,3399981.7927185036,"POLYGON ((403477.3738420745 3399731.7927185036, 403477.3738420745 3400231.7927185036, 402977.3738420745 3400231.7927185036, 402977.3738420745 3399731.7927185036, 403477.3738420745 3399731.7927185036))"
280,68,10,403227.3738420745,3400481.7927185036,"POLYGON ((403477.3738420745 3400231.7927185036, 403477.3738420745 3400731.7927185036, 402977.3738420745 3400731.7927185036, 402977.3738420745 3400231.7927185036, 403477.3738420745 3400231.7927185036))"
281,69,10,403227.3738420745,3400981.7927185036,"POLYGON ((403477.3738420745 3400731.7927185036, 403477.3738420745 3401231.7927185036, 402977.3738420745 3401231.7927185036, 402977.3738420745 3400731.7927185036, 403477.3738420745 3400731.7927185036))"
282,70,10,403227.3738420745,3401481.7927185036,"POLYGON ((403477.3738420745 3401231.7927185036, 403477.3738420745 3401731.7927185036, 402977.3738420745 3401731.7927185036, 402977.3738420745 3401231.7927185036, 403477.3738420745 3401231.7927185036))"
283,24,11,403727.3738420745,3378481.7927185036,"POLYGON ((403977.3738420745 3378231.7927185036, 403977.3738420745 3378731.7927185036, 403477.3738420745 3378731.7927185036, 403477.3738420745 3378231.7927185036, 403977.3738420745 3378231.7927185036))"
284,25,11,403727.3738420745,3378981.7927185036,"POLYGON ((403977.3738420745 3378731.7927185036, 403977.3738420745 3379231.7927185036, 403477.3738420745 3379231.7927185036, 403477.3738420745 3378731.7927185036, 403977.3738420745 3378731.7927185036))"
285,26,11,403727.3738420745,3379481.7927185036,"POLYGON ((403977.3738420745 3379231.7927185036, 403977.3738420745 3379731.7927185036, 403477.3738420745 3379731.7927185036, 403477.3738420745 3379231.7927185036, 403977.3738420745 3379231.7927185036))"
286,27,11,403727.3738420745,3379981.7927185036,"POLYGON ((403977.3738420745 3379731.7927185036, 403977.3738420745 3380231.7927185036, 403477.3738420745 3380231.7927185036, 403477.3738420745 3379731.7927185036, 403977.3738420745 3379731.7927185036))"
287,28,11,403727.3738420745,3380481.7927185036,"POLYGON ((403977.3738420745 3380231.7927185036, 403977.3738420745 3380731.7927185036, 403477.3738420745 3380731.7927185036, 403477.3738420745 3380231.7927185036, 403977.3738420745 3380231.7927185036))"
288,29,11,403727.3738420745,3380981.7927185036,"POLYGON ((403977.3738420745 3380731.7927185036, 403977.3738420745 3381231.7927185036, 403477.3738420745 3381231.7927185036, 403477.3738420745 3380731.7927185036, 403977.3738420745 3380731.7927185036))"
289,30,11,403727.3738420745,3381481.7927185036,"POLYGON ((403977.3738420745 3381231.7927185036, 403977.3738420745 3381731.7927185036, 403477.3738420745 3381731.7927185036, 403477.3738420745 3381231.7927185036, 403977.3738420745 3381231.7927185036))"
290,31,11,403727.3738420745,3381981.7927185036,"POLYGON ((403977.3738420745 3381731.7927185036, 403977.3738420745 3382231.7927185036, 403477.3738420745 3382231.7927185036, 403477.3738420745 3381731.7927185036, 403977.3738420745 3381731.7927185036))"
291,32,11,403727.3738420745,3382481.7927185036,"POLYGON ((403977.3738420745 3382231.7927185036, 403977.3738420745 3382731.7927185036, 403477.3738420745 3382731.7927185036, 403477.3738420745 3382231.7927185036, 403977.3738420745 3382231.7927185036))"
292,33,11,403727.3738420745,3382981.7927185036,"POLYGON ((403977.3738420745 3382731.7927185036, 403977.3738420745 3383231.7927185036, 403477.3738420745 3383231.7927185036, 403477.3738420745 3382731.7927185036, 403977.3738420745 3382731.7927185036))"
293,34,11,403727.3738420745,3383481.7927185036,"POLYGON ((403977.3738420745 3383231.7927185036, 403977.3738420745 3383731.7927185036, 403477.3738420745 3383731.7927185036, 403477.3738420745 3383231.7927185036, 403977.3738420745 3383231.7927185036))"
294,35,11,403727.3738420745,3383981.7927185036,"POLYGON ((403977.3738420745 3383731.7927185036, 403977.3738420745 3384231.7927185036, 403477.3738420745 3384231.7927185036, 403477.3738420745 3383731.7927185036, 403977.3738420745 3383731.7927185036))"
295,36,11,403727.3738420745,3384481.7927185036,"POLYGON ((403977.3738420745 3384231.7927185036, 403977.3738420745 3384731.7927185036, 403477.3738420745 3384731.7927185036, 403477.3738420745 3384231.7927185036, 403977.3738420745 3384231.7927185036))"
296,37,11,403727.3738420745,3384981.7927185036,"POLYGON ((403977.3738420745 3384731.7927185036, 403977.3738420745 3385231.7927185036, 403477.3738420745 3385231.7927185036, 403477.3738420745 3384731.7927185036, 403977.3738420745 3384731.7927185036))"
297,38,11,403727.3738420745,3385481.7927185036,"POLYGON ((403977.3738420745 3385231.7927185036, 403977.3738420745 3385731.7927185036, 403477.3738420745 3385731.7927185036, 403477.3738420745 3385231.7927185036, 403977.3738420745 3385231.7927185036))"
298,39,11,403727.3738420745,3385981.7927185036,"POLYGON ((403977.3738420745 3385731.7927185036, 403977.3738420745 3386231.7927185036, 403477.3738420745 3386231.7927185036, 403477.3738420745 3385731.7927185036, 403977.3738420745 3385731.7927185036))"
299,40,11,403727.3738420745,3386481.7927185036,"POLYGON ((403977.3738420745 3386231.7927185036, 403977.3738420745 3386731.7927185036, 403477.3738420745 3386731.7927185036, 403477.3738420745 3386231.7927185036, 403977.3738420745 3386231.7927185036))"
300,41,11,403727.3738420745,3386981.7927185036,"POLYGON ((403977.3738420745 3386731.7927185036, 403977.3738420745 3387231.7927185036, 403477.3738420745 3387231.7927185036, 403477.3738420745 3386731.7927185036, 403977.3738420745 3386731.7927185036))"
301,42,11,403727.3738420745,3387481.7927185036,"POLYGON ((403977.3738420745 3387231.7927185036, 403977.3738420745 3387731.7927185036, 403477.3738420745 3387731.7927185036, 403477.3738420745 3387231.7927185036, 403977.3738420745 3387231.7927185036))"
302,43,11,403727.3738420745,3387981.7927185036,"POLYGON ((403977.3738420745 3387731.7927185036, 403977.3738420745 3388231.7927185036, 403477.3738420745 3388231.7927185036, 403477.3738420745 3387731.7927185036, 403977.3738420745 3387731.7927185036))"
303,44,11,403727.3738420745,3388481.7927185036,"POLYGON ((403977.3738420745 3388231.7927185036, 403977.3738420745 3388731.7927185036, 403477.3738420745 3388731.7927185036, 403477.3738420745 3388231.7927185036, 403977.3738420745 3388231.7927185036))"
304,45,11,403727.3738420745,3388981.7927185036,"POLYGON ((403977.3738420745 3388731.7927185036, 403977.3738420745 3389231.7927185036, 403477.3738420745 3389231.7927185036, 403477.3738420745 3388731.7927185036, 403977.3738420745 3388731.7927185036))"
305,46,11,403727.3738420745,3389481.7927185036,"POLYGON ((403977.3738420745 3389231.7927185036, 403977.3738420745 3389731.7927185036, 403477.3738420745 3389731.7927185036, 403477.3738420745 3389231.7927185036, 403977.3738420745 3389231.7927185036))"
306,47,11,403727.3738420745,3389981.7927185036,"POLYGON ((403977.3738420745 3389731.7927185036, 403977.3738420745 3390231.7927185036, 403477.3738420745 3390231.7927185036, 403477.3738420745 3389731.7927185036, 403977.3738420745 3389731.7927185036))"
307,48,11,403727.3738420745,3390481.7927185036,"POLYGON ((403977.3738420745 3390231.7927185036, 403977.3738420745 3390731.7927185036, 403477.3738420745 3390731.7927185036, 403477.3738420745 3390231.7927185036, 403977.3738420745 3390231.7927185036))"
308,49,11,403727.3738420745,3390981.7927185036,"POLYGON ((403977.3738420745 3390731.7927185036, 403977.3738420745 3391231.7927185036, 403477.3738420745 3391231.7927185036, 403477.3738420745 3390731.7927185036, 403977.3738420745 3390731.7927185036))"
309,50,11,403727.3738420745,3391481.7927185036,"POLYGON ((403977.3738420745 3391231.7927185036, 403977.3738420745 3391731.7927185036, 403477.3738420745 3391731.7927185036, 403477.3738420745 3391231.7927185036, 403977.3738420745 3391231.7927185036))"
310,51,11,403727.3738420745,3391981.7927185036,"POLYGON ((403977.3738420745 3391731.7927185036, 403977.3738420745 3392231.7927185036, 403477.3738420745 3392231.7927185036, 403477.3738420745 3391731.7927185036, 403977.3738420745 3391731.7927185036))"
311,52,11,403727.3738420745,3392481.7927185036,"POLYGON ((403977.3738420745 3392231.7927185036, 403977.3738420745 3392731.7927185036, 403477.3738420745 3392731.7927185036, 403477.3738420745 3392231.7927185036, 403977.3738420745 3392231.7927185036))"
312,53,11,403727.3738420745,3392981.7927185036,"POLYGON ((403977.3738420745 3392731.7927185036, 403977.3738420745 3393231.7927185036, 403477.3738420745 3393231.7927185036, 403477.3738420745 3392731.7927185036, 403977.3738420745 3392731.7927185036))"
313,54,11,403727.3738420745,3393481.7927185036,"POLYGON ((403977.3738420745 3393231.7927185036, 403977.3738420745 3393731.7927185036, 403477.3738420745 3393731.7927185036, 403477.3738420745 3393231.7927185036, 403977.3738420745 3393231.7927185036))"
314,55,11,403727.3738420745,3393981.7927185036,"POLYGON ((403977.3738420745 3393731.7927185036, 403977.3738420745 3394231.7927185036, 403477.3738420745 3394231.7927185036, 403477.3738420745 3393731.7927185036, 403977.3738420745 3393731.7927185036))"
315,56,11,403727.3738420745,3394481.7927185036,"POLYGON ((403977.3738420745 3394231.7927185036, 403977.3738420745 3394731.7927185036, 403477.3738420745 3394731.7927185036, 403477.3738420745 3394231.7927185036, 403977.3738420745 3394231.7927185036))"
316,57,11,403727.3738420745,3394981.7927185036,"POLYGON ((403977.3738420745 3394731.7927185036, 403977.3738420745 3395231.7927185036, 403477.3738420745 3395231.7927185036, 403477.3738420745 3394731.7927185036, 403977.3738420745 3394731.7927185036))"
317,58,11,403727.3738420745,3395481.7927185036,"POLYGON ((403977.3738420745 3395231.7927185036, 403977.3738420745 3395731.7927185036, 403477.3738420745 3395731.7927185036, 403477.3738420745 3395231.7927185036, 403977.3738420745 3395231.7927185036))"
318,59,11,403727.3738420745,3395981.7927185036,"POLYGON ((403977.3738420745 3395731.7927185036, 403977.3738420745 3396231.7927185036, 403477.3738420745 3396231.7927185036, 403477.3738420745 3395731.7927185036, 403977.3738420745 3395731.7927185036))"
319,60,11,403727.3738420745,3396481.7927185036,"POLYGON ((403977.3738420745 3396231.7927185036, 403977.3738420745 3396731.7927185036, 403477.3738420745 3396731.7927185036, 403477.3738420745 3396231.7927185036, 403977.3738420745 3396231.7927185036))"
320,61,11,403727.3738420745,3396981.7927185036,"POLYGON ((403977.3738420745 3396731.7927185036, 403977.3738420745 3397231.7927185036, 403477.3738420745 3397231.7927185036, 403477.3738420745 3396731.7927185036, 403977.3738420745 3396731.7927185036))"
321,62,11,403727.3738420745,3397481.7927185036,"POLYGON ((403977.3738420745 3397231.7927185036, 403977.3738420745 3397731.7927185036, 403477.3738420745 3397731.7927185036, 403477.3738420745 3397231.7927185036, 403977.3738420745 3397231.7927185036))"
322,63,11,403727.3738420745,3397981.7927185036,"POLYGON ((403977.3738420745 3397731.7927185036, 403977.3738420745 3398231.7927185036, 403477.3738420745 3398231.7927185036, 403477.3738420745 3397731.7927185036, 403977.3738420745 3397731.7927185036))"
323,64,11,403727.3738420745,3398481.7927185036,"POLYGON ((403977.3738420745 3398231.7927185036, 403977.3738420745 3398731.7927185036, 403477.3738420745 3398731.7927185036, 403477.3738420745 3398231.7927185036, 403977.3738420745 3398231.7927185036))"
324,65,11,403727.3738420745,3398981.7927185036,"POLYGON ((403977.3738420745 3398731.7927185036, 403977.3738420745 3399231.7927185036, 403477.3738420745 3399231.7927185036, 403477.3738420745 3398731.7927185036, 403977.3738420745 3398731.7927185036))"
325,66,11,403727.3738420745,3399481.7927185036,"POLYGON ((403977.3738420745 3399231.7927185036, 403977.3738420745 3399731.7927185036, 403477.3738420745 3399731.7927185036, 403477.3738420745 3399231.7927185036, 403977.3738420745 3399231.7927185036))"
326,67,11,403727.3738420745,3399981.7927185036,"POLYGON ((403977.3738420745 3399731.7927185036, 403977.3738420745 3400231.7927185036, 403477.3738420745 3400231.7927185036, 403477.3738420745 3399731.7927185036, 403977.3738420745 3399731.7927185036))"
327,68,11,403727.3738420745,3400481.7927185036,"POLYGON ((403977.3738420745 3400231.7927185036, 403977.3738420745 3400731.7927185036, 403477.3738420745 3400731.7927185036, 403477.3738420745 3400231.7927185036, 403977.3738420745 3400231.7927185036))"
328,69,11,403727.3738420745,3400981.7927185036,"POLYGON ((403977.3738420745 3400731.7927185036, 403977.3738420745 3401231.7927185036, 403477.3738420745 3401231.7927185036, 403477.3738420745 3400731.7927185036, 403977.3738420745 3400731.7927185036))"
329,70,11,403727.3738420745,3401481.7927185036,"POLYGON ((403977.3738420745 3401231.7927185036, 403977.3738420745 3401731.7927185036, 403477.3738420745 3401731.7927185036, 403477.3738420745 3401231.7927185036, 403977.3738420745 3401231.7927185036))"
330,71,11,403727.3738420745,3401981.7927185036,"POLYGON ((403977.3738420745 3401731.7927185036, 403977.3738420745 3402231.7927185036, 403477.3738420745 3402231.7927185036, 403477.3738420745 3401731.7927185036, 403977.3738420745 3401731.7927185036))"
331,19,12,404227.3738420745,3375981.7927185036,"POLYGON ((404477.3738420745 3375731.7927185036, 404477.3738420745 3376231.7927185036, 403977.3738420745 3376231.7927185036, 403977.3738420745 3375731.7927185036, 404477.3738420745 3375731.7927185036))"
332,20,12,404227.3738420745,3376481.7927185036,"POLYGON ((404477.3738420745 3376231.7927185036, 404477.3738420745 3376731.7927185036, 403977.3738420745 3376731.7927185036, 403977.3738420745 3376231.7927185036, 404477.3738420745 3376231.7927185036))"
333,21,12,404227.3738420745,3376981.7927185036,"POLYGON ((404477.3738420745 3376731.7927185036, 404477.3738420745 3377231.7927185036, 403977.3738420745 3377231.7927185036, 403977.3738420745 3376731.7927185036, 404477.3738420745 3376731.7927185036))"
334,22,12,404227.3738420745,3377481.7927185036,"POLYGON ((404477.3738420745 3377231.7927185036, 404477.3738420745 3377731.7927185036, 403977.3738420745 3377731.7927185036, 403977.3738420745 3377231.7927185036, 404477.3738420745 3377231.7927185036))"
335,23,12,404227.3738420745,3377981.7927185036,"POLYGON ((404477.3738420745 3377731.7927185036, 404477.3738420745 3378231.7927185036, 403977.3738420745 3378231.7927185036, 403977.3738420745 3377731.7927185036, 404477.3738420745 3377731.7927185036))"
336,24,12,404227.3738420745,3378481.7927185036,"POLYGON ((404477.3738420745 3378231.7927185036, 404477.3738420745 3378731.7927185036, 403977.3738420745 3378731.7927185036, 403977.3738420745 3378231.7927185036, 404477.3738420745 3378231.7927185036))"
337,25,12,404227.3738420745,3378981.7927185036,"POLYGON ((404477.3738420745 3378731.7927185036, 404477.3738420745 3379231.7927185036, 403977.3738420745 3379231.7927185036, 403977.3738420745 3378731.7927185036, 404477.3738420745 3378731.7927185036))"
338,26,12,404227.3738420745,3379481.7927185036,"POLYGON ((404477.3738420745 3379231.7927185036, 404477.3738420745 3379731.7927185036, 403977.3738420745 3379731.7927185036, 403977.3738420745 3379231.7927185036, 404477.3738420745 3379231.7927185036))"
339,27,12,404227.3738420745,3379981.7927185036,"POLYGON ((404477.3738420745 3379731.7927185036, 404477.3738420745 3380231.7927185036, 403977.3738420745 3380231.7927185036, 403977.3738420745 3379731.7927185036, 404477.3738420745 3379731.7927185036))"
340,28,12,404227.3738420745,3380481.7927185036,"POLYGON ((404477.3738420745 3380231.7927185036, 404477.3738420745 3380731.7927185036, 403977.3738420745 3380731.7927185036, 403977.3738420745 3380231.7927185036, 404477.3738420745 3380231.7927185036))"
341,29,12,404227.3738420745,3380981.7927185036,"POLYGON ((404477.3738420745 3380731.7927185036, 404477.3738420745 3381231.7927185036, 403977.3738420745 3381231.7927185036, 403977.3738420745 3380731.7927185036, 404477.3738420745 3380731.7927185036))"
342,30,12,404227.3738420745,3381481.7927185036,"POLYGON ((404477.3738420745 3381231.7927185036, 404477.3738420745 3381731.7927185036, 403977.3738420745 3381731.7927185036, 403977.3738420745 3381231.7927185036, 404477.3738420745 3381231.7927185036))"
343,31,12,404227.3738420745,3381981.7927185036,"POLYGON ((404477.3738420745 3381731.7927185036, 404477.3738420745 3382231.7927185036, 403977.3738420745 3382231.7927185036, 403977.3738420745 3381731.7927185036, 404477.3738420745 3381731.7927185036))"
344,32,12,404227.3738420745,3382481.7927185036,"POLYGON ((404477.3738420745 3382231.7927185036, 404477.3738420745 3382731.7927185036, 403977.3738420745 3382731.7927185036, 403977.3738420745 3382231.7927185036, 404477.3738420745 3382231.7927185036))"
345,33,12,404227.3738420745,3382981.7927185036,"POLYGON ((404477.3738420745 3382731.7927185036, 404477.3738420745 3383231.7927185036, 403977.3738420745 3383231.7927185036, 403977.3738420745 3382731.7927185036, 404477.3738420745 3382731.7927185036))"
346,34,12,404227.3738420745,3383481.7927185036,"POLYGON ((404477.3738420745 3383231.7927185036, 404477.3738420745 3383731.7927185036, 403977.3738420745 3383731.7927185036, 403977.3738420745 3383231.7927185036, 404477.3738420745 3383231.7927185036))"
347,35,12,404227.3738420745,3383981.7927185036,"POLYGON ((404477.3738420745 3383731.7927185036, 404477.3738420745 3384231.7927185036, 403977.3738420745 3384231.7927185036, 403977.3738420745 3383731.7927185036, 404477.3738420745 3383731.7927185036))"
348,36,12,404227.3738420745,3384481.7927185036,"POLYGON ((404477.3738420745 3384231.7927185036, 404477.3738420745 3384731.7927185036, 403977.3738420745 3384731.7927185036, 403977.3738420745 3384231.7927185036, 404477.3738420745 3384231.7927185036))"
349,37,12,404227.3738420745,3384981.7927185036,"POLYGON ((404477.3738420745 3384731.7927185036, 404477.3738420745 3385231.7927185036, 403977.3738420745 3385231.7927185036, 403977.3738420745 3384731.7927185036, 404477.3738420745 3384731.7927185036))"
350,38,12,404227.3738420745,3385481.7927185036,"POLYGON ((404477.3738420745 3385231.7927185036, 404477.3738420745 3385731.7927185036, 403977.3738420745 3385731.7927185036, 403977.3738420745 3385231.7927185036, 404477.3738420745 3385231.7927185036))"
351,39,12,404227.3738420745,3385981.7927185036,"POLYGON ((404477.3738420745 3385731.7927185036, 404477.3738420745 3386231.7927185036, 403977.3738420745 3386231.7927185036, 403977.3738420745 3385731.7927185036, 404477.3738420745 3385731.7927185036))"
352,40,12,404227.3738420745,3386481.7927185036,"POLYGON ((404477.3738420745 3386231.7927185036, 404477.3738420745 3386731.7927185036, 403977.3738420745 3386731.7927185036, 403977.3738420745 3386231.7927185036, 404477.3738420745 3386231.7927185036))"
353,41,12,404227.3738420745,3386981.7927185036,"POLYGON ((404477.3738420745 3386731.7927185036, 404477.3738420745 3387231.7927185036, 403977.3738420745 3387231.7927185036, 403977.3738420745 3386731.7927185036, 404477.3738420745 3386731.7927185036))"
354,42,12,404227.3738420745,3387481.7927185036,"POLYGON ((404477.3738420745 3387231.7927185036, 404477.3738420745 3387731.7927185036, 403977.3738420745 3387731.7927185036, 403977.3738420745 3387231.7927185036, 404477.3738420745 3387231.7927185036))"
355,43,12,404227.3738420745,3387981.7927185036,"POLYGON ((404477.3738420745 3387731.7927185036, 404477.3738420745 3388231.7927185036, 403977.3738420745 3388231.7927185036, 403977.3738420745 3387731.7927185036, 404477.3738420745 3387731.7927185036))"
356,44,12,404227.3738420745,3388481.7927185036,"POLYGON ((404477.3738420745 3388231.7927185036, 404477.3738420745 3388731.7927185036, 403977.3738420745 3388731.7927185036, 403977.3738420745 3388231.7927185036, 404477.3738420745 3388231.7927185036))"
357,45,12,404227.3738420745,3388981.7927185036,"POLYGON ((404477.3738420745 3388731.7927185036, 404477.3738420745 3389231.7927185036, 403977.3738420745 3389231.7927185036, 403977.3738420745 3388731.7927185036, 404477.3738420745 3388731.7927185036))"
358,46,12,404227.3738420745,3389481.7927185036,"POLYGON ((404477.3738420745 3389231.7927185036, 404477.3738420745 3389731.7927185036, 403977.3738420745 3389731.7927185036, 403977.3738420745 3389231.7927185036, 404477.3738420745 3389231.7927185036))"
359,47,12,404227.3738420745,3389981.7927185036,"POLYGON ((404477.3738420745 3389731.7927185036, 404477.3738420745 3390231.7927185036, 403977.3738420745 3390231.7927185036, 403977.3738420745 3389731.7927185036, 404477.3738420745 3389731.7927185036))"
360,48,12,404227.3738420745,3390481.7927185036,"POLYGON ((404477.3738420745 3390231.7927185036, 404477.3738420745 3390731.7927185036, 403977.3738420745 3390731.7927185036, 403977.3738420745 3390231.7927185036, 404477.3738420745 3390231.7927185036))"
361,49,12,404227.3738420745,3390981.7927185036,"POLYGON ((404477.3738420745 3390731.7927185036, 404477.3738420745 3391231.7927185036, 403977.3738420745 3391231.7927185036, 403977.3738420745 3390731.7927185036, 404477.3738420745 3390731.7927185036))"
362,50,12,404227.3738420745,3391481.7927185036,"POLYGON ((404477.3738420745 3391231.7927185036, 404477.3738420745 3391731.7927185036, 403977.3738420745 3391731.7927185036, 403977.3738420745 3391231.7927185036, 404477.3738420745 3391231.7927185036))"
363,51,12,404227.3738420745,3391981.7927185036,"POLYGON ((404477.3738420745 3391731.7927185036, 404477.3738420745 3392231.7927185036, 403977.3738420745 3392231.7927185036, 403977.3738420745 3391731.7927185036, 404477.3738420745 3391731.7927185036))"
364,52,12,404227.3738420745,3392481.7927185036,"POLYGON ((404477.3738420745 3392231.7927185036, 404477.3738420745 3392731.7927185036, 403977.3738420745 3392731.7927185036, 403977.3738420745 3392231.7927185036, 404477.3738420745 3392231.7927185036))"
365,53,12,404227.3738420745,3392981.7927185036,"POLYGON ((404477.3738420745 3392731.7927185036, 404477.3738420745 3393231.7927185036, 403977.3738420745 3393231.7927185036, 403977.3738420745 3392731.7927185036, 404477.3738420745 3392731.7927185036))"
366,54,12,404227.3738420745,3393481.7927185036,"POLYGON ((404477.3738420745 3393231.7927185036, 404477.3738420745 3393731.7927185036, 403977.3738420745 3393731.7927185036, 403977.3738420745 3393231.7927185036, 404477.3738420745 3393231.7927185036))"
367,55,12,404227.3738420745,3393981.7927185036,"POLYGON ((404477.3738420745 3393731.7927185036, 404477.3738420745 3394231.7927185036, 403977.3738420745 3394231.7927185036, 403977.3738420745 3393731.7927185036, 404477.3738420745 3393731.7927185036))"
368,56,12,404227.3738420745,3394481.7927185036,"POLYGON ((404477.3738420745 3394231.7927185036, 404477.3738420745 3394731.7927185036, 403977.3738420745 3394731.7927185036, 403977.3738420745 3394231.7927185036, 404477.3738420745 3394231.7927185036))"
369,57,12,404227.3738420745,3394981.7927185036,"POLYGON ((404477.3738420745 3394731.7927185036, 404477.3738420745 3395231.7927185036, 403977.3738420745 3395231.7927185036, 403977.3738420745 3394731.7927185036, 404477.3738420745 3394731.7927185036))"
370,58,12,404227.3738420745,3395481.7927185036,"POLYGON ((404477.3738420745 3395231.7927185036, 404477.3738420745 3395731.7927185036, 403977.3738420745 3395731.7927185036, 403977.3738420745 3395231.7927185036, 404477.3738420745 3395231.7927185036))"
371,59,12,404227.3738420745,3395981.7927185036,"POLYGON ((404477.3738420745 3395731.7927185036, 404477.3738420745 3396231.7927185036, 403977.3738420745 3396231.7927185036, 403977.3738420745 3395731.7927185036, 404477.3738420745 3395731.7927185036))"
372,60,12,404227.3738420745,3396481.7927185036,"POLYGON ((404477.3738420745 3396231.7927185036, 404477.3738420745 3396731.7927185036, 403977.3738420745 3396731.7927185036, 403977.3738420745 3396231.7927185036, 404477.3738420745 3396231.7927185036))"
373,61,12,404227.3738420745,3396981.7927185036,"POLYGON ((404477.3738420745 3396731.7927185036, 404477.3738420745 3397231.7927185036, 403977.3738420745 3397231.7927185036, 403977.3738420745 3396731.7927185036, 404477.3738420745 3396731.7927185036))"
374,62,12,404227.3738420745,3397481.7927185036,"POLYGON ((404477.3738420745 3397231.7927185036, 404477.3738420745 3397731.7927185036, 403977.3738420745 3397731.7927185036, 403977.3738420745 3397231.7927185036, 404477.3738420745 3397231.7927185036))"
375,63,12,404227.3738420745,3397981.7927185036,"POLYGON ((404477.3738420745 3397731.7927185036, 404477.3738420745 3398231.7927185036, 403977.3738420745 3398231.7927185036, 403977.3738420745 3397731.7927185036, 404477.3738420745 3397731.7927185036))"
376,64,12,404227.3738420745,3398481.7927185036,"POLYGON ((404477.3738420745 3398231.7927185036, 404477.3738420745 3398731.7927185036, 403977.3738420745 3398731.7927185036, 403977.3738420745 3398231.7927185036, 404477.3738420745 3398231.7927185036))"
377,65,12,404227.3738420745,3398981.7927185036,"POLYGON ((404477.3738420745 3398731.7927185036, 404477.3738420745 3399231.7927185036, 403977.3738420745 3399231.7927185036, 403977.3738420745 3398731.7927185036, 404477.3738420745 3398731.7927185036))"
378,66,12,404227.3738420745,3399481.7927185036,"POLYGON ((404477.3738420745 3399231.7927185036, 404477.3738420745 3399731.7927185036, 403977.3738420745 3399731.7927185036, 403977.3738420745 3399231.7927185036, 404477.3738420745 3399231.7927185036))"
379,67,12,404227.3738420745,3399981.7927185036,"POLYGON ((404477.3738420745 3399731.7927185036, 404477.3738420745 3400231.7927185036, 403977.3738420745 3400231.7927185036, 403977.3738420745 3399731.7927185036, 404477.3738420745 3399731.7927185036))"
380,68,12,404227.3738420745,3400481.7927185036,"POLYGON ((404477.3738420745 3400231.7927185036, 404477.3738420745 3400731.7927185036, 403977.3738420745 3400731.7927185036, 403977.3738420745 3400231.7927185036, 404477.3738420745 3400231.7927185036))"
381,69,12,404227.3738420745,3400981.7927185036,"POLYGON ((404477.3738420745 3400731.7927185036, 404477.3738420745 3401231.7927185036, 403977.3738420745 3401231.7927185036, 403977.3738420745 3400731.7927185036, 404477.3738420745 3400731.7927185036))"
382,70,12,404227.3738420745,3401481.7927185036,"POLYGON ((404477.3738420745 3401231.7927185036, 404477.3738420745 3401731.7927185036, 403977.3738420745 3401731.7927185036, 403977.3738420745 3401231.7927185036, 404477.3738420745 3401231.7927185036))"
383,71,12,404227.3738420745,3401981.7927185036,"POLYGON ((404477.3738420745 3401731.7927185036, 404477.3738420745 3402231.7927185036, 403977.3738420745 3402231.7927185036, 403977.3738420745 3401731.7927185036, 404477.3738420745 3401731.7927185036))"
384,15,13,404727.3738420745,3373981.7927185036,"POLYGON ((404977.3738420745 3373731.7927185036, 404977.3738420745 3374231.7927185036, 404477.3738420745 3374231.7927185036, 404477.3738420745 3373731.7927185036, 404977.3738420745 3373731.7927185036))"
385,16,13,404727.3738420745,3374481.7927185036,"POLYGON ((404977.3738420745 3374231.7927185036, 404977.3738420745 3374731.7927185036, 404477.3738420745 3374731.7927185036, 404477.3738420745 3374231.7927185036, 404977.3738420745 3374231.7927185036))"
386,17,13,404727.3738420745,3374981.7927185036,"POLYGON ((404977.3738420745 3374731.7927185036, 404977.3738420745 3375231.7927185036, 404477.3738420745 3375231.7927185036, 404477.3738420745 3374731.7927185036, 404977.3738420745 3374731.7927185036))"
387,18,13,404727.3738420745,3375481.7927185036,"POLYGON ((404977.3738420745 3375231.7927185036, 404977.3738420745 3375731.7927185036, 404477.3738420745 3375731.7927185036, 404477.3738420745 3375231.7927185036, 404977.3738420745 3375231.7927185036))"
388,19,13,404727.3738420745,3375981.7927185036,"POLYGON ((404977.3738420745 3375731.7927185036, 404977.3738420745 3376231.7927185036, 404477.3738420745 3376231.7927185036, 404477.3738420745 3375731.7927185036, 404977.3738420745 3375731.7927185036))"
389,20,13,404727.3738420745,3376481.7927185036,"POLYGON ((404977.3738420745 3376231.7927185036, 404977.3738420745 3376731.7927185036, 404477.3738420745 3376731.7927185036, 404477.3738420745 3376231.7927185036, 404977.3738420745 3376231.7927185036))"
390,21,13,404727.3738420745,3376981.7927185036,"POLYGON ((404977.3738420745 3376731.7927185036, 404977.3738420745 3377231.7927185036, 404477.3738420745 3377231.7927185036, 404477.3738420745 3376731.7927185036, 404977.3738420745 3376731.7927185036))"
391,22,13,404727.3738420745,3377481.7927185036,"POLYGON ((404977.3738420745 3377231.7927185036, 404977.3738420745 3377731.7927185036, 404477.3738420745 3377731.7927185036, 404477.3738420745 3377231.7927185036, 404977.3738420745 3377231.7927185036))"
392,23,13,404727.3738420745,3377981.7927185036,"POLYGON ((404977.3738420745 3377731.7927185036, 404977.3738420745 3378231.7927185036, 404477.3738420745 3378231.7927185036, 404477.3738420745 3377731.7927185036, 404977.3738420745 3377731.7927185036))"
393,24,13,404727.3738420745,3378481.7927185036,"POLYGON ((404977.3738420745 3378231.7927185036, 404977.3738420745 3378731.7927185036, 404477.3738420745 3378731.7927185036, 404477.3738420745 3378231.7927185036, 404977.3738420745 3378231.7927185036))"
394,25,13,404727.3738420745,3378981.7927185036,"POLYGON ((404977.3738420745 3378731.7927185036, 404977.3738420745 3379231.7927185036, 404477.3738420745 3379231.7927185036, 404477.3738420745 3378731.7927185036, 404977.3738420745 3378731.7927185036))"
395,26,13,404727.3738420745,3379481.7927185036,"POLYGON ((404977.3738420745 3379231.7927185036, 404977.3738420745 3379731.7927185036, 404477.3738420745 3379731.7927185036, 404477.3738420745 3379231.7927185036, 404977.3738420745 3379231.7927185036))"
396,27,13,404727.3738420745,3379981.7927185036,"POLYGON ((404977.3738420745 3379731.7927185036, 404977.3738420745 3380231.7927185036, 404477.3738420745 3380231.7927185036, 404477.3738420745 3379731.7927185036, 404977.3738420745 3379731.7927185036))"
397,28,13,404727.3738420745,3380481.7927185036,"POLYGON ((404977.3738420745 3380231.7927185036, 404977.3738420745 3380731.7927185036, 404477.3738420745 3380731.7927185036, 404477.3738420745 3380231.7927185036, 404977.3738420745 3380231.7927185036))"
398,29,13,404727.3738420745,3380981.7927185036,"POLYGON ((404977.3738420745 3380731.7927185036, 404977.3738420745 3381231.7927185036, 404477.3738420745 3381231.7927185036, 404477.3738420745 3380731.7927185036, 404977.3738420745 3380731.7927185036))"
399,30,13,404727.3738420745,3381481.7927185036,"POLYGON ((404977.3738420745 3381231.7927185036, 404977.3738420745 3381731.7927185036, 404477.3738420745 3381731.7927185036, 404477.3738420745 3381231.7927185036, 404977.3738420745 3381231.7927185036))"
400,31,13,404727.3738420745,3381981.7927185036,"POLYGON ((404977.3738420745 3381731.7927185036, 404977.3738420745 3382231.7927185036, 404477.3738420745 3382231.7927185036, 404477.3738420745 3381731.7927185036, 404977.3738420745 3381731.7927185036))"
401,32,13,404727.3738420745,3382481.7927185036,"POLYGON ((404977.3738420745 3382231.7927185036, 404977.3738420745 3382731.7927185036, 404477.3738420745 3382731.7927185036, 404477.3738420745 3382231.7927185036, 404977.3738420745 3382231.7927185036))"
402,33,13,404727.3738420745,3382981.7927185036,"POLYGON ((404977.3738420745 3382731.7927185036, 404977.3738420745 3383231.7927185036, 404477.3738420745 3383231.7927185036, 404477.3738420745 3382731.7927185036, 404977.3738420745 3382731.7927185036))"
403,34,13,404727.3738420745,3383481.7927185036,"POLYGON ((404977.3738420745 3383231.7927185036, 404977.3738420745 3383731.7927185036, 404477.3738420745 3383731.7927185036, 404477.3738420745 3383231.7927185036, 404977.3738420745 3383231.7927185036))"
404,35,13,404727.3738420745,3383981.7927185036,"POLYGON ((404977.3738420745 3383731.7927185036, 404977.3738420745 3384231.7927185036, 404477.3738420745 3384231.7927185036, 404477.3738420745 3383731.7927185036, 404977.3738420745 3383731.7927185036))"
405,36,13,404727.3738420745,3384481.7927185036,"POLYGON ((404977.3738420745 3384231.7927185036, 404977.3738420745 3384731.7927185036, 404477.3738420745 3384731.7927185036, 404477.3738420745 3384231.7927185036, 404977.3738420745 3384231.7927185036))"
406,37,13,404727.3738420745,3384981.7927185036,"POLYGON ((404977.3738420745 3384731.7927185036, 404977.3738420745 3385231.7927185036, 404477.3738420745 3385231.7927185036, 404477.3738420745 3384731.7927185036, 404977.3738420745 3384731.7927185036))"
407,38,13,404727.3738420745,3385481.7927185036,"POLYGON ((404977.3738420745 3385231.7927185036, 404977.3738420745 3385731.7927185036, 404477.3738420745 3385731.7927185036, 404477.3738420745 3385231.7927185036, 404977.3738420745 3385231.7927185036))"
408,39,13,404727.3738420745,3385981.7927185036,"POLYGON ((404977.3738420745 3385731.7927185036, 404977.3738420745 3386231.7927185036, 404477.3738420745 3386231.7927185036, 404477.3738420745 3385731.7927185036, 404977.3738420745 3385731.7927185036))"
409,40,13,404727.3738420745,3386481.7927185036,"POLYGON ((404977.3738420745 3386231.7927185036, 404977.3738420745 3386731.7927185036, 404477.3738420745 3386731.7927185036, 404477.3738420745 3386231.7927185036, 404977.3738420745 3386231.7927185036))"
410,41,13,404727.3738420745,3386981.7927185036,"POLYGON ((404977.3738420745 3386731.7927185036, 404977.3738420745 3387231.7927185036, 404477.3738420745 3387231.7927185036, 404477.3738420745 3386731.7927185036, 404977.3738420745 3386731.7927185036))"
411,42,13,404727.3738420745,3387481.7927185036,"POLYGON ((404977.3738420745 3387231.7927185036, 404977.3738420745 3387731.7927185036, 404477.3738420745 3387731.7927185036, 404477.3738420745 3387231.7927185036, 404977.3738420745 3387231.7927185036))"
412,43,13,404727.3738420745,3387981.7927185036,"POLYGON ((404977.3738420745 3387731.7927185036, 404977.3738420745 3388231.7927185036, 404477.3738420745 3388231.7927185036, 404477.3738420745 3387731.7927185036, 404977.3738420745 3387731.7927185036))"
413,44,13,404727.3738420745,3388481.7927185036,"POLYGON ((404977.3738420745 3388231.7927185036, 404977.3738420745 3388731.7927185036, 404477.3738420745 3388731.7927185036, 404477.3738420745 3388231.7927185036, 404977.3738420745 3388231.7927185036))"
414,45,13,404727.3738420745,3388981.7927185036,"POLYGON ((404977.3738420745 3388731.7927185036, 404977.3738420745 3389231.7927185036, 404477.3738420745 3389231.7927185036, 404477.3738420745 3388731.7927185036, 404977.3738420745 3388731.7927185036))"
415,46,13,404727.3738420745,3389481.7927185036,"POLYGON ((404977.3738420745 3389231.7927185036, 404977.3738420745 3389731.7927185036, 404477.3738420745 3389731.7927185036, 404477.3738420745 3389231.7927185036, 404977.3738420745 3389231.7927185036))"
416,47,13,404727.3738420745,3389981.7927185036,"POLYGON ((404977.3738420745 3389731.7927185036, 404977.3738420745 3390231.7927185036, 404477.3738420745 3390231.7927185036, 404477.3738420745 3389731.7927185036, 404977.3738420745 3389731.7927185036))"
417,48,13,404727.3738420745,3390481.7927185036,"POLYGON ((404977.3738420745 3390231.7927185036, 404977.3738420745 3390731.7927185036, 404477.3738420745 3390731.7927185036, 404477.3738420745 3390231.7927185036, 404977.3738420745 3390231.7927185036))"
418,49,13,404727.3738420745,3390981.7927185036,"POLYGON ((404977.3738420745 3390731.7927185036, 404977.3738420745 3391231.7927185036, 404477.3738420745 3391231.7927185036, 404477.3738420745 3390731.7927185036, 404977.3738420745 3390731.7927185036))"
419,50,13,404727.3738420745,3391481.7927185036,"POLYGON ((404977.3738420745 3391231.7927185036, 404977.3738420745 3391731.7927185036, 404477.3738420745 3391731.7927185036, 404477.3738420745 3391231.7927185036, 404977.3738420745 3391231.7927185036))"
420,51,13,404727.3738420745,3391981.7927185036,"POLYGON ((404977.3738420745 3391731.7927185036, 404977.3738420745 3392231.7927185036, 404477.3738420745 3392231.7927185036, 404477.3738420745 3391731.7927185036, 404977.3738420745 3391731.7927185036))"
421,52,13,404727.3738420745,3392481.7927185036,"POLYGON ((404977.3738420745 3392231.7927185036, 404977.3738420745 3392731.7927185036, 404477.3738420745 3392731.7927185036, 404477.3738420745 3392231.7927185036, 404977.3738420745 3392231.7927185036))"
422,53,13,404727.3738420745,3392981.7927185036,"POLYGON ((404977.3738420745 3392731.7927185036, 404977.3738420745 3393231.7927185036, 404477.3738420745 3393231.7927185036, 404477.3738420745 3392731.7927185036, 404977.3738420745 3392731.7927185036))"
423,54,13,404727.3738420745,3393481.7927185036,"POLYGON ((404977.3738420745 3393231.7927185036, 404977.3738420745 3393731.7927185036, 404477.3738420745 3393731.7927185036, 404477.3738420745 3393231.7927185036, 404977.3738420745 3393231.7927185036))"
424,55,13,404727.3738420745,3393981.7927185036,"POLYGON ((404977.3738420745 3393731.7927185036, 404977.3738420745 3394231.7927185036, 404477.3738420745 3394231.7927185036, 404477.3738420745 3393731.7927185036, 404977.3738420745 3393731.7927185036))"
425,56,13,404727.3738420745,3394481.7927185036,"POLYGON ((404977.3738420745 3394231.7927185036, 404977.3738420745 3394731.7927185036, 404477.3738420745 3394731.7927185036, 404477.3738420745 3394231.7927185036, 404977.3738420745 3394231.7927185036))"
426,57,13,404727.3738420745,3394981.7927185036,"POLYGON ((404977.3738420745 3394731.7927185036, 404977.3738420745 3395231.7927185036, 404477.3738420745 3395231.7927185036, 404477.3738420745 3394731.7927185036, 404977.3738420745 3394731.7927185036))"
427,58,13,404727.3738420745,3395481.7927185036,"POLYGON ((404977.3738420745 3395231.7927185036, 404977.3738420745 3395731.7927185036, 404477.3738420745 3395731.7927185036, 404477.3738420745 3395231.7927185036, 404977.3738420745 3395231.7927185036))"
428,59,13,404727.3738420745,3395981.7927185036,"POLYGON ((404977.3738420745 3395731.7927185036, 404977.3738420745 3396231.7927185036, 404477.3738420745 3396231.7927185036, 404477.3738420745 3395731.7927185036, 404977.3738420745 3395731.7927185036))"
429,60,13,404727.3738420745,3396481.7927185036,"POLYGON ((404977.3738420745 3396231.7927185036, 404977.3738420745 3396731.7927185036, 404477.3738420745 3396731.7927185036, 404477.3738420745 3396231.7927185036, 404977.3738420745 3396231.7927185036))"
430,61,13,404727.3738420745,3396981.7927185036,"POLYGON ((404977.3738420745 3396731.7927185036, 404977.3738420745 3397231.7927185036, 404477.3738420745 3397231.7927185036, 404477.3738420745 3396731.7927185036, 404977.3738420745 3396731.7927185036))"
431,62,13,404727.3738420745,3397481.7927185036,"POLYGON ((404977.3738420745 3397231.7927185036, 404977.3738420745 3397731.7927185036, 404477.3738420745 3397731.7927185036, 404477.3738420745 3397231.7927185036, 404977.3738420745 3397231.7927185036))"
432,63,13,404727.3738420745,3397981.7927185036,"POLYGON ((404977.3738420745 3397731.7927185036, 404977.3738420745 3398231.7927185036, 404477.3738420745 3398231.7927185036, 404477.3738420745 3397731.7927185036, 404977.3738420745 3397731.7927185036))"
433,64,13,404727.3738420745,3398481.7927185036,"POLYGON ((404977.3738420745 3398231.7927185036, 404977.3738420745 3398731.7927185036, 404477.3738420745 3398731.7927185036, 404477.3738420745 3398231.7927185036, 404977.3738420745 3398231.7927185036))"
434,65,13,404727.3738420745,3398981.7927185036,"POLYGON ((404977.3738420745 3398731.7927185036, 404977.3738420745 3399231.7927185036, 404477.3738420745 3399231.7927185036, 404477.3738420745 3398731.7927185036, 404977.3738420745 3398731.7927185036))"
435,66,13,404727.3738420745,3399481.7927185036,"POLYGON ((404977.3738420745 3399231.7927185036, 404977.3738420745 3399731.7927185036, 404477.3738420745 3399731.7927185036, 404477.3738420745 3399231.7927185036, 404977.3738420745 3399231.7927185036))"
436,67,13,404727.3738420745,3399981.7927185036,"POLYGON ((404977.3738420745 3399731.7927185036, 404977.3738420745 3400231.7927185036, 404477.3738420745 3400231.7927185036, 404477.3738420745 3399731.7927185036, 404977.3738420745 3399731.7927185036))"
437,68,13,404727.3738420745,3400481.7927185036,"POLYGON ((404977.3738420745 3400231.7927185036, 404977.3738420745 3400731.7927185036, 404477.3738420745 3400731.7927185036, 404477.3738420745 3400231.7927185036, 404977.3738420745 3400231.7927185036))"
438,69,13,404727.3738420745,3400981.7927185036,"POLYGON ((404977.3738420745 3400731.7927185036, 404977.3738420745 3401231.7927185036, 404477.3738420745 3401231.7927185036, 404477.3738420745 3400731.7927185036, 404977.3738420745 3400731.7927185036))"
439,70,13,404727.3738420745,3401481.7927185036,"POLYGON ((404977.3738420745 3401231.7927185036, 404977.3738420745 3401731.7927185036, 404477.3738420745 3401731.7927185036, 404477.3738420745 3401231.7927185036, 404977.3738420745 3401231.7927185036))"
440,71,13,404727.3738420745,3401981.7927185036,"POLYGON ((404977.3738420745 3401731.7927185036, 404977.3738420745 3402231.7927185036, 404477.3738420745 3402231.7927185036, 404477.3738420745 3401731.7927185036, 404977.3738420745 3401731.7927185036))"
441,72,13,404727.3738420745,3402481.7927185036,"POLYGON ((404977.3738420745 3402231.7927185036, 404977.3738420745 3402731.7927185036, 404477.3738420745 3402731.7927185036, 404477.3738420745 3402231.7927185036, 404977.3738420745 3402231.7927185036))"
442,12,14,405227.3738420745,3372481.7927185036,"POLYGON ((405477.3738420745 3372231.7927185036, 405477.3738420745 3372731.7927185036, 404977.3738420745 3372731.7927185036, 404977.3738420745 3372231.7927185036, 405477.3738420745 3372231.7927185036))"
443,13,14,405227.3738420745,3372981.7927185036,"POLYGON ((405477.3738420745 3372731.7927185036, 405477.3738420745 3373231.7927185036, 404977.3738420745 3373231.7927185036, 404977.3738420745 3372731.7927185036, 405477.3738420745 3372731.7927185036))"
444,14,14,405227.3738420745,3373481.7927185036,"POLYGON ((405477.3738420745 3373231.7927185036, 405477.3738420745 3373731.7927185036, 404977.3738420745 3373731.7927185036, 404977.3738420745 3373231.7927185036, 405477.3738420745 3373231.7927185036))"
445,15,14,405227.3738420745,3373981.7927185036,"POLYGON ((405477.3738420745 3373731.7927185036, 405477.3738420745 3374231.7927185036, 404977.3738420745 3374231.7927185036, 404977.3738420745 3373731.7927185036, 405477.3738420745 3373731.7927185036))"
446,16,14,405227.3738420745,3374481.7927185036,"POLYGON ((405477.3738420745 3374231.7927185036, 405477.3738420745 3374731.7927185036, 404977.3738420745 3374731.7927185036, 404977.3738420745 3374231.7927185036, 405477.3738420745 3374231.7927185036))"
447,17,14,405227.3738420745,3374981.7927185036,"POLYGON ((405477.3738420745 3374731.7927185036, 405477.3738420745 3375231.7927185036, 404977.3738420745 3375231.7927185036, 404977.3738420745 3374731.7927185036, 405477.3738420745 3374731.7927185036))"
448,18,14,405227.3738420745,3375481.7927185036,"POLYGON ((405477.3738420745 3375231.7927185036, 405477.3738420745 3375731.7927185036, 404977.3738420745 3375731.7927185036, 404977.3738420745 3375231.7927185036, 405477.3738420745 3375231.7927185036))"
449,19,14,405227.3738420745,3375981.7927185036,"POLYGON ((405477.3738420745 3375731.7927185036, 405477.3738420745 3376231.7927185036, 404977.3738420745 3376231.7927185036, 404977.3738420745 3375731.7927185036, 405477.3738420745 3375731.7927185036))"
450,20,14,405227.3738420745,3376481.7927185036,"POLYGON ((405477.3738420745 3376231.7927185036, 405477.3738420745 3376731.7927185036, 404977.3738420745 3376731.7927185036, 404977.3738420745 3376231.7927185036, 405477.3738420745 3376231.7927185036))"
451,21,14,405227.3738420745,3376981.7927185036,"POLYGON ((405477.3738420745 3376731.7927185036, 405477.3738420745 3377231.7927185036, 404977.3738420745 3377231.7927185036, 404977.3738420745 3376731.7927185036, 405477.3738420745 3376731.7927185036))"
452,22,14,405227.3738420745,3377481.7927185036,"POLYGON ((405477.3738420745 3377231.7927185036, 405477.3738420745 3377731.7927185036, 404977.3738420745 3377731.7927185036, 404977.3738420745 3377231.7927185036, 405477.3738420745 3377231.7927185036))"
453,23,14,405227.3738420745,3377981.7927185036,"POLYGON ((405477.3738420745 3377731.7927185036, 405477.3738420745 3378231.7927185036, 404977.3738420745 3378231.7927185036, 404977.3738420745 3377731.7927185036, 405477.3738420745 3377731.7927185036))"
454,24,14,405227.3738420745,3378481.7927185036,"POLYGON ((405477.3738420745 3378231.7927185036, 405477.3738420745 3378731.7927185036, 404977.3738420745 3378731.7927185036, 404977.3738420745 3378231.7927185036, 405477.3738420745 3378231.7927185036))"
455,25,14,405227.3738420745,3378981.7927185036,"POLYGON ((405477.3738420745 3378731.7927185036, 405477.3738420745 3379231.7927185036, 404977.3738420745 3379231.7927185036, 404977.3738420745 3378731.7927185036, 405477.3738420745 3378731.7927185036))"
456,26,14,405227.3738420745,3379481.7927185036,"POLYGON ((405477.3738420745 3379231.7927185036, 405477.3738420745 3379731.7927185036, 404977.3738420745 3379731.7927185036, 404977.3738420745 3379231.7927185036, 405477.3738420745 3379231.7927185036))"
457,27,14,405227.3738420745,3379981.7927185036,"POLYGON ((405477.3738420745 3379731.7927185036, 405477.3738420745 3380231.7927185036, 404977.3738420745 3380231.7927185036, 404977.3738420745 3379731.7927185036, 405477.3738420745 3379731.7927185036))"
458,28,14,405227.3738420745,3380481.7927185036,"POLYGON ((405477.3738420745 3380231.7927185036, 405477.3738420745 3380731.7927185036, 404977.3738420745 3380731.7927185036, 404977.3738420745 3380231.7927185036, 405477.3738420745 3380231.7927185036))"
459,29,14,405227.3738420745,3380981.7927185036,"POLYGON ((405477.3738420745 3380731.7927185036, 405477.3738420745 3381231.7927185036, 404977.3738420745 3381231.7927185036, 404977.3738420745 3380731.7927185036, 405477.3738420745 3380731.7927185036))"
460,30,14,405227.3738420745,3381481.7927185036,"POLYGON ((405477.3738420745 3381231.7927185036, 405477.3738420745 3381731.7927185036, 404977.3738420745 3381731.7927185036, 404977.3738420745 3381231.7927185036, 405477.3738420745 3381231.7927185036))"
461,31,14,405227.3738420745,3381981.7927185036,"POLYGON ((405477.3738420745 3381731.7927185036, 405477.3738420745 3382231.7927185036, 404977.3738420745 3382231.7927185036, 404977.3738420745 3381731.7927185036, 405477.3738420745 3381731.7927185036))"
462,32,14,405227.3738420745,3382481.7927185036,"POLYGON ((405477.3738420745 3382231.7927185036, 405477.3738420745 3382731.7927185036, 404977.3738420745 3382731.7927185036, 404977.3738420745 3382231.7927185036, 405477.3738420745 3382231.7927185036))"
463,33,14,405227.3738420745,3382981.7927185036,"POLYGON ((405477.3738420745 3382731.7927185036, 405477.3738420745 3383231.7927185036, 404977.3738420745 3383231.7927185036, 404977.3738420745 3382731.7927185036, 405477.3738420745 3382731.7927185036))"
464,34,14,405227.3738420745,3383481.7927185036,"POLYGON ((405477.3738420745 3383231.7927185036, 405477.3738420745 3383731.7927185036, 404977.3738420745 3383731.7927185036, 404977.3738420745 3383231.7927185036, 405477.3738420745 3383231.7927185036))"
465,35,14,405227.3738420745,3383981.7927185036,"POLYGON ((405477.3738420745 3383731.7927185036, 405477.3738420745 3384231.7927185036, 404977.3738420745 3384231.7927185036, 404977.3738420745 3383731.7927185036, 405477.3738420745 3383731.7927185036))"
466,36,14,405227.3738420745,3384481.7927185036,"POLYGON ((405477.3738420745 3384231.7927185036, 405477.3738420745 3384731.7927185036, 404977.3738420745 3384731.7927185036, 404977.3738420745 3384231.7927185036, 405477.3738420745 3384231.7927185036))"
467,37,14,405227.3738420745,3384981.7927185036,"POLYGON ((405477.3738420745 3384731.7927185036, 405477.3738420745 3385231.7927185036, 404977.3738420745 3385231.7927185036, 404977.3738420745 3384731.7927185036, 405477.3738420745 3384731.7927185036))"
468,38,14,405227.3738420745,3385481.7927185036,"POLYGON ((405477.3738420745 3385231.7927185036, 405477.3738420745 3385731.7927185036, 404977.3738420745 3385731.7927185036, 404977.3738420745 3385231.7927185036, 405477.3738420745 3385231.7927185036))"
469,39,14,405227.3738420745,3385981.7927185036,"POLYGON ((405477.3738420745 3385731.7927185036, 405477.3738420745 3386231.7927185036, 404977.3738420745 3386231.7927185036, 404977.3738420745 3385731.7927185036, 405477.3738420745 3385731.7927185036))"
470,40,14,405227.3738420745,3386481.7927185036,"POLYGON ((405477.3738420745 3386231.7927185036, 405477.3738420745 3386731.7927185036, 404977.3738420745 3386731.7927185036, 404977.3738420745 3386231.7927185036, 405477.3738420745 3386231.7927185036))"
471,41,14,405227.3738420745,3386981.7927185036,"POLYGON ((405477.3738420745 3386731.7927185036, 405477.3738420745 3387231.7927185036, 404977.3738420745 3387231.7927185036, 404977.3738420745 3386731.7927185036, 405477.3738420745 3386731.7927185036))"
472,42,14,405227.3738420745,3387481.7927185036,"POLYGON ((405477.3738420745 3387231.7927185036, 405477.3738420745 3387731.7927185036, 404977.3738420745 3387731.7927185036, 404977.3738420745 3387231.7927185036, 405477.3738420745 3387231.7927185036))"
473,43,14,405227.3738420745,3387981.7927185036,"POLYGON ((405477.3738420745 3387731.7927185036, 405477.3738420745 3388231.7927185036, 404977.3738420745 3388231.7927185036, 404977.3738420745 3387731.7927185036, 405477.3738420745 3387731.7927185036))"
474,44,14,405227.3738420745,3388481.7927185036,"POLYGON ((405477.3738420745 3388231.7927185036, 405477.3738420745 3388731.7927185036, 404977.3738420745 3388731.7927185036, 404977.3738420745 3388231.7927185036, 405477.3738420745 3388231.7927185036))"
475,45,14,405227.3738420745,3388981.7927185036,"POLYGON ((405477.3738420745 3388731.7927185036, 405477.3738420745 3389231.7927185036, 404977.3738420745 3389231.7927185036, 404977.3738420745 3388731.7927185036, 405477.3738420745 3388731.7927185036))"
476,46,14,405227.3738420745,3389481.7927185036,"POLYGON ((405477.3738420745 3389231.7927185036, 405477.3738420745 3389731.7927185036, 404977.3738420745 3389731.7927185036, 404977.3738420745 3389231.7927185036, 405477.3738420745 3389231.7927185036))"
477,47,14,405227.3738420745,3389981.7927185036,"POLYGON ((405477.3738420745 3389731.7927185036, 405477.3738420745 3390231.7927185036, 404977.3738420745 3390231.7927185036, 404977.3738420745 3389731.7927185036, 405477.3738420745 3389731.7927185036))"
478,48,14,405227.3738420745,3390481.7927185036,"POLYGON ((405477.3738420745 3390231.7927185036, 405477.3738420745 3390731.7927185036, 404977.3738420745 3390731.7927185036, 404977.3738420745 3390231.7927185036, 405477.3738420745 3390231.7927185036))"
479,49,14,405227.3738420745,3390981.7927185036,"POLYGON ((405477.3738420745 3390731.7927185036, 405477.3738420745 3391231.7927185036, 404977.3738420745 3391231.7927185036, 404977.3738420745 3390731.7927185036, 405477.3738420745 3390731.7927185036))"
480,50,14,405227.3738420745,3391481.7927185036,"POLYGON ((405477.3738420745 3391231.7927185036, 405477.3738420745 3391731.7927185036, 404977.3738420745 3391731.7927185036, 404977.3738420745 3391231.7927185036, 405477.3738420745 3391231.7927185036))"
481,51,14,405227.3738420745,3391981.7927185036,"POLYGON ((405477.3738420745 3391731.7927185036, 405477.3738420745 3392231.7927185036, 404977.3738420745 3392231.7927185036, 404977.3738420745 3391731.7927185036, 405477.3738420745 3391731.7927185036))"
482,52,14,405227.3738420745,3392481.7927185036,"POLYGON ((405477.3738420745 3392231.7927185036, 405477.3738420745 3392731.7927185036, 404977.3738420745 3392731.7927185036, 404977.3738420745 3392231.7927185036, 405477.3738420745 3392231.7927185036))"
483,53,14,405227.3738420745,3392981.7927185036,"POLYGON ((405477.3738420745 3392731.7927185036, 405477.3738420745 3393231.7927185036, 404977.3738420745 3393231.7927185036, 404977.3738420745 3392731.7927185036, 405477.3738420745 3392731.7927185036))"
484,54,14,405227.3738420745,3393481.7927185036,"POLYGON ((405477.3738420745 3393231.7927185036, 405477.3738420745 3393731.7927185036, 404977.3738420745 3393731.7927185036, 404977.3738420745 3393231.7927185036, 405477.3738420745 3393231.7927185036))"
485,55,14,405227.3738420745,3393981.7927185036,"POLYGON ((405477.3738420745 3393731.7927185036, 405477.3738420745 3394231.7927185036, 404977.3738420745 3394231.7927185036, 404977.3738420745 3393731.7927185036, 405477.3738420745 3393731.7927185036))"
486,56,14,405227.3738420745,3394481.7927185036,"POLYGON ((405477.3738420745 3394231.7927185036, 405477.3738420745 3394731.7927185036, 404977.3738420745 3394731.7927185036, 404977.3738420745 3394231.7927185036, 405477.3738420745 3394231.7927185036))"
487,57,14,405227.3738420745,3394981.7927185036,"POLYGON ((405477.3738420745 3394731.7927185036, 405477.3738420745 3395231.7927185036, 404977.3738420745 3395231.7927185036, 404977.3738420745 3394731.7927185036, 405477.3738420745 3394731.7927185036))"
488,58,14,405227.3738420745,3395481.7927185036,"POLYGON ((405477.3738420745 3395231.7927185036, 405477.3738420745 3395731.7927185036, 404977.3738420745 3395731.7927185036, 404977.3738420745 3395231.7927185036, 405477.3738420745 3395231.7927185036))"
489,59,14,405227.3738420745,3395981.7927185036,"POLYGON ((405477.3738420745 3395731.7927185036, 405477.3738420745 3396231.7927185036, 404977.3738420745 3396231.7927185036, 404977.3738420745 3395731.7927185036, 405477.3738420745 3395731.7927185036))"
490,60,14,405227.3738420745,3396481.7927185036,"POLYGON ((405477.3738420745 3396231.7927185036, 405477.3738420745 3396731.7927185036, 404977.3738420745 3396731.7927185036, 404977.3738420745 3396231.7927185036, 405477.3738420745 3396231.7927185036))"
491,61,14,405227.3738420745,3396981.7927185036,"POLYGON ((405477.3738420745 3396731.7927185036, 405477.3738420745 3397231.7927185036, 404977.3738420745 3397231.7927185036, 404977.3738420745 3396731.7927185036, 405477.3738420745 3396731.7927185036))"
492,62,14,405227.3738420745,3397481.7927185036,"POLYGON ((405477.3738420745 3397231.7927185036, 405477.3738420745 3397731.7927185036, 404977.3738420745 3397731.7927185036, 404977.3738420745 3397231.7927185036, 405477.3738420745 3397231.7927185036))"
493,63,14,405227.3738420745,3397981.7927185036,"POLYGON ((405477.3738420745 3397731.7927185036, 405477.3738420745 3398231.7927185036, 404977.3738420745 3398231.7927185036, 404977.3738420745 3397731.7927185036, 405477.3738420745 3397731.7927185036))"
494,64,14,405227.3738420745,3398481.7927185036,"POLYGON ((405477.3738420745 3398231.7927185036, 405477.3738420745 3398731.7927185036, 404977.3738420745 3398731.7927185036, 404977.3738420745 3398231.7927185036, 405477.3738420745 3398231.7927185036))"
495,65,14,405227.3738420745,3398981.7927185036,"POLYGON ((405477.3738420745 3398731.7927185036, 405477.3738420745 3399231.7927185036, 404977.3738420745 3399231.7927185036, 404977.3738420745 3398731.7927185036, 405477.3738420745 3398731.7927185036))"
496,66,14,405227.3738420745,3399481.7927185036,"POLYGON ((405477.3738420745 3399231.7927185036, 405477.3738420745 3399731.7927185036, 404977.3738420745 3399731.7927185036, 404977.3738420745 3399231.7927185036, 405477.3738420745 3399231.7927185036))"
497,67,14,405227.3738420745,3399981.7927185036,"POLYGON ((405477.3738420745 3399731.7927185036, 405477.3738420745 3400231.7927185036, 404977.3738420745 3400231.7927185036, 404977.3738420745 3399731.7927185036, 405477.3738420745 3399731.7927185036))"
498,68,14,405227.3738420745,3400481.7927185036,"POLYGON ((405477.3738420745 3400231.7927185036, 405477.3738420745 3400731.7927185036, 404977.3738420745 3400731.7927185036, 404977.3738420745 3400231.7927185036, 405477.3738420745 3400231.7927185036))"
499,69,14,405227.3738420745,3400981.7927185036,"POLYGON ((405477.3738420745 3400731.7927185036, 405477.3738420745 3401231.7927185036, 404977.3738420745 3401231.7927185036, 404977.3738420745 3400731.7927185036, 405477.3738420745 3400731.7927185036))"
500,70,14,405227.3738420745,3401481.7927185036,"POLYGON ((405477.3738420745 3401231.7927185036, 405477.3738420745 3401731.7927185036, 404977.3738420745 3401731.7927185036, 404977.3738420745 3401231.7927185036, 405477.3738420745 3401231.7927185036))"
501,71,14,405227.3738420745,3401981.7927185036,"POLYGON ((405477.3738420745 3401731.7927185036, 405477.3738420745 3402231.7927185036, 404977.3738420745 3402231.7927185036, 404977.3738420745 3401731.7927185036, 405477.3738420745 3401731.7927185036))"
502,72,14,405227.3738420745,3402481.7927185036,"POLYGON ((405477.3738420745 3402231.7927185036, 405477.3738420745 3402731.7927185036, 404977.3738420745 3402731.7927185036, 404977.3738420745 3402231.7927185036, 405477.3738420745 3402231.7927185036))"
503,9,15,405727.3738420745,3370981.7927185036,"POLYGON ((405977.3738420745 3370731.7927185036, 405977.3738420745 3371231.7927185036, 405477.3738420745 3371231.7927185036, 405477.3738420745 3370731.7927185036, 405977.3738420745 3370731.7927185036))"
504,10,15,405727.3738420745,3371481.7927185036,"POLYGON ((405977.3738420745 3371231.7927185036, 405977.3738420745 3371731.7927185036, 405477.3738420745 3371731.7927185036, 405477.3738420745 3371231.7927185036, 405977.3738420745 3371231.7927185036))"
505,11,15,405727.3738420745,3371981.7927185036,"POLYGON ((405977.3738420745 3371731.7927185036, 405977.3738420745 3372231.7927185036, 405477.3738420745 3372231.7927185036, 405477.3738420745 3371731.7927185036, 405977.3738420745 3371731.7927185036))"
506,12,15,405727.3738420745,3372481.7927185036,"POLYGON ((405977.3738420745 3372231.7927185036, 405977.3738420745 3372731.7927185036, 405477.3738420745 3372731.7927185036, 405477.3738420745 3372231.7927185036, 405977.3738420745 3372231.7927185036))"
507,13,15,405727.3738420745,3372981.7927185036,"POLYGON ((405977.3738420745 3372731.7927185036, 405977.3738420745 3373231.7927185036, 405477.3738420745 3373231.7927185036, 405477.3738420745 3372731.7927185036, 405977.3738420745 3372731.7927185036))"
508,14,15,405727.3738420745,3373481.7927185036,"POLYGON ((405977.3738420745 3373231.7927185036, 405977.3738420745 3373731.7927185036, 405477.3738420745 3373731.7927185036, 405477.3738420745 3373231.7927185036, 405977.3738420745 3373231.7927185036))"
509,15,15,405727.3738420745,3373981.7927185036,"POLYGON ((405977.3738420745 3373731.7927185036, 405977.3738420745 3374231.7927185036, 405477.3738420745 3374231.7927185036, 405477.3738420745 3373731.7927185036, 405977.3738420745 3373731.7927185036))"
510,16,15,405727.3738420745,3374481.7927185036,"POLYGON ((405977.3738420745 3374231.7927185036, 405977.3738420745 3374731.7927185036, 405477.3738420745 3374731.7927185036, 405477.3738420745 3374231.7927185036, 405977.3738420745 3374231.7927185036))"
511,17,15,405727.3738420745,3374981.7927185036,"POLYGON ((405977.3738420745 3374731.7927185036, 405977.3738420745 3375231.7927185036, 405477.3738420745 3375231.7927185036, 405477.3738420745 3374731.7927185036, 405977.3738420745 3374731.7927185036))"
512,18,15,405727.3738420745,3375481.7927185036,"POLYGON ((405977.3738420745 3375231.7927185036, 405977.3738420745 3375731.7927185036, 405477.3738420745 3375731.7927185036, 405477.3738420745 3375231.7927185036, 405977.3738420745 3375231.7927185036))"
513,19,15,405727.3738420745,3375981.7927185036,"POLYGON ((405977.3738420745 3375731.7927185036, 405977.3738420745 3376231.7927185036, 405477.3738420745 3376231.7927185036, 405477.3738420745 3375731.7927185036, 405977.3738420745 3375731.7927185036))"
514,20,15,405727.3738420745,3376481.7927185036,"POLYGON ((405977.3738420745 3376231.7927185036, 405977.3738420745 3376731.7927185036, 405477.3738420745 3376731.7927185036, 405477.3738420745 3376231.7927185036, 405977.3738420745 3376231.7927185036))"
515,21,15,405727.3738420745,3376981.7927185036,"POLYGON ((405977.3738420745 3376731.7927185036, 405977.3738420745 3377231.7927185036, 405477.3738420745 3377231.7927185036, 405477.3738420745 3376731.7927185036, 405977.3738420745 3376731.7927185036))"
516,22,15,405727.3738420745,3377481.7927185036,"POLYGON ((405977.3738420745 3377231.7927185036, 405977.3738420745 3377731.7927185036, 405477.3738420745 3377731.7927185036, 405477.3738420745 3377231.7927185036, 405977.3738420745 3377231.7927185036))"
517,23,15,405727.3738420745,3377981.7927185036,"POLYGON ((405977.3738420745 3377731.7927185036, 405977.3738420745 3378231.7927185036, 405477.3738420745 3378231.7927185036, 405477.3738420745 3377731.7927185036, 405977.3738420745 3377731.7927185036))"
518,24,15,405727.3738420745,3378481.7927185036,"POLYGON ((405977.3738420745 3378231.7927185036, 405977.3738420745 3378731.7927185036, 405477.3738420745 3378731.7927185036, 405477.3738420745 3378231.7927185036, 405977.3738420745 3378231.7927185036))"
519,25,15,405727.3738420745,3378981.7927185036,"POLYGON ((405977.3738420745 3378731.7927185036, 405977.3738420745 3379231.7927185036, 405477.3738420745 3379231.7927185036, 405477.3738420745 3378731.7927185036, 405977.3738420745 3378731.7927185036))"
520,26,15,405727.3738420745,3379481.7927185036,"POLYGON ((405977.3738420745 3379231.7927185036, 405977.3738420745 3379731.7927185036, 405477.3738420745 3379731.7927185036, 405477.3738420745 3379231.7927185036, 405977.3738420745 3379231.7927185036))"
521,27,15,405727.3738420745,3379981.7927185036,"POLYGON ((405977.3738420745 3379731.7927185036, 405977.3738420745 3380231.7927185036, 405477.3738420745 3380231.7927185036, 405477.3738420745 3379731.7927185036, 405977.3738420745 3379731.7927185036))"
522,28,15,405727.3738420745,3380481.7927185036,"POLYGON ((405977.3738420745 3380231.7927185036, 405977.3738420745 3380731.7927185036, 405477.3738420745 3380731.7927185036, 405477.3738420745 3380231.7927185036, 405977.3738420745 3380231.7927185036))"
523,29,15,405727.3738420745,3380981.7927185036,"POLYGON ((405977.3738420745 3380731.7927185036, 405977.3738420745 3381231.7927185036, 405477.3738420745 3381231.7927185036, 405477.3738420745 3380731.7927185036, 405977.3738420745 3380731.7927185036))"
524,30,15,405727.3738420745,3381481.7927185036,"POLYGON ((405977.3738420745 3381231.7927185036, 405977.3738420745 3381731.7927185036, 405477.3738420745 3381731.7927185036, 405477.3738420745 3381231.7927185036, 405977.3738420745 3381231.7927185036))"
525,31,15,405727.3738420745,3381981.7927185036,"POLYGON ((405977.3738420745 3381731.7927185036, 405977.3738420745 3382231.7927185036, 405477.3738420745 3382231.7927185036, 405477.3738420745 3381731.7927185036, 405977.3738420745 3381731.7927185036))"
526,32,15,405727.3738420745,3382481.7927185036,"POLYGON ((405977.3738420745 3382231.7927185036, 405977.3738420745 3382731.7927185036, 405477.3738420745 3382731.7927185036, 405477.3738420745 3382231.7927185036, 405977.3738420745 3382231.7927185036))"
527,33,15,405727.3738420745,3382981.7927185036,"POLYGON ((405977.3738420745 3382731.7927185036, 405977.3738420745 3383231.7927185036, 405477.3738420745 3383231.7927185036, 405477.3738420745 3382731.7927185036, 405977.3738420745 3382731.7927185036))"
528,34,15,405727.3738420745,3383481.7927185036,"POLYGON ((405977.3738420745 3383231.7927185036, 405977.3738420745 3383731.7927185036, 405477.3738420745 3383731.7927185036, 405477.3738420745 3383231.7927185036, 405977.3738420745 3383231.7927185036))"
529,35,15,405727.3738420745,3383981.7927185036,"POLYGON ((405977.3738420745 3383731.7927185036, 405977.3738420745 3384231.7927185036, 405477.3738420745 3384231.7927185036, 405477.3738420745 3383731.7927185036, 405977.3738420745 3383731.7927185036))"
530,36,15,405727.3738420745,3384481.7927185036,"POLYGON ((405977.3738420745 3384231.7927185036, 405977.3738420745 3384731.7927185036, 405477.3738420745 3384731.7927185036, 405477.3738420745 3384231.7927185036, 405977.3738420745 3384231.7927185036))"
531,37,15,405727.3738420745,3384981.7927185036,"POLYGON ((405977.3738420745 3384731.7927185036, 405977.3738420745 3385231.7927185036, 405477.3738420745 3385231.7927185036, 405477.3738420745 3384731.7927185036, 405977.3738420745 3384731.7927185036))"
532,38,15,405727.3738420745,3385481.7927185036,"POLYGON ((405977.3738420745 3385231.7927185036, 405977.3738420745 3385731.7927185036, 405477.3738420745 3385731.7927185036, 405477.3738420745 3385231.7927185036, 405977.3738420745 3385231.7927185036))"
533,39,15,405727.3738420745,3385981.7927185036,"POLYGON ((405977.3738420745 3385731.7927185036, 405977.3738420745 3386231.7927185036, 405477.3738420745 3386231.7927185036, 405477.3738420745 3385731.7927185036, 405977.3738420745 3385731.7927185036))"
534,40,15,405727.3738420745,3386481.7927185036,"POLYGON ((405977.3738420745 3386231.7927185036, 405977.3738420745 3386731.7927185036, 405477.3738420745 3386731.7927185036, 405477.3738420745 3386231.7927185036, 405977.3738420745 3386231.7927185036))"
535,41,15,405727.3738420745,3386981.7927185036,"POLYGON ((405977.3738420745 3386731.7927185036, 405977.3738420745 3387231.7927185036, 405477.3738420745 3387231.7927185036, 405477.3738420745 3386731.7927185036, 405977.3738420745 3386731.7927185036))"
536,42,15,405727.3738420745,3387481.7927185036,"POLYGON ((405977.3738420745 3387231.7927185036, 405977.3738420745 3387731.7927185036, 405477.3738420745 3387731.7927185036, 405477.3738420745 3387231.7927185036, 405977.3738420745 3387231.7927185036))"
537,43,15,405727.3738420745,3387981.7927185036,"POLYGON ((405977.3738420745 3387731.7927185036, 405977.3738420745 3388231.7927185036, 405477.3738420745 3388231.7927185036, 405477.3738420745 3387731.7927185036, 405977.3738420745 3387731.7927185036))"
538,44,15,405727.3738420745,3388481.7927185036,"POLYGON ((405977.3738420745 3388231.7927185036, 405977.3738420745 3388731.7927185036, 405477.3738420745 3388731.7927185036, 405477.3738420745 3388231.7927185036, 405977.3738420745 3388231.7927185036))"
539,45,15,405727.3738420745,3388981.7927185036,"POLYGON ((405977.3738420745 3388731.7927185036, 405977.3738420745 3389231.7927185036, 405477.3738420745 3389231.7927185036, 405477.3738420745 3388731.7927185036, 405977.3738420745 3388731.7927185036))"
540,46,15,405727.3738420745,3389481.7927185036,"POLYGON ((405977.3738420745 3389231.7927185036, 405977.3738420745 3389731.7927185036, 405477.3738420745 3389731.7927185036, 405477.3738420745 3389231.7927185036, 405977.3738420745 3389231.7927185036))"
541,47,15,405727.3738420745,3389981.7927185036,"POLYGON ((405977.3738420745 3389731.7927185036, 405977.3738420745 3390231.7927185036, 405477.3738420745 3390231.7927185036, 405477.3738420745 3389731.7927185036, 405977.3738420745 3389731.7927185036))"
542,48,15,405727.3738420745,3390481.7927185036,"POLYGON ((405977.3738420745 3390231.7927185036, 405977.3738420745 3390731.7927185036, 405477.3738420745 3390731.7927185036, 405477.3738420745 3390231.7927185036, 405977.3738420745 3390231.7927185036))"
543,49,15,405727.3738420745,3390981.7927185036,"POLYGON ((405977.3738420745 3390731.7927185036, 405977.3738420745 3391231.7927185036, 405477.3738420745 3391231.7927185036, 405477.3738420745 3390731.7927185036, 405977.3738420745 3390731.7927185036))"
544,50,15,405727.3738420745,3391481.7927185036,"POLYGON ((405977.3738420745 3391231.7927185036, 405977.3738420745 3391731.7927185036, 405477.3738420745 3391731.7927185036, 405477.3738420745 3391231.7927185036, 405977.3738420745 3391231.7927185036))"
545,51,15,405727.3738420745,3391981.7927185036,"POLYGON ((405977.3738420745 3391731.7927185036, 405977.3738420745 3392231.7927185036, 405477.3738420745 3392231.7927185036, 405477.3738420745 3391731.7927185036, 405977.3738420745 3391731.7927185036))"
546,52,15,405727.3738420745,3392481.7927185036,"POLYGON ((405977.3738420745 3392231.7927185036, 405977.3738420745 3392731.7927185036, 405477.3738420745 3392731.7927185036, 405477.3738420745 3392231.7927185036, 405977.3738420745 3392231.7927185036))"
547,53,15,405727.3738420745,3392981.7927185036,"POLYGON ((405977.3738420745 3392731.7927185036, 405977.3738420745 3393231.7927185036, 405477.3738420745 3393231.7927185036, 405477.3738420745 3392731.7927185036, 405977.3738420745 3392731.7927185036))"
548,54,15,405727.3738420745,3393481.7927185036,"POLYGON ((405977.3738420745 3393231.7927185036, 405977.3738420745 3393731.7927185036, 405477.3738420745 3393731.7927185036, 405477.3738420745 3393231.7927185036, 405977.3738420745 3393231.7927185036))"
549,55,15,405727.3738420745,3393981.7927185036,"POLYGON ((405977.3738420745 3393731.7927185036, 405977.3738420745 3394231.7927185036, 405477.3738420745 3394231.7927185036, 405477.3738420745 3393731.7927185036, 405977.3738420745 3393731.7927185036))"
550,56,15,405727.3738420745,3394481.7927185036,"POLYGON ((405977.3738420745 3394231.7927185036, 405977.3738420745 3394731.7927185036, 405477.3738420745 3394731.7927185036, 405477.3738420745 3394231.7927185036, 405977.3738420745 3394231.7927185036))"
551,57,15,405727.3738420745,3394981.7927185036,"POLYGON ((405977.3738420745 3394731.7927185036, 405977.3738420745 3395231.7927185036, 405477.3738420745 3395231.7927185036, 405477.3738420745 3394731.7927185036, 405977.3738420745 3394731.7927185036))"
552,58,15,405727.3738420745,3395481.7927185036,"POLYGON ((405977.3738420745 3395231.7927185036, 405977.3738420745 3395731.7927185036, 405477.3738420745 3395731.7927185036, 405477.3738420745 3395231.7927185036, 405977.3738420745 3395231.7927185036))"
553,59,15,405727.3738420745,3395981.7927185036,"POLYGON ((405977.3738420745 3395731.7927185036, 405977.3738420745 3396231.7927185036, 405477.3738420745 3396231.7927185036, 405477.3738420745 3395731.7927185036, 405977.3738420745 3395731.7927185036))"
554,60,15,405727.3738420745,3396481.7927185036,"POLYGON ((405977.3738420745 3396231.7927185036, 405977.3738420745 3396731.7927185036, 405477.3738420745 3396731.7927185036, 405477.3738420745 3396231.7927185036, 405977.3738420745 3396231.7927185036))"
555,61,15,405727.3738420745,3396981.7927185036,"POLYGON ((405977.3738420745 3396731.7927185036, 405977.3738420745 3397231.7927185036, 405477.3738420745 3397231.7927185036, 405477.3738420745 3396731.7927185036, 405977.3738420745 3396731.7927185036))"
556,62,15,405727.3738420745,3397481.7927185036,"POLYGON ((405977.3738420745 3397231.7927185036, 405977.3738420745 3397731.7927185036, 405477.3738420745 3397731.7927185036, 405477.3738420745 3397231.7927185036, 405977.3738420745 3397231.7927185036))"
557,63,15,405727.3738420745,3397981.7927185036,"POLYGON ((405977.3738420745 3397731.7927185036, 405977.3738420745 3398231.7927185036, 405477.3738420745 3398231.7927185036, 405477.3738420745 3397731.7927185036, 405977.3738420745 3397731.7927185036))"
558,64,15,405727.3738420745,3398481.7927185036,"POLYGON ((405977.3738420745 3398231.7927185036, 405977.3738420745 3398731.7927185036, 405477.3738420745 3398731.7927185036, 405477.3738420745 3398231.7927185036, 405977.3738420745 3398231.7927185036))"
559,65,15,405727.3738420745,3398981.7927185036,"POLYGON ((405977.3738420745 3398731.7927185036, 405977.3738420745 3399231.7927185036, 405477.3738420745 3399231.7927185036, 405477.3738420745 3398731.7927185036, 405977.3738420745 3398731.7927185036))"
560,66,15,405727.3738420745,3399481.7927185036,"POLYGON ((405977.3738420745 3399231.7927185036, 405977.3738420745 3399731.7927185036, 405477.3738420745 3399731.7927185036, 405477.3738420745 3399231.7927185036, 405977.3738420745 3399231.7927185036))"
561,67,15,405727.3738420745,3399981.7927185036,"POLYGON ((405977.3738420745 3399731.7927185036, 405977.3738420745 3400231.7927185036, 405477.3738420745 3400231.7927185036, 405477.3738420745 3399731.7927185036, 405977.3738420745 3399731.7927185036))"
562,68,15,405727.3738420745,3400481.7927185036,"POLYGON ((405977.3738420745 3400231.7927185036, 405977.3738420745 3400731.7927185036, 405477.3738420745 3400731.7927185036, 405477.3738420745 3400231.7927185036, 405977.3738420745 3400231.7927185036))"
563,69,15,405727.3738420745,3400981.7927185036,"POLYGON ((405977.3738420745 3400731.7927185036, 405977.3738420745 3401231.7927185036, 405477.3738420745 3401231.7927185036, 405477.3738420745 3400731.7927185036, 405977.3738420745 3400731.7927185036))"
564,70,15,405727.3738420745,3401481.7927185036,"POLYGON ((405977.3738420745 3401231.7927185036, 405977.3738420745 3401731.7927185036, 405477.3738420745 3401731.7927185036, 405477.3738420745 3401231.7927185036, 405977.3738420745 3401231.7927185036))"
565,71,15,405727.3738420745,3401981.7927185036,"POLYGON ((405977.3738420745 3401731.7927185036, 405977.3738420745 3402231.7927185036, 405477.3738420745 3402231.7927185036, 405477.3738420745 3401731.7927185036, 405977.3738420745 3401731.7927185036))"
566,72,15,405727.3738420745,3402481.7927185036,"POLYGON ((405977.3738420745 3402231.7927185036, 405977.3738420745 3402731.7927185036, 405477.3738420745 3402731.7927185036, 405477.3738420745 3402231.7927185036, 405977.3738420745 3402231.7927185036))"
567,73,15,405727.3738420745,3402981.7927185036,"POLYGON ((405977.3738420745 3402731.7927185036, 405977.3738420745 3403231.7927185036, 405477.3738420745 3403231.7927185036, 405477.3738420745 3402731.7927185036, 405977.3738420745 3402731.7927185036))"
568,7,16,406227.3738420745,3369981.7927185036,"POLYGON ((406477.3738420745 3369731.7927185036, 406477.3738420745 3370231.7927185036, 405977.3738420745 3370231.7927185036, 405977.3738420745 3369731.7927185036, 406477.3738420745 3369731.7927185036))"
569,8,16,406227.3738420745,3370481.7927185036,"POLYGON ((406477.3738420745 3370231.7927185036, 406477.3738420745 3370731.7927185036, 405977.3738420745 3370731.7927185036, 405977.3738420745 3370231.7927185036, 406477.3738420745 3370231.7927185036))"
570,9,16,406227.3738420745,3370981.7927185036,"POLYGON ((406477.3738420745 3370731.7927185036, 406477.3738420745 3371231.7927185036, 405977.3738420745 3371231.7927185036, 405977.3738420745 3370731.7927185036, 406477.3738420745 3370731.7927185036))"
571,10,16,406227.3738420745,3371481.7927185036,"POLYGON ((406477.3738420745 3371231.7927185036, 406477.3738420745 3371731.7927185036, 405977.3738420745 3371731.7927185036, 405977.3738420745 3371231.7927185036, 406477.3738420745 3371231.7927185036))"
572,11,16,406227.3738420745,3371981.7927185036,"POLYGON ((406477.3738420745 3371731.7927185036, 406477.3738420745 3372231.7927185036, 405977.3738420745 3372231.7927185036, 405977.3738420745 3371731.7927185036, 406477.3738420745 3371731.7927185036))"
573,12,16,406227.3738420745,3372481.7927185036,"POLYGON ((406477.3738420745 3372231.7927185036, 406477.3738420745 3372731.7927185036, 405977.3738420745 3372731.7927185036, 405977.3738420745 3372231.7927185036, 406477.3738420745 3372231.7927185036))"
574,13,16,406227.3738420745,3372981.7927185036,"POLYGON ((406477.3738420745 3372731.7927185036, 406477.3738420745 3373231.7927185036, 405977.3738420745 3373231.7927185036, 405977.3738420745 3372731.7927185036, 406477.3738420745 3372731.7927185036))"
575,14,16,406227.3738420745,3373481.7927185036,"POLYGON ((406477.3738420745 3373231.7927185036, 406477.3738420745 3373731.7927185036, 405977.3738420745 3373731.7927185036, 405977.3738420745 3373231.7927185036, 406477.3738420745 3373231.7927185036))"
576,15,16,406227.3738420745,3373981.7927185036,"POLYGON ((406477.3738420745 3373731.7927185036, 406477.3738420745 3374231.7927185036, 405977.3738420745 3374231.7927185036, 405977.3738420745 3373731.7927185036, 406477.3738420745 3373731.7927185036))"
577,16,16,406227.3738420745,3374481.7927185036,"POLYGON ((406477.3738420745 3374231.7927185036, 406477.3738420745 3374731.7927185036, 405977.3738420745 3374731.7927185036, 405977.3738420745 3374231.7927185036, 406477.3738420745 3374231.7927185036))"
578,17,16,406227.3738420745,3374981.7927185036,"POLYGON ((406477.3738420745 3374731.7927185036, 406477.3738420745 3375231.7927185036, 405977.3738420745 3375231.7927185036, 405977.3738420745 3374731.7927185036, 406477.3738420745 3374731.7927185036))"
579,18,16,406227.3738420745,3375481.7927185036,"POLYGON ((406477.3738420745 3375231.7927185036, 406477.3738420745 3375731.7927185036, 405977.3738420745 3375731.7927185036, 405977.3738420745 3375231.7927185036, 406477.3738420745 3375231.7927185036))"
580,19,16,406227.3738420745,3375981.7927185036,"POLYGON ((406477.3738420745 3375731.7927185036, 406477.3738420745 3376231.7927185036, 405977.3738420745 3376231.7927185036, 405977.3738420745 3375731.7927185036, 406477.3738420745 3375731.7927185036))"
581,20,16,406227.3738420745,3376481.7927185036,"POLYGON ((406477.3738420745 3376231.7927185036, 406477.3738420745 3376731.7927185036, 405977.3738420745 3376731.7927185036, 405977.3738420745 3376231.7927185036, 406477.3738420745 3376231.7927185036))"
582,21,16,406227.3738420745,3376981.7927185036,"POLYGON ((406477.3738420745 3376731.7927185036, 406477.3738420745 3377231.7927185036, 405977.3738420745 3377231.7927185036, 405977.3738420745 3376731.7927185036, 406477.3738420745 3376731.7927185036))"
583,22,16,406227.3738420745,3377481.7927185036,"POLYGON ((406477.3738420745 3377231.7927185036, 406477.3738420745 3377731.7927185036, 405977.3738420745 3377731.7927185036, 405977.3738420745 3377231.7927185036, 406477.3738420745 3377231.7927185036))"
584,23,16,406227.3738420745,3377981.7927185036,"POLYGON ((406477.3738420745 3377731.7927185036, 406477.3738420745 3378231.7927185036, 405977.3738420745 3378231.7927185036, 405977.3738420745 3377731.7927185036, 406477.3738420745 3377731.7927185036))"
585,24,16,406227.3738420745,3378481.7927185036,"POLYGON ((406477.3738420745 3378231.7927185036, 406477.3738420745 3378731.7927185036, 405977.3738420745 3378731.7927185036, 405977.3738420745 3378231.7927185036, 406477.3738420745 3378231.7927185036))"
586,25,16,406227.3738420745,3378981.7927185036,"POLYGON ((406477.3738420745 3378731.7927185036, 406477.3738420745 3379231.7927185036, 405977.3738420745 3379231.7927185036, 405977.3738420745 3378731.7927185036, 406477.3738420745 3378731.7927185036))"
587,26,16,406227.3738420745,3379481.7927185036,"POLYGON ((406477.3738420745 3379231.7927185036, 406477.3738420745 3379731.7927185036, 405977.3738420745 3379731.7927185036, 405977.3738420745 3379231.7927185036, 406477.3738420745 3379231.7927185036))"
588,27,16,406227.3738420745,3379981.7927185036,"POLYGON ((406477.3738420745 3379731.7927185036, 406477.3738420745 3380231.7927185036, 405977.3738420745 3380231.7927185036, 405977.3738420745 3379731.7927185036, 406477.3738420745 3379731.7927185036))"
589,28,16,406227.3738420745,3380481.7927185036,"POLYGON ((406477.3738420745 3380231.7927185036, 406477.3738420745 3380731.7927185036, 405977.3738420745 3380731.7927185036, 405977.3738420745 3380231.7927185036, 406477.3738420745 3380231.7927185036))"
590,29,16,406227.3738420745,3380981.7927185036,"POLYGON ((406477.3738420745 3380731.7927185036, 406477.3738420745 3381231.7927185036, 405977.3738420745 3381231.7927185036, 405977.3738420745 3380731.7927185036, 406477.3738420745 3380731.7927185036))"
591,30,16,406227.3738420745,3381481.7927185036,"POLYGON ((406477.3738420745 3381231.7927185036, 406477.3738420745 3381731.7927185036, 405977.3738420745 3381731.7927185036, 405977.3738420745 3381231.7927185036, 406477.3738420745 3381231.7927185036))"
592,31,16,406227.3738420745,3381981.7927185036,"POLYGON ((406477.3738420745 3381731.7927185036, 406477.3738420745 3382231.7927185036, 405977.3738420745 3382231.7927185036, 405977.3738420745 3381731.7927185036, 406477.3738420745 3381731.7927185036))"
593,32,16,406227.3738420745,3382481.7927185036,"POLYGON ((406477.3738420745 3382231.7927185036, 406477.3738420745 3382731.7927185036, 405977.3738420745 3382731.7927185036, 405977.3738420745 3382231.7927185036, 406477.3738420745 3382231.7927185036))"
594,33,16,406227.3738420745,3382981.7927185036,"POLYGON ((406477.3738420745 3382731.7927185036, 406477.3738420745 3383231.7927185036, 405977.3738420745 3383231.7927185036, 405977.3738420745 3382731.7927185036, 406477.3738420745 3382731.7927185036))"
595,34,16,406227.3738420745,3383481.7927185036,"POLYGON ((406477.3738420745 3383231.7927185036, 406477.3738420745 3383731.7927185036, 405977.3738420745 3383731.7927185036, 405977.3738420745 3383231.7927185036, 406477.3738420745 3383231.7927185036))"
596,35,16,406227.3738420745,3383981.7927185036,"POLYGON ((406477.3738420745 3383731.7927185036, 406477.3738420745 3384231.7927185036, 405977.3738420745 3384231.7927185036, 405977.3738420745 3383731.7927185036, 406477.3738420745 3383731.7927185036))"
597,36,16,406227.3738420745,3384481.7927185036,"POLYGON ((406477.3738420745 3384231.7927185036, 406477.3738420745 3384731.7927185036, 405977.3738420745 3384731.7927185036, 405977.3738420745 3384231.7927185036, 406477.3738420745 3384231.7927185036))"
598,37,16,406227.3738420745,3384981.7927185036,"POLYGON ((406477.3738420745 3384731.7927185036, 406477.3738420745 3385231.7927185036, 405977.3738420745 3385231.7927185036, 405977.3738420745 3384731.7927185036, 406477.3738420745 3384731.7927185036))"
599,38,16,406227.3738420745,3385481.7927185036,"POLYGON ((406477.3738420745 3385231.7927185036, 406477.3738420745 3385731.7927185036, 405977.3738420745 3385731.7927185036, 405977.3738420745 3385231.7927185036, 406477.3738420745 3385231.7927185036))"
600,39,16,406227.3738420745,3385981.7927185036,"POLYGON ((406477.3738420745 3385731.7927185036, 406477.3738420745 3386231.7927185036, 405977.3738420745 3386231.7927185036, 405977.3738420745 3385731.7927185036, 406477.3738420745 3385731.7927185036))"
601,40,16,406227.3738420745,3386481.7927185036,"POLYGON ((406477.3738420745 3386231.7927185036, 406477.3738420745 3386731.7927185036, 405977.3738420745 3386731.7927185036, 405977.3738420745 3386231.7927185036, 406477.3738420745 3386231.7927185036))"
602,41,16,406227.3738420745,3386981.7927185036,"POLYGON ((406477.3738420745 3386731.7927185036, 406477.3738420745 3387231.7927185036, 405977.3738420745 3387231.7927185036, 405977.3738420745 3386731.7927185036, 406477.3738420745 3386731.7927185036))"
603,42,16,406227.3738420745,3387481.7927185036,"POLYGON ((406477.3738420745 3387231.7927185036, 406477.3738420745 3387731.7927185036, 405977.3738420745 3387731.7927185036, 405977.3738420745 3387231.7927185036, 406477.3738420745 3387231.7927185036))"
604,43,16,406227.3738420745,3387981.7927185036,"POLYGON ((406477.3738420745 3387731.7927185036, 406477.3738420745 3388231.7927185036, 405977.3738420745 3388231.7927185036, 405977.3738420745 3387731.7927185036, 406477.3738420745 3387731.7927185036))"
605,44,16,406227.3738420745,3388481.7927185036,"POLYGON ((406477.3738420745 3388231.7927185036, 406477.3738420745 3388731.7927185036, 405977.3738420745 3388731.7927185036, 405977.3738420745 3388231.7927185036, 406477.3738420745 3388231.7927185036))"
606,45,16,406227.3738420745,3388981.7927185036,"POLYGON ((406477.3738420745 3388731.7927185036, 406477.3738420745 3389231.7927185036, 405977.3738420745 3389231.7927185036, 405977.3738420745 3388731.7927185036, 406477.3738420745 3388731.7927185036))"
607,46,16,406227.3738420745,3389481.7927185036,"POLYGON ((406477.3738420745 3389231.7927185036, 406477.3738420745 3389731.7927185036, 405977.3738420745 3389731.7927185036, 405977.3738420745 3389231.7927185036, 406477.3738420745 3389231.7927185036))"
608,47,16,406227.3738420745,3389981.7927185036,"POLYGON ((406477.3738420745 3389731.7927185036, 406477.3738420745 3390231.7927185036, 405977.3738420745 3390231.7927185036, 405977.3738420745 3389731.7927185036, 406477.3738420745 3389731.7927185036))"
609,48,16,406227.3738420745,3390481.7927185036,"POLYGON ((406477.3738420745 3390231.7927185036, 406477.3738420745 3390731.7927185036, 405977.3738420745 3390731.7927185036, 405977.3738420745 3390231.7927185036, 406477.3738420745 3390231.7927185036))"
610,49,16,406227.3738420745,3390981.7927185036,"POLYGON ((406477.3738420745 3390731.7927185036, 406477.3738420745 3391231.7927185036, 405977.3738420745 3391231.7927185036, 405977.3738420745 3390731.7927185036, 406477.3738420745 3390731.7927185036))"
611,50,16,406227.3738420745,3391481.7927185036,"POLYGON ((406477.3738420745 3391231.7927185036, 406477.3738420745 3391731.7927185036, 405977.3738420745 3391731.7927185036, 405977.3738420745 3391231.7927185036, 406477.3738420745 3391231.7927185036))"
612,51,16,406227.3738420745,3391981.7927185036,"POLYGON ((406477.3738420745 3391731.7927185036, 406477.3738420745 3392231.7927185036, 405977.3738420745 3392231.7927185036, 405977.3738420745 3391731.7927185036, 406477.3738420745 3391731.7927185036))"
613,52,16,406227.3738420745,3392481.7927185036,"POLYGON ((406477.3738420745 3392231.7927185036, 406477.3738420745 3392731.7927185036, 405977.3738420745 3392731.7927185036, 405977.3738420745 3392231.7927185036, 406477.3738420745 3392231.7927185036))"
614,53,16,406227.3738420745,3392981.7927185036,"POLYGON ((406477.3738420745 3392731.7927185036, 406477.3738420745 3393231.7927185036, 405977.3738420745 3393231.7927185036, 405977.3738420745 3392731.7927185036, 406477.3738420745 3392731.7927185036))"
615,54,16,406227.3738420745,3393481.7927185036,"POLYGON ((406477.3738420745 3393231.7927185036, 406477.3738420745 3393731.7927185036, 405977.3738420745 3393731.7927185036, 405977.3738420745 3393231.7927185036, 406477.3738420745 3393231.7927185036))"
616,55,16,406227.3738420745,3393981.7927185036,"POLYGON ((406477.3738420745 3393731.7927185036, 406477.3738420745 3394231.7927185036, 405977.3738420745 3394231.7927185036, 405977.3738420745 3393731.7927185036, 406477.3738420745 3393731.7927185036))"
617,56,16,406227.3738420745,3394481.7927185036,"POLYGON ((406477.3738420745 3394231.7927185036, 406477.3738420745 3394731.7927185036, 405977.3738420745 3394731.7927185036, 405977.3738420745 3394231.7927185036, 406477.3738420745 3394231.7927185036))"
618,57,16,406227.3738420745,3394981.7927185036,"POLYGON ((406477.3738420745 3394731.7927185036, 406477.3738420745 3395231.7927185036, 405977.3738420745 3395231.7927185036, 405977.3738420745 3394731.7927185036, 406477.3738420745 3394731.7927185036))"
619,58,16,406227.3738420745,3395481.7927185036,"POLYGON ((406477.3738420745 3395231.7927185036, 406477.3738420745 3395731.7927185036, 405977.3738420745 3395731.7927185036, 405977.3738420745 3395231.7927185036, 406477.3738420745 3395231.7927185036))"
620,59,16,406227.3738420745,3395981.7927185036,"POLYGON ((406477.3738420745 3395731.7927185036, 406477.3738420745 3396231.7927185036, 405977.3738420745 3396231.7927185036, 405977.3738420745 3395731.7927185036, 406477.3738420745 3395731.7927185036))"
621,60,16,406227.3738420745,3396481.7927185036,"POLYGON ((406477.3738420745 3396231.7927185036, 406477.3738420745 3396731.7927185036, 405977.3738420745 3396731.7927185036, 405977.3738420745 3396231.7927185036, 406477.3738420745 3396231.7927185036))"
622,61,16,406227.3738420745,3396981.7927185036,"POLYGON ((406477.3738420745 3396731.7927185036, 406477.3738420745 3397231.7927185036, 405977.3738420745 3397231.7927185036, 405977.3738420745 3396731.7927185036, 406477.3738420745 3396731.7927185036))"
623,62,16,406227.3738420745,3397481.7927185036,"POLYGON ((406477.3738420745 3397231.7927185036, 406477.3738420745 3397731.7927185036, 405977.3738420745 3397731.7927185036, 405977.3738420745 3397231.7927185036, 406477.3738420745 3397231.7927185036))"
624,63,16,406227.3738420745,3397981.7927185036,"POLYGON ((406477.3738420745 3397731.7927185036, 406477.3738420745 3398231.7927185036, 405977.3738420745 3398231.7927185036, 405977.3738420745 3397731.7927185036, 406477.3738420745 3397731.7927185036))"
625,64,16,406227.3738420745,3398481.7927185036,"POLYGON ((406477.3738420745 3398231.7927185036, 406477.3738420745 3398731.7927185036, 405977.3738420745 3398731.7927185036, 405977.3738420745 3398231.7927185036, 406477.3738420745 3398231.7927185036))"
626,65,16,406227.3738420745,3398981.7927185036,"POLYGON ((406477.3738420745 3398731.7927185036, 406477.3738420745 3399231.7927185036, 405977.3738420745 3399231.7927185036, 405977.3738420745 3398731.7927185036, 406477.3738420745 3398731.7927185036))"
627,66,16,406227.3738420745,3399481.7927185036,"POLYGON ((406477.3738420745 3399231.7927185036, 406477.3738420745 3399731.7927185036, 405977.3738420745 3399731.7927185036, 405977.3738420745 3399231.7927185036, 406477.3738420745 3399231.7927185036))"
628,67,16,406227.3738420745,3399981.7927185036,"POLYGON ((406477.3738420745 3399731.7927185036, 406477.3738420745 3400231.7927185036, 405977.3738420745 3400231.7927185036, 405977.3738420745 3399731.7927185036, 406477.3738420745 3399731.7927185036))"
629,68,16,406227.3738420745,3400481.7927185036,"POLYGON ((406477.3738420745 3400231.7927185036, 406477.3738420745 3400731.7927185036, 405977.3738420745 3400731.7927185036, 405977.3738420745 3400231.7927185036, 406477.3738420745 3400231.7927185036))"
630,69,16,406227.3738420745,3400981.7927185036,"POLYGON ((406477.3738420745 3400731.7927185036, 406477.3738420745 3401231.7927185036, 405977.3738420745 3401231.7927185036, 405977.3738420745 3400731.7927185036, 406477.3738420745 3400731.7927185036))"
631,70,16,406227.3738420745,3401481.7927185036,"POLYGON ((406477.3738420745 3401231.7927185036, 406477.3738420745 3401731.7927185036, 405977.3738420745 3401731.7927185036, 405977.3738420745 3401231.7927185036, 406477.3738420745 3401231.7927185036))"
632,71,16,406227.3738420745,3401981.7927185036,"POLYGON ((406477.3738420745 3401731.7927185036, 406477.3738420745 3402231.7927185036, 405977.3738420745 3402231.7927185036, 405977.3738420745 3401731.7927185036, 406477.3738420745 3401731.7927185036))"
633,72,16,406227.3738420745,3402481.7927185036,"POLYGON ((406477.3738420745 3402231.7927185036, 406477.3738420745 3402731.7927185036, 405977.3738420745 3402731.7927185036, 405977.3738420745 3402231.7927185036, 406477.3738420745 3402231.7927185036))"
634,73,16,406227.3738420745,3402981.7927185036,"POLYGON ((406477.3738420745 3402731.7927185036, 406477.3738420745 3403231.7927185036, 405977.3738420745 3403231.7927185036, 405977.3738420745 3402731.7927185036, 406477.3738420745 3402731.7927185036))"
635,4,17,406727.3738420745,3368481.7927185036,"POLYGON ((406977.3738420745 3368231.7927185036, 406977.3738420745 3368731.7927185036, 406477.3738420745 3368731.7927185036, 406477.3738420745 3368231.7927185036, 406977.3738420745 3368231.7927185036))"
636,5,17,406727.3738420745,3368981.7927185036,"POLYGON ((406977.3738420745 3368731.7927185036, 406977.3738420745 3369231.7927185036, 406477.3738420745 3369231.7927185036, 406477.3738420745 3368731.7927185036, 406977.3738420745 3368731.7927185036))"
637,6,17,406727.3738420745,3369481.7927185036,"POLYGON ((406977.3738420745 3369231.7927185036, 406977.3738420745 3369731.7927185036, 406477.3738420745 3369731.7927185036, 406477.3738420745 3369231.7927185036, 406977.3738420745 3369231.7927185036))"
638,7,17,406727.3738420745,3369981.7927185036,"POLYGON ((406977.3738420745 3369731.7927185036, 406977.3738420745 3370231.7927185036, 406477.3738420745 3370231.7927185036, 406477.3738420745 3369731.7927185036, 406977.3738420745 3369731.7927185036))"
639,8,17,406727.3738420745,3370481.7927185036,"POLYGON ((406977.3738420745 3370231.7927185036, 406977.3738420745 3370731.7927185036, 406477.3738420745 3370731.7927185036, 406477.3738420745 3370231.7927185036, 406977.3738420745 3370231.7927185036))"
640,9,17,406727.3738420745,3370981.7927185036,"POLYGON ((406977.3738420745 3370731.7927185036, 406977.3738420745 3371231.7927185036, 406477.3738420745 3371231.7927185036, 406477.3738420745 3370731.7927185036, 406977.3738420745 3370731.7927185036))"
641,10,17,406727.3738420745,3371481.7927185036,"POLYGON ((406977.3738420745 3371231.7927185036, 406977.3738420745 3371731.7927185036, 406477.3738420745 3371731.7927185036, 406477.3738420745 3371231.7927185036, 406977.3738420745 3371231.7927185036))"
642,11,17,406727.3738420745,3371981.7927185036,"POLYGON ((406977.3738420745 3371731.7927185036, 406977.3738420745 3372231.7927185036, 406477.3738420745 3372231.7927185036, 406477.3738420745 3371731.7927185036, 406977.3738420745 3371731.7927185036))"
643,12,17,406727.3738420745,3372481.7927185036,"POLYGON ((406977.3738420745 3372231.7927185036, 406977.3738420745 3372731.7927185036, 406477.3738420745 3372731.7927185036, 406477.3738420745 3372231.7927185036, 406977.3738420745 3372231.7927185036))"
644,13,17,406727.3738420745,3372981.7927185036,"POLYGON ((406977.3738420745 3372731.7927185036, 406977.3738420745 3373231.7927185036, 406477.3738420745 3373231.7927185036, 406477.3738420745 3372731.7927185036, 406977.3738420745 3372731.7927185036))"
645,14,17,406727.3738420745,3373481.7927185036,"POLYGON ((406977.3738420745 3373231.7927185036, 406977.3738420745 3373731.7927185036, 406477.3738420745 3373731.7927185036, 406477.3738420745 3373231.7927185036, 406977.3738420745 3373231.7927185036))"
646,15,17,406727.3738420745,3373981.7927185036,"POLYGON ((406977.3738420745 3373731.7927185036, 406977.3738420745 3374231.7927185036, 406477.3738420745 3374231.7927185036, 406477.3738420745 3373731.7927185036, 406977.3738420745 3373731.7927185036))"
647,16,17,406727.3738420745,3374481.7927185036,"POLYGON ((406977.3738420745 3374231.7927185036, 406977.3738420745 3374731.7927185036, 406477.3738420745 3374731.7927185036, 406477.3738420745 3374231.7927185036, 406977.3738420745 3374231.7927185036))"
648,17,17,406727.3738420745,3374981.7927185036,"POLYGON ((406977.3738420745 3374731.7927185036, 406977.3738420745 3375231.7927185036, 406477.3738420745 3375231.7927185036, 406477.3738420745 3374731.7927185036, 406977.3738420745 3374731.7927185036))"
649,18,17,406727.3738420745,3375481.7927185036,"POLYGON ((406977.3738420745 3375231.7927185036, 406977.3738420745 3375731.7927185036, 406477.3738420745 3375731.7927185036, 406477.3738420745 3375231.7927185036, 406977.3738420745 3375231.7927185036))"
650,19,17,406727.3738420745,3375981.7927185036,"POLYGON ((406977.3738420745 3375731.7927185036, 406977.3738420745 3376231.7927185036, 406477.3738420745 3376231.7927185036, 406477.3738420745 3375731.7927185036, 406977.3738420745 3375731.7927185036))"
651,20,17,406727.3738420745,3376481.7927185036,"POLYGON ((406977.3738420745 3376231.7927185036, 406977.3738420745 3376731.7927185036, 406477.3738420745 3376731.7927185036, 406477.3738420745 3376231.7927185036, 406977.3738420745 3376231.7927185036))"
652,21,17,406727.3738420745,3376981.7927185036,"POLYGON ((406977.3738420745 3376731.7927185036, 406977.3738420745 3377231.7927185036, 406477.3738420745 3377231.7927185036, 406477.3738420745 3376731.7927185036, 406977.3738420745 3376731.7927185036))"
653,22,17,406727.3738420745,3377481.7927185036,"POLYGON ((406977.3738420745 3377231.7927185036, 406977.3738420745 3377731.7927185036, 406477.3738420745 3377731.7927185036, 406477.3738420745 3377231.7927185036, 406977.3738420745 3377231.7927185036))"
654,23,17,406727.3738420745,3377981.7927185036,"POLYGON ((406977.3738420745 3377731.7927185036, 406977.3738420745 3378231.7927185036, 406477.3738420745 3378231.7927185036, 406477.3738420745 3377731.7927185036, 406977.3738420745 3377731.7927185036))"
655,24,17,406727.3738420745,3378481.7927185036,"POLYGON ((406977.3738420745 3378231.7927185036, 406977.3738420745 3378731.7927185036, 406477.3738420745 3378731.7927185036, 406477.3738420745 3378231.7927185036, 406977.3738420745 3378231.7927185036))"
656,25,17,406727.3738420745,3378981.7927185036,"POLYGON ((406977.3738420745 3378731.7927185036, 406977.3738420745 3379231.7927185036, 406477.3738420745 3379231.7927185036, 406477.3738420745 3378731.7927185036, 406977.3738420745 3378731.7927185036))"
657,26,17,406727.3738420745,3379481.7927185036,"POLYGON ((406977.3738420745 3379231.7927185036, 406977.3738420745 3379731.7927185036, 406477.3738420745 3379731.7927185036, 406477.3738420745 3379231.7927185036, 406977.3738420745 3379231.7927185036))"
658,27,17,406727.3738420745,3379981.7927185036,"POLYGON ((406977.3738420745 3379731.7927185036, 406977.3738420745 3380231.7927185036, 406477.3738420745 3380231.7927185036, 406477.3738420745 3379731.7927185036, 406977.3738420745 3379731.7927185036))"
659,28,17,406727.3738420745,3380481.7927185036,"POLYGON ((406977.3738420745 3380231.7927185036, 406977.3738420745 3380731.7927185036, 406477.3738420745 3380731.7927185036, 406477.3738420745 3380231.7927185036, 406977.3738420745 3380231.7927185036))"
660,29,17,406727.3738420745,3380981.7927185036,"POLYGON ((406977.3738420745 3380731.7927185036, 406977.3738420745 3381231.7927185036, 406477.3738420745 3381231.7927185036, 406477.3738420745 3380731.7927185036, 406977.3738420745 3380731.7927185036))"
661,30,17,406727.3738420745,3381481.7927185036,"POLYGON ((406977.3738420745 3381231.7927185036, 406977.3738420745 3381731.7927185036, 406477.3738420745 3381731.7927185036, 406477.3738420745 3381231.7927185036, 406977.3738420745 3381231.7927185036))"
662,31,17,406727.3738420745,3381981.7927185036,"POLYGON ((406977.3738420745 3381731.7927185036, 406977.3738420745 3382231.7927185036, 406477.3738420745 3382231.7927185036, 406477.3738420745 3381731.7927185036, 406977.3738420745 3381731.7927185036))"
663,32,17,406727.3738420745,3382481.7927185036,"POLYGON ((406977.3738420745 3382231.7927185036, 406977.3738420745 3382731.7927185036, 406477.3738420745 3382731.7927185036, 406477.3738420745 3382231.7927185036, 406977.3738420745 3382231.7927185036))"
664,33,17,406727.3738420745,3382981.7927185036,"POLYGON ((406977.3738420745 3382731.7927185036, 406977.3738420745 3383231.7927185036, 406477.3738420745 3383231.7927185036, 406477.3738420745 3382731.7927185036, 406977.3738420745 3382731.7927185036))"
665,34,17,406727.3738420745,3383481.7927185036,"POLYGON ((406977.3738420745 3383231.7927185036, 406977.3738420745 3383731.7927185036, 406477.3738420745 3383731.7927185036, 406477.3738420745 3383231.7927185036, 406977.3738420745 3383231.7927185036))"
666,35,17,406727.3738420745,3383981.7927185036,"POLYGON ((406977.3738420745 3383731.7927185036, 406977.3738420745 3384231.7927185036, 406477.3738420745 3384231.7927185036, 406477.3738420745 3383731.7927185036, 406977.3738420745 3383731.7927185036))"
667,36,17,406727.3738420745,3384481.7927185036,"POLYGON ((406977.3738420745 3384231.7927185036, 406977.3738420745 3384731.7927185036, 406477.3738420745 3384731.7927185036, 406477.3738420745 3384231.7927185036, 406977.3738420745 3384231.7927185036))"
668,37,17,406727.3738420745,3384981.7927185036,"POLYGON ((406977.3738420745 3384731.7927185036, 406977.3738420745 3385231.7927185036, 406477.3738420745 3385231.7927185036, 406477.3738420745 3384731.7927185036, 406977.3738420745 3384731.7927185036))"
669,38,17,406727.3738420745,3385481.7927185036,"POLYGON ((406977.3738420745 3385231.7927185036, 406977.3738420745 3385731.7927185036, 406477.3738420745 3385731.7927185036, 406477.3738420745 3385231.7927185036, 406977.3738420745 3385231.7927185036))"
670,39,17,406727.3738420745,3385981.7927185036,"POLYGON ((406977.3738420745 3385731.7927185036, 406977.3738420745 3386231.7927185036, 406477.3738420745 3386231.7927185036, 406477.3738420745 3385731.7927185036, 406977.3738420745 3385731.7927185036))"
671,40,17,406727.3738420745,3386481.7927185036,"POLYGON ((406977.3738420745 3386231.7927185036, 406977.3738420745 3386731.7927185036, 406477.3738420745 3386731.7927185036, 406477.3738420745 3386231.7927185036, 406977.3738420745 3386231.7927185036))"
672,41,17,406727.3738420745,3386981.7927185036,"POLYGON ((406977.3738420745 3386731.7927185036, 406977.3738420745 3387231.7927185036, 406477.3738420745 3387231.7927185036, 406477.3738420745 3386731.7927185036, 406977.3738420745 3386731.7927185036))"
673,42,17,406727.3738420745,3387481.7927185036,"POLYGON ((406977.3738420745 3387231.7927185036, 406977.3738420745 3387731.7927185036, 406477.3738420745 3387731.7927185036, 406477.3738420745 3387231.7927185036, 406977.3738420745 3387231.7927185036))"
674,43,17,406727.3738420745,3387981.7927185036,"POLYGON ((406977.3738420745 3387731.7927185036, 406977.3738420745 3388231.7927185036, 406477.3738420745 3388231.7927185036, 406477.3738420745 3387731.7927185036, 406977.3738420745 3387731.7927185036))"
675,44,17,406727.3738420745,3388481.7927185036,"POLYGON ((406977.3738420745 3388231.7927185036, 406977.3738420745 3388731.7927185036, 406477.3738420745 3388731.7927185036, 406477.3738420745 3388231.7927185036, 406977.3738420745 3388231.7927185036))"
676,45,17,406727.3738420745,3388981.7927185036,"POLYGON ((406977.3738420745 3388731.7927185036, 406977.3738420745 3389231.7927185036, 406477.3738420745 3389231.7927185036, 406477.3738420745 3388731.7927185036, 406977.3738420745 3388731.7927185036))"
677,46,17,406727.3738420745,3389481.7927185036,"POLYGON ((406977.3738420745 3389231.7927185036, 406977.3738420745 3389731.7927185036, 406477.3738420745 3389731.7927185036, 406477.3738420745 3389231.7927185036, 406977.3738420745 3389231.7927185036))"
678,47,17,406727.3738420745,3389981.7927185036,"POLYGON ((406977.3738420745 3389731.7927185036, 406977.3738420745 3390231.7927185036, 406477.3738420745 3390231.7927185036, 406477.3738420745 3389731.7927185036, 406977.3738420745 3389731.7927185036))"
679,48,17,406727.3738420745,3390481.7927185036,"POLYGON ((406977.3738420745 3390231.7927185036, 406977.3738420745 3390731.7927185036, 406477.3738420745 3390731.7927185036, 406477.3738420745 3390231.7927185036, 406977.3738420745 3390231.7927185036))"
680,49,17,406727.3738420745,3390981.7927185036,"POLYGON ((406977.3738420745 3390731.7927185036, 406977.3738420745 3391231.7927185036, 406477.3738420745 3391231.7927185036, 406477.3738420745 3390731.7927185036, 406977.3738420745 3390731.7927185036))"
681,50,17,406727.3738420745,3391481.7927185036,"POLYGON ((406977.3738420745 3391231.7927185036, 406977.3738420745 3391731.7927185036, 406477.3738420745 3391731.7927185036, 406477.3738420745 3391231.7927185036, 406977.3738420745 3391231.7927185036))"
682,51,17,406727.3738420745,3391981.7927185036,"POLYGON ((406977.3738420745 3391731.7927185036, 406977.3738420745 3392231.7927185036, 406477.3738420745 3392231.7927185036, 406477.3738420745 3391731.7927185036, 406977.3738420745 3391731.7927185036))"
683,52,17,406727.3738420745,3392481.7927185036,"POLYGON ((406977.3738420745 3392231.7927185036, 406977.3738420745 3392731.7927185036, 406477.3738420745 3392731.7927185036, 406477.3738420745 3392231.7927185036, 406977.3738420745 3392231.7927185036))"
684,53,17,406727.3738420745,3392981.7927185036,"POLYGON ((406977.3738420745 3392731.7927185036, 406977.3738420745 3393231.7927185036, 406477.3738420745 3393231.7927185036, 406477.3738420745 3392731.7927185036, 406977.3738420745 3392731.7927185036))"
685,54,17,406727.3738420745,3393481.7927185036,"POLYGON ((406977.3738420745 3393231.7927185036, 406977.3738420745 3393731.7927185036, 406477.3738420745 3393731.7927185036, 406477.3738420745 3393231.7927185036, 406977.3738420745 3393231.7927185036))"
686,55,17,406727.3738420745,3393981.7927185036,"POLYGON ((406977.3738420745 3393731.7927185036, 406977.3738420745 3394231.7927185036, 406477.3738420745 3394231.7927185036, 406477.3738420745 3393731.7927185036, 406977.3738420745 3393731.7927185036))"
687,56,17,406727.3738420745,3394481.7927185036,"POLYGON ((406977.3738420745 3394231.7927185036, 406977.3738420745 3394731.7927185036, 406477.3738420745 3394731.7927185036, 406477.3738420745 3394231.7927185036, 406977.3738420745 3394231.7927185036))"
688,57,17,406727.3738420745,3394981.7927185036,"POLYGON ((406977.3738420745 3394731.7927185036, 406977.3738420745 3395231.7927185036, 406477.3738420745 3395231.7927185036, 406477.3738420745 3394731.7927185036, 406977.3738420745 3394731.7927185036))"
689,58,17,406727.3738420745,3395481.7927185036,"POLYGON ((406977.3738420745 3395231.7927185036, 406977.3738420745 3395731.7927185036, 406477.3738420745 3395731.7927185036, 406477.3738420745 3395231.7927185036, 406977.3738420745 3395231.7927185036))"
690,59,17,406727.3738420745,3395981.7927185036,"POLYGON ((406977.3738420745 3395731.7927185036, 406977.3738420745 3396231.7927185036, 406477.3738420745 3396231.7927185036, 406477.3738420745 3395731.7927185036, 406977.3738420745 3395731.7927185036))"
691,60,17,406727.3738420745,3396481.7927185036,"POLYGON ((406977.3738420745 3396231.7927185036, 406977.3738420745 3396731.7927185036, 406477.3738420745 3396731.7927185036, 406477.3738420745 3396231.7927185036, 406977.3738420745 3396231.7927185036))"
692,61,17,406727.3738420745,3396981.7927185036,"POLYGON ((406977.3738420745 3396731.7927185036, 406977.3738420745 3397231.7927185036, 406477.3738420745 3397231.7927185036, 406477.3738420745 3396731.7927185036, 406977.3738420745 3396731.7927185036))"
693,62,17,406727.3738420745,3397481.7927185036,"POLYGON ((406977.3738420745 3397231.7927185036, 406977.3738420745 3397731.7927185036, 406477.3738420745 3397731.7927185036, 406477.3738420745 3397231.7927185036, 406977.3738420745 3397231.7927185036))"
694,63,17,406727.3738420745,3397981.7927185036,"POLYGON ((406977.3738420745 3397731.7927185036, 406977.3738420745 3398231.7927185036, 406477.3738420745 3398231.7927185036, 406477.3738420745 3397731.7927185036, 406977.3738420745 3397731.7927185036))"
695,64,17,406727.3738420745,3398481.7927185036,"POLYGON ((406977.3738420745 3398231.7927185036, 406977.3738420745 3398731.7927185036, 406477.3738420745 3398731.7927185036, 406477.3738420745 3398231.7927185036, 406977.3738420745 3398231.7927185036))"
696,65,17,406727.3738420745,3398981.7927185036,"POLYGON ((406977.3738420745 3398731.7927185036, 406977.3738420745 3399231.7927185036, 406477.3738420745 3399231.7927185036, 406477.3738420745 3398731.7927185036, 406977.3738420745 3398731.7927185036))"
697,66,17,406727.3738420745,3399481.7927185036,"POLYGON ((406977.3738420745 3399231.7927185036, 406977.3738420745 3399731.7927185036, 406477.3738420745 3399731.7927185036, 406477.3738420745 3399231.7927185036, 406977.3738420745 3399231.7927185036))"
698,67,17,406727.3738420745,3399981.7927185036,"POLYGON ((406977.3738420745 3399731.7927185036, 406977.3738420745 3400231.7927185036, 406477.3738420745 3400231.7927185036, 406477.3738420745 3399731.7927185036, 406977.3738420745 3399731.7927185036))"
699,68,17,406727.3738420745,3400481.7927185036,"POLYGON ((406977.3738420745 3400231.7927185036, 406977.3738420745 3400731.7927185036, 406477.3738420745 3400731.7927185036, 406477.3738420745 3400231.7927185036, 406977.3738420745 3400231.7927185036))"
700,69,17,406727.3738420745,3400981.7927185036,"POLYGON ((406977.3738420745 3400731.7927185036, 406977.3738420745 3401231.7927185036, 406477.3738420745 3401231.7927185036, 406477.3738420745 3400731.7927185036, 406977.3738420745 3400731.7927185036))"
701,70,17,406727.3738420745,3401481.7927185036,"POLYGON ((406977.3738420745 3401231.7927185036, 406977.3738420745 3401731.7927185036, 406477.3738420745 3401731.7927185036, 406477.3738420745 3401231.7927185036, 406977.3738420745 3401231.7927185036))"
702,71,17,406727.3738420745,3401981.7927185036,"POLYGON ((406977.3738420745 3401731.7927185036, 406977.3738420745 3402231.7927185036, 406477.3738420745 3402231.7927185036, 406477.3738420745 3401731.7927185036, 406977.3738420745 3401731.7927185036))"
703,72,17,406727.3738420745,3402481.7927185036,"POLYGON ((406977.3738420745 3402231.7927185036, 406977.3738420745 3402731.7927185036, 406477.3738420745 3402731.7927185036, 406477.3738420745 3402231.7927185036, 406977.3738420745 3402231.7927185036))"
704,73,17,406727.3738420745,3402981.7927185036,"POLYGON ((406977.3738420745 3402731.7927185036, 406977.3738420745 3403231.7927185036, 406477.3738420745 3403231.7927185036, 406477.3738420745 3402731.7927185036, 406977.3738420745 3402731.7927185036))"
705,3,18,407227.3738420745,3367981.7927185036,"POLYGON ((407477.3738420745 3367731.7927185036, 407477.3738420745 3368231.7927185036, 406977.3738420745 3368231.7927185036, 406977.3738420745 3367731.7927185036, 407477.3738420745 3367731.7927185036))"
706,4,18,407227.3738420745,3368481.7927185036,"POLYGON ((407477.3738420745 3368231.7927185036, 407477.3738420745 3368731.7927185036, 406977.3738420745 3368731.7927185036, 406977.3738420745 3368231.7927185036, 407477.3738420745 3368231.7927185036))"
707,5,18,407227.3738420745,3368981.7927185036,"POLYGON ((407477.3738420745 3368731.7927185036, 407477.3738420745 3369231.7927185036, 406977.3738420745 3369231.7927185036, 406977.3738420745 3368731.7927185036, 407477.3738420745 3368731.7927185036))"
708,6,18,407227.3738420745,3369481.7927185036,"POLYGON ((407477.3738420745 3369231.7927185036, 407477.3738420745 3369731.7927185036, 406977.3738420745 3369731.7927185036, 406977.3738420745 3369231.7927185036, 407477.3738420745 3369231.7927185036))"
709,7,18,407227.3738420745,3369981.7927185036,"POLYGON ((407477.3738420745 3369731.7927185036, 407477.3738420745 3370231.7927185036, 406977.3738420745 3370231.7927185036, 406977.3738420745 3369731.7927185036, 407477.3738420745 3369731.7927185036))"
710,8,18,407227.3738420745,3370481.7927185036,"POLYGON ((407477.3738420745 3370231.7927185036, 407477.3738420745 3370731.7927185036, 406977.3738420745 3370731.7927185036, 406977.3738420745 3370231.7927185036, 407477.3738420745 3370231.7927185036))"
711,9,18,407227.3738420745,3370981.7927185036,"POLYGON ((407477.3738420745 3370731.7927185036, 407477.3738420745 3371231.7927185036, 406977.3738420745 3371231.7927185036, 406977.3738420745 3370731.7927185036, 407477.3738420745 3370731.7927185036))"
712,10,18,407227.3738420745,3371481.7927185036,"POLYGON ((407477.3738420745 3371231.7927185036, 407477.3738420745 3371731.7927185036, 406977.3738420745 3371731.7927185036, 406977.3738420745 3371231.7927185036, 407477.3738420745 3371231.7927185036))"
713,11,18,407227.3738420745,3371981.7927185036,"POLYGON ((407477.3738420745 3371731.7927185036, 407477.3738420745 3372231.7927185036, 406977.3738420745 3372231.7927185036, 406977.3738420745 3371731.7927185036, 407477.3738420745 3371731.7927185036))"
714,12,18,407227.3738420745,3372481.7927185036,"POLYGON ((407477.3738420745 3372231.7927185036, 407477.3738420745 3372731.7927185036, 406977.3738420745 3372731.7927185036, 406977.3738420745 3372231.7927185036, 407477.3738420745 3372231.7927185036))"
715,13,18,407227.3738420745,3372981.7927185036,"POLYGON ((407477.3738420745 3372731.7927185036, 407477.3738420745 3373231.7927185036, 406977.3738420745 3373231.7927185036, 406977.3738420745 3372731.7927185036, 407477.3738420745 3372731.7927185036))"
716,14,18,407227.3738420745,3373481.7927185036,"POLYGON ((407477.3738420745 3373231.7927185036, 407477.3738420745 3373731.7927185036, 406977.3738420745 3373731.7927185036, 406977.3738420745 3373231.7927185036, 407477.3738420745 3373231.7927185036))"
717,15,18,407227.3738420745,3373981.7927185036,"POLYGON ((407477.3738420745 3373731.7927185036, 407477.3738420745 3374231.7927185036, 406977.3738420745 3374231.7927185036, 406977.3738420745 3373731.7927185036, 407477.3738420745 3373731.7927185036))"
718,16,18,407227.3738420745,3374481.7927185036,"POLYGON ((407477.3738420745 3374231.7927185036, 407477.3738420745 3374731.7927185036, 406977.3738420745 3374731.7927185036, 406977.3738420745 3374231.7927185036, 407477.3738420745 3374231.7927185036))"
719,17,18,407227.3738420745,3374981.7927185036,"POLYGON ((407477.3738420745 3374731.7927185036, 407477.3738420745 3375231.7927185036, 406977.3738420745 3375231.7927185036, 406977.3738420745 3374731.7927185036, 407477.3738420745 3374731.7927185036))"
720,18,18,407227.3738420745,3375481.7927185036,"POLYGON ((407477.3738420745 3375231.7927185036, 407477.3738420745 3375731.7927185036, 406977.3738420745 3375731.7927185036, 406977.3738420745 3375231.7927185036, 407477.3738420745 3375231.7927185036))"
721,19,18,407227.3738420745,3375981.7927185036,"POLYGON ((407477.3738420745 3375731.7927185036, 407477.3738420745 3376231.7927185036, 406977.3738420745 3376231.7927185036, 406977.3738420745 3375731.7927185036, 407477.3738420745 3375731.7927185036))"
722,20,18,407227.3738420745,3376481.7927185036,"POLYGON ((407477.3738420745 3376231.7927185036, 407477.3738420745 3376731.7927185036, 406977.3738420745 3376731.7927185036, 406977.3738420745 3376231.7927185036, 407477.3738420745 3376231.7927185036))"
723,21,18,407227.3738420745,3376981.7927185036,"POLYGON ((407477.3738420745 3376731.7927185036, 407477.3738420745 3377231.7927185036, 406977.3738420745 3377231.7927185036, 406977.3738420745 3376731.7927185036, 407477.3738420745 3376731.7927185036))"
724,22,18,407227.3738420745,3377481.7927185036,"POLYGON ((407477.3738420745 3377231.7927185036, 407477.3738420745 3377731.7927185036, 406977.3738420745 3377731.7927185036, 406977.3738420745 3377231.7927185036, 407477.3738420745 3377231.7927185036))"
725,23,18,407227.3738420745,3377981.7927185036,"POLYGON ((407477.3738420745 3377731.7927185036, 407477.3738420745 3378231.7927185036, 406977.3738420745 3378231.7927185036, 406977.3738420745 3377731.7927185036, 407477.3738420745 3377731.7927185036))"
726,24,18,407227.3738420745,3378481.7927185036,"POLYGON ((407477.3738420745 3378231.7927185036, 407477.3738420745 3378731.7927185036, 406977.3738420745 3378731.7927185036, 406977.3738420745 3378231.7927185036, 407477.3738420745 3378231.7927185036))"
727,25,18,407227.3738420745,3378981.7927185036,"POLYGON ((407477.3738420745 3378731.7927185036, 407477.3738420745 3379231.7927185036, 406977.3738420745 3379231.7927185036, 406977.3738420745 3378731.7927185036, 407477.3738420745 3378731.7927185036))"
728,26,18,407227.3738420745,3379481.7927185036,"POLYGON ((407477.3738420745 3379231.7927185036, 407477.3738420745 3379731.7927185036, 406977.3738420745 3379731.7927185036, 406977.3738420745 3379231.7927185036, 407477.3738420745 3379231.7927185036))"
729,27,18,407227.3738420745,3379981.7927185036,"POLYGON ((407477.3738420745 3379731.7927185036, 407477.3738420745 3380231.7927185036, 406977.3738420745 3380231.7927185036, 406977.3738420745 3379731.7927185036, 407477.3738420745 3379731.7927185036))"
730,28,18,407227.3738420745,3380481.7927185036,"POLYGON ((407477.3738420745 3380231.7927185036, 407477.3738420745 3380731.7927185036, 406977.3738420745 3380731.7927185036, 406977.3738420745 3380231.7927185036, 407477.3738420745 3380231.7927185036))"
731,29,18,407227.3738420745,3380981.7927185036,"POLYGON ((407477.3738420745 3380731.7927185036, 407477.3738420745 3381231.7927185036, 406977.3738420745 3381231.7927185036, 406977.3738420745 3380731.7927185036, 407477.3738420745 3380731.7927185036))"
732,30,18,407227.3738420745,3381481.7927185036,"POLYGON ((407477.3738420745 3381231.7927185036, 407477.3738420745 3381731.7927185036, 406977.3738420745 3381731.7927185036, 406977.3738420745 3381231.7927185036, 407477.3738420745 3381231.7927185036))"
733,31,18,407227.3738420745,3381981.7927185036,"POLYGON ((407477.3738420745 3381731.7927185036, 407477.3738420745 3382231.7927185036, 406977.3738420745 3382231.7927185036, 406977.3738420745 3381731.7927185036, 407477.3738420745 3381731.7927185036))"
734,32,18,407227.3738420745,3382481.7927185036,"POLYGON ((407477.3738420745 3382231.7927185036, 407477.3738420745 3382731.7927185036, 406977.3738420745 3382731.7927185036, 406977.3738420745 3382231.7927185036, 407477.3738420745 3382231.7927185036))"
735,33,18,407227.3738420745,3382981.7927185036,"POLYGON ((407477.3738420745 3382731.7927185036, 407477.3738420745 3383231.7927185036, 406977.3738420745 3383231.7927185036, 406977.3738420745 3382731.7927185036, 407477.3738420745 3382731.7927185036))"
736,34,18,407227.3738420745,3383481.7927185036,"POLYGON ((407477.3738420745 3383231.7927185036, 407477.3738420745 3383731.7927185036, 406977.3738420745 3383731.7927185036, 406977.3738420745 3383231.7927185036, 407477.3738420745 3383231.7927185036))"
737,35,18,407227.3738420745,3383981.7927185036,"POLYGON ((407477.3738420745 3383731.7927185036, 407477.3738420745 3384231.7927185036, 406977.3738420745 3384231.7927185036, 406977.3738420745 3383731.7927185036, 407477.3738420745 3383731.7927185036))"
738,36,18,407227.3738420745,3384481.7927185036,"POLYGON ((407477.3738420745 3384231.7927185036, 407477.3738420745 3384731.7927185036, 406977.3738420745 3384731.7927185036, 406977.3738420745 3384231.7927185036, 407477.3738420745 3384231.7927185036))"
739,37,18,407227.3738420745,3384981.7927185036,"POLYGON ((407477.3738420745 3384731.7927185036, 407477.3738420745 3385231.7927185036, 406977.3738420745 3385231.7927185036, 406977.3738420745 3384731.7927185036, 407477.3738420745 3384731.7927185036))"
740,38,18,407227.3738420745,3385481.7927185036,"POLYGON ((407477.3738420745 3385231.7927185036, 407477.3738420745 3385731.7927185036, 406977.3738420745 3385731.7927185036, 406977.3738420745 3385231.7927185036, 407477.3738420745 3385231.7927185036))"
741,39,18,407227.3738420745,3385981.7927185036,"POLYGON ((407477.3738420745 3385731.7927185036, 407477.3738420745 3386231.7927185036, 406977.3738420745 3386231.7927185036, 406977.3738420745 3385731.7927185036, 407477.3738420745 3385731.7927185036))"
742,40,18,407227.3738420745,3386481.7927185036,"POLYGON ((407477.3738420745 3386231.7927185036, 407477.3738420745 3386731.7927185036, 406977.3738420745 3386731.7927185036, 406977.3738420745 3386231.7927185036, 407477.3738420745 3386231.7927185036))"
743,41,18,407227.3738420745,3386981.7927185036,"POLYGON ((407477.3738420745 3386731.7927185036, 407477.3738420745 3387231.7927185036, 406977.3738420745 3387231.7927185036, 406977.3738420745 3386731.7927185036, 407477.3738420745 3386731.7927185036))"
744,42,18,407227.3738420745,3387481.7927185036,"POLYGON ((407477.3738420745 3387231.7927185036, 407477.3738420745 3387731.7927185036, 406977.3738420745 3387731.7927185036, 406977.3738420745 3387231.7927185036, 407477.3738420745 3387231.7927185036))"
745,43,18,407227.3738420745,3387981.7927185036,"POLYGON ((407477.3738420745 3387731.7927185036, 407477.3738420745 3388231.7927185036, 406977.3738420745 3388231.7927185036, 406977.3738420745 3387731.7927185036, 407477.3738420745 3387731.7927185036))"
746,44,18,407227.3738420745,3388481.7927185036,"POLYGON ((407477.3738420745 3388231.7927185036, 407477.3738420745 3388731.7927185036, 406977.3738420745 3388731.7927185036, 406977.3738420745 3388231.7927185036, 407477.3738420745 3388231.7927185036))"
747,45,18,407227.3738420745,3388981.7927185036,"POLYGON ((407477.3738420745 3388731.7927185036, 407477.3738420745 3389231.7927185036, 406977.3738420745 3389231.7927185036, 406977.3738420745 3388731.7927185036, 407477.3738420745 3388731.7927185036))"
748,46,18,407227.3738420745,3389481.7927185036,"POLYGON ((407477.3738420745 3389231.7927185036, 407477.3738420745 3389731.7927185036, 406977.3738420745 3389731.7927185036, 406977.3738420745 3389231.7927185036, 407477.3738420745 3389231.7927185036))"
749,47,18,407227.3738420745,3389981.7927185036,"POLYGON ((407477.3738420745 3389731.7927185036, 407477.3738420745 3390231.7927185036, 406977.3738420745 3390231.7927185036, 406977.3738420745 3389731.7927185036, 407477.3738420745 3389731.7927185036))"
750,48,18,407227.3738420745,3390481.7927185036,"POLYGON ((407477.3738420745 3390231.7927185036, 407477.3738420745 3390731.7927185036, 406977.3738420745 3390731.7927185036, 406977.3738420745 3390231.7927185036, 407477.3738420745 3390231.7927185036))"
751,49,18,407227.3738420745,3390981.7927185036,"POLYGON ((407477.3738420745 3390731.7927185036, 407477.3738420745 3391231.7927185036, 406977.3738420745 3391231.7927185036, 406977.3738420745 3390731.7927185036, 407477.3738420745 3390731.7927185036))"
752,50,18,407227.3738420745,3391481.7927185036,"POLYGON ((407477.3738420745 3391231.7927185036, 407477.3738420745 3391731.7927185036, 406977.3738420745 3391731.7927185036, 406977.3738420745 3391231.7927185036, 407477.3738420745 3391231.7927185036))"
753,51,18,407227.3738420745,3391981.7927185036,"POLYGON ((407477.3738420745 3391731.7927185036, 407477.3738420745 3392231.7927185036, 406977.3738420745 3392231.7927185036, 406977.3738420745 3391731.7927185036, 407477.3738420745 3391731.7927185036))"
754,52,18,407227.3738420745,3392481.7927185036,"POLYGON ((407477.3738420745 3392231.7927185036, 407477.3738420745 3392731.7927185036, 406977.3738420745 3392731.7927185036, 406977.3738420745 3392231.7927185036, 407477.3738420745 3392231.7927185036))"
755,53,18,407227.3738420745,3392981.7927185036,"POLYGON ((407477.3738420745 3392731.7927185036, 407477.3738420745 3393231.7927185036, 406977.3738420745 3393231.7927185036, 406977.3738420745 3392731.7927185036, 407477.3738420745 3392731.7927185036))"
756,54,18,407227.3738420745,3393481.7927185036,"POLYGON ((407477.3738420745 3393231.7927185036, 407477.3738420745 3393731.7927185036, 406977.3738420745 3393731.7927185036, 406977.3738420745 3393231.7927185036, 407477.3738420745 3393231.7927185036))"
757,55,18,407227.3738420745,3393981.7927185036,"POLYGON ((407477.3738420745 3393731.7927185036, 407477.3738420745 3394231.7927185036, 406977.3738420745 3394231.7927185036, 406977.3738420745 3393731.7927185036, 407477.3738420745 3393731.7927185036))"
758,56,18,407227.3738420745,3394481.7927185036,"POLYGON ((407477.3738420745 3394231.7927185036, 407477.3738420745 3394731.7927185036, 406977.3738420745 3394731.7927185036, 406977.3738420745 3394231.7927185036, 407477.3738420745 3394231.7927185036))"
759,57,18,407227.3738420745,3394981.7927185036,"POLYGON ((407477.3738420745 3394731.7927185036, 407477.3738420745 3395231.7927185036, 406977.3738420745 3395231.7927185036, 406977.3738420745 3394731.7927185036, 407477.3738420745 3394731.7927185036))"
760,58,18,407227.3738420745,3395481.7927185036,"POLYGON ((407477.3738420745 3395231.7927185036, 407477.3738420745 3395731.7927185036, 406977.3738420745 3395731.7927185036, 406977.3738420745 3395231.7927185036, 407477.3738420745 3395231.7927185036))"
761,59,18,407227.3738420745,3395981.7927185036,"POLYGON ((407477.3738420745 3395731.7927185036, 407477.3738420745 3396231.7927185036, 406977.3738420745 3396231.7927185036, 406977.3738420745 3395731.7927185036, 407477.3738420745 3395731.7927185036))"
762,60,18,407227.3738420745,3396481.7927185036,"POLYGON ((407477.3738420745 3396231.7927185036, 407477.3738420745 3396731.7927185036, 406977.3738420745 3396731.7927185036, 406977.3738420745 3396231.7927185036, 407477.3738420745 3396231.7927185036))"
763,61,18,407227.3738420745,3396981.7927185036,"POLYGON ((407477.3738420745 3396731.7927185036, 407477.3738420745 3397231.7927185036, 406977.3738420745 3397231.7927185036, 406977.3738420745 3396731.7927185036, 407477.3738420745 3396731.7927185036))"
764,62,18,407227.3738420745,3397481.7927185036,"POLYGON ((407477.3738420745 3397231.7927185036, 407477.3738420745 3397731.7927185036, 406977.3738420745 3397731.7927185036, 406977.3738420745 3397231.7927185036, 407477.3738420745 3397231.7927185036))"
765,63,18,407227.3738420745,3397981.7927185036,"POLYGON ((407477.3738420745 3397731.7927185036, 407477.3738420745 3398231.7927185036, 406977.3738420745 3398231.7927185036, 406977.3738420745 3397731.7927185036, 407477.3738420745 3397731.7927185036))"
766,64,18,407227.3738420745,3398481.7927185036,"POLYGON ((407477.3738420745 3398231.7927185036, 407477.3738420745 3398731.7927185036, 406977.3738420745 3398731.7927185036, 406977.3738420745 3398231.7927185036, 407477.3738420745 3398231.7927185036))"
767,65,18,407227.3738420745,3398981.7927185036,"POLYGON ((407477.3738420745 3398731.7927185036, 407477.3738420745 3399231.7927185036, 406977.3738420745 3399231.7927185036, 406977.3738420745 3398731.7927185036, 407477.3738420745 3398731.7927185036))"
768,66,18,407227.3738420745,3399481.7927185036,"POLYGON ((407477.3738420745 3399231.7927185036, 407477.3738420745 3399731.7927185036, 406977.3738420745 3399731.7927185036, 406977.3738420745 3399231.7927185036, 407477.3738420745 3399231.7927185036))"
769,67,18,407227.3738420745,3399981.7927185036,"POLYGON ((407477.3738420745 3399731.7927185036, 407477.3738420745 3400231.7927185036, 406977.3738420745 3400231.7927185036, 406977.3738420745 3399731.7927185036, 407477.3738420745 3399731.7927185036))"
770,68,18,407227.3738420745,3400481.7927185036,"POLYGON ((407477.3738420745 3400231.7927185036, 407477.3738420745 3400731.7927185036, 406977.3738420745 3400731.7927185036, 406977.3738420745 3400231.7927185036, 407477.3738420745 3400231.7927185036))"
771,69,18,407227.3738420745,3400981.7927185036,"POLYGON ((407477.3738420745 3400731.7927185036, 407477.3738420745 3401231.7927185036, 406977.3738420745 3401231.7927185036, 406977.3738420745 3400731.7927185036, 407477.3738420745 3400731.7927185036))"
772,70,18,407227.3738420745,3401481.7927185036,"POLYGON ((407477.3738420745 3401231.7927185036, 407477.3738420745 3401731.7927185036, 406977.3738420745 3401731.7927185036, 406977.3738420745 3401231.7927185036, 407477.3738420745 3401231.7927185036))"
773,71,18,407227.3738420745,3401981.7927185036,"POLYGON ((407477.3738420745 3401731.7927185036, 407477.3738420745 3402231.7927185036, 406977.3738420745 3402231.7927185036, 406977.3738420745 3401731.7927185036, 407477.3738420745 3401731.7927185036))"
774,72,18,407227.3738420745,3402481.7927185036,"POLYGON ((407477.3738420745 3402231.7927185036, 407477.3738420745 3402731.7927185036, 406977.3738420745 3402731.7927185036, 406977.3738420745 3402231.7927185036, 407477.3738420745 3402231.7927185036))"
775,73,18,407227.3738420745,3402981.7927185036,"POLYGON ((407477.3738420745 3402731.7927185036, 407477.3738420745 3403231.7927185036, 406977.3738420745 3403231.7927185036, 406977.3738420745 3402731.7927185036, 407477.3738420745 3402731.7927185036))"
776,3,19,407727.3738420745,3367981.7927185036,"POLYGON ((407977.3738420745 3367731.7927185036, 407977.3738420745 3368231.7927185036, 407477.3738420745 3368231.7927185036, 407477.3738420745 3367731.7927185036, 407977.3738420745 3367731.7927185036))"
777,4,19,407727.3738420745,3368481.7927185036,"POLYGON ((407977.3738420745 3368231.7927185036, 407977.3738420745 3368731.7927185036, 407477.3738420745 3368731.7927185036, 407477.3738420745 3368231.7927185036, 407977.3738420745 3368231.7927185036))"
778,5,19,407727.3738420745,3368981.7927185036,"POLYGON ((407977.3738420745 3368731.7927185036, 407977.3738420745 3369231.7927185036, 407477.3738420745 3369231.7927185036, 407477.3738420745 3368731.7927185036, 407977.3738420745 3368731.7927185036))"
779,6,19,407727.3738420745,3369481.7927185036,"POLYGON ((407977.3738420745 3369231.7927185036, 407977.3738420745 3369731.7927185036, 407477.3738420745 3369731.7927185036, 407477.3738420745 3369231.7927185036, 407977.3738420745 3369231.7927185036))"
780,7,19,407727.3738420745,3369981.7927185036,"POLYGON ((407977.3738420745 3369731.7927185036, 407977.3738420745 3370231.7927185036, 407477.3738420745 3370231.7927185036, 407477.3738420745 3369731.7927185036, 407977.3738420745 3369731.7927185036))"
781,8,19,407727.3738420745,3370481.7927185036,"POLYGON ((407977.3738420745 3370231.7927185036, 407977.3738420745 3370731.7927185036, 407477.3738420745 3370731.7927185036, 407477.3738420745 3370231.7927185036, 407977.3738420745 3370231.7927185036))"
782,9,19,407727.3738420745,3370981.7927185036,"POLYGON ((407977.3738420745 3370731.7927185036, 407977.3738420745 3371231.7927185036, 407477.3738420745 3371231.7927185036, 407477.3738420745 3370731.7927185036, 407977.3738420745 3370731.7927185036))"
783,10,19,407727.3738420745,3371481.7927185036,"POLYGON ((407977.3738420745 3371231.7927185036, 407977.3738420745 3371731.7927185036, 407477.3738420745 3371731.7927185036, 407477.3738420745 3371231.7927185036, 407977.3738420745 3371231.7927185036))"
784,11,19,407727.3738420745,3371981.7927185036,"POLYGON ((407977.3738420745 3371731.7927185036, 407977.3738420745 3372231.7927185036, 407477.3738420745 3372231.7927185036, 407477.3738420745 3371731.7927185036, 407977.3738420745 3371731.7927185036))"
785,12,19,407727.3738420745,3372481.7927185036,"POLYGON ((407977.3738420745 3372231.7927185036, 407977.3738420745 3372731.7927185036, 407477.3738420745 3372731.7927185036, 407477.3738420745 3372231.7927185036, 407977.3738420745 3372231.7927185036))"
786,13,19,407727.3738420745,3372981.7927185036,"POLYGON ((407977.3738420745 3372731.7927185036, 407977.3738420745 3373231.7927185036, 407477.3738420745 3373231.7927185036, 407477.3738420745 3372731.7927185036, 407977.3738420745 3372731.7927185036))"
787,14,19,407727.3738420745,3373481.7927185036,"POLYGON ((407977.3738420745 3373231.7927185036, 407977.3738420745 3373731.7927185036, 407477.3738420745 3373731.7927185036, 407477.3738420745 3373231.7927185036, 407977.3738420745 3373231.7927185036))"
788,15,19,407727.3738420745,3373981.7927185036,"POLYGON ((407977.3738420745 3373731.7927185036, 407977.3738420745 3374231.7927185036, 407477.3738420745 3374231.7927185036, 407477.3738420745 3373731.7927185036, 407977.3738420745 3373731.7927185036))"
789,16,19,407727.3738420745,3374481.7927185036,"POLYGON ((407977.3738420745 3374231.7927185036, 407977.3738420745 3374731.7927185036, 407477.3738420745 3374731.7927185036, 407477.3738420745 3374231.7927185036, 407977.3738420745 3374231.7927185036))"
790,17,19,407727.3738420745,3374981.7927185036,"POLYGON ((407977.3738420745 3374731.7927185036, 407977.3738420745 3375231.7927185036, 407477.3738420745 3375231.7927185036, 407477.3738420745 3374731.7927185036, 407977.3738420745 3374731.7927185036))"
791,18,19,407727.3738420745,3375481.7927185036,"POLYGON ((407977.3738420745 3375231.7927185036, 407977.3738420745 3375731.7927185036, 407477.3738420745 3375731.7927185036, 407477.3738420745 3375231.7927185036, 407977.3738420745 3375231.7927185036))"
792,19,19,407727.3738420745,3375981.7927185036,"POLYGON ((407977.3738420745 3375731.7927185036, 407977.3738420745 3376231.7927185036, 407477.3738420745 3376231.7927185036, 407477.3738420745 3375731.7927185036, 407977.3738420745 3375731.7927185036))"
793,20,19,407727.3738420745,3376481.7927185036,"POLYGON ((407977.3738420745 3376231.7927185036, 407977.3738420745 3376731.7927185036, 407477.3738420745 3376731.7927185036, 407477.3738420745 3376231.7927185036, 407977.3738420745 3376231.7927185036))"
794,21,19,407727.3738420745,3376981.7927185036,"POLYGON ((407977.3738420745 3376731.7927185036, 407977.3738420745 3377231.7927185036, 407477.3738420745 3377231.7927185036, 407477.3738420745 3376731.7927185036, 407977.3738420745 3376731.7927185036))"
795,22,19,407727.3738420745,3377481.7927185036,"POLYGON ((407977.3738420745 3377231.7927185036, 407977.3738420745 3377731.7927185036, 407477.3738420745 3377731.7927185036, 407477.3738420745 3377231.7927185036, 407977.3738420745 3377231.7927185036))"
796,23,19,407727.3738420745,3377981.7927185036,"POLYGON ((407977.3738420745 3377731.7927185036, 407977.3738420745 3378231.7927185036, 407477.3738420745 3378231.7927185036, 407477.3738420745 3377731.7927185036, 407977.3738420745 3377731.7927185036))"
797,24,19,407727.3738420745,3378481.7927185036,"POLYGON ((407977.3738420745 3378231.7927185036, 407977.3738420745 3378731.7927185036, 407477.3738420745 3378731.7927185036, 407477.3738420745 3378231.7927185036, 407977.3738420745 3378231.7927185036))"
798,25,19,407727.3738420745,3378981.7927185036,"POLYGON ((407977.3738420745 3378731.7927185036, 407977.3738420745 3379231.7927185036, 407477.3738420745 3379231.7927185036, 407477.3738420745 3378731.7927185036, 407977.3738420745 3378731.7927185036))"
799,26,19,407727.3738420745,3379481.7927185036,"POLYGON ((407977.3738420745 3379231.7927185036, 407977.3738420745 3379731.7927185036, 407477.3738420745 3379731.7927185036, 407477.3738420745 3379231.7927185036, 407977.3738420745 3379231.7927185036))"
800,27,19,407727.3738420745,3379981.7927185036,"POLYGON ((407977.3738420745 3379731.7927185036, 407977.3738420745 3380231.7927185036, 407477.3738420745 3380231.7927185036, 407477.3738420745 3379731.7927185036, 407977.3738420745 3379731.7927185036))"
801,28,19,407727.3738420745,3380481.7927185036,"POLYGON ((407977.3738420745 3380231.7927185036, 407977.3738420745 3380731.7927185036, 407477.3738420745 3380731.7927185036, 407477.3738420745 3380231.7927185036, 407977.3738420745 3380231.7927185036))"
802,29,19,407727.3738420745,3380981.7927185036,"POLYGON ((407977.3738420745 3380731.7927185036, 407977.3738420745 3381231.7927185036, 407477.3738420745 3381231.7927185036, 407477.3738420745 3380731.7927185036, 407977.3738420745 3380731.7927185036))"
803,30,19,407727.3738420745,3381481.7927185036,"POLYGON ((407977.3738420745 3381231.7927185036, 407977.3738420745 3381731.7927185036, 407477.3738420745 3381731.7927185036, 407477.3738420745 3381231.7927185036, 407977.3738420745 3381231.7927185036))"
804,31,19,407727.3738420745,3381981.7927185036,"POLYGON ((407977.3738420745 3381731.7927185036, 407977.3738420745 3382231.7927185036, 407477.3738420745 3382231.7927185036, 407477.3738420745 3381731.7927185036, 407977.3738420745 3381731.7927185036))"
805,32,19,407727.3738420745,3382481.7927185036,"POLYGON ((407977.3738420745 3382231.7927185036, 407977.3738420745 3382731.7927185036, 407477.3738420745 3382731.7927185036, 407477.3738420745 3382231.7927185036, 407977.3738420745 3382231.7927185036))"
806,33,19,407727.3738420745,3382981.7927185036,"POLYGON ((407977.3738420745 3382731.7927185036, 407977.3738420745 3383231.7927185036, 407477.3738420745 3383231.7927185036, 407477.3738420745 3382731.7927185036, 407977.3738420745 3382731.7927185036))"
807,34,19,407727.3738420745,3383481.7927185036,"POLYGON ((407977.3738420745 3383231.7927185036, 407977.3738420745 3383731.7927185036, 407477.3738420745 3383731.7927185036, 407477.3738420745 3383231.7927185036, 407977.3738420745 3383231.7927185036))"
808,35,19,407727.3738420745,3383981.7927185036,"POLYGON ((407977.3738420745 3383731.7927185036, 407977.3738420745 3384231.7927185036, 407477.3738420745 3384231.7927185036, 407477.3738420745 3383731.7927185036, 407977.3738420745 3383731.7927185036))"
809,36,19,407727.3738420745,3384481.7927185036,"POLYGON ((407977.3738420745 3384231.7927185036, 407977.3738420745 3384731.7927185036, 407477.3738420745 3384731.7927185036, 407477.3738420745 3384231.7927185036, 407977.3738420745 3384231.7927185036))"
810,37,19,407727.3738420745,3384981.7927185036,"POLYGON ((407977.3738420745 3384731.7927185036, 407977.3738420745 3385231.7927185036, 407477.3738420745 3385231.7927185036, 407477.3738420745 3384731.7927185036, 407977.3738420745 3384731.7927185036))"
811,38,19,407727.3738420745,3385481.7927185036,"POLYGON ((407977.3738420745 3385231.7927185036, 407977.3738420745 3385731.7927185036, 407477.3738420745 3385731.7927185036, 407477.3738420745 3385231.7927185036, 407977.3738420745 3385231.7927185036))"
812,39,19,407727.3738420745,3385981.7927185036,"POLYGON ((407977.3738420745 3385731.7927185036, 407977.3738420745 3386231.7927185036, 407477.3738420745 3386231.7927185036, 407477.3738420745 3385731.7927185036, 407977.3738420745 3385731.7927185036))"
813,40,19,407727.3738420745,3386481.7927185036,"POLYGON ((407977.3738420745 3386231.7927185036, 407977.3738420745 3386731.7927185036, 407477.3738420745 3386731.7927185036, 407477.3738420745 3386231.7927185036, 407977.3738420745 3386231.7927185036))"
814,41,19,407727.3738420745,3386981.7927185036,"POLYGON ((407977.3738420745 3386731.7927185036, 407977.3738420745 3387231.7927185036, 407477.3738420745 3387231.7927185036, 407477.3738420745 3386731.7927185036, 407977.3738420745 3386731.7927185036))"
815,42,19,407727.3738420745,3387481.7927185036,"POLYGON ((407977.3738420745 3387231.7927185036, 407977.3738420745 3387731.7927185036, 407477.3738420745 3387731.7927185036, 407477.3738420745 3387231.7927185036, 407977.3738420745 3387231.7927185036))"
816,43,19,407727.3738420745,3387981.7927185036,"POLYGON ((407977.3738420745 3387731.7927185036, 407977.3738420745 3388231.7927185036, 407477.3738420745 3388231.7927185036, 407477.3738420745 3387731.7927185036, 407977.3738420745 3387731.7927185036))"
817,44,19,407727.3738420745,3388481.7927185036,"POLYGON ((407977.3738420745 3388231.7927185036, 407977.3738420745 3388731.7927185036, 407477.3738420745 3388731.7927185036, 407477.3738420745 3388231.7927185036, 407977.3738420745 3388231.7927185036))"
818,45,19,407727.3738420745,3388981.7927185036,"POLYGON ((407977.3738420745 3388731.7927185036, 407977.3738420745 3389231.7927185036, 407477.3738420745 3389231.7927185036, 407477.3738420745 3388731.7927185036, 407977.3738420745 3388731.7927185036))"
819,46,19,407727.3738420745,3389481.7927185036,"POLYGON ((407977.3738420745 3389231.7927185036, 407977.3738420745 3389731.7927185036, 407477.3738420745 3389731.7927185036, 407477.3738420745 3389231.7927185036, 407977.3738420745 3389231.7927185036))"
820,47,19,407727.3738420745,3389981.7927185036,"POLYGON ((407977.3738420745 3389731.7927185036, 407977.3738420745 3390231.7927185036, 407477.3738420745 3390231.7927185036, 407477.3738420745 3389731.7927185036, 407977.3738420745 3389731.7927185036))"
821,48,19,407727.3738420745,3390481.7927185036,"POLYGON ((407977.3738420745 3390231.7927185036, 407977.3738420745 3390731.7927185036, 407477.3738420745 3390731.7927185036, 407477.3738420745 3390231.7927185036, 407977.3738420745 3390231.7927185036))"
822,49,19,407727.3738420745,3390981.7927185036,"POLYGON ((407977.3738420745 3390731.7927185036, 407977.3738420745 3391231.7927185036, 407477.3738420745 3391231.7927185036, 407477.3738420745 3390731.7927185036, 407977.3738420745 3390731.7927185036))"
823,50,19,407727.3738420745,3391481.7927185036,"POLYGON ((407977.3738420745 3391231.7927185036, 407977.3738420745 3391731.7927185036, 407477.3738420745 3391731.7927185036, 407477.3738420745 3391231.7927185036, 407977.3738420745 3391231.7927185036))"
824,51,19,407727.3738420745,3391981.7927185036,"POLYGON ((407977.3738420745 3391731.7927185036, 407977.3738420745 3392231.7927185036, 407477.3738420745 3392231.7927185036, 407477.3738420745 3391731.7927185036, 407977.3738420745 3391731.7927185036))"
825,52,19,407727.3738420745,3392481.7927185036,"POLYGON ((407977.3738420745 3392231.7927185036, 407977.3738420745 3392731.7927185036, 407477.3738420745 3392731.7927185036, 407477.3738420745 3392231.7927185036, 407977.3738420745 3392231.7927185036))"
826,53,19,407727.3738420745,3392981.7927185036,"POLYGON ((407977.3738420745 3392731.7927185036, 407977.3738420745 3393231.7927185036, 407477.3738420745 3393231.7927185036, 407477.3738420745 3392731.7927185036, 407977.3738420745 3392731.7927185036))"
827,54,19,407727.3738420745,3393481.7927185036,"POLYGON ((407977.3738420745 3393231.7927185036, 407977.3738420745 3393731.7927185036, 407477.3738420745 3393731.7927185036, 407477.3738420745 3393231.7927185036, 407977.3738420745 3393231.7927185036))"
828,55,19,407727.3738420745,3393981.7927185036,"POLYGON ((407977.3738420745 3393731.7927185036, 407977.3738420745 3394231.7927185036, 407477.3738420745 3394231.7927185036, 407477.3738420745 3393731.7927185036, 407977.3738420745 3393731.7927185036))"
829,56,19,407727.3738420745,3394481.7927185036,"POLYGON ((407977.3738420745 3394231.7927185036, 407977.3738420745 3394731.7927185036, 407477.3738420745 3394731.7927185036, 407477.3738420745 3394231.7927185036, 407977.3738420745 3394231.7927185036))"
830,57,19,407727.3738420745,3394981.7927185036,"POLYGON ((407977.3738420745 3394731.7927185036, 407977.3738420745 3395231.7927185036, 407477.3738420745 3395231.7927185036, 407477.3738420745 3394731.7927185036, 407977.3738420745 3394731.7927185036))"
831,58,19,407727.3738420745,3395481.7927185036,"POLYGON ((407977.3738420745 3395231.7927185036, 407977.3738420745 3395731.7927185036, 407477.3738420745 3395731.7927185036, 407477.3738420745 3395231.7927185036, 407977.3738420745 3395231.7927185036))"
832,59,19,407727.3738420745,3395981.7927185036,"POLYGON ((407977.3738420745 3395731.7927185036, 407977.3738420745 3396231.7927185036, 407477.3738420745 3396231.7927185036, 407477.3738420745 3395731.7927185036, 407977.3738420745 3395731.7927185036))"
833,60,19,407727.3738420745,3396481.7927185036,"POLYGON ((407977.3738420745 3396231.7927185036, 407977.3738420745 3396731.7927185036, 407477.3738420745 3396731.7927185036, 407477.3738420745 3396231.7927185036, 407977.3738420745 3396231.7927185036))"
834,61,19,407727.3738420745,3396981.7927185036,"POLYGON ((407977.3738420745 3396731.7927185036, 407977.3738420745 3397231.7927185036, 407477.3738420745 3397231.7927185036, 407477.3738420745 3396731.7927185036, 407977.3738420745 3396731.7927185036))"
835,62,19,407727.3738420745,3397481.7927185036,"POLYGON ((407977.3738420745 3397231.7927185036, 407977.3738420745 3397731.7927185036, 407477.3738420745 3397731.7927185036, 407477.3738420745 3397231.7927185036, 407977.3738420745 3397231.7927185036))"
836,63,19,407727.3738420745,3397981.7927185036,"POLYGON ((407977.3738420745 3397731.7927185036, 407977.3738420745 3398231.7927185036, 407477.3738420745 3398231.7927185036, 407477.3738420745 3397731.7927185036, 407977.3738420745 3397731.7927185036))"
837,64,19,407727.3738420745,3398481.7927185036,"POLYGON ((407977.3738420745 3398231.7927185036, 407977.3738420745 3398731.7927185036, 407477.3738420745 3398731.7927185036, 407477.3738420745 3398231.7927185036, 407977.3738420745 3398231.7927185036))"
838,65,19,407727.3738420745,3398981.7927185036,"POLYGON ((407977.3738420745 3398731.7927185036, 407977.3738420745 3399231.7927185036, 407477.3738420745 3399231.7927185036, 407477.3738420745 3398731.7927185036, 407977.3738420745 3398731.7927185036))"
839,66,19,407727.3738420745,3399481.7927185036,"POLYGON ((407977.3738420745 3399231.7927185036, 407977.3738420745 3399731.7927185036, 407477.3738420745 3399731.7927185036, 407477.3738420745 3399231.7927185036, 407977.3738420745 3399231.7927185036))"
840,67,19,407727.3738420745,3399981.7927185036,"POLYGON ((407977.3738420745 3399731.7927185036, 407977.3738420745 3400231.7927185036, 407477.3738420745 3400231.7927185036, 407477.3738420745 3399731.7927185036, 407977.3738420745 3399731.7927185036))"
841,68,19,407727.3738420745,3400481.7927185036,"POLYGON ((407977.3738420745 3400231.7927185036, 407977.3738420745 3400731.7927185036, 407477.3738420745 3400731.7927185036, 407477.3738420745 3400231.7927185036, 407977.3738420745 3400231.7927185036))"
842,69,19,407727.3738420745,3400981.7927185036,"POLYGON ((407977.3738420745 3400731.7927185036, 407977.3738420745 3401231.7927185036, 407477.3738420745 3401231.7927185036, 407477.3738420745 3400731.7927185036, 407977.3738420745 3400731.7927185036))"
843,70,19,407727.3738420745,3401481.7927185036,"POLYGON ((407977.3738420745 3401231.7927185036, 407977.3738420745 3401731.7927185036, 407477.3738420745 3401731.7927185036, 407477.3738420745 3401231.7927185036, 407977.3738420745 3401231.7927185036))"
844,71,19,407727.3738420745,3401981.7927185036,"POLYGON ((407977.3738420745 3401731.7927185036, 407977.3738420745 3402231.7927185036, 407477.3738420745 3402231.7927185036, 407477.3738420745 3401731.7927185036, 407977.3738420745 3401731.7927185036))"
845,72,19,407727.3738420745,3402481.7927185036,"POLYGON ((407977.3738420745 3402231.7927185036, 407977.3738420745 3402731.7927185036, 407477.3738420745 3402731.7927185036, 407477.3738420745 3402231.7927185036, 407977.3738420745 3402231.7927185036))"
846,73,19,407727.3738420745,3402981.7927185036,"POLYGON ((407977.3738420745 3402731.7927185036, 407977.3738420745 3403231.7927185036, 407477.3738420745 3403231.7927185036, 407477.3738420745 3402731.7927185036, 407977.3738420745 3402731.7927185036))"
847,3,20,408227.3738420745,3367981.7927185036,"POLYGON ((408477.3738420745 3367731.7927185036, 408477.3738420745 3368231.7927185036, 407977.3738420745 3368231.7927185036, 407977.3738420745 3367731.7927185036, 408477.3738420745 3367731.7927185036))"
848,4,20,408227.3738420745,3368481.7927185036,"POLYGON ((408477.3738420745 3368231.7927185036, 408477.3738420745 3368731.7927185036, 407977.3738420745 3368731.7927185036, 407977.3738420745 3368231.7927185036, 408477.3738420745 3368231.7927185036))"
849,5,20,408227.3738420745,3368981.7927185036,"POLYGON ((408477.3738420745 3368731.7927185036, 408477.3738420745 3369231.7927185036, 407977.3738420745 3369231.7927185036, 407977.3738420745 3368731.7927185036, 408477.3738420745 3368731.7927185036))"
850,6,20,408227.3738420745,3369481.7927185036,"POLYGON ((408477.3738420745 3369231.7927185036, 408477.3738420745 3369731.7927185036, 407977.3738420745 3369731.7927185036, 407977.3738420745 3369231.7927185036, 408477.3738420745 3369231.7927185036))"
851,7,20,408227.3738420745,3369981.7927185036,"POLYGON ((408477.3738420745 3369731.7927185036, 408477.3738420745 3370231.7927185036, 407977.3738420745 3370231.7927185036, 407977.3738420745 3369731.7927185036, 408477.3738420745 3369731.7927185036))"
852,8,20,408227.3738420745,3370481.7927185036,"POLYGON ((408477.3738420745 3370231.7927185036, 408477.3738420745 3370731.7927185036, 407977.3738420745 3370731.7927185036, 407977.3738420745 3370231.7927185036, 408477.3738420745 3370231.7927185036))"
853,9,20,408227.3738420745,3370981.7927185036,"POLYGON ((408477.3738420745 3370731.7927185036, 408477.3738420745 3371231.7927185036, 407977.3738420745 3371231.7927185036, 407977.3738420745 3370731.7927185036, 408477.3738420745 3370731.7927185036))"
854,10,20,408227.3738420745,3371481.7927185036,"POLYGON ((408477.3738420745 3371231.7927185036, 408477.3738420745 3371731.7927185036, 407977.3738420745 3371731.7927185036, 407977.3738420745 3371231.7927185036, 408477.3738420745 3371231.7927185036))"
855,11,20,408227.3738420745,3371981.7927185036,"POLYGON ((408477.3738420745 3371731.7927185036, 408477.3738420745 3372231.7927185036, 407977.3738420745 3372231.7927185036, 407977.3738420745 3371731.7927185036, 408477.3738420745 3371731.7927185036))"
856,12,20,408227.3738420745,3372481.7927185036,"POLYGON ((408477.3738420745 3372231.7927185036, 408477.3738420745 3372731.7927185036, 407977.3738420745 3372731.7927185036, 407977.3738420745 3372231.7927185036, 408477.3738420745 3372231.7927185036))"
857,13,20,408227.3738420745,3372981.7927185036,"POLYGON ((408477.3738420745 3372731.7927185036, 408477.3738420745 3373231.7927185036, 407977.3738420745 3373231.7927185036, 407977.3738420745 3372731.7927185036, 408477.3738420745 3372731.7927185036))"
858,14,20,408227.3738420745,3373481.7927185036,"POLYGON ((408477.3738420745 3373231.7927185036, 408477.3738420745 3373731.7927185036, 407977.3738420745 3373731.7927185036, 407977.3738420745 3373231.7927185036, 408477.3738420745 3373231.7927185036))"
859,15,20,408227.3738420745,3373981.7927185036,"POLYGON ((408477.3738420745 3373731.7927185036, 408477.3738420745 3374231.7927185036, 407977.3738420745 3374231.7927185036, 407977.3738420745 3373731.7927185036, 408477.3738420745 3373731.7927185036))"
860,16,20,408227.3738420745,3374481.7927185036,"POLYGON ((408477.3738420745 3374231.7927185036, 408477.3738420745 3374731.7927185036, 407977.3738420745 3374731.7927185036, 407977.3738420745 3374231.7927185036, 408477.3738420745 3374231.7927185036))"
861,17,20,408227.3738420745,3374981.7927185036,"POLYGON ((408477.3738420745 3374731.7927185036, 408477.3738420745 3375231.7927185036, 407977.3738420745 3375231.7927185036, 407977.3738420745 3374731.7927185036, 408477.3738420745 3374731.7927185036))"
862,18,20,408227.3738420745,3375481.7927185036,"POLYGON ((408477.3738420745 3375231.7927185036, 408477.3738420745 3375731.7927185036, 407977.3738420745 3375731.7927185036, 407977.3738420745 3375231.7927185036, 408477.3738420745 3375231.7927185036))"
863,19,20,408227.3738420745,3375981.7927185036,"POLYGON ((408477.3738420745 3375731.7927185036, 408477.3738420745 3376231.7927185036, 407977.3738420745 3376231.7927185036, 407977.3738420745 3375731.7927185036, 408477.3738420745 3375731.7927185036))"
864,20,20,408227.3738420745,3376481.7927185036,"POLYGON ((408477.3738420745 3376231.7927185036, 408477.3738420745 3376731.7927185036, 407977.3738420745 3376731.7927185036, 407977.3738420745 3376231.7927185036, 408477.3738420745 3376231.7927185036))"
865,21,20,408227.3738420745,3376981.7927185036,"POLYGON ((408477.3738420745 3376731.7927185036, 408477.3738420745 3377231.7927185036, 407977.3738420745 3377231.7927185036, 407977.3738420745 3376731.7927185036, 408477.3738420745 3376731.7927185036))"
866,22,20,408227.3738420745,3377481.7927185036,"POLYGON ((408477.3738420745 3377231.7927185036, 408477.3738420745 3377731.7927185036, 407977.3738420745 3377731.7927185036, 407977.3738420745 3377231.7927185036, 408477.3738420745 3377231.7927185036))"
867,23,20,408227.3738420745,3377981.7927185036,"POLYGON ((408477.3738420745 3377731.7927185036, 408477.3738420745 3378231.7927185036, 407977.3738420745 3378231.7927185036, 407977.3738420745 3377731.7927185036, 408477.3738420745 3377731.7927185036))"
868,24,20,408227.3738420745,3378481.7927185036,"POLYGON ((408477.3738420745 3378231.7927185036, 408477.3738420745 3378731.7927185036, 407977.3738420745 3378731.7927185036, 407977.3738420745 3378231.7927185036, 408477.3738420745 3378231.7927185036))"
869,25,20,408227.3738420745,3378981.7927185036,"POLYGON ((408477.3738420745 3378731.7927185036, 408477.3738420745 3379231.7927185036, 407977.3738420745 3379231.7927185036, 407977.3738420745 3378731.7927185036, 408477.3738420745 3378731.7927185036))"
870,26,20,408227.3738420745,3379481.7927185036,"POLYGON ((408477.3738420745 3379231.7927185036, 408477.3738420745 3379731.7927185036, 407977.3738420745 3379731.7927185036, 407977.3738420745 3379231.7927185036, 408477.3738420745 3379231.7927185036))"
871,27,20,408227.3738420745,3379981.7927185036,"POLYGON ((408477.3738420745 3379731.7927185036, 408477.3738420745 3380231.7927185036, 407977.3738420745 3380231.7927185036, 407977.3738420745 3379731.7927185036, 408477.3738420745 3379731.7927185036))"
872,28,20,408227.3738420745,3380481.7927185036,"POLYGON ((408477.3738420745 3380231.7927185036, 408477.3738420745 3380731.7927185036, 407977.3738420745 3380731.7927185036, 407977.3738420745 3380231.7927185036, 408477.3738420745 3380231.7927185036))"
873,29,20,408227.3738420745,3380981.7927185036,"POLYGON ((408477.3738420745 3380731.7927185036, 408477.3738420745 3381231.7927185036, 407977.3738420745 3381231.7927185036, 407977.3738420745 3380731.7927185036, 408477.3738420745 3380731.7927185036))"
874,30,20,408227.3738420745,3381481.7927185036,"POLYGON ((408477.3738420745 3381231.7927185036, 408477.3738420745 3381731.7927185036, 407977.3738420745 3381731.7927185036, 407977.3738420745 3381231.7927185036, 408477.3738420745 3381231.7927185036))"
875,31,20,408227.3738420745,3381981.7927185036,"POLYGON ((408477.3738420745 3381731.7927185036, 408477.3738420745 3382231.7927185036, 407977.3738420745 3382231.7927185036, 407977.3738420745 3381731.7927185036, 408477.3738420745 3381731.7927185036))"
876,32,20,408227.3738420745,3382481.7927185036,"POLYGON ((408477.3738420745 3382231.7927185036, 408477.3738420745 3382731.7927185036, 407977.3738420745 3382731.7927185036, 407977.3738420745 3382231.7927185036, 408477.3738420745 3382231.7927185036))"
877,33,20,408227.3738420745,3382981.7927185036,"POLYGON ((408477.3738420745 3382731.7927185036, 408477.3738420745 3383231.7927185036, 407977.3738420745 3383231.7927185036, 407977.3738420745 3382731.7927185036, 408477.3738420745 3382731.7927185036))"
878,34,20,408227.3738420745,3383481.7927185036,"POLYGON ((408477.3738420745 3383231.7927185036, 408477.3738420745 3383731.7927185036, 407977.3738420745 3383731.7927185036, 407977.3738420745 3383231.7927185036, 408477.3738420745 3383231.7927185036))"
879,35,20,408227.3738420745,3383981.7927185036,"POLYGON ((408477.3738420745 3383731.7927185036, 408477.3738420745 3384231.7927185036, 407977.3738420745 3384231.7927185036, 407977.3738420745 3383731.7927185036, 408477.3738420745 3383731.7927185036))"
880,36,20,408227.3738420745,3384481.7927185036,"POLYGON ((408477.3738420745 3384231.7927185036, 408477.3738420745 3384731.7927185036, 407977.3738420745 3384731.7927185036, 407977.3738420745 3384231.7927185036, 408477.3738420745 3384231.7927185036))"
881,37,20,408227.3738420745,3384981.7927185036,"POLYGON ((408477.3738420745 3384731.7927185036, 408477.3738420745 3385231.7927185036, 407977.3738420745 3385231.7927185036, 407977.3738420745 3384731.7927185036, 408477.3738420745 3384731.7927185036))"
882,38,20,408227.3738420745,3385481.7927185036,"POLYGON ((408477.3738420745 3385231.7927185036, 408477.3738420745 3385731.7927185036, 407977.3738420745 3385731.7927185036, 407977.3738420745 3385231.7927185036, 408477.3738420745 3385231.7927185036))"
883,39,20,408227.3738420745,3385981.7927185036,"POLYGON ((408477.3738420745 3385731.7927185036, 408477.3738420745 3386231.7927185036, 407977.3738420745 3386231.7927185036, 407977.3738420745 3385731.7927185036, 408477.3738420745 3385731.7927185036))"
884,40,20,408227.3738420745,3386481.7927185036,"POLYGON ((408477.3738420745 3386231.7927185036, 408477.3738420745 3386731.7927185036, 407977.3738420745 3386731.7927185036, 407977.3738420745 3386231.7927185036, 408477.3738420745 3386231.7927185036))"
885,41,20,408227.3738420745,3386981.7927185036,"POLYGON ((408477.3738420745 3386731.7927185036, 408477.3738420745 3387231.7927185036, 407977.3738420745 3387231.7927185036, 407977.3738420745 3386731.7927185036, 408477.3738420745 3386731.7927185036))"
886,42,20,408227.3738420745,3387481.7927185036,"POLYGON ((408477.3738420745 3387231.7927185036, 408477.3738420745 3387731.7927185036, 407977.3738420745 3387731.7927185036, 407977.3738420745 3387231.7927185036, 408477.3738420745 3387231.7927185036))"
887,43,20,408227.3738420745,3387981.7927185036,"POLYGON ((408477.3738420745 3387731.7927185036, 408477.3738420745 3388231.7927185036, 407977.3738420745 3388231.7927185036, 407977.3738420745 3387731.7927185036, 408477.3738420745 3387731.7927185036))"
888,44,20,408227.3738420745,3388481.7927185036,"POLYGON ((408477.3738420745 3388231.7927185036, 408477.3738420745 3388731.7927185036, 407977.3738420745 3388731.7927185036, 407977.3738420745 3388231.7927185036, 408477.3738420745 3388231.7927185036))"
889,45,20,408227.3738420745,3388981.7927185036,"POLYGON ((408477.3738420745 3388731.7927185036, 408477.3738420745 3389231.7927185036, 407977.3738420745 3389231.7927185036, 407977.3738420745 3388731.7927185036, 408477.3738420745 3388731.7927185036))"
890,46,20,408227.3738420745,3389481.7927185036,"POLYGON ((408477.3738420745 3389231.7927185036, 408477.3738420745 3389731.7927185036, 407977.3738420745 3389731.7927185036, 407977.3738420745 3389231.7927185036, 408477.3738420745 3389231.7927185036))"
891,47,20,408227.3738420745,3389981.7927185036,"POLYGON ((408477.3738420745 3389731.7927185036, 408477.3738420745 3390231.7927185036, 407977.3738420745 3390231.7927185036, 407977.3738420745 3389731.7927185036, 408477.3738420745 3389731.7927185036))"
892,48,20,408227.3738420745,3390481.7927185036,"POLYGON ((408477.3738420745 3390231.7927185036, 408477.3738420745 3390731.7927185036, 407977.3738420745 3390731.7927185036, 407977.3738420745 3390231.7927185036, 408477.3738420745 3390231.7927185036))"
893,49,20,408227.3738420745,3390981.7927185036,"POLYGON ((408477.3738420745 3390731.7927185036, 408477.3738420745 3391231.7927185036, 407977.3738420745 3391231.7927185036, 407977.3738420745 3390731.7927185036, 408477.3738420745 3390731.7927185036))"
894,50,20,408227.3738420745,3391481.7927185036,"POLYGON ((408477.3738420745 3391231.7927185036, 408477.3738420745 3391731.7927185036, 407977.3738420745 3391731.7927185036, 407977.3738420745 3391231.7927185036, 408477.3738420745 3391231.7927185036))"
895,51,20,408227.3738420745,3391981.7927185036,"POLYGON ((408477.3738420745 3391731.7927185036, 408477.3738420745 3392231.7927185036, 407977.3738420745 3392231.7927185036, 407977.3738420745 3391731.7927185036, 408477.3738420745 3391731.7927185036))"
896,52,20,408227.3738420745,3392481.7927185036,"POLYGON ((408477.3738420745 3392231.7927185036, 408477.3738420745 3392731.7927185036, 407977.3738420745 3392731.7927185036, 407977.3738420745 3392231.7927185036, 408477.3738420745 3392231.7927185036))"
897,53,20,408227.3738420745,3392981.7927185036,"POLYGON ((408477.3738420745 3392731.7927185036, 408477.3738420745 3393231.7927185036, 407977.3738420745 3393231.7927185036, 407977.3738420745 3392731.7927185036, 408477.3738420745 3392731.7927185036))"
898,54,20,408227.3738420745,3393481.7927185036,"POLYGON ((408477.3738420745 3393231.7927185036, 408477.3738420745 3393731.7927185036, 407977.3738420745 3393731.7927185036, 407977.3738420745 3393231.7927185036, 408477.3738420745 3393231.7927185036))"
899,55,20,408227.3738420745,3393981.7927185036,"POLYGON ((408477.3738420745 3393731.7927185036, 408477.3738420745 3394231.7927185036, 407977.3738420745 3394231.7927185036, 407977.3738420745 3393731.7927185036, 408477.3738420745 3393731.7927185036))"
900,56,20,408227.3738420745,3394481.7927185036,"POLYGON ((408477.3738420745 3394231.7927185036, 408477.3738420745 3394731.7927185036, 407977.3738420745 3394731.7927185036, 407977.3738420745 3394231.7927185036, 408477.3738420745 3394231.7927185036))"
901,57,20,408227.3738420745,3394981.7927185036,"POLYGON ((408477.3738420745 3394731.7927185036, 408477.3738420745 3395231.7927185036, 407977.3738420745 3395231.7927185036, 407977.3738420745 3394731.7927185036, 408477.3738420745 3394731.7927185036))"
902,58,20,408227.3738420745,3395481.7927185036,"POLYGON ((408477.3738420745 3395231.7927185036, 408477.3738420745 3395731.7927185036, 407977.3738420745 3395731.7927185036, 407977.3738420745 3395231.7927185036, 408477.3738420745 3395231.7927185036))"
903,59,20,408227.3738420745,3395981.7927185036,"POLYGON ((408477.3738420745 3395731.7927185036, 408477.3738420745 3396231.7927185036, 407977.3738420745 3396231.7927185036, 407977.3738420745 3395731.7927185036, 408477.3738420745 3395731.7927185036))"
904,60,20,408227.3738420745,3396481.7927185036,"POLYGON ((408477.3738420745 3396231.7927185036, 408477.3738420745 3396731.7927185036, 407977.3738420745 3396731.7927185036, 407977.3738420745 3396231.7927185036, 408477.3738420745 3396231.7927185036))"
905,61,20,408227.3738420745,3396981.7927185036,"POLYGON ((408477.3738420745 3396731.7927185036, 408477.3738420745 3397231.7927185036, 407977.3738420745 3397231.7927185036, 407977.3738420745 3396731.7927185036, 408477.3738420745 3396731.7927185036))"
906,62,20,408227.3738420745,3397481.7927185036,"POLYGON ((408477.3738420745 3397231.7927185036, 408477.3738420745 3397731.7927185036, 407977.3738420745 3397731.7927185036, 407977.3738420745 3397231.7927185036, 408477.3738420745 3397231.7927185036))"
907,63,20,408227.3738420745,3397981.7927185036,"POLYGON ((408477.3738420745 3397731.7927185036, 408477.3738420745 3398231.7927185036, 407977.3738420745 3398231.7927185036, 407977.3738420745 3397731.7927185036, 408477.3738420745 3397731.7927185036))"
908,64,20,408227.3738420745,3398481.7927185036,"POLYGON ((408477.3738420745 3398231.7927185036, 408477.3738420745 3398731.7927185036, 407977.3738420745 3398731.7927185036, 407977.3738420745 3398231.7927185036, 408477.3738420745 3398231.7927185036))"
909,65,20,408227.3738420745,3398981.7927185036,"POLYGON ((408477.3738420745 3398731.7927185036, 408477.3738420745 3399231.7927185036, 407977.3738420745 3399231.7927185036, 407977.3738420745 3398731.7927185036, 408477.3738420745 3398731.7927185036))"
910,66,20,408227.3738420745,3399481.7927185036,"POLYGON ((408477.3738420745 3399231.7927185036, 408477.3738420745 3399731.7927185036, 407977.3738420745 3399731.7927185036, 407977.3738420745 3399231.7927185036, 408477.3738420745 3399231.7927185036))"
911,67,20,408227.3738420745,3399981.7927185036,"POLYGON ((408477.3738420745 3399731.7927185036, 408477.3738420745 3400231.7927185036, 407977.3738420745 3400231.7927185036, 407977.3738420745 3399731.7927185036, 408477.3738420745 3399731.7927185036))"
912,68,20,408227.3738420745,3400481.7927185036,"POLYGON ((408477.3738420745 3400231.7927185036, 408477.3738420745 3400731.7927185036, 407977.3738420745 3400731.7927185036, 407977.3738420745 3400231.7927185036, 408477.3738420745 3400231.7927185036))"
913,69,20,408227.3738420745,3400981.7927185036,"POLYGON ((408477.3738420745 3400731.7927185036, 408477.3738420745 3401231.7927185036, 407977.3738420745 3401231.7927185036, 407977.3738420745 3400731.7927185036, 408477.3738420745 3400731.7927185036))"
914,70,20,408227.3738420745,3401481.7927185036,"POLYGON ((408477.3738420745 3401231.7927185036, 408477.3738420745 3401731.7927185036, 407977.3738420745 3401731.7927185036, 407977.3738420745 3401231.7927185036, 408477.3738420745 3401231.7927185036))"
915,71,20,408227.3738420745,3401981.7927185036,"POLYGON ((408477.3738420745 3401731.7927185036, 408477.3738420745 3402231.7927185036, 407977.3738420745 3402231.7927185036, 407977.3738420745 3401731.7927185036, 408477.3738420745 3401731.7927185036))"
916,72,20,408227.3738420745,3402481.7927185036,"POLYGON ((408477.3738420745 3402231.7927185036, 408477.3738420745 3402731.7927185036, 407977.3738420745 3402731.7927185036, 407977.3738420745 3402231.7927185036, 408477.3738420745 3402231.7927185036))"
917,73,20,408227.3738420745,3402981.7927185036,"POLYGON ((408477.3738420745 3402731.7927185036, 408477.3738420745 3403231.7927185036, 407977.3738420745 3403231.7927185036, 407977.3738420745 3402731.7927185036, 408477.3738420745 3402731.7927185036))"
918,2,21,408727.3738420745,3367481.7927185036,"POLYGON ((408977.3738420745 3367231.7927185036, 408977.3738420745 3367731.7927185036, 408477.3738420745 3367731.7927185036, 408477.3738420745 3367231.7927185036, 408977.3738420745 3367231.7927185036))"
919,3,21,408727.3738420745,3367981.7927185036,"POLYGON ((408977.3738420745 3367731.7927185036, 408977.3738420745 3368231.7927185036, 408477.3738420745 3368231.7927185036, 408477.3738420745 3367731.7927185036, 408977.3738420745 3367731.7927185036))"
920,4,21,408727.3738420745,3368481.7927185036,"POLYGON ((408977.3738420745 3368231.7927185036, 408977.3738420745 3368731.7927185036, 408477.3738420745 3368731.7927185036, 408477.3738420745 3368231.7927185036, 408977.3738420745 3368231.7927185036))"
921,5,21,408727.3738420745,3368981.7927185036,"POLYGON ((408977.3738420745 3368731.7927185036, 408977.3738420745 3369231.7927185036, 408477.3738420745 3369231.7927185036, 408477.3738420745 3368731.7927185036, 408977.3738420745 3368731.7927185036))"
922,6,21,408727.3738420745,3369481.7927185036,"POLYGON ((408977.3738420745 3369231.7927185036, 408977.3738420745 3369731.7927185036, 408477.3738420745 3369731.7927185036, 408477.3738420745 3369231.7927185036, 408977.3738420745 3369231.7927185036))"
923,7,21,408727.3738420745,3369981.7927185036,"POLYGON ((408977.3738420745 3369731.7927185036, 408977.3738420745 3370231.7927185036, 408477.3738420745 3370231.7927185036, 408477.3738420745 3369731.7927185036, 408977.3738420745 3369731.7927185036))"
924,8,21,408727.3738420745,3370481.7927185036,"POLYGON ((408977.3738420745 3370231.7927185036, 408977.3738420745 3370731.7927185036, 408477.3738420745 3370731.7927185036, 408477.3738420745 3370231.7927185036, 408977.3738420745 3370231.7927185036))"
925,9,21,408727.3738420745,3370981.7927185036,"POLYGON ((408977.3738420745 3370731.7927185036, 408977.3738420745 3371231.7927185036, 408477.3738420745 3371231.7927185036, 408477.3738420745 3370731.7927185036, 408977.3738420745 3370731.7927185036))"
926,10,21,408727.3738420745,3371481.7927185036,"POLYGON ((408977.3738420745 3371231.7927185036, 408977.3738420745 3371731.7927185036, 408477.3738420745 3371731.7927185036, 408477.3738420745 3371231.7927185036, 408977.3738420745 3371231.7927185036))"
927,11,21,408727.3738420745,3371981.7927185036,"POLYGON ((408977.3738420745 3371731.7927185036, 408977.3738420745 3372231.7927185036, 408477.3738420745 3372231.7927185036, 408477.3738420745 3371731.7927185036, 408977.3738420745 3371731.7927185036))"
928,12,21,408727.3738420745,3372481.7927185036,"POLYGON ((408977.3738420745 3372231.7927185036, 408977.3738420745 3372731.7927185036, 408477.3738420745 3372731.7927185036, 408477.3738420745 3372231.7927185036, 408977.3738420745 3372231.7927185036))"
929,13,21,408727.3738420745,3372981.7927185036,"POLYGON ((408977.3738420745 3372731.7927185036, 408977.3738420745 3373231.7927185036, 408477.3738420745 3373231.7927185036, 408477.3738420745 3372731.7927185036, 408977.3738420745 3372731.7927185036))"
930,14,21,408727.3738420745,3373481.7927185036,"POLYGON ((408977.3738420745 3373231.7927185036, 408977.3738420745 3373731.7927185036, 408477.3738420745 3373731.7927185036, 408477.3738420745 3373231.7927185036, 408977.3738420745 3373231.7927185036))"
931,15,21,408727.3738420745,3373981.7927185036,"POLYGON ((408977.3738420745 3373731.7927185036, 408977.3738420745 3374231.7927185036, 408477.3738420745 3374231.7927185036, 408477.3738420745 3373731.7927185036, 408977.3738420745 3373731.7927185036))"
932,16,21,408727.3738420745,3374481.7927185036,"POLYGON ((408977.3738420745 3374231.7927185036, 408977.3738420745 3374731.7927185036, 408477.3738420745 3374731.7927185036, 408477.3738420745 3374231.7927185036, 408977.3738420745 3374231.7927185036))"
933,17,21,408727.3738420745,3374981.7927185036,"POLYGON ((408977.3738420745 3374731.7927185036, 408977.3738420745 3375231.7927185036, 408477.3738420745 3375231.7927185036, 408477.3738420745 3374731.7927185036, 408977.3738420745 3374731.7927185036))"
934,18,21,408727.3738420745,3375481.7927185036,"POLYGON ((408977.3738420745 3375231.7927185036, 408977.3738420745 3375731.7927185036, 408477.3738420745 3375731.7927185036, 408477.3738420745 3375231.7927185036, 408977.3738420745 3375231.7927185036))"
935,19,21,408727.3738420745,3375981.7927185036,"POLYGON ((408977.3738420745 3375731.7927185036, 408977.3738420745 3376231.7927185036, 408477.3738420745 3376231.7927185036, 408477.3738420745 3375731.7927185036, 408977.3738420745 3375731.7927185036))"
936,20,21,408727.3738420745,3376481.7927185036,"POLYGON ((408977.3738420745 3376231.7927185036, 408977.3738420745 3376731.7927185036, 408477.3738420745 3376731.7927185036, 408477.3738420745 3376231.7927185036, 408977.3738420745 3376231.7927185036))"
937,21,21,408727.3738420745,3376981.7927185036,"POLYGON ((408977.3738420745 3376731.7927185036, 408977.3738420745 3377231.7927185036, 408477.3738420745 3377231.7927185036, 408477.3738420745 3376731.7927185036, 408977.3738420745 3376731.7927185036))"
938,22,21,408727.3738420745,3377481.7927185036,"POLYGON ((408977.3738420745 3377231.7927185036, 408977.3738420745 3377731.7927185036, 408477.3738420745 3377731.7927185036, 408477.3738420745 3377231.7927185036, 408977.3738420745 3377231.7927185036))"
939,23,21,408727.3738420745,3377981.7927185036,"POLYGON ((408977.3738420745 3377731.7927185036, 408977.3738420745 3378231.7927185036, 408477.3738420745 3378231.7927185036, 408477.3738420745 3377731.7927185036, 408977.3738420745 3377731.7927185036))"
940,24,21,408727.3738420745,3378481.7927185036,"POLYGON ((408977.3738420745 3378231.7927185036, 408977.3738420745 3378731.7927185036, 408477.3738420745 3378731.7927185036, 408477.3738420745 3378231.7927185036, 408977.3738420745 3378231.7927185036))"
941,25,21,408727.3738420745,3378981.7927185036,"POLYGON ((408977.3738420745 3378731.7927185036, 408977.3738420745 3379231.7927185036, 408477.3738420745 3379231.7927185036, 408477.3738420745 3378731.7927185036, 408977.3738420745 3378731.7927185036))"
942,26,21,408727.3738420745,3379481.7927185036,"POLYGON ((408977.3738420745 3379231.7927185036, 408977.3738420745 3379731.7927185036, 408477.3738420745 3379731.7927185036, 408477.3738420745 3379231.7927185036, 408977.3738420745 3379231.7927185036))"
943,27,21,408727.3738420745,3379981.7927185036,"POLYGON ((408977.3738420745 3379731.7927185036, 408977.3738420745 3380231.7927185036, 408477.3738420745 3380231.7927185036, 408477.3738420745 3379731.7927185036, 408977.3738420745 3379731.7927185036))"
944,28,21,408727.3738420745,3380481.7927185036,"POLYGON ((408977.3738420745 3380231.7927185036, 408977.3738420745 3380731.7927185036, 408477.3738420745 3380731.7927185036, 408477.3738420745 3380231.7927185036, 408977.3738420745 3380231.7927185036))"
945,29,21,408727.3738420745,3380981.7927185036,"POLYGON ((408977.3738420745 3380731.7927185036, 408977.3738420745 3381231.7927185036, 408477.3738420745 3381231.7927185036, 408477.3738420745 3380731.7927185036, 408977.3738420745 3380731.7927185036))"
946,30,21,408727.3738420745,3381481.7927185036,"POLYGON ((408977.3738420745 3381231.7927185036, 408977.3738420745 3381731.7927185036, 408477.3738420745 3381731.7927185036, 408477.3738420745 3381231.7927185036, 408977.3738420745 3381231.7927185036))"
947,31,21,408727.3738420745,3381981.7927185036,"POLYGON ((408977.3738420745 3381731.7927185036, 408977.3738420745 3382231.7927185036, 408477.3738420745 3382231.7927185036, 408477.3738420745 3381731.7927185036, 408977.3738420745 3381731.7927185036))"
948,32,21,408727.3738420745,3382481.7927185036,"POLYGON ((408977.3738420745 3382231.7927185036, 408977.3738420745 3382731.7927185036, 408477.3738420745 3382731.7927185036, 408477.3738420745 3382231.7927185036, 408977.3738420745 3382231.7927185036))"
949,33,21,408727.3738420745,3382981.7927185036,"POLYGON ((408977.3738420745 3382731.7927185036, 408977.3738420745 3383231.7927185036, 408477.3738420745 3383231.7927185036, 408477.3738420745 3382731.7927185036, 408977.3738420745 3382731.7927185036))"
950,34,21,408727.3738420745,3383481.7927185036,"POLYGON ((408977.3738420745 3383231.7927185036, 408977.3738420745 3383731.7927185036, 408477.3738420745 3383731.7927185036, 408477.3738420745 3383231.7927185036, 408977.3738420745 3383231.7927185036))"
951,35,21,408727.3738420745,3383981.7927185036,"POLYGON ((408977.3738420745 3383731.7927185036, 408977.3738420745 3384231.7927185036, 408477.3738420745 3384231.7927185036, 408477.3738420745 3383731.7927185036, 408977.3738420745 3383731.7927185036))"
952,36,21,408727.3738420745,3384481.7927185036,"POLYGON ((408977.3738420745 3384231.7927185036, 408977.3738420745 3384731.7927185036, 408477.3738420745 3384731.7927185036, 408477.3738420745 3384231.7927185036, 408977.3738420745 3384231.7927185036))"
953,37,21,408727.3738420745,3384981.7927185036,"POLYGON ((408977.3738420745 3384731.7927185036, 408977.3738420745 3385231.7927185036, 408477.3738420745 3385231.7927185036, 408477.3738420745 3384731.7927185036, 408977.3738420745 3384731.7927185036))"
954,38,21,408727.3738420745,3385481.7927185036,"POLYGON ((408977.3738420745 3385231.7927185036, 408977.3738420745 3385731.7927185036, 408477.3738420745 3385731.7927185036, 408477.3738420745 3385231.7927185036, 408977.3738420745 3385231.7927185036))"
955,39,21,408727.3738420745,3385981.7927185036,"POLYGON ((408977.3738420745 3385731.7927185036, 408977.3738420745 3386231.7927185036, 408477.3738420745 3386231.7927185036, 408477.3738420745 3385731.7927185036, 408977.3738420745 3385731.7927185036))"
956,40,21,408727.3738420745,3386481.7927185036,"POLYGON ((408977.3738420745 3386231.7927185036, 408977.3738420745 3386731.7927185036, 408477.3738420745 3386731.7927185036, 408477.3738420745 3386231.7927185036, 408977.3738420745 3386231.7927185036))"
957,41,21,408727.3738420745,3386981.7927185036,"POLYGON ((408977.3738420745 3386731.7927185036, 408977.3738420745 3387231.7927185036, 408477.3738420745 3387231.7927185036, 408477.3738420745 3386731.7927185036, 408977.3738420745 3386731.7927185036))"
958,42,21,408727.3738420745,3387481.7927185036,"POLYGON ((408977.3738420745 3387231.7927185036, 408977.3738420745 3387731.7927185036, 408477.3738420745 3387731.7927185036, 408477.3738420745 3387231.7927185036, 408977.3738420745 3387231.7927185036))"
959,43,21,408727.3738420745,3387981.7927185036,"POLYGON ((408977.3738420745 3387731.7927185036, 408977.3738420745 3388231.7927185036, 408477.3738420745 3388231.7927185036, 408477.3738420745 3387731.7927185036, 408977.3738420745 3387731.7927185036))"
960,44,21,408727.3738420745,3388481.7927185036,"POLYGON ((408977.3738420745 3388231.7927185036, 408977.3738420745 3388731.7927185036, 408477.3738420745 3388731.7927185036, 408477.3738420745 3388231.7927185036, 408977.3738420745 3388231.7927185036))"
961,45,21,408727.3738420745,3388981.7927185036,"POLYGON ((408977.3738420745 3388731.7927185036, 408977.3738420745 3389231.7927185036, 408477.3738420745 3389231.7927185036, 408477.3738420745 3388731.7927185036, 408977.3738420745 3388731.7927185036))"
962,46,21,408727.3738420745,3389481.7927185036,"POLYGON ((408977.3738420745 3389231.7927185036, 408977.3738420745 3389731.7927185036, 408477.3738420745 3389731.7927185036, 408477.3738420745 3389231.7927185036, 408977.3738420745 3389231.7927185036))"
963,47,21,408727.3738420745,3389981.7927185036,"POLYGON ((408977.3738420745 3389731.7927185036, 408977.3738420745 3390231.7927185036, 408477.3738420745 3390231.7927185036, 408477.3738420745 3389731.7927185036, 408977.3738420745 3389731.7927185036))"
964,48,21,408727.3738420745,3390481.7927185036,"POLYGON ((408977.3738420745 3390231.7927185036, 408977.3738420745 3390731.7927185036, 408477.3738420745 3390731.7927185036, 408477.3738420745 3390231.7927185036, 408977.3738420745 3390231.7927185036))"
965,49,21,408727.3738420745,3390981.7927185036,"POLYGON ((408977.3738420745 3390731.7927185036, 408977.3738420745 3391231.7927185036, 408477.3738420745 3391231.7927185036, 408477.3738420745 3390731.7927185036, 408977.3738420745 3390731.7927185036))"
966,50,21,408727.3738420745,3391481.7927185036,"POLYGON ((408977.3738420745 3391231.7927185036, 408977.3738420745 3391731.7927185036, 408477.3738420745 3391731.7927185036, 408477.3738420745 3391231.7927185036, 408977.3738420745 3391231.7927185036))"
967,51,21,408727.3738420745,3391981.7927185036,"POLYGON ((408977.3738420745 3391731.7927185036, 408977.3738420745 3392231.7927185036, 408477.3738420745 3392231.7927185036, 408477.3738420745 3391731.7927185036, 408977.3738420745 3391731.7927185036))"
968,52,21,408727.3738420745,3392481.7927185036,"POLYGON ((408977.3738420745 3392231.7927185036, 408977.3738420745 3392731.7927185036, 408477.3738420745 3392731.7927185036, 408477.3738420745 3392231.7927185036, 408977.3738420745 3392231.7927185036))"
969,53,21,408727.3738420745,3392981.7927185036,"POLYGON ((408977.3738420745 3392731.7927185036, 408977.3738420745 3393231.7927185036, 408477.3738420745 3393231.7927185036, 408477.3738420745 3392731.7927185036, 408977.3738420745 3392731.7927185036))"
970,54,21,408727.3738420745,3393481.7927185036,"POLYGON ((408977.3738420745 3393231.7927185036, 408977.3738420745 3393731.7927185036, 408477.3738420745 3393731.7927185036, 408477.3738420745 3393231.7927185036, 408977.3738420745 3393231.7927185036))"
971,55,21,408727.3738420745,3393981.7927185036,"POLYGON ((408977.3738420745 3393731.7927185036, 408977.3738420745 3394231.7927185036, 408477.3738420745 3394231.7927185036, 408477.3738420745 3393731.7927185036, 408977.3738420745 3393731.7927185036))"
972,56,21,408727.3738420745,3394481.7927185036,"POLYGON ((408977.3738420745 3394231.7927185036, 408977.3738420745 3394731.7927185036, 408477.3738420745 3394731.7927185036, 408477.3738420745 3394231.7927185036, 408977.3738420745 3394231.7927185036))"
973,57,21,408727.3738420745,3394981.7927185036,"POLYGON ((408977.3738420745 3394731.7927185036, 408977.3738420745 3395231.7927185036, 408477.3738420745 3395231.7927185036, 408477.3738420745 3394731.7927185036, 408977.3738420745 3394731.7927185036))"
974,58,21,408727.3738420745,3395481.7927185036,"POLYGON ((408977.3738420745 3395231.7927185036, 408977.3738420745 3395731.7927185036, 408477.3738420745 3395731.7927185036, 408477.3738420745 3395231.7927185036, 408977.3738420745 3395231.7927185036))"
975,59,21,408727.3738420745,3395981.7927185036,"POLYGON ((408977.3738420745 3395731.7927185036, 408977.3738420745 3396231.7927185036, 408477.3738420745 3396231.7927185036, 408477.3738420745 3395731.7927185036, 408977.3738420745 3395731.7927185036))"
976,60,21,408727.3738420745,3396481.7927185036,"POLYGON ((408977.3738420745 3396231.7927185036, 408977.3738420745 3396731.7927185036, 408477.3738420745 3396731.7927185036, 408477.3738420745 3396231.7927185036, 408977.3738420745 3396231.7927185036))"
977,61,21,408727.3738420745,3396981.7927185036,"POLYGON ((408977.3738420745 3396731.7927185036, 408977.3738420745 3397231.7927185036, 408477.3738420745 3397231.7927185036, 408477.3738420745 3396731.7927185036, 408977.3738420745 3396731.7927185036))"
978,62,21,408727.3738420745,3397481.7927185036,"POLYGON ((408977.3738420745 3397231.7927185036, 408977.3738420745 3397731.7927185036, 408477.3738420745 3397731.7927185036, 408477.3738420745 3397231.7927185036, 408977.3738420745 3397231.7927185036))"
979,63,21,408727.3738420745,3397981.7927185036,"POLYGON ((408977.3738420745 3397731.7927185036, 408977.3738420745 3398231.7927185036, 408477.3738420745 3398231.7927185036, 408477.3738420745 3397731.7927185036, 408977.3738420745 3397731.7927185036))"
980,64,21,408727.3738420745,3398481.7927185036,"POLYGON ((408977.3738420745 3398231.7927185036, 408977.3738420745 3398731.7927185036, 408477.3738420745 3398731.7927185036, 408477.3738420745 3398231.7927185036, 408977.3738420745 3398231.7927185036))"
981,65,21,408727.3738420745,3398981.7927185036,"POLYGON ((408977.3738420745 3398731.7927185036, 408977.3738420745 3399231.7927185036, 408477.3738420745 3399231.7927185036, 408477.3738420745 3398731.7927185036, 408977.3738420745 3398731.7927185036))"
982,66,21,408727.3738420745,3399481.7927185036,"POLYGON ((408977.3738420745 3399231.7927185036, 408977.3738420745 3399731.7927185036, 408477.3738420745 3399731.7927185036, 408477.3738420745 3399231.7927185036, 408977.3738420745 3399231.7927185036))"
983,67,21,408727.3738420745,3399981.7927185036,"POLYGON ((408977.3738420745 3399731.7927185036, 408977.3738420745 3400231.7927185036, 408477.3738420745 3400231.7927185036, 408477.3738420745 3399731.7927185036, 408977.3738420745 3399731.7927185036))"
984,68,21,408727.3738420745,3400481.7927185036,"POLYGON ((408977.3738420745 3400231.7927185036, 408977.3738420745 3400731.7927185036, 408477.3738420745 3400731.7927185036, 408477.3738420745 3400231.7927185036, 408977.3738420745 3400231.7927185036))"
985,69,21,408727.3738420745,3400981.7927185036,"POLYGON ((408977.3738420745 3400731.7927185036, 408977.3738420745 3401231.7927185036, 408477.3738420745 3401231.7927185036, 408477.3738420745 3400731.7927185036, 408977.3738420745 3400731.7927185036))"
986,70,21,408727.3738420745,3401481.7927185036,"POLYGON ((408977.3738420745 3401231.7927185036, 408977.3738420745 3401731.7927185036, 408477.3738420745 3401731.7927185036, 408477.3738420745 3401231.7927185036, 408977.3738420745 3401231.7927185036))"
987,71,21,408727.3738420745,3401981.7927185036,"POLYGON ((408977.3738420745 3401731.7927185036, 408977.3738420745 3402231.7927185036, 408477.3738420745 3402231.7927185036, 408477.3738420745 3401731.7927185036, 408977.3738420745 3401731.7927185036))"
988,72,21,408727.3738420745,3402481.7927185036,"POLYGON ((408977.3738420745 3402231.7927185036, 408977.3738420745 3402731.7927185036, 408477.3738420745 3402731.7927185036, 408477.3738420745 3402231.7927185036, 408977.3738420745 3402231.7927185036))"
989,73,21,408727.3738420745,3402981.7927185036,"POLYGON ((408977.3738420745 3402731.7927185036, 408977.3738420745 3403231.7927185036, 408477.3738420745 3403231.7927185036, 408477.3738420745 3402731.7927185036, 408977.3738420745 3402731.7927185036))"
990,2,22,409227.3738420745,3367481.7927185036,"POLYGON ((409477.3738420745 3367231.7927185036, 409477.3738420745 3367731.7927185036, 408977.3738420745 3367731.7927185036, 408977.3738420745 3367231.7927185036, 409477.3738420745 3367231.7927185036))"
991,3,22,409227.3738420745,3367981.7927185036,"POLYGON ((409477.3738420745 3367731.7927185036, 409477.3738420745 3368231.7927185036, 408977.3738420745 3368231.7927185036, 408977.3738420745 3367731.7927185036, 409477.3738420745 3367731.7927185036))"
992,4,22,409227.3738420745,3368481.7927185036,"POLYGON ((409477.3738420745 3368231.7927185036, 409477.3738420745 3368731.7927185036, 408977.3738420745 3368731.7927185036, 408977.3738420745 3368231.7927185036, 409477.3738420745 3368231.7927185036))"
993,5,22,409227.3738420745,3368981.7927185036,"POLYGON ((409477.3738420745 3368731.7927185036, 409477.3738420745 3369231.7927185036, 408977.3738420745 3369231.7927185036, 408977.3738420745 3368731.7927185036, 409477.3738420745 3368731.7927185036))"
994,6,22,409227.3738420745,3369481.7927185036,"POLYGON ((409477.3738420745 3369231.7927185036, 409477.3738420745 3369731.7927185036, 408977.3738420745 3369731.7927185036, 408977.3738420745 3369231.7927185036, 409477.3738420745 3369231.7927185036))"
995,7,22,409227.3738420745,3369981.7927185036,"POLYGON ((409477.3738420745 3369731.7927185036, 409477.3738420745 3370231.7927185036, 408977.3738420745 3370231.7927185036, 408977.3738420745 3369731.7927185036, 409477.3738420745 3369731.7927185036))"
996,8,22,409227.3738420745,3370481.7927185036,"POLYGON ((409477.3738420745 3370231.7927185036, 409477.3738420745 3370731.7927185036, 408977.3738420745 3370731.7927185036, 408977.3738420745 3370231.7927185036, 409477.3738420745 3370231.7927185036))"
997,9,22,409227.3738420745,3370981.7927185036,"POLYGON ((409477.3738420745 3370731.7927185036, 409477.3738420745 3371231.7927185036, 408977.3738420745 3371231.7927185036, 408977.3738420745 3370731.7927185036, 409477.3738420745 3370731.7927185036))"
998,10,22,409227.3738420745,3371481.7927185036,"POLYGON ((409477.3738420745 3371231.7927185036, 409477.3738420745 3371731.7927185036, 408977.3738420745 3371731.7927185036, 408977.3738420745 3371231.7927185036, 409477.3738420745 3371231.7927185036))"
999,11,22,409227.3738420745,3371981.7927185036,"POLYGON ((409477.3738420745 3371731.7927185036, 409477.3738420745 3372231.7927185036, 408977.3738420745 3372231.7927185036, 408977.3738420745 3371731.7927185036, 409477.3738420745 3371731.7927185036))"
1000,12,22,409227.3738420745,3372481.7927185036,"POLYGON ((409477.3738420745 3372231.7927185036, 409477.3738420745 3372731.7927185036, 408977.3738420745 3372731.7927185036, 408977.3738420745 3372231.7927185036, 409477.3738420745 3372231.7927185036))"
1001,13,22,409227.3738420745,3372981.7927185036,"POLYGON ((409477.3738420745 3372731.7927185036, 409477.3738420745 3373231.7927185036, 408977.3738420745 3373231.7927185036, 408977.3738420745 3372731.7927185036, 409477.3738420745 3372731.7927185036))"
1002,14,22,409227.3738420745,3373481.7927185036,"POLYGON ((409477.3738420745 3373231.7927185036, 409477.3738420745 3373731.7927185036, 408977.3738420745 3373731.7927185036, 408977.3738420745 3373231.7927185036, 409477.3738420745 3373231.7927185036))"
1003,15,22,409227.3738420745,3373981.7927185036,"POLYGON ((409477.3738420745 3373731.7927185036, 409477.3738420745 3374231.7927185036, 408977.3738420745 3374231.7927185036, 408977.3738420745 3373731.7927185036, 409477.3738420745 3373731.7927185036))"
1004,16,22,409227.3738420745,3374481.7927185036,"POLYGON ((409477.3738420745 3374231.7927185036, 409477.3738420745 3374731.7927185036, 408977.3738420745 3374731.7927185036, 408977.3738420745 3374231.7927185036, 409477.3738420745 3374231.7927185036))"
1005,17,22,409227.3738420745,3374981.7927185036,"POLYGON ((409477.3738420745 3374731.7927185036, 409477.3738420745 3375231.7927185036, 408977.3738420745 3375231.7927185036, 408977.3738420745 3374731.7927185036, 409477.3738420745 3374731.7927185036))"
1006,18,22,409227.3738420745,3375481.7927185036,"POLYGON ((409477.3738420745 3375231.7927185036, 409477.3738420745 3375731.7927185036, 408977.3738420745 3375731.7927185036, 408977.3738420745 3375231.7927185036, 409477.3738420745 3375231.7927185036))"
1007,19,22,409227.3738420745,3375981.7927185036,"POLYGON ((409477.3738420745 3375731.7927185036, 409477.3738420745 3376231.7927185036, 408977.3738420745 3376231.7927185036, 408977.3738420745 3375731.7927185036, 409477.3738420745 3375731.7927185036))"
1008,20,22,409227.3738420745,3376481.7927185036,"POLYGON ((409477.3738420745 3376231.7927185036, 409477.3738420745 3376731.7927185036, 408977.3738420745 3376731.7927185036, 408977.3738420745 3376231.7927185036, 409477.3738420745 3376231.7927185036))"
1009,21,22,409227.3738420745,3376981.7927185036,"POLYGON ((409477.3738420745 3376731.7927185036, 409477.3738420745 3377231.7927185036, 408977.3738420745 3377231.7927185036, 408977.3738420745 3376731.7927185036, 409477.3738420745 3376731.7927185036))"
1010,22,22,409227.3738420745,3377481.7927185036,"POLYGON ((409477.3738420745 3377231.7927185036, 409477.3738420745 3377731.7927185036, 408977.3738420745 3377731.7927185036, 408977.3738420745 3377231.7927185036, 409477.3738420745 3377231.7927185036))"
1011,23,22,409227.3738420745,3377981.7927185036,"POLYGON ((409477.3738420745 3377731.7927185036, 409477.3738420745 3378231.7927185036, 408977.3738420745 3378231.7927185036, 408977.3738420745 3377731.7927185036, 409477.3738420745 3377731.7927185036))"
1012,24,22,409227.3738420745,3378481.7927185036,"POLYGON ((409477.3738420745 3378231.7927185036, 409477.3738420745 3378731.7927185036, 408977.3738420745 3378731.7927185036, 408977.3738420745 3378231.7927185036, 409477.3738420745 3378231.7927185036))"
1013,25,22,409227.3738420745,3378981.7927185036,"POLYGON ((409477.3738420745 3378731.7927185036, 409477.3738420745 3379231.7927185036, 408977.3738420745 3379231.7927185036, 408977.3738420745 3378731.7927185036, 409477.3738420745 3378731.7927185036))"
1014,26,22,409227.3738420745,3379481.7927185036,"POLYGON ((409477.3738420745 3379231.7927185036, 409477.3738420745 3379731.7927185036, 408977.3738420745 3379731.7927185036, 408977.3738420745 3379231.7927185036, 409477.3738420745 3379231.7927185036))"
1015,27,22,409227.3738420745,3379981.7927185036,"POLYGON ((409477.3738420745 3379731.7927185036, 409477.3738420745 3380231.7927185036, 408977.3738420745 3380231.7927185036, 408977.3738420745 3379731.7927185036, 409477.3738420745 3379731.7927185036))"
1016,28,22,409227.3738420745,3380481.7927185036,"POLYGON ((409477.3738420745 3380231.7927185036, 409477.3738420745 3380731.7927185036, 408977.3738420745 3380731.7927185036, 408977.3738420745 3380231.7927185036, 409477.3738420745 3380231.7927185036))"
1017,29,22,409227.3738420745,3380981.7927185036,"POLYGON ((409477.3738420745 3380731.7927185036, 409477.3738420745 3381231.7927185036, 408977.3738420745 3381231.7927185036, 408977.3738420745 3380731.7927185036, 409477.3738420745 3380731.7927185036))"
1018,30,22,409227.3738420745,3381481.7927185036,"POLYGON ((409477.3738420745 3381231.7927185036, 409477.3738420745 3381731.7927185036, 408977.3738420745 3381731.7927185036, 408977.3738420745 3381231.7927185036, 409477.3738420745 3381231.7927185036))"
1019,31,22,409227.3738420745,3381981.7927185036,"POLYGON ((409477.3738420745 3381731.7927185036, 409477.3738420745 3382231.7927185036, 408977.3738420745 3382231.7927185036, 408977.3738420745 3381731.7927185036, 409477.3738420745 3381731.7927185036))"
1020,32,22,409227.3738420745,3382481.7927185036,"POLYGON ((409477.3738420745 3382231.7927185036, 409477.3738420745 3382731.7927185036, 408977.3738420745 3382731.7927185036, 408977.3738420745 3382231.7927185036, 409477.3738420745 3382231.7927185036))"
1021,33,22,409227.3738420745,3382981.7927185036,"POLYGON ((409477.3738420745 3382731.7927185036, 409477.3738420745 3383231.7927185036, 408977.3738420745 3383231.7927185036, 408977.3738420745 3382731.7927185036, 409477.3738420745 3382731.7927185036))"
1022,34,22,409227.3738420745,3383481.7927185036,"POLYGON ((409477.3738420745 3383231.7927185036, 409477.3738420745 3383731.7927185036, 408977.3738420745 3383731.7927185036, 408977.3738420745 3383231.7927185036, 409477.3738420745 3383231.7927185036))"
1023,35,22,409227.3738420745,3383981.7927185036,"POLYGON ((409477.3738420745 3383731.7927185036, 409477.3738420745 3384231.7927185036, 408977.3738420745 3384231.7927185036, 408977.3738420745 3383731.7927185036, 409477.3738420745 3383731.7927185036))"
1024,36,22,409227.3738420745,3384481.7927185036,"POLYGON ((409477.3738420745 3384231.7927185036, 409477.3738420745 3384731.7927185036, 408977.3738420745 3384731.7927185036, 408977.3738420745 3384231.7927185036, 409477.3738420745 3384231.7927185036))"
1025,37,22,409227.3738420745,3384981.7927185036,"POLYGON ((409477.3738420745 3384731.7927185036, 409477.3738420745 3385231.7927185036, 408977.3738420745 3385231.7927185036, 408977.3738420745 3384731.7927185036, 409477.3738420745 3384731.7927185036))"
1026,38,22,409227.3738420745,3385481.7927185036,"POLYGON ((409477.3738420745 3385231.7927185036, 409477.3738420745 3385731.7927185036, 408977.3738420745 3385731.7927185036, 408977.3738420745 3385231.7927185036, 409477.3738420745 3385231.7927185036))"
1027,39,22,409227.3738420745,3385981.7927185036,"POLYGON ((409477.3738420745 3385731.7927185036, 409477.3738420745 3386231.7927185036, 408977.3738420745 3386231.7927185036, 408977.3738420745 3385731.7927185036, 409477.3738420745 3385731.7927185036))"
1028,40,22,409227.3738420745,3386481.7927185036,"POLYGON ((409477.3738420745 3386231.7927185036, 409477.3738420745 3386731.7927185036, 408977.3738420745 3386731.7927185036, 408977.3738420745 3386231.7927185036, 409477.3738420745 3386231.7927185036))"
1029,41,22,409227.3738420745,3386981.7927185036,"POLYGON ((409477.3738420745 3386731.7927185036, 409477.3738420745 3387231.7927185036, 408977.3738420745 3387231.7927185036, 408977.3738420745 3386731.7927185036, 409477.3738420745 3386731.7927185036))"
1030,42,22,409227.3738420745,3387481.7927185036,"POLYGON ((409477.3738420745 3387231.7927185036, 409477.3738420745 3387731.7927185036, 408977.3738420745 3387731.7927185036, 408977.3738420745 3387231.7927185036, 409477.3738420745 3387231.7927185036))"
1031,43,22,409227.3738420745,3387981.7927185036,"POLYGON ((409477.3738420745 3387731.7927185036, 409477.3738420745 3388231.7927185036, 408977.3738420745 3388231.7927185036, 408977.3738420745 3387731.7927185036, 409477.3738420745 3387731.7927185036))"
1032,44,22,409227.3738420745,3388481.7927185036,"POLYGON ((409477.3738420745 3388231.7927185036, 409477.3738420745 3388731.7927185036, 408977.3738420745 3388731.7927185036, 408977.3738420745 3388231.7927185036, 409477.3738420745 3388231.7927185036))"
1033,45,22,409227.3738420745,3388981.7927185036,"POLYGON ((409477.3738420745 3388731.7927185036, 409477.3738420745 3389231.7927185036, 408977.3738420745 3389231.7927185036, 408977.3738420745 3388731.7927185036, 409477.3738420745 3388731.7927185036))"
1034,46,22,409227.3738420745,3389481.7927185036,"POLYGON ((409477.3738420745 3389231.7927185036, 409477.3738420745 3389731.7927185036, 408977.3738420745 3389731.7927185036, 408977.3738420745 3389231.7927185036, 409477.3738420745 3389231.7927185036))"
1035,47,22,409227.3738420745,3389981.7927185036,"POLYGON ((409477.3738420745 3389731.7927185036, 409477.3738420745 3390231.7927185036, 408977.3738420745 3390231.7927185036, 408977.3738420745 3389731.7927185036, 409477.3738420745 3389731.7927185036))"
1036,48,22,409227.3738420745,3390481.7927185036,"POLYGON ((409477.3738420745 3390231.7927185036, 409477.3738420745 3390731.7927185036, 408977.3738420745 3390731.7927185036, 408977.3738420745 3390231.7927185036, 409477.3738420745 3390231.7927185036))"
1037,49,22,409227.3738420745,3390981.7927185036,"POLYGON ((409477.3738420745 3390731.7927185036, 409477.3738420745 3391231.7927185036, 408977.3738420745 3391231.7927185036, 408977.3738420745 3390731.7927185036, 409477.3738420745 3390731.7927185036))"
1038,50,22,409227.3738420745,3391481.7927185036,"POLYGON ((409477.3738420745 3391231.7927185036, 409477.3738420745 3391731.7927185036, 408977.3738420745 3391731.7927185036, 408977.3738420745 3391231.7927185036, 409477.3738420745 3391231.7927185036))"
1039,51,22,409227.3738420745,3391981.7927185036,"POLYGON ((409477.3738420745 3391731.7927185036, 409477.3738420745 3392231.7927185036, 408977.3738420745 3392231.7927185036, 408977.3738420745 3391731.7927185036, 409477.3738420745 3391731.7927185036))"
1040,52,22,409227.3738420745,3392481.7927185036,"POLYGON ((409477.3738420745 3392231.7927185036, 409477.3738420745 3392731.7927185036, 408977.3738420745 3392731.7927185036, 408977.3738420745 3392231.7927185036, 409477.3738420745 3392231.7927185036))"
1041,53,22,409227.3738420745,3392981.7927185036,"POLYGON ((409477.3738420745 3392731.7927185036, 409477.3738420745 3393231.7927185036, 408977.3738420745 3393231.7927185036, 408977.3738420745 3392731.7927185036, 409477.3738420745 3392731.7927185036))"
1042,54,22,409227.3738420745,3393481.7927185036,"POLYGON ((409477.3738420745 3393231.7927185036, 409477.3738420745 3393731.7927185036, 408977.3738420745 3393731.7927185036, 408977.3738420745 3393231.7927185036, 409477.3738420745 3393231.7927185036))"
1043,55,22,409227.3738420745,3393981.7927185036,"POLYGON ((409477.3738420745 3393731.7927185036, 409477.3738420745 3394231.7927185036, 408977.3738420745 3394231.7927185036, 408977.3738420745 3393731.7927185036, 409477.3738420745 3393731.7927185036))"
1044,56,22,409227.3738420745,3394481.7927185036,"POLYGON ((409477.3738420745 3394231.7927185036, 409477.3738420745 3394731.7927185036, 408977.3738420745 3394731.7927185036, 408977.3738420745 3394231.7927185036, 409477.3738420745 3394231.7927185036))"
1045,57,22,409227.3738420745,3394981.7927185036,"POLYGON ((409477.3738420745 3394731.7927185036, 409477.3738420745 3395231.7927185036, 408977.3738420745 3395231.7927185036, 408977.3738420745 3394731.7927185036, 409477.3738420745 3394731.7927185036))"
1046,58,22,409227.3738420745,3395481.7927185036,"POLYGON ((409477.3738420745 3395231.7927185036, 409477.3738420745 3395731.7927185036, 408977.3738420745 3395731.7927185036, 408977.3738420745 3395231.7927185036, 409477.3738420745 3395231.7927185036))"
1047,59,22,409227.3738420745,3395981.7927185036,"POLYGON ((409477.3738420745 3395731.7927185036, 409477.3738420745 3396231.7927185036, 408977.3738420745 3396231.7927185036, 408977.3738420745 3395731.7927185036, 409477.3738420745 3395731.7927185036))"
1048,60,22,409227.3738420745,3396481.7927185036,"POLYGON ((409477.3738420745 3396231.7927185036, 409477.3738420745 3396731.7927185036, 408977.3738420745 3396731.7927185036, 408977.3738420745 3396231.7927185036, 409477.3738420745 3396231.7927185036))"
1049,61,22,409227.3738420745,3396981.7927185036,"POLYGON ((409477.3738420745 3396731.7927185036, 409477.3738420745 3397231.7927185036, 408977.3738420745 3397231.7927185036, 408977.3738420745 3396731.7927185036, 409477.3738420745 3396731.7927185036))"
1050,62,22,409227.3738420745,3397481.7927185036,"POLYGON ((409477.3738420745 3397231.7927185036, 409477.3738420745 3397731.7927185036, 408977.3738420745 3397731.7927185036, 408977.3738420745 3397231.7927185036, 409477.3738420745 3397231.7927185036))"
1051,63,22,409227.3738420745,3397981.7927185036,"POLYGON ((409477.3738420745 3397731.7927185036, 409477.3738420745 3398231.7927185036, 408977.3738420745 3398231.7927185036, 408977.3738420745 3397731.7927185036, 409477.3738420745 3397731.7927185036))"
1052,64,22,409227.3738420745,3398481.7927185036,"POLYGON ((409477.3738420745 3398231.7927185036, 409477.3738420745 3398731.7927185036, 408977.3738420745 3398731.7927185036, 408977.3738420745 3398231.7927185036, 409477.3738420745 3398231.7927185036))"
1053,65,22,409227.3738420745,3398981.7927185036,"POLYGON ((409477.3738420745 3398731.7927185036, 409477.3738420745 3399231.7927185036, 408977.3738420745 3399231.7927185036, 408977.3738420745 3398731.7927185036, 409477.3738420745 3398731.7927185036))"
1054,66,22,409227.3738420745,3399481.7927185036,"POLYGON ((409477.3738420745 3399231.7927185036, 409477.3738420745 3399731.7927185036, 408977.3738420745 3399731.7927185036, 408977.3738420745 3399231.7927185036, 409477.3738420745 3399231.7927185036))"
1055,67,22,409227.3738420745,3399981.7927185036,"POLYGON ((409477.3738420745 3399731.7927185036, 409477.3738420745 3400231.7927185036, 408977.3738420745 3400231.7927185036, 408977.3738420745 3399731.7927185036, 409477.3738420745 3399731.7927185036))"
1056,68,22,409227.3738420745,3400481.7927185036,"POLYGON ((409477.3738420745 3400231.7927185036, 409477.3738420745 3400731.7927185036, 408977.3738420745 3400731.7927185036, 408977.3738420745 3400231.7927185036, 409477.3738420745 3400231.7927185036))"
1057,69,22,409227.3738420745,3400981.7927185036,"POLYGON ((409477.3738420745 3400731.7927185036, 409477.3738420745 3401231.7927185036, 408977.3738420745 3401231.7927185036, 408977.3738420745 3400731.7927185036, 409477.3738420745 3400731.7927185036))"
1058,70,22,409227.3738420745,3401481.7927185036,"POLYGON ((409477.3738420745 3401231.7927185036, 409477.3738420745 3401731.7927185036, 408977.3738420745 3401731.7927185036, 408977.3738420745 3401231.7927185036, 409477.3738420745 3401231.7927185036))"
1059,71,22,409227.3738420745,3401981.7927185036,"POLYGON ((409477.3738420745 3401731.7927185036, 409477.3738420745 3402231.7927185036, 408977.3738420745 3402231.7927185036, 408977.3738420745 3401731.7927185036, 409477.3738420745 3401731.7927185036))"
1060,72,22,409227.3738420745,3402481.7927185036,"POLYGON ((409477.3738420745 3402231.7927185036, 409477.3738420745 3402731.7927185036, 408977.3738420745 3402731.7927185036, 408977.3738420745 3402231.7927185036, 409477.3738420745 3402231.7927185036))"
1061,73,22,409227.3738420745,3402981.7927185036,"POLYGON ((409477.3738420745 3402731.7927185036, 409477.3738420745 3403231.7927185036, 408977.3738420745 3403231.7927185036, 408977.3738420745 3402731.7927185036, 409477.3738420745 3402731.7927185036))"
1062,2,23,409727.3738420745,3367481.7927185036,"POLYGON ((409977.3738420745 3367231.7927185036, 409977.3738420745 3367731.7927185036, 409477.3738420745 3367731.7927185036, 409477.3738420745 3367231.7927185036, 409977.3738420745 3367231.7927185036))"
1063,3,23,409727.3738420745,3367981.7927185036,"POLYGON ((409977.3738420745 3367731.7927185036, 409977.3738420745 3368231.7927185036, 409477.3738420745 3368231.7927185036, 409477.3738420745 3367731.7927185036, 409977.3738420745 3367731.7927185036))"
1064,4,23,409727.3738420745,3368481.7927185036,"POLYGON ((409977.3738420745 3368231.7927185036, 409977.3738420745 3368731.7927185036, 409477.3738420745 3368731.7927185036, 409477.3738420745 3368231.7927185036, 409977.3738420745 3368231.7927185036))"
1065,5,23,409727.3738420745,3368981.7927185036,"POLYGON ((409977.3738420745 3368731.7927185036, 409977.3738420745 3369231.7927185036, 409477.3738420745 3369231.7927185036, 409477.3738420745 3368731.7927185036, 409977.3738420745 3368731.7927185036))"
1066,6,23,409727.3738420745,3369481.7927185036,"POLYGON ((409977.3738420745 3369231.7927185036, 409977.3738420745 3369731.7927185036, 409477.3738420745 3369731.7927185036, 409477.3738420745 3369231.7927185036, 409977.3738420745 3369231.7927185036))"
1067,7,23,409727.3738420745,3369981.7927185036,"POLYGON ((409977.3738420745 3369731.7927185036, 409977.3738420745 3370231.7927185036, 409477.3738420745 3370231.7927185036, 409477.3738420745 3369731.7927185036, 409977.3738420745 3369731.7927185036))"
1068,8,23,409727.3738420745,3370481.7927185036,"POLYGON ((409977.3738420745 3370231.7927185036, 409977.3738420745 3370731.7927185036, 409477.3738420745 3370731.7927185036, 409477.3738420745 3370231.7927185036, 409977.3738420745 3370231.7927185036))"
1069,9,23,409727.3738420745,3370981.7927185036,"POLYGON ((409977.3738420745 3370731.7927185036, 409977.3738420745 3371231.7927185036, 409477.3738420745 3371231.7927185036, 409477.3738420745 3370731.7927185036, 409977.3738420745 3370731.7927185036))"
1070,10,23,409727.3738420745,3371481.7927185036,"POLYGON ((409977.3738420745 3371231.7927185036, 409977.3738420745 3371731.7927185036, 409477.3738420745 3371731.7927185036, 409477.3738420745 3371231.7927185036, 409977.3738420745 3371231.7927185036))"
1071,11,23,409727.3738420745,3371981.7927185036,"POLYGON ((409977.3738420745 3371731.7927185036, 409977.3738420745 3372231.7927185036, 409477.3738420745 3372231.7927185036, 409477.3738420745 3371731.7927185036, 409977.3738420745 3371731.7927185036))"
1072,12,23,409727.3738420745,3372481.7927185036,"POLYGON ((409977.3738420745 3372231.7927185036, 409977.3738420745 3372731.7927185036, 409477.3738420745 3372731.7927185036, 409477.3738420745 3372231.7927185036, 409977.3738420745 3372231.7927185036))"
1073,13,23,409727.3738420745,3372981.7927185036,"POLYGON ((409977.3738420745 3372731.7927185036, 409977.3738420745 3373231.7927185036, 409477.3738420745 3373231.7927185036, 409477.3738420745 3372731.7927185036, 409977.3738420745 3372731.7927185036))"
1074,14,23,409727.3738420745,3373481.7927185036,"POLYGON ((409977.3738420745 3373231.7927185036, 409977.3738420745 3373731.7927185036, 409477.3738420745 3373731.7927185036, 409477.3738420745 3373231.7927185036, 409977.3738420745 3373231.7927185036))"
1075,15,23,409727.3738420745,3373981.7927185036,"POLYGON ((409977.3738420745 3373731.7927185036, 409977.3738420745 3374231.7927185036, 409477.3738420745 3374231.7927185036, 409477.3738420745 3373731.7927185036, 409977.3738420745 3373731.7927185036))"
1076,16,23,409727.3738420745,3374481.7927185036,"POLYGON ((409977.3738420745 3374231.7927185036, 409977.3738420745 3374731.7927185036, 409477.3738420745 3374731.7927185036, 409477.3738420745 3374231.7927185036, 409977.3738420745 3374231.7927185036))"
1077,17,23,409727.3738420745,3374981.7927185036,"POLYGON ((409977.3738420745 3374731.7927185036, 409977.3738420745 3375231.7927185036, 409477.3738420745 3375231.7927185036, 409477.3738420745 3374731.7927185036, 409977.3738420745 3374731.7927185036))"
1078,18,23,409727.3738420745,3375481.7927185036,"POLYGON ((409977.3738420745 3375231.7927185036, 409977.3738420745 3375731.7927185036, 409477.3738420745 3375731.7927185036, 409477.3738420745 3375231.7927185036, 409977.3738420745 3375231.7927185036))"
1079,19,23,409727.3738420745,3375981.7927185036,"POLYGON ((409977.3738420745 3375731.7927185036, 409977.3738420745 3376231.7927185036, 409477.3738420745 3376231.7927185036, 409477.3738420745 3375731.7927185036, 409977.3738420745 3375731.7927185036))"
1080,20,23,409727.3738420745,3376481.7927185036,"POLYGON ((409977.3738420745 3376231.7927185036, 409977.3738420745 3376731.7927185036, 409477.3738420745 3376731.7927185036, 409477.3738420745 3376231.7927185036, 409977.3738420745 3376231.7927185036))"
1081,21,23,409727.3738420745,3376981.7927185036,"POLYGON ((409977.3738420745 3376731.7927185036, 409977.3738420745 3377231.7927185036, 409477.3738420745 3377231.7927185036, 409477.3738420745 3376731.7927185036, 409977.3738420745 3376731.7927185036))"
1082,22,23,409727.3738420745,3377481.7927185036,"POLYGON ((409977.3738420745 3377231.7927185036, 409977.3738420745 3377731.7927185036, 409477.3738420745 3377731.7927185036, 409477.3738420745 3377231.7927185036, 409977.3738420745 3377231.7927185036))"
1083,23,23,409727.3738420745,3377981.7927185036,"POLYGON ((409977.3738420745 3377731.7927185036, 409977.3738420745 3378231.7927185036, 409477.3738420745 3378231.7927185036, 409477.3738420745 3377731.7927185036, 409977.3738420745 3377731.7927185036))"
1084,24,23,409727.3738420745,3378481.7927185036,"POLYGON ((409977.3738420745 3378231.7927185036, 409977.3738420745 3378731.7927185036, 409477.3738420745 3378731.7927185036, 409477.3738420745 3378231.7927185036, 409977.3738420745 3378231.7927185036))"
1085,25,23,409727.3738420745,3378981.7927185036,"POLYGON ((409977.3738420745 3378731.7927185036, 409977.3738420745 3379231.7927185036, 409477.3738420745 3379231.7927185036, 409477.3738420745 3378731.7927185036, 409977.3738420745 3378731.7927185036))"
1086,26,23,409727.3738420745,3379481.7927185036,"POLYGON ((409977.3738420745 3379231.7927185036, 409977.3738420745 3379731.7927185036, 409477.3738420745 3379731.7927185036, 409477.3738420745 3379231.7927185036, 409977.3738420745 3379231.7927185036))"
1087,27,23,409727.3738420745,3379981.7927185036,"POLYGON ((409977.3738420745 3379731.7927185036, 409977.3738420745 3380231.7927185036, 409477.3738420745 3380231.7927185036, 409477.3738420745 3379731.7927185036, 409977.3738420745 3379731.7927185036))"
1088,28,23,409727.3738420745,3380481.7927185036,"POLYGON ((409977.3738420745 3380231.7927185036, 409977.3738420745 3380731.7927185036, 409477.3738420745 3380731.7927185036, 409477.3738420745 3380231.7927185036, 409977.3738420745 3380231.7927185036))"
1089,29,23,409727.3738420745,3380981.7927185036,"POLYGON ((409977.3738420745 3380731.7927185036, 409977.3738420745 3381231.7927185036, 409477.3738420745 3381231.7927185036, 409477.3738420745 3380731.7927185036, 409977.3738420745 3380731.7927185036))"
1090,30,23,409727.3738420745,3381481.7927185036,"POLYGON ((409977.3738420745 3381231.7927185036, 409977.3738420745 3381731.7927185036, 409477.3738420745 3381731.7927185036, 409477.3738420745 3381231.7927185036, 409977.3738420745 3381231.7927185036))"
1091,31,23,409727.3738420745,3381981.7927185036,"POLYGON ((409977.3738420745 3381731.7927185036, 409977.3738420745 3382231.7927185036, 409477.3738420745 3382231.7927185036, 409477.3738420745 3381731.7927185036, 409977.3738420745 3381731.7927185036))"
1092,32,23,409727.3738420745,3382481.7927185036,"POLYGON ((409977.3738420745 3382231.7927185036, 409977.3738420745 3382731.7927185036, 409477.3738420745 3382731.7927185036, 409477.3738420745 3382231.7927185036, 409977.3738420745 3382231.7927185036))"
1093,33,23,409727.3738420745,3382981.7927185036,"POLYGON ((409977.3738420745 3382731.7927185036, 409977.3738420745 3383231.7927185036, 409477.3738420745 3383231.7927185036, 409477.3738420745 3382731.7927185036, 409977.3738420745 3382731.7927185036))"
1094,34,23,409727.3738420745,3383481.7927185036,"POLYGON ((409977.3738420745 3383231.7927185036, 409977.3738420745 3383731.7927185036, 409477.3738420745 3383731.7927185036, 409477.3738420745 3383231.7927185036, 409977.3738420745 3383231.7927185036))"
1095,35,23,409727.3738420745,3383981.7927185036,"POLYGON ((409977.3738420745 3383731.7927185036, 409977.3738420745 3384231.7927185036, 409477.3738420745 3384231.7927185036, 409477.3738420745 3383731.7927185036, 409977.3738420745 3383731.7927185036))"
1096,36,23,409727.3738420745,3384481.7927185036,"POLYGON ((409977.3738420745 3384231.7927185036, 409977.3738420745 3384731.7927185036, 409477.3738420745 3384731.7927185036, 409477.3738420745 3384231.7927185036, 409977.3738420745 3384231.7927185036))"
1097,37,23,409727.3738420745,3384981.7927185036,"POLYGON ((409977.3738420745 3384731.7927185036, 409977.3738420745 3385231.7927185036, 409477.3738420745 3385231.7927185036, 409477.3738420745 3384731.7927185036, 409977.3738420745 3384731.7927185036))"
1098,38,23,409727.3738420745,3385481.7927185036,"POLYGON ((409977.3738420745 3385231.7927185036, 409977.3738420745 3385731.7927185036, 409477.3738420745 3385731.7927185036, 409477.3738420745 3385231.7927185036, 409977.3738420745 3385231.7927185036))"
1099,39,23,409727.3738420745,3385981.7927185036,"POLYGON ((409977.3738420745 3385731.7927185036, 409977.3738420745 3386231.7927185036, 409477.3738420745 3386231.7927185036, 409477.3738420745 3385731.7927185036, 409977.3738420745 3385731.7927185036))"
1100,40,23,409727.3738420745,3386481.7927185036,"POLYGON ((409977.3738420745 3386231.7927185036, 409977.3738420745 3386731.7927185036, 409477.3738420745 3386731.7927185036, 409477.3738420745 3386231.7927185036, 409977.3738420745 3386231.7927185036))"
1101,41,23,409727.3738420745,3386981.7927185036,"POLYGON ((409977.3738420745 3386731.7927185036, 409977.3738420745 3387231.7927185036, 409477.3738420745 3387231.7927185036, 409477.3738420745 3386731.7927185036, 409977.3738420745 3386731.7927185036))"
1102,42,23,409727.3738420745,3387481.7927185036,"POLYGON ((409977.3738420745 3387231.7927185036, 409977.3738420745 3387731.7927185036, 409477.3738420745 3387731.7927185036, 409477.3738420745 3387231.7927185036, 409977.3738420745 3387231.7927185036))"
1103,43,23,409727.3738420745,3387981.7927185036,"POLYGON ((409977.3738420745 3387731.7927185036, 409977.3738420745 3388231.7927185036, 409477.3738420745 3388231.7927185036, 409477.3738420745 3387731.7927185036, 409977.3738420745 3387731.7927185036))"
1104,44,23,409727.3738420745,3388481.7927185036,"POLYGON ((409977.3738420745 3388231.7927185036, 409977.3738420745 3388731.7927185036, 409477.3738420745 3388731.7927185036, 409477.3738420745 3388231.7927185036, 409977.3738420745 3388231.7927185036))"
1105,45,23,409727.3738420745,3388981.7927185036,"POLYGON ((409977.3738420745 3388731.7927185036, 409977.3738420745 3389231.7927185036, 409477.3738420745 3389231.7927185036, 409477.3738420745 3388731.7927185036, 409977.3738420745 3388731.7927185036))"
1106,46,23,409727.3738420745,3389481.7927185036,"POLYGON ((409977.3738420745 3389231.7927185036, 409977.3738420745 3389731.7927185036, 409477.3738420745 3389731.7927185036, 409477.3738420745 3389231.7927185036, 409977.3738420745 3389231.7927185036))"
1107,47,23,409727.3738420745,3389981.7927185036,"POLYGON ((409977.3738420745 3389731.7927185036, 409977.3738420745 3390231.7927185036, 409477.3738420745 3390231.7927185036, 409477.3738420745 3389731.7927185036, 409977.3738420745 3389731.7927185036))"
1108,48,23,409727.3738420745,3390481.7927185036,"POLYGON ((409977.3738420745 3390231.7927185036, 409977.3738420745 3390731.7927185036, 409477.3738420745 3390731.7927185036, 409477.3738420745 3390231.7927185036, 409977.3738420745 3390231.7927185036))"
1109,49,23,409727.3738420745,3390981.7927185036,"POLYGON ((409977.3738420745 3390731.7927185036, 409977.3738420745 3391231.7927185036, 409477.3738420745 3391231.7927185036, 409477.3738420745 3390731.7927185036, 409977.3738420745 3390731.7927185036))"
1110,50,23,409727.3738420745,3391481.7927185036,"POLYGON ((409977.3738420745 3391231.7927185036, 409977.3738420745 3391731.7927185036, 409477.3738420745 3391731.7927185036, 409477.3738420745 3391231.7927185036, 409977.3738420745 3391231.7927185036))"
1111,51,23,409727.3738420745,3391981.7927185036,"POLYGON ((409977.3738420745 3391731.7927185036, 409977.3738420745 3392231.7927185036, 409477.3738420745 3392231.7927185036, 409477.3738420745 3391731.7927185036, 409977.3738420745 3391731.7927185036))"
1112,52,23,409727.3738420745,3392481.7927185036,"POLYGON ((409977.3738420745 3392231.7927185036, 409977.3738420745 3392731.7927185036, 409477.3738420745 3392731.7927185036, 409477.3738420745 3392231.7927185036, 409977.3738420745 3392231.7927185036))"
1113,53,23,409727.3738420745,3392981.7927185036,"POLYGON ((409977.3738420745 3392731.7927185036, 409977.3738420745 3393231.7927185036, 409477.3738420745 3393231.7927185036, 409477.3738420745 3392731.7927185036, 409977.3738420745 3392731.7927185036))"
1114,54,23,409727.3738420745,3393481.7927185036,"POLYGON ((409977.3738420745 3393231.7927185036, 409977.3738420745 3393731.7927185036, 409477.3738420745 3393731.7927185036, 409477.3738420745 3393231.7927185036, 409977.3738420745 3393231.7927185036))"
1115,55,23,409727.3738420745,3393981.7927185036,"POLYGON ((409977.3738420745 3393731.7927185036, 409977.3738420745 3394231.7927185036, 409477.3738420745 3394231.7927185036, 409477.3738420745 3393731.7927185036, 409977.3738420745 3393731.7927185036))"
1116,56,23,409727.3738420745,3394481.7927185036,"POLYGON ((409977.3738420745 3394231.7927185036, 409977.3738420745 3394731.7927185036, 409477.3738420745 3394731.7927185036, 409477.3738420745 3394231.7927185036, 409977.3738420745 3394231.7927185036))"
1117,57,23,409727.3738420745,3394981.7927185036,"POLYGON ((409977.3738420745 3394731.7927185036, 409977.3738420745 3395231.7927185036, 409477.3738420745 3395231.7927185036, 409477.3738420745 3394731.7927185036, 409977.3738420745 3394731.7927185036))"
1118,58,23,409727.3738420745,3395481.7927185036,"POLYGON ((409977.3738420745 3395231.7927185036, 409977.3738420745 3395731.7927185036, 409477.3738420745 3395731.7927185036, 409477.3738420745 3395231.7927185036, 409977.3738420745 3395231.7927185036))"
1119,59,23,409727.3738420745,3395981.7927185036,"POLYGON ((409977.3738420745 3395731.7927185036, 409977.3738420745 3396231.7927185036, 409477.3738420745 3396231.7927185036, 409477.3738420745 3395731.7927185036, 409977.3738420745 3395731.7927185036))"
1120,60,23,409727.3738420745,3396481.7927185036,"POLYGON ((409977.3738420745 3396231.7927185036, 409977.3738420745 3396731.7927185036, 409477.3738420745 3396731.7927185036, 409477.3738420745 3396231.7927185036, 409977.3738420745 3396231.7927185036))"
1121,61,23,409727.3738420745,3396981.7927185036,"POLYGON ((409977.3738420745 3396731.7927185036, 409977.3738420745 3397231.7927185036, 409477.3738420745 3397231.7927185036, 409477.3738420745 3396731.7927185036, 409977.3738420745 3396731.7927185036))"
1122,62,23,409727.3738420745,3397481.7927185036,"POLYGON ((409977.3738420745 3397231.7927185036, 409977.3738420745 3397731.7927185036, 409477.3738420745 3397731.7927185036, 409477.3738420745 3397231.7927185036, 409977.3738420745 3397231.7927185036))"
1123,63,23,409727.3738420745,3397981.7927185036,"POLYGON ((409977.3738420745 3397731.7927185036, 409977.3738420745 3398231.7927185036, 409477.3738420745 3398231.7927185036, 409477.3738420745 3397731.7927185036, 409977.3738420745 3397731.7927185036))"
1124,64,23,409727.3738420745,3398481.7927185036,"POLYGON ((409977.3738420745 3398231.7927185036, 409977.3738420745 3398731.7927185036, 409477.3738420745 3398731.7927185036, 409477.3738420745 3398231.7927185036, 409977.3738420745 3398231.7927185036))"
1125,65,23,409727.3738420745,3398981.7927185036,"POLYGON ((409977.3738420745 3398731.7927185036, 409977.3738420745 3399231.7927185036, 409477.3738420745 3399231.7927185036, 409477.3738420745 3398731.7927185036, 409977.3738420745 3398731.7927185036))"
1126,66,23,409727.3738420745,3399481.7927185036,"POLYGON ((409977.3738420745 3399231.7927185036, 409977.3738420745 3399731.7927185036, 409477.3738420745 3399731.7927185036, 409477.3738420745 3399231.7927185036, 409977.3738420745 3399231.7927185036))"
1127,67,23,409727.3738420745,3399981.7927185036,"POLYGON ((409977.3738420745 3399731.7927185036, 409977.3738420745 3400231.7927185036, 409477.3738420745 3400231.7927185036, 409477.3738420745 3399731.7927185036, 409977.3738420745 3399731.7927185036))"
1128,68,23,409727.3738420745,3400481.7927185036,"POLYGON ((409977.3738420745 3400231.7927185036, 409977.3738420745 3400731.7927185036, 409477.3738420745 3400731.7927185036, 409477.3738420745 3400231.7927185036, 409977.3738420745 3400231.7927185036))"
1129,69,23,409727.3738420745,3400981.7927185036,"POLYGON ((409977.3738420745 3400731.7927185036, 409977.3738420745 3401231.7927185036, 409477.3738420745 3401231.7927185036, 409477.3738420745 3400731.7927185036, 409977.3738420745 3400731.7927185036))"
1130,70,23,409727.3738420745,3401481.7927185036,"POLYGON ((409977.3738420745 3401231.7927185036, 409977.3738420745 3401731.7927185036, 409477.3738420745 3401731.7927185036, 409477.3738420745 3401231.7927185036, 409977.3738420745 3401231.7927185036))"
1131,71,23,409727.3738420745,3401981.7927185036,"POLYGON ((409977.3738420745 3401731.7927185036, 409977.3738420745 3402231.7927185036, 409477.3738420745 3402231.7927185036, 409477.3738420745 3401731.7927185036, 409977.3738420745 3401731.7927185036))"
1132,72,23,409727.3738420745,3402481.7927185036,"POLYGON ((409977.3738420745 3402231.7927185036, 409977.3738420745 3402731.7927185036, 409477.3738420745 3402731.7927185036, 409477.3738420745 3402231.7927185036, 409977.3738420745 3402231.7927185036))"
1133,73,23,409727.3738420745,3402981.7927185036,"POLYGON ((409977.3738420745 3402731.7927185036, 409977.3738420745 3403231.7927185036, 409477.3738420745 3403231.7927185036, 409477.3738420745 3402731.7927185036, 409977.3738420745 3402731.7927185036))"
1134,1,24,410227.3738420745,3366981.7927185036,"POLYGON ((410477.3738420745 3366731.7927185036, 410477.3738420745 3367231.7927185036, 409977.3738420745 3367231.7927185036, 409977.3738420745 3366731.7927185036, 410477.3738420745 3366731.7927185036))"
1135,2,24,410227.3738420745,3367481.7927185036,"POLYGON ((410477.3738420745 3367231.7927185036, 410477.3738420745 3367731.7927185036, 409977.3738420745 3367731.7927185036, 409977.3738420745 3367231.7927185036, 410477.3738420745 3367231.7927185036))"
1136,3,24,410227.3738420745,3367981.7927185036,"POLYGON ((410477.3738420745 3367731.7927185036, 410477.3738420745 3368231.7927185036, 409977.3738420745 3368231.7927185036, 409977.3738420745 3367731.7927185036, 410477.3738420745 3367731.7927185036))"
1137,4,24,410227.3738420745,3368481.7927185036,"POLYGON ((410477.3738420745 3368231.7927185036, 410477.3738420745 3368731.7927185036, 409977.3738420745 3368731.7927185036, 409977.3738420745 3368231.7927185036, 410477.3738420745 3368231.7927185036))"
1138,5,24,410227.3738420745,3368981.7927185036,"POLYGON ((410477.3738420745 3368731.7927185036, 410477.3738420745 3369231.7927185036, 409977.3738420745 3369231.7927185036, 409977.3738420745 3368731.7927185036, 410477.3738420745 3368731.7927185036))"
1139,6,24,410227.3738420745,3369481.7927185036,"POLYGON ((410477.3738420745 3369231.7927185036, 410477.3738420745 3369731.7927185036, 409977.3738420745 3369731.7927185036, 409977.3738420745 3369231.7927185036, 410477.3738420745 3369231.7927185036))"
1140,7,24,410227.3738420745,3369981.7927185036,"POLYGON ((410477.3738420745 3369731.7927185036, 410477.3738420745 3370231.7927185036, 409977.3738420745 3370231.7927185036, 409977.3738420745 3369731.7927185036, 410477.3738420745 3369731.7927185036))"
1141,8,24,410227.3738420745,3370481.7927185036,"POLYGON ((410477.3738420745 3370231.7927185036, 410477.3738420745 3370731.7927185036, 409977.3738420745 3370731.7927185036, 409977.3738420745 3370231.7927185036, 410477.3738420745 3370231.7927185036))"
1142,9,24,410227.3738420745,3370981.7927185036,"POLYGON ((410477.3738420745 3370731.7927185036, 410477.3738420745 3371231.7927185036, 409977.3738420745 3371231.7927185036, 409977.3738420745 3370731.7927185036, 410477.3738420745 3370731.7927185036))"
1143,10,24,410227.3738420745,3371481.7927185036,"POLYGON ((410477.3738420745 3371231.7927185036, 410477.3738420745 3371731.7927185036, 409977.3738420745 3371731.7927185036, 409977.3738420745 3371231.7927185036, 410477.3738420745 3371231.7927185036))"
1144,11,24,410227.3738420745,3371981.7927185036,"POLYGON ((410477.3738420745 3371731.7927185036, 410477.3738420745 3372231.7927185036, 409977.3738420745 3372231.7927185036, 409977.3738420745 3371731.7927185036, 410477.3738420745 3371731.7927185036))"
1145,12,24,410227.3738420745,3372481.7927185036,"POLYGON ((410477.3738420745 3372231.7927185036, 410477.3738420745 3372731.7927185036, 409977.3738420745 3372731.7927185036, 409977.3738420745 3372231.7927185036, 410477.3738420745 3372231.7927185036))"
1146,13,24,410227.3738420745,3372981.7927185036,"POLYGON ((410477.3738420745 3372731.7927185036, 410477.3738420745 3373231.7927185036, 409977.3738420745 3373231.7927185036, 409977.3738420745 3372731.7927185036, 410477.3738420745 3372731.7927185036))"
1147,14,24,410227.3738420745,3373481.7927185036,"POLYGON ((410477.3738420745 3373231.7927185036, 410477.3738420745 3373731.7927185036, 409977.3738420745 3373731.7927185036, 409977.3738420745 3373231.7927185036, 410477.3738420745 3373231.7927185036))"
1148,15,24,410227.3738420745,3373981.7927185036,"POLYGON ((410477.3738420745 3373731.7927185036, 410477.3738420745 3374231.7927185036, 409977.3738420745 3374231.7927185036, 409977.3738420745 3373731.7927185036, 410477.3738420745 3373731.7927185036))"
1149,16,24,410227.3738420745,3374481.7927185036,"POLYGON ((410477.3738420745 3374231.7927185036, 410477.3738420745 3374731.7927185036, 409977.3738420745 3374731.7927185036, 409977.3738420745 3374231.7927185036, 410477.3738420745 3374231.7927185036))"
1150,17,24,410227.3738420745,3374981.7927185036,"POLYGON ((410477.3738420745 3374731.7927185036, 410477.3738420745 3375231.7927185036, 409977.3738420745 3375231.7927185036, 409977.3738420745 3374731.7927185036, 410477.3738420745 3374731.7927185036))"
1151,18,24,410227.3738420745,3375481.7927185036,"POLYGON ((410477.3738420745 3375231.7927185036, 410477.3738420745 3375731.7927185036, 409977.3738420745 3375731.7927185036, 409977.3738420745 3375231.7927185036, 410477.3738420745 3375231.7927185036))"
1152,19,24,410227.3738420745,3375981.7927185036,"POLYGON ((410477.3738420745 3375731.7927185036, 410477.3738420745 3376231.7927185036, 409977.3738420745 3376231.7927185036, 409977.3738420745 3375731.7927185036, 410477.3738420745 3375731.7927185036))"
1153,20,24,410227.3738420745,3376481.7927185036,"POLYGON ((410477.3738420745 3376231.7927185036, 410477.3738420745 3376731.7927185036, 409977.3738420745 3376731.7927185036, 409977.3738420745 3376231.7927185036, 410477.3738420745 3376231.7927185036))"
1154,21,24,410227.3738420745,3376981.7927185036,"POLYGON ((410477.3738420745 3376731.7927185036, 410477.3738420745 3377231.7927185036, 409977.3738420745 3377231.7927185036, 409977.3738420745 3376731.7927185036, 410477.3738420745 3376731.7927185036))"
1155,22,24,410227.3738420745,3377481.7927185036,"POLYGON ((410477.3738420745 3377231.7927185036, 410477.3738420745 3377731.7927185036, 409977.3738420745 3377731.7927185036, 409977.3738420745 3377231.7927185036, 410477.3738420745 3377231.7927185036))"
1156,23,24,410227.3738420745,3377981.7927185036,"POLYGON ((410477.3738420745 3377731.7927185036, 410477.3738420745 3378231.7927185036, 409977.3738420745 3378231.7927185036, 409977.3738420745 3377731.7927185036, 410477.3738420745 3377731.7927185036))"
1157,24,24,410227.3738420745,3378481.7927185036,"POLYGON ((410477.3738420745 3378231.7927185036, 410477.3738420745 3378731.7927185036, 409977.3738420745 3378731.7927185036, 409977.3738420745 3378231.7927185036, 410477.3738420745 3378231.7927185036))"
1158,25,24,410227.3738420745,3378981.7927185036,"POLYGON ((410477.3738420745 3378731.7927185036, 410477.3738420745 3379231.7927185036, 409977.3738420745 3379231.7927185036, 409977.3738420745 3378731.7927185036, 410477.3738420745 3378731.7927185036))"
1159,26,24,410227.3738420745,3379481.7927185036,"POLYGON ((410477.3738420745 3379231.7927185036, 410477.3738420745 3379731.7927185036, 409977.3738420745 3379731.7927185036, 409977.3738420745 3379231.7927185036, 410477.3738420745 3379231.7927185036))"
1160,27,24,410227.3738420745,3379981.7927185036,"POLYGON ((410477.3738420745 3379731.7927185036, 410477.3738420745 3380231.7927185036, 409977.3738420745 3380231.7927185036, 409977.3738420745 3379731.7927185036, 410477.3738420745 3379731.7927185036))"
1161,28,24,410227.3738420745,3380481.7927185036,"POLYGON ((410477.3738420745 3380231.7927185036, 410477.3738420745 3380731.7927185036, 409977.3738420745 3380731.7927185036, 409977.3738420745 3380231.7927185036, 410477.3738420745 3380231.7927185036))"
1162,29,24,410227.3738420745,3380981.7927185036,"POLYGON ((410477.3738420745 3380731.7927185036, 410477.3738420745 3381231.7927185036, 409977.3738420745 3381231.7927185036, 409977.3738420745 3380731.7927185036, 410477.3738420745 3380731.7927185036))"
1163,30,24,410227.3738420745,3381481.7927185036,"POLYGON ((410477.3738420745 3381231.7927185036, 410477.3738420745 3381731.7927185036, 409977.3738420745 3381731.7927185036, 409977.3738420745 3381231.7927185036, 410477.3738420745 3381231.7927185036))"
1164,31,24,410227.3738420745,3381981.7927185036,"POLYGON ((410477.3738420745 3381731.7927185036, 410477.3738420745 3382231.7927185036, 409977.3738420745 3382231.7927185036, 409977.3738420745 3381731.7927185036, 410477.3738420745 3381731.7927185036))"
1165,32,24,410227.3738420745,3382481.7927185036,"POLYGON ((410477.3738420745 3382231.7927185036, 410477.3738420745 3382731.7927185036, 409977.3738420745 3382731.7927185036, 409977.3738420745 3382231.7927185036, 410477.3738420745 3382231.7927185036))"
1166,33,24,410227.3738420745,3382981.7927185036,"POLYGON ((410477.3738420745 3382731.7927185036, 410477.3738420745 3383231.7927185036, 409977.3738420745 3383231.7927185036, 409977.3738420745 3382731.7927185036, 410477.3738420745 3382731.7927185036))"
1167,34,24,410227.3738420745,3383481.7927185036,"POLYGON ((410477.3738420745 3383231.7927185036, 410477.3738420745 3383731.7927185036, 409977.3738420745 3383731.7927185036, 409977.3738420745 3383231.7927185036, 410477.3738420745 3383231.7927185036))"
1168,35,24,410227.3738420745,3383981.7927185036,"POLYGON ((410477.3738420745 3383731.7927185036, 410477.3738420745 3384231.7927185036, 409977.3738420745 3384231.7927185036, 409977.3738420745 3383731.7927185036, 410477.3738420745 3383731.7927185036))"
1169,36,24,410227.3738420745,3384481.7927185036,"POLYGON ((410477.3738420745 3384231.7927185036, 410477.3738420745 3384731.7927185036, 409977.3738420745 3384731.7927185036, 409977.3738420745 3384231.7927185036, 410477.3738420745 3384231.7927185036))"
1170,37,24,410227.3738420745,3384981.7927185036,"POLYGON ((410477.3738420745 3384731.7927185036, 410477.3738420745 3385231.7927185036, 409977.3738420745 3385231.7927185036, 409977.3738420745 3384731.7927185036, 410477.3738420745 3384731.7927185036))"
1171,38,24,410227.3738420745,3385481.7927185036,"POLYGON ((410477.3738420745 3385231.7927185036, 410477.3738420745 3385731.7927185036, 409977.3738420745 3385731.7927185036, 409977.3738420745 3385231.7927185036, 410477.3738420745 3385231.7927185036))"
1172,39,24,410227.3738420745,3385981.7927185036,"POLYGON ((410477.3738420745 3385731.7927185036, 410477.3738420745 3386231.7927185036, 409977.3738420745 3386231.7927185036, 409977.3738420745 3385731.7927185036, 410477.3738420745 3385731.7927185036))"
1173,40,24,410227.3738420745,3386481.7927185036,"POLYGON ((410477.3738420745 3386231.7927185036, 410477.3738420745 3386731.7927185036, 409977.3738420745 3386731.7927185036, 409977.3738420745 3386231.7927185036, 410477.3738420745 3386231.7927185036))"
1174,41,24,410227.3738420745,3386981.7927185036,"POLYGON ((410477.3738420745 3386731.7927185036, 410477.3738420745 3387231.7927185036, 409977.3738420745 3387231.7927185036, 409977.3738420745 3386731.7927185036, 410477.3738420745 3386731.7927185036))"
1175,42,24,410227.3738420745,3387481.7927185036,"POLYGON ((410477.3738420745 3387231.7927185036, 410477.3738420745 3387731.7927185036, 409977.3738420745 3387731.7927185036, 409977.3738420745 3387231.7927185036, 410477.3738420745 3387231.7927185036))"
1176,43,24,410227.3738420745,3387981.7927185036,"POLYGON ((410477.3738420745 3387731.7927185036, 410477.3738420745 3388231.7927185036, 409977.3738420745 3388231.7927185036, 409977.3738420745 3387731.7927185036, 410477.3738420745 3387731.7927185036))"
1177,44,24,410227.3738420745,3388481.7927185036,"POLYGON ((410477.3738420745 3388231.7927185036, 410477.3738420745 3388731.7927185036, 409977.3738420745 3388731.7927185036, 409977.3738420745 3388231.7927185036, 410477.3738420745 3388231.7927185036))"
1178,45,24,410227.3738420745,3388981.7927185036,"POLYGON ((410477.3738420745 3388731.7927185036, 410477.3738420745 3389231.7927185036, 409977.3738420745 3389231.7927185036, 409977.3738420745 3388731.7927185036, 410477.3738420745 3388731.7927185036))"
1179,46,24,410227.3738420745,3389481.7927185036,"POLYGON ((410477.3738420745 3389231.7927185036, 410477.3738420745 3389731.7927185036, 409977.3738420745 3389731.7927185036, 409977.3738420745 3389231.7927185036, 410477.3738420745 3389231.7927185036))"
1180,47,24,410227.3738420745,3389981.7927185036,"POLYGON ((410477.3738420745 3389731.7927185036, 410477.3738420745 3390231.7927185036, 409977.3738420745 3390231.7927185036, 409977.3738420745 3389731.7927185036, 410477.3738420745 3389731.7927185036))"
1181,48,24,410227.3738420745,3390481.7927185036,"POLYGON ((410477.3738420745 3390231.7927185036, 410477.3738420745 3390731.7927185036, 409977.3738420745 3390731.7927185036, 409977.3738420745 3390231.7927185036, 410477.3738420745 3390231.7927185036))"
1182,49,24,410227.3738420745,3390981.7927185036,"POLYGON ((410477.3738420745 3390731.7927185036, 410477.3738420745 3391231.7927185036, 409977.3738420745 3391231.7927185036, 409977.3738420745 3390731.7927185036, 410477.3738420745 3390731.7927185036))"
1183,50,24,410227.3738420745,3391481.7927185036,"POLYGON ((410477.3738420745 3391231.7927185036, 410477.3738420745 3391731.7927185036, 409977.3738420745 3391731.7927185036, 409977.3738420745 3391231.7927185036, 410477.3738420745 3391231.7927185036))"
1184,51,24,410227.3738420745,3391981.7927185036,"POLYGON ((410477.3738420745 3391731.7927185036, 410477.3738420745 3392231.7927185036, 409977.3738420745 3392231.7927185036, 409977.3738420745 3391731.7927185036, 410477.3738420745 3391731.7927185036))"
1185,52,24,410227.3738420745,3392481.7927185036,"POLYGON ((410477.3738420745 3392231.7927185036, 410477.3738420745 3392731.7927185036, 409977.3738420745 3392731.7927185036, 409977.3738420745 3392231.7927185036, 410477.3738420745 3392231.7927185036))"
1186,53,24,410227.3738420745,3392981.7927185036,"POLYGON ((410477.3738420745 3392731.7927185036, 410477.3738420745 3393231.7927185036, 409977.3738420745 3393231.7927185036, 409977.3738420745 3392731.7927185036, 410477.3738420745 3392731.7927185036))"
1187,54,24,410227.3738420745,3393481.7927185036,"POLYGON ((410477.3738420745 3393231.7927185036, 410477.3738420745 3393731.7927185036, 409977.3738420745 3393731.7927185036, 409977.3738420745 3393231.7927185036, 410477.3738420745 3393231.7927185036))"
1188,55,24,410227.3738420745,3393981.7927185036,"POLYGON ((410477.3738420745 3393731.7927185036, 410477.3738420745 3394231.7927185036, 409977.3738420745 3394231.7927185036, 409977.3738420745 3393731.7927185036, 410477.3738420745 3393731.7927185036))"
1189,56,24,410227.3738420745,3394481.7927185036,"POLYGON ((410477.3738420745 3394231.7927185036, 410477.3738420745 3394731.7927185036, 409977.3738420745 3394731.7927185036, 409977.3738420745 3394231.7927185036, 410477.3738420745 3394231.7927185036))"
1190,57,24,410227.3738420745,3394981.7927185036,"POLYGON ((410477.3738420745 3394731.7927185036, 410477.3738420745 3395231.7927185036, 409977.3738420745 3395231.7927185036, 409977.3738420745 3394731.7927185036, 410477.3738420745 3394731.7927185036))"
1191,58,24,410227.3738420745,3395481.7927185036,"POLYGON ((410477.3738420745 3395231.7927185036, 410477.3738420745 3395731.7927185036, 409977.3738420745 3395731.7927185036, 409977.3738420745 3395231.7927185036, 410477.3738420745 3395231.7927185036))"
1192,59,24,410227.3738420745,3395981.7927185036,"POLYGON ((410477.3738420745 3395731.7927185036, 410477.3738420745 3396231.7927185036, 409977.3738420745 3396231.7927185036, 409977.3738420745 3395731.7927185036, 410477.3738420745 3395731.7927185036))"
1193,60,24,410227.3738420745,3396481.7927185036,"POLYGON ((410477.3738420745 3396231.7927185036, 410477.3738420745 3396731.7927185036, 409977.3738420745 3396731.7927185036, 409977.3738420745 3396231.7927185036, 410477.3738420745 3396231.7927185036))"
1194,61,24,410227.3738420745,3396981.7927185036,"POLYGON ((410477.3738420745 3396731.7927185036, 410477.3738420745 3397231.7927185036, 409977.3738420745 3397231.7927185036, 409977.3738420745 3396731.7927185036, 410477.3738420745 3396731.7927185036))"
1195,62,24,410227.3738420745,3397481.7927185036,"POLYGON ((410477.3738420745 3397231.7927185036, 410477.3738420745 3397731.7927185036, 409977.3738420745 3397731.7927185036, 409977.3738420745 3397231.7927185036, 410477.3738420745 3397231.7927185036))"
1196,63,24,410227.3738420745,3397981.7927185036,"POLYGON ((410477.3738420745 3397731.7927185036, 410477.3738420745 3398231.7927185036, 409977.3738420745 3398231.7927185036, 409977.3738420745 3397731.7927185036, 410477.3738420745 3397731.7927185036))"
1197,64,24,410227.3738420745,3398481.7927185036,"POLYGON ((410477.3738420745 3398231.7927185036, 410477.3738420745 3398731.7927185036, 409977.3738420745 3398731.7927185036, 409977.3738420745 3398231.7927185036, 410477.3738420745 3398231.7927185036))"
1198,65,24,410227.3738420745,3398981.7927185036,"POLYGON ((410477.3738420745 3398731.7927185036, 410477.3738420745 3399231.7927185036, 409977.3738420745 3399231.7927185036, 409977.3738420745 3398731.7927185036, 410477.3738420745 3398731.7927185036))"
1199,66,24,410227.3738420745,3399481.7927185036,"POLYGON ((410477.3738420745 3399231.7927185036, 410477.3738420745 3399731.7927185036, 409977.3738420745 3399731.7927185036, 409977.3738420745 3399231.7927185036, 410477.3738420745 3399231.7927185036))"
1200,67,24,410227.3738420745,3399981.7927185036,"POLYGON ((410477.3738420745 3399731.7927185036, 410477.3738420745 3400231.7927185036, 409977.3738420745 3400231.7927185036, 409977.3738420745 3399731.7927185036, 410477.3738420745 3399731.7927185036))"
1201,68,24,410227.3738420745,3400481.7927185036,"POLYGON ((410477.3738420745 3400231.7927185036, 410477.3738420745 3400731.7927185036, 409977.3738420745 3400731.7927185036, 409977.3738420745 3400231.7927185036, 410477.3738420745 3400231.7927185036))"
1202,69,24,410227.3738420745,3400981.7927185036,"POLYGON ((410477.3738420745 3400731.7927185036, 410477.3738420745 3401231.7927185036, 409977.3738420745 3401231.7927185036, 409977.3738420745 3400731.7927185036, 410477.3738420745 3400731.7927185036))"
1203,70,24,410227.3738420745,3401481.7927185036,"POLYGON ((410477.3738420745 3401231.7927185036, 410477.3738420745 3401731.7927185036, 409977.3738420745 3401731.7927185036, 409977.3738420745 3401231.7927185036, 410477.3738420745 3401231.7927185036))"
1204,71,24,410227.3738420745,3401981.7927185036,"POLYGON ((410477.3738420745 3401731.7927185036, 410477.3738420745 3402231.7927185036, 409977.3738420745 3402231.7927185036, 409977.3738420745 3401731.7927185036, 410477.3738420745 3401731.7927185036))"
1205,72,24,410227.3738420745,3402481.7927185036,"POLYGON ((410477.3738420745 3402231.7927185036, 410477.3738420745 3402731.7927185036, 409977.3738420745 3402731.7927185036, 409977.3738420745 3402231.7927185036, 410477.3738420745 3402231.7927185036))"
1206,73,24,410227.3738420745,3402981.7927185036,"POLYGON ((410477.3738420745 3402731.7927185036, 410477.3738420745 3403231.7927185036, 409977.3738420745 3403231.7927185036, 409977.3738420745 3402731.7927185036, 410477.3738420745 3402731.7927185036))"
1207,1,25,410727.3738420745,3366981.7927185036,"POLYGON ((410977.3738420745 3366731.7927185036, 410977.3738420745 3367231.7927185036, 410477.3738420745 3367231.7927185036, 410477.3738420745 3366731.7927185036, 410977.3738420745 3366731.7927185036))"
1208,2,25,410727.3738420745,3367481.7927185036,"POLYGON ((410977.3738420745 3367231.7927185036, 410977.3738420745 3367731.7927185036, 410477.3738420745 3367731.7927185036, 410477.3738420745 3367231.7927185036, 410977.3738420745 3367231.7927185036))"
1209,3,25,410727.3738420745,3367981.7927185036,"POLYGON ((410977.3738420745 3367731.7927185036, 410977.3738420745 3368231.7927185036, 410477.3738420745 3368231.7927185036, 410477.3738420745 3367731.7927185036, 410977.3738420745 3367731.7927185036))"
1210,4,25,410727.3738420745,3368481.7927185036,"POLYGON ((410977.3738420745 3368231.7927185036, 410977.3738420745 3368731.7927185036, 410477.3738420745 3368731.7927185036, 410477.3738420745 3368231.7927185036, 410977.3738420745 3368231.7927185036))"
1211,5,25,410727.3738420745,3368981.7927185036,"POLYGON ((410977.3738420745 3368731.7927185036, 410977.3738420745 3369231.7927185036, 410477.3738420745 3369231.7927185036, 410477.3738420745 3368731.7927185036, 410977.3738420745 3368731.7927185036))"
1212,6,25,410727.3738420745,3369481.7927185036,"POLYGON ((410977.3738420745 3369231.7927185036, 410977.3738420745 3369731.7927185036, 410477.3738420745 3369731.7927185036, 410477.3738420745 3369231.7927185036, 410977.3738420745 3369231.7927185036))"
1213,7,25,410727.3738420745,3369981.7927185036,"POLYGON ((410977.3738420745 3369731.7927185036, 410977.3738420745 3370231.7927185036, 410477.3738420745 3370231.7927185036, 410477.3738420745 3369731.7927185036, 410977.3738420745 3369731.7927185036))"
1214,8,25,410727.3738420745,3370481.7927185036,"POLYGON ((410977.3738420745 3370231.7927185036, 410977.3738420745 3370731.7927185036, 410477.3738420745 3370731.7927185036, 410477.3738420745 3370231.7927185036, 410977.3738420745 3370231.7927185036))"
1215,9,25,410727.3738420745,3370981.7927185036,"POLYGON ((410977.3738420745 3370731.7927185036, 410977.3738420745 3371231.7927185036, 410477.3738420745 3371231.7927185036, 410477.3738420745 3370731.7927185036, 410977.3738420745 3370731.7927185036))"
1216,10,25,410727.3738420745,3371481.7927185036,"POLYGON ((410977.3738420745 3371231.7927185036, 410977.3738420745 3371731.7927185036, 410477.3738420745 3371731.7927185036, 410477.3738420745 3371231.7927185036, 410977.3738420745 3371231.7927185036))"
1217,11,25,410727.3738420745,3371981.7927185036,"POLYGON ((410977.3738420745 3371731.7927185036, 410977.3738420745 3372231.7927185036, 410477.3738420745 3372231.7927185036, 410477.3738420745 3371731.7927185036, 410977.3738420745 3371731.7927185036))"
1218,12,25,410727.3738420745,3372481.7927185036,"POLYGON ((410977.3738420745 3372231.7927185036, 410977.3738420745 3372731.7927185036, 410477.3738420745 3372731.7927185036, 410477.3738420745 3372231.7927185036, 410977.3738420745 3372231.7927185036))"
1219,13,25,410727.3738420745,3372981.7927185036,"POLYGON ((410977.3738420745 3372731.7927185036, 410977.3738420745 3373231.7927185036, 410477.3738420745 3373231.7927185036, 410477.3738420745 3372731.7927185036, 410977.3738420745 3372731.7927185036))"
1220,14,25,410727.3738420745,3373481.7927185036,"POLYGON ((410977.3738420745 3373231.7927185036, 410977.3738420745 3373731.7927185036, 410477.3738420745 3373731.7927185036, 410477.3738420745 3373231.7927185036, 410977.3738420745 3373231.7927185036))"
1221,15,25,410727.3738420745,3373981.7927185036,"POLYGON ((410977.3738420745 3373731.7927185036, 410977.3738420745 3374231.7927185036, 410477.3738420745 3374231.7927185036, 410477.3738420745 3373731.7927185036, 410977.3738420745 3373731.7927185036))"
1222,16,25,410727.3738420745,3374481.7927185036,"POLYGON ((410977.3738420745 3374231.7927185036, 410977.3738420745 3374731.7927185036, 410477.3738420745 3374731.7927185036, 410477.3738420745 3374231.7927185036, 410977.3738420745 3374231.7927185036))"
1223,17,25,410727.3738420745,3374981.7927185036,"POLYGON ((410977.3738420745 3374731.7927185036, 410977.3738420745 3375231.7927185036, 410477.3738420745 3375231.7927185036, 410477.3738420745 3374731.7927185036, 410977.3738420745 3374731.7927185036))"
1224,18,25,410727.3738420745,3375481.7927185036,"POLYGON ((410977.3738420745 3375231.7927185036, 410977.3738420745 3375731.7927185036, 410477.3738420745 3375731.7927185036, 410477.3738420745 3375231.7927185036, 410977.3738420745 3375231.7927185036))"
1225,19,25,410727.3738420745,3375981.7927185036,"POLYGON ((410977.3738420745 3375731.7927185036, 410977.3738420745 3376231.7927185036, 410477.3738420745 3376231.7927185036, 410477.3738420745 3375731.7927185036, 410977.3738420745 3375731.7927185036))"
1226,20,25,410727.3738420745,3376481.7927185036,"POLYGON ((410977.3738420745 3376231.7927185036, 410977.3738420745 3376731.7927185036, 410477.3738420745 3376731.7927185036, 410477.3738420745 3376231.7927185036, 410977.3738420745 3376231.7927185036))"
1227,21,25,410727.3738420745,3376981.7927185036,"POLYGON ((410977.3738420745 3376731.7927185036, 410977.3738420745 3377231.7927185036, 410477.3738420745 3377231.7927185036, 410477.3738420745 3376731.7927185036, 410977.3738420745 3376731.7927185036))"
1228,22,25,410727.3738420745,3377481.7927185036,"POLYGON ((410977.3738420745 3377231.7927185036, 410977.3738420745 3377731.7927185036, 410477.3738420745 3377731.7927185036, 410477.3738420745 3377231.7927185036, 410977.3738420745 3377231.7927185036))"
1229,23,25,410727.3738420745,3377981.7927185036,"POLYGON ((410977.3738420745 3377731.7927185036, 410977.3738420745 3378231.7927185036, 410477.3738420745 3378231.7927185036, 410477.3738420745 3377731.7927185036, 410977.3738420745 3377731.7927185036))"
1230,24,25,410727.3738420745,3378481.7927185036,"POLYGON ((410977.3738420745 3378231.7927185036, 410977.3738420745 3378731.7927185036, 410477.3738420745 3378731.7927185036, 410477.3738420745 3378231.7927185036, 410977.3738420745 3378231.7927185036))"
1231,25,25,410727.3738420745,3378981.7927185036,"POLYGON ((410977.3738420745 3378731.7927185036, 410977.3738420745 3379231.7927185036, 410477.3738420745 3379231.7927185036, 410477.3738420745 3378731.7927185036, 410977.3738420745 3378731.7927185036))"
1232,26,25,410727.3738420745,3379481.7927185036,"POLYGON ((410977.3738420745 3379231.7927185036, 410977.3738420745 3379731.7927185036, 410477.3738420745 3379731.7927185036, 410477.3738420745 3379231.7927185036, 410977.3738420745 3379231.7927185036))"
1233,27,25,410727.3738420745,3379981.7927185036,"POLYGON ((410977.3738420745 3379731.7927185036, 410977.3738420745 3380231.7927185036, 410477.3738420745 3380231.7927185036, 410477.3738420745 3379731.7927185036, 410977.3738420745 3379731.7927185036))"
1234,28,25,410727.3738420745,3380481.7927185036,"POLYGON ((410977.3738420745 3380231.7927185036, 410977.3738420745 3380731.7927185036, 410477.3738420745 3380731.7927185036, 410477.3738420745 3380231.7927185036, 410977.3738420745 3380231.7927185036))"
1235,29,25,410727.3738420745,3380981.7927185036,"POLYGON ((410977.3738420745 3380731.7927185036, 410977.3738420745 3381231.7927185036, 410477.3738420745 3381231.7927185036, 410477.3738420745 3380731.7927185036, 410977.3738420745 3380731.7927185036))"
1236,30,25,410727.3738420745,3381481.7927185036,"POLYGON ((410977.3738420745 3381231.7927185036, 410977.3738420745 3381731.7927185036, 410477.3738420745 3381731.7927185036, 410477.3738420745 3381231.7927185036, 410977.3738420745 3381231.7927185036))"
1237,31,25,410727.3738420745,3381981.7927185036,"POLYGON ((410977.3738420745 3381731.7927185036, 410977.3738420745 3382231.7927185036, 410477.3738420745 3382231.7927185036, 410477.3738420745 3381731.7927185036, 410977.3738420745 3381731.7927185036))"
1238,32,25,410727.3738420745,3382481.7927185036,"POLYGON ((410977.3738420745 3382231.7927185036, 410977.3738420745 3382731.7927185036, 410477.3738420745 3382731.7927185036, 410477.3738420745 3382231.7927185036, 410977.3738420745 3382231.7927185036))"
1239,33,25,410727.3738420745,3382981.7927185036,"POLYGON ((410977.3738420745 3382731.7927185036, 410977.3738420745 3383231.7927185036, 410477.3738420745 3383231.7927185036, 410477.3738420745 3382731.7927185036, 410977.3738420745 3382731.7927185036))"
1240,34,25,410727.3738420745,3383481.7927185036,"POLYGON ((410977.3738420745 3383231.7927185036, 410977.3738420745 3383731.7927185036, 410477.3738420745 3383731.7927185036, 410477.3738420745 3383231.7927185036, 410977.3738420745 3383231.7927185036))"
1241,35,25,410727.3738420745,3383981.7927185036,"POLYGON ((410977.3738420745 3383731.7927185036, 410977.3738420745 3384231.7927185036, 410477.3738420745 3384231.7927185036, 410477.3738420745 3383731.7927185036, 410977.3738420745 3383731.7927185036))"
1242,36,25,410727.3738420745,3384481.7927185036,"POLYGON ((410977.3738420745 3384231.7927185036, 410977.3738420745 3384731.7927185036, 410477.3738420745 3384731.7927185036, 410477.3738420745 3384231.7927185036, 410977.3738420745 3384231.7927185036))"
1243,37,25,410727.3738420745,3384981.7927185036,"POLYGON ((410977.3738420745 3384731.7927185036, 410977.3738420745 3385231.7927185036, 410477.3738420745 3385231.7927185036, 410477.3738420745 3384731.7927185036, 410977.3738420745 3384731.7927185036))"
1244,38,25,410727.3738420745,3385481.7927185036,"POLYGON ((410977.3738420745 3385231.7927185036, 410977.3738420745 3385731.7927185036, 410477.3738420745 3385731.7927185036, 410477.3738420745 3385231.7927185036, 410977.3738420745 3385231.7927185036))"
1245,39,25,410727.3738420745,3385981.7927185036,"POLYGON ((410977.3738420745 3385731.7927185036, 410977.3738420745 3386231.7927185036, 410477.3738420745 3386231.7927185036, 410477.3738420745 3385731.7927185036, 410977.3738420745 3385731.7927185036))"
1246,40,25,410727.3738420745,3386481.7927185036,"POLYGON ((410977.3738420745 3386231.7927185036, 410977.3738420745 3386731.7927185036, 410477.3738420745 3386731.7927185036, 410477.3738420745 3386231.7927185036, 410977.3738420745 3386231.7927185036))"
1247,41,25,410727.3738420745,3386981.7927185036,"POLYGON ((410977.3738420745 3386731.7927185036, 410977.3738420745 3387231.7927185036, 410477.3738420745 3387231.7927185036, 410477.3738420745 3386731.7927185036, 410977.3738420745 3386731.7927185036))"
1248,42,25,410727.3738420745,3387481.7927185036,"POLYGON ((410977.3738420745 3387231.7927185036, 410977.3738420745 3387731.7927185036, 410477.3738420745 3387731.7927185036, 410477.3738420745 3387231.7927185036, 410977.3738420745 3387231.7927185036))"
1249,43,25,410727.3738420745,3387981.7927185036,"POLYGON ((410977.3738420745 3387731.7927185036, 410977.3738420745 3388231.7927185036, 410477.3738420745 3388231.7927185036, 410477.3738420745 3387731.7927185036, 410977.3738420745 3387731.7927185036))"
1250,44,25,410727.3738420745,3388481.7927185036,"POLYGON ((410977.3738420745 3388231.7927185036, 410977.3738420745 3388731.7927185036, 410477.3738420745 3388731.7927185036, 410477.3738420745 3388231.7927185036, 410977.3738420745 3388231.7927185036))"
1251,45,25,410727.3738420745,3388981.7927185036,"POLYGON ((410977.3738420745 3388731.7927185036, 410977.3738420745 3389231.7927185036, 410477.3738420745 3389231.7927185036, 410477.3738420745 3388731.7927185036, 410977.3738420745 3388731.7927185036))"
1252,46,25,410727.3738420745,3389481.7927185036,"POLYGON ((410977.3738420745 3389231.7927185036, 410977.3738420745 3389731.7927185036, 410477.3738420745 3389731.7927185036, 410477.3738420745 3389231.7927185036, 410977.3738420745 3389231.7927185036))"
1253,47,25,410727.3738420745,3389981.7927185036,"POLYGON ((410977.3738420745 3389731.7927185036, 410977.3738420745 3390231.7927185036, 410477.3738420745 3390231.7927185036, 410477.3738420745 3389731.7927185036, 410977.3738420745 3389731.7927185036))"
1254,48,25,410727.3738420745,3390481.7927185036,"POLYGON ((410977.3738420745 3390231.7927185036, 410977.3738420745 3390731.7927185036, 410477.3738420745 3390731.7927185036, 410477.3738420745 3390231.7927185036, 410977.3738420745 3390231.7927185036))"
1255,49,25,410727.3738420745,3390981.7927185036,"POLYGON ((410977.3738420745 3390731.7927185036, 410977.3738420745 3391231.7927185036, 410477.3738420745 3391231.7927185036, 410477.3738420745 3390731.7927185036, 410977.3738420745 3390731.7927185036))"
1256,50,25,410727.3738420745,3391481.7927185036,"POLYGON ((410977.3738420745 3391231.7927185036, 410977.3738420745 3391731.7927185036, 410477.3738420745 3391731.7927185036, 410477.3738420745 3391231.7927185036, 410977.3738420745 3391231.7927185036))"
1257,51,25,410727.3738420745,3391981.7927185036,"POLYGON ((410977.3738420745 3391731.7927185036, 410977.3738420745 3392231.7927185036, 410477.3738420745 3392231.7927185036, 410477.3738420745 3391731.7927185036, 410977.3738420745 3391731.7927185036))"
1258,52,25,410727.3738420745,3392481.7927185036,"POLYGON ((410977.3738420745 3392231.7927185036, 410977.3738420745 3392731.7927185036, 410477.3738420745 3392731.7927185036, 410477.3738420745 3392231.7927185036, 410977.3738420745 3392231.7927185036))"
1259,53,25,410727.3738420745,3392981.7927185036,"POLYGON ((410977.3738420745 3392731.7927185036, 410977.3738420745 3393231.7927185036, 410477.3738420745 3393231.7927185036, 410477.3738420745 3392731.7927185036, 410977.3738420745 3392731.7927185036))"
1260,54,25,410727.3738420745,3393481.7927185036,"POLYGON ((410977.3738420745 3393231.7927185036, 410977.3738420745 3393731.7927185036, 410477.3738420745 3393731.7927185036, 410477.3738420745 3393231.7927185036, 410977.3738420745 3393231.7927185036))"
1261,55,25,410727.3738420745,3393981.7927185036,"POLYGON ((410977.3738420745 3393731.7927185036, 410977.3738420745 3394231.7927185036, 410477.3738420745 3394231.7927185036, 410477.3738420745 3393731.7927185036, 410977.3738420745 3393731.7927185036))"
1262,56,25,410727.3738420745,3394481.7927185036,"POLYGON ((410977.3738420745 3394231.7927185036, 410977.3738420745 3394731.7927185036, 410477.3738420745 3394731.7927185036, 410477.3738420745 3394231.7927185036, 410977.3738420745 3394231.7927185036))"
1263,57,25,410727.3738420745,3394981.7927185036,"POLYGON ((410977.3738420745 3394731.7927185036, 410977.3738420745 3395231.7927185036, 410477.3738420745 3395231.7927185036, 410477.3738420745 3394731.7927185036, 410977.3738420745 3394731.7927185036))"
1264,58,25,410727.3738420745,3395481.7927185036,"POLYGON ((410977.3738420745 3395231.7927185036, 410977.3738420745 3395731.7927185036, 410477.3738420745 3395731.7927185036, 410477.3738420745 3395231.7927185036, 410977.3738420745 3395231.7927185036))"
1265,59,25,410727.3738420745,3395981.7927185036,"POLYGON ((410977.3738420745 3395731.7927185036, 410977.3738420745 3396231.7927185036, 410477.3738420745 3396231.7927185036, 410477.3738420745 3395731.7927185036, 410977.3738420745 3395731.7927185036))"
1266,60,25,410727.3738420745,3396481.7927185036,"POLYGON ((410977.3738420745 3396231.7927185036, 410977.3738420745 3396731.7927185036, 410477.3738420745 3396731.7927185036, 410477.3738420745 3396231.7927185036, 410977.3738420745 3396231.7927185036))"
1267,61,25,410727.3738420745,3396981.7927185036,"POLYGON ((410977.3738420745 3396731.7927185036, 410977.3738420745 3397231.7927185036, 410477.3738420745 3397231.7927185036, 410477.3738420745 3396731.7927185036, 410977.3738420745 3396731.7927185036))"
1268,62,25,410727.3738420745,3397481.7927185036,"POLYGON ((410977.3738420745 3397231.7927185036, 410977.3738420745 3397731.7927185036, 410477.3738420745 3397731.7927185036, 410477.3738420745 3397231.7927185036, 410977.3738420745 3397231.7927185036))"
1269,63,25,410727.3738420745,3397981.7927185036,"POLYGON ((410977.3738420745 3397731.7927185036, 410977.3738420745 3398231.7927185036, 410477.3738420745 3398231.7927185036, 410477.3738420745 3397731.7927185036, 410977.3738420745 3397731.7927185036))"
1270,64,25,410727.3738420745,3398481.7927185036,"POLYGON ((410977.3738420745 3398231.7927185036, 410977.3738420745 3398731.7927185036, 410477.3738420745 3398731.7927185036, 410477.3738420745 3398231.7927185036, 410977.3738420745 3398231.7927185036))"
1271,65,25,410727.3738420745,3398981.7927185036,"POLYGON ((410977.3738420745 3398731.7927185036, 410977.3738420745 3399231.7927185036, 410477.3738420745 3399231.7927185036, 410477.3738420745 3398731.7927185036, 410977.3738420745 3398731.7927185036))"
1272,66,25,410727.3738420745,3399481.7927185036,"POLYGON ((410977.3738420745 3399231.7927185036, 410977.3738420745 3399731.7927185036, 410477.3738420745 3399731.7927185036, 410477.3738420745 3399231.7927185036, 410977.3738420745 3399231.7927185036))"
1273,67,25,410727.3738420745,3399981.7927185036,"POLYGON ((410977.3738420745 3399731.7927185036, 410977.3738420745 3400231.7927185036, 410477.3738420745 3400231.7927185036, 410477.3738420745 3399731.7927185036, 410977.3738420745 3399731.7927185036))"
1274,68,25,410727.3738420745,3400481.7927185036,"POLYGON ((410977.3738420745 3400231.7927185036, 410977.3738420745 3400731.7927185036, 410477.3738420745 3400731.7927185036, 410477.3738420745 3400231.7927185036, 410977.3738420745 3400231.7927185036))"
1275,69,25,410727.3738420745,3400981.7927185036,"POLYGON ((410977.3738420745 3400731.7927185036, 410977.3738420745 3401231.7927185036, 410477.3738420745 3401231.7927185036, 410477.3738420745 3400731.7927185036, 410977.3738420745 3400731.7927185036))"
1276,70,25,410727.3738420745,3401481.7927185036,"POLYGON ((410977.3738420745 3401231.7927185036, 410977.3738420745 3401731.7927185036, 410477.3738420745 3401731.7927185036, 410477.3738420745 3401231.7927185036, 410977.3738420745 3401231.7927185036))"
1277,71,25,410727.3738420745,3401981.7927185036,"POLYGON ((410977.3738420745 3401731.7927185036, 410977.3738420745 3402231.7927185036, 410477.3738420745 3402231.7927185036, 410477.3738420745 3401731.7927185036, 410977.3738420745 3401731.7927185036))"
1278,72,25,410727.3738420745,3402481.7927185036,"POLYGON ((410977.3738420745 3402231.7927185036, 410977.3738420745 3402731.7927185036, 410477.3738420745 3402731.7927185036, 410477.3738420745 3402231.7927185036, 410977.3738420745 3402231.7927185036))"
1279,73,25,410727.3738420745,3402981.7927185036,"POLYGON ((410977.3738420745 3402731.7927185036, 410977.3738420745 3403231.7927185036, 410477.3738420745 3403231.7927185036, 410477.3738420745 3402731.7927185036, 410977.3738420745 3402731.7927185036))"
1280,1,26,411227.3738420745,3366981.7927185036,"POLYGON ((411477.3738420745 3366731.7927185036, 411477.3738420745 3367231.7927185036, 410977.3738420745 3367231.7927185036, 410977.3738420745 3366731.7927185036, 411477.3738420745 3366731.7927185036))"
1281,2,26,411227.3738420745,3367481.7927185036,"POLYGON ((411477.3738420745 3367231.7927185036, 411477.3738420745 3367731.7927185036, 410977.3738420745 3367731.7927185036, 410977.3738420745 3367231.7927185036, 411477.3738420745 3367231.7927185036))"
1282,3,26,411227.3738420745,3367981.7927185036,"POLYGON ((411477.3738420745 3367731.7927185036, 411477.3738420745 3368231.7927185036, 410977.3738420745 3368231.7927185036, 410977.3738420745 3367731.7927185036, 411477.3738420745 3367731.7927185036))"
1283,4,26,411227.3738420745,3368481.7927185036,"POLYGON ((411477.3738420745 3368231.7927185036, 411477.3738420745 3368731.7927185036, 410977.3738420745 3368731.7927185036, 410977.3738420745 3368231.7927185036, 411477.3738420745 3368231.7927185036))"
1284,5,26,411227.3738420745,3368981.7927185036,"POLYGON ((411477.3738420745 3368731.7927185036, 411477.3738420745 3369231.7927185036, 410977.3738420745 3369231.7927185036, 410977.3738420745 3368731.7927185036, 411477.3738420745 3368731.7927185036))"
1285,6,26,411227.3738420745,3369481.7927185036,"POLYGON ((411477.3738420745 3369231.7927185036, 411477.3738420745 3369731.7927185036, 410977.3738420745 3369731.7927185036, 410977.3738420745 3369231.7927185036, 411477.3738420745 3369231.7927185036))"
1286,7,26,411227.3738420745,3369981.7927185036,"POLYGON ((411477.3738420745 3369731.7927185036, 411477.3738420745 3370231.7927185036, 410977.3738420745 3370231.7927185036, 410977.3738420745 3369731.7927185036, 411477.3738420745 3369731.7927185036))"
1287,8,26,411227.3738420745,3370481.7927185036,"POLYGON ((411477.3738420745 3370231.7927185036, 411477.3738420745 3370731.7927185036, 410977.3738420745 3370731.7927185036, 410977.3738420745 3370231.7927185036, 411477.3738420745 3370231.7927185036))"
1288,9,26,411227.3738420745,3370981.7927185036,"POLYGON ((411477.3738420745 3370731.7927185036, 411477.3738420745 3371231.7927185036, 410977.3738420745 3371231.7927185036, 410977.3738420745 3370731.7927185036, 411477.3738420745 3370731.7927185036))"
1289,10,26,411227.3738420745,3371481.7927185036,"POLYGON ((411477.3738420745 3371231.7927185036, 411477.3738420745 3371731.7927185036, 410977.3738420745 3371731.7927185036, 410977.3738420745 3371231.7927185036, 411477.3738420745 3371231.7927185036))"
1290,11,26,411227.3738420745,3371981.7927185036,"POLYGON ((411477.3738420745 3371731.7927185036, 411477.3738420745 3372231.7927185036, 410977.3738420745 3372231.7927185036, 410977.3738420745 3371731.7927185036, 411477.3738420745 3371731.7927185036))"
1291,12,26,411227.3738420745,3372481.7927185036,"POLYGON ((411477.3738420745 3372231.7927185036, 411477.3738420745 3372731.7927185036, 410977.3738420745 3372731.7927185036, 410977.3738420745 3372231.7927185036, 411477.3738420745 3372231.7927185036))"
1292,13,26,411227.3738420745,3372981.7927185036,"POLYGON ((411477.3738420745 3372731.7927185036, 411477.3738420745 3373231.7927185036, 410977.3738420745 3373231.7927185036, 410977.3738420745 3372731.7927185036, 411477.3738420745 3372731.7927185036))"
1293,14,26,411227.3738420745,3373481.7927185036,"POLYGON ((411477.3738420745 3373231.7927185036, 411477.3738420745 3373731.7927185036, 410977.3738420745 3373731.7927185036, 410977.3738420745 3373231.7927185036, 411477.3738420745 3373231.7927185036))"
1294,15,26,411227.3738420745,3373981.7927185036,"POLYGON ((411477.3738420745 3373731.7927185036, 411477.3738420745 3374231.7927185036, 410977.3738420745 3374231.7927185036, 410977.3738420745 3373731.7927185036, 411477.3738420745 3373731.7927185036))"
1295,16,26,411227.3738420745,3374481.7927185036,"POLYGON ((411477.3738420745 3374231.7927185036, 411477.3738420745 3374731.7927185036, 410977.3738420745 3374731.7927185036, 410977.3738420745 3374231.7927185036, 411477.3738420745 3374231.7927185036))"
1296,17,26,411227.3738420745,3374981.7927185036,"POLYGON ((411477.3738420745 3374731.7927185036, 411477.3738420745 3375231.7927185036, 410977.3738420745 3375231.7927185036, 410977.3738420745 3374731.7927185036, 411477.3738420745 3374731.7927185036))"
1297,18,26,411227.3738420745,3375481.7927185036,"POLYGON ((411477.3738420745 3375231.7927185036, 411477.3738420745 3375731.7927185036, 410977.3738420745 3375731.7927185036, 410977.3738420745 3375231.7927185036, 411477.3738420745 3375231.7927185036))"
1298,19,26,411227.3738420745,3375981.7927185036,"POLYGON ((411477.3738420745 3375731.7927185036, 411477.3738420745 3376231.7927185036, 410977.3738420745 3376231.7927185036, 410977.3738420745 3375731.7927185036, 411477.3738420745 3375731.7927185036))"
1299,20,26,411227.3738420745,3376481.7927185036,"POLYGON ((411477.3738420745 3376231.7927185036, 411477.3738420745 3376731.7927185036, 410977.3738420745 3376731.7927185036, 410977.3738420745 3376231.7927185036, 411477.3738420745 3376231.7927185036))"
1300,21,26,411227.3738420745,3376981.7927185036,"POLYGON ((411477.3738420745 3376731.7927185036, 411477.3738420745 3377231.7927185036, 410977.3738420745 3377231.7927185036, 410977.3738420745 3376731.7927185036, 411477.3738420745 3376731.7927185036))"
1301,22,26,411227.3738420745,3377481.7927185036,"POLYGON ((411477.3738420745 3377231.7927185036, 411477.3738420745 3377731.7927185036, 410977.3738420745 3377731.7927185036, 410977.3738420745 3377231.7927185036, 411477.3738420745 3377231.7927185036))"
1302,23,26,411227.3738420745,3377981.7927185036,"POLYGON ((411477.3738420745 3377731.7927185036, 411477.3738420745 3378231.7927185036, 410977.3738420745 3378231.7927185036, 410977.3738420745 3377731.7927185036, 411477.3738420745 3377731.7927185036))"
1303,24,26,411227.3738420745,3378481.7927185036,"POLYGON ((411477.3738420745 3378231.7927185036, 411477.3738420745 3378731.7927185036, 410977.3738420745 3378731.7927185036, 410977.3738420745 3378231.7927185036, 411477.3738420745 3378231.7927185036))"
1304,25,26,411227.3738420745,3378981.7927185036,"POLYGON ((411477.3738420745 3378731.7927185036, 411477.3738420745 3379231.7927185036, 410977.3738420745 3379231.7927185036, 410977.3738420745 3378731.7927185036, 411477.3738420745 3378731.7927185036))"
1305,26,26,411227.3738420745,3379481.7927185036,"POLYGON ((411477.3738420745 3379231.7927185036, 411477.3738420745 3379731.7927185036, 410977.3738420745 3379731.7927185036, 410977.3738420745 3379231.7927185036, 411477.3738420745 3379231.7927185036))"
1306,27,26,411227.3738420745,3379981.7927185036,"POLYGON ((411477.3738420745 3379731.7927185036, 411477.3738420745 3380231.7927185036, 410977.3738420745 3380231.7927185036, 410977.3738420745 3379731.7927185036, 411477.3738420745 3379731.7927185036))"
1307,28,26,411227.3738420745,3380481.7927185036,"POLYGON ((411477.3738420745 3380231.7927185036, 411477.3738420745 3380731.7927185036, 410977.3738420745 3380731.7927185036, 410977.3738420745 3380231.7927185036, 411477.3738420745 3380231.7927185036))"
1308,29,26,411227.3738420745,3380981.7927185036,"POLYGON ((411477.3738420745 3380731.7927185036, 411477.3738420745 3381231.7927185036, 410977.3738420745 3381231.7927185036, 410977.3738420745 3380731.7927185036, 411477.3738420745 3380731.7927185036))"
1309,30,26,411227.3738420745,3381481.7927185036,"POLYGON ((411477.3738420745 3381231.7927185036, 411477.3738420745 3381731.7927185036, 410977.3738420745 3381731.7927185036, 410977.3738420745 3381231.7927185036, 411477.3738420745 3381231.7927185036))"
1310,31,26,411227.3738420745,3381981.7927185036,"POLYGON ((411477.3738420745 3381731.7927185036, 411477.3738420745 3382231.7927185036, 410977.3738420745 3382231.7927185036, 410977.3738420745 3381731.7927185036, 411477.3738420745 3381731.7927185036))"
1311,32,26,411227.3738420745,3382481.7927185036,"POLYGON ((411477.3738420745 3382231.7927185036, 411477.3738420745 3382731.7927185036, 410977.3738420745 3382731.7927185036, 410977.3738420745 3382231.7927185036, 411477.3738420745 3382231.7927185036))"
1312,33,26,411227.3738420745,3382981.7927185036,"POLYGON ((411477.3738420745 3382731.7927185036, 411477.3738420745 3383231.7927185036, 410977.3738420745 3383231.7927185036, 410977.3738420745 3382731.7927185036, 411477.3738420745 3382731.7927185036))"
1313,34,26,411227.3738420745,3383481.7927185036,"POLYGON ((411477.3738420745 3383231.7927185036, 411477.3738420745 3383731.7927185036, 410977.3738420745 3383731.7927185036, 410977.3738420745 3383231.7927185036, 411477.3738420745 3383231.7927185036))"
1314,35,26,411227.3738420745,3383981.7927185036,"POLYGON ((411477.3738420745 3383731.7927185036, 411477.3738420745 3384231.7927185036, 410977.3738420745 3384231.7927185036, 410977.3738420745 3383731.7927185036, 411477.3738420745 3383731.7927185036))"
1315,36,26,411227.3738420745,3384481.7927185036,"POLYGON ((411477.3738420745 3384231.7927185036, 411477.3738420745 3384731.7927185036, 410977.3738420745 3384731.7927185036, 410977.3738420745 3384231.7927185036, 411477.3738420745 3384231.7927185036))"
1316,37,26,411227.3738420745,3384981.7927185036,"POLYGON ((411477.3738420745 3384731.7927185036, 411477.3738420745 3385231.7927185036, 410977.3738420745 3385231.7927185036, 410977.3738420745 3384731.7927185036, 411477.3738420745 3384731.7927185036))"
1317,38,26,411227.3738420745,3385481.7927185036,"POLYGON ((411477.3738420745 3385231.7927185036, 411477.3738420745 3385731.7927185036, 410977.3738420745 3385731.7927185036, 410977.3738420745 3385231.7927185036, 411477.3738420745 3385231.7927185036))"
1318,39,26,411227.3738420745,3385981.7927185036,"POLYGON ((411477.3738420745 3385731.7927185036, 411477.3738420745 3386231.7927185036, 410977.3738420745 3386231.7927185036, 410977.3738420745 3385731.7927185036, 411477.3738420745 3385731.7927185036))"
1319,40,26,411227.3738420745,3386481.7927185036,"POLYGON ((411477.3738420745 3386231.7927185036, 411477.3738420745 3386731.7927185036, 410977.3738420745 3386731.7927185036, 410977.3738420745 3386231.7927185036, 411477.3738420745 3386231.7927185036))"
1320,41,26,411227.3738420745,3386981.7927185036,"POLYGON ((411477.3738420745 3386731.7927185036, 411477.3738420745 3387231.7927185036, 410977.3738420745 3387231.7927185036, 410977.3738420745 3386731.7927185036, 411477.3738420745 3386731.7927185036))"
1321,42,26,411227.3738420745,3387481.7927185036,"POLYGON ((411477.3738420745 3387231.7927185036, 411477.3738420745 3387731.7927185036, 410977.3738420745 3387731.7927185036, 410977.3738420745 3387231.7927185036, 411477.3738420745 3387231.7927185036))"
1322,43,26,411227.3738420745,3387981.7927185036,"POLYGON ((411477.3738420745 3387731.7927185036, 411477.3738420745 3388231.7927185036, 410977.3738420745 3388231.7927185036, 410977.3738420745 3387731.7927185036, 411477.3738420745 3387731.7927185036))"
1323,44,26,411227.3738420745,3388481.7927185036,"POLYGON ((411477.3738420745 3388231.7927185036, 411477.3738420745 3388731.7927185036, 410977.3738420745 3388731.7927185036, 410977.3738420745 3388231.7927185036, 411477.3738420745 3388231.7927185036))"
1324,45,26,411227.3738420745,3388981.7927185036,"POLYGON ((411477.3738420745 3388731.7927185036, 411477.3738420745 3389231.7927185036, 410977.3738420745 3389231.7927185036, 410977.3738420745 3388731.7927185036, 411477.3738420745 3388731.7927185036))"
1325,46,26,411227.3738420745,3389481.7927185036,"POLYGON ((411477.3738420745 3389231.7927185036, 411477.3738420745 3389731.7927185036, 410977.3738420745 3389731.7927185036, 410977.3738420745 3389231.7927185036, 411477.3738420745 3389231.7927185036))"
1326,47,26,411227.3738420745,3389981.7927185036,"POLYGON ((411477.3738420745 3389731.7927185036, 411477.3738420745 3390231.7927185036, 410977.3738420745 3390231.7927185036, 410977.3738420745 3389731.7927185036, 411477.3738420745 3389731.7927185036))"
1327,48,26,411227.3738420745,3390481.7927185036,"POLYGON ((411477.3738420745 3390231.7927185036, 411477.3738420745 3390731.7927185036, 410977.3738420745 3390731.7927185036, 410977.3738420745 3390231.7927185036, 411477.3738420745 3390231.7927185036))"
1328,49,26,411227.3738420745,3390981.7927185036,"POLYGON ((411477.3738420745 3390731.7927185036, 411477.3738420745 3391231.7927185036, 410977.3738420745 3391231.7927185036, 410977.3738420745 3390731.7927185036, 411477.3738420745 3390731.7927185036))"
1329,50,26,411227.3738420745,3391481.7927185036,"POLYGON ((411477.3738420745 3391231.7927185036, 411477.3738420745 3391731.7927185036, 410977.3738420745 3391731.7927185036, 410977.3738420745 3391231.7927185036, 411477.3738420745 3391231.7927185036))"
1330,51,26,411227.3738420745,3391981.7927185036,"POLYGON ((411477.3738420745 3391731.7927185036, 411477.3738420745 3392231.7927185036, 410977.3738420745 3392231.7927185036, 410977.3738420745 3391731.7927185036, 411477.3738420745 3391731.7927185036))"
1331,52,26,411227.3738420745,3392481.7927185036,"POLYGON ((411477.3738420745 3392231.7927185036, 411477.3738420745 3392731.7927185036, 410977.3738420745 3392731.7927185036, 410977.3738420745 3392231.7927185036, 411477.3738420745 3392231.7927185036))"
1332,53,26,411227.3738420745,3392981.7927185036,"POLYGON ((411477.3738420745 3392731.7927185036, 411477.3738420745 3393231.7927185036, 410977.3738420745 3393231.7927185036, 410977.3738420745 3392731.7927185036, 411477.3738420745 3392731.7927185036))"
1333,54,26,411227.3738420745,3393481.7927185036,"POLYGON ((411477.3738420745 3393231.7927185036, 411477.3738420745 3393731.7927185036, 410977.3738420745 3393731.7927185036, 410977.3738420745 3393231.7927185036, 411477.3738420745 3393231.7927185036))"
1334,55,26,411227.3738420745,3393981.7927185036,"POLYGON ((411477.3738420745 3393731.7927185036, 411477.3738420745 3394231.7927185036, 410977.3738420745 3394231.7927185036, 410977.3738420745 3393731.7927185036, 411477.3738420745 3393731.7927185036))"
1335,56,26,411227.3738420745,3394481.7927185036,"POLYGON ((411477.3738420745 3394231.7927185036, 411477.3738420745 3394731.7927185036, 410977.3738420745 3394731.7927185036, 410977.3738420745 3394231.7927185036, 411477.3738420745 3394231.7927185036))"
1336,57,26,411227.3738420745,3394981.7927185036,"POLYGON ((411477.3738420745 3394731.7927185036, 411477.3738420745 3395231.7927185036, 410977.3738420745 3395231.7927185036, 410977.3738420745 3394731.7927185036, 411477.3738420745 3394731.7927185036))"
1337,58,26,411227.3738420745,3395481.7927185036,"POLYGON ((411477.3738420745 3395231.7927185036, 411477.3738420745 3395731.7927185036, 410977.3738420745 3395731.7927185036, 410977.3738420745 3395231.7927185036, 411477.3738420745 3395231.7927185036))"
1338,59,26,411227.3738420745,3395981.7927185036,"POLYGON ((411477.3738420745 3395731.7927185036, 411477.3738420745 3396231.7927185036, 410977.3738420745 3396231.7927185036, 410977.3738420745 3395731.7927185036, 411477.3738420745 3395731.7927185036))"
1339,60,26,411227.3738420745,3396481.7927185036,"POLYGON ((411477.3738420745 3396231.7927185036, 411477.3738420745 3396731.7927185036, 410977.3738420745 3396731.7927185036, 410977.3738420745 3396231.7927185036, 411477.3738420745 3396231.7927185036))"
1340,61,26,411227.3738420745,3396981.7927185036,"POLYGON ((411477.3738420745 3396731.7927185036, 411477.3738420745 3397231.7927185036, 410977.3738420745 3397231.7927185036, 410977.3738420745 3396731.7927185036, 411477.3738420745 3396731.7927185036))"
1341,62,26,411227.3738420745,3397481.7927185036,"POLYGON ((411477.3738420745 3397231.7927185036, 411477.3738420745 3397731.7927185036, 410977.3738420745 3397731.7927185036, 410977.3738420745 3397231.7927185036, 411477.3738420745 3397231.7927185036))"
1342,63,26,411227.3738420745,3397981.7927185036,"POLYGON ((411477.3738420745 3397731.7927185036, 411477.3738420745 3398231.7927185036, 410977.3738420745 3398231.7927185036, 410977.3738420745 3397731.7927185036, 411477.3738420745 3397731.7927185036))"
1343,64,26,411227.3738420745,3398481.7927185036,"POLYGON ((411477.3738420745 3398231.7927185036, 411477.3738420745 3398731.7927185036, 410977.3738420745 3398731.7927185036, 410977.3738420745 3398231.7927185036, 411477.3738420745 3398231.7927185036))"
1344,65,26,411227.3738420745,3398981.7927185036,"POLYGON ((411477.3738420745 3398731.7927185036, 411477.3738420745 3399231.7927185036, 410977.3738420745 3399231.7927185036, 410977.3738420745 3398731.7927185036, 411477.3738420745 3398731.7927185036))"
1345,66,26,411227.3738420745,3399481.7927185036,"POLYGON ((411477.3738420745 3399231.7927185036, 411477.3738420745 3399731.7927185036, 410977.3738420745 3399731.7927185036, 410977.3738420745 3399231.7927185036, 411477.3738420745 3399231.7927185036))"
1346,67,26,411227.3738420745,3399981.7927185036,"POLYGON ((411477.3738420745 3399731.7927185036, 411477.3738420745 3400231.7927185036, 410977.3738420745 3400231.7927185036, 410977.3738420745 3399731.7927185036, 411477.3738420745 3399731.7927185036))"
1347,68,26,411227.3738420745,3400481.7927185036,"POLYGON ((411477.3738420745 3400231.7927185036, 411477.3738420745 3400731.7927185036, 410977.3738420745 3400731.7927185036, 410977.3738420745 3400231.7927185036, 411477.3738420745 3400231.7927185036))"
1348,69,26,411227.3738420745,3400981.7927185036,"POLYGON ((411477.3738420745 3400731.7927185036, 411477.3738420745 3401231.7927185036, 410977.3738420745 3401231.7927185036, 410977.3738420745 3400731.7927185036, 411477.3738420745 3400731.7927185036))"
1349,70,26,411227.3738420745,3401481.7927185036,"POLYGON ((411477.3738420745 3401231.7927185036, 411477.3738420745 3401731.7927185036, 410977.3738420745 3401731.7927185036, 410977.3738420745 3401231.7927185036, 411477.3738420745 3401231.7927185036))"
1350,71,26,411227.3738420745,3401981.7927185036,"POLYGON ((411477.3738420745 3401731.7927185036, 411477.3738420745 3402231.7927185036, 410977.3738420745 3402231.7927185036, 410977.3738420745 3401731.7927185036, 411477.3738420745 3401731.7927185036))"
1351,72,26,411227.3738420745,3402481.7927185036,"POLYGON ((411477.3738420745 3402231.7927185036, 411477.3738420745 3402731.7927185036, 410977.3738420745 3402731.7927185036, 410977.3738420745 3402231.7927185036, 411477.3738420745 3402231.7927185036))"
1352,73,26,411227.3738420745,3402981.7927185036,"POLYGON ((411477.3738420745 3402731.7927185036, 411477.3738420745 3403231.7927185036, 410977.3738420745 3403231.7927185036, 410977.3738420745 3402731.7927185036, 411477.3738420745 3402731.7927185036))"
1353,1,27,411727.3738420745,3366981.7927185036,"POLYGON ((411977.3738420745 3366731.7927185036, 411977.3738420745 3367231.7927185036, 411477.3738420745 3367231.7927185036, 411477.3738420745 3366731.7927185036, 411977.3738420745 3366731.7927185036))"
1354,2,27,411727.3738420745,3367481.7927185036,"POLYGON ((411977.3738420745 3367231.7927185036, 411977.3738420745 3367731.7927185036, 411477.3738420745 3367731.7927185036, 411477.3738420745 3367231.7927185036, 411977.3738420745 3367231.7927185036))"
1355,3,27,411727.3738420745,3367981.7927185036,"POLYGON ((411977.3738420745 3367731.7927185036, 411977.3738420745 3368231.7927185036, 411477.3738420745 3368231.7927185036, 411477.3738420745 3367731.7927185036, 411977.3738420745 3367731.7927185036))"
1356,4,27,411727.3738420745,3368481.7927185036,"POLYGON ((411977.3738420745 3368231.7927185036, 411977.3738420745 3368731.7927185036, 411477.3738420745 3368731.7927185036, 411477.3738420745 3368231.7927185036, 411977.3738420745 3368231.7927185036))"
1357,5,27,411727.3738420745,3368981.7927185036,"POLYGON ((411977.3738420745 3368731.7927185036, 411977.3738420745 3369231.7927185036, 411477.3738420745 3369231.7927185036, 411477.3738420745 3368731.7927185036, 411977.3738420745 3368731.7927185036))"
1358,6,27,411727.3738420745,3369481.7927185036,"POLYGON ((411977.3738420745 3369231.7927185036, 411977.3738420745 3369731.7927185036, 411477.3738420745 3369731.7927185036, 411477.3738420745 3369231.7927185036, 411977.3738420745 3369231.7927185036))"
1359,7,27,411727.3738420745,3369981.7927185036,"POLYGON ((411977.3738420745 3369731.7927185036, 411977.3738420745 3370231.7927185036, 411477.3738420745 3370231.7927185036, 411477.3738420745 3369731.7927185036, 411977.3738420745 3369731.7927185036))"
1360,8,27,411727.3738420745,3370481.7927185036,"POLYGON ((411977.3738420745 3370231.7927185036, 411977.3738420745 3370731.7927185036, 411477.3738420745 3370731.7927185036, 411477.3738420745 3370231.7927185036, 411977.3738420745 3370231.7927185036))"
1361,9,27,411727.3738420745,3370981.7927185036,"POLYGON ((411977.3738420745 3370731.7927185036, 411977.3738420745 3371231.7927185036, 411477.3738420745 3371231.7927185036, 411477.3738420745 3370731.7927185036, 411977.3738420745 3370731.7927185036))"
1362,10,27,411727.3738420745,3371481.7927185036,"POLYGON ((411977.3738420745 3371231.7927185036, 411977.3738420745 3371731.7927185036, 411477.3738420745 3371731.7927185036, 411477.3738420745 3371231.7927185036, 411977.3738420745 3371231.7927185036))"
1363,11,27,411727.3738420745,3371981.7927185036,"POLYGON ((411977.3738420745 3371731.7927185036, 411977.3738420745 3372231.7927185036, 411477.3738420745 3372231.7927185036, 411477.3738420745 3371731.7927185036, 411977.3738420745 3371731.7927185036))"
1364,12,27,411727.3738420745,3372481.7927185036,"POLYGON ((411977.3738420745 3372231.7927185036, 411977.3738420745 3372731.7927185036, 411477.3738420745 3372731.7927185036, 411477.3738420745 3372231.7927185036, 411977.3738420745 3372231.7927185036))"
1365,13,27,411727.3738420745,3372981.7927185036,"POLYGON ((411977.3738420745 3372731.7927185036, 411977.3738420745 3373231.7927185036, 411477.3738420745 3373231.7927185036, 411477.3738420745 3372731.7927185036, 411977.3738420745 3372731.7927185036))"
1366,14,27,411727.3738420745,3373481.7927185036,"POLYGON ((411977.3738420745 3373231.7927185036, 411977.3738420745 3373731.7927185036, 411477.3738420745 3373731.7927185036, 411477.3738420745 3373231.7927185036, 411977.3738420745 3373231.7927185036))"
1367,15,27,411727.3738420745,3373981.7927185036,"POLYGON ((411977.3738420745 3373731.7927185036, 411977.3738420745 3374231.7927185036, 411477.3738420745 3374231.7927185036, 411477.3738420745 3373731.7927185036, 411977.3738420745 3373731.7927185036))"
1368,16,27,411727.3738420745,3374481.7927185036,"POLYGON ((411977.3738420745 3374231.7927185036, 411977.3738420745 3374731.7927185036, 411477.3738420745 3374731.7927185036, 411477.3738420745 3374231.7927185036, 411977.3738420745 3374231.7927185036))"
1369,17,27,411727.3738420745,3374981.7927185036,"POLYGON ((411977.3738420745 3374731.7927185036, 411977.3738420745 3375231.7927185036, 411477.3738420745 3375231.7927185036, 411477.3738420745 3374731.7927185036, 411977.3738420745 3374731.7927185036))"
1370,18,27,411727.3738420745,3375481.7927185036,"POLYGON ((411977.3738420745 3375231.7927185036, 411977.3738420745 3375731.7927185036, 411477.3738420745 3375731.7927185036, 411477.3738420745 3375231.7927185036, 411977.3738420745 3375231.7927185036))"
1371,19,27,411727.3738420745,3375981.7927185036,"POLYGON ((411977.3738420745 3375731.7927185036, 411977.3738420745 3376231.7927185036, 411477.3738420745 3376231.7927185036, 411477.3738420745 3375731.7927185036, 411977.3738420745 3375731.7927185036))"
1372,20,27,411727.3738420745,3376481.7927185036,"POLYGON ((411977.3738420745 3376231.7927185036, 411977.3738420745 3376731.7927185036, 411477.3738420745 3376731.7927185036, 411477.3738420745 3376231.7927185036, 411977.3738420745 3376231.7927185036))"
1373,21,27,411727.3738420745,3376981.7927185036,"POLYGON ((411977.3738420745 3376731.7927185036, 411977.3738420745 3377231.7927185036, 411477.3738420745 3377231.7927185036, 411477.3738420745 3376731.7927185036, 411977.3738420745 3376731.7927185036))"
1374,22,27,411727.3738420745,3377481.7927185036,"POLYGON ((411977.3738420745 3377231.7927185036, 411977.3738420745 3377731.7927185036, 411477.3738420745 3377731.7927185036, 411477.3738420745 3377231.7927185036, 411977.3738420745 3377231.7927185036))"
1375,23,27,411727.3738420745,3377981.7927185036,"POLYGON ((411977.3738420745 3377731.7927185036, 411977.3738420745 3378231.7927185036, 411477.3738420745 3378231.7927185036, 411477.3738420745 3377731.7927185036, 411977.3738420745 3377731.7927185036))"
1376,24,27,411727.3738420745,3378481.7927185036,"POLYGON ((411977.3738420745 3378231.7927185036, 411977.3738420745 3378731.7927185036, 411477.3738420745 3378731.7927185036, 411477.3738420745 3378231.7927185036, 411977.3738420745 3378231.7927185036))"
1377,25,27,411727.3738420745,3378981.7927185036,"POLYGON ((411977.3738420745 3378731.7927185036, 411977.3738420745 3379231.7927185036, 411477.3738420745 3379231.7927185036, 411477.3738420745 3378731.7927185036, 411977.3738420745 3378731.7927185036))"
1378,26,27,411727.3738420745,3379481.7927185036,"POLYGON ((411977.3738420745 3379231.7927185036, 411977.3738420745 3379731.7927185036, 411477.3738420745 3379731.7927185036, 411477.3738420745 3379231.7927185036, 411977.3738420745 3379231.7927185036))"
1379,27,27,411727.3738420745,3379981.7927185036,"POLYGON ((411977.3738420745 3379731.7927185036, 411977.3738420745 3380231.7927185036, 411477.3738420745 3380231.7927185036, 411477.3738420745 3379731.7927185036, 411977.3738420745 3379731.7927185036))"
1380,28,27,411727.3738420745,3380481.7927185036,"POLYGON ((411977.3738420745 3380231.7927185036, 411977.3738420745 3380731.7927185036, 411477.3738420745 3380731.7927185036, 411477.3738420745 3380231.7927185036, 411977.3738420745 3380231.7927185036))"
1381,29,27,411727.3738420745,3380981.7927185036,"POLYGON ((411977.3738420745 3380731.7927185036, 411977.3738420745 3381231.7927185036, 411477.3738420745 3381231.7927185036, 411477.3738420745 3380731.7927185036, 411977.3738420745 3380731.7927185036))"
1382,30,27,411727.3738420745,3381481.7927185036,"POLYGON ((411977.3738420745 3381231.7927185036, 411977.3738420745 3381731.7927185036, 411477.3738420745 3381731.7927185036, 411477.3738420745 3381231.7927185036, 411977.3738420745 3381231.7927185036))"
1383,31,27,411727.3738420745,3381981.7927185036,"POLYGON ((411977.3738420745 3381731.7927185036, 411977.3738420745 3382231.7927185036, 411477.3738420745 3382231.7927185036, 411477.3738420745 3381731.7927185036, 411977.3738420745 3381731.7927185036))"
1384,32,27,411727.3738420745,3382481.7927185036,"POLYGON ((411977.3738420745 3382231.7927185036, 411977.3738420745 3382731.7927185036, 411477.3738420745 3382731.7927185036, 411477.3738420745 3382231.7927185036, 411977.3738420745 3382231.7927185036))"
1385,33,27,411727.3738420745,3382981.7927185036,"POLYGON ((411977.3738420745 3382731.7927185036, 411977.3738420745 3383231.7927185036, 411477.3738420745 3383231.7927185036, 411477.3738420745 3382731.7927185036, 411977.3738420745 3382731.7927185036))"
1386,34,27,411727.3738420745,3383481.7927185036,"POLYGON ((411977.3738420745 3383231.7927185036, 411977.3738420745 3383731.7927185036, 411477.3738420745 3383731.7927185036, 411477.3738420745 3383231.7927185036, 411977.3738420745 3383231.7927185036))"
1387,35,27,411727.3738420745,3383981.7927185036,"POLYGON ((411977.3738420745 3383731.7927185036, 411977.3738420745 3384231.7927185036, 411477.3738420745 3384231.7927185036, 411477.3738420745 3383731.7927185036, 411977.3738420745 3383731.7927185036))"
1388,36,27,411727.3738420745,3384481.7927185036,"POLYGON ((411977.3738420745 3384231.7927185036, 411977.3738420745 3384731.7927185036, 411477.3738420745 3384731.7927185036, 411477.3738420745 3384231.7927185036, 411977.3738420745 3384231.7927185036))"
1389,37,27,411727.3738420745,3384981.7927185036,"POLYGON ((411977.3738420745 3384731.7927185036, 411977.3738420745 3385231.7927185036, 411477.3738420745 3385231.7927185036, 411477.3738420745 3384731.7927185036, 411977.3738420745 3384731.7927185036))"
1390,38,27,411727.3738420745,3385481.7927185036,"POLYGON ((411977.3738420745 3385231.7927185036, 411977.3738420745 3385731.7927185036, 411477.3738420745 3385731.7927185036, 411477.3738420745 3385231.7927185036, 411977.3738420745 3385231.7927185036))"
1391,39,27,411727.3738420745,3385981.7927185036,"POLYGON ((411977.3738420745 3385731.7927185036, 411977.3738420745 3386231.7927185036, 411477.3738420745 3386231.7927185036, 411477.3738420745 3385731.7927185036, 411977.3738420745 3385731.7927185036))"
1392,40,27,411727.3738420745,3386481.7927185036,"POLYGON ((411977.3738420745 3386231.7927185036, 411977.3738420745 3386731.7927185036, 411477.3738420745 3386731.7927185036, 411477.3738420745 3386231.7927185036, 411977.3738420745 3386231.7927185036))"
1393,41,27,411727.3738420745,3386981.7927185036,"POLYGON ((411977.3738420745 3386731.7927185036, 411977.3738420745 3387231.7927185036, 411477.3738420745 3387231.7927185036, 411477.3738420745 3386731.7927185036, 411977.3738420745 3386731.7927185036))"
1394,42,27,411727.3738420745,3387481.7927185036,"POLYGON ((411977.3738420745 3387231.7927185036, 411977.3738420745 3387731.7927185036, 411477.3738420745 3387731.7927185036, 411477.3738420745 3387231.7927185036, 411977.3738420745 3387231.7927185036))"
1395,43,27,411727.3738420745,3387981.7927185036,"POLYGON ((411977.3738420745 3387731.7927185036, 411977.3738420745 3388231.7927185036, 411477.3738420745 3388231.7927185036, 411477.3738420745 3387731.7927185036, 411977.3738420745 3387731.7927185036))"
1396,44,27,411727.3738420745,3388481.7927185036,"POLYGON ((411977.3738420745 3388231.7927185036, 411977.3738420745 3388731.7927185036, 411477.3738420745 3388731.7927185036, 411477.3738420745 3388231.7927185036, 411977.3738420745 3388231.7927185036))"
1397,45,27,411727.3738420745,3388981.7927185036,"POLYGON ((411977.3738420745 3388731.7927185036, 411977.3738420745 3389231.7927185036, 411477.3738420745 3389231.7927185036, 411477.3738420745 3388731.7927185036, 411977.3738420745 3388731.7927185036))"
1398,46,27,411727.3738420745,3389481.7927185036,"POLYGON ((411977.3738420745 3389231.7927185036, 411977.3738420745 3389731.7927185036, 411477.3738420745 3389731.7927185036, 411477.3738420745 3389231.7927185036, 411977.3738420745 3389231.7927185036))"
1399,47,27,411727.3738420745,3389981.7927185036,"POLYGON ((411977.3738420745 3389731.7927185036, 411977.3738420745 3390231.7927185036, 411477.3738420745 3390231.7927185036, 411477.3738420745 3389731.7927185036, 411977.3738420745 3389731.7927185036))"
1400,48,27,411727.3738420745,3390481.7927185036,"POLYGON ((411977.3738420745 3390231.7927185036, 411977.3738420745 3390731.7927185036, 411477.3738420745 3390731.7927185036, 411477.3738420745 3390231.7927185036, 411977.3738420745 3390231.7927185036))"
1401,49,27,411727.3738420745,3390981.7927185036,"POLYGON ((411977.3738420745 3390731.7927185036, 411977.3738420745 3391231.7927185036, 411477.3738420745 3391231.7927185036, 411477.3738420745 3390731.7927185036, 411977.3738420745 3390731.7927185036))"
1402,50,27,411727.3738420745,3391481.7927185036,"POLYGON ((411977.3738420745 3391231.7927185036, 411977.3738420745 3391731.7927185036, 411477.3738420745 3391731.7927185036, 411477.3738420745 3391231.7927185036, 411977.3738420745 3391231.7927185036))"
1403,51,27,411727.3738420745,3391981.7927185036,"POLYGON ((411977.3738420745 3391731.7927185036, 411977.3738420745 3392231.7927185036, 411477.3738420745 3392231.7927185036, 411477.3738420745 3391731.7927185036, 411977.3738420745 3391731.7927185036))"
1404,52,27,411727.3738420745,3392481.7927185036,"POLYGON ((411977.3738420745 3392231.7927185036, 411977.3738420745 3392731.7927185036, 411477.3738420745 3392731.7927185036, 411477.3738420745 3392231.7927185036, 411977.3738420745 3392231.7927185036))"
1405,53,27,411727.3738420745,3392981.7927185036,"POLYGON ((411977.3738420745 3392731.7927185036, 411977.3738420745 3393231.7927185036, 411477.3738420745 3393231.7927185036, 411477.3738420745 3392731.7927185036, 411977.3738420745 3392731.7927185036))"
1406,54,27,411727.3738420745,3393481.7927185036,"POLYGON ((411977.3738420745 3393231.7927185036, 411977.3738420745 3393731.7927185036, 411477.3738420745 3393731.7927185036, 411477.3738420745 3393231.7927185036, 411977.3738420745 3393231.7927185036))"
1407,55,27,411727.3738420745,3393981.7927185036,"POLYGON ((411977.3738420745 3393731.7927185036, 411977.3738420745 3394231.7927185036, 411477.3738420745 3394231.7927185036, 411477.3738420745 3393731.7927185036, 411977.3738420745 3393731.7927185036))"
1408,56,27,411727.3738420745,3394481.7927185036,"POLYGON ((411977.3738420745 3394231.7927185036, 411977.3738420745 3394731.7927185036, 411477.3738420745 3394731.7927185036, 411477.3738420745 3394231.7927185036, 411977.3738420745 3394231.7927185036))"
1409,57,27,411727.3738420745,3394981.7927185036,"POLYGON ((411977.3738420745 3394731.7927185036, 411977.3738420745 3395231.7927185036, 411477.3738420745 3395231.7927185036, 411477.3738420745 3394731.7927185036, 411977.3738420745 3394731.7927185036))"
1410,58,27,411727.3738420745,3395481.7927185036,"POLYGON ((411977.3738420745 3395231.7927185036, 411977.3738420745 3395731.7927185036, 411477.3738420745 3395731.7927185036, 411477.3738420745 3395231.7927185036, 411977.3738420745 3395231.7927185036))"
1411,59,27,411727.3738420745,3395981.7927185036,"POLYGON ((411977.3738420745 3395731.7927185036, 411977.3738420745 3396231.7927185036, 411477.3738420745 3396231.7927185036, 411477.3738420745 3395731.7927185036, 411977.3738420745 3395731.7927185036))"
1412,60,27,411727.3738420745,3396481.7927185036,"POLYGON ((411977.3738420745 3396231.7927185036, 411977.3738420745 3396731.7927185036, 411477.3738420745 3396731.7927185036, 411477.3738420745 3396231.7927185036, 411977.3738420745 3396231.7927185036))"
1413,61,27,411727.3738420745,3396981.7927185036,"POLYGON ((411977.3738420745 3396731.7927185036, 411977.3738420745 3397231.7927185036, 411477.3738420745 3397231.7927185036, 411477.3738420745 3396731.7927185036, 411977.3738420745 3396731.7927185036))"
1414,62,27,411727.3738420745,3397481.7927185036,"POLYGON ((411977.3738420745 3397231.7927185036, 411977.3738420745 3397731.7927185036, 411477.3738420745 3397731.7927185036, 411477.3738420745 3397231.7927185036, 411977.3738420745 3397231.7927185036))"
1415,63,27,411727.3738420745,3397981.7927185036,"POLYGON ((411977.3738420745 3397731.7927185036, 411977.3738420745 3398231.7927185036, 411477.3738420745 3398231.7927185036, 411477.3738420745 3397731.7927185036, 411977.3738420745 3397731.7927185036))"
1416,64,27,411727.3738420745,3398481.7927185036,"POLYGON ((411977.3738420745 3398231.7927185036, 411977.3738420745 3398731.7927185036, 411477.3738420745 3398731.7927185036, 411477.3738420745 3398231.7927185036, 411977.3738420745 3398231.7927185036))"
1417,65,27,411727.3738420745,3398981.7927185036,"POLYGON ((411977.3738420745 3398731.7927185036, 411977.3738420745 3399231.7927185036, 411477.3738420745 3399231.7927185036, 411477.3738420745 3398731.7927185036, 411977.3738420745 3398731.7927185036))"
1418,66,27,411727.3738420745,3399481.7927185036,"POLYGON ((411977.3738420745 3399231.7927185036, 411977.3738420745 3399731.7927185036, 411477.3738420745 3399731.7927185036, 411477.3738420745 3399231.7927185036, 411977.3738420745 3399231.7927185036))"
1419,67,27,411727.3738420745,3399981.7927185036,"POLYGON ((411977.3738420745 3399731.7927185036, 411977.3738420745 3400231.7927185036, 411477.3738420745 3400231.7927185036, 411477.3738420745 3399731.7927185036, 411977.3738420745 3399731.7927185036))"
1420,68,27,411727.3738420745,3400481.7927185036,"POLYGON ((411977.3738420745 3400231.7927185036, 411977.3738420745 3400731.7927185036, 411477.3738420745 3400731.7927185036, 411477.3738420745 3400231.7927185036, 411977.3738420745 3400231.7927185036))"
1421,69,27,411727.3738420745,3400981.7927185036,"POLYGON ((411977.3738420745 3400731.7927185036, 411977.3738420745 3401231.7927185036, 411477.3738420745 3401231.7927185036, 411477.3738420745 3400731.7927185036, 411977.3738420745 3400731.7927185036))"
1422,70,27,411727.3738420745,3401481.7927185036,"POLYGON ((411977.3738420745 3401231.7927185036, 411977.3738420745 3401731.7927185036, 411477.3738420745 3401731.7927185036, 411477.3738420745 3401231.7927185036, 411977.3738420745 3401231.7927185036))"
1423,71,27,411727.3738420745,3401981.7927185036,"POLYGON ((411977.3738420745 3401731.7927185036, 411977.3738420745 3402231.7927185036, 411477.3738420745 3402231.7927185036, 411477.3738420745 3401731.7927185036, 411977.3738420745 3401731.7927185036))"
1424,72,27,411727.3738420745,3402481.7927185036,"POLYGON ((411977.3738420745 3402231.7927185036, 411977.3738420745 3402731.7927185036, 411477.3738420745 3402731.7927185036, 411477.3738420745 3402231.7927185036, 411977.3738420745 3402231.7927185036))"
1425,73,27,411727.3738420745,3402981.7927185036,"POLYGON ((411977.3738420745 3402731.7927185036, 411977.3738420745 3403231.7927185036, 411477.3738420745 3403231.7927185036, 411477.3738420745 3402731.7927185036, 411977.3738420745 3402731.7927185036))"
1426,0,28,412227.3738420745,3366481.7927185036,"POLYGON ((412477.3738420745 3366231.7927185036, 412477.3738420745 3366731.7927185036, 411977.3738420745 3366731.7927185036, 411977.3738420745 3366231.7927185036, 412477.3738420745 3366231.7927185036))"
1427,1,28,412227.3738420745,3366981.7927185036,"POLYGON ((412477.3738420745 3366731.7927185036, 412477.3738420745 3367231.7927185036, 411977.3738420745 3367231.7927185036, 411977.3738420745 3366731.7927185036, 412477.3738420745 3366731.7927185036))"
1428,2,28,412227.3738420745,3367481.7927185036,"POLYGON ((412477.3738420745 3367231.7927185036, 412477.3738420745 3367731.7927185036, 411977.3738420745 3367731.7927185036, 411977.3738420745 3367231.7927185036, 412477.3738420745 3367231.7927185036))"
1429,3,28,412227.3738420745,3367981.7927185036,"POLYGON ((412477.3738420745 3367731.7927185036, 412477.3738420745 3368231.7927185036, 411977.3738420745 3368231.7927185036, 411977.3738420745 3367731.7927185036, 412477.3738420745 3367731.7927185036))"
1430,4,28,412227.3738420745,3368481.7927185036,"POLYGON ((412477.3738420745 3368231.7927185036, 412477.3738420745 3368731.7927185036, 411977.3738420745 3368731.7927185036, 411977.3738420745 3368231.7927185036, 412477.3738420745 3368231.7927185036))"
1431,5,28,412227.3738420745,3368981.7927185036,"POLYGON ((412477.3738420745 3368731.7927185036, 412477.3738420745 3369231.7927185036, 411977.3738420745 3369231.7927185036, 411977.3738420745 3368731.7927185036, 412477.3738420745 3368731.7927185036))"
1432,6,28,412227.3738420745,3369481.7927185036,"POLYGON ((412477.3738420745 3369231.7927185036, 412477.3738420745 3369731.7927185036, 411977.3738420745 3369731.7927185036, 411977.3738420745 3369231.7927185036, 412477.3738420745 3369231.7927185036))"
1433,7,28,412227.3738420745,3369981.7927185036,"POLYGON ((412477.3738420745 3369731.7927185036, 412477.3738420745 3370231.7927185036, 411977.3738420745 3370231.7927185036, 411977.3738420745 3369731.7927185036, 412477.3738420745 3369731.7927185036))"
1434,8,28,412227.3738420745,3370481.7927185036,"POLYGON ((412477.3738420745 3370231.7927185036, 412477.3738420745 3370731.7927185036, 411977.3738420745 3370731.7927185036, 411977.3738420745 3370231.7927185036, 412477.3738420745 3370231.7927185036))"
1435,9,28,412227.3738420745,3370981.7927185036,"POLYGON ((412477.3738420745 3370731.7927185036, 412477.3738420745 3371231.7927185036, 411977.3738420745 3371231.7927185036, 411977.3738420745 3370731.7927185036, 412477.3738420745 3370731.7927185036))"
1436,10,28,412227.3738420745,3371481.7927185036,"POLYGON ((412477.3738420745 3371231.7927185036, 412477.3738420745 3371731.7927185036, 411977.3738420745 3371731.7927185036, 411977.3738420745 3371231.7927185036, 412477.3738420745 3371231.7927185036))"
1437,11,28,412227.3738420745,3371981.7927185036,"POLYGON ((412477.3738420745 3371731.7927185036, 412477.3738420745 3372231.7927185036, 411977.3738420745 3372231.7927185036, 411977.3738420745 3371731.7927185036, 412477.3738420745 3371731.7927185036))"
1438,12,28,412227.3738420745,3372481.7927185036,"POLYGON ((412477.3738420745 3372231.7927185036, 412477.3738420745 3372731.7927185036, 411977.3738420745 3372731.7927185036, 411977.3738420745 3372231.7927185036, 412477.3738420745 3372231.7927185036))"
1439,13,28,412227.3738420745,3372981.7927185036,"POLYGON ((412477.3738420745 3372731.7927185036, 412477.3738420745 3373231.7927185036, 411977.3738420745 3373231.7927185036, 411977.3738420745 3372731.7927185036, 412477.3738420745 3372731.7927185036))"
1440,14,28,412227.3738420745,3373481.7927185036,"POLYGON ((412477.3738420745 3373231.7927185036, 412477.3738420745 3373731.7927185036, 411977.3738420745 3373731.7927185036, 411977.3738420745 3373231.7927185036, 412477.3738420745 3373231.7927185036))"
1441,15,28,412227.3738420745,3373981.7927185036,"POLYGON ((412477.3738420745 3373731.7927185036, 412477.3738420745 3374231.7927185036, 411977.3738420745 3374231.7927185036, 411977.3738420745 3373731.7927185036, 412477.3738420745 3373731.7927185036))"
1442,16,28,412227.3738420745,3374481.7927185036,"POLYGON ((412477.3738420745 3374231.7927185036, 412477.3738420745 3374731.7927185036, 411977.3738420745 3374731.7927185036, 411977.3738420745 3374231.7927185036, 412477.3738420745 3374231.7927185036))"
1443,17,28,412227.3738420745,3374981.7927185036,"POLYGON ((412477.3738420745 3374731.7927185036, 412477.3738420745 3375231.7927185036, 411977.3738420745 3375231.7927185036, 411977.3738420745 3374731.7927185036, 412477.3738420745 3374731.7927185036))"
1444,18,28,412227.3738420745,3375481.7927185036,"POLYGON ((412477.3738420745 3375231.7927185036, 412477.3738420745 3375731.7927185036, 411977.3738420745 3375731.7927185036, 411977.3738420745 3375231.7927185036, 412477.3738420745 3375231.7927185036))"
1445,19,28,412227.3738420745,3375981.7927185036,"POLYGON ((412477.3738420745 3375731.7927185036, 412477.3738420745 3376231.7927185036, 411977.3738420745 3376231.7927185036, 411977.3738420745 3375731.7927185036, 412477.3738420745 3375731.7927185036))"
1446,20,28,412227.3738420745,3376481.7927185036,"POLYGON ((412477.3738420745 3376231.7927185036, 412477.3738420745 3376731.7927185036, 411977.3738420745 3376731.7927185036, 411977.3738420745 3376231.7927185036, 412477.3738420745 3376231.7927185036))"
1447,21,28,412227.3738420745,3376981.7927185036,"POLYGON ((412477.3738420745 3376731.7927185036, 412477.3738420745 3377231.7927185036, 411977.3738420745 3377231.7927185036, 411977.3738420745 3376731.7927185036, 412477.3738420745 3376731.7927185036))"
1448,22,28,412227.3738420745,3377481.7927185036,"POLYGON ((412477.3738420745 3377231.7927185036, 412477.3738420745 3377731.7927185036, 411977.3738420745 3377731.7927185036, 411977.3738420745 3377231.7927185036, 412477.3738420745 3377231.7927185036))"
1449,23,28,412227.3738420745,3377981.7927185036,"POLYGON ((412477.3738420745 3377731.7927185036, 412477.3738420745 3378231.7927185036, 411977.3738420745 3378231.7927185036, 411977.3738420745 3377731.7927185036, 412477.3738420745 3377731.7927185036))"
1450,24,28,412227.3738420745,3378481.7927185036,"POLYGON ((412477.3738420745 3378231.7927185036, 412477.3738420745 3378731.7927185036, 411977.3738420745 3378731.7927185036, 411977.3738420745 3378231.7927185036, 412477.3738420745 3378231.7927185036))"
1451,25,28,412227.3738420745,3378981.7927185036,"POLYGON ((412477.3738420745 3378731.7927185036, 412477.3738420745 3379231.7927185036, 411977.3738420745 3379231.7927185036, 411977.3738420745 3378731.7927185036, 412477.3738420745 3378731.7927185036))"
1452,26,28,412227.3738420745,3379481.7927185036,"POLYGON ((412477.3738420745 3379231.7927185036, 412477.3738420745 3379731.7927185036, 411977.3738420745 3379731.7927185036, 411977.3738420745 3379231.7927185036, 412477.3738420745 3379231.7927185036))"
1453,27,28,412227.3738420745,3379981.7927185036,"POLYGON ((412477.3738420745 3379731.7927185036, 412477.3738420745 3380231.7927185036, 411977.3738420745 3380231.7927185036, 411977.3738420745 3379731.7927185036, 412477.3738420745 3379731.7927185036))"
1454,28,28,412227.3738420745,3380481.7927185036,"POLYGON ((412477.3738420745 3380231.7927185036, 412477.3738420745 3380731.7927185036, 411977.3738420745 3380731.7927185036, 411977.3738420745 3380231.7927185036, 412477.3738420745 3380231.7927185036))"
1455,29,28,412227.3738420745,3380981.7927185036,"POLYGON ((412477.3738420745 3380731.7927185036, 412477.3738420745 3381231.7927185036, 411977.3738420745 3381231.7927185036, 411977.3738420745 3380731.7927185036, 412477.3738420745 3380731.7927185036))"
1456,30,28,412227.3738420745,3381481.7927185036,"POLYGON ((412477.3738420745 3381231.7927185036, 412477.3738420745 3381731.7927185036, 411977.3738420745 3381731.7927185036, 411977.3738420745 3381231.7927185036, 412477.3738420745 3381231.7927185036))"
1457,31,28,412227.3738420745,3381981.7927185036,"POLYGON ((412477.3738420745 3381731.7927185036, 412477.3738420745 3382231.7927185036, 411977.3738420745 3382231.7927185036, 411977.3738420745 3381731.7927185036, 412477.3738420745 3381731.7927185036))"
1458,32,28,412227.3738420745,3382481.7927185036,"POLYGON ((412477.3738420745 3382231.7927185036, 412477.3738420745 3382731.7927185036, 411977.3738420745 3382731.7927185036, 411977.3738420745 3382231.7927185036, 412477.3738420745 3382231.7927185036))"
1459,33,28,412227.3738420745,3382981.7927185036,"POLYGON ((412477.3738420745 3382731.7927185036, 412477.3738420745 3383231.7927185036, 411977.3738420745 3383231.7927185036, 411977.3738420745 3382731.7927185036, 412477.3738420745 3382731.7927185036))"
1460,34,28,412227.3738420745,3383481.7927185036,"POLYGON ((412477.3738420745 3383231.7927185036, 412477.3738420745 3383731.7927185036, 411977.3738420745 3383731.7927185036, 411977.3738420745 3383231.7927185036, 412477.3738420745 3383231.7927185036))"
1461,35,28,412227.3738420745,3383981.7927185036,"POLYGON ((412477.3738420745 3383731.7927185036, 412477.3738420745 3384231.7927185036, 411977.3738420745 3384231.7927185036, 411977.3738420745 3383731.7927185036, 412477.3738420745 3383731.7927185036))"
1462,36,28,412227.3738420745,3384481.7927185036,"POLYGON ((412477.3738420745 3384231.7927185036, 412477.3738420745 3384731.7927185036, 411977.3738420745 3384731.7927185036, 411977.3738420745 3384231.7927185036, 412477.3738420745 3384231.7927185036))"
1463,37,28,412227.3738420745,3384981.7927185036,"POLYGON ((412477.3738420745 3384731.7927185036, 412477.3738420745 3385231.7927185036, 411977.3738420745 3385231.7927185036, 411977.3738420745 3384731.7927185036, 412477.3738420745 3384731.7927185036))"
1464,38,28,412227.3738420745,3385481.7927185036,"POLYGON ((412477.3738420745 3385231.7927185036, 412477.3738420745 3385731.7927185036, 411977.3738420745 3385731.7927185036, 411977.3738420745 3385231.7927185036, 412477.3738420745 3385231.7927185036))"
1465,39,28,412227.3738420745,3385981.7927185036,"POLYGON ((412477.3738420745 3385731.7927185036, 412477.3738420745 3386231.7927185036, 411977.3738420745 3386231.7927185036, 411977.3738420745 3385731.7927185036, 412477.3738420745 3385731.7927185036))"
1466,40,28,412227.3738420745,3386481.7927185036,"POLYGON ((412477.3738420745 3386231.7927185036, 412477.3738420745 3386731.7927185036, 411977.3738420745 3386731.7927185036, 411977.3738420745 3386231.7927185036, 412477.3738420745 3386231.7927185036))"
1467,41,28,412227.3738420745,3386981.7927185036,"POLYGON ((412477.3738420745 3386731.7927185036, 412477.3738420745 3387231.7927185036, 411977.3738420745 3387231.7927185036, 411977.3738420745 3386731.7927185036, 412477.3738420745 3386731.7927185036))"
1468,42,28,412227.3738420745,3387481.7927185036,"POLYGON ((412477.3738420745 3387231.7927185036, 412477.3738420745 3387731.7927185036, 411977.3738420745 3387731.7927185036, 411977.3738420745 3387231.7927185036, 412477.3738420745 3387231.7927185036))"
1469,43,28,412227.3738420745,3387981.7927185036,"POLYGON ((412477.3738420745 3387731.7927185036, 412477.3738420745 3388231.7927185036, 411977.3738420745 3388231.7927185036, 411977.3738420745 3387731.7927185036, 412477.3738420745 3387731.7927185036))"
1470,44,28,412227.3738420745,3388481.7927185036,"POLYGON ((412477.3738420745 3388231.7927185036, 412477.3738420745 3388731.7927185036, 411977.3738420745 3388731.7927185036, 411977.3738420745 3388231.7927185036, 412477.3738420745 3388231.7927185036))"
1471,45,28,412227.3738420745,3388981.7927185036,"POLYGON ((412477.3738420745 3388731.7927185036, 412477.3738420745 3389231.7927185036, 411977.3738420745 3389231.7927185036, 411977.3738420745 3388731.7927185036, 412477.3738420745 3388731.7927185036))"
1472,46,28,412227.3738420745,3389481.7927185036,"POLYGON ((412477.3738420745 3389231.7927185036, 412477.3738420745 3389731.7927185036, 411977.3738420745 3389731.7927185036, 411977.3738420745 3389231.7927185036, 412477.3738420745 3389231.7927185036))"
1473,47,28,412227.3738420745,3389981.7927185036,"POLYGON ((412477.3738420745 3389731.7927185036, 412477.3738420745 3390231.7927185036, 411977.3738420745 3390231.7927185036, 411977.3738420745 3389731.7927185036, 412477.3738420745 3389731.7927185036))"
1474,48,28,412227.3738420745,3390481.7927185036,"POLYGON ((412477.3738420745 3390231.7927185036, 412477.3738420745 3390731.7927185036, 411977.3738420745 3390731.7927185036, 411977.3738420745 3390231.7927185036, 412477.3738420745 3390231.7927185036))"
1475,49,28,412227.3738420745,3390981.7927185036,"POLYGON ((412477.3738420745 3390731.7927185036, 412477.3738420745 3391231.7927185036, 411977.3738420745 3391231.7927185036, 411977.3738420745 3390731.7927185036, 412477.3738420745 3390731.7927185036))"
1476,50,28,412227.3738420745,3391481.7927185036,"POLYGON ((412477.3738420745 3391231.7927185036, 412477.3738420745 3391731.7927185036, 411977.3738420745 3391731.7927185036, 411977.3738420745 3391231.7927185036, 412477.3738420745 3391231.7927185036))"
1477,51,28,412227.3738420745,3391981.7927185036,"POLYGON ((412477.3738420745 3391731.7927185036, 412477.3738420745 3392231.7927185036, 411977.3738420745 3392231.7927185036, 411977.3738420745 3391731.7927185036, 412477.3738420745 3391731.7927185036))"
1478,52,28,412227.3738420745,3392481.7927185036,"POLYGON ((412477.3738420745 3392231.7927185036, 412477.3738420745 3392731.7927185036, 411977.3738420745 3392731.7927185036, 411977.3738420745 3392231.7927185036, 412477.3738420745 3392231.7927185036))"
1479,53,28,412227.3738420745,3392981.7927185036,"POLYGON ((412477.3738420745 3392731.7927185036, 412477.3738420745 3393231.7927185036, 411977.3738420745 3393231.7927185036, 411977.3738420745 3392731.7927185036, 412477.3738420745 3392731.7927185036))"
1480,54,28,412227.3738420745,3393481.7927185036,"POLYGON ((412477.3738420745 3393231.7927185036, 412477.3738420745 3393731.7927185036, 411977.3738420745 3393731.7927185036, 411977.3738420745 3393231.7927185036, 412477.3738420745 3393231.7927185036))"
1481,55,28,412227.3738420745,3393981.7927185036,"POLYGON ((412477.3738420745 3393731.7927185036, 412477.3738420745 3394231.7927185036, 411977.3738420745 3394231.7927185036, 411977.3738420745 3393731.7927185036, 412477.3738420745 3393731.7927185036))"
1482,56,28,412227.3738420745,3394481.7927185036,"POLYGON ((412477.3738420745 3394231.7927185036, 412477.3738420745 3394731.7927185036, 411977.3738420745 3394731.7927185036, 411977.3738420745 3394231.7927185036, 412477.3738420745 3394231.7927185036))"
1483,57,28,412227.3738420745,3394981.7927185036,"POLYGON ((412477.3738420745 3394731.7927185036, 412477.3738420745 3395231.7927185036, 411977.3738420745 3395231.7927185036, 411977.3738420745 3394731.7927185036, 412477.3738420745 3394731.7927185036))"
1484,58,28,412227.3738420745,3395481.7927185036,"POLYGON ((412477.3738420745 3395231.7927185036, 412477.3738420745 3395731.7927185036, 411977.3738420745 3395731.7927185036, 411977.3738420745 3395231.7927185036, 412477.3738420745 3395231.7927185036))"
1485,59,28,412227.3738420745,3395981.7927185036,"POLYGON ((412477.3738420745 3395731.7927185036, 412477.3738420745 3396231.7927185036, 411977.3738420745 3396231.7927185036, 411977.3738420745 3395731.7927185036, 412477.3738420745 3395731.7927185036))"
1486,60,28,412227.3738420745,3396481.7927185036,"POLYGON ((412477.3738420745 3396231.7927185036, 412477.3738420745 3396731.7927185036, 411977.3738420745 3396731.7927185036, 411977.3738420745 3396231.7927185036, 412477.3738420745 3396231.7927185036))"
1487,61,28,412227.3738420745,3396981.7927185036,"POLYGON ((412477.3738420745 3396731.7927185036, 412477.3738420745 3397231.7927185036, 411977.3738420745 3397231.7927185036, 411977.3738420745 3396731.7927185036, 412477.3738420745 3396731.7927185036))"
1488,62,28,412227.3738420745,3397481.7927185036,"POLYGON ((412477.3738420745 3397231.7927185036, 412477.3738420745 3397731.7927185036, 411977.3738420745 3397731.7927185036, 411977.3738420745 3397231.7927185036, 412477.3738420745 3397231.7927185036))"
1489,63,28,412227.3738420745,3397981.7927185036,"POLYGON ((412477.3738420745 3397731.7927185036, 412477.3738420745 3398231.7927185036, 411977.3738420745 3398231.7927185036, 411977.3738420745 3397731.7927185036, 412477.3738420745 3397731.7927185036))"
1490,64,28,412227.3738420745,3398481.7927185036,"POLYGON ((412477.3738420745 3398231.7927185036, 412477.3738420745 3398731.7927185036, 411977.3738420745 3398731.7927185036, 411977.3738420745 3398231.7927185036, 412477.3738420745 3398231.7927185036))"
1491,65,28,412227.3738420745,3398981.7927185036,"POLYGON ((412477.3738420745 3398731.7927185036, 412477.3738420745 3399231.7927185036, 411977.3738420745 3399231.7927185036, 411977.3738420745 3398731.7927185036, 412477.3738420745 3398731.7927185036))"
1492,66,28,412227.3738420745,3399481.7927185036,"POLYGON ((412477.3738420745 3399231.7927185036, 412477.3738420745 3399731.7927185036, 411977.3738420745 3399731.7927185036, 411977.3738420745 3399231.7927185036, 412477.3738420745 3399231.7927185036))"
1493,67,28,412227.3738420745,3399981.7927185036,"POLYGON ((412477.3738420745 3399731.7927185036, 412477.3738420745 3400231.7927185036, 411977.3738420745 3400231.7927185036, 411977.3738420745 3399731.7927185036, 412477.3738420745 3399731.7927185036))"
1494,68,28,412227.3738420745,3400481.7927185036,"POLYGON ((412477.3738420745 3400231.7927185036, 412477.3738420745 3400731.7927185036, 411977.3738420745 3400731.7927185036, 411977.3738420745 3400231.7927185036, 412477.3738420745 3400231.7927185036))"
1495,69,28,412227.3738420745,3400981.7927185036,"POLYGON ((412477.3738420745 3400731.7927185036, 412477.3738420745 3401231.7927185036, 411977.3738420745 3401231.7927185036, 411977.3738420745 3400731.7927185036, 412477.3738420745 3400731.7927185036))"
1496,70,28,412227.3738420745,3401481.7927185036,"POLYGON ((412477.3738420745 3401231.7927185036, 412477.3738420745 3401731.7927185036, 411977.3738420745 3401731.7927185036, 411977.3738420745 3401231.7927185036, 412477.3738420745 3401231.7927185036))"
1497,71,28,412227.3738420745,3401981.7927185036,"POLYGON ((412477.3738420745 3401731.7927185036, 412477.3738420745 3402231.7927185036, 411977.3738420745 3402231.7927185036, 411977.3738420745 3401731.7927185036, 412477.3738420745 3401731.7927185036))"
1498,72,28,412227.3738420745,3402481.7927185036,"POLYGON ((412477.3738420745 3402231.7927185036, 412477.3738420745 3402731.7927185036, 411977.3738420745 3402731.7927185036, 411977.3738420745 3402231.7927185036, 412477.3738420745 3402231.7927185036))"
1499,0,29,412727.3738420745,3366481.7927185036,"POLYGON ((412977.3738420745 3366231.7927185036, 412977.3738420745 3366731.7927185036, 412477.3738420745 3366731.7927185036, 412477.3738420745 3366231.7927185036, 412977.3738420745 3366231.7927185036))"
1500,1,29,412727.3738420745,3366981.7927185036,"POLYGON ((412977.3738420745 3366731.7927185036, 412977.3738420745 3367231.7927185036, 412477.3738420745 3367231.7927185036, 412477.3738420745 3366731.7927185036, 412977.3738420745 3366731.7927185036))"
1501,2,29,412727.3738420745,3367481.7927185036,"POLYGON ((412977.3738420745 3367231.7927185036, 412977.3738420745 3367731.7927185036, 412477.3738420745 3367731.7927185036, 412477.3738420745 3367231.7927185036, 412977.3738420745 3367231.7927185036))"
1502,3,29,412727.3738420745,3367981.7927185036,"POLYGON ((412977.3738420745 3367731.7927185036, 412977.3738420745 3368231.7927185036, 412477.3738420745 3368231.7927185036, 412477.3738420745 3367731.7927185036, 412977.3738420745 3367731.7927185036))"
1503,4,29,412727.3738420745,3368481.7927185036,"POLYGON ((412977.3738420745 3368231.7927185036, 412977.3738420745 3368731.7927185036, 412477.3738420745 3368731.7927185036, 412477.3738420745 3368231.7927185036, 412977.3738420745 3368231.7927185036))"
1504,5,29,412727.3738420745,3368981.7927185036,"POLYGON ((412977.3738420745 3368731.7927185036, 412977.3738420745 3369231.7927185036, 412477.3738420745 3369231.7927185036, 412477.3738420745 3368731.7927185036, 412977.3738420745 3368731.7927185036))"
1505,6,29,412727.3738420745,3369481.7927185036,"POLYGON ((412977.3738420745 3369231.7927185036, 412977.3738420745 3369731.7927185036, 412477.3738420745 3369731.7927185036, 412477.3738420745 3369231.7927185036, 412977.3738420745 3369231.7927185036))"
1506,7,29,412727.3738420745,3369981.7927185036,"POLYGON ((412977.3738420745 3369731.7927185036, 412977.3738420745 3370231.7927185036, 412477.3738420745 3370231.7927185036, 412477.3738420745 3369731.7927185036, 412977.3738420745 3369731.7927185036))"
1507,8,29,412727.3738420745,3370481.7927185036,"POLYGON ((412977.3738420745 3370231.7927185036, 412977.3738420745 3370731.7927185036, 412477.3738420745 3370731.7927185036, 412477.3738420745 3370231.7927185036, 412977.3738420745 3370231.7927185036))"
1508,9,29,412727.3738420745,3370981.7927185036,"POLYGON ((412977.3738420745 3370731.7927185036, 412977.3738420745 3371231.7927185036, 412477.3738420745 3371231.7927185036, 412477.3738420745 3370731.7927185036, 412977.3738420745 3370731.7927185036))"
1509,10,29,412727.3738420745,3371481.7927185036,"POLYGON ((412977.3738420745 3371231.7927185036, 412977.3738420745 3371731.7927185036, 412477.3738420745 3371731.7927185036, 412477.3738420745 3371231.7927185036, 412977.3738420745 3371231.7927185036))"
1510,11,29,412727.3738420745,3371981.7927185036,"POLYGON ((412977.3738420745 3371731.7927185036, 412977.3738420745 3372231.7927185036, 412477.3738420745 3372231.7927185036, 412477.3738420745 3371731.7927185036, 412977.3738420745 3371731.7927185036))"
1511,12,29,412727.3738420745,3372481.7927185036,"POLYGON ((412977.3738420745 3372231.7927185036, 412977.3738420745 3372731.7927185036, 412477.3738420745 3372731.7927185036, 412477.3738420745 3372231.7927185036, 412977.3738420745 3372231.7927185036))"
1512,13,29,412727.3738420745,3372981.7927185036,"POLYGON ((412977.3738420745 3372731.7927185036, 412977.3738420745 3373231.7927185036, 412477.3738420745 3373231.7927185036, 412477.3738420745 3372731.7927185036, 412977.3738420745 3372731.7927185036))"
1513,14,29,412727.3738420745,3373481.7927185036,"POLYGON ((412977.3738420745 3373231.7927185036, 412977.3738420745 3373731.7927185036, 412477.3738420745 3373731.7927185036, 412477.3738420745 3373231.7927185036, 412977.3738420745 3373231.7927185036))"
1514,15,29,412727.3738420745,3373981.7927185036,"POLYGON ((412977.3738420745 3373731.7927185036, 412977.3738420745 3374231.7927185036, 412477.3738420745 3374231.7927185036, 412477.3738420745 3373731.7927185036, 412977.3738420745 3373731.7927185036))"
1515,16,29,412727.3738420745,3374481.7927185036,"POLYGON ((412977.3738420745 3374231.7927185036, 412977.3738420745 3374731.7927185036, 412477.3738420745 3374731.7927185036, 412477.3738420745 3374231.7927185036, 412977.3738420745 3374231.7927185036))"
1516,17,29,412727.3738420745,3374981.7927185036,"POLYGON ((412977.3738420745 3374731.7927185036, 412977.3738420745 3375231.7927185036, 412477.3738420745 3375231.7927185036, 412477.3738420745 3374731.7927185036, 412977.3738420745 3374731.7927185036))"
1517,18,29,412727.3738420745,3375481.7927185036,"POLYGON ((412977.3738420745 3375231.7927185036, 412977.3738420745 3375731.7927185036, 412477.3738420745 3375731.7927185036, 412477.3738420745 3375231.7927185036, 412977.3738420745 3375231.7927185036))"
1518,19,29,412727.3738420745,3375981.7927185036,"POLYGON ((412977.3738420745 3375731.7927185036, 412977.3738420745 3376231.7927185036, 412477.3738420745 3376231.7927185036, 412477.3738420745 3375731.7927185036, 412977.3738420745 3375731.7927185036))"
1519,20,29,412727.3738420745,3376481.7927185036,"POLYGON ((412977.3738420745 3376231.7927185036, 412977.3738420745 3376731.7927185036, 412477.3738420745 3376731.7927185036, 412477.3738420745 3376231.7927185036, 412977.3738420745 3376231.7927185036))"
1520,21,29,412727.3738420745,3376981.7927185036,"POLYGON ((412977.3738420745 3376731.7927185036, 412977.3738420745 3377231.7927185036, 412477.3738420745 3377231.7927185036, 412477.3738420745 3376731.7927185036, 412977.3738420745 3376731.7927185036))"
1521,22,29,412727.3738420745,3377481.7927185036,"POLYGON ((412977.3738420745 3377231.7927185036, 412977.3738420745 3377731.7927185036, 412477.3738420745 3377731.7927185036, 412477.3738420745 3377231.7927185036, 412977.3738420745 3377231.7927185036))"
1522,23,29,412727.3738420745,3377981.7927185036,"POLYGON ((412977.3738420745 3377731.7927185036, 412977.3738420745 3378231.7927185036, 412477.3738420745 3378231.7927185036, 412477.3738420745 3377731.7927185036, 412977.3738420745 3377731.7927185036))"
1523,24,29,412727.3738420745,3378481.7927185036,"POLYGON ((412977.3738420745 3378231.7927185036, 412977.3738420745 3378731.7927185036, 412477.3738420745 3378731.7927185036, 412477.3738420745 3378231.7927185036, 412977.3738420745 3378231.7927185036))"
1524,25,29,412727.3738420745,3378981.7927185036,"POLYGON ((412977.3738420745 3378731.7927185036, 412977.3738420745 3379231.7927185036, 412477.3738420745 3379231.7927185036, 412477.3738420745 3378731.7927185036, 412977.3738420745 3378731.7927185036))"
1525,26,29,412727.3738420745,3379481.7927185036,"POLYGON ((412977.3738420745 3379231.7927185036, 412977.3738420745 3379731.7927185036, 412477.3738420745 3379731.7927185036, 412477.3738420745 3379231.7927185036, 412977.3738420745 3379231.7927185036))"
1526,27,29,412727.3738420745,3379981.7927185036,"POLYGON ((412977.3738420745 3379731.7927185036, 412977.3738420745 3380231.7927185036, 412477.3738420745 3380231.7927185036, 412477.3738420745 3379731.7927185036, 412977.3738420745 3379731.7927185036))"
1527,28,29,412727.3738420745,3380481.7927185036,"POLYGON ((412977.3738420745 3380231.7927185036, 412977.3738420745 3380731.7927185036, 412477.3738420745 3380731.7927185036, 412477.3738420745 3380231.7927185036, 412977.3738420745 3380231.7927185036))"
1528,29,29,412727.3738420745,3380981.7927185036,"POLYGON ((412977.3738420745 3380731.7927185036, 412977.3738420745 3381231.7927185036, 412477.3738420745 3381231.7927185036, 412477.3738420745 3380731.7927185036, 412977.3738420745 3380731.7927185036))"
1529,30,29,412727.3738420745,3381481.7927185036,"POLYGON ((412977.3738420745 3381231.7927185036, 412977.3738420745 3381731.7927185036, 412477.3738420745 3381731.7927185036, 412477.3738420745 3381231.7927185036, 412977.3738420745 3381231.7927185036))"
1530,31,29,412727.3738420745,3381981.7927185036,"POLYGON ((412977.3738420745 3381731.7927185036, 412977.3738420745 3382231.7927185036, 412477.3738420745 3382231.7927185036, 412477.3738420745 3381731.7927185036, 412977.3738420745 3381731.7927185036))"
1531,32,29,412727.3738420745,3382481.7927185036,"POLYGON ((412977.3738420745 3382231.7927185036, 412977.3738420745 3382731.7927185036, 412477.3738420745 3382731.7927185036, 412477.3738420745 3382231.7927185036, 412977.3738420745 3382231.7927185036))"
1532,33,29,412727.3738420745,3382981.7927185036,"POLYGON ((412977.3738420745 3382731.7927185036, 412977.3738420745 3383231.7927185036, 412477.3738420745 3383231.7927185036, 412477.3738420745 3382731.7927185036, 412977.3738420745 3382731.7927185036))"
1533,34,29,412727.3738420745,3383481.7927185036,"POLYGON ((412977.3738420745 3383231.7927185036, 412977.3738420745 3383731.7927185036, 412477.3738420745 3383731.7927185036, 412477.3738420745 3383231.7927185036, 412977.3738420745 3383231.7927185036))"
1534,35,29,412727.3738420745,3383981.7927185036,"POLYGON ((412977.3738420745 3383731.7927185036, 412977.3738420745 3384231.7927185036, 412477.3738420745 3384231.7927185036, 412477.3738420745 3383731.7927185036, 412977.3738420745 3383731.7927185036))"
1535,36,29,412727.3738420745,3384481.7927185036,"POLYGON ((412977.3738420745 3384231.7927185036, 412977.3738420745 3384731.7927185036, 412477.3738420745 3384731.7927185036, 412477.3738420745 3384231.7927185036, 412977.3738420745 3384231.7927185036))"
1536,37,29,412727.3738420745,3384981.7927185036,"POLYGON ((412977.3738420745 3384731.7927185036, 412977.3738420745 3385231.7927185036, 412477.3738420745 3385231.7927185036, 412477.3738420745 3384731.7927185036, 412977.3738420745 3384731.7927185036))"
1537,38,29,412727.3738420745,3385481.7927185036,"POLYGON ((412977.3738420745 3385231.7927185036, 412977.3738420745 3385731.7927185036, 412477.3738420745 3385731.7927185036, 412477.3738420745 3385231.7927185036, 412977.3738420745 3385231.7927185036))"
1538,39,29,412727.3738420745,3385981.7927185036,"POLYGON ((412977.3738420745 3385731.7927185036, 412977.3738420745 3386231.7927185036, 412477.3738420745 3386231.7927185036, 412477.3738420745 3385731.7927185036, 412977.3738420745 3385731.7927185036))"
1539,40,29,412727.3738420745,3386481.7927185036,"POLYGON ((412977.3738420745 3386231.7927185036, 412977.3738420745 3386731.7927185036, 412477.3738420745 3386731.7927185036, 412477.3738420745 3386231.7927185036, 412977.3738420745 3386231.7927185036))"
1540,41,29,412727.3738420745,3386981.7927185036,"POLYGON ((412977.3738420745 3386731.7927185036, 412977.3738420745 3387231.7927185036, 412477.3738420745 3387231.7927185036, 412477.3738420745 3386731.7927185036, 412977.3738420745 3386731.7927185036))"
1541,42,29,412727.3738420745,3387481.7927185036,"POLYGON ((412977.3738420745 3387231.7927185036, 412977.3738420745 3387731.7927185036, 412477.3738420745 3387731.7927185036, 412477.3738420745 3387231.7927185036, 412977.3738420745 3387231.7927185036))"
1542,43,29,412727.3738420745,3387981.7927185036,"POLYGON ((412977.3738420745 3387731.7927185036, 412977.3738420745 3388231.7927185036, 412477.3738420745 3388231.7927185036, 412477.3738420745 3387731.7927185036, 412977.3738420745 3387731.7927185036))"
1543,44,29,412727.3738420745,3388481.7927185036,"POLYGON ((412977.3738420745 3388231.7927185036, 412977.3738420745 3388731.7927185036, 412477.3738420745 3388731.7927185036, 412477.3738420745 3388231.7927185036, 412977.3738420745 3388231.7927185036))"
1544,45,29,412727.3738420745,3388981.7927185036,"POLYGON ((412977.3738420745 3388731.7927185036, 412977.3738420745 3389231.7927185036, 412477.3738420745 3389231.7927185036, 412477.3738420745 3388731.7927185036, 412977.3738420745 3388731.7927185036))"
1545,46,29,412727.3738420745,3389481.7927185036,"POLYGON ((412977.3738420745 3389231.7927185036, 412977.3738420745 3389731.7927185036, 412477.3738420745 3389731.7927185036, 412477.3738420745 3389231.7927185036, 412977.3738420745 3389231.7927185036))"
1546,47,29,412727.3738420745,3389981.7927185036,"POLYGON ((412977.3738420745 3389731.7927185036, 412977.3738420745 3390231.7927185036, 412477.3738420745 3390231.7927185036, 412477.3738420745 3389731.7927185036, 412977.3738420745 3389731.7927185036))"
1547,48,29,412727.3738420745,3390481.7927185036,"POLYGON ((412977.3738420745 3390231.7927185036, 412977.3738420745 3390731.7927185036, 412477.3738420745 3390731.7927185036, 412477.3738420745 3390231.7927185036, 412977.3738420745 3390231.7927185036))"
1548,49,29,412727.3738420745,3390981.7927185036,"POLYGON ((412977.3738420745 3390731.7927185036, 412977.3738420745 3391231.7927185036, 412477.3738420745 3391231.7927185036, 412477.3738420745 3390731.7927185036, 412977.3738420745 3390731.7927185036))"
1549,50,29,412727.3738420745,3391481.7927185036,"POLYGON ((412977.3738420745 3391231.7927185036, 412977.3738420745 3391731.7927185036, 412477.3738420745 3391731.7927185036, 412477.3738420745 3391231.7927185036, 412977.3738420745 3391231.7927185036))"
1550,51,29,412727.3738420745,3391981.7927185036,"POLYGON ((412977.3738420745 3391731.7927185036, 412977.3738420745 3392231.7927185036, 412477.3738420745 3392231.7927185036, 412477.3738420745 3391731.7927185036, 412977.3738420745 3391731.7927185036))"
1551,52,29,412727.3738420745,3392481.7927185036,"POLYGON ((412977.3738420745 3392231.7927185036, 412977.3738420745 3392731.7927185036, 412477.3738420745 3392731.7927185036, 412477.3738420745 3392231.7927185036, 412977.3738420745 3392231.7927185036))"
1552,53,29,412727.3738420745,3392981.7927185036,"POLYGON ((412977.3738420745 3392731.7927185036, 412977.3738420745 3393231.7927185036, 412477.3738420745 3393231.7927185036, 412477.3738420745 3392731.7927185036, 412977.3738420745 3392731.7927185036))"
1553,54,29,412727.3738420745,3393481.7927185036,"POLYGON ((412977.3738420745 3393231.7927185036, 412977.3738420745 3393731.7927185036, 412477.3738420745 3393731.7927185036, 412477.3738420745 3393231.7927185036, 412977.3738420745 3393231.7927185036))"
1554,55,29,412727.3738420745,3393981.7927185036,"POLYGON ((412977.3738420745 3393731.7927185036, 412977.3738420745 3394231.7927185036, 412477.3738420745 3394231.7927185036, 412477.3738420745 3393731.7927185036, 412977.3738420745 3393731.7927185036))"
1555,56,29,412727.3738420745,3394481.7927185036,"POLYGON ((412977.3738420745 3394231.7927185036, 412977.3738420745 3394731.7927185036, 412477.3738420745 3394731.7927185036, 412477.3738420745 3394231.7927185036, 412977.3738420745 3394231.7927185036))"
1556,57,29,412727.3738420745,3394981.7927185036,"POLYGON ((412977.3738420745 3394731.7927185036, 412977.3738420745 3395231.7927185036, 412477.3738420745 3395231.7927185036, 412477.3738420745 3394731.7927185036, 412977.3738420745 3394731.7927185036))"
1557,58,29,412727.3738420745,3395481.7927185036,"POLYGON ((412977.3738420745 3395231.7927185036, 412977.3738420745 3395731.7927185036, 412477.3738420745 3395731.7927185036, 412477.3738420745 3395231.7927185036, 412977.3738420745 3395231.7927185036))"
1558,59,29,412727.3738420745,3395981.7927185036,"POLYGON ((412977.3738420745 3395731.7927185036, 412977.3738420745 3396231.7927185036, 412477.3738420745 3396231.7927185036, 412477.3738420745 3395731.7927185036, 412977.3738420745 3395731.7927185036))"
1559,60,29,412727.3738420745,3396481.7927185036,"POLYGON ((412977.3738420745 3396231.7927185036, 412977.3738420745 3396731.7927185036, 412477.3738420745 3396731.7927185036, 412477.3738420745 3396231.7927185036, 412977.3738420745 3396231.7927185036))"
1560,61,29,412727.3738420745,3396981.7927185036,"POLYGON ((412977.3738420745 3396731.7927185036, 412977.3738420745 3397231.7927185036, 412477.3738420745 3397231.7927185036, 412477.3738420745 3396731.7927185036, 412977.3738420745 3396731.7927185036))"
1561,62,29,412727.3738420745,3397481.7927185036,"POLYGON ((412977.3738420745 3397231.7927185036, 412977.3738420745 3397731.7927185036, 412477.3738420745 3397731.7927185036, 412477.3738420745 3397231.7927185036, 412977.3738420745 3397231.7927185036))"
1562,63,29,412727.3738420745,3397981.7927185036,"POLYGON ((412977.3738420745 3397731.7927185036, 412977.3738420745 3398231.7927185036, 412477.3738420745 3398231.7927185036, 412477.3738420745 3397731.7927185036, 412977.3738420745 3397731.7927185036))"
1563,64,29,412727.3738420745,3398481.7927185036,"POLYGON ((412977.3738420745 3398231.7927185036, 412977.3738420745 3398731.7927185036, 412477.3738420745 3398731.7927185036, 412477.3738420745 3398231.7927185036, 412977.3738420745 3398231.7927185036))"
1564,65,29,412727.3738420745,3398981.7927185036,"POLYGON ((412977.3738420745 3398731.7927185036, 412977.3738420745 3399231.7927185036, 412477.3738420745 3399231.7927185036, 412477.3738420745 3398731.7927185036, 412977.3738420745 3398731.7927185036))"
1565,66,29,412727.3738420745,3399481.7927185036,"POLYGON ((412977.3738420745 3399231.7927185036, 412977.3738420745 3399731.7927185036, 412477.3738420745 3399731.7927185036, 412477.3738420745 3399231.7927185036, 412977.3738420745 3399231.7927185036))"
1566,67,29,412727.3738420745,3399981.7927185036,"POLYGON ((412977.3738420745 3399731.7927185036, 412977.3738420745 3400231.7927185036, 412477.3738420745 3400231.7927185036, 412477.3738420745 3399731.7927185036, 412977.3738420745 3399731.7927185036))"
1567,68,29,412727.3738420745,3400481.7927185036,"POLYGON ((412977.3738420745 3400231.7927185036, 412977.3738420745 3400731.7927185036, 412477.3738420745 3400731.7927185036, 412477.3738420745 3400231.7927185036, 412977.3738420745 3400231.7927185036))"
1568,69,29,412727.3738420745,3400981.7927185036,"POLYGON ((412977.3738420745 3400731.7927185036, 412977.3738420745 3401231.7927185036, 412477.3738420745 3401231.7927185036, 412477.3738420745 3400731.7927185036, 412977.3738420745 3400731.7927185036))"
1569,70,29,412727.3738420745,3401481.7927185036,"POLYGON ((412977.3738420745 3401231.7927185036, 412977.3738420745 3401731.7927185036, 412477.3738420745 3401731.7927185036, 412477.3738420745 3401231.7927185036, 412977.3738420745 3401231.7927185036))"
1570,71,29,412727.3738420745,3401981.7927185036,"POLYGON ((412977.3738420745 3401731.7927185036, 412977.3738420745 3402231.7927185036, 412477.3738420745 3402231.7927185036, 412477.3738420745 3401731.7927185036, 412977.3738420745 3401731.7927185036))"
1571,72,29,412727.3738420745,3402481.7927185036,"POLYGON ((412977.3738420745 3402231.7927185036, 412977.3738420745 3402731.7927185036, 412477.3738420745 3402731.7927185036, 412477.3738420745 3402231.7927185036, 412977.3738420745 3402231.7927185036))"
1572,1,30,413227.3738420745,3366981.7927185036,"POLYGON ((413477.3738420745 3366731.7927185036, 413477.3738420745 3367231.7927185036, 412977.3738420745 3367231.7927185036, 412977.3738420745 3366731.7927185036, 413477.3738420745 3366731.7927185036))"
1573,2,30,413227.3738420745,3367481.7927185036,"POLYGON ((413477.3738420745 3367231.7927185036, 413477.3738420745 3367731.7927185036, 412977.3738420745 3367731.7927185036, 412977.3738420745 3367231.7927185036, 413477.3738420745 3367231.7927185036))"
1574,3,30,413227.3738420745,3367981.7927185036,"POLYGON ((413477.3738420745 3367731.7927185036, 413477.3738420745 3368231.7927185036, 412977.3738420745 3368231.7927185036, 412977.3738420745 3367731.7927185036, 413477.3738420745 3367731.7927185036))"
1575,4,30,413227.3738420745,3368481.7927185036,"POLYGON ((413477.3738420745 3368231.7927185036, 413477.3738420745 3368731.7927185036, 412977.3738420745 3368731.7927185036, 412977.3738420745 3368231.7927185036, 413477.3738420745 3368231.7927185036))"
1576,5,30,413227.3738420745,3368981.7927185036,"POLYGON ((413477.3738420745 3368731.7927185036, 413477.3738420745 3369231.7927185036, 412977.3738420745 3369231.7927185036, 412977.3738420745 3368731.7927185036, 413477.3738420745 3368731.7927185036))"
1577,6,30,413227.3738420745,3369481.7927185036,"POLYGON ((413477.3738420745 3369231.7927185036, 413477.3738420745 3369731.7927185036, 412977.3738420745 3369731.7927185036, 412977.3738420745 3369231.7927185036, 413477.3738420745 3369231.7927185036))"
1578,7,30,413227.3738420745,3369981.7927185036,"POLYGON ((413477.3738420745 3369731.7927185036, 413477.3738420745 3370231.7927185036, 412977.3738420745 3370231.7927185036, 412977.3738420745 3369731.7927185036, 413477.3738420745 3369731.7927185036))"
1579,8,30,413227.3738420745,3370481.7927185036,"POLYGON ((413477.3738420745 3370231.7927185036, 413477.3738420745 3370731.7927185036, 412977.3738420745 3370731.7927185036, 412977.3738420745 3370231.7927185036, 413477.3738420745 3370231.7927185036))"
1580,9,30,413227.3738420745,3370981.7927185036,"POLYGON ((413477.3738420745 3370731.7927185036, 413477.3738420745 3371231.7927185036, 412977.3738420745 3371231.7927185036, 412977.3738420745 3370731.7927185036, 413477.3738420745 3370731.7927185036))"
1581,10,30,413227.3738420745,3371481.7927185036,"POLYGON ((413477.3738420745 3371231.7927185036, 413477.3738420745 3371731.7927185036, 412977.3738420745 3371731.7927185036, 412977.3738420745 3371231.7927185036, 413477.3738420745 3371231.7927185036))"
1582,11,30,413227.3738420745,3371981.7927185036,"POLYGON ((413477.3738420745 3371731.7927185036, 413477.3738420745 3372231.7927185036, 412977.3738420745 3372231.7927185036, 412977.3738420745 3371731.7927185036, 413477.3738420745 3371731.7927185036))"
1583,12,30,413227.3738420745,3372481.7927185036,"POLYGON ((413477.3738420745 3372231.7927185036, 413477.3738420745 3372731.7927185036, 412977.3738420745 3372731.7927185036, 412977.3738420745 3372231.7927185036, 413477.3738420745 3372231.7927185036))"
1584,13,30,413227.3738420745,3372981.7927185036,"POLYGON ((413477.3738420745 3372731.7927185036, 413477.3738420745 3373231.7927185036, 412977.3738420745 3373231.7927185036, 412977.3738420745 3372731.7927185036, 413477.3738420745 3372731.7927185036))"
1585,14,30,413227.3738420745,3373481.7927185036,"POLYGON ((413477.3738420745 3373231.7927185036, 413477.3738420745 3373731.7927185036, 412977.3738420745 3373731.7927185036, 412977.3738420745 3373231.7927185036, 413477.3738420745 3373231.7927185036))"
1586,15,30,413227.3738420745,3373981.7927185036,"POLYGON ((413477.3738420745 3373731.7927185036, 413477.3738420745 3374231.7927185036, 412977.3738420745 3374231.7927185036, 412977.3738420745 3373731.7927185036, 413477.3738420745 3373731.7927185036))"
1587,16,30,413227.3738420745,3374481.7927185036,"POLYGON ((413477.3738420745 3374231.7927185036, 413477.3738420745 3374731.7927185036, 412977.3738420745 3374731.7927185036, 412977.3738420745 3374231.7927185036, 413477.3738420745 3374231.7927185036))"
1588,17,30,413227.3738420745,3374981.7927185036,"POLYGON ((413477.3738420745 3374731.7927185036, 413477.3738420745 3375231.7927185036, 412977.3738420745 3375231.7927185036, 412977.3738420745 3374731.7927185036, 413477.3738420745 3374731.7927185036))"
1589,18,30,413227.3738420745,3375481.7927185036,"POLYGON ((413477.3738420745 3375231.7927185036, 413477.3738420745 3375731.7927185036, 412977.3738420745 3375731.7927185036, 412977.3738420745 3375231.7927185036, 413477.3738420745 3375231.7927185036))"
1590,19,30,413227.3738420745,3375981.7927185036,"POLYGON ((413477.3738420745 3375731.7927185036, 413477.3738420745 3376231.7927185036, 412977.3738420745 3376231.7927185036, 412977.3738420745 3375731.7927185036, 413477.3738420745 3375731.7927185036))"
1591,20,30,413227.3738420745,3376481.7927185036,"POLYGON ((413477.3738420745 3376231.7927185036, 413477.3738420745 3376731.7927185036, 412977.3738420745 3376731.7927185036, 412977.3738420745 3376231.7927185036, 413477.3738420745 3376231.7927185036))"
1592,21,30,413227.3738420745,3376981.7927185036,"POLYGON ((413477.3738420745 3376731.7927185036, 413477.3738420745 3377231.7927185036, 412977.3738420745 3377231.7927185036, 412977.3738420745 3376731.7927185036, 413477.3738420745 3376731.7927185036))"
1593,22,30,413227.3738420745,3377481.7927185036,"POLYGON ((413477.3738420745 3377231.7927185036, 413477.3738420745 3377731.7927185036, 412977.3738420745 3377731.7927185036, 412977.3738420745 3377231.7927185036, 413477.3738420745 3377231.7927185036))"
1594,23,30,413227.3738420745,3377981.7927185036,"POLYGON ((413477.3738420745 3377731.7927185036, 413477.3738420745 3378231.7927185036, 412977.3738420745 3378231.7927185036, 412977.3738420745 3377731.7927185036, 413477.3738420745 3377731.7927185036))"
1595,24,30,413227.3738420745,3378481.7927185036,"POLYGON ((413477.3738420745 3378231.7927185036, 413477.3738420745 3378731.7927185036, 412977.3738420745 3378731.7927185036, 412977.3738420745 3378231.7927185036, 413477.3738420745 3378231.7927185036))"
1596,25,30,413227.3738420745,3378981.7927185036,"POLYGON ((413477.3738420745 3378731.7927185036, 413477.3738420745 3379231.7927185036, 412977.3738420745 3379231.7927185036, 412977.3738420745 3378731.7927185036, 413477.3738420745 3378731.7927185036))"
1597,26,30,413227.3738420745,3379481.7927185036,"POLYGON ((413477.3738420745 3379231.7927185036, 413477.3738420745 3379731.7927185036, 412977.3738420745 3379731.7927185036, 412977.3738420745 3379231.7927185036, 413477.3738420745 3379231.7927185036))"
1598,27,30,413227.3738420745,3379981.7927185036,"POLYGON ((413477.3738420745 3379731.7927185036, 413477.3738420745 3380231.7927185036, 412977.3738420745 3380231.7927185036, 412977.3738420745 3379731.7927185036, 413477.3738420745 3379731.7927185036))"
1599,28,30,413227.3738420745,3380481.7927185036,"POLYGON ((413477.3738420745 3380231.7927185036, 413477.3738420745 3380731.7927185036, 412977.3738420745 3380731.7927185036, 412977.3738420745 3380231.7927185036, 413477.3738420745 3380231.7927185036))"
1600,29,30,413227.3738420745,3380981.7927185036,"POLYGON ((413477.3738420745 3380731.7927185036, 413477.3738420745 3381231.7927185036, 412977.3738420745 3381231.7927185036, 412977.3738420745 3380731.7927185036, 413477.3738420745 3380731.7927185036))"
1601,30,30,413227.3738420745,3381481.7927185036,"POLYGON ((413477.3738420745 3381231.7927185036, 413477.3738420745 3381731.7927185036, 412977.3738420745 3381731.7927185036, 412977.3738420745 3381231.7927185036, 413477.3738420745 3381231.7927185036))"
1602,31,30,413227.3738420745,3381981.7927185036,"POLYGON ((413477.3738420745 3381731.7927185036, 413477.3738420745 3382231.7927185036, 412977.3738420745 3382231.7927185036, 412977.3738420745 3381731.7927185036, 413477.3738420745 3381731.7927185036))"
1603,32,30,413227.3738420745,3382481.7927185036,"POLYGON ((413477.3738420745 3382231.7927185036, 413477.3738420745 3382731.7927185036, 412977.3738420745 3382731.7927185036, 412977.3738420745 3382231.7927185036, 413477.3738420745 3382231.7927185036))"
1604,33,30,413227.3738420745,3382981.7927185036,"POLYGON ((413477.3738420745 3382731.7927185036, 413477.3738420745 3383231.7927185036, 412977.3738420745 3383231.7927185036, 412977.3738420745 3382731.7927185036, 413477.3738420745 3382731.7927185036))"
1605,34,30,413227.3738420745,3383481.7927185036,"POLYGON ((413477.3738420745 3383231.7927185036, 413477.3738420745 3383731.7927185036, 412977.3738420745 3383731.7927185036, 412977.3738420745 3383231.7927185036, 413477.3738420745 3383231.7927185036))"
1606,35,30,413227.3738420745,3383981.7927185036,"POLYGON ((413477.3738420745 3383731.7927185036, 413477.3738420745 3384231.7927185036, 412977.3738420745 3384231.7927185036, 412977.3738420745 3383731.7927185036, 413477.3738420745 3383731.7927185036))"
1607,36,30,413227.3738420745,3384481.7927185036,"POLYGON ((413477.3738420745 3384231.7927185036, 413477.3738420745 3384731.7927185036, 412977.3738420745 3384731.7927185036, 412977.3738420745 3384231.7927185036, 413477.3738420745 3384231.7927185036))"
1608,37,30,413227.3738420745,3384981.7927185036,"POLYGON ((413477.3738420745 3384731.7927185036, 413477.3738420745 3385231.7927185036, 412977.3738420745 3385231.7927185036, 412977.3738420745 3384731.7927185036, 413477.3738420745 3384731.7927185036))"
1609,38,30,413227.3738420745,3385481.7927185036,"POLYGON ((413477.3738420745 3385231.7927185036, 413477.3738420745 3385731.7927185036, 412977.3738420745 3385731.7927185036, 412977.3738420745 3385231.7927185036, 413477.3738420745 3385231.7927185036))"
1610,39,30,413227.3738420745,3385981.7927185036,"POLYGON ((413477.3738420745 3385731.7927185036, 413477.3738420745 3386231.7927185036, 412977.3738420745 3386231.7927185036, 412977.3738420745 3385731.7927185036, 413477.3738420745 3385731.7927185036))"
1611,40,30,413227.3738420745,3386481.7927185036,"POLYGON ((413477.3738420745 3386231.7927185036, 413477.3738420745 3386731.7927185036, 412977.3738420745 3386731.7927185036, 412977.3738420745 3386231.7927185036, 413477.3738420745 3386231.7927185036))"
1612,41,30,413227.3738420745,3386981.7927185036,"POLYGON ((413477.3738420745 3386731.7927185036, 413477.3738420745 3387231.7927185036, 412977.3738420745 3387231.7927185036, 412977.3738420745 3386731.7927185036, 413477.3738420745 3386731.7927185036))"
1613,42,30,413227.3738420745,3387481.7927185036,"POLYGON ((413477.3738420745 3387231.7927185036, 413477.3738420745 3387731.7927185036, 412977.3738420745 3387731.7927185036, 412977.3738420745 3387231.7927185036, 413477.3738420745 3387231.7927185036))"
1614,43,30,413227.3738420745,3387981.7927185036,"POLYGON ((413477.3738420745 3387731.7927185036, 413477.3738420745 3388231.7927185036, 412977.3738420745 3388231.7927185036, 412977.3738420745 3387731.7927185036, 413477.3738420745 3387731.7927185036))"
1615,44,30,413227.3738420745,3388481.7927185036,"POLYGON ((413477.3738420745 3388231.7927185036, 413477.3738420745 3388731.7927185036, 412977.3738420745 3388731.7927185036, 412977.3738420745 3388231.7927185036, 413477.3738420745 3388231.7927185036))"
1616,45,30,413227.3738420745,3388981.7927185036,"POLYGON ((413477.3738420745 3388731.7927185036, 413477.3738420745 3389231.7927185036, 412977.3738420745 3389231.7927185036, 412977.3738420745 3388731.7927185036, 413477.3738420745 3388731.7927185036))"
1617,46,30,413227.3738420745,3389481.7927185036,"POLYGON ((413477.3738420745 3389231.7927185036, 413477.3738420745 3389731.7927185036, 412977.3738420745 3389731.7927185036, 412977.3738420745 3389231.7927185036, 413477.3738420745 3389231.7927185036))"
1618,47,30,413227.3738420745,3389981.7927185036,"POLYGON ((413477.3738420745 3389731.7927185036, 413477.3738420745 3390231.7927185036, 412977.3738420745 3390231.7927185036, 412977.3738420745 3389731.7927185036, 413477.3738420745 3389731.7927185036))"
1619,48,30,413227.3738420745,3390481.7927185036,"POLYGON ((413477.3738420745 3390231.7927185036, 413477.3738420745 3390731.7927185036, 412977.3738420745 3390731.7927185036, 412977.3738420745 3390231.7927185036, 413477.3738420745 3390231.7927185036))"
1620,49,30,413227.3738420745,3390981.7927185036,"POLYGON ((413477.3738420745 3390731.7927185036, 413477.3738420745 3391231.7927185036, 412977.3738420745 3391231.7927185036, 412977.3738420745 3390731.7927185036, 413477.3738420745 3390731.7927185036))"
1621,50,30,413227.3738420745,3391481.7927185036,"POLYGON ((413477.3738420745 3391231.7927185036, 413477.3738420745 3391731.7927185036, 412977.3738420745 3391731.7927185036, 412977.3738420745 3391231.7927185036, 413477.3738420745 3391231.7927185036))"
1622,51,30,413227.3738420745,3391981.7927185036,"POLYGON ((413477.3738420745 3391731.7927185036, 413477.3738420745 3392231.7927185036, 412977.3738420745 3392231.7927185036, 412977.3738420745 3391731.7927185036, 413477.3738420745 3391731.7927185036))"
1623,52,30,413227.3738420745,3392481.7927185036,"POLYGON ((413477.3738420745 3392231.7927185036, 413477.3738420745 3392731.7927185036, 412977.3738420745 3392731.7927185036, 412977.3738420745 3392231.7927185036, 413477.3738420745 3392231.7927185036))"
1624,53,30,413227.3738420745,3392981.7927185036,"POLYGON ((413477.3738420745 3392731.7927185036, 413477.3738420745 3393231.7927185036, 412977.3738420745 3393231.7927185036, 412977.3738420745 3392731.7927185036, 413477.3738420745 3392731.7927185036))"
1625,54,30,413227.3738420745,3393481.7927185036,"POLYGON ((413477.3738420745 3393231.7927185036, 413477.3738420745 3393731.7927185036, 412977.3738420745 3393731.7927185036, 412977.3738420745 3393231.7927185036, 413477.3738420745 3393231.7927185036))"
1626,55,30,413227.3738420745,3393981.7927185036,"POLYGON ((413477.3738420745 3393731.7927185036, 413477.3738420745 3394231.7927185036, 412977.3738420745 3394231.7927185036, 412977.3738420745 3393731.7927185036, 413477.3738420745 3393731.7927185036))"
1627,56,30,413227.3738420745,3394481.7927185036,"POLYGON ((413477.3738420745 3394231.7927185036, 413477.3738420745 3394731.7927185036, 412977.3738420745 3394731.7927185036, 412977.3738420745 3394231.7927185036, 413477.3738420745 3394231.7927185036))"
1628,57,30,413227.3738420745,3394981.7927185036,"POLYGON ((413477.3738420745 3394731.7927185036, 413477.3738420745 3395231.7927185036, 412977.3738420745 3395231.7927185036, 412977.3738420745 3394731.7927185036, 413477.3738420745 3394731.7927185036))"
1629,58,30,413227.3738420745,3395481.7927185036,"POLYGON ((413477.3738420745 3395231.7927185036, 413477.3738420745 3395731.7927185036, 412977.3738420745 3395731.7927185036, 412977.3738420745 3395231.7927185036, 413477.3738420745 3395231.7927185036))"
1630,59,30,413227.3738420745,3395981.7927185036,"POLYGON ((413477.3738420745 3395731.7927185036, 413477.3738420745 3396231.7927185036, 412977.3738420745 3396231.7927185036, 412977.3738420745 3395731.7927185036, 413477.3738420745 3395731.7927185036))"
1631,60,30,413227.3738420745,3396481.7927185036,"POLYGON ((413477.3738420745 3396231.7927185036, 413477.3738420745 3396731.7927185036, 412977.3738420745 3396731.7927185036, 412977.3738420745 3396231.7927185036, 413477.3738420745 3396231.7927185036))"
1632,61,30,413227.3738420745,3396981.7927185036,"POLYGON ((413477.3738420745 3396731.7927185036, 413477.3738420745 3397231.7927185036, 412977.3738420745 3397231.7927185036, 412977.3738420745 3396731.7927185036, 413477.3738420745 3396731.7927185036))"
1633,62,30,413227.3738420745,3397481.7927185036,"POLYGON ((413477.3738420745 3397231.7927185036, 413477.3738420745 3397731.7927185036, 412977.3738420745 3397731.7927185036, 412977.3738420745 3397231.7927185036, 413477.3738420745 3397231.7927185036))"
1634,63,30,413227.3738420745,3397981.7927185036,"POLYGON ((413477.3738420745 3397731.7927185036, 413477.3738420745 3398231.7927185036, 412977.3738420745 3398231.7927185036, 412977.3738420745 3397731.7927185036, 413477.3738420745 3397731.7927185036))"
1635,64,30,413227.3738420745,3398481.7927185036,"POLYGON ((413477.3738420745 3398231.7927185036, 413477.3738420745 3398731.7927185036, 412977.3738420745 3398731.7927185036, 412977.3738420745 3398231.7927185036, 413477.3738420745 3398231.7927185036))"
1636,65,30,413227.3738420745,3398981.7927185036,"POLYGON ((413477.3738420745 3398731.7927185036, 413477.3738420745 3399231.7927185036, 412977.3738420745 3399231.7927185036, 412977.3738420745 3398731.7927185036, 413477.3738420745 3398731.7927185036))"
1637,66,30,413227.3738420745,3399481.7927185036,"POLYGON ((413477.3738420745 3399231.7927185036, 413477.3738420745 3399731.7927185036, 412977.3738420745 3399731.7927185036, 412977.3738420745 3399231.7927185036, 413477.3738420745 3399231.7927185036))"
1638,67,30,413227.3738420745,3399981.7927185036,"POLYGON ((413477.3738420745 3399731.7927185036, 413477.3738420745 3400231.7927185036, 412977.3738420745 3400231.7927185036, 412977.3738420745 3399731.7927185036, 413477.3738420745 3399731.7927185036))"
1639,68,30,413227.3738420745,3400481.7927185036,"POLYGON ((413477.3738420745 3400231.7927185036, 413477.3738420745 3400731.7927185036, 412977.3738420745 3400731.7927185036, 412977.3738420745 3400231.7927185036, 413477.3738420745 3400231.7927185036))"
1640,69,30,413227.3738420745,3400981.7927185036,"POLYGON ((413477.3738420745 3400731.7927185036, 413477.3738420745 3401231.7927185036, 412977.3738420745 3401231.7927185036, 412977.3738420745 3400731.7927185036, 413477.3738420745 3400731.7927185036))"
1641,70,30,413227.3738420745,3401481.7927185036,"POLYGON ((413477.3738420745 3401231.7927185036, 413477.3738420745 3401731.7927185036, 412977.3738420745 3401731.7927185036, 412977.3738420745 3401231.7927185036, 413477.3738420745 3401231.7927185036))"
1642,71,30,413227.3738420745,3401981.7927185036,"POLYGON ((413477.3738420745 3401731.7927185036, 413477.3738420745 3402231.7927185036, 412977.3738420745 3402231.7927185036, 412977.3738420745 3401731.7927185036, 413477.3738420745 3401731.7927185036))"
1643,72,30,413227.3738420745,3402481.7927185036,"POLYGON ((413477.3738420745 3402231.7927185036, 413477.3738420745 3402731.7927185036, 412977.3738420745 3402731.7927185036, 412977.3738420745 3402231.7927185036, 413477.3738420745 3402231.7927185036))"
1644,2,31,413727.3738420745,3367481.7927185036,"POLYGON ((413977.3738420745 3367231.7927185036, 413977.3738420745 3367731.7927185036, 413477.3738420745 3367731.7927185036, 413477.3738420745 3367231.7927185036, 413977.3738420745 3367231.7927185036))"
1645,3,31,413727.3738420745,3367981.7927185036,"POLYGON ((413977.3738420745 3367731.7927185036, 413977.3738420745 3368231.7927185036, 413477.3738420745 3368231.7927185036, 413477.3738420745 3367731.7927185036, 413977.3738420745 3367731.7927185036))"
1646,4,31,413727.3738420745,3368481.7927185036,"POLYGON ((413977.3738420745 3368231.7927185036, 413977.3738420745 3368731.7927185036, 413477.3738420745 3368731.7927185036, 413477.3738420745 3368231.7927185036, 413977.3738420745 3368231.7927185036))"
1647,5,31,413727.3738420745,3368981.7927185036,"POLYGON ((413977.3738420745 3368731.7927185036, 413977.3738420745 3369231.7927185036, 413477.3738420745 3369231.7927185036, 413477.3738420745 3368731.7927185036, 413977.3738420745 3368731.7927185036))"
1648,6,31,413727.3738420745,3369481.7927185036,"POLYGON ((413977.3738420745 3369231.7927185036, 413977.3738420745 3369731.7927185036, 413477.3738420745 3369731.7927185036, 413477.3738420745 3369231.7927185036, 413977.3738420745 3369231.7927185036))"
1649,7,31,413727.3738420745,3369981.7927185036,"POLYGON ((413977.3738420745 3369731.7927185036, 413977.3738420745 3370231.7927185036, 413477.3738420745 3370231.7927185036, 413477.3738420745 3369731.7927185036, 413977.3738420745 3369731.7927185036))"
1650,8,31,413727.3738420745,3370481.7927185036,"POLYGON ((413977.3738420745 3370231.7927185036, 413977.3738420745 3370731.7927185036, 413477.3738420745 3370731.7927185036, 413477.3738420745 3370231.7927185036, 413977.3738420745 3370231.7927185036))"
1651,9,31,413727.3738420745,3370981.7927185036,"POLYGON ((413977.3738420745 3370731.7927185036, 413977.3738420745 3371231.7927185036, 413477.3738420745 3371231.7927185036, 413477.3738420745 3370731.7927185036, 413977.3738420745 3370731.7927185036))"
1652,10,31,413727.3738420745,3371481.7927185036,"POLYGON ((413977.3738420745 3371231.7927185036, 413977.3738420745 3371731.7927185036, 413477.3738420745 3371731.7927185036, 413477.3738420745 3371231.7927185036, 413977.3738420745 3371231.7927185036))"
1653,11,31,413727.3738420745,3371981.7927185036,"POLYGON ((413977.3738420745 3371731.7927185036, 413977.3738420745 3372231.7927185036, 413477.3738420745 3372231.7927185036, 413477.3738420745 3371731.7927185036, 413977.3738420745 3371731.7927185036))"
1654,12,31,413727.3738420745,3372481.7927185036,"POLYGON ((413977.3738420745 3372231.7927185036, 413977.3738420745 3372731.7927185036, 413477.3738420745 3372731.7927185036, 413477.3738420745 3372231.7927185036, 413977.3738420745 3372231.7927185036))"
1655,13,31,413727.3738420745,3372981.7927185036,"POLYGON ((413977.3738420745 3372731.7927185036, 413977.3738420745 3373231.7927185036, 413477.3738420745 3373231.7927185036, 413477.3738420745 3372731.7927185036, 413977.3738420745 3372731.7927185036))"
1656,14,31,413727.3738420745,3373481.7927185036,"POLYGON ((413977.3738420745 3373231.7927185036, 413977.3738420745 3373731.7927185036, 413477.3738420745 3373731.7927185036, 413477.3738420745 3373231.7927185036, 413977.3738420745 3373231.7927185036))"
1657,15,31,413727.3738420745,3373981.7927185036,"POLYGON ((413977.3738420745 3373731.7927185036, 413977.3738420745 3374231.7927185036, 413477.3738420745 3374231.7927185036, 413477.3738420745 3373731.7927185036, 413977.3738420745 3373731.7927185036))"
1658,16,31,413727.3738420745,3374481.7927185036,"POLYGON ((413977.3738420745 3374231.7927185036, 413977.3738420745 3374731.7927185036, 413477.3738420745 3374731.7927185036, 413477.3738420745 3374231.7927185036, 413977.3738420745 3374231.7927185036))"
1659,17,31,413727.3738420745,3374981.7927185036,"POLYGON ((413977.3738420745 3374731.7927185036, 413977.3738420745 3375231.7927185036, 413477.3738420745 3375231.7927185036, 413477.3738420745 3374731.7927185036, 413977.3738420745 3374731.7927185036))"
1660,18,31,413727.3738420745,3375481.7927185036,"POLYGON ((413977.3738420745 3375231.7927185036, 413977.3738420745 3375731.7927185036, 413477.3738420745 3375731.7927185036, 413477.3738420745 3375231.7927185036, 413977.3738420745 3375231.7927185036))"
1661,19,31,413727.3738420745,3375981.7927185036,"POLYGON ((413977.3738420745 3375731.7927185036, 413977.3738420745 3376231.7927185036, 413477.3738420745 3376231.7927185036, 413477.3738420745 3375731.7927185036, 413977.3738420745 3375731.7927185036))"
1662,20,31,413727.3738420745,3376481.7927185036,"POLYGON ((413977.3738420745 3376231.7927185036, 413977.3738420745 3376731.7927185036, 413477.3738420745 3376731.7927185036, 413477.3738420745 3376231.7927185036, 413977.3738420745 3376231.7927185036))"
1663,21,31,413727.3738420745,3376981.7927185036,"POLYGON ((413977.3738420745 3376731.7927185036, 413977.3738420745 3377231.7927185036, 413477.3738420745 3377231.7927185036, 413477.3738420745 3376731.7927185036, 413977.3738420745 3376731.7927185036))"
1664,22,31,413727.3738420745,3377481.7927185036,"POLYGON ((413977.3738420745 3377231.7927185036, 413977.3738420745 3377731.7927185036, 413477.3738420745 3377731.7927185036, 413477.3738420745 3377231.7927185036, 413977.3738420745 3377231.7927185036))"
1665,23,31,413727.3738420745,3377981.7927185036,"POLYGON ((413977.3738420745 3377731.7927185036, 413977.3738420745 3378231.7927185036, 413477.3738420745 3378231.7927185036, 413477.3738420745 3377731.7927185036, 413977.3738420745 3377731.7927185036))"
1666,24,31,413727.3738420745,3378481.7927185036,"POLYGON ((413977.3738420745 3378231.7927185036, 413977.3738420745 3378731.7927185036, 413477.3738420745 3378731.7927185036, 413477.3738420745 3378231.7927185036, 413977.3738420745 3378231.7927185036))"
1667,25,31,413727.3738420745,3378981.7927185036,"POLYGON ((413977.3738420745 3378731.7927185036, 413977.3738420745 3379231.7927185036, 413477.3738420745 3379231.7927185036, 413477.3738420745 3378731.7927185036, 413977.3738420745 3378731.7927185036))"
1668,26,31,413727.3738420745,3379481.7927185036,"POLYGON ((413977.3738420745 3379231.7927185036, 413977.3738420745 3379731.7927185036, 413477.3738420745 3379731.7927185036, 413477.3738420745 3379231.7927185036, 413977.3738420745 3379231.7927185036))"
1669,27,31,413727.3738420745,3379981.7927185036,"POLYGON ((413977.3738420745 3379731.7927185036, 413977.3738420745 3380231.7927185036, 413477.3738420745 3380231.7927185036, 413477.3738420745 3379731.7927185036, 413977.3738420745 3379731.7927185036))"
1670,28,31,413727.3738420745,3380481.7927185036,"POLYGON ((413977.3738420745 3380231.7927185036, 413977.3738420745 3380731.7927185036, 413477.3738420745 3380731.7927185036, 413477.3738420745 3380231.7927185036, 413977.3738420745 3380231.7927185036))"
1671,29,31,413727.3738420745,3380981.7927185036,"POLYGON ((413977.3738420745 3380731.7927185036, 413977.3738420745 3381231.7927185036, 413477.3738420745 3381231.7927185036, 413477.3738420745 3380731.7927185036, 413977.3738420745 3380731.7927185036))"
1672,30,31,413727.3738420745,3381481.7927185036,"POLYGON ((413977.3738420745 3381231.7927185036, 413977.3738420745 3381731.7927185036, 413477.3738420745 3381731.7927185036, 413477.3738420745 3381231.7927185036, 413977.3738420745 3381231.7927185036))"
1673,31,31,413727.3738420745,3381981.7927185036,"POLYGON ((413977.3738420745 3381731.7927185036, 413977.3738420745 3382231.7927185036, 413477.3738420745 3382231.7927185036, 413477.3738420745 3381731.7927185036, 413977.3738420745 3381731.7927185036))"
1674,32,31,413727.3738420745,3382481.7927185036,"POLYGON ((413977.3738420745 3382231.7927185036, 413977.3738420745 3382731.7927185036, 413477.3738420745 3382731.7927185036, 413477.3738420745 3382231.7927185036, 413977.3738420745 3382231.7927185036))"
1675,33,31,413727.3738420745,3382981.7927185036,"POLYGON ((413977.3738420745 3382731.7927185036, 413977.3738420745 3383231.7927185036, 413477.3738420745 3383231.7927185036, 413477.3738420745 3382731.7927185036, 413977.3738420745 3382731.7927185036))"
1676,34,31,413727.3738420745,3383481.7927185036,"POLYGON ((413977.3738420745 3383231.7927185036, 413977.3738420745 3383731.7927185036, 413477.3738420745 3383731.7927185036, 413477.3738420745 3383231.7927185036, 413977.3738420745 3383231.7927185036))"
1677,35,31,413727.3738420745,3383981.7927185036,"POLYGON ((413977.3738420745 3383731.7927185036, 413977.3738420745 3384231.7927185036, 413477.3738420745 3384231.7927185036, 413477.3738420745 3383731.7927185036, 413977.3738420745 3383731.7927185036))"
1678,36,31,413727.3738420745,3384481.7927185036,"POLYGON ((413977.3738420745 3384231.7927185036, 413977.3738420745 3384731.7927185036, 413477.3738420745 3384731.7927185036, 413477.3738420745 3384231.7927185036, 413977.3738420745 3384231.7927185036))"
1679,37,31,413727.3738420745,3384981.7927185036,"POLYGON ((413977.3738420745 3384731.7927185036, 413977.3738420745 3385231.7927185036, 413477.3738420745 3385231.7927185036, 413477.3738420745 3384731.7927185036, 413977.3738420745 3384731.7927185036))"
1680,38,31,413727.3738420745,3385481.7927185036,"POLYGON ((413977.3738420745 3385231.7927185036, 413977.3738420745 3385731.7927185036, 413477.3738420745 3385731.7927185036, 413477.3738420745 3385231.7927185036, 413977.3738420745 3385231.7927185036))"
1681,39,31,413727.3738420745,3385981.7927185036,"POLYGON ((413977.3738420745 3385731.7927185036, 413977.3738420745 3386231.7927185036, 413477.3738420745 3386231.7927185036, 413477.3738420745 3385731.7927185036, 413977.3738420745 3385731.7927185036))"
1682,40,31,413727.3738420745,3386481.7927185036,"POLYGON ((413977.3738420745 3386231.7927185036, 413977.3738420745 3386731.7927185036, 413477.3738420745 3386731.7927185036, 413477.3738420745 3386231.7927185036, 413977.3738420745 3386231.7927185036))"
1683,41,31,413727.3738420745,3386981.7927185036,"POLYGON ((413977.3738420745 3386731.7927185036, 413977.3738420745 3387231.7927185036, 413477.3738420745 3387231.7927185036, 413477.3738420745 3386731.7927185036, 413977.3738420745 3386731.7927185036))"
1684,42,31,413727.3738420745,3387481.7927185036,"POLYGON ((413977.3738420745 3387231.7927185036, 413977.3738420745 3387731.7927185036, 413477.3738420745 3387731.7927185036, 413477.3738420745 3387231.7927185036, 413977.3738420745 3387231.7927185036))"
1685,43,31,413727.3738420745,3387981.7927185036,"POLYGON ((413977.3738420745 3387731.7927185036, 413977.3738420745 3388231.7927185036, 413477.3738420745 3388231.7927185036, 413477.3738420745 3387731.7927185036, 413977.3738420745 3387731.7927185036))"
1686,44,31,413727.3738420745,3388481.7927185036,"POLYGON ((413977.3738420745 3388231.7927185036, 413977.3738420745 3388731.7927185036, 413477.3738420745 3388731.7927185036, 413477.3738420745 3388231.7927185036, 413977.3738420745 3388231.7927185036))"
1687,45,31,413727.3738420745,3388981.7927185036,"POLYGON ((413977.3738420745 3388731.7927185036, 413977.3738420745 3389231.7927185036, 413477.3738420745 3389231.7927185036, 413477.3738420745 3388731.7927185036, 413977.3738420745 3388731.7927185036))"
1688,46,31,413727.3738420745,3389481.7927185036,"POLYGON ((413977.3738420745 3389231.7927185036, 413977.3738420745 3389731.7927185036, 413477.3738420745 3389731.7927185036, 413477.3738420745 3389231.7927185036, 413977.3738420745 3389231.7927185036))"
1689,47,31,413727.3738420745,3389981.7927185036,"POLYGON ((413977.3738420745 3389731.7927185036, 413977.3738420745 3390231.7927185036, 413477.3738420745 3390231.7927185036, 413477.3738420745 3389731.7927185036, 413977.3738420745 3389731.7927185036))"
1690,48,31,413727.3738420745,3390481.7927185036,"POLYGON ((413977.3738420745 3390231.7927185036, 413977.3738420745 3390731.7927185036, 413477.3738420745 3390731.7927185036, 413477.3738420745 3390231.7927185036, 413977.3738420745 3390231.7927185036))"
1691,49,31,413727.3738420745,3390981.7927185036,"POLYGON ((413977.3738420745 3390731.7927185036, 413977.3738420745 3391231.7927185036, 413477.3738420745 3391231.7927185036, 413477.3738420745 3390731.7927185036, 413977.3738420745 3390731.7927185036))"
1692,50,31,413727.3738420745,3391481.7927185036,"POLYGON ((413977.3738420745 3391231.7927185036, 413977.3738420745 3391731.7927185036, 413477.3738420745 3391731.7927185036, 413477.3738420745 3391231.7927185036, 413977.3738420745 3391231.7927185036))"
1693,51,31,413727.3738420745,3391981.7927185036,"POLYGON ((413977.3738420745 3391731.7927185036, 413977.3738420745 3392231.7927185036, 413477.3738420745 3392231.7927185036, 413477.3738420745 3391731.7927185036, 413977.3738420745 3391731.7927185036))"
1694,52,31,413727.3738420745,3392481.7927185036,"POLYGON ((413977.3738420745 3392231.7927185036, 413977.3738420745 3392731.7927185036, 413477.3738420745 3392731.7927185036, 413477.3738420745 3392231.7927185036, 413977.3738420745 3392231.7927185036))"
1695,53,31,413727.3738420745,3392981.7927185036,"POLYGON ((413977.3738420745 3392731.7927185036, 413977.3738420745 3393231.7927185036, 413477.3738420745 3393231.7927185036, 413477.3738420745 3392731.7927185036, 413977.3738420745 3392731.7927185036))"
1696,54,31,413727.3738420745,3393481.7927185036,"POLYGON ((413977.3738420745 3393231.7927185036, 413977.3738420745 3393731.7927185036, 413477.3738420745 3393731.7927185036, 413477.3738420745 3393231.7927185036, 413977.3738420745 3393231.7927185036))"
1697,55,31,413727.3738420745,3393981.7927185036,"POLYGON ((413977.3738420745 3393731.7927185036, 413977.3738420745 3394231.7927185036, 413477.3738420745 3394231.7927185036, 413477.3738420745 3393731.7927185036, 413977.3738420745 3393731.7927185036))"
1698,56,31,413727.3738420745,3394481.7927185036,"POLYGON ((413977.3738420745 3394231.7927185036, 413977.3738420745 3394731.7927185036, 413477.3738420745 3394731.7927185036, 413477.3738420745 3394231.7927185036, 413977.3738420745 3394231.7927185036))"
1699,57,31,413727.3738420745,3394981.7927185036,"POLYGON ((413977.3738420745 3394731.7927185036, 413977.3738420745 3395231.7927185036, 413477.3738420745 3395231.7927185036, 413477.3738420745 3394731.7927185036, 413977.3738420745 3394731.7927185036))"
1700,58,31,413727.3738420745,3395481.7927185036,"POLYGON ((413977.3738420745 3395231.7927185036, 413977.3738420745 3395731.7927185036, 413477.3738420745 3395731.7927185036, 413477.3738420745 3395231.7927185036, 413977.3738420745 3395231.7927185036))"
1701,59,31,413727.3738420745,3395981.7927185036,"POLYGON ((413977.3738420745 3395731.7927185036, 413977.3738420745 3396231.7927185036, 413477.3738420745 3396231.7927185036, 413477.3738420745 3395731.7927185036, 413977.3738420745 3395731.7927185036))"
1702,60,31,413727.3738420745,3396481.7927185036,"POLYGON ((413977.3738420745 3396231.7927185036, 413977.3738420745 3396731.7927185036, 413477.3738420745 3396731.7927185036, 413477.3738420745 3396231.7927185036, 413977.3738420745 3396231.7927185036))"
1703,61,31,413727.3738420745,3396981.7927185036,"POLYGON ((413977.3738420745 3396731.7927185036, 413977.3738420745 3397231.7927185036, 413477.3738420745 3397231.7927185036, 413477.3738420745 3396731.7927185036, 413977.3738420745 3396731.7927185036))"
1704,62,31,413727.3738420745,3397481.7927185036,"POLYGON ((413977.3738420745 3397231.7927185036, 413977.3738420745 3397731.7927185036, 413477.3738420745 3397731.7927185036, 413477.3738420745 3397231.7927185036, 413977.3738420745 3397231.7927185036))"
1705,63,31,413727.3738420745,3397981.7927185036,"POLYGON ((413977.3738420745 3397731.7927185036, 413977.3738420745 3398231.7927185036, 413477.3738420745 3398231.7927185036, 413477.3738420745 3397731.7927185036, 413977.3738420745 3397731.7927185036))"
1706,64,31,413727.3738420745,3398481.7927185036,"POLYGON ((413977.3738420745 3398231.7927185036, 413977.3738420745 3398731.7927185036, 413477.3738420745 3398731.7927185036, 413477.3738420745 3398231.7927185036, 413977.3738420745 3398231.7927185036))"
1707,65,31,413727.3738420745,3398981.7927185036,"POLYGON ((413977.3738420745 3398731.7927185036, 413977.3738420745 3399231.7927185036, 413477.3738420745 3399231.7927185036, 413477.3738420745 3398731.7927185036, 413977.3738420745 3398731.7927185036))"
1708,66,31,413727.3738420745,3399481.7927185036,"POLYGON ((413977.3738420745 3399231.7927185036, 413977.3738420745 3399731.7927185036, 413477.3738420745 3399731.7927185036, 413477.3738420745 3399231.7927185036, 413977.3738420745 3399231.7927185036))"
1709,67,31,413727.3738420745,3399981.7927185036,"POLYGON ((413977.3738420745 3399731.7927185036, 413977.3738420745 3400231.7927185036, 413477.3738420745 3400231.7927185036, 413477.3738420745 3399731.7927185036, 413977.3738420745 3399731.7927185036))"
1710,68,31,413727.3738420745,3400481.7927185036,"POLYGON ((413977.3738420745 3400231.7927185036, 413977.3738420745 3400731.7927185036, 413477.3738420745 3400731.7927185036, 413477.3738420745 3400231.7927185036, 413977.3738420745 3400231.7927185036))"
1711,69,31,413727.3738420745,3400981.7927185036,"POLYGON ((413977.3738420745 3400731.7927185036, 413977.3738420745 3401231.7927185036, 413477.3738420745 3401231.7927185036, 413477.3738420745 3400731.7927185036, 413977.3738420745 3400731.7927185036))"
1712,70,31,413727.3738420745,3401481.7927185036,"POLYGON ((413977.3738420745 3401231.7927185036, 413977.3738420745 3401731.7927185036, 413477.3738420745 3401731.7927185036, 413477.3738420745 3401231.7927185036, 413977.3738420745 3401231.7927185036))"
1713,71,31,413727.3738420745,3401981.7927185036,"POLYGON ((413977.3738420745 3401731.7927185036, 413977.3738420745 3402231.7927185036, 413477.3738420745 3402231.7927185036, 413477.3738420745 3401731.7927185036, 413977.3738420745 3401731.7927185036))"
1714,72,31,413727.3738420745,3402481.7927185036,"POLYGON ((413977.3738420745 3402231.7927185036, 413977.3738420745 3402731.7927185036, 413477.3738420745 3402731.7927185036, 413477.3738420745 3402231.7927185036, 413977.3738420745 3402231.7927185036))"
1715,3,32,414227.3738420745,3367981.7927185036,"POLYGON ((414477.3738420745 3367731.7927185036, 414477.3738420745 3368231.7927185036, 413977.3738420745 3368231.7927185036, 413977.3738420745 3367731.7927185036, 414477.3738420745 3367731.7927185036))"
1716,4,32,414227.3738420745,3368481.7927185036,"POLYGON ((414477.3738420745 3368231.7927185036, 414477.3738420745 3368731.7927185036, 413977.3738420745 3368731.7927185036, 413977.3738420745 3368231.7927185036, 414477.3738420745 3368231.7927185036))"
1717,5,32,414227.3738420745,3368981.7927185036,"POLYGON ((414477.3738420745 3368731.7927185036, 414477.3738420745 3369231.7927185036, 413977.3738420745 3369231.7927185036, 413977.3738420745 3368731.7927185036, 414477.3738420745 3368731.7927185036))"
1718,6,32,414227.3738420745,3369481.7927185036,"POLYGON ((414477.3738420745 3369231.7927185036, 414477.3738420745 3369731.7927185036, 413977.3738420745 3369731.7927185036, 413977.3738420745 3369231.7927185036, 414477.3738420745 3369231.7927185036))"
1719,7,32,414227.3738420745,3369981.7927185036,"POLYGON ((414477.3738420745 3369731.7927185036, 414477.3738420745 3370231.7927185036, 413977.3738420745 3370231.7927185036, 413977.3738420745 3369731.7927185036, 414477.3738420745 3369731.7927185036))"
1720,8,32,414227.3738420745,3370481.7927185036,"POLYGON ((414477.3738420745 3370231.7927185036, 414477.3738420745 3370731.7927185036, 413977.3738420745 3370731.7927185036, 413977.3738420745 3370231.7927185036, 414477.3738420745 3370231.7927185036))"
1721,9,32,414227.3738420745,3370981.7927185036,"POLYGON ((414477.3738420745 3370731.7927185036, 414477.3738420745 3371231.7927185036, 413977.3738420745 3371231.7927185036, 413977.3738420745 3370731.7927185036, 414477.3738420745 3370731.7927185036))"
1722,10,32,414227.3738420745,3371481.7927185036,"POLYGON ((414477.3738420745 3371231.7927185036, 414477.3738420745 3371731.7927185036, 413977.3738420745 3371731.7927185036, 413977.3738420745 3371231.7927185036, 414477.3738420745 3371231.7927185036))"
1723,11,32,414227.3738420745,3371981.7927185036,"POLYGON ((414477.3738420745 3371731.7927185036, 414477.3738420745 3372231.7927185036, 413977.3738420745 3372231.7927185036, 413977.3738420745 3371731.7927185036, 414477.3738420745 3371731.7927185036))"
1724,12,32,414227.3738420745,3372481.7927185036,"POLYGON ((414477.3738420745 3372231.7927185036, 414477.3738420745 3372731.7927185036, 413977.3738420745 3372731.7927185036, 413977.3738420745 3372231.7927185036, 414477.3738420745 3372231.7927185036))"
1725,13,32,414227.3738420745,3372981.7927185036,"POLYGON ((414477.3738420745 3372731.7927185036, 414477.3738420745 3373231.7927185036, 413977.3738420745 3373231.7927185036, 413977.3738420745 3372731.7927185036, 414477.3738420745 3372731.7927185036))"
1726,14,32,414227.3738420745,3373481.7927185036,"POLYGON ((414477.3738420745 3373231.7927185036, 414477.3738420745 3373731.7927185036, 413977.3738420745 3373731.7927185036, 413977.3738420745 3373231.7927185036, 414477.3738420745 3373231.7927185036))"
1727,15,32,414227.3738420745,3373981.7927185036,"POLYGON ((414477.3738420745 3373731.7927185036, 414477.3738420745 3374231.7927185036, 413977.3738420745 3374231.7927185036, 413977.3738420745 3373731.7927185036, 414477.3738420745 3373731.7927185036))"
1728,16,32,414227.3738420745,3374481.7927185036,"POLYGON ((414477.3738420745 3374231.7927185036, 414477.3738420745 3374731.7927185036, 413977.3738420745 3374731.7927185036, 413977.3738420745 3374231.7927185036, 414477.3738420745 3374231.7927185036))"
1729,17,32,414227.3738420745,3374981.7927185036,"POLYGON ((414477.3738420745 3374731.7927185036, 414477.3738420745 3375231.7927185036, 413977.3738420745 3375231.7927185036, 413977.3738420745 3374731.7927185036, 414477.3738420745 3374731.7927185036))"
1730,18,32,414227.3738420745,3375481.7927185036,"POLYGON ((414477.3738420745 3375231.7927185036, 414477.3738420745 3375731.7927185036, 413977.3738420745 3375731.7927185036, 413977.3738420745 3375231.7927185036, 414477.3738420745 3375231.7927185036))"
1731,19,32,414227.3738420745,3375981.7927185036,"POLYGON ((414477.3738420745 3375731.7927185036, 414477.3738420745 3376231.7927185036, 413977.3738420745 3376231.7927185036, 413977.3738420745 3375731.7927185036, 414477.3738420745 3375731.7927185036))"
1732,20,32,414227.3738420745,3376481.7927185036,"POLYGON ((414477.3738420745 3376231.7927185036, 414477.3738420745 3376731.7927185036, 413977.3738420745 3376731.7927185036, 413977.3738420745 3376231.7927185036, 414477.3738420745 3376231.7927185036))"
1733,21,32,414227.3738420745,3376981.7927185036,"POLYGON ((414477.3738420745 3376731.7927185036, 414477.3738420745 3377231.7927185036, 413977.3738420745 3377231.7927185036, 413977.3738420745 3376731.7927185036, 414477.3738420745 3376731.7927185036))"
1734,22,32,414227.3738420745,3377481.7927185036,"POLYGON ((414477.3738420745 3377231.7927185036, 414477.3738420745 3377731.7927185036, 413977.3738420745 3377731.7927185036, 413977.3738420745 3377231.7927185036, 414477.3738420745 3377231.7927185036))"
1735,23,32,414227.3738420745,3377981.7927185036,"POLYGON ((414477.3738420745 3377731.7927185036, 414477.3738420745 3378231.7927185036, 413977.3738420745 3378231.7927185036, 413977.3738420745 3377731.7927185036, 414477.3738420745 3377731.7927185036))"
1736,24,32,414227.3738420745,3378481.7927185036,"POLYGON ((414477.3738420745 3378231.7927185036, 414477.3738420745 3378731.7927185036, 413977.3738420745 3378731.7927185036, 413977.3738420745 3378231.7927185036, 414477.3738420745 3378231.7927185036))"
1737,25,32,414227.3738420745,3378981.7927185036,"POLYGON ((414477.3738420745 3378731.7927185036, 414477.3738420745 3379231.7927185036, 413977.3738420745 3379231.7927185036, 413977.3738420745 3378731.7927185036, 414477.3738420745 3378731.7927185036))"
1738,26,32,414227.3738420745,3379481.7927185036,"POLYGON ((414477.3738420745 3379231.7927185036, 414477.3738420745 3379731.7927185036, 413977.3738420745 3379731.7927185036, 413977.3738420745 3379231.7927185036, 414477.3738420745 3379231.7927185036))"
1739,27,32,414227.3738420745,3379981.7927185036,"POLYGON ((414477.3738420745 3379731.7927185036, 414477.3738420745 3380231.7927185036, 413977.3738420745 3380231.7927185036, 413977.3738420745 3379731.7927185036, 414477.3738420745 3379731.7927185036))"
1740,28,32,414227.3738420745,3380481.7927185036,"POLYGON ((414477.3738420745 3380231.7927185036, 414477.3738420745 3380731.7927185036, 413977.3738420745 3380731.7927185036, 413977.3738420745 3380231.7927185036, 414477.3738420745 3380231.7927185036))"
1741,29,32,414227.3738420745,3380981.7927185036,"POLYGON ((414477.3738420745 3380731.7927185036, 414477.3738420745 3381231.7927185036, 413977.3738420745 3381231.7927185036, 413977.3738420745 3380731.7927185036, 414477.3738420745 3380731.7927185036))"
1742,30,32,414227.3738420745,3381481.7927185036,"POLYGON ((414477.3738420745 3381231.7927185036, 414477.3738420745 3381731.7927185036, 413977.3738420745 3381731.7927185036, 413977.3738420745 3381231.7927185036, 414477.3738420745 3381231.7927185036))"
1743,31,32,414227.3738420745,3381981.7927185036,"POLYGON ((414477.3738420745 3381731.7927185036, 414477.3738420745 3382231.7927185036, 413977.3738420745 3382231.7927185036, 413977.3738420745 3381731.7927185036, 414477.3738420745 3381731.7927185036))"
1744,32,32,414227.3738420745,3382481.7927185036,"POLYGON ((414477.3738420745 3382231.7927185036, 414477.3738420745 3382731.7927185036, 413977.3738420745 3382731.7927185036, 413977.3738420745 3382231.7927185036, 414477.3738420745 3382231.7927185036))"
1745,33,32,414227.3738420745,3382981.7927185036,"POLYGON ((414477.3738420745 3382731.7927185036, 414477.3738420745 3383231.7927185036, 413977.3738420745 3383231.7927185036, 413977.3738420745 3382731.7927185036, 414477.3738420745 3382731.7927185036))"
1746,34,32,414227.3738420745,3383481.7927185036,"POLYGON ((414477.3738420745 3383231.7927185036, 414477.3738420745 3383731.7927185036, 413977.3738420745 3383731.7927185036, 413977.3738420745 3383231.7927185036, 414477.3738420745 3383231.7927185036))"
1747,35,32,414227.3738420745,3383981.7927185036,"POLYGON ((414477.3738420745 3383731.7927185036, 414477.3738420745 3384231.7927185036, 413977.3738420745 3384231.7927185036, 413977.3738420745 3383731.7927185036, 414477.3738420745 3383731.7927185036))"
1748,36,32,414227.3738420745,3384481.7927185036,"POLYGON ((414477.3738420745 3384231.7927185036, 414477.3738420745 3384731.7927185036, 413977.3738420745 3384731.7927185036, 413977.3738420745 3384231.7927185036, 414477.3738420745 3384231.7927185036))"
1749,37,32,414227.3738420745,3384981.7927185036,"POLYGON ((414477.3738420745 3384731.7927185036, 414477.3738420745 3385231.7927185036, 413977.3738420745 3385231.7927185036, 413977.3738420745 3384731.7927185036, 414477.3738420745 3384731.7927185036))"
1750,38,32,414227.3738420745,3385481.7927185036,"POLYGON ((414477.3738420745 3385231.7927185036, 414477.3738420745 3385731.7927185036, 413977.3738420745 3385731.7927185036, 413977.3738420745 3385231.7927185036, 414477.3738420745 3385231.7927185036))"
1751,39,32,414227.3738420745,3385981.7927185036,"POLYGON ((414477.3738420745 3385731.7927185036, 414477.3738420745 3386231.7927185036, 413977.3738420745 3386231.7927185036, 413977.3738420745 3385731.7927185036, 414477.3738420745 3385731.7927185036))"
1752,40,32,414227.3738420745,3386481.7927185036,"POLYGON ((414477.3738420745 3386231.7927185036, 414477.3738420745 3386731.7927185036, 413977.3738420745 3386731.7927185036, 413977.3738420745 3386231.7927185036, 414477.3738420745 3386231.7927185036))"
1753,41,32,414227.3738420745,3386981.7927185036,"POLYGON ((414477.3738420745 3386731.7927185036, 414477.3738420745 3387231.7927185036, 413977.3738420745 3387231.7927185036, 413977.3738420745 3386731.7927185036, 414477.3738420745 3386731.7927185036))"
1754,42,32,414227.3738420745,3387481.7927185036,"POLYGON ((414477.3738420745 3387231.7927185036, 414477.3738420745 3387731.7927185036, 413977.3738420745 3387731.7927185036, 413977.3738420745 3387231.7927185036, 414477.3738420745 3387231.7927185036))"
1755,43,32,414227.3738420745,3387981.7927185036,"POLYGON ((414477.3738420745 3387731.7927185036, 414477.3738420745 3388231.7927185036, 413977.3738420745 3388231.7927185036, 413977.3738420745 3387731.7927185036, 414477.3738420745 3387731.7927185036))"
1756,44,32,414227.3738420745,3388481.7927185036,"POLYGON ((414477.3738420745 3388231.7927185036, 414477.3738420745 3388731.7927185036, 413977.3738420745 3388731.7927185036, 413977.3738420745 3388231.7927185036, 414477.3738420745 3388231.7927185036))"
1757,45,32,414227.3738420745,3388981.7927185036,"POLYGON ((414477.3738420745 3388731.7927185036, 414477.3738420745 3389231.7927185036, 413977.3738420745 3389231.7927185036, 413977.3738420745 3388731.7927185036, 414477.3738420745 3388731.7927185036))"
1758,46,32,414227.3738420745,3389481.7927185036,"POLYGON ((414477.3738420745 3389231.7927185036, 414477.3738420745 3389731.7927185036, 413977.3738420745 3389731.7927185036, 413977.3738420745 3389231.7927185036, 414477.3738420745 3389231.7927185036))"
1759,47,32,414227.3738420745,3389981.7927185036,"POLYGON ((414477.3738420745 3389731.7927185036, 414477.3738420745 3390231.7927185036, 413977.3738420745 3390231.7927185036, 413977.3738420745 3389731.7927185036, 414477.3738420745 3389731.7927185036))"
1760,48,32,414227.3738420745,3390481.7927185036,"POLYGON ((414477.3738420745 3390231.7927185036, 414477.3738420745 3390731.7927185036, 413977.3738420745 3390731.7927185036, 413977.3738420745 3390231.7927185036, 414477.3738420745 3390231.7927185036))"
1761,49,32,414227.3738420745,3390981.7927185036,"POLYGON ((414477.3738420745 3390731.7927185036, 414477.3738420745 3391231.7927185036, 413977.3738420745 3391231.7927185036, 413977.3738420745 3390731.7927185036, 414477.3738420745 3390731.7927185036))"
1762,50,32,414227.3738420745,3391481.7927185036,"POLYGON ((414477.3738420745 3391231.7927185036, 414477.3738420745 3391731.7927185036, 413977.3738420745 3391731.7927185036, 413977.3738420745 3391231.7927185036, 414477.3738420745 3391231.7927185036))"
1763,51,32,414227.3738420745,3391981.7927185036,"POLYGON ((414477.3738420745 3391731.7927185036, 414477.3738420745 3392231.7927185036, 413977.3738420745 3392231.7927185036, 413977.3738420745 3391731.7927185036, 414477.3738420745 3391731.7927185036))"
1764,52,32,414227.3738420745,3392481.7927185036,"POLYGON ((414477.3738420745 3392231.7927185036, 414477.3738420745 3392731.7927185036, 413977.3738420745 3392731.7927185036, 413977.3738420745 3392231.7927185036, 414477.3738420745 3392231.7927185036))"
1765,53,32,414227.3738420745,3392981.7927185036,"POLYGON ((414477.3738420745 3392731.7927185036, 414477.3738420745 3393231.7927185036, 413977.3738420745 3393231.7927185036, 413977.3738420745 3392731.7927185036, 414477.3738420745 3392731.7927185036))"
1766,54,32,414227.3738420745,3393481.7927185036,"POLYGON ((414477.3738420745 3393231.7927185036, 414477.3738420745 3393731.7927185036, 413977.3738420745 3393731.7927185036, 413977.3738420745 3393231.7927185036, 414477.3738420745 3393231.7927185036))"
1767,55,32,414227.3738420745,3393981.7927185036,"POLYGON ((414477.3738420745 3393731.7927185036, 414477.3738420745 3394231.7927185036, 413977.3738420745 3394231.7927185036, 413977.3738420745 3393731.7927185036, 414477.3738420745 3393731.7927185036))"
1768,56,32,414227.3738420745,3394481.7927185036,"POLYGON ((414477.3738420745 3394231.7927185036, 414477.3738420745 3394731.7927185036, 413977.3738420745 3394731.7927185036, 413977.3738420745 3394231.7927185036, 414477.3738420745 3394231.7927185036))"
1769,57,32,414227.3738420745,3394981.7927185036,"POLYGON ((414477.3738420745 3394731.7927185036, 414477.3738420745 3395231.7927185036, 413977.3738420745 3395231.7927185036, 413977.3738420745 3394731.7927185036, 414477.3738420745 3394731.7927185036))"
1770,58,32,414227.3738420745,3395481.7927185036,"POLYGON ((414477.3738420745 3395231.7927185036, 414477.3738420745 3395731.7927185036, 413977.3738420745 3395731.7927185036, 413977.3738420745 3395231.7927185036, 414477.3738420745 3395231.7927185036))"
1771,59,32,414227.3738420745,3395981.7927185036,"POLYGON ((414477.3738420745 3395731.7927185036, 414477.3738420745 3396231.7927185036, 413977.3738420745 3396231.7927185036, 413977.3738420745 3395731.7927185036, 414477.3738420745 3395731.7927185036))"
1772,60,32,414227.3738420745,3396481.7927185036,"POLYGON ((414477.3738420745 3396231.7927185036, 414477.3738420745 3396731.7927185036, 413977.3738420745 3396731.7927185036, 413977.3738420745 3396231.7927185036, 414477.3738420745 3396231.7927185036))"
1773,61,32,414227.3738420745,3396981.7927185036,"POLYGON ((414477.3738420745 3396731.7927185036, 414477.3738420745 3397231.7927185036, 413977.3738420745 3397231.7927185036, 413977.3738420745 3396731.7927185036, 414477.3738420745 3396731.7927185036))"
1774,62,32,414227.3738420745,3397481.7927185036,"POLYGON ((414477.3738420745 3397231.7927185036, 414477.3738420745 3397731.7927185036, 413977.3738420745 3397731.7927185036, 413977.3738420745 3397231.7927185036, 414477.3738420745 3397231.7927185036))"
1775,63,32,414227.3738420745,3397981.7927185036,"POLYGON ((414477.3738420745 3397731.7927185036, 414477.3738420745 3398231.7927185036, 413977.3738420745 3398231.7927185036, 413977.3738420745 3397731.7927185036, 414477.3738420745 3397731.7927185036))"
1776,64,32,414227.3738420745,3398481.7927185036,"POLYGON ((414477.3738420745 3398231.7927185036, 414477.3738420745 3398731.7927185036, 413977.3738420745 3398731.7927185036, 413977.3738420745 3398231.7927185036, 414477.3738420745 3398231.7927185036))"
1777,65,32,414227.3738420745,3398981.7927185036,"POLYGON ((414477.3738420745 3398731.7927185036, 414477.3738420745 3399231.7927185036, 413977.3738420745 3399231.7927185036, 413977.3738420745 3398731.7927185036, 414477.3738420745 3398731.7927185036))"
1778,66,32,414227.3738420745,3399481.7927185036,"POLYGON ((414477.3738420745 3399231.7927185036, 414477.3738420745 3399731.7927185036, 413977.3738420745 3399731.7927185036, 413977.3738420745 3399231.7927185036, 414477.3738420745 3399231.7927185036))"
1779,67,32,414227.3738420745,3399981.7927185036,"POLYGON ((414477.3738420745 3399731.7927185036, 414477.3738420745 3400231.7927185036, 413977.3738420745 3400231.7927185036, 413977.3738420745 3399731.7927185036, 414477.3738420745 3399731.7927185036))"
1780,68,32,414227.3738420745,3400481.7927185036,"POLYGON ((414477.3738420745 3400231.7927185036, 414477.3738420745 3400731.7927185036, 413977.3738420745 3400731.7927185036, 413977.3738420745 3400231.7927185036, 414477.3738420745 3400231.7927185036))"
1781,69,32,414227.3738420745,3400981.7927185036,"POLYGON ((414477.3738420745 3400731.7927185036, 414477.3738420745 3401231.7927185036, 413977.3738420745 3401231.7927185036, 413977.3738420745 3400731.7927185036, 414477.3738420745 3400731.7927185036))"
1782,70,32,414227.3738420745,3401481.7927185036,"POLYGON ((414477.3738420745 3401231.7927185036, 414477.3738420745 3401731.7927185036, 413977.3738420745 3401731.7927185036, 413977.3738420745 3401231.7927185036, 414477.3738420745 3401231.7927185036))"
1783,71,32,414227.3738420745,3401981.7927185036,"POLYGON ((414477.3738420745 3401731.7927185036, 414477.3738420745 3402231.7927185036, 413977.3738420745 3402231.7927185036, 413977.3738420745 3401731.7927185036, 414477.3738420745 3401731.7927185036))"
1784,72,32,414227.3738420745,3402481.7927185036,"POLYGON ((414477.3738420745 3402231.7927185036, 414477.3738420745 3402731.7927185036, 413977.3738420745 3402731.7927185036, 413977.3738420745 3402231.7927185036, 414477.3738420745 3402231.7927185036))"
1785,4,33,414727.3738420745,3368481.7927185036,"POLYGON ((414977.3738420745 3368231.7927185036, 414977.3738420745 3368731.7927185036, 414477.3738420745 3368731.7927185036, 414477.3738420745 3368231.7927185036, 414977.3738420745 3368231.7927185036))"
1786,5,33,414727.3738420745,3368981.7927185036,"POLYGON ((414977.3738420745 3368731.7927185036, 414977.3738420745 3369231.7927185036, 414477.3738420745 3369231.7927185036, 414477.3738420745 3368731.7927185036, 414977.3738420745 3368731.7927185036))"
1787,6,33,414727.3738420745,3369481.7927185036,"POLYGON ((414977.3738420745 3369231.7927185036, 414977.3738420745 3369731.7927185036, 414477.3738420745 3369731.7927185036, 414477.3738420745 3369231.7927185036, 414977.3738420745 3369231.7927185036))"
1788,7,33,414727.3738420745,3369981.7927185036,"POLYGON ((414977.3738420745 3369731.7927185036, 414977.3738420745 3370231.7927185036, 414477.3738420745 3370231.7927185036, 414477.3738420745 3369731.7927185036, 414977.3738420745 3369731.7927185036))"
1789,8,33,414727.3738420745,3370481.7927185036,"POLYGON ((414977.3738420745 3370231.7927185036, 414977.3738420745 3370731.7927185036, 414477.3738420745 3370731.7927185036, 414477.3738420745 3370231.7927185036, 414977.3738420745 3370231.7927185036))"
1790,9,33,414727.3738420745,3370981.7927185036,"POLYGON ((414977.3738420745 3370731.7927185036, 414977.3738420745 3371231.7927185036, 414477.3738420745 3371231.7927185036, 414477.3738420745 3370731.7927185036, 414977.3738420745 3370731.7927185036))"
1791,10,33,414727.3738420745,3371481.7927185036,"POLYGON ((414977.3738420745 3371231.7927185036, 414977.3738420745 3371731.7927185036, 414477.3738420745 3371731.7927185036, 414477.3738420745 3371231.7927185036, 414977.3738420745 3371231.7927185036))"
1792,11,33,414727.3738420745,3371981.7927185036,"POLYGON ((414977.3738420745 3371731.7927185036, 414977.3738420745 3372231.7927185036, 414477.3738420745 3372231.7927185036, 414477.3738420745 3371731.7927185036, 414977.3738420745 3371731.7927185036))"
1793,12,33,414727.3738420745,3372481.7927185036,"POLYGON ((414977.3738420745 3372231.7927185036, 414977.3738420745 3372731.7927185036, 414477.3738420745 3372731.7927185036, 414477.3738420745 3372231.7927185036, 414977.3738420745 3372231.7927185036))"
1794,13,33,414727.3738420745,3372981.7927185036,"POLYGON ((414977.3738420745 3372731.7927185036, 414977.3738420745 3373231.7927185036, 414477.3738420745 3373231.7927185036, 414477.3738420745 3372731.7927185036, 414977.3738420745 3372731.7927185036))"
1795,14,33,414727.3738420745,3373481.7927185036,"POLYGON ((414977.3738420745 3373231.7927185036, 414977.3738420745 3373731.7927185036, 414477.3738420745 3373731.7927185036, 414477.3738420745 3373231.7927185036, 414977.3738420745 3373231.7927185036))"
1796,15,33,414727.3738420745,3373981.7927185036,"POLYGON ((414977.3738420745 3373731.7927185036, 414977.3738420745 3374231.7927185036, 414477.3738420745 3374231.7927185036, 414477.3738420745 3373731.7927185036, 414977.3738420745 3373731.7927185036))"
1797,16,33,414727.3738420745,3374481.7927185036,"POLYGON ((414977.3738420745 3374231.7927185036, 414977.3738420745 3374731.7927185036, 414477.3738420745 3374731.7927185036, 414477.3738420745 3374231.7927185036, 414977.3738420745 3374231.7927185036))"
1798,17,33,414727.3738420745,3374981.7927185036,"POLYGON ((414977.3738420745 3374731.7927185036, 414977.3738420745 3375231.7927185036, 414477.3738420745 3375231.7927185036, 414477.3738420745 3374731.7927185036, 414977.3738420745 3374731.7927185036))"
1799,18,33,414727.3738420745,3375481.7927185036,"POLYGON ((414977.3738420745 3375231.7927185036, 414977.3738420745 3375731.7927185036, 414477.3738420745 3375731.7927185036, 414477.3738420745 3375231.7927185036, 414977.3738420745 3375231.7927185036))"
1800,19,33,414727.3738420745,3375981.7927185036,"POLYGON ((414977.3738420745 3375731.7927185036, 414977.3738420745 3376231.7927185036, 414477.3738420745 3376231.7927185036, 414477.3738420745 3375731.7927185036, 414977.3738420745 3375731.7927185036))"
1801,20,33,414727.3738420745,3376481.7927185036,"POLYGON ((414977.3738420745 3376231.7927185036, 414977.3738420745 3376731.7927185036, 414477.3738420745 3376731.7927185036, 414477.3738420745 3376231.7927185036, 414977.3738420745 3376231.7927185036))"
1802,21,33,414727.3738420745,3376981.7927185036,"POLYGON ((414977.3738420745 3376731.7927185036, 414977.3738420745 3377231.7927185036, 414477.3738420745 3377231.7927185036, 414477.3738420745 3376731.7927185036, 414977.3738420745 3376731.7927185036))"
1803,22,33,414727.3738420745,3377481.7927185036,"POLYGON ((414977.3738420745 3377231.7927185036, 414977.3738420745 3377731.7927185036, 414477.3738420745 3377731.7927185036, 414477.3738420745 3377231.7927185036, 414977.3738420745 3377231.7927185036))"
1804,23,33,414727.3738420745,3377981.7927185036,"POLYGON ((414977.3738420745 3377731.7927185036, 414977.3738420745 3378231.7927185036, 414477.3738420745 3378231.7927185036, 414477.3738420745 3377731.7927185036, 414977.3738420745 3377731.7927185036))"
1805,24,33,414727.3738420745,3378481.7927185036,"POLYGON ((414977.3738420745 3378231.7927185036, 414977.3738420745 3378731.7927185036, 414477.3738420745 3378731.7927185036, 414477.3738420745 3378231.7927185036, 414977.3738420745 3378231.7927185036))"
1806,25,33,414727.3738420745,3378981.7927185036,"POLYGON ((414977.3738420745 3378731.7927185036, 414977.3738420745 3379231.7927185036, 414477.3738420745 3379231.7927185036, 414477.3738420745 3378731.7927185036, 414977.3738420745 3378731.7927185036))"
1807,26,33,414727.3738420745,3379481.7927185036,"POLYGON ((414977.3738420745 3379231.7927185036, 414977.3738420745 3379731.7927185036, 414477.3738420745 3379731.7927185036, 414477.3738420745 3379231.7927185036, 414977.3738420745 3379231.7927185036))"
1808,27,33,414727.3738420745,3379981.7927185036,"POLYGON ((414977.3738420745 3379731.7927185036, 414977.3738420745 3380231.7927185036, 414477.3738420745 3380231.7927185036, 414477.3738420745 3379731.7927185036, 414977.3738420745 3379731.7927185036))"
1809,28,33,414727.3738420745,3380481.7927185036,"POLYGON ((414977.3738420745 3380231.7927185036, 414977.3738420745 3380731.7927185036, 414477.3738420745 3380731.7927185036, 414477.3738420745 3380231.7927185036, 414977.3738420745 3380231.7927185036))"
1810,29,33,414727.3738420745,3380981.7927185036,"POLYGON ((414977.3738420745 3380731.7927185036, 414977.3738420745 3381231.7927185036, 414477.3738420745 3381231.7927185036, 414477.3738420745 3380731.7927185036, 414977.3738420745 3380731.7927185036))"
1811,30,33,414727.3738420745,3381481.7927185036,"POLYGON ((414977.3738420745 3381231.7927185036, 414977.3738420745 3381731.7927185036, 414477.3738420745 3381731.7927185036, 414477.3738420745 3381231.7927185036, 414977.3738420745 3381231.7927185036))"
1812,31,33,414727.3738420745,3381981.7927185036,"POLYGON ((414977.3738420745 3381731.7927185036, 414977.3738420745 3382231.7927185036, 414477.3738420745 3382231.7927185036, 414477.3738420745 3381731.7927185036, 414977.3738420745 3381731.7927185036))"
1813,32,33,414727.3738420745,3382481.7927185036,"POLYGON ((414977.3738420745 3382231.7927185036, 414977.3738420745 3382731.7927185036, 414477.3738420745 3382731.7927185036, 414477.3738420745 3382231.7927185036, 414977.3738420745 3382231.7927185036))"
1814,33,33,414727.3738420745,3382981.7927185036,"POLYGON ((414977.3738420745 3382731.7927185036, 414977.3738420745 3383231.7927185036, 414477.3738420745 3383231.7927185036, 414477.3738420745 3382731.7927185036, 414977.3738420745 3382731.7927185036))"
1815,34,33,414727.3738420745,3383481.7927185036,"POLYGON ((414977.3738420745 3383231.7927185036, 414977.3738420745 3383731.7927185036, 414477.3738420745 3383731.7927185036, 414477.3738420745 3383231.7927185036, 414977.3738420745 3383231.7927185036))"
1816,35,33,414727.3738420745,3383981.7927185036,"POLYGON ((414977.3738420745 3383731.7927185036, 414977.3738420745 3384231.7927185036, 414477.3738420745 3384231.7927185036, 414477.3738420745 3383731.7927185036, 414977.3738420745 3383731.7927185036))"
1817,36,33,414727.3738420745,3384481.7927185036,"POLYGON ((414977.3738420745 3384231.7927185036, 414977.3738420745 3384731.7927185036, 414477.3738420745 3384731.7927185036, 414477.3738420745 3384231.7927185036, 414977.3738420745 3384231.7927185036))"
1818,37,33,414727.3738420745,3384981.7927185036,"POLYGON ((414977.3738420745 3384731.7927185036, 414977.3738420745 3385231.7927185036, 414477.3738420745 3385231.7927185036, 414477.3738420745 3384731.7927185036, 414977.3738420745 3384731.7927185036))"
1819,38,33,414727.3738420745,3385481.7927185036,"POLYGON ((414977.3738420745 3385231.7927185036, 414977.3738420745 3385731.7927185036, 414477.3738420745 3385731.7927185036, 414477.3738420745 3385231.7927185036, 414977.3738420745 3385231.7927185036))"
1820,39,33,414727.3738420745,3385981.7927185036,"POLYGON ((414977.3738420745 3385731.7927185036, 414977.3738420745 3386231.7927185036, 414477.3738420745 3386231.7927185036, 414477.3738420745 3385731.7927185036, 414977.3738420745 3385731.7927185036))"
1821,40,33,414727.3738420745,3386481.7927185036,"POLYGON ((414977.3738420745 3386231.7927185036, 414977.3738420745 3386731.7927185036, 414477.3738420745 3386731.7927185036, 414477.3738420745 3386231.7927185036, 414977.3738420745 3386231.7927185036))"
1822,41,33,414727.3738420745,3386981.7927185036,"POLYGON ((414977.3738420745 3386731.7927185036, 414977.3738420745 3387231.7927185036, 414477.3738420745 3387231.7927185036, 414477.3738420745 3386731.7927185036, 414977.3738420745 3386731.7927185036))"
1823,42,33,414727.3738420745,3387481.7927185036,"POLYGON ((414977.3738420745 3387231.7927185036, 414977.3738420745 3387731.7927185036, 414477.3738420745 3387731.7927185036, 414477.3738420745 3387231.7927185036, 414977.3738420745 3387231.7927185036))"
1824,43,33,414727.3738420745,3387981.7927185036,"POLYGON ((414977.3738420745 3387731.7927185036, 414977.3738420745 3388231.7927185036, 414477.3738420745 3388231.7927185036, 414477.3738420745 3387731.7927185036, 414977.3738420745 3387731.7927185036))"
1825,44,33,414727.3738420745,3388481.7927185036,"POLYGON ((414977.3738420745 3388231.7927185036, 414977.3738420745 3388731.7927185036, 414477.3738420745 3388731.7927185036, 414477.3738420745 3388231.7927185036, 414977.3738420745 3388231.7927185036))"
1826,45,33,414727.3738420745,3388981.7927185036,"POLYGON ((414977.3738420745 3388731.7927185036, 414977.3738420745 3389231.7927185036, 414477.3738420745 3389231.7927185036, 414477.3738420745 3388731.7927185036, 414977.3738420745 3388731.7927185036))"
1827,46,33,414727.3738420745,3389481.7927185036,"POLYGON ((414977.3738420745 3389231.7927185036, 414977.3738420745 3389731.7927185036, 414477.3738420745 3389731.7927185036, 414477.3738420745 3389231.7927185036, 414977.3738420745 3389231.7927185036))"
1828,47,33,414727.3738420745,3389981.7927185036,"POLYGON ((414977.3738420745 3389731.7927185036, 414977.3738420745 3390231.7927185036, 414477.3738420745 3390231.7927185036, 414477.3738420745 3389731.7927185036, 414977.3738420745 3389731.7927185036))"
1829,48,33,414727.3738420745,3390481.7927185036,"POLYGON ((414977.3738420745 3390231.7927185036, 414977.3738420745 3390731.7927185036, 414477.3738420745 3390731.7927185036, 414477.3738420745 3390231.7927185036, 414977.3738420745 3390231.7927185036))"
1830,49,33,414727.3738420745,3390981.7927185036,"POLYGON ((414977.3738420745 3390731.7927185036, 414977.3738420745 3391231.7927185036, 414477.3738420745 3391231.7927185036, 414477.3738420745 3390731.7927185036, 414977.3738420745 3390731.7927185036))"
1831,50,33,414727.3738420745,3391481.7927185036,"POLYGON ((414977.3738420745 3391231.7927185036, 414977.3738420745 3391731.7927185036, 414477.3738420745 3391731.7927185036, 414477.3738420745 3391231.7927185036, 414977.3738420745 3391231.7927185036))"
1832,51,33,414727.3738420745,3391981.7927185036,"POLYGON ((414977.3738420745 3391731.7927185036, 414977.3738420745 3392231.7927185036, 414477.3738420745 3392231.7927185036, 414477.3738420745 3391731.7927185036, 414977.3738420745 3391731.7927185036))"
1833,52,33,414727.3738420745,3392481.7927185036,"POLYGON ((414977.3738420745 3392231.7927185036, 414977.3738420745 3392731.7927185036, 414477.3738420745 3392731.7927185036, 414477.3738420745 3392231.7927185036, 414977.3738420745 3392231.7927185036))"
1834,53,33,414727.3738420745,3392981.7927185036,"POLYGON ((414977.3738420745 3392731.7927185036, 414977.3738420745 3393231.7927185036, 414477.3738420745 3393231.7927185036, 414477.3738420745 3392731.7927185036, 414977.3738420745 3392731.7927185036))"
1835,54,33,414727.3738420745,3393481.7927185036,"POLYGON ((414977.3738420745 3393231.7927185036, 414977.3738420745 3393731.7927185036, 414477.3738420745 3393731.7927185036, 414477.3738420745 3393231.7927185036, 414977.3738420745 3393231.7927185036))"
1836,55,33,414727.3738420745,3393981.7927185036,"POLYGON ((414977.3738420745 3393731.7927185036, 414977.3738420745 3394231.7927185036, 414477.3738420745 3394231.7927185036, 414477.3738420745 3393731.7927185036, 414977.3738420745 3393731.7927185036))"
1837,56,33,414727.3738420745,3394481.7927185036,"POLYGON ((414977.3738420745 3394231.7927185036, 414977.3738420745 3394731.7927185036, 414477.3738420745 3394731.7927185036, 414477.3738420745 3394231.7927185036, 414977.3738420745 3394231.7927185036))"
1838,57,33,414727.3738420745,3394981.7927185036,"POLYGON ((414977.3738420745 3394731.7927185036, 414977.3738420745 3395231.7927185036, 414477.3738420745 3395231.7927185036, 414477.3738420745 3394731.7927185036, 414977.3738420745 3394731.7927185036))"
1839,58,33,414727.3738420745,3395481.7927185036,"POLYGON ((414977.3738420745 3395231.7927185036, 414977.3738420745 3395731.7927185036, 414477.3738420745 3395731.7927185036, 414477.3738420745 3395231.7927185036, 414977.3738420745 3395231.7927185036))"
1840,59,33,414727.3738420745,3395981.7927185036,"POLYGON ((414977.3738420745 3395731.7927185036, 414977.3738420745 3396231.7927185036, 414477.3738420745 3396231.7927185036, 414477.3738420745 3395731.7927185036, 414977.3738420745 3395731.7927185036))"
1841,60,33,414727.3738420745,3396481.7927185036,"POLYGON ((414977.3738420745 3396231.7927185036, 414977.3738420745 3396731.7927185036, 414477.3738420745 3396731.7927185036, 414477.3738420745 3396231.7927185036, 414977.3738420745 3396231.7927185036))"
1842,61,33,414727.3738420745,3396981.7927185036,"POLYGON ((414977.3738420745 3396731.7927185036, 414977.3738420745 3397231.7927185036, 414477.3738420745 3397231.7927185036, 414477.3738420745 3396731.7927185036, 414977.3738420745 3396731.7927185036))"
1843,62,33,414727.3738420745,3397481.7927185036,"POLYGON ((414977.3738420745 3397231.7927185036, 414977.3738420745 3397731.7927185036, 414477.3738420745 3397731.7927185036, 414477.3738420745 3397231.7927185036, 414977.3738420745 3397231.7927185036))"
1844,63,33,414727.3738420745,3397981.7927185036,"POLYGON ((414977.3738420745 3397731.7927185036, 414977.3738420745 3398231.7927185036, 414477.3738420745 3398231.7927185036, 414477.3738420745 3397731.7927185036, 414977.3738420745 3397731.7927185036))"
1845,64,33,414727.3738420745,3398481.7927185036,"POLYGON ((414977.3738420745 3398231.7927185036, 414977.3738420745 3398731.7927185036, 414477.3738420745 3398731.7927185036, 414477.3738420745 3398231.7927185036, 414977.3738420745 3398231.7927185036))"
1846,65,33,414727.3738420745,3398981.7927185036,"POLYGON ((414977.3738420745 3398731.7927185036, 414977.3738420745 3399231.7927185036, 414477.3738420745 3399231.7927185036, 414477.3738420745 3398731.7927185036, 414977.3738420745 3398731.7927185036))"
1847,66,33,414727.3738420745,3399481.7927185036,"POLYGON ((414977.3738420745 3399231.7927185036, 414977.3738420745 3399731.7927185036, 414477.3738420745 3399731.7927185036, 414477.3738420745 3399231.7927185036, 414977.3738420745 3399231.7927185036))"
1848,67,33,414727.3738420745,3399981.7927185036,"POLYGON ((414977.3738420745 3399731.7927185036, 414977.3738420745 3400231.7927185036, 414477.3738420745 3400231.7927185036, 414477.3738420745 3399731.7927185036, 414977.3738420745 3399731.7927185036))"
1849,68,33,414727.3738420745,3400481.7927185036,"POLYGON ((414977.3738420745 3400231.7927185036, 414977.3738420745 3400731.7927185036, 414477.3738420745 3400731.7927185036, 414477.3738420745 3400231.7927185036, 414977.3738420745 3400231.7927185036))"
1850,69,33,414727.3738420745,3400981.7927185036,"POLYGON ((414977.3738420745 3400731.7927185036, 414977.3738420745 3401231.7927185036, 414477.3738420745 3401231.7927185036, 414477.3738420745 3400731.7927185036, 414977.3738420745 3400731.7927185036))"
1851,70,33,414727.3738420745,3401481.7927185036,"POLYGON ((414977.3738420745 3401231.7927185036, 414977.3738420745 3401731.7927185036, 414477.3738420745 3401731.7927185036, 414477.3738420745 3401231.7927185036, 414977.3738420745 3401231.7927185036))"
1852,71,33,414727.3738420745,3401981.7927185036,"POLYGON ((414977.3738420745 3401731.7927185036, 414977.3738420745 3402231.7927185036, 414477.3738420745 3402231.7927185036, 414477.3738420745 3401731.7927185036, 414977.3738420745 3401731.7927185036))"
1853,72,33,414727.3738420745,3402481.7927185036,"POLYGON ((414977.3738420745 3402231.7927185036, 414977.3738420745 3402731.7927185036, 414477.3738420745 3402731.7927185036, 414477.3738420745 3402231.7927185036, 414977.3738420745 3402231.7927185036))"
1854,5,34,415227.3738420745,3368981.7927185036,"POLYGON ((415477.3738420745 3368731.7927185036, 415477.3738420745 3369231.7927185036, 414977.3738420745 3369231.7927185036, 414977.3738420745 3368731.7927185036, 415477.3738420745 3368731.7927185036))"
1855,6,34,415227.3738420745,3369481.7927185036,"POLYGON ((415477.3738420745 3369231.7927185036, 415477.3738420745 3369731.7927185036, 414977.3738420745 3369731.7927185036, 414977.3738420745 3369231.7927185036, 415477.3738420745 3369231.7927185036))"
1856,7,34,415227.3738420745,3369981.7927185036,"POLYGON ((415477.3738420745 3369731.7927185036, 415477.3738420745 3370231.7927185036, 414977.3738420745 3370231.7927185036, 414977.3738420745 3369731.7927185036, 415477.3738420745 3369731.7927185036))"
1857,8,34,415227.3738420745,3370481.7927185036,"POLYGON ((415477.3738420745 3370231.7927185036, 415477.3738420745 3370731.7927185036, 414977.3738420745 3370731.7927185036, 414977.3738420745 3370231.7927185036, 415477.3738420745 3370231.7927185036))"
1858,9,34,415227.3738420745,3370981.7927185036,"POLYGON ((415477.3738420745 3370731.7927185036, 415477.3738420745 3371231.7927185036, 414977.3738420745 3371231.7927185036, 414977.3738420745 3370731.7927185036, 415477.3738420745 3370731.7927185036))"
1859,10,34,415227.3738420745,3371481.7927185036,"POLYGON ((415477.3738420745 3371231.7927185036, 415477.3738420745 3371731.7927185036, 414977.3738420745 3371731.7927185036, 414977.3738420745 3371231.7927185036, 415477.3738420745 3371231.7927185036))"
1860,11,34,415227.3738420745,3371981.7927185036,"POLYGON ((415477.3738420745 3371731.7927185036, 415477.3738420745 3372231.7927185036, 414977.3738420745 3372231.7927185036, 414977.3738420745 3371731.7927185036, 415477.3738420745 3371731.7927185036))"
1861,12,34,415227.3738420745,3372481.7927185036,"POLYGON ((415477.3738420745 3372231.7927185036, 415477.3738420745 3372731.7927185036, 414977.3738420745 3372731.7927185036, 414977.3738420745 3372231.7927185036, 415477.3738420745 3372231.7927185036))"
1862,13,34,415227.3738420745,3372981.7927185036,"POLYGON ((415477.3738420745 3372731.7927185036, 415477.3738420745 3373231.7927185036, 414977.3738420745 3373231.7927185036, 414977.3738420745 3372731.7927185036, 415477.3738420745 3372731.7927185036))"
1863,14,34,415227.3738420745,3373481.7927185036,"POLYGON ((415477.3738420745 3373231.7927185036, 415477.3738420745 3373731.7927185036, 414977.3738420745 3373731.7927185036, 414977.3738420745 3373231.7927185036, 415477.3738420745 3373231.7927185036))"
1864,15,34,415227.3738420745,3373981.7927185036,"POLYGON ((415477.3738420745 3373731.7927185036, 415477.3738420745 3374231.7927185036, 414977.3738420745 3374231.7927185036, 414977.3738420745 3373731.7927185036, 415477.3738420745 3373731.7927185036))"
1865,16,34,415227.3738420745,3374481.7927185036,"POLYGON ((415477.3738420745 3374231.7927185036, 415477.3738420745 3374731.7927185036, 414977.3738420745 3374731.7927185036, 414977.3738420745 3374231.7927185036, 415477.3738420745 3374231.7927185036))"
1866,17,34,415227.3738420745,3374981.7927185036,"POLYGON ((415477.3738420745 3374731.7927185036, 415477.3738420745 3375231.7927185036, 414977.3738420745 3375231.7927185036, 414977.3738420745 3374731.7927185036, 415477.3738420745 3374731.7927185036))"
1867,18,34,415227.3738420745,3375481.7927185036,"POLYGON ((415477.3738420745 3375231.7927185036, 415477.3738420745 3375731.7927185036, 414977.3738420745 3375731.7927185036, 414977.3738420745 3375231.7927185036, 415477.3738420745 3375231.7927185036))"
1868,19,34,415227.3738420745,3375981.7927185036,"POLYGON ((415477.3738420745 3375731.7927185036, 415477.3738420745 3376231.7927185036, 414977.3738420745 3376231.7927185036, 414977.3738420745 3375731.7927185036, 415477.3738420745 3375731.7927185036))"
1869,20,34,415227.3738420745,3376481.7927185036,"POLYGON ((415477.3738420745 3376231.7927185036, 415477.3738420745 3376731.7927185036, 414977.3738420745 3376731.7927185036, 414977.3738420745 3376231.7927185036, 415477.3738420745 3376231.7927185036))"
1870,21,34,415227.3738420745,3376981.7927185036,"POLYGON ((415477.3738420745 3376731.7927185036, 415477.3738420745 3377231.7927185036, 414977.3738420745 3377231.7927185036, 414977.3738420745 3376731.7927185036, 415477.3738420745 3376731.7927185036))"
1871,22,34,415227.3738420745,3377481.7927185036,"POLYGON ((415477.3738420745 3377231.7927185036, 415477.3738420745 3377731.7927185036, 414977.3738420745 3377731.7927185036, 414977.3738420745 3377231.7927185036, 415477.3738420745 3377231.7927185036))"
1872,23,34,415227.3738420745,3377981.7927185036,"POLYGON ((415477.3738420745 3377731.7927185036, 415477.3738420745 3378231.7927185036, 414977.3738420745 3378231.7927185036, 414977.3738420745 3377731.7927185036, 415477.3738420745 3377731.7927185036))"
1873,24,34,415227.3738420745,3378481.7927185036,"POLYGON ((415477.3738420745 3378231.7927185036, 415477.3738420745 3378731.7927185036, 414977.3738420745 3378731.7927185036, 414977.3738420745 3378231.7927185036, 415477.3738420745 3378231.7927185036))"
1874,25,34,415227.3738420745,3378981.7927185036,"POLYGON ((415477.3738420745 3378731.7927185036, 415477.3738420745 3379231.7927185036, 414977.3738420745 3379231.7927185036, 414977.3738420745 3378731.7927185036, 415477.3738420745 3378731.7927185036))"
1875,26,34,415227.3738420745,3379481.7927185036,"POLYGON ((415477.3738420745 3379231.7927185036, 415477.3738420745 3379731.7927185036, 414977.3738420745 3379731.7927185036, 414977.3738420745 3379231.7927185036, 415477.3738420745 3379231.7927185036))"
1876,27,34,415227.3738420745,3379981.7927185036,"POLYGON ((415477.3738420745 3379731.7927185036, 415477.3738420745 3380231.7927185036, 414977.3738420745 3380231.7927185036, 414977.3738420745 3379731.7927185036, 415477.3738420745 3379731.7927185036))"
1877,28,34,415227.3738420745,3380481.7927185036,"POLYGON ((415477.3738420745 3380231.7927185036, 415477.3738420745 3380731.7927185036, 414977.3738420745 3380731.7927185036, 414977.3738420745 3380231.7927185036, 415477.3738420745 3380231.7927185036))"
1878,29,34,415227.3738420745,3380981.7927185036,"POLYGON ((415477.3738420745 3380731.7927185036, 415477.3738420745 3381231.7927185036, 414977.3738420745 3381231.7927185036, 414977.3738420745 3380731.7927185036, 415477.3738420745 3380731.7927185036))"
1879,30,34,415227.3738420745,3381481.7927185036,"POLYGON ((415477.3738420745 3381231.7927185036, 415477.3738420745 3381731.7927185036, 414977.3738420745 3381731.7927185036, 414977.3738420745 3381231.7927185036, 415477.3738420745 3381231.7927185036))"
1880,31,34,415227.3738420745,3381981.7927185036,"POLYGON ((415477.3738420745 3381731.7927185036, 415477.3738420745 3382231.7927185036, 414977.3738420745 3382231.7927185036, 414977.3738420745 3381731.7927185036, 415477.3738420745 3381731.7927185036))"
1881,32,34,415227.3738420745,3382481.7927185036,"POLYGON ((415477.3738420745 3382231.7927185036, 415477.3738420745 3382731.7927185036, 414977.3738420745 3382731.7927185036, 414977.3738420745 3382231.7927185036, 415477.3738420745 3382231.7927185036))"
1882,33,34,415227.3738420745,3382981.7927185036,"POLYGON ((415477.3738420745 3382731.7927185036, 415477.3738420745 3383231.7927185036, 414977.3738420745 3383231.7927185036, 414977.3738420745 3382731.7927185036, 415477.3738420745 3382731.7927185036))"
1883,34,34,415227.3738420745,3383481.7927185036,"POLYGON ((415477.3738420745 3383231.7927185036, 415477.3738420745 3383731.7927185036, 414977.3738420745 3383731.7927185036, 414977.3738420745 3383231.7927185036, 415477.3738420745 3383231.7927185036))"
1884,35,34,415227.3738420745,3383981.7927185036,"POLYGON ((415477.3738420745 3383731.7927185036, 415477.3738420745 3384231.7927185036, 414977.3738420745 3384231.7927185036, 414977.3738420745 3383731.7927185036, 415477.3738420745 3383731.7927185036))"
1885,36,34,415227.3738420745,3384481.7927185036,"POLYGON ((415477.3738420745 3384231.7927185036, 415477.3738420745 3384731.7927185036, 414977.3738420745 3384731.7927185036, 414977.3738420745 3384231.7927185036, 415477.3738420745 3384231.7927185036))"
1886,37,34,415227.3738420745,3384981.7927185036,"POLYGON ((415477.3738420745 3384731.7927185036, 415477.3738420745 3385231.7927185036, 414977.3738420745 3385231.7927185036, 414977.3738420745 3384731.7927185036, 415477.3738420745 3384731.7927185036))"
1887,38,34,415227.3738420745,3385481.7927185036,"POLYGON ((415477.3738420745 3385231.7927185036, 415477.3738420745 3385731.7927185036, 414977.3738420745 3385731.7927185036, 414977.3738420745 3385231.7927185036, 415477.3738420745 3385231.7927185036))"
1888,39,34,415227.3738420745,3385981.7927185036,"POLYGON ((415477.3738420745 3385731.7927185036, 415477.3738420745 3386231.7927185036, 414977.3738420745 3386231.7927185036, 414977.3738420745 3385731.7927185036, 415477.3738420745 3385731.7927185036))"
1889,40,34,415227.3738420745,3386481.7927185036,"POLYGON ((415477.3738420745 3386231.7927185036, 415477.3738420745 3386731.7927185036, 414977.3738420745 3386731.7927185036, 414977.3738420745 3386231.7927185036, 415477.3738420745 3386231.7927185036))"
1890,41,34,415227.3738420745,3386981.7927185036,"POLYGON ((415477.3738420745 3386731.7927185036, 415477.3738420745 3387231.7927185036, 414977.3738420745 3387231.7927185036, 414977.3738420745 3386731.7927185036, 415477.3738420745 3386731.7927185036))"
1891,42,34,415227.3738420745,3387481.7927185036,"POLYGON ((415477.3738420745 3387231.7927185036, 415477.3738420745 3387731.7927185036, 414977.3738420745 3387731.7927185036, 414977.3738420745 3387231.7927185036, 415477.3738420745 3387231.7927185036))"
1892,43,34,415227.3738420745,3387981.7927185036,"POLYGON ((415477.3738420745 3387731.7927185036, 415477.3738420745 3388231.7927185036, 414977.3738420745 3388231.7927185036, 414977.3738420745 3387731.7927185036, 415477.3738420745 3387731.7927185036))"
1893,44,34,415227.3738420745,3388481.7927185036,"POLYGON ((415477.3738420745 3388231.7927185036, 415477.3738420745 3388731.7927185036, 414977.3738420745 3388731.7927185036, 414977.3738420745 3388231.7927185036, 415477.3738420745 3388231.7927185036))"
1894,45,34,415227.3738420745,3388981.7927185036,"POLYGON ((415477.3738420745 3388731.7927185036, 415477.3738420745 3389231.7927185036, 414977.3738420745 3389231.7927185036, 414977.3738420745 3388731.7927185036, 415477.3738420745 3388731.7927185036))"
1895,46,34,415227.3738420745,3389481.7927185036,"POLYGON ((415477.3738420745 3389231.7927185036, 415477.3738420745 3389731.7927185036, 414977.3738420745 3389731.7927185036, 414977.3738420745 3389231.7927185036, 415477.3738420745 3389231.7927185036))"
1896,47,34,415227.3738420745,3389981.7927185036,"POLYGON ((415477.3738420745 3389731.7927185036, 415477.3738420745 3390231.7927185036, 414977.3738420745 3390231.7927185036, 414977.3738420745 3389731.7927185036, 415477.3738420745 3389731.7927185036))"
1897,48,34,415227.3738420745,3390481.7927185036,"POLYGON ((415477.3738420745 3390231.7927185036, 415477.3738420745 3390731.7927185036, 414977.3738420745 3390731.7927185036, 414977.3738420745 3390231.7927185036, 415477.3738420745 3390231.7927185036))"
1898,49,34,415227.3738420745,3390981.7927185036,"POLYGON ((415477.3738420745 3390731.7927185036, 415477.3738420745 3391231.7927185036, 414977.3738420745 3391231.7927185036, 414977.3738420745 3390731.7927185036, 415477.3738420745 3390731.7927185036))"
1899,50,34,415227.3738420745,3391481.7927185036,"POLYGON ((415477.3738420745 3391231.7927185036, 415477.3738420745 3391731.7927185036, 414977.3738420745 3391731.7927185036, 414977.3738420745 3391231.7927185036, 415477.3738420745 3391231.7927185036))"
1900,51,34,415227.3738420745,3391981.7927185036,"POLYGON ((415477.3738420745 3391731.7927185036, 415477.3738420745 3392231.7927185036, 414977.3738420745 3392231.7927185036, 414977.3738420745 3391731.7927185036, 415477.3738420745 3391731.7927185036))"
1901,52,34,415227.3738420745,3392481.7927185036,"POLYGON ((415477.3738420745 3392231.7927185036, 415477.3738420745 3392731.7927185036, 414977.3738420745 3392731.7927185036, 414977.3738420745 3392231.7927185036, 415477.3738420745 3392231.7927185036))"
1902,53,34,415227.3738420745,3392981.7927185036,"POLYGON ((415477.3738420745 3392731.7927185036, 415477.3738420745 3393231.7927185036, 414977.3738420745 3393231.7927185036, 414977.3738420745 3392731.7927185036, 415477.3738420745 3392731.7927185036))"
1903,54,34,415227.3738420745,3393481.7927185036,"POLYGON ((415477.3738420745 3393231.7927185036, 415477.3738420745 3393731.7927185036, 414977.3738420745 3393731.7927185036, 414977.3738420745 3393231.7927185036, 415477.3738420745 3393231.7927185036))"
1904,55,34,415227.3738420745,3393981.7927185036,"POLYGON ((415477.3738420745 3393731.7927185036, 415477.3738420745 3394231.7927185036, 414977.3738420745 3394231.7927185036, 414977.3738420745 3393731.7927185036, 415477.3738420745 3393731.7927185036))"
1905,56,34,415227.3738420745,3394481.7927185036,"POLYGON ((415477.3738420745 3394231.7927185036, 415477.3738420745 3394731.7927185036, 414977.3738420745 3394731.7927185036, 414977.3738420745 3394231.7927185036, 415477.3738420745 3394231.7927185036))"
1906,57,34,415227.3738420745,3394981.7927185036,"POLYGON ((415477.3738420745 3394731.7927185036, 415477.3738420745 3395231.7927185036, 414977.3738420745 3395231.7927185036, 414977.3738420745 3394731.7927185036, 415477.3738420745 3394731.7927185036))"
1907,58,34,415227.3738420745,3395481.7927185036,"POLYGON ((415477.3738420745 3395231.7927185036, 415477.3738420745 3395731.7927185036, 414977.3738420745 3395731.7927185036, 414977.3738420745 3395231.7927185036, 415477.3738420745 3395231.7927185036))"
1908,59,34,415227.3738420745,3395981.7927185036,"POLYGON ((415477.3738420745 3395731.7927185036, 415477.3738420745 3396231.7927185036, 414977.3738420745 3396231.7927185036, 414977.3738420745 3395731.7927185036, 415477.3738420745 3395731.7927185036))"
1909,60,34,415227.3738420745,3396481.7927185036,"POLYGON ((415477.3738420745 3396231.7927185036, 415477.3738420745 3396731.7927185036, 414977.3738420745 3396731.7927185036, 414977.3738420745 3396231.7927185036, 415477.3738420745 3396231.7927185036))"
1910,61,34,415227.3738420745,3396981.7927185036,"POLYGON ((415477.3738420745 3396731.7927185036, 415477.3738420745 3397231.7927185036, 414977.3738420745 3397231.7927185036, 414977.3738420745 3396731.7927185036, 415477.3738420745 3396731.7927185036))"
1911,62,34,415227.3738420745,3397481.7927185036,"POLYGON ((415477.3738420745 3397231.7927185036, 415477.3738420745 3397731.7927185036, 414977.3738420745 3397731.7927185036, 414977.3738420745 3397231.7927185036, 415477.3738420745 3397231.7927185036))"
1912,63,34,415227.3738420745,3397981.7927185036,"POLYGON ((415477.3738420745 3397731.7927185036, 415477.3738420745 3398231.7927185036, 414977.3738420745 3398231.7927185036, 414977.3738420745 3397731.7927185036, 415477.3738420745 3397731.7927185036))"
1913,64,34,415227.3738420745,3398481.7927185036,"POLYGON ((415477.3738420745 3398231.7927185036, 415477.3738420745 3398731.7927185036, 414977.3738420745 3398731.7927185036, 414977.3738420745 3398231.7927185036, 415477.3738420745 3398231.7927185036))"
1914,65,34,415227.3738420745,3398981.7927185036,"POLYGON ((415477.3738420745 3398731.7927185036, 415477.3738420745 3399231.7927185036, 414977.3738420745 3399231.7927185036, 414977.3738420745 3398731.7927185036, 415477.3738420745 3398731.7927185036))"
1915,66,34,415227.3738420745,3399481.7927185036,"POLYGON ((415477.3738420745 3399231.7927185036, 415477.3738420745 3399731.7927185036, 414977.3738420745 3399731.7927185036, 414977.3738420745 3399231.7927185036, 415477.3738420745 3399231.7927185036))"
1916,67,34,415227.3738420745,3399981.7927185036,"POLYGON ((415477.3738420745 3399731.7927185036, 415477.3738420745 3400231.7927185036, 414977.3738420745 3400231.7927185036, 414977.3738420745 3399731.7927185036, 415477.3738420745 3399731.7927185036))"
1917,68,34,415227.3738420745,3400481.7927185036,"POLYGON ((415477.3738420745 3400231.7927185036, 415477.3738420745 3400731.7927185036, 414977.3738420745 3400731.7927185036, 414977.3738420745 3400231.7927185036, 415477.3738420745 3400231.7927185036))"
1918,69,34,415227.3738420745,3400981.7927185036,"POLYGON ((415477.3738420745 3400731.7927185036, 415477.3738420745 3401231.7927185036, 414977.3738420745 3401231.7927185036, 414977.3738420745 3400731.7927185036, 415477.3738420745 3400731.7927185036))"
1919,70,34,415227.3738420745,3401481.7927185036,"POLYGON ((415477.3738420745 3401231.7927185036, 415477.3738420745 3401731.7927185036, 414977.3738420745 3401731.7927185036, 414977.3738420745 3401231.7927185036, 415477.3738420745 3401231.7927185036))"
1920,71,34,415227.3738420745,3401981.7927185036,"POLYGON ((415477.3738420745 3401731.7927185036, 415477.3738420745 3402231.7927185036, 414977.3738420745 3402231.7927185036, 414977.3738420745 3401731.7927185036, 415477.3738420745 3401731.7927185036))"
1921,6,35,415727.3738420745,3369481.7927185036,"POLYGON ((415977.3738420745 3369231.7927185036, 415977.3738420745 3369731.7927185036, 415477.3738420745 3369731.7927185036, 415477.3738420745 3369231.7927185036, 415977.3738420745 3369231.7927185036))"
1922,7,35,415727.3738420745,3369981.7927185036,"POLYGON ((415977.3738420745 3369731.7927185036, 415977.3738420745 3370231.7927185036, 415477.3738420745 3370231.7927185036, 415477.3738420745 3369731.7927185036, 415977.3738420745 3369731.7927185036))"
1923,8,35,415727.3738420745,3370481.7927185036,"POLYGON ((415977.3738420745 3370231.7927185036, 415977.3738420745 3370731.7927185036, 415477.3738420745 3370731.7927185036, 415477.3738420745 3370231.7927185036, 415977.3738420745 3370231.7927185036))"
1924,9,35,415727.3738420745,3370981.7927185036,"POLYGON ((415977.3738420745 3370731.7927185036, 415977.3738420745 3371231.7927185036, 415477.3738420745 3371231.7927185036, 415477.3738420745 3370731.7927185036, 415977.3738420745 3370731.7927185036))"
1925,10,35,415727.3738420745,3371481.7927185036,"POLYGON ((415977.3738420745 3371231.7927185036, 415977.3738420745 3371731.7927185036, 415477.3738420745 3371731.7927185036, 415477.3738420745 3371231.7927185036, 415977.3738420745 3371231.7927185036))"
1926,11,35,415727.3738420745,3371981.7927185036,"POLYGON ((415977.3738420745 3371731.7927185036, 415977.3738420745 3372231.7927185036, 415477.3738420745 3372231.7927185036, 415477.3738420745 3371731.7927185036, 415977.3738420745 3371731.7927185036))"
1927,12,35,415727.3738420745,3372481.7927185036,"POLYGON ((415977.3738420745 3372231.7927185036, 415977.3738420745 3372731.7927185036, 415477.3738420745 3372731.7927185036, 415477.3738420745 3372231.7927185036, 415977.3738420745 3372231.7927185036))"
1928,13,35,415727.3738420745,3372981.7927185036,"POLYGON ((415977.3738420745 3372731.7927185036, 415977.3738420745 3373231.7927185036, 415477.3738420745 3373231.7927185036, 415477.3738420745 3372731.7927185036, 415977.3738420745 3372731.7927185036))"
1929,14,35,415727.3738420745,3373481.7927185036,"POLYGON ((415977.3738420745 3373231.7927185036, 415977.3738420745 3373731.7927185036, 415477.3738420745 3373731.7927185036, 415477.3738420745 3373231.7927185036, 415977.3738420745 3373231.7927185036))"
1930,15,35,415727.3738420745,3373981.7927185036,"POLYGON ((415977.3738420745 3373731.7927185036, 415977.3738420745 3374231.7927185036, 415477.3738420745 3374231.7927185036, 415477.3738420745 3373731.7927185036, 415977.3738420745 3373731.7927185036))"
1931,16,35,415727.3738420745,3374481.7927185036,"POLYGON ((415977.3738420745 3374231.7927185036, 415977.3738420745 3374731.7927185036, 415477.3738420745 3374731.7927185036, 415477.3738420745 3374231.7927185036, 415977.3738420745 3374231.7927185036))"
1932,17,35,415727.3738420745,3374981.7927185036,"POLYGON ((415977.3738420745 3374731.7927185036, 415977.3738420745 3375231.7927185036, 415477.3738420745 3375231.7927185036, 415477.3738420745 3374731.7927185036, 415977.3738420745 3374731.7927185036))"
1933,18,35,415727.3738420745,3375481.7927185036,"POLYGON ((415977.3738420745 3375231.7927185036, 415977.3738420745 3375731.7927185036, 415477.3738420745 3375731.7927185036, 415477.3738420745 3375231.7927185036, 415977.3738420745 3375231.7927185036))"
1934,19,35,415727.3738420745,3375981.7927185036,"POLYGON ((415977.3738420745 3375731.7927185036, 415977.3738420745 3376231.7927185036, 415477.3738420745 3376231.7927185036, 415477.3738420745 3375731.7927185036, 415977.3738420745 3375731.7927185036))"
1935,20,35,415727.3738420745,3376481.7927185036,"POLYGON ((415977.3738420745 3376231.7927185036, 415977.3738420745 3376731.7927185036, 415477.3738420745 3376731.7927185036, 415477.3738420745 3376231.7927185036, 415977.3738420745 3376231.7927185036))"
1936,21,35,415727.3738420745,3376981.7927185036,"POLYGON ((415977.3738420745 3376731.7927185036, 415977.3738420745 3377231.7927185036, 415477.3738420745 3377231.7927185036, 415477.3738420745 3376731.7927185036, 415977.3738420745 3376731.7927185036))"
1937,22,35,415727.3738420745,3377481.7927185036,"POLYGON ((415977.3738420745 3377231.7927185036, 415977.3738420745 3377731.7927185036, 415477.3738420745 3377731.7927185036, 415477.3738420745 3377231.7927185036, 415977.3738420745 3377231.7927185036))"
1938,23,35,415727.3738420745,3377981.7927185036,"POLYGON ((415977.3738420745 3377731.7927185036, 415977.3738420745 3378231.7927185036, 415477.3738420745 3378231.7927185036, 415477.3738420745 3377731.7927185036, 415977.3738420745 3377731.7927185036))"
1939,24,35,415727.3738420745,3378481.7927185036,"POLYGON ((415977.3738420745 3378231.7927185036, 415977.3738420745 3378731.7927185036, 415477.3738420745 3378731.7927185036, 415477.3738420745 3378231.7927185036, 415977.3738420745 3378231.7927185036))"
1940,25,35,415727.3738420745,3378981.7927185036,"POLYGON ((415977.3738420745 3378731.7927185036, 415977.3738420745 3379231.7927185036, 415477.3738420745 3379231.7927185036, 415477.3738420745 3378731.7927185036, 415977.3738420745 3378731.7927185036))"
1941,26,35,415727.3738420745,3379481.7927185036,"POLYGON ((415977.3738420745 3379231.7927185036, 415977.3738420745 3379731.7927185036, 415477.3738420745 3379731.7927185036, 415477.3738420745 3379231.7927185036, 415977.3738420745 3379231.7927185036))"
1942,27,35,415727.3738420745,3379981.7927185036,"POLYGON ((415977.3738420745 3379731.7927185036, 415977.3738420745 3380231.7927185036, 415477.3738420745 3380231.7927185036, 415477.3738420745 3379731.7927185036, 415977.3738420745 3379731.7927185036))"
1943,28,35,415727.3738420745,3380481.7927185036,"POLYGON ((415977.3738420745 3380231.7927185036, 415977.3738420745 3380731.7927185036, 415477.3738420745 3380731.7927185036, 415477.3738420745 3380231.7927185036, 415977.3738420745 3380231.7927185036))"
1944,29,35,415727.3738420745,3380981.7927185036,"POLYGON ((415977.3738420745 3380731.7927185036, 415977.3738420745 3381231.7927185036, 415477.3738420745 3381231.7927185036, 415477.3738420745 3380731.7927185036, 415977.3738420745 3380731.7927185036))"
1945,30,35,415727.3738420745,3381481.7927185036,"POLYGON ((415977.3738420745 3381231.7927185036, 415977.3738420745 3381731.7927185036, 415477.3738420745 3381731.7927185036, 415477.3738420745 3381231.7927185036, 415977.3738420745 3381231.7927185036))"
1946,31,35,415727.3738420745,3381981.7927185036,"POLYGON ((415977.3738420745 3381731.7927185036, 415977.3738420745 3382231.7927185036, 415477.3738420745 3382231.7927185036, 415477.3738420745 3381731.7927185036, 415977.3738420745 3381731.7927185036))"
1947,32,35,415727.3738420745,3382481.7927185036,"POLYGON ((415977.3738420745 3382231.7927185036, 415977.3738420745 3382731.7927185036, 415477.3738420745 3382731.7927185036, 415477.3738420745 3382231.7927185036, 415977.3738420745 3382231.7927185036))"
1948,33,35,415727.3738420745,3382981.7927185036,"POLYGON ((415977.3738420745 3382731.7927185036, 415977.3738420745 3383231.7927185036, 415477.3738420745 3383231.7927185036, 415477.3738420745 3382731.7927185036, 415977.3738420745 3382731.7927185036))"
1949,34,35,415727.3738420745,3383481.7927185036,"POLYGON ((415977.3738420745 3383231.7927185036, 415977.3738420745 3383731.7927185036, 415477.3738420745 3383731.7927185036, 415477.3738420745 3383231.7927185036, 415977.3738420745 3383231.7927185036))"
1950,35,35,415727.3738420745,3383981.7927185036,"POLYGON ((415977.3738420745 3383731.7927185036, 415977.3738420745 3384231.7927185036, 415477.3738420745 3384231.7927185036, 415477.3738420745 3383731.7927185036, 415977.3738420745 3383731.7927185036))"
1951,36,35,415727.3738420745,3384481.7927185036,"POLYGON ((415977.3738420745 3384231.7927185036, 415977.3738420745 3384731.7927185036, 415477.3738420745 3384731.7927185036, 415477.3738420745 3384231.7927185036, 415977.3738420745 3384231.7927185036))"
1952,37,35,415727.3738420745,3384981.7927185036,"POLYGON ((415977.3738420745 3384731.7927185036, 415977.3738420745 3385231.7927185036, 415477.3738420745 3385231.7927185036, 415477.3738420745 3384731.7927185036, 415977.3738420745 3384731.7927185036))"
1953,38,35,415727.3738420745,3385481.7927185036,"POLYGON ((415977.3738420745 3385231.7927185036, 415977.3738420745 3385731.7927185036, 415477.3738420745 3385731.7927185036, 415477.3738420745 3385231.7927185036, 415977.3738420745 3385231.7927185036))"
1954,39,35,415727.3738420745,3385981.7927185036,"POLYGON ((415977.3738420745 3385731.7927185036, 415977.3738420745 3386231.7927185036, 415477.3738420745 3386231.7927185036, 415477.3738420745 3385731.7927185036, 415977.3738420745 3385731.7927185036))"
1955,40,35,415727.3738420745,3386481.7927185036,"POLYGON ((415977.3738420745 3386231.7927185036, 415977.3738420745 3386731.7927185036, 415477.3738420745 3386731.7927185036, 415477.3738420745 3386231.7927185036, 415977.3738420745 3386231.7927185036))"
1956,41,35,415727.3738420745,3386981.7927185036,"POLYGON ((415977.3738420745 3386731.7927185036, 415977.3738420745 3387231.7927185036, 415477.3738420745 3387231.7927185036, 415477.3738420745 3386731.7927185036, 415977.3738420745 3386731.7927185036))"
1957,42,35,415727.3738420745,3387481.7927185036,"POLYGON ((415977.3738420745 3387231.7927185036, 415977.3738420745 3387731.7927185036, 415477.3738420745 3387731.7927185036, 415477.3738420745 3387231.7927185036, 415977.3738420745 3387231.7927185036))"
1958,43,35,415727.3738420745,3387981.7927185036,"POLYGON ((415977.3738420745 3387731.7927185036, 415977.3738420745 3388231.7927185036, 415477.3738420745 3388231.7927185036, 415477.3738420745 3387731.7927185036, 415977.3738420745 3387731.7927185036))"
1959,44,35,415727.3738420745,3388481.7927185036,"POLYGON ((415977.3738420745 3388231.7927185036, 415977.3738420745 3388731.7927185036, 415477.3738420745 3388731.7927185036, 415477.3738420745 3388231.7927185036, 415977.3738420745 3388231.7927185036))"
1960,45,35,415727.3738420745,3388981.7927185036,"POLYGON ((415977.3738420745 3388731.7927185036, 415977.3738420745 3389231.7927185036, 415477.3738420745 3389231.7927185036, 415477.3738420745 3388731.7927185036, 415977.3738420745 3388731.7927185036))"
1961,46,35,415727.3738420745,3389481.7927185036,"POLYGON ((415977.3738420745 3389231.7927185036, 415977.3738420745 3389731.7927185036, 415477.3738420745 3389731.7927185036, 415477.3738420745 3389231.7927185036, 415977.3738420745 3389231.7927185036))"
1962,47,35,415727.3738420745,3389981.7927185036,"POLYGON ((415977.3738420745 3389731.7927185036, 415977.3738420745 3390231.7927185036, 415477.3738420745 3390231.7927185036, 415477.3738420745 3389731.7927185036, 415977.3738420745 3389731.7927185036))"
1963,48,35,415727.3738420745,3390481.7927185036,"POLYGON ((415977.3738420745 3390231.7927185036, 415977.3738420745 3390731.7927185036, 415477.3738420745 3390731.7927185036, 415477.3738420745 3390231.7927185036, 415977.3738420745 3390231.7927185036))"
1964,49,35,415727.3738420745,3390981.7927185036,"POLYGON ((415977.3738420745 3390731.7927185036, 415977.3738420745 3391231.7927185036, 415477.3738420745 3391231.7927185036, 415477.3738420745 3390731.7927185036, 415977.3738420745 3390731.7927185036))"
1965,50,35,415727.3738420745,3391481.7927185036,"POLYGON ((415977.3738420745 3391231.7927185036, 415977.3738420745 3391731.7927185036, 415477.3738420745 3391731.7927185036, 415477.3738420745 3391231.7927185036, 415977.3738420745 3391231.7927185036))"
1966,51,35,415727.3738420745,3391981.7927185036,"POLYGON ((415977.3738420745 3391731.7927185036, 415977.3738420745 3392231.7927185036, 415477.3738420745 3392231.7927185036, 415477.3738420745 3391731.7927185036, 415977.3738420745 3391731.7927185036))"
1967,52,35,415727.3738420745,3392481.7927185036,"POLYGON ((415977.3738420745 3392231.7927185036, 415977.3738420745 3392731.7927185036, 415477.3738420745 3392731.7927185036, 415477.3738420745 3392231.7927185036, 415977.3738420745 3392231.7927185036))"
1968,53,35,415727.3738420745,3392981.7927185036,"POLYGON ((415977.3738420745 3392731.7927185036, 415977.3738420745 3393231.7927185036, 415477.3738420745 3393231.7927185036, 415477.3738420745 3392731.7927185036, 415977.3738420745 3392731.7927185036))"
1969,54,35,415727.3738420745,3393481.7927185036,"POLYGON ((415977.3738420745 3393231.7927185036, 415977.3738420745 3393731.7927185036, 415477.3738420745 3393731.7927185036, 415477.3738420745 3393231.7927185036, 415977.3738420745 3393231.7927185036))"
1970,55,35,415727.3738420745,3393981.7927185036,"POLYGON ((415977.3738420745 3393731.7927185036, 415977.3738420745 3394231.7927185036, 415477.3738420745 3394231.7927185036, 415477.3738420745 3393731.7927185036, 415977.3738420745 3393731.7927185036))"
1971,56,35,415727.3738420745,3394481.7927185036,"POLYGON ((415977.3738420745 3394231.7927185036, 415977.3738420745 3394731.7927185036, 415477.3738420745 3394731.7927185036, 415477.3738420745 3394231.7927185036, 415977.3738420745 3394231.7927185036))"
1972,57,35,415727.3738420745,3394981.7927185036,"POLYGON ((415977.3738420745 3394731.7927185036, 415977.3738420745 3395231.7927185036, 415477.3738420745 3395231.7927185036, 415477.3738420745 3394731.7927185036, 415977.3738420745 3394731.7927185036))"
1973,58,35,415727.3738420745,3395481.7927185036,"POLYGON ((415977.3738420745 3395231.7927185036, 415977.3738420745 3395731.7927185036, 415477.3738420745 3395731.7927185036, 415477.3738420745 3395231.7927185036, 415977.3738420745 3395231.7927185036))"
1974,59,35,415727.3738420745,3395981.7927185036,"POLYGON ((415977.3738420745 3395731.7927185036, 415977.3738420745 3396231.7927185036, 415477.3738420745 3396231.7927185036, 415477.3738420745 3395731.7927185036, 415977.3738420745 3395731.7927185036))"
1975,60,35,415727.3738420745,3396481.7927185036,"POLYGON ((415977.3738420745 3396231.7927185036, 415977.3738420745 3396731.7927185036, 415477.3738420745 3396731.7927185036, 415477.3738420745 3396231.7927185036, 415977.3738420745 3396231.7927185036))"
1976,61,35,415727.3738420745,3396981.7927185036,"POLYGON ((415977.3738420745 3396731.7927185036, 415977.3738420745 3397231.7927185036, 415477.3738420745 3397231.7927185036, 415477.3738420745 3396731.7927185036, 415977.3738420745 3396731.7927185036))"
1977,62,35,415727.3738420745,3397481.7927185036,"POLYGON ((415977.3738420745 3397231.7927185036, 415977.3738420745 3397731.7927185036, 415477.3738420745 3397731.7927185036, 415477.3738420745 3397231.7927185036, 415977.3738420745 3397231.7927185036))"
1978,63,35,415727.3738420745,3397981.7927185036,"POLYGON ((415977.3738420745 3397731.7927185036, 415977.3738420745 3398231.7927185036, 415477.3738420745 3398231.7927185036, 415477.3738420745 3397731.7927185036, 415977.3738420745 3397731.7927185036))"
1979,64,35,415727.3738420745,3398481.7927185036,"POLYGON ((415977.3738420745 3398231.7927185036, 415977.3738420745 3398731.7927185036, 415477.3738420745 3398731.7927185036, 415477.3738420745 3398231.7927185036, 415977.3738420745 3398231.7927185036))"
1980,65,35,415727.3738420745,3398981.7927185036,"POLYGON ((415977.3738420745 3398731.7927185036, 415977.3738420745 3399231.7927185036, 415477.3738420745 3399231.7927185036, 415477.3738420745 3398731.7927185036, 415977.3738420745 3398731.7927185036))"
1981,66,35,415727.3738420745,3399481.7927185036,"POLYGON ((415977.3738420745 3399231.7927185036, 415977.3738420745 3399731.7927185036, 415477.3738420745 3399731.7927185036, 415477.3738420745 3399231.7927185036, 415977.3738420745 3399231.7927185036))"
1982,67,35,415727.3738420745,3399981.7927185036,"POLYGON ((415977.3738420745 3399731.7927185036, 415977.3738420745 3400231.7927185036, 415477.3738420745 3400231.7927185036, 415477.3738420745 3399731.7927185036, 415977.3738420745 3399731.7927185036))"
1983,68,35,415727.3738420745,3400481.7927185036,"POLYGON ((415977.3738420745 3400231.7927185036, 415977.3738420745 3400731.7927185036, 415477.3738420745 3400731.7927185036, 415477.3738420745 3400231.7927185036, 415977.3738420745 3400231.7927185036))"
1984,69,35,415727.3738420745,3400981.7927185036,"POLYGON ((415977.3738420745 3400731.7927185036, 415977.3738420745 3401231.7927185036, 415477.3738420745 3401231.7927185036, 415477.3738420745 3400731.7927185036, 415977.3738420745 3400731.7927185036))"
1985,70,35,415727.3738420745,3401481.7927185036,"POLYGON ((415977.3738420745 3401231.7927185036, 415977.3738420745 3401731.7927185036, 415477.3738420745 3401731.7927185036, 415477.3738420745 3401231.7927185036, 415977.3738420745 3401231.7927185036))"
1986,7,36,416227.3738420745,3369981.7927185036,"POLYGON ((416477.3738420745 3369731.7927185036, 416477.3738420745 3370231.7927185036, 415977.3738420745 3370231.7927185036, 415977.3738420745 3369731.7927185036, 416477.3738420745 3369731.7927185036))"
1987,8,36,416227.3738420745,3370481.7927185036,"POLYGON ((416477.3738420745 3370231.7927185036, 416477.3738420745 3370731.7927185036, 415977.3738420745 3370731.7927185036, 415977.3738420745 3370231.7927185036, 416477.3738420745 3370231.7927185036))"
1988,9,36,416227.3738420745,3370981.7927185036,"POLYGON ((416477.3738420745 3370731.7927185036, 416477.3738420745 3371231.7927185036, 415977.3738420745 3371231.7927185036, 415977.3738420745 3370731.7927185036, 416477.3738420745 3370731.7927185036))"
1989,10,36,416227.3738420745,3371481.7927185036,"POLYGON ((416477.3738420745 3371231.7927185036, 416477.3738420745 3371731.7927185036, 415977.3738420745 3371731.7927185036, 415977.3738420745 3371231.7927185036, 416477.3738420745 3371231.7927185036))"
1990,11,36,416227.3738420745,3371981.7927185036,"POLYGON ((416477.3738420745 3371731.7927185036, 416477.3738420745 3372231.7927185036, 415977.3738420745 3372231.7927185036, 415977.3738420745 3371731.7927185036, 416477.3738420745 3371731.7927185036))"
1991,12,36,416227.3738420745,3372481.7927185036,"POLYGON ((416477.3738420745 3372231.7927185036, 416477.3738420745 3372731.7927185036, 415977.3738420745 3372731.7927185036, 415977.3738420745 3372231.7927185036, 416477.3738420745 3372231.7927185036))"
1992,13,36,416227.3738420745,3372981.7927185036,"POLYGON ((416477.3738420745 3372731.7927185036, 416477.3738420745 3373231.7927185036, 415977.3738420745 3373231.7927185036, 415977.3738420745 3372731.7927185036, 416477.3738420745 3372731.7927185036))"
1993,14,36,416227.3738420745,3373481.7927185036,"POLYGON ((416477.3738420745 3373231.7927185036, 416477.3738420745 3373731.7927185036, 415977.3738420745 3373731.7927185036, 415977.3738420745 3373231.7927185036, 416477.3738420745 3373231.7927185036))"
1994,15,36,416227.3738420745,3373981.7927185036,"POLYGON ((416477.3738420745 3373731.7927185036, 416477.3738420745 3374231.7927185036, 415977.3738420745 3374231.7927185036, 415977.3738420745 3373731.7927185036, 416477.3738420745 3373731.7927185036))"
1995,16,36,416227.3738420745,3374481.7927185036,"POLYGON ((416477.3738420745 3374231.7927185036, 416477.3738420745 3374731.7927185036, 415977.3738420745 3374731.7927185036, 415977.3738420745 3374231.7927185036, 416477.3738420745 3374231.7927185036))"
1996,17,36,416227.3738420745,3374981.7927185036,"POLYGON ((416477.3738420745 3374731.7927185036, 416477.3738420745 3375231.7927185036, 415977.3738420745 3375231.7927185036, 415977.3738420745 3374731.7927185036, 416477.3738420745 3374731.7927185036))"
1997,18,36,416227.3738420745,3375481.7927185036,"POLYGON ((416477.3738420745 3375231.7927185036, 416477.3738420745 3375731.7927185036, 415977.3738420745 3375731.7927185036, 415977.3738420745 3375231.7927185036, 416477.3738420745 3375231.7927185036))"
1998,19,36,416227.3738420745,3375981.7927185036,"POLYGON ((416477.3738420745 3375731.7927185036, 416477.3738420745 3376231.7927185036, 415977.3738420745 3376231.7927185036, 415977.3738420745 3375731.7927185036, 416477.3738420745 3375731.7927185036))"
1999,20,36,416227.3738420745,3376481.7927185036,"POLYGON ((416477.3738420745 3376231.7927185036, 416477.3738420745 3376731.7927185036, 415977.3738420745 3376731.7927185036, 415977.3738420745 3376231.7927185036, 416477.3738420745 3376231.7927185036))"
2000,21,36,416227.3738420745,3376981.7927185036,"POLYGON ((416477.3738420745 3376731.7927185036, 416477.3738420745 3377231.7927185036, 415977.3738420745 3377231.7927185036, 415977.3738420745 3376731.7927185036, 416477.3738420745 3376731.7927185036))"
2001,22,36,416227.3738420745,3377481.7927185036,"POLYGON ((416477.3738420745 3377231.7927185036, 416477.3738420745 3377731.7927185036, 415977.3738420745 3377731.7927185036, 415977.3738420745 3377231.7927185036, 416477.3738420745 3377231.7927185036))"
2002,23,36,416227.3738420745,3377981.7927185036,"POLYGON ((416477.3738420745 3377731.7927185036, 416477.3738420745 3378231.7927185036, 415977.3738420745 3378231.7927185036, 415977.3738420745 3377731.7927185036, 416477.3738420745 3377731.7927185036))"
2003,24,36,416227.3738420745,3378481.7927185036,"POLYGON ((416477.3738420745 3378231.7927185036, 416477.3738420745 3378731.7927185036, 415977.3738420745 3378731.7927185036, 415977.3738420745 3378231.7927185036, 416477.3738420745 3378231.7927185036))"
2004,25,36,416227.3738420745,3378981.7927185036,"POLYGON ((416477.3738420745 3378731.7927185036, 416477.3738420745 3379231.7927185036, 415977.3738420745 3379231.7927185036, 415977.3738420745 3378731.7927185036, 416477.3738420745 3378731.7927185036))"
2005,26,36,416227.3738420745,3379481.7927185036,"POLYGON ((416477.3738420745 3379231.7927185036, 416477.3738420745 3379731.7927185036, 415977.3738420745 3379731.7927185036, 415977.3738420745 3379231.7927185036, 416477.3738420745 3379231.7927185036))"
2006,27,36,416227.3738420745,3379981.7927185036,"POLYGON ((416477.3738420745 3379731.7927185036, 416477.3738420745 3380231.7927185036, 415977.3738420745 3380231.7927185036, 415977.3738420745 3379731.7927185036, 416477.3738420745 3379731.7927185036))"
2007,28,36,416227.3738420745,3380481.7927185036,"POLYGON ((416477.3738420745 3380231.7927185036, 416477.3738420745 3380731.7927185036, 415977.3738420745 3380731.7927185036, 415977.3738420745 3380231.7927185036, 416477.3738420745 3380231.7927185036))"
2008,29,36,416227.3738420745,3380981.7927185036,"POLYGON ((416477.3738420745 3380731.7927185036, 416477.3738420745 3381231.7927185036, 415977.3738420745 3381231.7927185036, 415977.3738420745 3380731.7927185036, 416477.3738420745 3380731.7927185036))"
2009,30,36,416227.3738420745,3381481.7927185036,"POLYGON ((416477.3738420745 3381231.7927185036, 416477.3738420745 3381731.7927185036, 415977.3738420745 3381731.7927185036, 415977.3738420745 3381231.7927185036, 416477.3738420745 3381231.7927185036))"
2010,31,36,416227.3738420745,3381981.7927185036,"POLYGON ((416477.3738420745 3381731.7927185036, 416477.3738420745 3382231.7927185036, 415977.3738420745 3382231.7927185036, 415977.3738420745 3381731.7927185036, 416477.3738420745 3381731.7927185036))"
2011,32,36,416227.3738420745,3382481.7927185036,"POLYGON ((416477.3738420745 3382231.7927185036, 416477.3738420745 3382731.7927185036, 415977.3738420745 3382731.7927185036, 415977.3738420745 3382231.7927185036, 416477.3738420745 3382231.7927185036))"
2012,33,36,416227.3738420745,3382981.7927185036,"POLYGON ((416477.3738420745 3382731.7927185036, 416477.3738420745 3383231.7927185036, 415977.3738420745 3383231.7927185036, 415977.3738420745 3382731.7927185036, 416477.3738420745 3382731.7927185036))"
2013,34,36,416227.3738420745,3383481.7927185036,"POLYGON ((416477.3738420745 3383231.7927185036, 416477.3738420745 3383731.7927185036, 415977.3738420745 3383731.7927185036, 415977.3738420745 3383231.7927185036, 416477.3738420745 3383231.7927185036))"
2014,35,36,416227.3738420745,3383981.7927185036,"POLYGON ((416477.3738420745 3383731.7927185036, 416477.3738420745 3384231.7927185036, 415977.3738420745 3384231.7927185036, 415977.3738420745 3383731.7927185036, 416477.3738420745 3383731.7927185036))"
2015,36,36,416227.3738420745,3384481.7927185036,"POLYGON ((416477.3738420745 3384231.7927185036, 416477.3738420745 3384731.7927185036, 415977.3738420745 3384731.7927185036, 415977.3738420745 3384231.7927185036, 416477.3738420745 3384231.7927185036))"
2016,37,36,416227.3738420745,3384981.7927185036,"POLYGON ((416477.3738420745 3384731.7927185036, 416477.3738420745 3385231.7927185036, 415977.3738420745 3385231.7927185036, 415977.3738420745 3384731.7927185036, 416477.3738420745 3384731.7927185036))"
2017,38,36,416227.3738420745,3385481.7927185036,"POLYGON ((416477.3738420745 3385231.7927185036, 416477.3738420745 3385731.7927185036, 415977.3738420745 3385731.7927185036, 415977.3738420745 3385231.7927185036, 416477.3738420745 3385231.7927185036))"
2018,39,36,416227.3738420745,3385981.7927185036,"POLYGON ((416477.3738420745 3385731.7927185036, 416477.3738420745 3386231.7927185036, 415977.3738420745 3386231.7927185036, 415977.3738420745 3385731.7927185036, 416477.3738420745 3385731.7927185036))"
2019,40,36,416227.3738420745,3386481.7927185036,"POLYGON ((416477.3738420745 3386231.7927185036, 416477.3738420745 3386731.7927185036, 415977.3738420745 3386731.7927185036, 415977.3738420745 3386231.7927185036, 416477.3738420745 3386231.7927185036))"
2020,41,36,416227.3738420745,3386981.7927185036,"POLYGON ((416477.3738420745 3386731.7927185036, 416477.3738420745 3387231.7927185036, 415977.3738420745 3387231.7927185036, 415977.3738420745 3386731.7927185036, 416477.3738420745 3386731.7927185036))"
2021,42,36,416227.3738420745,3387481.7927185036,"POLYGON ((416477.3738420745 3387231.7927185036, 416477.3738420745 3387731.7927185036, 415977.3738420745 3387731.7927185036, 415977.3738420745 3387231.7927185036, 416477.3738420745 3387231.7927185036))"
2022,43,36,416227.3738420745,3387981.7927185036,"POLYGON ((416477.3738420745 3387731.7927185036, 416477.3738420745 3388231.7927185036, 415977.3738420745 3388231.7927185036, 415977.3738420745 3387731.7927185036, 416477.3738420745 3387731.7927185036))"
2023,44,36,416227.3738420745,3388481.7927185036,"POLYGON ((416477.3738420745 3388231.7927185036, 416477.3738420745 3388731.7927185036, 415977.3738420745 3388731.7927185036, 415977.3738420745 3388231.7927185036, 416477.3738420745 3388231.7927185036))"
2024,45,36,416227.3738420745,3388981.7927185036,"POLYGON ((416477.3738420745 3388731.7927185036, 416477.3738420745 3389231.7927185036, 415977.3738420745 3389231.7927185036, 415977.3738420745 3388731.7927185036, 416477.3738420745 3388731.7927185036))"
2025,46,36,416227.3738420745,3389481.7927185036,"POLYGON ((416477.3738420745 3389231.7927185036, 416477.3738420745 3389731.7927185036, 415977.3738420745 3389731.7927185036, 415977.3738420745 3389231.7927185036, 416477.3738420745 3389231.7927185036))"
2026,47,36,416227.3738420745,3389981.7927185036,"POLYGON ((416477.3738420745 3389731.7927185036, 416477.3738420745 3390231.7927185036, 415977.3738420745 3390231.7927185036, 415977.3738420745 3389731.7927185036, 416477.3738420745 3389731.7927185036))"
2027,48,36,416227.3738420745,3390481.7927185036,"POLYGON ((416477.3738420745 3390231.7927185036, 416477.3738420745 3390731.7927185036, 415977.3738420745 3390731.7927185036, 415977.3738420745 3390231.7927185036, 416477.3738420745 3390231.7927185036))"
2028,49,36,416227.3738420745,3390981.7927185036,"POLYGON ((416477.3738420745 3390731.7927185036, 416477.3738420745 3391231.7927185036, 415977.3738420745 3391231.7927185036, 415977.3738420745 3390731.7927185036, 416477.3738420745 3390731.7927185036))"
2029,50,36,416227.3738420745,3391481.7927185036,"POLYGON ((416477.3738420745 3391231.7927185036, 416477.3738420745 3391731.7927185036, 415977.3738420745 3391731.7927185036, 415977.3738420745 3391231.7927185036, 416477.3738420745 3391231.7927185036))"
2030,51,36,416227.3738420745,3391981.7927185036,"POLYGON ((416477.3738420745 3391731.7927185036, 416477.3738420745 3392231.7927185036, 415977.3738420745 3392231.7927185036, 415977.3738420745 3391731.7927185036, 416477.3738420745 3391731.7927185036))"
2031,52,36,416227.3738420745,3392481.7927185036,"POLYGON ((416477.3738420745 3392231.7927185036, 416477.3738420745 3392731.7927185036, 415977.3738420745 3392731.7927185036, 415977.3738420745 3392231.7927185036, 416477.3738420745 3392231.7927185036))"
2032,53,36,416227.3738420745,3392981.7927185036,"POLYGON ((416477.3738420745 3392731.7927185036, 416477.3738420745 3393231.7927185036, 415977.3738420745 3393231.7927185036, 415977.3738420745 3392731.7927185036, 416477.3738420745 3392731.7927185036))"
2033,54,36,416227.3738420745,3393481.7927185036,"POLYGON ((416477.3738420745 3393231.7927185036, 416477.3738420745 3393731.7927185036, 415977.3738420745 3393731.7927185036, 415977.3738420745 3393231.7927185036, 416477.3738420745 3393231.7927185036))"
2034,55,36,416227.3738420745,3393981.7927185036,"POLYGON ((416477.3738420745 3393731.7927185036, 416477.3738420745 3394231.7927185036, 415977.3738420745 3394231.7927185036, 415977.3738420745 3393731.7927185036, 416477.3738420745 3393731.7927185036))"
2035,56,36,416227.3738420745,3394481.7927185036,"POLYGON ((416477.3738420745 3394231.7927185036, 416477.3738420745 3394731.7927185036, 415977.3738420745 3394731.7927185036, 415977.3738420745 3394231.7927185036, 416477.3738420745 3394231.7927185036))"
2036,57,36,416227.3738420745,3394981.7927185036,"POLYGON ((416477.3738420745 3394731.7927185036, 416477.3738420745 3395231.7927185036, 415977.3738420745 3395231.7927185036, 415977.3738420745 3394731.7927185036, 416477.3738420745 3394731.7927185036))"
2037,58,36,416227.3738420745,3395481.7927185036,"POLYGON ((416477.3738420745 3395231.7927185036, 416477.3738420745 3395731.7927185036, 415977.3738420745 3395731.7927185036, 415977.3738420745 3395231.7927185036, 416477.3738420745 3395231.7927185036))"
2038,59,36,416227.3738420745,3395981.7927185036,"POLYGON ((416477.3738420745 3395731.7927185036, 416477.3738420745 3396231.7927185036, 415977.3738420745 3396231.7927185036, 415977.3738420745 3395731.7927185036, 416477.3738420745 3395731.7927185036))"
2039,60,36,416227.3738420745,3396481.7927185036,"POLYGON ((416477.3738420745 3396231.7927185036, 416477.3738420745 3396731.7927185036, 415977.3738420745 3396731.7927185036, 415977.3738420745 3396231.7927185036, 416477.3738420745 3396231.7927185036))"
2040,61,36,416227.3738420745,3396981.7927185036,"POLYGON ((416477.3738420745 3396731.7927185036, 416477.3738420745 3397231.7927185036, 415977.3738420745 3397231.7927185036, 415977.3738420745 3396731.7927185036, 416477.3738420745 3396731.7927185036))"
2041,62,36,416227.3738420745,3397481.7927185036,"POLYGON ((416477.3738420745 3397231.7927185036, 416477.3738420745 3397731.7927185036, 415977.3738420745 3397731.7927185036, 415977.3738420745 3397231.7927185036, 416477.3738420745 3397231.7927185036))"
2042,63,36,416227.3738420745,3397981.7927185036,"POLYGON ((416477.3738420745 3397731.7927185036, 416477.3738420745 3398231.7927185036, 415977.3738420745 3398231.7927185036, 415977.3738420745 3397731.7927185036, 416477.3738420745 3397731.7927185036))"
2043,64,36,416227.3738420745,3398481.7927185036,"POLYGON ((416477.3738420745 3398231.7927185036, 416477.3738420745 3398731.7927185036, 415977.3738420745 3398731.7927185036, 415977.3738420745 3398231.7927185036, 416477.3738420745 3398231.7927185036))"
2044,65,36,416227.3738420745,3398981.7927185036,"POLYGON ((416477.3738420745 3398731.7927185036, 416477.3738420745 3399231.7927185036, 415977.3738420745 3399231.7927185036, 415977.3738420745 3398731.7927185036, 416477.3738420745 3398731.7927185036))"
2045,66,36,416227.3738420745,3399481.7927185036,"POLYGON ((416477.3738420745 3399231.7927185036, 416477.3738420745 3399731.7927185036, 415977.3738420745 3399731.7927185036, 415977.3738420745 3399231.7927185036, 416477.3738420745 3399231.7927185036))"
2046,67,36,416227.3738420745,3399981.7927185036,"POLYGON ((416477.3738420745 3399731.7927185036, 416477.3738420745 3400231.7927185036, 415977.3738420745 3400231.7927185036, 415977.3738420745 3399731.7927185036, 416477.3738420745 3399731.7927185036))"
2047,68,36,416227.3738420745,3400481.7927185036,"POLYGON ((416477.3738420745 3400231.7927185036, 416477.3738420745 3400731.7927185036, 415977.3738420745 3400731.7927185036, 415977.3738420745 3400231.7927185036, 416477.3738420745 3400231.7927185036))"
2048,69,36,416227.3738420745,3400981.7927185036,"POLYGON ((416477.3738420745 3400731.7927185036, 416477.3738420745 3401231.7927185036, 415977.3738420745 3401231.7927185036, 415977.3738420745 3400731.7927185036, 416477.3738420745 3400731.7927185036))"
2049,70,36,416227.3738420745,3401481.7927185036,"POLYGON ((416477.3738420745 3401231.7927185036, 416477.3738420745 3401731.7927185036, 415977.3738420745 3401731.7927185036, 415977.3738420745 3401231.7927185036, 416477.3738420745 3401231.7927185036))"
2050,8,37,416727.3738420745,3370481.7927185036,"POLYGON ((416977.3738420745 3370231.7927185036, 416977.3738420745 3370731.7927185036, 416477.3738420745 3370731.7927185036, 416477.3738420745 3370231.7927185036, 416977.3738420745 3370231.7927185036))"
2051,9,37,416727.3738420745,3370981.7927185036,"POLYGON ((416977.3738420745 3370731.7927185036, 416977.3738420745 3371231.7927185036, 416477.3738420745 3371231.7927185036, 416477.3738420745 3370731.7927185036, 416977.3738420745 3370731.7927185036))"
2052,10,37,416727.3738420745,3371481.7927185036,"POLYGON ((416977.3738420745 3371231.7927185036, 416977.3738420745 3371731.7927185036, 416477.3738420745 3371731.7927185036, 416477.3738420745 3371231.7927185036, 416977.3738420745 3371231.7927185036))"
2053,11,37,416727.3738420745,3371981.7927185036,"POLYGON ((416977.3738420745 3371731.7927185036, 416977.3738420745 3372231.7927185036, 416477.3738420745 3372231.7927185036, 416477.3738420745 3371731.7927185036, 416977.3738420745 3371731.7927185036))"
2054,12,37,416727.3738420745,3372481.7927185036,"POLYGON ((416977.3738420745 3372231.7927185036, 416977.3738420745 3372731.7927185036, 416477.3738420745 3372731.7927185036, 416477.3738420745 3372231.7927185036, 416977.3738420745 3372231.7927185036))"
2055,13,37,416727.3738420745,3372981.7927185036,"POLYGON ((416977.3738420745 3372731.7927185036, 416977.3738420745 3373231.7927185036, 416477.3738420745 3373231.7927185036, 416477.3738420745 3372731.7927185036, 416977.3738420745 3372731.7927185036))"
2056,14,37,416727.3738420745,3373481.7927185036,"POLYGON ((416977.3738420745 3373231.7927185036, 416977.3738420745 3373731.7927185036, 416477.3738420745 3373731.7927185036, 416477.3738420745 3373231.7927185036, 416977.3738420745 3373231.7927185036))"
2057,15,37,416727.3738420745,3373981.7927185036,"POLYGON ((416977.3738420745 3373731.7927185036, 416977.3738420745 3374231.7927185036, 416477.3738420745 3374231.7927185036, 416477.3738420745 3373731.7927185036, 416977.3738420745 3373731.7927185036))"
2058,16,37,416727.3738420745,3374481.7927185036,"POLYGON ((416977.3738420745 3374231.7927185036, 416977.3738420745 3374731.7927185036, 416477.3738420745 3374731.7927185036, 416477.3738420745 3374231.7927185036, 416977.3738420745 3374231.7927185036))"
2059,17,37,416727.3738420745,3374981.7927185036,"POLYGON ((416977.3738420745 3374731.7927185036, 416977.3738420745 3375231.7927185036, 416477.3738420745 3375231.7927185036, 416477.3738420745 3374731.7927185036, 416977.3738420745 3374731.7927185036))"
2060,18,37,416727.3738420745,3375481.7927185036,"POLYGON ((416977.3738420745 3375231.7927185036, 416977.3738420745 3375731.7927185036, 416477.3738420745 3375731.7927185036, 416477.3738420745 3375231.7927185036, 416977.3738420745 3375231.7927185036))"
2061,19,37,416727.3738420745,3375981.7927185036,"POLYGON ((416977.3738420745 3375731.7927185036, 416977.3738420745 3376231.7927185036, 416477.3738420745 3376231.7927185036, 416477.3738420745 3375731.7927185036, 416977.3738420745 3375731.7927185036))"
2062,20,37,416727.3738420745,3376481.7927185036,"POLYGON ((416977.3738420745 3376231.7927185036, 416977.3738420745 3376731.7927185036, 416477.3738420745 3376731.7927185036, 416477.3738420745 3376231.7927185036, 416977.3738420745 3376231.7927185036))"
2063,21,37,416727.3738420745,3376981.7927185036,"POLYGON ((416977.3738420745 3376731.7927185036, 416977.3738420745 3377231.7927185036, 416477.3738420745 3377231.7927185036, 416477.3738420745 3376731.7927185036, 416977.3738420745 3376731.7927185036))"
2064,22,37,416727.3738420745,3377481.7927185036,"POLYGON ((416977.3738420745 3377231.7927185036, 416977.3738420745 3377731.7927185036, 416477.3738420745 3377731.7927185036, 416477.3738420745 3377231.7927185036, 416977.3738420745 3377231.7927185036))"
2065,23,37,416727.3738420745,3377981.7927185036,"POLYGON ((416977.3738420745 3377731.7927185036, 416977.3738420745 3378231.7927185036, 416477.3738420745 3378231.7927185036, 416477.3738420745 3377731.7927185036, 416977.3738420745 3377731.7927185036))"
2066,24,37,416727.3738420745,3378481.7927185036,"POLYGON ((416977.3738420745 3378231.7927185036, 416977.3738420745 3378731.7927185036, 416477.3738420745 3378731.7927185036, 416477.3738420745 3378231.7927185036, 416977.3738420745 3378231.7927185036))"
2067,25,37,416727.3738420745,3378981.7927185036,"POLYGON ((416977.3738420745 3378731.7927185036, 416977.3738420745 3379231.7927185036, 416477.3738420745 3379231.7927185036, 416477.3738420745 3378731.7927185036, 416977.3738420745 3378731.7927185036))"
2068,26,37,416727.3738420745,3379481.7927185036,"POLYGON ((416977.3738420745 3379231.7927185036, 416977.3738420745 3379731.7927185036, 416477.3738420745 3379731.7927185036, 416477.3738420745 3379231.7927185036, 416977.3738420745 3379231.7927185036))"
2069,27,37,416727.3738420745,3379981.7927185036,"POLYGON ((416977.3738420745 3379731.7927185036, 416977.3738420745 3380231.7927185036, 416477.3738420745 3380231.7927185036, 416477.3738420745 3379731.7927185036, 416977.3738420745 3379731.7927185036))"
2070,28,37,416727.3738420745,3380481.7927185036,"POLYGON ((416977.3738420745 3380231.7927185036, 416977.3738420745 3380731.7927185036, 416477.3738420745 3380731.7927185036, 416477.3738420745 3380231.7927185036, 416977.3738420745 3380231.7927185036))"
2071,29,37,416727.3738420745,3380981.7927185036,"POLYGON ((416977.3738420745 3380731.7927185036, 416977.3738420745 3381231.7927185036, 416477.3738420745 3381231.7927185036, 416477.3738420745 3380731.7927185036, 416977.3738420745 3380731.7927185036))"
2072,30,37,416727.3738420745,3381481.7927185036,"POLYGON ((416977.3738420745 3381231.7927185036, 416977.3738420745 3381731.7927185036, 416477.3738420745 3381731.7927185036, 416477.3738420745 3381231.7927185036, 416977.3738420745 3381231.7927185036))"
2073,31,37,416727.3738420745,3381981.7927185036,"POLYGON ((416977.3738420745 3381731.7927185036, 416977.3738420745 3382231.7927185036, 416477.3738420745 3382231.7927185036, 416477.3738420745 3381731.7927185036, 416977.3738420745 3381731.7927185036))"
2074,32,37,416727.3738420745,3382481.7927185036,"POLYGON ((416977.3738420745 3382231.7927185036, 416977.3738420745 3382731.7927185036, 416477.3738420745 3382731.7927185036, 416477.3738420745 3382231.7927185036, 416977.3738420745 3382231.7927185036))"
2075,33,37,416727.3738420745,3382981.7927185036,"POLYGON ((416977.3738420745 3382731.7927185036, 416977.3738420745 3383231.7927185036, 416477.3738420745 3383231.7927185036, 416477.3738420745 3382731.7927185036, 416977.3738420745 3382731.7927185036))"
2076,34,37,416727.3738420745,3383481.7927185036,"POLYGON ((416977.3738420745 3383231.7927185036, 416977.3738420745 3383731.7927185036, 416477.3738420745 3383731.7927185036, 416477.3738420745 3383231.7927185036, 416977.3738420745 3383231.7927185036))"
2077,35,37,416727.3738420745,3383981.7927185036,"POLYGON ((416977.3738420745 3383731.7927185036, 416977.3738420745 3384231.7927185036, 416477.3738420745 3384231.7927185036, 416477.3738420745 3383731.7927185036, 416977.3738420745 3383731.7927185036))"
2078,36,37,416727.3738420745,3384481.7927185036,"POLYGON ((416977.3738420745 3384231.7927185036, 416977.3738420745 3384731.7927185036, 416477.3738420745 3384731.7927185036, 416477.3738420745 3384231.7927185036, 416977.3738420745 3384231.7927185036))"
2079,37,37,416727.3738420745,3384981.7927185036,"POLYGON ((416977.3738420745 3384731.7927185036, 416977.3738420745 3385231.7927185036, 416477.3738420745 3385231.7927185036, 416477.3738420745 3384731.7927185036, 416977.3738420745 3384731.7927185036))"
2080,38,37,416727.3738420745,3385481.7927185036,"POLYGON ((416977.3738420745 3385231.7927185036, 416977.3738420745 3385731.7927185036, 416477.3738420745 3385731.7927185036, 416477.3738420745 3385231.7927185036, 416977.3738420745 3385231.7927185036))"
2081,39,37,416727.3738420745,3385981.7927185036,"POLYGON ((416977.3738420745 3385731.7927185036, 416977.3738420745 3386231.7927185036, 416477.3738420745 3386231.7927185036, 416477.3738420745 3385731.7927185036, 416977.3738420745 3385731.7927185036))"
2082,40,37,416727.3738420745,3386481.7927185036,"POLYGON ((416977.3738420745 3386231.7927185036, 416977.3738420745 3386731.7927185036, 416477.3738420745 3386731.7927185036, 416477.3738420745 3386231.7927185036, 416977.3738420745 3386231.7927185036))"
2083,41,37,416727.3738420745,3386981.7927185036,"POLYGON ((416977.3738420745 3386731.7927185036, 416977.3738420745 3387231.7927185036, 416477.3738420745 3387231.7927185036, 416477.3738420745 3386731.7927185036, 416977.3738420745 3386731.7927185036))"
2084,42,37,416727.3738420745,3387481.7927185036,"POLYGON ((416977.3738420745 3387231.7927185036, 416977.3738420745 3387731.7927185036, 416477.3738420745 3387731.7927185036, 416477.3738420745 3387231.7927185036, 416977.3738420745 3387231.7927185036))"
2085,43,37,416727.3738420745,3387981.7927185036,"POLYGON ((416977.3738420745 3387731.7927185036, 416977.3738420745 3388231.7927185036, 416477.3738420745 3388231.7927185036, 416477.3738420745 3387731.7927185036, 416977.3738420745 3387731.7927185036))"
2086,44,37,416727.3738420745,3388481.7927185036,"POLYGON ((416977.3738420745 3388231.7927185036, 416977.3738420745 3388731.7927185036, 416477.3738420745 3388731.7927185036, 416477.3738420745 3388231.7927185036, 416977.3738420745 3388231.7927185036))"
2087,45,37,416727.3738420745,3388981.7927185036,"POLYGON ((416977.3738420745 3388731.7927185036, 416977.3738420745 3389231.7927185036, 416477.3738420745 3389231.7927185036, 416477.3738420745 3388731.7927185036, 416977.3738420745 3388731.7927185036))"
2088,46,37,416727.3738420745,3389481.7927185036,"POLYGON ((416977.3738420745 3389231.7927185036, 416977.3738420745 3389731.7927185036, 416477.3738420745 3389731.7927185036, 416477.3738420745 3389231.7927185036, 416977.3738420745 3389231.7927185036))"
2089,47,37,416727.3738420745,3389981.7927185036,"POLYGON ((416977.3738420745 3389731.7927185036, 416977.3738420745 3390231.7927185036, 416477.3738420745 3390231.7927185036, 416477.3738420745 3389731.7927185036, 416977.3738420745 3389731.7927185036))"
2090,48,37,416727.3738420745,3390481.7927185036,"POLYGON ((416977.3738420745 3390231.7927185036, 416977.3738420745 3390731.7927185036, 416477.3738420745 3390731.7927185036, 416477.3738420745 3390231.7927185036, 416977.3738420745 3390231.7927185036))"
2091,49,37,416727.3738420745,3390981.7927185036,"POLYGON ((416977.3738420745 3390731.7927185036, 416977.3738420745 3391231.7927185036, 416477.3738420745 3391231.7927185036, 416477.3738420745 3390731.7927185036, 416977.3738420745 3390731.7927185036))"
2092,50,37,416727.3738420745,3391481.7927185036,"POLYGON ((416977.3738420745 3391231.7927185036, 416977.3738420745 3391731.7927185036, 416477.3738420745 3391731.7927185036, 416477.3738420745 3391231.7927185036, 416977.3738420745 3391231.7927185036))"
2093,51,37,416727.3738420745,3391981.7927185036,"POLYGON ((416977.3738420745 3391731.7927185036, 416977.3738420745 3392231.7927185036, 416477.3738420745 3392231.7927185036, 416477.3738420745 3391731.7927185036, 416977.3738420745 3391731.7927185036))"
2094,52,37,416727.3738420745,3392481.7927185036,"POLYGON ((416977.3738420745 3392231.7927185036, 416977.3738420745 3392731.7927185036, 416477.3738420745 3392731.7927185036, 416477.3738420745 3392231.7927185036, 416977.3738420745 3392231.7927185036))"
2095,53,37,416727.3738420745,3392981.7927185036,"POLYGON ((416977.3738420745 3392731.7927185036, 416977.3738420745 3393231.7927185036, 416477.3738420745 3393231.7927185036, 416477.3738420745 3392731.7927185036, 416977.3738420745 3392731.7927185036))"
2096,54,37,416727.3738420745,3393481.7927185036,"POLYGON ((416977.3738420745 3393231.7927185036, 416977.3738420745 3393731.7927185036, 416477.3738420745 3393731.7927185036, 416477.3738420745 3393231.7927185036, 416977.3738420745 3393231.7927185036))"
2097,55,37,416727.3738420745,3393981.7927185036,"POLYGON ((416977.3738420745 3393731.7927185036, 416977.3738420745 3394231.7927185036, 416477.3738420745 3394231.7927185036, 416477.3738420745 3393731.7927185036, 416977.3738420745 3393731.7927185036))"
2098,56,37,416727.3738420745,3394481.7927185036,"POLYGON ((416977.3738420745 3394231.7927185036, 416977.3738420745 3394731.7927185036, 416477.3738420745 3394731.7927185036, 416477.3738420745 3394231.7927185036, 416977.3738420745 3394231.7927185036))"
2099,57,37,416727.3738420745,3394981.7927185036,"POLYGON ((416977.3738420745 3394731.7927185036, 416977.3738420745 3395231.7927185036, 416477.3738420745 3395231.7927185036, 416477.3738420745 3394731.7927185036, 416977.3738420745 3394731.7927185036))"
2100,58,37,416727.3738420745,3395481.7927185036,"POLYGON ((416977.3738420745 3395231.7927185036, 416977.3738420745 3395731.7927185036, 416477.3738420745 3395731.7927185036, 416477.3738420745 3395231.7927185036, 416977.3738420745 3395231.7927185036))"
2101,59,37,416727.3738420745,3395981.7927185036,"POLYGON ((416977.3738420745 3395731.7927185036, 416977.3738420745 3396231.7927185036, 416477.3738420745 3396231.7927185036, 416477.3738420745 3395731.7927185036, 416977.3738420745 3395731.7927185036))"
2102,60,37,416727.3738420745,3396481.7927185036,"POLYGON ((416977.3738420745 3396231.7927185036, 416977.3738420745 3396731.7927185036, 416477.3738420745 3396731.7927185036, 416477.3738420745 3396231.7927185036, 416977.3738420745 3396231.7927185036))"
2103,61,37,416727.3738420745,3396981.7927185036,"POLYGON ((416977.3738420745 3396731.7927185036, 416977.3738420745 3397231.7927185036, 416477.3738420745 3397231.7927185036, 416477.3738420745 3396731.7927185036, 416977.3738420745 3396731.7927185036))"
2104,62,37,416727.3738420745,3397481.7927185036,"POLYGON ((416977.3738420745 3397231.7927185036, 416977.3738420745 3397731.7927185036, 416477.3738420745 3397731.7927185036, 416477.3738420745 3397231.7927185036, 416977.3738420745 3397231.7927185036))"
2105,63,37,416727.3738420745,3397981.7927185036,"POLYGON ((416977.3738420745 3397731.7927185036, 416977.3738420745 3398231.7927185036, 416477.3738420745 3398231.7927185036, 416477.3738420745 3397731.7927185036, 416977.3738420745 3397731.7927185036))"
2106,64,37,416727.3738420745,3398481.7927185036,"POLYGON ((416977.3738420745 3398231.7927185036, 416977.3738420745 3398731.7927185036, 416477.3738420745 3398731.7927185036, 416477.3738420745 3398231.7927185036, 416977.3738420745 3398231.7927185036))"
2107,65,37,416727.3738420745,3398981.7927185036,"POLYGON ((416977.3738420745 3398731.7927185036, 416977.3738420745 3399231.7927185036, 416477.3738420745 3399231.7927185036, 416477.3738420745 3398731.7927185036, 416977.3738420745 3398731.7927185036))"
2108,66,37,416727.3738420745,3399481.7927185036,"POLYGON ((416977.3738420745 3399231.7927185036, 416977.3738420745 3399731.7927185036, 416477.3738420745 3399731.7927185036, 416477.3738420745 3399231.7927185036, 416977.3738420745 3399231.7927185036))"
2109,67,37,416727.3738420745,3399981.7927185036,"POLYGON ((416977.3738420745 3399731.7927185036, 416977.3738420745 3400231.7927185036, 416477.3738420745 3400231.7927185036, 416477.3738420745 3399731.7927185036, 416977.3738420745 3399731.7927185036))"
2110,68,37,416727.3738420745,3400481.7927185036,"POLYGON ((416977.3738420745 3400231.7927185036, 416977.3738420745 3400731.7927185036, 416477.3738420745 3400731.7927185036, 416477.3738420745 3400231.7927185036, 416977.3738420745 3400231.7927185036))"
2111,69,37,416727.3738420745,3400981.7927185036,"POLYGON ((416977.3738420745 3400731.7927185036, 416977.3738420745 3401231.7927185036, 416477.3738420745 3401231.7927185036, 416477.3738420745 3400731.7927185036, 416977.3738420745 3400731.7927185036))"
2112,11,38,417227.3738420745,3371981.7927185036,"POLYGON ((417477.3738420745 3371731.7927185036, 417477.3738420745 3372231.7927185036, 416977.3738420745 3372231.7927185036, 416977.3738420745 3371731.7927185036, 417477.3738420745 3371731.7927185036))"
2113,12,38,417227.3738420745,3372481.7927185036,"POLYGON ((417477.3738420745 3372231.7927185036, 417477.3738420745 3372731.7927185036, 416977.3738420745 3372731.7927185036, 416977.3738420745 3372231.7927185036, 417477.3738420745 3372231.7927185036))"
2114,13,38,417227.3738420745,3372981.7927185036,"POLYGON ((417477.3738420745 3372731.7927185036, 417477.3738420745 3373231.7927185036, 416977.3738420745 3373231.7927185036, 416977.3738420745 3372731.7927185036, 417477.3738420745 3372731.7927185036))"
2115,14,38,417227.3738420745,3373481.7927185036,"POLYGON ((417477.3738420745 3373231.7927185036, 417477.3738420745 3373731.7927185036, 416977.3738420745 3373731.7927185036, 416977.3738420745 3373231.7927185036, 417477.3738420745 3373231.7927185036))"
2116,15,38,417227.3738420745,3373981.7927185036,"POLYGON ((417477.3738420745 3373731.7927185036, 417477.3738420745 3374231.7927185036, 416977.3738420745 3374231.7927185036, 416977.3738420745 3373731.7927185036, 417477.3738420745 3373731.7927185036))"
2117,16,38,417227.3738420745,3374481.7927185036,"POLYGON ((417477.3738420745 3374231.7927185036, 417477.3738420745 3374731.7927185036, 416977.3738420745 3374731.7927185036, 416977.3738420745 3374231.7927185036, 417477.3738420745 3374231.7927185036))"
2118,17,38,417227.3738420745,3374981.7927185036,"POLYGON ((417477.3738420745 3374731.7927185036, 417477.3738420745 3375231.7927185036, 416977.3738420745 3375231.7927185036, 416977.3738420745 3374731.7927185036, 417477.3738420745 3374731.7927185036))"
2119,18,38,417227.3738420745,3375481.7927185036,"POLYGON ((417477.3738420745 3375231.7927185036, 417477.3738420745 3375731.7927185036, 416977.3738420745 3375731.7927185036, 416977.3738420745 3375231.7927185036, 417477.3738420745 3375231.7927185036))"
2120,19,38,417227.3738420745,3375981.7927185036,"POLYGON ((417477.3738420745 3375731.7927185036, 417477.3738420745 3376231.7927185036, 416977.3738420745 3376231.7927185036, 416977.3738420745 3375731.7927185036, 417477.3738420745 3375731.7927185036))"
2121,20,38,417227.3738420745,3376481.7927185036,"POLYGON ((417477.3738420745 3376231.7927185036, 417477.3738420745 3376731.7927185036, 416977.3738420745 3376731.7927185036, 416977.3738420745 3376231.7927185036, 417477.3738420745 3376231.7927185036))"
2122,21,38,417227.3738420745,3376981.7927185036,"POLYGON ((417477.3738420745 3376731.7927185036, 417477.3738420745 3377231.7927185036, 416977.3738420745 3377231.7927185036, 416977.3738420745 3376731.7927185036, 417477.3738420745 3376731.7927185036))"
2123,22,38,417227.3738420745,3377481.7927185036,"POLYGON ((417477.3738420745 3377231.7927185036, 417477.3738420745 3377731.7927185036, 416977.3738420745 3377731.7927185036, 416977.3738420745 3377231.7927185036, 417477.3738420745 3377231.7927185036))"
2124,23,38,417227.3738420745,3377981.7927185036,"POLYGON ((417477.3738420745 3377731.7927185036, 417477.3738420745 3378231.7927185036, 416977.3738420745 3378231.7927185036, 416977.3738420745 3377731.7927185036, 417477.3738420745 3377731.7927185036))"
2125,24,38,417227.3738420745,3378481.7927185036,"POLYGON ((417477.3738420745 3378231.7927185036, 417477.3738420745 3378731.7927185036, 416977.3738420745 3378731.7927185036, 416977.3738420745 3378231.7927185036, 417477.3738420745 3378231.7927185036))"
2126,25,38,417227.3738420745,3378981.7927185036,"POLYGON ((417477.3738420745 3378731.7927185036, 417477.3738420745 3379231.7927185036, 416977.3738420745 3379231.7927185036, 416977.3738420745 3378731.7927185036, 417477.3738420745 3378731.7927185036))"
2127,26,38,417227.3738420745,3379481.7927185036,"POLYGON ((417477.3738420745 3379231.7927185036, 417477.3738420745 3379731.7927185036, 416977.3738420745 3379731.7927185036, 416977.3738420745 3379231.7927185036, 417477.3738420745 3379231.7927185036))"
2128,27,38,417227.3738420745,3379981.7927185036,"POLYGON ((417477.3738420745 3379731.7927185036, 417477.3738420745 3380231.7927185036, 416977.3738420745 3380231.7927185036, 416977.3738420745 3379731.7927185036, 417477.3738420745 3379731.7927185036))"
2129,28,38,417227.3738420745,3380481.7927185036,"POLYGON ((417477.3738420745 3380231.7927185036, 417477.3738420745 3380731.7927185036, 416977.3738420745 3380731.7927185036, 416977.3738420745 3380231.7927185036, 417477.3738420745 3380231.7927185036))"
2130,29,38,417227.3738420745,3380981.7927185036,"POLYGON ((417477.3738420745 3380731.7927185036, 417477.3738420745 3381231.7927185036, 416977.3738420745 3381231.7927185036, 416977.3738420745 3380731.7927185036, 417477.3738420745 3380731.7927185036))"
2131,30,38,417227.3738420745,3381481.7927185036,"POLYGON ((417477.3738420745 3381231.7927185036, 417477.3738420745 3381731.7927185036, 416977.3738420745 3381731.7927185036, 416977.3738420745 3381231.7927185036, 417477.3738420745 3381231.7927185036))"
2132,31,38,417227.3738420745,3381981.7927185036,"POLYGON ((417477.3738420745 3381731.7927185036, 417477.3738420745 3382231.7927185036, 416977.3738420745 3382231.7927185036, 416977.3738420745 3381731.7927185036, 417477.3738420745 3381731.7927185036))"
2133,32,38,417227.3738420745,3382481.7927185036,"POLYGON ((417477.3738420745 3382231.7927185036, 417477.3738420745 3382731.7927185036, 416977.3738420745 3382731.7927185036, 416977.3738420745 3382231.7927185036, 417477.3738420745 3382231.7927185036))"
2134,33,38,417227.3738420745,3382981.7927185036,"POLYGON ((417477.3738420745 3382731.7927185036, 417477.3738420745 3383231.7927185036, 416977.3738420745 3383231.7927185036, 416977.3738420745 3382731.7927185036, 417477.3738420745 3382731.7927185036))"
2135,34,38,417227.3738420745,3383481.7927185036,"POLYGON ((417477.3738420745 3383231.7927185036, 417477.3738420745 3383731.7927185036, 416977.3738420745 3383731.7927185036, 416977.3738420745 3383231.7927185036, 417477.3738420745 3383231.7927185036))"
2136,35,38,417227.3738420745,3383981.7927185036,"POLYGON ((417477.3738420745 3383731.7927185036, 417477.3738420745 3384231.7927185036, 416977.3738420745 3384231.7927185036, 416977.3738420745 3383731.7927185036, 417477.3738420745 3383731.7927185036))"
2137,36,38,417227.3738420745,3384481.7927185036,"POLYGON ((417477.3738420745 3384231.7927185036, 417477.3738420745 3384731.7927185036, 416977.3738420745 3384731.7927185036, 416977.3738420745 3384231.7927185036, 417477.3738420745 3384231.7927185036))"
2138,37,38,417227.3738420745,3384981.7927185036,"POLYGON ((417477.3738420745 3384731.7927185036, 417477.3738420745 3385231.7927185036, 416977.3738420745 3385231.7927185036, 416977.3738420745 3384731.7927185036, 417477.3738420745 3384731.7927185036))"
2139,38,38,417227.3738420745,3385481.7927185036,"POLYGON ((417477.3738420745 3385231.7927185036, 417477.3738420745 3385731.7927185036, 416977.3738420745 3385731.7927185036, 416977.3738420745 3385231.7927185036, 417477.3738420745 3385231.7927185036))"
2140,39,38,417227.3738420745,3385981.7927185036,"POLYGON ((417477.3738420745 3385731.7927185036, 417477.3738420745 3386231.7927185036, 416977.3738420745 3386231.7927185036, 416977.3738420745 3385731.7927185036, 417477.3738420745 3385731.7927185036))"
2141,40,38,417227.3738420745,3386481.7927185036,"POLYGON ((417477.3738420745 3386231.7927185036, 417477.3738420745 3386731.7927185036, 416977.3738420745 3386731.7927185036, 416977.3738420745 3386231.7927185036, 417477.3738420745 3386231.7927185036))"
2142,41,38,417227.3738420745,3386981.7927185036,"POLYGON ((417477.3738420745 3386731.7927185036, 417477.3738420745 3387231.7927185036, 416977.3738420745 3387231.7927185036, 416977.3738420745 3386731.7927185036, 417477.3738420745 3386731.7927185036))"
2143,42,38,417227.3738420745,3387481.7927185036,"POLYGON ((417477.3738420745 3387231.7927185036, 417477.3738420745 3387731.7927185036, 416977.3738420745 3387731.7927185036, 416977.3738420745 3387231.7927185036, 417477.3738420745 3387231.7927185036))"
2144,43,38,417227.3738420745,3387981.7927185036,"POLYGON ((417477.3738420745 3387731.7927185036, 417477.3738420745 3388231.7927185036, 416977.3738420745 3388231.7927185036, 416977.3738420745 3387731.7927185036, 417477.3738420745 3387731.7927185036))"
2145,44,38,417227.3738420745,3388481.7927185036,"POLYGON ((417477.3738420745 3388231.7927185036, 417477.3738420745 3388731.7927185036, 416977.3738420745 3388731.7927185036, 416977.3738420745 3388231.7927185036, 417477.3738420745 3388231.7927185036))"
2146,45,38,417227.3738420745,3388981.7927185036,"POLYGON ((417477.3738420745 3388731.7927185036, 417477.3738420745 3389231.7927185036, 416977.3738420745 3389231.7927185036, 416977.3738420745 3388731.7927185036, 417477.3738420745 3388731.7927185036))"
2147,46,38,417227.3738420745,3389481.7927185036,"POLYGON ((417477.3738420745 3389231.7927185036, 417477.3738420745 3389731.7927185036, 416977.3738420745 3389731.7927185036, 416977.3738420745 3389231.7927185036, 417477.3738420745 3389231.7927185036))"
2148,47,38,417227.3738420745,3389981.7927185036,"POLYGON ((417477.3738420745 3389731.7927185036, 417477.3738420745 3390231.7927185036, 416977.3738420745 3390231.7927185036, 416977.3738420745 3389731.7927185036, 417477.3738420745 3389731.7927185036))"
2149,48,38,417227.3738420745,3390481.7927185036,"POLYGON ((417477.3738420745 3390231.7927185036, 417477.3738420745 3390731.7927185036, 416977.3738420745 3390731.7927185036, 416977.3738420745 3390231.7927185036, 417477.3738420745 3390231.7927185036))"
2150,49,38,417227.3738420745,3390981.7927185036,"POLYGON ((417477.3738420745 3390731.7927185036, 417477.3738420745 3391231.7927185036, 416977.3738420745 3391231.7927185036, 416977.3738420745 3390731.7927185036, 417477.3738420745 3390731.7927185036))"
2151,50,38,417227.3738420745,3391481.7927185036,"POLYGON ((417477.3738420745 3391231.7927185036, 417477.3738420745 3391731.7927185036, 416977.3738420745 3391731.7927185036, 416977.3738420745 3391231.7927185036, 417477.3738420745 3391231.7927185036))"
2152,51,38,417227.3738420745,3391981.7927185036,"POLYGON ((417477.3738420745 3391731.7927185036, 417477.3738420745 3392231.7927185036, 416977.3738420745 3392231.7927185036, 416977.3738420745 3391731.7927185036, 417477.3738420745 3391731.7927185036))"
2153,52,38,417227.3738420745,3392481.7927185036,"POLYGON ((417477.3738420745 3392231.7927185036, 417477.3738420745 3392731.7927185036, 416977.3738420745 3392731.7927185036, 416977.3738420745 3392231.7927185036, 417477.3738420745 3392231.7927185036))"
2154,53,38,417227.3738420745,3392981.7927185036,"POLYGON ((417477.3738420745 3392731.7927185036, 417477.3738420745 3393231.7927185036, 416977.3738420745 3393231.7927185036, 416977.3738420745 3392731.7927185036, 417477.3738420745 3392731.7927185036))"
2155,54,38,417227.3738420745,3393481.7927185036,"POLYGON ((417477.3738420745 3393231.7927185036, 417477.3738420745 3393731.7927185036, 416977.3738420745 3393731.7927185036, 416977.3738420745 3393231.7927185036, 417477.3738420745 3393231.7927185036))"
2156,55,38,417227.3738420745,3393981.7927185036,"POLYGON ((417477.3738420745 3393731.7927185036, 417477.3738420745 3394231.7927185036, 416977.3738420745 3394231.7927185036, 416977.3738420745 3393731.7927185036, 417477.3738420745 3393731.7927185036))"
2157,56,38,417227.3738420745,3394481.7927185036,"POLYGON ((417477.3738420745 3394231.7927185036, 417477.3738420745 3394731.7927185036, 416977.3738420745 3394731.7927185036, 416977.3738420745 3394231.7927185036, 417477.3738420745 3394231.7927185036))"
2158,57,38,417227.3738420745,3394981.7927185036,"POLYGON ((417477.3738420745 3394731.7927185036, 417477.3738420745 3395231.7927185036, 416977.3738420745 3395231.7927185036, 416977.3738420745 3394731.7927185036, 417477.3738420745 3394731.7927185036))"
2159,58,38,417227.3738420745,3395481.7927185036,"POLYGON ((417477.3738420745 3395231.7927185036, 417477.3738420745 3395731.7927185036, 416977.3738420745 3395731.7927185036, 416977.3738420745 3395231.7927185036, 417477.3738420745 3395231.7927185036))"
2160,59,38,417227.3738420745,3395981.7927185036,"POLYGON ((417477.3738420745 3395731.7927185036, 417477.3738420745 3396231.7927185036, 416977.3738420745 3396231.7927185036, 416977.3738420745 3395731.7927185036, 417477.3738420745 3395731.7927185036))"
2161,60,38,417227.3738420745,3396481.7927185036,"POLYGON ((417477.3738420745 3396231.7927185036, 417477.3738420745 3396731.7927185036, 416977.3738420745 3396731.7927185036, 416977.3738420745 3396231.7927185036, 417477.3738420745 3396231.7927185036))"
2162,61,38,417227.3738420745,3396981.7927185036,"POLYGON ((417477.3738420745 3396731.7927185036, 417477.3738420745 3397231.7927185036, 416977.3738420745 3397231.7927185036, 416977.3738420745 3396731.7927185036, 417477.3738420745 3396731.7927185036))"
2163,62,38,417227.3738420745,3397481.7927185036,"POLYGON ((417477.3738420745 3397231.7927185036, 417477.3738420745 3397731.7927185036, 416977.3738420745 3397731.7927185036, 416977.3738420745 3397231.7927185036, 417477.3738420745 3397231.7927185036))"
2164,63,38,417227.3738420745,3397981.7927185036,"POLYGON ((417477.3738420745 3397731.7927185036, 417477.3738420745 3398231.7927185036, 416977.3738420745 3398231.7927185036, 416977.3738420745 3397731.7927185036, 417477.3738420745 3397731.7927185036))"
2165,64,38,417227.3738420745,3398481.7927185036,"POLYGON ((417477.3738420745 3398231.7927185036, 417477.3738420745 3398731.7927185036, 416977.3738420745 3398731.7927185036, 416977.3738420745 3398231.7927185036, 417477.3738420745 3398231.7927185036))"
2166,65,38,417227.3738420745,3398981.7927185036,"POLYGON ((417477.3738420745 3398731.7927185036, 417477.3738420745 3399231.7927185036, 416977.3738420745 3399231.7927185036, 416977.3738420745 3398731.7927185036, 417477.3738420745 3398731.7927185036))"
2167,66,38,417227.3738420745,3399481.7927185036,"POLYGON ((417477.3738420745 3399231.7927185036, 417477.3738420745 3399731.7927185036, 416977.3738420745 3399731.7927185036, 416977.3738420745 3399231.7927185036, 417477.3738420745 3399231.7927185036))"
2168,67,38,417227.3738420745,3399981.7927185036,"POLYGON ((417477.3738420745 3399731.7927185036, 417477.3738420745 3400231.7927185036, 416977.3738420745 3400231.7927185036, 416977.3738420745 3399731.7927185036, 417477.3738420745 3399731.7927185036))"
2169,68,38,417227.3738420745,3400481.7927185036,"POLYGON ((417477.3738420745 3400231.7927185036, 417477.3738420745 3400731.7927185036, 416977.3738420745 3400731.7927185036, 416977.3738420745 3400231.7927185036, 417477.3738420745 3400231.7927185036))"
2170,15,39,417727.3738420745,3373981.7927185036,"POLYGON ((417977.3738420745 3373731.7927185036, 417977.3738420745 3374231.7927185036, 417477.3738420745 3374231.7927185036, 417477.3738420745 3373731.7927185036, 417977.3738420745 3373731.7927185036))"
2171,16,39,417727.3738420745,3374481.7927185036,"POLYGON ((417977.3738420745 3374231.7927185036, 417977.3738420745 3374731.7927185036, 417477.3738420745 3374731.7927185036, 417477.3738420745 3374231.7927185036, 417977.3738420745 3374231.7927185036))"
2172,17,39,417727.3738420745,3374981.7927185036,"POLYGON ((417977.3738420745 3374731.7927185036, 417977.3738420745 3375231.7927185036, 417477.3738420745 3375231.7927185036, 417477.3738420745 3374731.7927185036, 417977.3738420745 3374731.7927185036))"
2173,18,39,417727.3738420745,3375481.7927185036,"POLYGON ((417977.3738420745 3375231.7927185036, 417977.3738420745 3375731.7927185036, 417477.3738420745 3375731.7927185036, 417477.3738420745 3375231.7927185036, 417977.3738420745 3375231.7927185036))"
2174,19,39,417727.3738420745,3375981.7927185036,"POLYGON ((417977.3738420745 3375731.7927185036, 417977.3738420745 3376231.7927185036, 417477.3738420745 3376231.7927185036, 417477.3738420745 3375731.7927185036, 417977.3738420745 3375731.7927185036))"
2175,20,39,417727.3738420745,3376481.7927185036,"POLYGON ((417977.3738420745 3376231.7927185036, 417977.3738420745 3376731.7927185036, 417477.3738420745 3376731.7927185036, 417477.3738420745 3376231.7927185036, 417977.3738420745 3376231.7927185036))"
2176,21,39,417727.3738420745,3376981.7927185036,"POLYGON ((417977.3738420745 3376731.7927185036, 417977.3738420745 3377231.7927185036, 417477.3738420745 3377231.7927185036, 417477.3738420745 3376731.7927185036, 417977.3738420745 3376731.7927185036))"
2177,22,39,417727.3738420745,3377481.7927185036,"POLYGON ((417977.3738420745 3377231.7927185036, 417977.3738420745 3377731.7927185036, 417477.3738420745 3377731.7927185036, 417477.3738420745 3377231.7927185036, 417977.3738420745 3377231.7927185036))"
2178,23,39,417727.3738420745,3377981.7927185036,"POLYGON ((417977.3738420745 3377731.7927185036, 417977.3738420745 3378231.7927185036, 417477.3738420745 3378231.7927185036, 417477.3738420745 3377731.7927185036, 417977.3738420745 3377731.7927185036))"
2179,24,39,417727.3738420745,3378481.7927185036,"POLYGON ((417977.3738420745 3378231.7927185036, 417977.3738420745 3378731.7927185036, 417477.3738420745 3378731.7927185036, 417477.3738420745 3378231.7927185036, 417977.3738420745 3378231.7927185036))"
2180,25,39,417727.3738420745,3378981.7927185036,"POLYGON ((417977.3738420745 3378731.7927185036, 417977.3738420745 3379231.7927185036, 417477.3738420745 3379231.7927185036, 417477.3738420745 3378731.7927185036, 417977.3738420745 3378731.7927185036))"
2181,26,39,417727.3738420745,3379481.7927185036,"POLYGON ((417977.3738420745 3379231.7927185036, 417977.3738420745 3379731.7927185036, 417477.3738420745 3379731.7927185036, 417477.3738420745 3379231.7927185036, 417977.3738420745 3379231.7927185036))"
2182,27,39,417727.3738420745,3379981.7927185036,"POLYGON ((417977.3738420745 3379731.7927185036, 417977.3738420745 3380231.7927185036, 417477.3738420745 3380231.7927185036, 417477.3738420745 3379731.7927185036, 417977.3738420745 3379731.7927185036))"
2183,28,39,417727.3738420745,3380481.7927185036,"POLYGON ((417977.3738420745 3380231.7927185036, 417977.3738420745 3380731.7927185036, 417477.3738420745 3380731.7927185036, 417477.3738420745 3380231.7927185036, 417977.3738420745 3380231.7927185036))"
2184,29,39,417727.3738420745,3380981.7927185036,"POLYGON ((417977.3738420745 3380731.7927185036, 417977.3738420745 3381231.7927185036, 417477.3738420745 3381231.7927185036, 417477.3738420745 3380731.7927185036, 417977.3738420745 3380731.7927185036))"
2185,30,39,417727.3738420745,3381481.7927185036,"POLYGON ((417977.3738420745 3381231.7927185036, 417977.3738420745 3381731.7927185036, 417477.3738420745 3381731.7927185036, 417477.3738420745 3381231.7927185036, 417977.3738420745 3381231.7927185036))"
2186,31,39,417727.3738420745,3381981.7927185036,"POLYGON ((417977.3738420745 3381731.7927185036, 417977.3738420745 3382231.7927185036, 417477.3738420745 3382231.7927185036, 417477.3738420745 3381731.7927185036, 417977.3738420745 3381731.7927185036))"
2187,32,39,417727.3738420745,3382481.7927185036,"POLYGON ((417977.3738420745 3382231.7927185036, 417977.3738420745 3382731.7927185036, 417477.3738420745 3382731.7927185036, 417477.3738420745 3382231.7927185036, 417977.3738420745 3382231.7927185036))"
2188,33,39,417727.3738420745,3382981.7927185036,"POLYGON ((417977.3738420745 3382731.7927185036, 417977.3738420745 3383231.7927185036, 417477.3738420745 3383231.7927185036, 417477.3738420745 3382731.7927185036, 417977.3738420745 3382731.7927185036))"
2189,34,39,417727.3738420745,3383481.7927185036,"POLYGON ((417977.3738420745 3383231.7927185036, 417977.3738420745 3383731.7927185036, 417477.3738420745 3383731.7927185036, 417477.3738420745 3383231.7927185036, 417977.3738420745 3383231.7927185036))"
2190,35,39,417727.3738420745,3383981.7927185036,"POLYGON ((417977.3738420745 3383731.7927185036, 417977.3738420745 3384231.7927185036, 417477.3738420745 3384231.7927185036, 417477.3738420745 3383731.7927185036, 417977.3738420745 3383731.7927185036))"
2191,36,39,417727.3738420745,3384481.7927185036,"POLYGON ((417977.3738420745 3384231.7927185036, 417977.3738420745 3384731.7927185036, 417477.3738420745 3384731.7927185036, 417477.3738420745 3384231.7927185036, 417977.3738420745 3384231.7927185036))"
2192,37,39,417727.3738420745,3384981.7927185036,"POLYGON ((417977.3738420745 3384731.7927185036, 417977.3738420745 3385231.7927185036, 417477.3738420745 3385231.7927185036, 417477.3738420745 3384731.7927185036, 417977.3738420745 3384731.7927185036))"
2193,38,39,417727.3738420745,3385481.7927185036,"POLYGON ((417977.3738420745 3385231.7927185036, 417977.3738420745 3385731.7927185036, 417477.3738420745 3385731.7927185036, 417477.3738420745 3385231.7927185036, 417977.3738420745 3385231.7927185036))"
2194,39,39,417727.3738420745,3385981.7927185036,"POLYGON ((417977.3738420745 3385731.7927185036, 417977.3738420745 3386231.7927185036, 417477.3738420745 3386231.7927185036, 417477.3738420745 3385731.7927185036, 417977.3738420745 3385731.7927185036))"
2195,40,39,417727.3738420745,3386481.7927185036,"POLYGON ((417977.3738420745 3386231.7927185036, 417977.3738420745 3386731.7927185036, 417477.3738420745 3386731.7927185036, 417477.3738420745 3386231.7927185036, 417977.3738420745 3386231.7927185036))"
2196,41,39,417727.3738420745,3386981.7927185036,"POLYGON ((417977.3738420745 3386731.7927185036, 417977.3738420745 3387231.7927185036, 417477.3738420745 3387231.7927185036, 417477.3738420745 3386731.7927185036, 417977.3738420745 3386731.7927185036))"
2197,42,39,417727.3738420745,3387481.7927185036,"POLYGON ((417977.3738420745 3387231.7927185036, 417977.3738420745 3387731.7927185036, 417477.3738420745 3387731.7927185036, 417477.3738420745 3387231.7927185036, 417977.3738420745 3387231.7927185036))"
2198,43,39,417727.3738420745,3387981.7927185036,"POLYGON ((417977.3738420745 3387731.7927185036, 417977.3738420745 3388231.7927185036, 417477.3738420745 3388231.7927185036, 417477.3738420745 3387731.7927185036, 417977.3738420745 3387731.7927185036))"
2199,44,39,417727.3738420745,3388481.7927185036,"POLYGON ((417977.3738420745 3388231.7927185036, 417977.3738420745 3388731.7927185036, 417477.3738420745 3388731.7927185036, 417477.3738420745 3388231.7927185036, 417977.3738420745 3388231.7927185036))"
2200,45,39,417727.3738420745,3388981.7927185036,"POLYGON ((417977.3738420745 3388731.7927185036, 417977.3738420745 3389231.7927185036, 417477.3738420745 3389231.7927185036, 417477.3738420745 3388731.7927185036, 417977.3738420745 3388731.7927185036))"
2201,46,39,417727.3738420745,3389481.7927185036,"POLYGON ((417977.3738420745 3389231.7927185036, 417977.3738420745 3389731.7927185036, 417477.3738420745 3389731.7927185036, 417477.3738420745 3389231.7927185036, 417977.3738420745 3389231.7927185036))"
2202,47,39,417727.3738420745,3389981.7927185036,"POLYGON ((417977.3738420745 3389731.7927185036, 417977.3738420745 3390231.7927185036, 417477.3738420745 3390231.7927185036, 417477.3738420745 3389731.7927185036, 417977.3738420745 3389731.7927185036))"
2203,48,39,417727.3738420745,3390481.7927185036,"POLYGON ((417977.3738420745 3390231.7927185036, 417977.3738420745 3390731.7927185036, 417477.3738420745 3390731.7927185036, 417477.3738420745 3390231.7927185036, 417977.3738420745 3390231.7927185036))"
2204,49,39,417727.3738420745,3390981.7927185036,"POLYGON ((417977.3738420745 3390731.7927185036, 417977.3738420745 3391231.7927185036, 417477.3738420745 3391231.7927185036, 417477.3738420745 3390731.7927185036, 417977.3738420745 3390731.7927185036))"
2205,50,39,417727.3738420745,3391481.7927185036,"POLYGON ((417977.3738420745 3391231.7927185036, 417977.3738420745 3391731.7927185036, 417477.3738420745 3391731.7927185036, 417477.3738420745 3391231.7927185036, 417977.3738420745 3391231.7927185036))"
2206,51,39,417727.3738420745,3391981.7927185036,"POLYGON ((417977.3738420745 3391731.7927185036, 417977.3738420745 3392231.7927185036, 417477.3738420745 3392231.7927185036, 417477.3738420745 3391731.7927185036, 417977.3738420745 3391731.7927185036))"
2207,52,39,417727.3738420745,3392481.7927185036,"POLYGON ((417977.3738420745 3392231.7927185036, 417977.3738420745 3392731.7927185036, 417477.3738420745 3392731.7927185036, 417477.3738420745 3392231.7927185036, 417977.3738420745 3392231.7927185036))"
2208,53,39,417727.3738420745,3392981.7927185036,"POLYGON ((417977.3738420745 3392731.7927185036, 417977.3738420745 3393231.7927185036, 417477.3738420745 3393231.7927185036, 417477.3738420745 3392731.7927185036, 417977.3738420745 3392731.7927185036))"
2209,54,39,417727.3738420745,3393481.7927185036,"POLYGON ((417977.3738420745 3393231.7927185036, 417977.3738420745 3393731.7927185036, 417477.3738420745 3393731.7927185036, 417477.3738420745 3393231.7927185036, 417977.3738420745 3393231.7927185036))"
2210,55,39,417727.3738420745,3393981.7927185036,"POLYGON ((417977.3738420745 3393731.7927185036, 417977.3738420745 3394231.7927185036, 417477.3738420745 3394231.7927185036, 417477.3738420745 3393731.7927185036, 417977.3738420745 3393731.7927185036))"
2211,56,39,417727.3738420745,3394481.7927185036,"POLYGON ((417977.3738420745 3394231.7927185036, 417977.3738420745 3394731.7927185036, 417477.3738420745 3394731.7927185036, 417477.3738420745 3394231.7927185036, 417977.3738420745 3394231.7927185036))"
2212,57,39,417727.3738420745,3394981.7927185036,"POLYGON ((417977.3738420745 3394731.7927185036, 417977.3738420745 3395231.7927185036, 417477.3738420745 3395231.7927185036, 417477.3738420745 3394731.7927185036, 417977.3738420745 3394731.7927185036))"
2213,58,39,417727.3738420745,3395481.7927185036,"POLYGON ((417977.3738420745 3395231.7927185036, 417977.3738420745 3395731.7927185036, 417477.3738420745 3395731.7927185036, 417477.3738420745 3395231.7927185036, 417977.3738420745 3395231.7927185036))"
2214,59,39,417727.3738420745,3395981.7927185036,"POLYGON ((417977.3738420745 3395731.7927185036, 417977.3738420745 3396231.7927185036, 417477.3738420745 3396231.7927185036, 417477.3738420745 3395731.7927185036, 417977.3738420745 3395731.7927185036))"
2215,60,39,417727.3738420745,3396481.7927185036,"POLYGON ((417977.3738420745 3396231.7927185036, 417977.3738420745 3396731.7927185036, 417477.3738420745 3396731.7927185036, 417477.3738420745 3396231.7927185036, 417977.3738420745 3396231.7927185036))"
2216,61,39,417727.3738420745,3396981.7927185036,"POLYGON ((417977.3738420745 3396731.7927185036, 417977.3738420745 3397231.7927185036, 417477.3738420745 3397231.7927185036, 417477.3738420745 3396731.7927185036, 417977.3738420745 3396731.7927185036))"
2217,62,39,417727.3738420745,3397481.7927185036,"POLYGON ((417977.3738420745 3397231.7927185036, 417977.3738420745 3397731.7927185036, 417477.3738420745 3397731.7927185036, 417477.3738420745 3397231.7927185036, 417977.3738420745 3397231.7927185036))"
2218,63,39,417727.3738420745,3397981.7927185036,"POLYGON ((417977.3738420745 3397731.7927185036, 417977.3738420745 3398231.7927185036, 417477.3738420745 3398231.7927185036, 417477.3738420745 3397731.7927185036, 417977.3738420745 3397731.7927185036))"
2219,64,39,417727.3738420745,3398481.7927185036,"POLYGON ((417977.3738420745 3398231.7927185036, 417977.3738420745 3398731.7927185036, 417477.3738420745 3398731.7927185036, 417477.3738420745 3398231.7927185036, 417977.3738420745 3398231.7927185036))"
2220,65,39,417727.3738420745,3398981.7927185036,"POLYGON ((417977.3738420745 3398731.7927185036, 417977.3738420745 3399231.7927185036, 417477.3738420745 3399231.7927185036, 417477.3738420745 3398731.7927185036, 417977.3738420745 3398731.7927185036))"
2221,66,39,417727.3738420745,3399481.7927185036,"POLYGON ((417977.3738420745 3399231.7927185036, 417977.3738420745 3399731.7927185036, 417477.3738420745 3399731.7927185036, 417477.3738420745 3399231.7927185036, 417977.3738420745 3399231.7927185036))"
2222,67,39,417727.3738420745,3399981.7927185036,"POLYGON ((417977.3738420745 3399731.7927185036, 417977.3738420745 3400231.7927185036, 417477.3738420745 3400231.7927185036, 417477.3738420745 3399731.7927185036, 417977.3738420745 3399731.7927185036))"
2223,68,39,417727.3738420745,3400481.7927185036,"POLYGON ((417977.3738420745 3400231.7927185036, 417977.3738420745 3400731.7927185036, 417477.3738420745 3400731.7927185036, 417477.3738420745 3400231.7927185036, 417977.3738420745 3400231.7927185036))"
2224,19,40,418227.3738420745,3375981.7927185036,"POLYGON ((418477.3738420745 3375731.7927185036, 418477.3738420745 3376231.7927185036, 417977.3738420745 3376231.7927185036, 417977.3738420745 3375731.7927185036, 418477.3738420745 3375731.7927185036))"
2225,20,40,418227.3738420745,3376481.7927185036,"POLYGON ((418477.3738420745 3376231.7927185036, 418477.3738420745 3376731.7927185036, 417977.3738420745 3376731.7927185036, 417977.3738420745 3376231.7927185036, 418477.3738420745 3376231.7927185036))"
2226,21,40,418227.3738420745,3376981.7927185036,"POLYGON ((418477.3738420745 3376731.7927185036, 418477.3738420745 3377231.7927185036, 417977.3738420745 3377231.7927185036, 417977.3738420745 3376731.7927185036, 418477.3738420745 3376731.7927185036))"
2227,22,40,418227.3738420745,3377481.7927185036,"POLYGON ((418477.3738420745 3377231.7927185036, 418477.3738420745 3377731.7927185036, 417977.3738420745 3377731.7927185036, 417977.3738420745 3377231.7927185036, 418477.3738420745 3377231.7927185036))"
2228,23,40,418227.3738420745,3377981.7927185036,"POLYGON ((418477.3738420745 3377731.7927185036, 418477.3738420745 3378231.7927185036, 417977.3738420745 3378231.7927185036, 417977.3738420745 3377731.7927185036, 418477.3738420745 3377731.7927185036))"
2229,24,40,418227.3738420745,3378481.7927185036,"POLYGON ((418477.3738420745 3378231.7927185036, 418477.3738420745 3378731.7927185036, 417977.3738420745 3378731.7927185036, 417977.3738420745 3378231.7927185036, 418477.3738420745 3378231.7927185036))"
2230,25,40,418227.3738420745,3378981.7927185036,"POLYGON ((418477.3738420745 3378731.7927185036, 418477.3738420745 3379231.7927185036, 417977.3738420745 3379231.7927185036, 417977.3738420745 3378731.7927185036, 418477.3738420745 3378731.7927185036))"
2231,26,40,418227.3738420745,3379481.7927185036,"POLYGON ((418477.3738420745 3379231.7927185036, 418477.3738420745 3379731.7927185036, 417977.3738420745 3379731.7927185036, 417977.3738420745 3379231.7927185036, 418477.3738420745 3379231.7927185036))"
2232,27,40,418227.3738420745,3379981.7927185036,"POLYGON ((418477.3738420745 3379731.7927185036, 418477.3738420745 3380231.7927185036, 417977.3738420745 3380231.7927185036, 417977.3738420745 3379731.7927185036, 418477.3738420745 3379731.7927185036))"
2233,28,40,418227.3738420745,3380481.7927185036,"POLYGON ((418477.3738420745 3380231.7927185036, 418477.3738420745 3380731.7927185036, 417977.3738420745 3380731.7927185036, 417977.3738420745 3380231.7927185036, 418477.3738420745 3380231.7927185036))"
2234,29,40,418227.3738420745,3380981.7927185036,"POLYGON ((418477.3738420745 3380731.7927185036, 418477.3738420745 3381231.7927185036, 417977.3738420745 3381231.7927185036, 417977.3738420745 3380731.7927185036, 418477.3738420745 3380731.7927185036))"
2235,30,40,418227.3738420745,3381481.7927185036,"POLYGON ((418477.3738420745 3381231.7927185036, 418477.3738420745 3381731.7927185036, 417977.3738420745 3381731.7927185036, 417977.3738420745 3381231.7927185036, 418477.3738420745 3381231.7927185036))"
2236,31,40,418227.3738420745,3381981.7927185036,"POLYGON ((418477.3738420745 3381731.7927185036, 418477.3738420745 3382231.7927185036, 417977.3738420745 3382231.7927185036, 417977.3738420745 3381731.7927185036, 418477.3738420745 3381731.7927185036))"
2237,32,40,418227.3738420745,3382481.7927185036,"POLYGON ((418477.3738420745 3382231.7927185036, 418477.3738420745 3382731.7927185036, 417977.3738420745 3382731.7927185036, 417977.3738420745 3382231.7927185036, 418477.3738420745 3382231.7927185036))"
2238,33,40,418227.3738420745,3382981.7927185036,"POLYGON ((418477.3738420745 3382731.7927185036, 418477.3738420745 3383231.7927185036, 417977.3738420745 3383231.7927185036, 417977.3738420745 3382731.7927185036, 418477.3738420745 3382731.7927185036))"
2239,34,40,418227.3738420745,3383481.7927185036,"POLYGON ((418477.3738420745 3383231.7927185036, 418477.3738420745 3383731.7927185036, 417977.3738420745 3383731.7927185036, 417977.3738420745 3383231.7927185036, 418477.3738420745 3383231.7927185036))"
2240,35,40,418227.3738420745,3383981.7927185036,"POLYGON ((418477.3738420745 3383731.7927185036, 418477.3738420745 3384231.7927185036, 417977.3738420745 3384231.7927185036, 417977.3738420745 3383731.7927185036, 418477.3738420745 3383731.7927185036))"
2241,36,40,418227.3738420745,3384481.7927185036,"POLYGON ((418477.3738420745 3384231.7927185036, 418477.3738420745 3384731.7927185036, 417977.3738420745 3384731.7927185036, 417977.3738420745 3384231.7927185036, 418477.3738420745 3384231.7927185036))"
2242,37,40,418227.3738420745,3384981.7927185036,"POLYGON ((418477.3738420745 3384731.7927185036, 418477.3738420745 3385231.7927185036, 417977.3738420745 3385231.7927185036, 417977.3738420745 3384731.7927185036, 418477.3738420745 3384731.7927185036))"
2243,38,40,418227.3738420745,3385481.7927185036,"POLYGON ((418477.3738420745 3385231.7927185036, 418477.3738420745 3385731.7927185036, 417977.3738420745 3385731.7927185036, 417977.3738420745 3385231.7927185036, 418477.3738420745 3385231.7927185036))"
2244,39,40,418227.3738420745,3385981.7927185036,"POLYGON ((418477.3738420745 3385731.7927185036, 418477.3738420745 3386231.7927185036, 417977.3738420745 3386231.7927185036, 417977.3738420745 3385731.7927185036, 418477.3738420745 3385731.7927185036))"
2245,40,40,418227.3738420745,3386481.7927185036,"POLYGON ((418477.3738420745 3386231.7927185036, 418477.3738420745 3386731.7927185036, 417977.3738420745 3386731.7927185036, 417977.3738420745 3386231.7927185036, 418477.3738420745 3386231.7927185036))"
2246,41,40,418227.3738420745,3386981.7927185036,"POLYGON ((418477.3738420745 3386731.7927185036, 418477.3738420745 3387231.7927185036, 417977.3738420745 3387231.7927185036, 417977.3738420745 3386731.7927185036, 418477.3738420745 3386731.7927185036))"
2247,42,40,418227.3738420745,3387481.7927185036,"POLYGON ((418477.3738420745 3387231.7927185036, 418477.3738420745 3387731.7927185036, 417977.3738420745 3387731.7927185036, 417977.3738420745 3387231.7927185036, 418477.3738420745 3387231.7927185036))"
2248,43,40,418227.3738420745,3387981.7927185036,"POLYGON ((418477.3738420745 3387731.7927185036, 418477.3738420745 3388231.7927185036, 417977.3738420745 3388231.7927185036, 417977.3738420745 3387731.7927185036, 418477.3738420745 3387731.7927185036))"
2249,44,40,418227.3738420745,3388481.7927185036,"POLYGON ((418477.3738420745 3388231.7927185036, 418477.3738420745 3388731.7927185036, 417977.3738420745 3388731.7927185036, 417977.3738420745 3388231.7927185036, 418477.3738420745 3388231.7927185036))"
2250,45,40,418227.3738420745,3388981.7927185036,"POLYGON ((418477.3738420745 3388731.7927185036, 418477.3738420745 3389231.7927185036, 417977.3738420745 3389231.7927185036, 417977.3738420745 3388731.7927185036, 418477.3738420745 3388731.7927185036))"
2251,46,40,418227.3738420745,3389481.7927185036,"POLYGON ((418477.3738420745 3389231.7927185036, 418477.3738420745 3389731.7927185036, 417977.3738420745 3389731.7927185036, 417977.3738420745 3389231.7927185036, 418477.3738420745 3389231.7927185036))"
2252,47,40,418227.3738420745,3389981.7927185036,"POLYGON ((418477.3738420745 3389731.7927185036, 418477.3738420745 3390231.7927185036, 417977.3738420745 3390231.7927185036, 417977.3738420745 3389731.7927185036, 418477.3738420745 3389731.7927185036))"
2253,48,40,418227.3738420745,3390481.7927185036,"POLYGON ((418477.3738420745 3390231.7927185036, 418477.3738420745 3390731.7927185036, 417977.3738420745 3390731.7927185036, 417977.3738420745 3390231.7927185036, 418477.3738420745 3390231.7927185036))"
2254,49,40,418227.3738420745,3390981.7927185036,"POLYGON ((418477.3738420745 3390731.7927185036, 418477.3738420745 3391231.7927185036, 417977.3738420745 3391231.7927185036, 417977.3738420745 3390731.7927185036, 418477.3738420745 3390731.7927185036))"
2255,50,40,418227.3738420745,3391481.7927185036,"POLYGON ((418477.3738420745 3391231.7927185036, 418477.3738420745 3391731.7927185036, 417977.3738420745 3391731.7927185036, 417977.3738420745 3391231.7927185036, 418477.3738420745 3391231.7927185036))"
2256,51,40,418227.3738420745,3391981.7927185036,"POLYGON ((418477.3738420745 3391731.7927185036, 418477.3738420745 3392231.7927185036, 417977.3738420745 3392231.7927185036, 417977.3738420745 3391731.7927185036, 418477.3738420745 3391731.7927185036))"
2257,52,40,418227.3738420745,3392481.7927185036,"POLYGON ((418477.3738420745 3392231.7927185036, 418477.3738420745 3392731.7927185036, 417977.3738420745 3392731.7927185036, 417977.3738420745 3392231.7927185036, 418477.3738420745 3392231.7927185036))"
2258,53,40,418227.3738420745,3392981.7927185036,"POLYGON ((418477.3738420745 3392731.7927185036, 418477.3738420745 3393231.7927185036, 417977.3738420745 3393231.7927185036, 417977.3738420745 3392731.7927185036, 418477.3738420745 3392731.7927185036))"
2259,54,40,418227.3738420745,3393481.7927185036,"POLYGON ((418477.3738420745 3393231.7927185036, 418477.3738420745 3393731.7927185036, 417977.3738420745 3393731.7927185036, 417977.3738420745 3393231.7927185036, 418477.3738420745 3393231.7927185036))"
2260,55,40,418227.3738420745,3393981.7927185036,"POLYGON ((418477.3738420745 3393731.7927185036, 418477.3738420745 3394231.7927185036, 417977.3738420745 3394231.7927185036, 417977.3738420745 3393731.7927185036, 418477.3738420745 3393731.7927185036))"
2261,56,40,418227.3738420745,3394481.7927185036,"POLYGON ((418477.3738420745 3394231.7927185036, 418477.3738420745 3394731.7927185036, 417977.3738420745 3394731.7927185036, 417977.3738420745 3394231.7927185036, 418477.3738420745 3394231.7927185036))"
2262,57,40,418227.3738420745,3394981.7927185036,"POLYGON ((418477.3738420745 3394731.7927185036, 418477.3738420745 3395231.7927185036, 417977.3738420745 3395231.7927185036, 417977.3738420745 3394731.7927185036, 418477.3738420745 3394731.7927185036))"
2263,58,40,418227.3738420745,3395481.7927185036,"POLYGON ((418477.3738420745 3395231.7927185036, 418477.3738420745 3395731.7927185036, 417977.3738420745 3395731.7927185036, 417977.3738420745 3395231.7927185036, 418477.3738420745 3395231.7927185036))"
2264,59,40,418227.3738420745,3395981.7927185036,"POLYGON ((418477.3738420745 3395731.7927185036, 418477.3738420745 3396231.7927185036, 417977.3738420745 3396231.7927185036, 417977.3738420745 3395731.7927185036, 418477.3738420745 3395731.7927185036))"
2265,60,40,418227.3738420745,3396481.7927185036,"POLYGON ((418477.3738420745 3396231.7927185036, 418477.3738420745 3396731.7927185036, 417977.3738420745 3396731.7927185036, 417977.3738420745 3396231.7927185036, 418477.3738420745 3396231.7927185036))"
2266,61,40,418227.3738420745,3396981.7927185036,"POLYGON ((418477.3738420745 3396731.7927185036, 418477.3738420745 3397231.7927185036, 417977.3738420745 3397231.7927185036, 417977.3738420745 3396731.7927185036, 418477.3738420745 3396731.7927185036))"
2267,62,40,418227.3738420745,3397481.7927185036,"POLYGON ((418477.3738420745 3397231.7927185036, 418477.3738420745 3397731.7927185036, 417977.3738420745 3397731.7927185036, 417977.3738420745 3397231.7927185036, 418477.3738420745 3397231.7927185036))"
2268,63,40,418227.3738420745,3397981.7927185036,"POLYGON ((418477.3738420745 3397731.7927185036, 418477.3738420745 3398231.7927185036, 417977.3738420745 3398231.7927185036, 417977.3738420745 3397731.7927185036, 418477.3738420745 3397731.7927185036))"
2269,64,40,418227.3738420745,3398481.7927185036,"POLYGON ((418477.3738420745 3398231.7927185036, 418477.3738420745 3398731.7927185036, 417977.3738420745 3398731.7927185036, 417977.3738420745 3398231.7927185036, 418477.3738420745 3398231.7927185036))"
2270,65,40,418227.3738420745,3398981.7927185036,"POLYGON ((418477.3738420745 3398731.7927185036, 418477.3738420745 3399231.7927185036, 417977.3738420745 3399231.7927185036, 417977.3738420745 3398731.7927185036, 418477.3738420745 3398731.7927185036))"
2271,66,40,418227.3738420745,3399481.7927185036,"POLYGON ((418477.3738420745 3399231.7927185036, 418477.3738420745 3399731.7927185036, 417977.3738420745 3399731.7927185036, 417977.3738420745 3399231.7927185036, 418477.3738420745 3399231.7927185036))"
2272,67,40,418227.3738420745,3399981.7927185036,"POLYGON ((418477.3738420745 3399731.7927185036, 418477.3738420745 3400231.7927185036, 417977.3738420745 3400231.7927185036, 417977.3738420745 3399731.7927185036, 418477.3738420745 3399731.7927185036))"
2273,23,41,418727.3738420745,3377981.7927185036,"POLYGON ((418977.3738420745 3377731.7927185036, 418977.3738420745 3378231.7927185036, 418477.3738420745 3378231.7927185036, 418477.3738420745 3377731.7927185036, 418977.3738420745 3377731.7927185036))"
2274,24,41,418727.3738420745,3378481.7927185036,"POLYGON ((418977.3738420745 3378231.7927185036, 418977.3738420745 3378731.7927185036, 418477.3738420745 3378731.7927185036, 418477.3738420745 3378231.7927185036, 418977.3738420745 3378231.7927185036))"
2275,25,41,418727.3738420745,3378981.7927185036,"POLYGON ((418977.3738420745 3378731.7927185036, 418977.3738420745 3379231.7927185036, 418477.3738420745 3379231.7927185036, 418477.3738420745 3378731.7927185036, 418977.3738420745 3378731.7927185036))"
2276,26,41,418727.3738420745,3379481.7927185036,"POLYGON ((418977.3738420745 3379231.7927185036, 418977.3738420745 3379731.7927185036, 418477.3738420745 3379731.7927185036, 418477.3738420745 3379231.7927185036, 418977.3738420745 3379231.7927185036))"
2277,27,41,418727.3738420745,3379981.7927185036,"POLYGON ((418977.3738420745 3379731.7927185036, 418977.3738420745 3380231.7927185036, 418477.3738420745 3380231.7927185036, 418477.3738420745 3379731.7927185036, 418977.3738420745 3379731.7927185036))"
2278,28,41,418727.3738420745,3380481.7927185036,"POLYGON ((418977.3738420745 3380231.7927185036, 418977.3738420745 3380731.7927185036, 418477.3738420745 3380731.7927185036, 418477.3738420745 3380231.7927185036, 418977.3738420745 3380231.7927185036))"
2279,29,41,418727.3738420745,3380981.7927185036,"POLYGON ((418977.3738420745 3380731.7927185036, 418977.3738420745 3381231.7927185036, 418477.3738420745 3381231.7927185036, 418477.3738420745 3380731.7927185036, 418977.3738420745 3380731.7927185036))"
2280,30,41,418727.3738420745,3381481.7927185036,"POLYGON ((418977.3738420745 3381231.7927185036, 418977.3738420745 3381731.7927185036, 418477.3738420745 3381731.7927185036, 418477.3738420745 3381231.7927185036, 418977.3738420745 3381231.7927185036))"
2281,31,41,418727.3738420745,3381981.7927185036,"POLYGON ((418977.3738420745 3381731.7927185036, 418977.3738420745 3382231.7927185036, 418477.3738420745 3382231.7927185036, 418477.3738420745 3381731.7927185036, 418977.3738420745 3381731.7927185036))"
2282,32,41,418727.3738420745,3382481.7927185036,"POLYGON ((418977.3738420745 3382231.7927185036, 418977.3738420745 3382731.7927185036, 418477.3738420745 3382731.7927185036, 418477.3738420745 3382231.7927185036, 418977.3738420745 3382231.7927185036))"
2283,33,41,418727.3738420745,3382981.7927185036,"POLYGON ((418977.3738420745 3382731.7927185036, 418977.3738420745 3383231.7927185036, 418477.3738420745 3383231.7927185036, 418477.3738420745 3382731.7927185036, 418977.3738420745 3382731.7927185036))"
2284,34,41,418727.3738420745,3383481.7927185036,"POLYGON ((418977.3738420745 3383231.7927185036, 418977.3738420745 3383731.7927185036, 418477.3738420745 3383731.7927185036, 418477.3738420745 3383231.7927185036, 418977.3738420745 3383231.7927185036))"
2285,35,41,418727.3738420745,3383981.7927185036,"POLYGON ((418977.3738420745 3383731.7927185036, 418977.3738420745 3384231.7927185036, 418477.3738420745 3384231.7927185036, 418477.3738420745 3383731.7927185036, 418977.3738420745 3383731.7927185036))"
2286,36,41,418727.3738420745,3384481.7927185036,"POLYGON ((418977.3738420745 3384231.7927185036, 418977.3738420745 3384731.7927185036, 418477.3738420745 3384731.7927185036, 418477.3738420745 3384231.7927185036, 418977.3738420745 3384231.7927185036))"
2287,37,41,418727.3738420745,3384981.7927185036,"POLYGON ((418977.3738420745 3384731.7927185036, 418977.3738420745 3385231.7927185036, 418477.3738420745 3385231.7927185036, 418477.3738420745 3384731.7927185036, 418977.3738420745 3384731.7927185036))"
2288,38,41,418727.3738420745,3385481.7927185036,"POLYGON ((418977.3738420745 3385231.7927185036, 418977.3738420745 3385731.7927185036, 418477.3738420745 3385731.7927185036, 418477.3738420745 3385231.7927185036, 418977.3738420745 3385231.7927185036))"
2289,39,41,418727.3738420745,3385981.7927185036,"POLYGON ((418977.3738420745 3385731.7927185036, 418977.3738420745 3386231.7927185036, 418477.3738420745 3386231.7927185036, 418477.3738420745 3385731.7927185036, 418977.3738420745 3385731.7927185036))"
2290,40,41,418727.3738420745,3386481.7927185036,"POLYGON ((418977.3738420745 3386231.7927185036, 418977.3738420745 3386731.7927185036, 418477.3738420745 3386731.7927185036, 418477.3738420745 3386231.7927185036, 418977.3738420745 3386231.7927185036))"
2291,41,41,418727.3738420745,3386981.7927185036,"POLYGON ((418977.3738420745 3386731.7927185036, 418977.3738420745 3387231.7927185036, 418477.3738420745 3387231.7927185036, 418477.3738420745 3386731.7927185036, 418977.3738420745 3386731.7927185036))"
2292,42,41,418727.3738420745,3387481.7927185036,"POLYGON ((418977.3738420745 3387231.7927185036, 418977.3738420745 3387731.7927185036, 418477.3738420745 3387731.7927185036, 418477.3738420745 3387231.7927185036, 418977.3738420745 3387231.7927185036))"
2293,43,41,418727.3738420745,3387981.7927185036,"POLYGON ((418977.3738420745 3387731.7927185036, 418977.3738420745 3388231.7927185036, 418477.3738420745 3388231.7927185036, 418477.3738420745 3387731.7927185036, 418977.3738420745 3387731.7927185036))"
2294,44,41,418727.3738420745,3388481.7927185036,"POLYGON ((418977.3738420745 3388231.7927185036, 418977.3738420745 3388731.7927185036, 418477.3738420745 3388731.7927185036, 418477.3738420745 3388231.7927185036, 418977.3738420745 3388231.7927185036))"
2295,45,41,418727.3738420745,3388981.7927185036,"POLYGON ((418977.3738420745 3388731.7927185036, 418977.3738420745 3389231.7927185036, 418477.3738420745 3389231.7927185036, 418477.3738420745 3388731.7927185036, 418977.3738420745 3388731.7927185036))"
2296,46,41,418727.3738420745,3389481.7927185036,"POLYGON ((418977.3738420745 3389231.7927185036, 418977.3738420745 3389731.7927185036, 418477.3738420745 3389731.7927185036, 418477.3738420745 3389231.7927185036, 418977.3738420745 3389231.7927185036))"
2297,47,41,418727.3738420745,3389981.7927185036,"POLYGON ((418977.3738420745 3389731.7927185036, 418977.3738420745 3390231.7927185036, 418477.3738420745 3390231.7927185036, 418477.3738420745 3389731.7927185036, 418977.3738420745 3389731.7927185036))"
2298,48,41,418727.3738420745,3390481.7927185036,"POLYGON ((418977.3738420745 3390231.7927185036, 418977.3738420745 3390731.7927185036, 418477.3738420745 3390731.7927185036, 418477.3738420745 3390231.7927185036, 418977.3738420745 3390231.7927185036))"
2299,49,41,418727.3738420745,3390981.7927185036,"POLYGON ((418977.3738420745 3390731.7927185036, 418977.3738420745 3391231.7927185036, 418477.3738420745 3391231.7927185036, 418477.3738420745 3390731.7927185036, 418977.3738420745 3390731.7927185036))"
2300,50,41,418727.3738420745,3391481.7927185036,"POLYGON ((418977.3738420745 3391231.7927185036, 418977.3738420745 3391731.7927185036, 418477.3738420745 3391731.7927185036, 418477.3738420745 3391231.7927185036, 418977.3738420745 3391231.7927185036))"
2301,51,41,418727.3738420745,3391981.7927185036,"POLYGON ((418977.3738420745 3391731.7927185036, 418977.3738420745 3392231.7927185036, 418477.3738420745 3392231.7927185036, 418477.3738420745 3391731.7927185036, 418977.3738420745 3391731.7927185036))"
2302,52,41,418727.3738420745,3392481.7927185036,"POLYGON ((418977.3738420745 3392231.7927185036, 418977.3738420745 3392731.7927185036, 418477.3738420745 3392731.7927185036, 418477.3738420745 3392231.7927185036, 418977.3738420745 3392231.7927185036))"
2303,53,41,418727.3738420745,3392981.7927185036,"POLYGON ((418977.3738420745 3392731.7927185036, 418977.3738420745 3393231.7927185036, 418477.3738420745 3393231.7927185036, 418477.3738420745 3392731.7927185036, 418977.3738420745 3392731.7927185036))"
2304,54,41,418727.3738420745,3393481.7927185036,"POLYGON ((418977.3738420745 3393231.7927185036, 418977.3738420745 3393731.7927185036, 418477.3738420745 3393731.7927185036, 418477.3738420745 3393231.7927185036, 418977.3738420745 3393231.7927185036))"
2305,55,41,418727.3738420745,3393981.7927185036,"POLYGON ((418977.3738420745 3393731.7927185036, 418977.3738420745 3394231.7927185036, 418477.3738420745 3394231.7927185036, 418477.3738420745 3393731.7927185036, 418977.3738420745 3393731.7927185036))"
2306,56,41,418727.3738420745,3394481.7927185036,"POLYGON ((418977.3738420745 3394231.7927185036, 418977.3738420745 3394731.7927185036, 418477.3738420745 3394731.7927185036, 418477.3738420745 3394231.7927185036, 418977.3738420745 3394231.7927185036))"
2307,57,41,418727.3738420745,3394981.7927185036,"POLYGON ((418977.3738420745 3394731.7927185036, 418977.3738420745 3395231.7927185036, 418477.3738420745 3395231.7927185036, 418477.3738420745 3394731.7927185036, 418977.3738420745 3394731.7927185036))"
2308,58,41,418727.3738420745,3395481.7927185036,"POLYGON ((418977.3738420745 3395231.7927185036, 418977.3738420745 3395731.7927185036, 418477.3738420745 3395731.7927185036, 418477.3738420745 3395231.7927185036, 418977.3738420745 3395231.7927185036))"
2309,59,41,418727.3738420745,3395981.7927185036,"POLYGON ((418977.3738420745 3395731.7927185036, 418977.3738420745 3396231.7927185036, 418477.3738420745 3396231.7927185036, 418477.3738420745 3395731.7927185036, 418977.3738420745 3395731.7927185036))"
2310,60,41,418727.3738420745,3396481.7927185036,"POLYGON ((418977.3738420745 3396231.7927185036, 418977.3738420745 3396731.7927185036, 418477.3738420745 3396731.7927185036, 418477.3738420745 3396231.7927185036, 418977.3738420745 3396231.7927185036))"
2311,61,41,418727.3738420745,3396981.7927185036,"POLYGON ((418977.3738420745 3396731.7927185036, 418977.3738420745 3397231.7927185036, 418477.3738420745 3397231.7927185036, 418477.3738420745 3396731.7927185036, 418977.3738420745 3396731.7927185036))"
2312,62,41,418727.3738420745,3397481.7927185036,"POLYGON ((418977.3738420745 3397231.7927185036, 418977.3738420745 3397731.7927185036, 418477.3738420745 3397731.7927185036, 418477.3738420745 3397231.7927185036, 418977.3738420745 3397231.7927185036))"
2313,63,41,418727.3738420745,3397981.7927185036,"POLYGON ((418977.3738420745 3397731.7927185036, 418977.3738420745 3398231.7927185036, 418477.3738420745 3398231.7927185036, 418477.3738420745 3397731.7927185036, 418977.3738420745 3397731.7927185036))"
2314,64,41,418727.3738420745,3398481.7927185036,"POLYGON ((418977.3738420745 3398231.7927185036, 418977.3738420745 3398731.7927185036, 418477.3738420745 3398731.7927185036, 418477.3738420745 3398231.7927185036, 418977.3738420745 3398231.7927185036))"
2315,65,41,418727.3738420745,3398981.7927185036,"POLYGON ((418977.3738420745 3398731.7927185036, 418977.3738420745 3399231.7927185036, 418477.3738420745 3399231.7927185036, 418477.3738420745 3398731.7927185036, 418977.3738420745 3398731.7927185036))"
2316,66,41,418727.3738420745,3399481.7927185036,"POLYGON ((418977.3738420745 3399231.7927185036, 418977.3738420745 3399731.7927185036, 418477.3738420745 3399731.7927185036, 418477.3738420745 3399231.7927185036, 418977.3738420745 3399231.7927185036))"
2317,67,41,418727.3738420745,3399981.7927185036,"POLYGON ((418977.3738420745 3399731.7927185036, 418977.3738420745 3400231.7927185036, 418477.3738420745 3400231.7927185036, 418477.3738420745 3399731.7927185036, 418977.3738420745 3399731.7927185036))"
2318,27,42,419227.3738420745,3379981.7927185036,"POLYGON ((419477.3738420745 3379731.7927185036, 419477.3738420745 3380231.7927185036, 418977.3738420745 3380231.7927185036, 418977.3738420745 3379731.7927185036, 419477.3738420745 3379731.7927185036))"
2319,28,42,419227.3738420745,3380481.7927185036,"POLYGON ((419477.3738420745 3380231.7927185036, 419477.3738420745 3380731.7927185036, 418977.3738420745 3380731.7927185036, 418977.3738420745 3380231.7927185036, 419477.3738420745 3380231.7927185036))"
2320,29,42,419227.3738420745,3380981.7927185036,"POLYGON ((419477.3738420745 3380731.7927185036, 419477.3738420745 3381231.7927185036, 418977.3738420745 3381231.7927185036, 418977.3738420745 3380731.7927185036, 419477.3738420745 3380731.7927185036))"
2321,30,42,419227.3738420745,3381481.7927185036,"POLYGON ((419477.3738420745 3381231.7927185036, 419477.3738420745 3381731.7927185036, 418977.3738420745 3381731.7927185036, 418977.3738420745 3381231.7927185036, 419477.3738420745 3381231.7927185036))"
2322,31,42,419227.3738420745,3381981.7927185036,"POLYGON ((419477.3738420745 3381731.7927185036, 419477.3738420745 3382231.7927185036, 418977.3738420745 3382231.7927185036, 418977.3738420745 3381731.7927185036, 419477.3738420745 3381731.7927185036))"
2323,32,42,419227.3738420745,3382481.7927185036,"POLYGON ((419477.3738420745 3382231.7927185036, 419477.3738420745 3382731.7927185036, 418977.3738420745 3382731.7927185036, 418977.3738420745 3382231.7927185036, 419477.3738420745 3382231.7927185036))"
2324,33,42,419227.3738420745,3382981.7927185036,"POLYGON ((419477.3738420745 3382731.7927185036, 419477.3738420745 3383231.7927185036, 418977.3738420745 3383231.7927185036, 418977.3738420745 3382731.7927185036, 419477.3738420745 3382731.7927185036))"
2325,34,42,419227.3738420745,3383481.7927185036,"POLYGON ((419477.3738420745 3383231.7927185036, 419477.3738420745 3383731.7927185036, 418977.3738420745 3383731.7927185036, 418977.3738420745 3383231.7927185036, 419477.3738420745 3383231.7927185036))"
2326,35,42,419227.3738420745,3383981.7927185036,"POLYGON ((419477.3738420745 3383731.7927185036, 419477.3738420745 3384231.7927185036, 418977.3738420745 3384231.7927185036, 418977.3738420745 3383731.7927185036, 419477.3738420745 3383731.7927185036))"
2327,36,42,419227.3738420745,3384481.7927185036,"POLYGON ((419477.3738420745 3384231.7927185036, 419477.3738420745 3384731.7927185036, 418977.3738420745 3384731.7927185036, 418977.3738420745 3384231.7927185036, 419477.3738420745 3384231.7927185036))"
2328,37,42,419227.3738420745,3384981.7927185036,"POLYGON ((419477.3738420745 3384731.7927185036, 419477.3738420745 3385231.7927185036, 418977.3738420745 3385231.7927185036, 418977.3738420745 3384731.7927185036, 419477.3738420745 3384731.7927185036))"
2329,38,42,419227.3738420745,3385481.7927185036,"POLYGON ((419477.3738420745 3385231.7927185036, 419477.3738420745 3385731.7927185036, 418977.3738420745 3385731.7927185036, 418977.3738420745 3385231.7927185036, 419477.3738420745 3385231.7927185036))"
2330,39,42,419227.3738420745,3385981.7927185036,"POLYGON ((419477.3738420745 3385731.7927185036, 419477.3738420745 3386231.7927185036, 418977.3738420745 3386231.7927185036, 418977.3738420745 3385731.7927185036, 419477.3738420745 3385731.7927185036))"
2331,40,42,419227.3738420745,3386481.7927185036,"POLYGON ((419477.3738420745 3386231.7927185036, 419477.3738420745 3386731.7927185036, 418977.3738420745 3386731.7927185036, 418977.3738420745 3386231.7927185036, 419477.3738420745 3386231.7927185036))"
2332,41,42,419227.3738420745,3386981.7927185036,"POLYGON ((419477.3738420745 3386731.7927185036, 419477.3738420745 3387231.7927185036, 418977.3738420745 3387231.7927185036, 418977.3738420745 3386731.7927185036, 419477.3738420745 3386731.7927185036))"
2333,42,42,419227.3738420745,3387481.7927185036,"POLYGON ((419477.3738420745 3387231.7927185036, 419477.3738420745 3387731.7927185036, 418977.3738420745 3387731.7927185036, 418977.3738420745 3387231.7927185036, 419477.3738420745 3387231.7927185036))"
2334,43,42,419227.3738420745,3387981.7927185036,"POLYGON ((419477.3738420745 3387731.7927185036, 419477.3738420745 3388231.7927185036, 418977.3738420745 3388231.7927185036, 418977.3738420745 3387731.7927185036, 419477.3738420745 3387731.7927185036))"
2335,44,42,419227.3738420745,3388481.7927185036,"POLYGON ((419477.3738420745 3388231.7927185036, 419477.3738420745 3388731.7927185036, 418977.3738420745 3388731.7927185036, 418977.3738420745 3388231.7927185036, 419477.3738420745 3388231.7927185036))"
2336,45,42,419227.3738420745,3388981.7927185036,"POLYGON ((419477.3738420745 3388731.7927185036, 419477.3738420745 3389231.7927185036, 418977.3738420745 3389231.7927185036, 418977.3738420745 3388731.7927185036, 419477.3738420745 3388731.7927185036))"
2337,46,42,419227.3738420745,3389481.7927185036,"POLYGON ((419477.3738420745 3389231.7927185036, 419477.3738420745 3389731.7927185036, 418977.3738420745 3389731.7927185036, 418977.3738420745 3389231.7927185036, 419477.3738420745 3389231.7927185036))"
2338,47,42,419227.3738420745,3389981.7927185036,"POLYGON ((419477.3738420745 3389731.7927185036, 419477.3738420745 3390231.7927185036, 418977.3738420745 3390231.7927185036, 418977.3738420745 3389731.7927185036, 419477.3738420745 3389731.7927185036))"
2339,48,42,419227.3738420745,3390481.7927185036,"POLYGON ((419477.3738420745 3390231.7927185036, 419477.3738420745 3390731.7927185036, 418977.3738420745 3390731.7927185036, 418977.3738420745 3390231.7927185036, 419477.3738420745 3390231.7927185036))"
2340,49,42,419227.3738420745,3390981.7927185036,"POLYGON ((419477.3738420745 3390731.7927185036, 419477.3738420745 3391231.7927185036, 418977.3738420745 3391231.7927185036, 418977.3738420745 3390731.7927185036, 419477.3738420745 3390731.7927185036))"
2341,50,42,419227.3738420745,3391481.7927185036,"POLYGON ((419477.3738420745 3391231.7927185036, 419477.3738420745 3391731.7927185036, 418977.3738420745 3391731.7927185036, 418977.3738420745 3391231.7927185036, 419477.3738420745 3391231.7927185036))"
2342,51,42,419227.3738420745,3391981.7927185036,"POLYGON ((419477.3738420745 3391731.7927185036, 419477.3738420745 3392231.7927185036, 418977.3738420745 3392231.7927185036, 418977.3738420745 3391731.7927185036, 419477.3738420745 3391731.7927185036))"
2343,52,42,419227.3738420745,3392481.7927185036,"POLYGON ((419477.3738420745 3392231.7927185036, 419477.3738420745 3392731.7927185036, 418977.3738420745 3392731.7927185036, 418977.3738420745 3392231.7927185036, 419477.3738420745 3392231.7927185036))"
2344,53,42,419227.3738420745,3392981.7927185036,"POLYGON ((419477.3738420745 3392731.7927185036, 419477.3738420745 3393231.7927185036, 418977.3738420745 3393231.7927185036, 418977.3738420745 3392731.7927185036, 419477.3738420745 3392731.7927185036))"
2345,54,42,419227.3738420745,3393481.7927185036,"POLYGON ((419477.3738420745 3393231.7927185036, 419477.3738420745 3393731.7927185036, 418977.3738420745 3393731.7927185036, 418977.3738420745 3393231.7927185036, 419477.3738420745 3393231.7927185036))"
2346,55,42,419227.3738420745,3393981.7927185036,"POLYGON ((419477.3738420745 3393731.7927185036, 419477.3738420745 3394231.7927185036, 418977.3738420745 3394231.7927185036, 418977.3738420745 3393731.7927185036, 419477.3738420745 3393731.7927185036))"
2347,56,42,419227.3738420745,3394481.7927185036,"POLYGON ((419477.3738420745 3394231.7927185036, 419477.3738420745 3394731.7927185036, 418977.3738420745 3394731.7927185036, 418977.3738420745 3394231.7927185036, 419477.3738420745 3394231.7927185036))"
2348,57,42,419227.3738420745,3394981.7927185036,"POLYGON ((419477.3738420745 3394731.7927185036, 419477.3738420745 3395231.7927185036, 418977.3738420745 3395231.7927185036, 418977.3738420745 3394731.7927185036, 419477.3738420745 3394731.7927185036))"
2349,58,42,419227.3738420745,3395481.7927185036,"POLYGON ((419477.3738420745 3395231.7927185036, 419477.3738420745 3395731.7927185036, 418977.3738420745 3395731.7927185036, 418977.3738420745 3395231.7927185036, 419477.3738420745 3395231.7927185036))"
2350,59,42,419227.3738420745,3395981.7927185036,"POLYGON ((419477.3738420745 3395731.7927185036, 419477.3738420745 3396231.7927185036, 418977.3738420745 3396231.7927185036, 418977.3738420745 3395731.7927185036, 419477.3738420745 3395731.7927185036))"
2351,60,42,419227.3738420745,3396481.7927185036,"POLYGON ((419477.3738420745 3396231.7927185036, 419477.3738420745 3396731.7927185036, 418977.3738420745 3396731.7927185036, 418977.3738420745 3396231.7927185036, 419477.3738420745 3396231.7927185036))"
2352,61,42,419227.3738420745,3396981.7927185036,"POLYGON ((419477.3738420745 3396731.7927185036, 419477.3738420745 3397231.7927185036, 418977.3738420745 3397231.7927185036, 418977.3738420745 3396731.7927185036, 419477.3738420745 3396731.7927185036))"
2353,62,42,419227.3738420745,3397481.7927185036,"POLYGON ((419477.3738420745 3397231.7927185036, 419477.3738420745 3397731.7927185036, 418977.3738420745 3397731.7927185036, 418977.3738420745 3397231.7927185036, 419477.3738420745 3397231.7927185036))"
2354,63,42,419227.3738420745,3397981.7927185036,"POLYGON ((419477.3738420745 3397731.7927185036, 419477.3738420745 3398231.7927185036, 418977.3738420745 3398231.7927185036, 418977.3738420745 3397731.7927185036, 419477.3738420745 3397731.7927185036))"
2355,64,42,419227.3738420745,3398481.7927185036,"POLYGON ((419477.3738420745 3398231.7927185036, 419477.3738420745 3398731.7927185036, 418977.3738420745 3398731.7927185036, 418977.3738420745 3398231.7927185036, 419477.3738420745 3398231.7927185036))"
2356,65,42,419227.3738420745,3398981.7927185036,"POLYGON ((419477.3738420745 3398731.7927185036, 419477.3738420745 3399231.7927185036, 418977.3738420745 3399231.7927185036, 418977.3738420745 3398731.7927185036, 419477.3738420745 3398731.7927185036))"
2357,66,42,419227.3738420745,3399481.7927185036,"POLYGON ((419477.3738420745 3399231.7927185036, 419477.3738420745 3399731.7927185036, 418977.3738420745 3399731.7927185036, 418977.3738420745 3399231.7927185036, 419477.3738420745 3399231.7927185036))"
2358,31,43,419727.3738420745,3381981.7927185036,"POLYGON ((419977.3738420745 3381731.7927185036, 419977.3738420745 3382231.7927185036, 419477.3738420745 3382231.7927185036, 419477.3738420745 3381731.7927185036, 419977.3738420745 3381731.7927185036))"
2359,32,43,419727.3738420745,3382481.7927185036,"POLYGON ((419977.3738420745 3382231.7927185036, 419977.3738420745 3382731.7927185036, 419477.3738420745 3382731.7927185036, 419477.3738420745 3382231.7927185036, 419977.3738420745 3382231.7927185036))"
2360,33,43,419727.3738420745,3382981.7927185036,"POLYGON ((419977.3738420745 3382731.7927185036, 419977.3738420745 3383231.7927185036, 419477.3738420745 3383231.7927185036, 419477.3738420745 3382731.7927185036, 419977.3738420745 3382731.7927185036))"
2361,34,43,419727.3738420745,3383481.7927185036,"POLYGON ((419977.3738420745 3383231.7927185036, 419977.3738420745 3383731.7927185036, 419477.3738420745 3383731.7927185036, 419477.3738420745 3383231.7927185036, 419977.3738420745 3383231.7927185036))"
2362,35,43,419727.3738420745,3383981.7927185036,"POLYGON ((419977.3738420745 3383731.7927185036, 419977.3738420745 3384231.7927185036, 419477.3738420745 3384231.7927185036, 419477.3738420745 3383731.7927185036, 419977.3738420745 3383731.7927185036))"
2363,36,43,419727.3738420745,3384481.7927185036,"POLYGON ((419977.3738420745 3384231.7927185036, 419977.3738420745 3384731.7927185036, 419477.3738420745 3384731.7927185036, 419477.3738420745 3384231.7927185036, 419977.3738420745 3384231.7927185036))"
2364,37,43,419727.3738420745,3384981.7927185036,"POLYGON ((419977.3738420745 3384731.7927185036, 419977.3738420745 3385231.7927185036, 419477.3738420745 3385231.7927185036, 419477.3738420745 3384731.7927185036, 419977.3738420745 3384731.7927185036))"
2365,38,43,419727.3738420745,3385481.7927185036,"POLYGON ((419977.3738420745 3385231.7927185036, 419977.3738420745 3385731.7927185036, 419477.3738420745 3385731.7927185036, 419477.3738420745 3385231.7927185036, 419977.3738420745 3385231.7927185036))"
2366,39,43,419727.3738420745,3385981.7927185036,"POLYGON ((419977.3738420745 3385731.7927185036, 419977.3738420745 3386231.7927185036, 419477.3738420745 3386231.7927185036, 419477.3738420745 3385731.7927185036, 419977.3738420745 3385731.7927185036))"
2367,40,43,419727.3738420745,3386481.7927185036,"POLYGON ((419977.3738420745 3386231.7927185036, 419977.3738420745 3386731.7927185036, 419477.3738420745 3386731.7927185036, 419477.3738420745 3386231.7927185036, 419977.3738420745 3386231.7927185036))"
2368,41,43,419727.3738420745,3386981.7927185036,"POLYGON ((419977.3738420745 3386731.7927185036, 419977.3738420745 3387231.7927185036, 419477.3738420745 3387231.7927185036, 419477.3738420745 3386731.7927185036, 419977.3738420745 3386731.7927185036))"
2369,42,43,419727.3738420745,3387481.7927185036,"POLYGON ((419977.3738420745 3387231.7927185036, 419977.3738420745 3387731.7927185036, 419477.3738420745 3387731.7927185036, 419477.3738420745 3387231.7927185036, 419977.3738420745 3387231.7927185036))"
2370,43,43,419727.3738420745,3387981.7927185036,"POLYGON ((419977.3738420745 3387731.7927185036, 419977.3738420745 3388231.7927185036, 419477.3738420745 3388231.7927185036, 419477.3738420745 3387731.7927185036, 419977.3738420745 3387731.7927185036))"
2371,44,43,419727.3738420745,3388481.7927185036,"POLYGON ((419977.3738420745 3388231.7927185036, 419977.3738420745 3388731.7927185036, 419477.3738420745 3388731.7927185036, 419477.3738420745 3388231.7927185036, 419977.3738420745 3388231.7927185036))"
2372,45,43,419727.3738420745,3388981.7927185036,"POLYGON ((419977.3738420745 3388731.7927185036, 419977.3738420745 3389231.7927185036, 419477.3738420745 3389231.7927185036, 419477.3738420745 3388731.7927185036, 419977.3738420745 3388731.7927185036))"
2373,46,43,419727.3738420745,3389481.7927185036,"POLYGON ((419977.3738420745 3389231.7927185036, 419977.3738420745 3389731.7927185036, 419477.3738420745 3389731.7927185036, 419477.3738420745 3389231.7927185036, 419977.3738420745 3389231.7927185036))"
2374,47,43,419727.3738420745,3389981.7927185036,"POLYGON ((419977.3738420745 3389731.7927185036, 419977.3738420745 3390231.7927185036, 419477.3738420745 3390231.7927185036, 419477.3738420745 3389731.7927185036, 419977.3738420745 3389731.7927185036))"
2375,48,43,419727.3738420745,3390481.7927185036,"POLYGON ((419977.3738420745 3390231.7927185036, 419977.3738420745 3390731.7927185036, 419477.3738420745 3390731.7927185036, 419477.3738420745 3390231.7927185036, 419977.3738420745 3390231.7927185036))"
2376,49,43,419727.3738420745,3390981.7927185036,"POLYGON ((419977.3738420745 3390731.7927185036, 419977.3738420745 3391231.7927185036, 419477.3738420745 3391231.7927185036, 419477.3738420745 3390731.7927185036, 419977.3738420745 3390731.7927185036))"
2377,50,43,419727.3738420745,3391481.7927185036,"POLYGON ((419977.3738420745 3391231.7927185036, 419977.3738420745 3391731.7927185036, 419477.3738420745 3391731.7927185036, 419477.3738420745 3391231.7927185036, 419977.3738420745 3391231.7927185036))"
2378,51,43,419727.3738420745,3391981.7927185036,"POLYGON ((419977.3738420745 3391731.7927185036, 419977.3738420745 3392231.7927185036, 419477.3738420745 3392231.7927185036, 419477.3738420745 3391731.7927185036, 419977.3738420745 3391731.7927185036))"
2379,52,43,419727.3738420745,3392481.7927185036,"POLYGON ((419977.3738420745 3392231.7927185036, 419977.3738420745 3392731.7927185036, 419477.3738420745 3392731.7927185036, 419477.3738420745 3392231.7927185036, 419977.3738420745 3392231.7927185036))"
2380,53,43,419727.3738420745,3392981.7927185036,"POLYGON ((419977.3738420745 3392731.7927185036, 419977.3738420745 3393231.7927185036, 419477.3738420745 3393231.7927185036, 419477.3738420745 3392731.7927185036, 419977.3738420745 3392731.7927185036))"
2381,54,43,419727.3738420745,3393481.7927185036,"POLYGON ((419977.3738420745 3393231.7927185036, 419977.3738420745 3393731.7927185036, 419477.3738420745 3393731.7927185036, 419477.3738420745 3393231.7927185036, 419977.3738420745 3393231.7927185036))"
2382,55,43,419727.3738420745,3393981.7927185036,"POLYGON ((419977.3738420745 3393731.7927185036, 419977.3738420745 3394231.7927185036, 419477.3738420745 3394231.7927185036, 419477.3738420745 3393731.7927185036, 419977.3738420745 3393731.7927185036))"
2383,56,43,419727.3738420745,3394481.7927185036,"POLYGON ((419977.3738420745 3394231.7927185036, 419977.3738420745 3394731.7927185036, 419477.3738420745 3394731.7927185036, 419477.3738420745 3394231.7927185036, 419977.3738420745 3394231.7927185036))"
2384,57,43,419727.3738420745,3394981.7927185036,"POLYGON ((419977.3738420745 3394731.7927185036, 419977.3738420745 3395231.7927185036, 419477.3738420745 3395231.7927185036, 419477.3738420745 3394731.7927185036, 419977.3738420745 3394731.7927185036))"
2385,58,43,419727.3738420745,3395481.7927185036,"POLYGON ((419977.3738420745 3395231.7927185036, 419977.3738420745 3395731.7927185036, 419477.3738420745 3395731.7927185036, 419477.3738420745 3395231.7927185036, 419977.3738420745 3395231.7927185036))"
2386,59,43,419727.3738420745,3395981.7927185036,"POLYGON ((419977.3738420745 3395731.7927185036, 419977.3738420745 3396231.7927185036, 419477.3738420745 3396231.7927185036, 419477.3738420745 3395731.7927185036, 419977.3738420745 3395731.7927185036))"
2387,60,43,419727.3738420745,3396481.7927185036,"POLYGON ((419977.3738420745 3396231.7927185036, 419977.3738420745 3396731.7927185036, 419477.3738420745 3396731.7927185036, 419477.3738420745 3396231.7927185036, 419977.3738420745 3396231.7927185036))"
2388,61,43,419727.3738420745,3396981.7927185036,"POLYGON ((419977.3738420745 3396731.7927185036, 419977.3738420745 3397231.7927185036, 419477.3738420745 3397231.7927185036, 419477.3738420745 3396731.7927185036, 419977.3738420745 3396731.7927185036))"
2389,62,43,419727.3738420745,3397481.7927185036,"POLYGON ((419977.3738420745 3397231.7927185036, 419977.3738420745 3397731.7927185036, 419477.3738420745 3397731.7927185036, 419477.3738420745 3397231.7927185036, 419977.3738420745 3397231.7927185036))"
2390,63,43,419727.3738420745,3397981.7927185036,"POLYGON ((419977.3738420745 3397731.7927185036, 419977.3738420745 3398231.7927185036, 419477.3738420745 3398231.7927185036, 419477.3738420745 3397731.7927185036, 419977.3738420745 3397731.7927185036))"
2391,64,43,419727.3738420745,3398481.7927185036,"POLYGON ((419977.3738420745 3398231.7927185036, 419977.3738420745 3398731.7927185036, 419477.3738420745 3398731.7927185036, 419477.3738420745 3398231.7927185036, 419977.3738420745 3398231.7927185036))"
2392,65,43,419727.3738420745,3398981.7927185036,"POLYGON ((419977.3738420745 3398731.7927185036, 419977.3738420745 3399231.7927185036, 419477.3738420745 3399231.7927185036, 419477.3738420745 3398731.7927185036, 419977.3738420745 3398731.7927185036))"
2393,34,44,420227.3738420745,3383481.7927185036,"POLYGON ((420477.3738420745 3383231.7927185036, 420477.3738420745 3383731.7927185036, 419977.3738420745 3383731.7927185036, 419977.3738420745 3383231.7927185036, 420477.3738420745 3383231.7927185036))"
2394,35,44,420227.3738420745,3383981.7927185036,"POLYGON ((420477.3738420745 3383731.7927185036, 420477.3738420745 3384231.7927185036, 419977.3738420745 3384231.7927185036, 419977.3738420745 3383731.7927185036, 420477.3738420745 3383731.7927185036))"
2395,36,44,420227.3738420745,3384481.7927185036,"POLYGON ((420477.3738420745 3384231.7927185036, 420477.3738420745 3384731.7927185036, 419977.3738420745 3384731.7927185036, 419977.3738420745 3384231.7927185036, 420477.3738420745 3384231.7927185036))"
2396,37,44,420227.3738420745,3384981.7927185036,"POLYGON ((420477.3738420745 3384731.7927185036, 420477.3738420745 3385231.7927185036, 419977.3738420745 3385231.7927185036, 419977.3738420745 3384731.7927185036, 420477.3738420745 3384731.7927185036))"
2397,38,44,420227.3738420745,3385481.7927185036,"POLYGON ((420477.3738420745 3385231.7927185036, 420477.3738420745 3385731.7927185036, 419977.3738420745 3385731.7927185036, 419977.3738420745 3385231.7927185036, 420477.3738420745 3385231.7927185036))"
2398,39,44,420227.3738420745,3385981.7927185036,"POLYGON ((420477.3738420745 3385731.7927185036, 420477.3738420745 3386231.7927185036, 419977.3738420745 3386231.7927185036, 419977.3738420745 3385731.7927185036, 420477.3738420745 3385731.7927185036))"
2399,40,44,420227.3738420745,3386481.7927185036,"POLYGON ((420477.3738420745 3386231.7927185036, 420477.3738420745 3386731.7927185036, 419977.3738420745 3386731.7927185036, 419977.3738420745 3386231.7927185036, 420477.3738420745 3386231.7927185036))"
2400,41,44,420227.3738420745,3386981.7927185036,"POLYGON ((420477.3738420745 3386731.7927185036, 420477.3738420745 3387231.7927185036, 419977.3738420745 3387231.7927185036, 419977.3738420745 3386731.7927185036, 420477.3738420745 3386731.7927185036))"
2401,42,44,420227.3738420745,3387481.7927185036,"POLYGON ((420477.3738420745 3387231.7927185036, 420477.3738420745 3387731.7927185036, 419977.3738420745 3387731.7927185036, 419977.3738420745 3387231.7927185036, 420477.3738420745 3387231.7927185036))"
2402,43,44,420227.3738420745,3387981.7927185036,"POLYGON ((420477.3738420745 3387731.7927185036, 420477.3738420745 3388231.7927185036, 419977.3738420745 3388231.7927185036, 419977.3738420745 3387731.7927185036, 420477.3738420745 3387731.7927185036))"
2403,44,44,420227.3738420745,3388481.7927185036,"POLYGON ((420477.3738420745 3388231.7927185036, 420477.3738420745 3388731.7927185036, 419977.3738420745 3388731.7927185036, 419977.3738420745 3388231.7927185036, 420477.3738420745 3388231.7927185036))"
2404,45,44,420227.3738420745,3388981.7927185036,"POLYGON ((420477.3738420745 3388731.7927185036, 420477.3738420745 3389231.7927185036, 419977.3738420745 3389231.7927185036, 419977.3738420745 3388731.7927185036, 420477.3738420745 3388731.7927185036))"
2405,46,44,420227.3738420745,3389481.7927185036,"POLYGON ((420477.3738420745 3389231.7927185036, 420477.3738420745 3389731.7927185036, 419977.3738420745 3389731.7927185036, 419977.3738420745 3389231.7927185036, 420477.3738420745 3389231.7927185036))"
2406,47,44,420227.3738420745,3389981.7927185036,"POLYGON ((420477.3738420745 3389731.7927185036, 420477.3738420745 3390231.7927185036, 419977.3738420745 3390231.7927185036, 419977.3738420745 3389731.7927185036, 420477.3738420745 3389731.7927185036))"
2407,48,44,420227.3738420745,3390481.7927185036,"POLYGON ((420477.3738420745 3390231.7927185036, 420477.3738420745 3390731.7927185036, 419977.3738420745 3390731.7927185036, 419977.3738420745 3390231.7927185036, 420477.3738420745 3390231.7927185036))"
2408,49,44,420227.3738420745,3390981.7927185036,"POLYGON ((420477.3738420745 3390731.7927185036, 420477.3738420745 3391231.7927185036, 419977.3738420745 3391231.7927185036, 419977.3738420745 3390731.7927185036, 420477.3738420745 3390731.7927185036))"
2409,50,44,420227.3738420745,3391481.7927185036,"POLYGON ((420477.3738420745 3391231.7927185036, 420477.3738420745 3391731.7927185036, 419977.3738420745 3391731.7927185036, 419977.3738420745 3391231.7927185036, 420477.3738420745 3391231.7927185036))"
2410,51,44,420227.3738420745,3391981.7927185036,"POLYGON ((420477.3738420745 3391731.7927185036, 420477.3738420745 3392231.7927185036, 419977.3738420745 3392231.7927185036, 419977.3738420745 3391731.7927185036, 420477.3738420745 3391731.7927185036))"
2411,52,44,420227.3738420745,3392481.7927185036,"POLYGON ((420477.3738420745 3392231.7927185036, 420477.3738420745 3392731.7927185036, 419977.3738420745 3392731.7927185036, 419977.3738420745 3392231.7927185036, 420477.3738420745 3392231.7927185036))"
2412,53,44,420227.3738420745,3392981.7927185036,"POLYGON ((420477.3738420745 3392731.7927185036, 420477.3738420745 3393231.7927185036, 419977.3738420745 3393231.7927185036, 419977.3738420745 3392731.7927185036, 420477.3738420745 3392731.7927185036))"
2413,54,44,420227.3738420745,3393481.7927185036,"POLYGON ((420477.3738420745 3393231.7927185036, 420477.3738420745 3393731.7927185036, 419977.3738420745 3393731.7927185036, 419977.3738420745 3393231.7927185036, 420477.3738420745 3393231.7927185036))"
2414,55,44,420227.3738420745,3393981.7927185036,"POLYGON ((420477.3738420745 3393731.7927185036, 420477.3738420745 3394231.7927185036, 419977.3738420745 3394231.7927185036, 419977.3738420745 3393731.7927185036, 420477.3738420745 3393731.7927185036))"
2415,56,44,420227.3738420745,3394481.7927185036,"POLYGON ((420477.3738420745 3394231.7927185036, 420477.3738420745 3394731.7927185036, 419977.3738420745 3394731.7927185036, 419977.3738420745 3394231.7927185036, 420477.3738420745 3394231.7927185036))"
2416,57,44,420227.3738420745,3394981.7927185036,"POLYGON ((420477.3738420745 3394731.7927185036, 420477.3738420745 3395231.7927185036, 419977.3738420745 3395231.7927185036, 419977.3738420745 3394731.7927185036, 420477.3738420745 3394731.7927185036))"
2417,58,44,420227.3738420745,3395481.7927185036,"POLYGON ((420477.3738420745 3395231.7927185036, 420477.3738420745 3395731.7927185036, 419977.3738420745 3395731.7927185036, 419977.3738420745 3395231.7927185036, 420477.3738420745 3395231.7927185036))"
2418,59,44,420227.3738420745,3395981.7927185036,"POLYGON ((420477.3738420745 3395731.7927185036, 420477.3738420745 3396231.7927185036, 419977.3738420745 3396231.7927185036, 419977.3738420745 3395731.7927185036, 420477.3738420745 3395731.7927185036))"
2419,60,44,420227.3738420745,3396481.7927185036,"POLYGON ((420477.3738420745 3396231.7927185036, 420477.3738420745 3396731.7927185036, 419977.3738420745 3396731.7927185036, 419977.3738420745 3396231.7927185036, 420477.3738420745 3396231.7927185036))"
2420,61,44,420227.3738420745,3396981.7927185036,"POLYGON ((420477.3738420745 3396731.7927185036, 420477.3738420745 3397231.7927185036, 419977.3738420745 3397231.7927185036, 419977.3738420745 3396731.7927185036, 420477.3738420745 3396731.7927185036))"
2421,62,44,420227.3738420745,3397481.7927185036,"POLYGON ((420477.3738420745 3397231.7927185036, 420477.3738420745 3397731.7927185036, 419977.3738420745 3397731.7927185036, 419977.3738420745 3397231.7927185036, 420477.3738420745 3397231.7927185036))"
2422,63,44,420227.3738420745,3397981.7927185036,"POLYGON ((420477.3738420745 3397731.7927185036, 420477.3738420745 3398231.7927185036, 419977.3738420745 3398231.7927185036, 419977.3738420745 3397731.7927185036, 420477.3738420745 3397731.7927185036))"
2423,64,44,420227.3738420745,3398481.7927185036,"POLYGON ((420477.3738420745 3398231.7927185036, 420477.3738420745 3398731.7927185036, 419977.3738420745 3398731.7927185036, 419977.3738420745 3398231.7927185036, 420477.3738420745 3398231.7927185036))"
2424,65,44,420227.3738420745,3398981.7927185036,"POLYGON ((420477.3738420745 3398731.7927185036, 420477.3738420745 3399231.7927185036, 419977.3738420745 3399231.7927185036, 419977.3738420745 3398731.7927185036, 420477.3738420745 3398731.7927185036))"
2425,36,45,420727.3738420745,3384481.7927185036,"POLYGON ((420977.3738420745 3384231.7927185036, 420977.3738420745 3384731.7927185036, 420477.3738420745 3384731.7927185036, 420477.3738420745 3384231.7927185036, 420977.3738420745 3384231.7927185036))"
2426,37,45,420727.3738420745,3384981.7927185036,"POLYGON ((420977.3738420745 3384731.7927185036, 420977.3738420745 3385231.7927185036, 420477.3738420745 3385231.7927185036, 420477.3738420745 3384731.7927185036, 420977.3738420745 3384731.7927185036))"
2427,38,45,420727.3738420745,3385481.7927185036,"POLYGON ((420977.3738420745 3385231.7927185036, 420977.3738420745 3385731.7927185036, 420477.3738420745 3385731.7927185036, 420477.3738420745 3385231.7927185036, 420977.3738420745 3385231.7927185036))"
2428,39,45,420727.3738420745,3385981.7927185036,"POLYGON ((420977.3738420745 3385731.7927185036, 420977.3738420745 3386231.7927185036, 420477.3738420745 3386231.7927185036, 420477.3738420745 3385731.7927185036, 420977.3738420745 3385731.7927185036))"
2429,40,45,420727.3738420745,3386481.7927185036,"POLYGON ((420977.3738420745 3386231.7927185036, 420977.3738420745 3386731.7927185036, 420477.3738420745 3386731.7927185036, 420477.3738420745 3386231.7927185036, 420977.3738420745 3386231.7927185036))"
2430,41,45,420727.3738420745,3386981.7927185036,"POLYGON ((420977.3738420745 3386731.7927185036, 420977.3738420745 3387231.7927185036, 420477.3738420745 3387231.7927185036, 420477.3738420745 3386731.7927185036, 420977.3738420745 3386731.7927185036))"
2431,42,45,420727.3738420745,3387481.7927185036,"POLYGON ((420977.3738420745 3387231.7927185036, 420977.3738420745 3387731.7927185036, 420477.3738420745 3387731.7927185036, 420477.3738420745 3387231.7927185036, 420977.3738420745 3387231.7927185036))"
2432,43,45,420727.3738420745,3387981.7927185036,"POLYGON ((420977.3738420745 3387731.7927185036, 420977.3738420745 3388231.7927185036, 420477.3738420745 3388231.7927185036, 420477.3738420745 3387731.7927185036, 420977.3738420745 3387731.7927185036))"
2433,44,45,420727.3738420745,3388481.7927185036,"POLYGON ((420977.3738420745 3388231.7927185036, 420977.3738420745 3388731.7927185036, 420477.3738420745 3388731.7927185036, 420477.3738420745 3388231.7927185036, 420977.3738420745 3388231.7927185036))"
2434,45,45,420727.3738420745,3388981.7927185036,"POLYGON ((420977.3738420745 3388731.7927185036, 420977.3738420745 3389231.7927185036, 420477.3738420745 3389231.7927185036, 420477.3738420745 3388731.7927185036, 420977.3738420745 3388731.7927185036))"
2435,46,45,420727.3738420745,3389481.7927185036,"POLYGON ((420977.3738420745 3389231.7927185036, 420977.3738420745 3389731.7927185036, 420477.3738420745 3389731.7927185036, 420477.3738420745 3389231.7927185036, 420977.3738420745 3389231.7927185036))"
2436,47,45,420727.3738420745,3389981.7927185036,"POLYGON ((420977.3738420745 3389731.7927185036, 420977.3738420745 3390231.7927185036, 420477.3738420745 3390231.7927185036, 420477.3738420745 3389731.7927185036, 420977.3738420745 3389731.7927185036))"
2437,48,45,420727.3738420745,3390481.7927185036,"POLYGON ((420977.3738420745 3390231.7927185036, 420977.3738420745 3390731.7927185036, 420477.3738420745 3390731.7927185036, 420477.3738420745 3390231.7927185036, 420977.3738420745 3390231.7927185036))"
2438,49,45,420727.3738420745,3390981.7927185036,"POLYGON ((420977.3738420745 3390731.7927185036, 420977.3738420745 3391231.7927185036, 420477.3738420745 3391231.7927185036, 420477.3738420745 3390731.7927185036, 420977.3738420745 3390731.7927185036))"
2439,50,45,420727.3738420745,3391481.7927185036,"POLYGON ((420977.3738420745 3391231.7927185036, 420977.3738420745 3391731.7927185036, 420477.3738420745 3391731.7927185036, 420477.3738420745 3391231.7927185036, 420977.3738420745 3391231.7927185036))"
2440,51,45,420727.3738420745,3391981.7927185036,"POLYGON ((420977.3738420745 3391731.7927185036, 420977.3738420745 3392231.7927185036, 420477.3738420745 3392231.7927185036, 420477.3738420745 3391731.7927185036, 420977.3738420745 3391731.7927185036))"
2441,52,45,420727.3738420745,3392481.7927185036,"POLYGON ((420977.3738420745 3392231.7927185036, 420977.3738420745 3392731.7927185036, 420477.3738420745 3392731.7927185036, 420477.3738420745 3392231.7927185036, 420977.3738420745 3392231.7927185036))"
2442,53,45,420727.3738420745,3392981.7927185036,"POLYGON ((420977.3738420745 3392731.7927185036, 420977.3738420745 3393231.7927185036, 420477.3738420745 3393231.7927185036, 420477.3738420745 3392731.7927185036, 420977.3738420745 3392731.7927185036))"
2443,54,45,420727.3738420745,3393481.7927185036,"POLYGON ((420977.3738420745 3393231.7927185036, 420977.3738420745 3393731.7927185036, 420477.3738420745 3393731.7927185036, 420477.3738420745 3393231.7927185036, 420977.3738420745 3393231.7927185036))"
2444,55,45,420727.3738420745,3393981.7927185036,"POLYGON ((420977.3738420745 3393731.7927185036, 420977.3738420745 3394231.7927185036, 420477.3738420745 3394231.7927185036, 420477.3738420745 3393731.7927185036, 420977.3738420745 3393731.7927185036))"
2445,56,45,420727.3738420745,3394481.7927185036,"POLYGON ((420977.3738420745 3394231.7927185036, 420977.3738420745 3394731.7927185036, 420477.3738420745 3394731.7927185036, 420477.3738420745 3394231.7927185036, 420977.3738420745 3394231.7927185036))"
2446,57,45,420727.3738420745,3394981.7927185036,"POLYGON ((420977.3738420745 3394731.7927185036, 420977.3738420745 3395231.7927185036, 420477.3738420745 3395231.7927185036, 420477.3738420745 3394731.7927185036, 420977.3738420745 3394731.7927185036))"
2447,58,45,420727.3738420745,3395481.7927185036,"POLYGON ((420977.3738420745 3395231.7927185036, 420977.3738420745 3395731.7927185036, 420477.3738420745 3395731.7927185036, 420477.3738420745 3395231.7927185036, 420977.3738420745 3395231.7927185036))"
2448,59,45,420727.3738420745,3395981.7927185036,"POLYGON ((420977.3738420745 3395731.7927185036, 420977.3738420745 3396231.7927185036, 420477.3738420745 3396231.7927185036, 420477.3738420745 3395731.7927185036, 420977.3738420745 3395731.7927185036))"
2449,60,45,420727.3738420745,3396481.7927185036,"POLYGON ((420977.3738420745 3396231.7927185036, 420977.3738420745 3396731.7927185036, 420477.3738420745 3396731.7927185036, 420477.3738420745 3396231.7927185036, 420977.3738420745 3396231.7927185036))"
2450,61,45,420727.3738420745,3396981.7927185036,"POLYGON ((420977.3738420745 3396731.7927185036, 420977.3738420745 3397231.7927185036, 420477.3738420745 3397231.7927185036, 420477.3738420745 3396731.7927185036, 420977.3738420745 3396731.7927185036))"
2451,62,45,420727.3738420745,3397481.7927185036,"POLYGON ((420977.3738420745 3397231.7927185036, 420977.3738420745 3397731.7927185036, 420477.3738420745 3397731.7927185036, 420477.3738420745 3397231.7927185036, 420977.3738420745 3397231.7927185036))"
2452,63,45,420727.3738420745,3397981.7927185036,"POLYGON ((420977.3738420745 3397731.7927185036, 420977.3738420745 3398231.7927185036, 420477.3738420745 3398231.7927185036, 420477.3738420745 3397731.7927185036, 420977.3738420745 3397731.7927185036))"
2453,37,46,421227.3738420745,3384981.7927185036,"POLYGON ((421477.3738420745 3384731.7927185036, 421477.3738420745 3385231.7927185036, 420977.3738420745 3385231.7927185036, 420977.3738420745 3384731.7927185036, 421477.3738420745 3384731.7927185036))"
2454,38,46,421227.3738420745,3385481.7927185036,"POLYGON ((421477.3738420745 3385231.7927185036, 421477.3738420745 3385731.7927185036, 420977.3738420745 3385731.7927185036, 420977.3738420745 3385231.7927185036, 421477.3738420745 3385231.7927185036))"
2455,39,46,421227.3738420745,3385981.7927185036,"POLYGON ((421477.3738420745 3385731.7927185036, 421477.3738420745 3386231.7927185036, 420977.3738420745 3386231.7927185036, 420977.3738420745 3385731.7927185036, 421477.3738420745 3385731.7927185036))"
2456,40,46,421227.3738420745,3386481.7927185036,"POLYGON ((421477.3738420745 3386231.7927185036, 421477.3738420745 3386731.7927185036, 420977.3738420745 3386731.7927185036, 420977.3738420745 3386231.7927185036, 421477.3738420745 3386231.7927185036))"
2457,41,46,421227.3738420745,3386981.7927185036,"POLYGON ((421477.3738420745 3386731.7927185036, 421477.3738420745 3387231.7927185036, 420977.3738420745 3387231.7927185036, 420977.3738420745 3386731.7927185036, 421477.3738420745 3386731.7927185036))"
2458,42,46,421227.3738420745,3387481.7927185036,"POLYGON ((421477.3738420745 3387231.7927185036, 421477.3738420745 3387731.7927185036, 420977.3738420745 3387731.7927185036, 420977.3738420745 3387231.7927185036, 421477.3738420745 3387231.7927185036))"
2459,43,46,421227.3738420745,3387981.7927185036,"POLYGON ((421477.3738420745 3387731.7927185036, 421477.3738420745 3388231.7927185036, 420977.3738420745 3388231.7927185036, 420977.3738420745 3387731.7927185036, 421477.3738420745 3387731.7927185036))"
2460,44,46,421227.3738420745,3388481.7927185036,"POLYGON ((421477.3738420745 3388231.7927185036, 421477.3738420745 3388731.7927185036, 420977.3738420745 3388731.7927185036, 420977.3738420745 3388231.7927185036, 421477.3738420745 3388231.7927185036))"
2461,45,46,421227.3738420745,3388981.7927185036,"POLYGON ((421477.3738420745 3388731.7927185036, 421477.3738420745 3389231.7927185036, 420977.3738420745 3389231.7927185036, 420977.3738420745 3388731.7927185036, 421477.3738420745 3388731.7927185036))"
2462,46,46,421227.3738420745,3389481.7927185036,"POLYGON ((421477.3738420745 3389231.7927185036, 421477.3738420745 3389731.7927185036, 420977.3738420745 3389731.7927185036, 420977.3738420745 3389231.7927185036, 421477.3738420745 3389231.7927185036))"
2463,47,46,421227.3738420745,3389981.7927185036,"POLYGON ((421477.3738420745 3389731.7927185036, 421477.3738420745 3390231.7927185036, 420977.3738420745 3390231.7927185036, 420977.3738420745 3389731.7927185036, 421477.3738420745 3389731.7927185036))"
2464,48,46,421227.3738420745,3390481.7927185036,"POLYGON ((421477.3738420745 3390231.7927185036, 421477.3738420745 3390731.7927185036, 420977.3738420745 3390731.7927185036, 420977.3738420745 3390231.7927185036, 421477.3738420745 3390231.7927185036))"
2465,49,46,421227.3738420745,3390981.7927185036,"POLYGON ((421477.3738420745 3390731.7927185036, 421477.3738420745 3391231.7927185036, 420977.3738420745 3391231.7927185036, 420977.3738420745 3390731.7927185036, 421477.3738420745 3390731.7927185036))"
2466,50,46,421227.3738420745,3391481.7927185036,"POLYGON ((421477.3738420745 3391231.7927185036, 421477.3738420745 3391731.7927185036, 420977.3738420745 3391731.7927185036, 420977.3738420745 3391231.7927185036, 421477.3738420745 3391231.7927185036))"
2467,51,46,421227.3738420745,3391981.7927185036,"POLYGON ((421477.3738420745 3391731.7927185036, 421477.3738420745 3392231.7927185036, 420977.3738420745 3392231.7927185036, 420977.3738420745 3391731.7927185036, 421477.3738420745 3391731.7927185036))"
2468,52,46,421227.3738420745,3392481.7927185036,"POLYGON ((421477.3738420745 3392231.7927185036, 421477.3738420745 3392731.7927185036, 420977.3738420745 3392731.7927185036, 420977.3738420745 3392231.7927185036, 421477.3738420745 3392231.7927185036))"
2469,53,46,421227.3738420745,3392981.7927185036,"POLYGON ((421477.3738420745 3392731.7927185036, 421477.3738420745 3393231.7927185036, 420977.3738420745 3393231.7927185036, 420977.3738420745 3392731.7927185036, 421477.3738420745 3392731.7927185036))"
2470,54,46,421227.3738420745,3393481.7927185036,"POLYGON ((421477.3738420745 3393231.7927185036, 421477.3738420745 3393731.7927185036, 420977.3738420745 3393731.7927185036, 420977.3738420745 3393231.7927185036, 421477.3738420745 3393231.7927185036))"
2471,55,46,421227.3738420745,3393981.7927185036,"POLYGON ((421477.3738420745 3393731.7927185036, 421477.3738420745 3394231.7927185036, 420977.3738420745 3394231.7927185036, 420977.3738420745 3393731.7927185036, 421477.3738420745 3393731.7927185036))"
2472,56,46,421227.3738420745,3394481.7927185036,"POLYGON ((421477.3738420745 3394231.7927185036, 421477.3738420745 3394731.7927185036, 420977.3738420745 3394731.7927185036, 420977.3738420745 3394231.7927185036, 421477.3738420745 3394231.7927185036))"
2473,57,46,421227.3738420745,3394981.7927185036,"POLYGON ((421477.3738420745 3394731.7927185036, 421477.3738420745 3395231.7927185036, 420977.3738420745 3395231.7927185036, 420977.3738420745 3394731.7927185036, 421477.3738420745 3394731.7927185036))"
2474,58,46,421227.3738420745,3395481.7927185036,"POLYGON ((421477.3738420745 3395231.7927185036, 421477.3738420745 3395731.7927185036, 420977.3738420745 3395731.7927185036, 420977.3738420745 3395231.7927185036, 421477.3738420745 3395231.7927185036))"
2475,59,46,421227.3738420745,3395981.7927185036,"POLYGON ((421477.3738420745 3395731.7927185036, 421477.3738420745 3396231.7927185036, 420977.3738420745 3396231.7927185036, 420977.3738420745 3395731.7927185036, 421477.3738420745 3395731.7927185036))"
2476,60,46,421227.3738420745,3396481.7927185036,"POLYGON ((421477.3738420745 3396231.7927185036, 421477.3738420745 3396731.7927185036, 420977.3738420745 3396731.7927185036, 420977.3738420745 3396231.7927185036, 421477.3738420745 3396231.7927185036))"
2477,61,46,421227.3738420745,3396981.7927185036,"POLYGON ((421477.3738420745 3396731.7927185036, 421477.3738420745 3397231.7927185036, 420977.3738420745 3397231.7927185036, 420977.3738420745 3396731.7927185036, 421477.3738420745 3396731.7927185036))"
2478,39,47,421727.3738420745,3385981.7927185036,"POLYGON ((421977.3738420745 3385731.7927185036, 421977.3738420745 3386231.7927185036, 421477.3738420745 3386231.7927185036, 421477.3738420745 3385731.7927185036, 421977.3738420745 3385731.7927185036))"
2479,40,47,421727.3738420745,3386481.7927185036,"POLYGON ((421977.3738420745 3386231.7927185036, 421977.3738420745 3386731.7927185036, 421477.3738420745 3386731.7927185036, 421477.3738420745 3386231.7927185036, 421977.3738420745 3386231.7927185036))"
2480,41,47,421727.3738420745,3386981.7927185036,"POLYGON ((421977.3738420745 3386731.7927185036, 421977.3738420745 3387231.7927185036, 421477.3738420745 3387231.7927185036, 421477.3738420745 3386731.7927185036, 421977.3738420745 3386731.7927185036))"
2481,42,47,421727.3738420745,3387481.7927185036,"POLYGON ((421977.3738420745 3387231.7927185036, 421977.3738420745 3387731.7927185036, 421477.3738420745 3387731.7927185036, 421477.3738420745 3387231.7927185036, 421977.3738420745 3387231.7927185036))"
2482,43,47,421727.3738420745,3387981.7927185036,"POLYGON ((421977.3738420745 3387731.7927185036, 421977.3738420745 3388231.7927185036, 421477.3738420745 3388231.7927185036, 421477.3738420745 3387731.7927185036, 421977.3738420745 3387731.7927185036))"
2483,44,47,421727.3738420745,3388481.7927185036,"POLYGON ((421977.3738420745 3388231.7927185036, 421977.3738420745 3388731.7927185036, 421477.3738420745 3388731.7927185036, 421477.3738420745 3388231.7927185036, 421977.3738420745 3388231.7927185036))"
2484,45,47,421727.3738420745,3388981.7927185036,"POLYGON ((421977.3738420745 3388731.7927185036, 421977.3738420745 3389231.7927185036, 421477.3738420745 3389231.7927185036, 421477.3738420745 3388731.7927185036, 421977.3738420745 3388731.7927185036))"
2485,46,47,421727.3738420745,3389481.7927185036,"POLYGON ((421977.3738420745 3389231.7927185036, 421977.3738420745 3389731.7927185036, 421477.3738420745 3389731.7927185036, 421477.3738420745 3389231.7927185036, 421977.3738420745 3389231.7927185036))"
2486,47,47,421727.3738420745,3389981.7927185036,"POLYGON ((421977.3738420745 3389731.7927185036, 421977.3738420745 3390231.7927185036, 421477.3738420745 3390231.7927185036, 421477.3738420745 3389731.7927185036, 421977.3738420745 3389731.7927185036))"
2487,48,47,421727.3738420745,3390481.7927185036,"POLYGON ((421977.3738420745 3390231.7927185036, 421977.3738420745 3390731.7927185036, 421477.3738420745 3390731.7927185036, 421477.3738420745 3390231.7927185036, 421977.3738420745 3390231.7927185036))"
2488,49,47,421727.3738420745,3390981.7927185036,"POLYGON ((421977.3738420745 3390731.7927185036, 421977.3738420745 3391231.7927185036, 421477.3738420745 3391231.7927185036, 421477.3738420745 3390731.7927185036, 421977.3738420745 3390731.7927185036))"
2489,50,47,421727.3738420745,3391481.7927185036,"POLYGON ((421977.3738420745 3391231.7927185036, 421977.3738420745 3391731.7927185036, 421477.3738420745 3391731.7927185036, 421477.3738420745 3391231.7927185036, 421977.3738420745 3391231.7927185036))"
2490,51,47,421727.3738420745,3391981.7927185036,"POLYGON ((421977.3738420745 3391731.7927185036, 421977.3738420745 3392231.7927185036, 421477.3738420745 3392231.7927185036, 421477.3738420745 3391731.7927185036, 421977.3738420745 3391731.7927185036))"
2491,52,47,421727.3738420745,3392481.7927185036,"POLYGON ((421977.3738420745 3392231.7927185036, 421977.3738420745 3392731.7927185036, 421477.3738420745 3392731.7927185036, 421477.3738420745 3392231.7927185036, 421977.3738420745 3392231.7927185036))"
2492,53,47,421727.3738420745,3392981.7927185036,"POLYGON ((421977.3738420745 3392731.7927185036, 421977.3738420745 3393231.7927185036, 421477.3738420745 3393231.7927185036, 421477.3738420745 3392731.7927185036, 421977.3738420745 3392731.7927185036))"
2493,54,47,421727.3738420745,3393481.7927185036,"POLYGON ((421977.3738420745 3393231.7927185036, 421977.3738420745 3393731.7927185036, 421477.3738420745 3393731.7927185036, 421477.3738420745 3393231.7927185036, 421977.3738420745 3393231.7927185036))"
2494,55,47,421727.3738420745,3393981.7927185036,"POLYGON ((421977.3738420745 3393731.7927185036, 421977.3738420745 3394231.7927185036, 421477.3738420745 3394231.7927185036, 421477.3738420745 3393731.7927185036, 421977.3738420745 3393731.7927185036))"
2495,56,47,421727.3738420745,3394481.7927185036,"POLYGON ((421977.3738420745 3394231.7927185036, 421977.3738420745 3394731.7927185036, 421477.3738420745 3394731.7927185036, 421477.3738420745 3394231.7927185036, 421977.3738420745 3394231.7927185036))"
2496,57,47,421727.3738420745,3394981.7927185036,"POLYGON ((421977.3738420745 3394731.7927185036, 421977.3738420745 3395231.7927185036, 421477.3738420745 3395231.7927185036, 421477.3738420745 3394731.7927185036, 421977.3738420745 3394731.7927185036))"
2497,58,47,421727.3738420745,3395481.7927185036,"POLYGON ((421977.3738420745 3395231.7927185036, 421977.3738420745 3395731.7927185036, 421477.3738420745 3395731.7927185036, 421477.3738420745 3395231.7927185036, 421977.3738420745 3395231.7927185036))"
2498,40,48,422227.3738420745,3386481.7927185036,"POLYGON ((422477.3738420745 3386231.7927185036, 422477.3738420745 3386731.7927185036, 421977.3738420745 3386731.7927185036, 421977.3738420745 3386231.7927185036, 422477.3738420745 3386231.7927185036))"
2499,41,48,422227.3738420745,3386981.7927185036,"POLYGON ((422477.3738420745 3386731.7927185036, 422477.3738420745 3387231.7927185036, 421977.3738420745 3387231.7927185036, 421977.3738420745 3386731.7927185036, 422477.3738420745 3386731.7927185036))"
2500,42,48,422227.3738420745,3387481.7927185036,"POLYGON ((422477.3738420745 3387231.7927185036, 422477.3738420745 3387731.7927185036, 421977.3738420745 3387731.7927185036, 421977.3738420745 3387231.7927185036, 422477.3738420745 3387231.7927185036))"
2501,43,48,422227.3738420745,3387981.7927185036,"POLYGON ((422477.3738420745 3387731.7927185036, 422477.3738420745 3388231.7927185036, 421977.3738420745 3388231.7927185036, 421977.3738420745 3387731.7927185036, 422477.3738420745 3387731.7927185036))"
2502,44,48,422227.3738420745,3388481.7927185036,"POLYGON ((422477.3738420745 3388231.7927185036, 422477.3738420745 3388731.7927185036, 421977.3738420745 3388731.7927185036, 421977.3738420745 3388231.7927185036, 422477.3738420745 3388231.7927185036))"
2503,45,48,422227.3738420745,3388981.7927185036,"POLYGON ((422477.3738420745 3388731.7927185036, 422477.3738420745 3389231.7927185036, 421977.3738420745 3389231.7927185036, 421977.3738420745 3388731.7927185036, 422477.3738420745 3388731.7927185036))"
2504,46,48,422227.3738420745,3389481.7927185036,"POLYGON ((422477.3738420745 3389231.7927185036, 422477.3738420745 3389731.7927185036, 421977.3738420745 3389731.7927185036, 421977.3738420745 3389231.7927185036, 422477.3738420745 3389231.7927185036))"
2505,47,48,422227.3738420745,3389981.7927185036,"POLYGON ((422477.3738420745 3389731.7927185036, 422477.3738420745 3390231.7927185036, 421977.3738420745 3390231.7927185036, 421977.3738420745 3389731.7927185036, 422477.3738420745 3389731.7927185036))"
2506,48,48,422227.3738420745,3390481.7927185036,"POLYGON ((422477.3738420745 3390231.7927185036, 422477.3738420745 3390731.7927185036, 421977.3738420745 3390731.7927185036, 421977.3738420745 3390231.7927185036, 422477.3738420745 3390231.7927185036))"
2507,49,48,422227.3738420745,3390981.7927185036,"POLYGON ((422477.3738420745 3390731.7927185036, 422477.3738420745 3391231.7927185036, 421977.3738420745 3391231.7927185036, 421977.3738420745 3390731.7927185036, 422477.3738420745 3390731.7927185036))"
2508,50,48,422227.3738420745,3391481.7927185036,"POLYGON ((422477.3738420745 3391231.7927185036, 422477.3738420745 3391731.7927185036, 421977.3738420745 3391731.7927185036, 421977.3738420745 3391231.7927185036, 422477.3738420745 3391231.7927185036))"
2509,51,48,422227.3738420745,3391981.7927185036,"POLYGON ((422477.3738420745 3391731.7927185036, 422477.3738420745 3392231.7927185036, 421977.3738420745 3392231.7927185036, 421977.3738420745 3391731.7927185036, 422477.3738420745 3391731.7927185036))"
2510,52,48,422227.3738420745,3392481.7927185036,"POLYGON ((422477.3738420745 3392231.7927185036, 422477.3738420745 3392731.7927185036, 421977.3738420745 3392731.7927185036, 421977.3738420745 3392231.7927185036, 422477.3738420745 3392231.7927185036))"
2511,53,48,422227.3738420745,3392981.7927185036,"POLYGON ((422477.3738420745 3392731.7927185036, 422477.3738420745 3393231.7927185036, 421977.3738420745 3393231.7927185036, 421977.3738420745 3392731.7927185036, 422477.3738420745 3392731.7927185036))"
2512,54,48,422227.3738420745,3393481.7927185036,"POLYGON ((422477.3738420745 3393231.7927185036, 422477.3738420745 3393731.7927185036, 421977.3738420745 3393731.7927185036, 421977.3738420745 3393231.7927185036, 422477.3738420745 3393231.7927185036))"
2513,55,48,422227.3738420745,3393981.7927185036,"POLYGON ((422477.3738420745 3393731.7927185036, 422477.3738420745 3394231.7927185036, 421977.3738420745 3394231.7927185036, 421977.3738420745 3393731.7927185036, 422477.3738420745 3393731.7927185036))"
2514,49,49,422727.3738420745,3390981.7927185036,"POLYGON ((422977.3738420745 3390731.7927185036, 422977.3738420745 3391231.7927185036, 422477.3738420745 3391231.7927185036, 422477.3738420745 3390731.7927185036, 422977.3738420745 3390731.7927185036))"
2515,50,49,422727.3738420745,3391481.7927185036,"POLYGON ((422977.3738420745 3391231.7927185036, 422977.3738420745 3391731.7927185036, 422477.3738420745 3391731.7927185036, 422477.3738420745 3391231.7927185036, 422977.3738420745 3391231.7927185036))"
2516,51,49,422727.3738420745,3391981.7927185036,"POLYGON ((422977.3738420745 3391731.7927185036, 422977.3738420745 3392231.7927185036, 422477.3738420745 3392231.7927185036, 422477.3738420745 3391731.7927185036, 422977.3738420745 3391731.7927185036))"
2517,52,49,422727.3738420745,3392481.7927185036,"POLYGON ((422977.3738420745 3392231.7927185036, 422977.3738420745 3392731.7927185036, 422477.3738420745 3392731.7927185036, 422477.3738420745 3392231.7927185036, 422977.3738420745 3392231.7927185036))"
2518,53,49,422727.3738420745,3392981.7927185036,"POLYGON ((422977.3738420745 3392731.7927185036, 422977.3738420745 3393231.7927185036, 422477.3738420745 3393231.7927185036, 422477.3738420745 3392731.7927185036, 422977.3738420745 3392731.7927185036))"
